code,statement_family,report_period_end,quarter_key,year_key,pub_date,standard_field_name,standard_value,source_table,source_field,period_basis,transformation_rule,missing_reason
002839.XSHE,indicator,2017-06-30,2017q2,,2017-08-23,eps,0.0819,indicator.csv,eps,quarterly_direct,identity_q1_or_ytd_diff,
002839.XSHE,indicator,2017-06-30,2017q2,,2017-08-23,adjusted_profit,148184861.99,indicator.csv,adjusted_profit,quarterly_direct,identity_q1_or_ytd_diff,
002839.XSHE,indicator,2017-06-30,2017q2,,2017-08-23,operating_profit,134214431.77,indicator.csv,operating_profit,quarterly_direct,identity_q1_or_ytd_diff,
002839.XSHE,indicator,2017-06-30,2017q2,,2017-08-23,value_change_profit,58488381.77,indicator.csv,value_change_profit,quarterly_direct,identity_q1_or_ytd_diff,
002839.XSHE,indicator,2017-06-30,2017q2,,2017-08-23,roe,1.83,indicator.csv,roe,quarterly_direct,identity_q1_or_ytd_diff,
002839.XSHE,indicator,2017-06-30,2017q2,,2017-08-23,inc_return,1.84,indicator.csv,inc_return,quarterly_direct,identity_q1_or_ytd_diff,
002839.XSHE,indicator,2017-06-30,2017q2,,2017-08-23,roa,0.16,indicator.csv,roa,quarterly_direct,identity_q1_or_ytd_diff,
002839.XSHE,indicator,2017-06-30,2017q2,,2017-08-23,net_profit_margin,24.66,indicator.csv,net_profit_margin,quarterly_direct,identity_q1_or_ytd_diff,
002839.XSHE,indicator,2017-06-30,2017q2,,2017-08-23,gross_profit_margin,,indicator.csv,gross_profit_margin,,identity_q1_or_ytd_diff,missing_raw_value
002839.XSHE,indicator,2017-06-30,2017q2,,2017-08-23,expense_to_total_revenue,77.63,indicator.csv,expense_to_total_revenue,quarterly_direct,identity_q1_or_ytd_diff,
002839.XSHE,indicator,2017-06-30,2017q2,,2017-08-23,operation_profit_to_total_revenue,22.78,indicator.csv,operation_profit_to_total_revenue,quarterly_direct,identity_q1_or_ytd_diff,
002839.XSHE,indicator,2017-06-30,2017q2,,2017-08-23,net_profit_to_total_revenue,24.66,indicator.csv,net_profit_to_total_revenue,quarterly_direct,identity_q1_or_ytd_diff,
002839.XSHE,indicator,2017-06-30,2017q2,,2017-08-23,operating_expense_to_total_revenue,,indicator.csv,operating_expense_to_total_revenue,,identity_q1_or_ytd_diff,missing_raw_value
002839.XSHE,indicator,2017-06-30,2017q2,,2017-08-23,ga_expense_to_total_revenue,33.09,indicator.csv,ga_expense_to_total_revenue,quarterly_direct,identity_q1_or_ytd_diff,
002839.XSHE,indicator,2017-06-30,2017q2,,2017-08-23,financing_expense_to_total_revenue,,indicator.csv,financing_expense_to_total_revenue,,identity_q1_or_ytd_diff,missing_raw_value
002839.XSHE,indicator,2017-06-30,2017q2,,2017-08-23,operating_profit_to_profit,56.53,indicator.csv,operating_profit_to_profit,quarterly_direct,identity_q1_or_ytd_diff,
002839.XSHE,indicator,2017-06-30,2017q2,,2017-08-23,invesment_profit_to_profit,43.66,indicator.csv,invesment_profit_to_profit,quarterly_direct,identity_q1_or_ytd_diff,
002839.XSHE,indicator,2017-06-30,2017q2,,2017-08-23,adjusted_profit_to_profit,100.11,indicator.csv,adjusted_profit_to_profit,quarterly_direct,identity_q1_or_ytd_diff,
002839.XSHE,indicator,2017-06-30,2017q2,,2017-08-23,goods_sale_and_service_to_revenue,,indicator.csv,goods_sale_and_service_to_revenue,,identity_q1_or_ytd_diff,missing_raw_value
002839.XSHE,indicator,2017-06-30,2017q2,,2017-08-23,ocf_to_revenue,451.93,indicator.csv,ocf_to_revenue,quarterly_direct,identity_q1_or_ytd_diff,
002839.XSHE,indicator,2017-06-30,2017q2,,2017-08-23,ocf_to_operating_profit,2020.63,indicator.csv,ocf_to_operating_profit,quarterly_direct,identity_q1_or_ytd_diff,
002839.XSHE,indicator,2017-06-30,2017q2,,2017-08-23,inc_total_revenue_year_on_year,,indicator.csv,inc_total_revenue_year_on_year,,identity_q1_or_ytd_diff,missing_raw_value
002839.XSHE,indicator,2017-06-30,2017q2,,2017-08-23,inc_total_revenue_annual,-0.55,indicator.csv,inc_total_revenue_annual,quarterly_direct,identity_q1_or_ytd_diff,
002839.XSHE,indicator,2017-06-30,2017q2,,2017-08-23,inc_revenue_year_on_year,,indicator.csv,inc_revenue_year_on_year,,identity_q1_or_ytd_diff,missing_raw_value
002839.XSHE,indicator,2017-06-30,2017q2,,2017-08-23,inc_revenue_annual,-0.55,indicator.csv,inc_revenue_annual,quarterly_direct,identity_q1_or_ytd_diff,
002839.XSHE,indicator,2017-06-30,2017q2,,2017-08-23,inc_operation_profit_year_on_year,,indicator.csv,inc_operation_profit_year_on_year,,identity_q1_or_ytd_diff,missing_raw_value
002839.XSHE,indicator,2017-06-30,2017q2,,2017-08-23,inc_operation_profit_annual,-33.64,indicator.csv,inc_operation_profit_annual,quarterly_direct,identity_q1_or_ytd_diff,
002839.XSHE,indicator,2017-06-30,2017q2,,2017-08-23,inc_net_profit_year_on_year,,indicator.csv,inc_net_profit_year_on_year,,identity_q1_or_ytd_diff,missing_raw_value
002839.XSHE,indicator,2017-06-30,2017q2,,2017-08-23,inc_net_profit_annual,-27.57,indicator.csv,inc_net_profit_annual,quarterly_direct,identity_q1_or_ytd_diff,
002839.XSHE,indicator,2017-06-30,2017q2,,2017-08-23,inc_net_profit_to_shareholders_year_on_year,,indicator.csv,inc_net_profit_to_shareholders_year_on_year,,identity_q1_or_ytd_diff,missing_raw_value
002839.XSHE,indicator,2017-06-30,2017q2,,2017-08-23,inc_net_profit_to_shareholders_annual,-27.35,indicator.csv,inc_net_profit_to_shareholders_annual,quarterly_direct,identity_q1_or_ytd_diff,
002839.XSHE,indicator,2017-09-30,2017q3,,2017-10-27,eps,0.1137,indicator.csv,eps,quarterly_direct,identity_q1_or_ytd_diff,
002839.XSHE,indicator,2017-09-30,2017q3,,2017-10-27,adjusted_profit,182339600.28,indicator.csv,adjusted_profit,quarterly_direct,identity_q1_or_ytd_diff,
002839.XSHE,indicator,2017-09-30,2017q3,,2017-10-27,operating_profit,180152778.58,indicator.csv,operating_profit,quarterly_direct,identity_q1_or_ytd_diff,
002839.XSHE,indicator,2017-09-30,2017q3,,2017-10-27,value_change_profit,42509180.47,indicator.csv,value_change_profit,quarterly_direct,identity_q1_or_ytd_diff,
002839.XSHE,indicator,2017-09-30,2017q3,,2017-10-27,roe,2.55,indicator.csv,roe,quarterly_direct,identity_q1_or_ytd_diff,
002839.XSHE,indicator,2017-09-30,2017q3,,2017-10-27,inc_return,2.26,indicator.csv,inc_return,quarterly_direct,identity_q1_or_ytd_diff,
002839.XSHE,indicator,2017-09-30,2017q3,,2017-10-27,roa,0.21,indicator.csv,roa,quarterly_direct,identity_q1_or_ytd_diff,
002839.XSHE,indicator,2017-09-30,2017q3,,2017-10-27,net_profit_margin,32.17,indicator.csv,net_profit_margin,quarterly_direct,identity_q1_or_ytd_diff,
002839.XSHE,indicator,2017-09-30,2017q3,,2017-10-27,gross_profit_margin,,indicator.csv,gross_profit_margin,,identity_q1_or_ytd_diff,missing_raw_value
002839.XSHE,indicator,2017-09-30,2017q3,,2017-10-27,expense_to_total_revenue,71.98,indicator.csv,expense_to_total_revenue,quarterly_direct,identity_q1_or_ytd_diff,
002839.XSHE,indicator,2017-09-30,2017q3,,2017-10-27,operation_profit_to_total_revenue,28.02,indicator.csv,operation_profit_to_total_revenue,quarterly_direct,identity_q1_or_ytd_diff,
002839.XSHE,indicator,2017-09-30,2017q3,,2017-10-27,net_profit_to_total_revenue,32.17,indicator.csv,net_profit_to_total_revenue,quarterly_direct,identity_q1_or_ytd_diff,
002839.XSHE,indicator,2017-09-30,2017q3,,2017-10-27,operating_expense_to_total_revenue,,indicator.csv,operating_expense_to_total_revenue,,identity_q1_or_ytd_diff,missing_raw_value
002839.XSHE,indicator,2017-09-30,2017q3,,2017-10-27,ga_expense_to_total_revenue,34.11,indicator.csv,ga_expense_to_total_revenue,quarterly_direct,identity_q1_or_ytd_diff,
002839.XSHE,indicator,2017-09-30,2017q3,,2017-10-27,financing_expense_to_total_revenue,,indicator.csv,financing_expense_to_total_revenue,,identity_q1_or_ytd_diff,missing_raw_value
002839.XSHE,indicator,2017-09-30,2017q3,,2017-10-27,operating_profit_to_profit,65.21,indicator.csv,operating_profit_to_profit,quarterly_direct,identity_q1_or_ytd_diff,
002839.XSHE,indicator,2017-09-30,2017q3,,2017-10-27,invesment_profit_to_profit,20.14,indicator.csv,invesment_profit_to_profit,quarterly_direct,identity_q1_or_ytd_diff,
002839.XSHE,indicator,2017-09-30,2017q3,,2017-10-27,adjusted_profit_to_profit,88.72,indicator.csv,adjusted_profit_to_profit,quarterly_direct,identity_q1_or_ytd_diff,
002839.XSHE,indicator,2017-09-30,2017q3,,2017-10-27,goods_sale_and_service_to_revenue,,indicator.csv,goods_sale_and_service_to_revenue,,identity_q1_or_ytd_diff,missing_raw_value
002839.XSHE,indicator,2017-09-30,2017q3,,2017-10-27,ocf_to_revenue,243.77,indicator.csv,ocf_to_revenue,quarterly_direct,identity_q1_or_ytd_diff,
002839.XSHE,indicator,2017-09-30,2017q3,,2017-10-27,ocf_to_operating_profit,870.07,indicator.csv,ocf_to_operating_profit,quarterly_direct,identity_q1_or_ytd_diff,
002839.XSHE,indicator,2017-09-30,2017q3,,2017-10-27,inc_total_revenue_year_on_year,13.04,indicator.csv,inc_total_revenue_year_on_year,quarterly_direct,identity_q1_or_ytd_diff,
002839.XSHE,indicator,2017-09-30,2017q3,,2017-10-27,inc_total_revenue_annual,7.15,indicator.csv,inc_total_revenue_annual,quarterly_direct,identity_q1_or_ytd_diff,
002839.XSHE,indicator,2017-09-30,2017q3,,2017-10-27,inc_revenue_year_on_year,13.04,indicator.csv,inc_revenue_year_on_year,quarterly_direct,identity_q1_or_ytd_diff,
002839.XSHE,indicator,2017-09-30,2017q3,,2017-10-27,inc_revenue_annual,7.15,indicator.csv,inc_revenue_annual,quarterly_direct,identity_q1_or_ytd_diff,
002839.XSHE,indicator,2017-09-30,2017q3,,2017-10-27,inc_operation_profit_year_on_year,-5.79,indicator.csv,inc_operation_profit_year_on_year,quarterly_direct,identity_q1_or_ytd_diff,
002839.XSHE,indicator,2017-09-30,2017q3,,2017-10-27,inc_operation_profit_annual,31.76,indicator.csv,inc_operation_profit_annual,quarterly_direct,identity_q1_or_ytd_diff,
002839.XSHE,indicator,2017-09-30,2017q3,,2017-10-27,inc_net_profit_year_on_year,11.55,indicator.csv,inc_net_profit_year_on_year,quarterly_direct,identity_q1_or_ytd_diff,
002839.XSHE,indicator,2017-09-30,2017q3,,2017-10-27,inc_net_profit_annual,39.77,indicator.csv,inc_net_profit_annual,quarterly_direct,identity_q1_or_ytd_diff,
002839.XSHE,indicator,2017-09-30,2017q3,,2017-10-27,inc_net_profit_to_shareholders_year_on_year,12.59,indicator.csv,inc_net_profit_to_shareholders_year_on_year,quarterly_direct,identity_q1_or_ytd_diff,
002839.XSHE,indicator,2017-09-30,2017q3,,2017-10-27,inc_net_profit_to_shareholders_annual,38.86,indicator.csv,inc_net_profit_to_shareholders_annual,quarterly_direct,identity_q1_or_ytd_diff,
002839.XSHE,indicator,2017-12-31,2017q4,,2018-03-24,eps,0.1139,indicator.csv,eps,quarterly_direct,identity_q1_or_ytd_diff,
002839.XSHE,indicator,2017-12-31,2017q4,,2018-03-24,adjusted_profit,203430497.52,indicator.csv,adjusted_profit,quarterly_direct,identity_q1_or_ytd_diff,
002839.XSHE,indicator,2017-12-31,2017q4,,2018-03-24,operating_profit,193781983.78,indicator.csv,operating_profit,quarterly_direct,identity_q1_or_ytd_diff,
002839.XSHE,indicator,2017-12-31,2017q4,,2018-03-24,value_change_profit,16102663.38,indicator.csv,value_change_profit,quarterly_direct,identity_q1_or_ytd_diff,
002839.XSHE,indicator,2017-12-31,2017q4,,2018-03-24,roe,2.5,indicator.csv,roe,quarterly_direct,identity_q1_or_ytd_diff,
002839.XSHE,indicator,2017-12-31,2017q4,,2018-03-24,inc_return,2.48,indicator.csv,inc_return,quarterly_direct,identity_q1_or_ytd_diff,
002839.XSHE,indicator,2017-12-31,2017q4,,2018-03-24,roa,0.2,indicator.csv,roa,quarterly_direct,identity_q1_or_ytd_diff,
002839.XSHE,indicator,2017-12-31,2017q4,,2018-03-24,net_profit_margin,34.41,indicator.csv,net_profit_margin,quarterly_direct,identity_q1_or_ytd_diff,
002839.XSHE,indicator,2017-12-31,2017q4,,2018-03-24,gross_profit_margin,,indicator.csv,gross_profit_margin,,identity_q1_or_ytd_diff,missing_raw_value
002839.XSHE,indicator,2017-12-31,2017q4,,2018-03-24,expense_to_total_revenue,65.83,indicator.csv,expense_to_total_revenue,quarterly_direct,identity_q1_or_ytd_diff,
002839.XSHE,indicator,2017-12-31,2017q4,,2018-03-24,operation_profit_to_total_revenue,34.33,indicator.csv,operation_profit_to_total_revenue,quarterly_direct,identity_q1_or_ytd_diff,
002839.XSHE,indicator,2017-12-31,2017q4,,2018-03-24,net_profit_to_total_revenue,34.41,indicator.csv,net_profit_to_total_revenue,quarterly_direct,identity_q1_or_ytd_diff,
002839.XSHE,indicator,2017-12-31,2017q4,,2018-03-24,operating_expense_to_total_revenue,,indicator.csv,operating_expense_to_total_revenue,,identity_q1_or_ytd_diff,missing_raw_value
002839.XSHE,indicator,2017-12-31,2017q4,,2018-03-24,ga_expense_to_total_revenue,40.3,indicator.csv,ga_expense_to_total_revenue,quarterly_direct,identity_q1_or_ytd_diff,
002839.XSHE,indicator,2017-12-31,2017q4,,2018-03-24,financing_expense_to_total_revenue,,indicator.csv,financing_expense_to_total_revenue,,identity_q1_or_ytd_diff,missing_raw_value
002839.XSHE,indicator,2017-12-31,2017q4,,2018-03-24,operating_profit_to_profit,91.44,indicator.csv,operating_profit_to_profit,quarterly_direct,identity_q1_or_ytd_diff,
002839.XSHE,indicator,2017-12-31,2017q4,,2018-03-24,invesment_profit_to_profit,8.29,indicator.csv,invesment_profit_to_profit,quarterly_direct,identity_q1_or_ytd_diff,
002839.XSHE,indicator,2017-12-31,2017q4,,2018-03-24,adjusted_profit_to_profit,98.84,indicator.csv,adjusted_profit_to_profit,quarterly_direct,identity_q1_or_ytd_diff,
002839.XSHE,indicator,2017-12-31,2017q4,,2018-03-24,goods_sale_and_service_to_revenue,,indicator.csv,goods_sale_and_service_to_revenue,,identity_q1_or_ytd_diff,missing_raw_value
002839.XSHE,indicator,2017-12-31,2017q4,,2018-03-24,ocf_to_revenue,382.18,indicator.csv,ocf_to_revenue,quarterly_direct,identity_q1_or_ytd_diff,
002839.XSHE,indicator,2017-12-31,2017q4,,2018-03-24,ocf_to_operating_profit,1118.42,indicator.csv,ocf_to_operating_profit,quarterly_direct,identity_q1_or_ytd_diff,
002839.XSHE,indicator,2017-12-31,2017q4,,2018-03-24,inc_total_revenue_year_on_year,-15.62,indicator.csv,inc_total_revenue_year_on_year,quarterly_direct,identity_q1_or_ytd_diff,
002839.XSHE,indicator,2017-12-31,2017q4,,2018-03-24,inc_total_revenue_annual,-11.81,indicator.csv,inc_total_revenue_annual,quarterly_direct,identity_q1_or_ytd_diff,
002839.XSHE,indicator,2017-12-31,2017q4,,2018-03-24,inc_revenue_year_on_year,-15.62,indicator.csv,inc_revenue_year_on_year,quarterly_direct,identity_q1_or_ytd_diff,
002839.XSHE,indicator,2017-12-31,2017q4,,2018-03-24,inc_revenue_annual,-11.81,indicator.csv,inc_revenue_annual,quarterly_direct,identity_q1_or_ytd_diff,
002839.XSHE,indicator,2017-12-31,2017q4,,2018-03-24,inc_operation_profit_year_on_year,38.62,indicator.csv,inc_operation_profit_year_on_year,quarterly_direct,identity_q1_or_ytd_diff,
002839.XSHE,indicator,2017-12-31,2017q4,,2018-03-24,inc_operation_profit_annual,8.07,indicator.csv,inc_operation_profit_annual,quarterly_direct,identity_q1_or_ytd_diff,
002839.XSHE,indicator,2017-12-31,2017q4,,2018-03-24,inc_net_profit_year_on_year,14.02,indicator.csv,inc_net_profit_year_on_year,quarterly_direct,identity_q1_or_ytd_diff,
002839.XSHE,indicator,2017-12-31,2017q4,,2018-03-24,inc_net_profit_annual,-5.68,indicator.csv,inc_net_profit_annual,quarterly_direct,identity_q1_or_ytd_diff,
002839.XSHE,indicator,2017-12-31,2017q4,,2018-03-24,inc_net_profit_to_shareholders_year_on_year,18.49,indicator.csv,inc_net_profit_to_shareholders_year_on_year,quarterly_direct,identity_q1_or_ytd_diff,
002839.XSHE,indicator,2017-12-31,2017q4,,2018-03-24,inc_net_profit_to_shareholders_annual,0.14,indicator.csv,inc_net_profit_to_shareholders_annual,quarterly_direct,identity_q1_or_ytd_diff,
002839.XSHE,indicator,2018-03-31,2018q1,,2018-04-24,eps,0.1264,indicator.csv,eps,quarterly_direct,identity_q1_or_ytd_diff,
002839.XSHE,indicator,2018-03-31,2018q1,,2018-04-24,adjusted_profit,226470772.41,indicator.csv,adjusted_profit,quarterly_direct,identity_q1_or_ytd_diff,
002839.XSHE,indicator,2018-03-31,2018q1,,2018-04-24,operating_profit,247802718.84,indicator.csv,operating_profit,quarterly_direct,identity_q1_or_ytd_diff,
002839.XSHE,indicator,2018-03-31,2018q1,,2018-04-24,value_change_profit,23750354.9,indicator.csv,value_change_profit,quarterly_direct,identity_q1_or_ytd_diff,
002839.XSHE,indicator,2018-03-31,2018q1,,2018-04-24,roe,2.7,indicator.csv,roe,quarterly_direct,identity_q1_or_ytd_diff,
002839.XSHE,indicator,2018-03-31,2018q1,,2018-04-24,inc_return,2.67,indicator.csv,inc_return,quarterly_direct,identity_q1_or_ytd_diff,
002839.XSHE,indicator,2018-03-31,2018q1,,2018-04-24,roa,0.23,indicator.csv,roa,quarterly_direct,identity_q1_or_ytd_diff,
002839.XSHE,indicator,2018-03-31,2018q1,,2018-04-24,net_profit_margin,36.08,indicator.csv,net_profit_margin,quarterly_direct,identity_q1_or_ytd_diff,
002839.XSHE,indicator,2018-03-31,2018q1,,2018-04-24,gross_profit_margin,,indicator.csv,gross_profit_margin,,identity_q1_or_ytd_diff,missing_raw_value
002839.XSHE,indicator,2018-03-31,2018q1,,2018-04-24,expense_to_total_revenue,60.96,indicator.csv,expense_to_total_revenue,quarterly_direct,identity_q1_or_ytd_diff,
002839.XSHE,indicator,2018-03-31,2018q1,,2018-04-24,operation_profit_to_total_revenue,39.04,indicator.csv,operation_profit_to_total_revenue,quarterly_direct,identity_q1_or_ytd_diff,
002839.XSHE,indicator,2018-03-31,2018q1,,2018-04-24,net_profit_to_total_revenue,36.08,indicator.csv,net_profit_to_total_revenue,quarterly_direct,identity_q1_or_ytd_diff,
002839.XSHE,indicator,2018-03-31,2018q1,,2018-04-24,operating_expense_to_total_revenue,,indicator.csv,operating_expense_to_total_revenue,,identity_q1_or_ytd_diff,missing_raw_value
002839.XSHE,indicator,2018-03-31,2018q1,,2018-04-24,ga_expense_to_total_revenue,37.6,indicator.csv,ga_expense_to_total_revenue,quarterly_direct,identity_q1_or_ytd_diff,
002839.XSHE,indicator,2018-03-31,2018q1,,2018-04-24,financing_expense_to_total_revenue,,indicator.csv,financing_expense_to_total_revenue,,identity_q1_or_ytd_diff,missing_raw_value
002839.XSHE,indicator,2018-03-31,2018q1,,2018-04-24,operating_profit_to_profit,89.47,indicator.csv,operating_profit_to_profit,quarterly_direct,identity_q1_or_ytd_diff,
002839.XSHE,indicator,2018-03-31,2018q1,,2018-04-24,invesment_profit_to_profit,9.48,indicator.csv,invesment_profit_to_profit,quarterly_direct,identity_q1_or_ytd_diff,
002839.XSHE,indicator,2018-03-31,2018q1,,2018-04-24,adjusted_profit_to_profit,99.15,indicator.csv,adjusted_profit_to_profit,quarterly_direct,identity_q1_or_ytd_diff,
002839.XSHE,indicator,2018-03-31,2018q1,,2018-04-24,goods_sale_and_service_to_revenue,,indicator.csv,goods_sale_and_service_to_revenue,,identity_q1_or_ytd_diff,missing_raw_value
002839.XSHE,indicator,2018-03-31,2018q1,,2018-04-24,ocf_to_revenue,-882.94,indicator.csv,ocf_to_revenue,quarterly_direct,identity_q1_or_ytd_diff,
002839.XSHE,indicator,2018-03-31,2018q1,,2018-04-24,ocf_to_operating_profit,-2261.83,indicator.csv,ocf_to_operating_profit,quarterly_direct,identity_q1_or_ytd_diff,
002839.XSHE,indicator,2018-03-31,2018q1,,2018-04-24,inc_total_revenue_year_on_year,5.2,indicator.csv,inc_total_revenue_year_on_year,quarterly_direct,identity_q1_or_ytd_diff,
002839.XSHE,indicator,2018-03-31,2018q1,,2018-04-24,inc_total_revenue_annual,11.94,indicator.csv,inc_total_revenue_annual,quarterly_direct,identity_q1_or_ytd_diff,
002839.XSHE,indicator,2018-03-31,2018q1,,2018-04-24,inc_revenue_year_on_year,5.2,indicator.csv,inc_revenue_year_on_year,quarterly_direct,identity_q1_or_ytd_diff,
002839.XSHE,indicator,2018-03-31,2018q1,,2018-04-24,inc_revenue_annual,11.94,indicator.csv,inc_revenue_annual,quarterly_direct,identity_q1_or_ytd_diff,
002839.XSHE,indicator,2018-03-31,2018q1,,2018-04-24,inc_operation_profit_year_on_year,20.26,indicator.csv,inc_operation_profit_year_on_year,quarterly_direct,identity_q1_or_ytd_diff,
002839.XSHE,indicator,2018-03-31,2018q1,,2018-04-24,inc_operation_profit_annual,27.28,indicator.csv,inc_operation_profit_annual,quarterly_direct,identity_q1_or_ytd_diff,
002839.XSHE,indicator,2018-03-31,2018q1,,2018-04-24,inc_net_profit_year_on_year,12.09,indicator.csv,inc_net_profit_year_on_year,quarterly_direct,identity_q1_or_ytd_diff,
002839.XSHE,indicator,2018-03-31,2018q1,,2018-04-24,inc_net_profit_annual,17.4,indicator.csv,inc_net_profit_annual,quarterly_direct,identity_q1_or_ytd_diff,
002839.XSHE,indicator,2018-03-31,2018q1,,2018-04-24,inc_net_profit_to_shareholders_year_on_year,12.12,indicator.csv,inc_net_profit_to_shareholders_year_on_year,quarterly_direct,identity_q1_or_ytd_diff,
002839.XSHE,indicator,2018-03-31,2018q1,,2018-04-24,inc_net_profit_to_shareholders_annual,10.98,indicator.csv,inc_net_profit_to_shareholders_annual,quarterly_direct,identity_q1_or_ytd_diff,
002839.XSHE,indicator,2018-06-30,2018q2,,2018-08-14,eps,0.1013,indicator.csv,eps,quarterly_direct,identity_q1_or_ytd_diff,
002839.XSHE,indicator,2018-06-30,2018q2,,2018-08-14,adjusted_profit,184033989.7,indicator.csv,adjusted_profit,quarterly_direct,identity_q1_or_ytd_diff,
002839.XSHE,indicator,2018-06-30,2018q2,,2018-08-14,operating_profit,176317010.75,indicator.csv,operating_profit,quarterly_direct,identity_q1_or_ytd_diff,
002839.XSHE,indicator,2018-06-30,2018q2,,2018-08-14,value_change_profit,88919101.84,indicator.csv,value_change_profit,quarterly_direct,identity_q1_or_ytd_diff,
002839.XSHE,indicator,2018-06-30,2018q2,,2018-08-14,roe,2.1,indicator.csv,roe,quarterly_direct,identity_q1_or_ytd_diff,
002839.XSHE,indicator,2018-06-30,2018q2,,2018-08-14,inc_return,2.11,indicator.csv,inc_return,quarterly_direct,identity_q1_or_ytd_diff,
002839.XSHE,indicator,2018-06-30,2018q2,,2018-08-14,roa,0.18,indicator.csv,roa,quarterly_direct,identity_q1_or_ytd_diff,
002839.XSHE,indicator,2018-06-30,2018q2,,2018-08-14,net_profit_margin,22.94,indicator.csv,net_profit_margin,quarterly_direct,identity_q1_or_ytd_diff,
002839.XSHE,indicator,2018-06-30,2018q2,,2018-08-14,gross_profit_margin,,indicator.csv,gross_profit_margin,,identity_q1_or_ytd_diff,missing_raw_value
002839.XSHE,indicator,2018-06-30,2018q2,,2018-08-14,expense_to_total_revenue,77.95,indicator.csv,expense_to_total_revenue,quarterly_direct,identity_q1_or_ytd_diff,
002839.XSHE,indicator,2018-06-30,2018q2,,2018-08-14,operation_profit_to_total_revenue,22.05,indicator.csv,operation_profit_to_total_revenue,quarterly_direct,identity_q1_or_ytd_diff,
002839.XSHE,indicator,2018-06-30,2018q2,,2018-08-14,net_profit_to_total_revenue,22.94,indicator.csv,net_profit_to_total_revenue,quarterly_direct,identity_q1_or_ytd_diff,
002839.XSHE,indicator,2018-06-30,2018q2,,2018-08-14,operating_expense_to_total_revenue,,indicator.csv,operating_expense_to_total_revenue,,identity_q1_or_ytd_diff,missing_raw_value
002839.XSHE,indicator,2018-06-30,2018q2,,2018-08-14,ga_expense_to_total_revenue,37.4,indicator.csv,ga_expense_to_total_revenue,quarterly_direct,identity_q1_or_ytd_diff,
002839.XSHE,indicator,2018-06-30,2018q2,,2018-08-14,financing_expense_to_total_revenue,,indicator.csv,financing_expense_to_total_revenue,,identity_q1_or_ytd_diff,missing_raw_value
002839.XSHE,indicator,2018-06-30,2018q2,,2018-08-14,operating_profit_to_profit,49.87,indicator.csv,operating_profit_to_profit,quarterly_direct,identity_q1_or_ytd_diff,
002839.XSHE,indicator,2018-06-30,2018q2,,2018-08-14,invesment_profit_to_profit,50.74,indicator.csv,invesment_profit_to_profit,quarterly_direct,identity_q1_or_ytd_diff,
002839.XSHE,indicator,2018-06-30,2018q2,,2018-08-14,adjusted_profit_to_profit,100.49,indicator.csv,adjusted_profit_to_profit,quarterly_direct,identity_q1_or_ytd_diff,
002839.XSHE,indicator,2018-06-30,2018q2,,2018-08-14,goods_sale_and_service_to_revenue,,indicator.csv,goods_sale_and_service_to_revenue,,identity_q1_or_ytd_diff,missing_raw_value
002839.XSHE,indicator,2018-06-30,2018q2,,2018-08-14,ocf_to_revenue,95.7,indicator.csv,ocf_to_revenue,quarterly_direct,identity_q1_or_ytd_diff,
002839.XSHE,indicator,2018-06-30,2018q2,,2018-08-14,ocf_to_operating_profit,434.12,indicator.csv,ocf_to_operating_profit,quarterly_direct,identity_q1_or_ytd_diff,
002839.XSHE,indicator,2018-06-30,2018q2,,2018-08-14,inc_total_revenue_year_on_year,33.28,indicator.csv,inc_total_revenue_year_on_year,quarterly_direct,identity_q1_or_ytd_diff,
002839.XSHE,indicator,2018-06-30,2018q2,,2018-08-14,inc_total_revenue_annual,25.99,indicator.csv,inc_total_revenue_annual,quarterly_direct,identity_q1_or_ytd_diff,
002839.XSHE,indicator,2018-06-30,2018q2,,2018-08-14,inc_revenue_year_on_year,33.28,indicator.csv,inc_revenue_year_on_year,quarterly_direct,identity_q1_or_ytd_diff,
002839.XSHE,indicator,2018-06-30,2018q2,,2018-08-14,inc_revenue_annual,25.99,indicator.csv,inc_revenue_annual,quarterly_direct,identity_q1_or_ytd_diff,
002839.XSHE,indicator,2018-06-30,2018q2,,2018-08-14,inc_operation_profit_year_on_year,28.96,indicator.csv,inc_operation_profit_year_on_year,quarterly_direct,identity_q1_or_ytd_diff,
002839.XSHE,indicator,2018-06-30,2018q2,,2018-08-14,inc_operation_profit_annual,-28.85,indicator.csv,inc_operation_profit_annual,quarterly_direct,identity_q1_or_ytd_diff,
002839.XSHE,indicator,2018-06-30,2018q2,,2018-08-14,inc_net_profit_year_on_year,23.97,indicator.csv,inc_net_profit_year_on_year,quarterly_direct,identity_q1_or_ytd_diff,
002839.XSHE,indicator,2018-06-30,2018q2,,2018-08-14,inc_net_profit_annual,-19.9,indicator.csv,inc_net_profit_annual,quarterly_direct,identity_q1_or_ytd_diff,
002839.XSHE,indicator,2018-06-30,2018q2,,2018-08-14,inc_net_profit_to_shareholders_year_on_year,23.73,indicator.csv,inc_net_profit_to_shareholders_year_on_year,quarterly_direct,identity_q1_or_ytd_diff,
002839.XSHE,indicator,2018-06-30,2018q2,,2018-08-14,inc_net_profit_to_shareholders_annual,-19.82,indicator.csv,inc_net_profit_to_shareholders_annual,quarterly_direct,identity_q1_or_ytd_diff,
002839.XSHE,indicator,2018-09-30,2018q3,,2018-10-30,eps,0.1278,indicator.csv,eps,quarterly_direct,identity_q1_or_ytd_diff,
002839.XSHE,indicator,2018-09-30,2018q3,,2018-10-30,adjusted_profit,230980151.61,indicator.csv,adjusted_profit,quarterly_direct,identity_q1_or_ytd_diff,
002839.XSHE,indicator,2018-09-30,2018q3,,2018-10-30,operating_profit,259019950.37,indicator.csv,operating_profit,quarterly_direct,identity_q1_or_ytd_diff,
002839.XSHE,indicator,2018-09-30,2018q3,,2018-10-30,value_change_profit,37327274.46,indicator.csv,value_change_profit,quarterly_direct,identity_q1_or_ytd_diff,
002839.XSHE,indicator,2018-09-30,2018q3,,2018-10-30,roe,2.61,indicator.csv,roe,quarterly_direct,identity_q1_or_ytd_diff,
002839.XSHE,indicator,2018-09-30,2018q3,,2018-10-30,inc_return,2.61,indicator.csv,inc_return,quarterly_direct,identity_q1_or_ytd_diff,
002839.XSHE,indicator,2018-09-30,2018q3,,2018-10-30,roa,0.22,indicator.csv,roa,quarterly_direct,identity_q1_or_ytd_diff,
002839.XSHE,indicator,2018-09-30,2018q3,,2018-10-30,net_profit_margin,32.35,indicator.csv,net_profit_margin,quarterly_direct,identity_q1_or_ytd_diff,
002839.XSHE,indicator,2018-09-30,2018q3,,2018-10-30,gross_profit_margin,,indicator.csv,gross_profit_margin,,identity_q1_or_ytd_diff,missing_raw_value
002839.XSHE,indicator,2018-09-30,2018q3,,2018-10-30,expense_to_total_revenue,64.13,indicator.csv,expense_to_total_revenue,quarterly_direct,identity_q1_or_ytd_diff,
002839.XSHE,indicator,2018-09-30,2018q3,,2018-10-30,operation_profit_to_total_revenue,36.03,indicator.csv,operation_profit_to_total_revenue,quarterly_direct,identity_q1_or_ytd_diff,
002839.XSHE,indicator,2018-09-30,2018q3,,2018-10-30,net_profit_to_total_revenue,32.35,indicator.csv,net_profit_to_total_revenue,quarterly_direct,identity_q1_or_ytd_diff,
002839.XSHE,indicator,2018-09-30,2018q3,,2018-10-30,operating_expense_to_total_revenue,,indicator.csv,operating_expense_to_total_revenue,,identity_q1_or_ytd_diff,missing_raw_value
002839.XSHE,indicator,2018-09-30,2018q3,,2018-10-30,ga_expense_to_total_revenue,35.03,indicator.csv,ga_expense_to_total_revenue,quarterly_direct,identity_q1_or_ytd_diff,
002839.XSHE,indicator,2018-09-30,2018q3,,2018-10-30,financing_expense_to_total_revenue,,indicator.csv,financing_expense_to_total_revenue,,identity_q1_or_ytd_diff,missing_raw_value
002839.XSHE,indicator,2018-09-30,2018q3,,2018-10-30,operating_profit_to_profit,85.24,indicator.csv,operating_profit_to_profit,quarterly_direct,identity_q1_or_ytd_diff,
002839.XSHE,indicator,2018-09-30,2018q3,,2018-10-30,invesment_profit_to_profit,14.35,indicator.csv,invesment_profit_to_profit,quarterly_direct,identity_q1_or_ytd_diff,
002839.XSHE,indicator,2018-09-30,2018q3,,2018-10-30,adjusted_profit_to_profit,99.97,indicator.csv,adjusted_profit_to_profit,quarterly_direct,identity_q1_or_ytd_diff,
002839.XSHE,indicator,2018-09-30,2018q3,,2018-10-30,goods_sale_and_service_to_revenue,,indicator.csv,goods_sale_and_service_to_revenue,,identity_q1_or_ytd_diff,missing_raw_value
002839.XSHE,indicator,2018-09-30,2018q3,,2018-10-30,ocf_to_revenue,237.55,indicator.csv,ocf_to_revenue,quarterly_direct,identity_q1_or_ytd_diff,
002839.XSHE,indicator,2018-09-30,2018q3,,2018-10-30,ocf_to_operating_profit,662.3,indicator.csv,ocf_to_operating_profit,quarterly_direct,identity_q1_or_ytd_diff,
002839.XSHE,indicator,2018-09-30,2018q3,,2018-10-30,inc_total_revenue_year_on_year,12.31,indicator.csv,inc_total_revenue_year_on_year,quarterly_direct,identity_q1_or_ytd_diff,
002839.XSHE,indicator,2018-09-30,2018q3,,2018-10-30,inc_total_revenue_annual,-9.71,indicator.csv,inc_total_revenue_annual,quarterly_direct,identity_q1_or_ytd_diff,
002839.XSHE,indicator,2018-09-30,2018q3,,2018-10-30,inc_revenue_year_on_year,12.31,indicator.csv,inc_revenue_year_on_year,quarterly_direct,identity_q1_or_ytd_diff,
002839.XSHE,indicator,2018-09-30,2018q3,,2018-10-30,inc_revenue_annual,-9.71,indicator.csv,inc_revenue_annual,quarterly_direct,identity_q1_or_ytd_diff,
002839.XSHE,indicator,2018-09-30,2018q3,,2018-10-30,inc_operation_profit_year_on_year,44.45,indicator.csv,inc_operation_profit_year_on_year,quarterly_direct,identity_q1_or_ytd_diff,
002839.XSHE,indicator,2018-09-30,2018q3,,2018-10-30,inc_operation_profit_annual,47.59,indicator.csv,inc_operation_profit_annual,quarterly_direct,identity_q1_or_ytd_diff,
002839.XSHE,indicator,2018-09-30,2018q3,,2018-10-30,inc_net_profit_year_on_year,12.93,indicator.csv,inc_net_profit_year_on_year,quarterly_direct,identity_q1_or_ytd_diff,
002839.XSHE,indicator,2018-09-30,2018q3,,2018-10-30,inc_net_profit_annual,27.32,indicator.csv,inc_net_profit_annual,quarterly_direct,identity_q1_or_ytd_diff,
002839.XSHE,indicator,2018-09-30,2018q3,,2018-10-30,inc_net_profit_to_shareholders_year_on_year,12.42,indicator.csv,inc_net_profit_to_shareholders_year_on_year,quarterly_direct,identity_q1_or_ytd_diff,
002839.XSHE,indicator,2018-09-30,2018q3,,2018-10-30,inc_net_profit_to_shareholders_annual,26.16,indicator.csv,inc_net_profit_to_shareholders_annual,quarterly_direct,identity_q1_or_ytd_diff,
002839.XSHE,indicator,2018-12-31,2018q4,,2019-04-27,eps,0.1065,indicator.csv,eps,quarterly_direct,identity_q1_or_ytd_diff,
002839.XSHE,indicator,2018-12-31,2018q4,,2019-04-27,adjusted_profit,188842023.54,indicator.csv,adjusted_profit,quarterly_direct,identity_q1_or_ytd_diff,
002839.XSHE,indicator,2018-12-31,2018q4,,2019-04-27,operating_profit,163587123.2,indicator.csv,operating_profit,quarterly_direct,identity_q1_or_ytd_diff,
002839.XSHE,indicator,2018-12-31,2018q4,,2019-04-27,value_change_profit,83471897.71,indicator.csv,value_change_profit,quarterly_direct,identity_q1_or_ytd_diff,
002839.XSHE,indicator,2018-12-31,2018q4,,2019-04-27,roe,2.04,indicator.csv,roe,quarterly_direct,identity_q1_or_ytd_diff,
002839.XSHE,indicator,2018-12-31,2018q4,,2019-04-27,inc_return,2.0,indicator.csv,inc_return,quarterly_direct,identity_q1_or_ytd_diff,
002839.XSHE,indicator,2018-12-31,2018q4,,2019-04-27,roa,0.15,indicator.csv,roa,quarterly_direct,identity_q1_or_ytd_diff,
002839.XSHE,indicator,2018-12-31,2018q4,,2019-04-27,net_profit_margin,20.54,indicator.csv,net_profit_margin,quarterly_direct,identity_q1_or_ytd_diff,
002839.XSHE,indicator,2018-12-31,2018q4,,2019-04-27,gross_profit_margin,,indicator.csv,gross_profit_margin,,identity_q1_or_ytd_diff,missing_raw_value
002839.XSHE,indicator,2018-12-31,2018q4,,2019-04-27,expense_to_total_revenue,80.42,indicator.csv,expense_to_total_revenue,quarterly_direct,identity_q1_or_ytd_diff,
002839.XSHE,indicator,2018-12-31,2018q4,,2019-04-27,operation_profit_to_total_revenue,20.19,indicator.csv,operation_profit_to_total_revenue,quarterly_direct,identity_q1_or_ytd_diff,
002839.XSHE,indicator,2018-12-31,2018q4,,2019-04-27,net_profit_to_total_revenue,20.54,indicator.csv,net_profit_to_total_revenue,quarterly_direct,identity_q1_or_ytd_diff,
002839.XSHE,indicator,2018-12-31,2018q4,,2019-04-27,operating_expense_to_total_revenue,,indicator.csv,operating_expense_to_total_revenue,,identity_q1_or_ytd_diff,missing_raw_value
002839.XSHE,indicator,2018-12-31,2018q4,,2019-04-27,ga_expense_to_total_revenue,32.25,indicator.csv,ga_expense_to_total_revenue,quarterly_direct,identity_q1_or_ytd_diff,
002839.XSHE,indicator,2018-12-31,2018q4,,2019-04-27,financing_expense_to_total_revenue,,indicator.csv,financing_expense_to_total_revenue,,identity_q1_or_ytd_diff,missing_raw_value
002839.XSHE,indicator,2018-12-31,2018q4,,2019-04-27,operating_profit_to_profit,47.62,indicator.csv,operating_profit_to_profit,quarterly_direct,identity_q1_or_ytd_diff,
002839.XSHE,indicator,2018-12-31,2018q4,,2019-04-27,invesment_profit_to_profit,49.62,indicator.csv,invesment_profit_to_profit,quarterly_direct,identity_q1_or_ytd_diff,
002839.XSHE,indicator,2018-12-31,2018q4,,2019-04-27,adjusted_profit_to_profit,98.09,indicator.csv,adjusted_profit_to_profit,quarterly_direct,identity_q1_or_ytd_diff,
002839.XSHE,indicator,2018-12-31,2018q4,,2019-04-27,goods_sale_and_service_to_revenue,,indicator.csv,goods_sale_and_service_to_revenue,,identity_q1_or_ytd_diff,missing_raw_value
002839.XSHE,indicator,2018-12-31,2018q4,,2019-04-27,ocf_to_revenue,-80.42,indicator.csv,ocf_to_revenue,quarterly_direct,identity_q1_or_ytd_diff,
002839.XSHE,indicator,2018-12-31,2018q4,,2019-04-27,ocf_to_operating_profit,-410.84,indicator.csv,ocf_to_operating_profit,quarterly_direct,identity_q1_or_ytd_diff,
002839.XSHE,indicator,2018-12-31,2018q4,,2019-04-27,inc_total_revenue_year_on_year,47.37,indicator.csv,inc_total_revenue_year_on_year,quarterly_direct,identity_q1_or_ytd_diff,
002839.XSHE,indicator,2018-12-31,2018q4,,2019-04-27,inc_total_revenue_annual,15.72,indicator.csv,inc_total_revenue_annual,quarterly_direct,identity_q1_or_ytd_diff,
002839.XSHE,indicator,2018-12-31,2018q4,,2019-04-27,inc_revenue_year_on_year,47.37,indicator.csv,inc_revenue_year_on_year,quarterly_direct,identity_q1_or_ytd_diff,
002839.XSHE,indicator,2018-12-31,2018q4,,2019-04-27,inc_revenue_annual,15.72,indicator.csv,inc_revenue_annual,quarterly_direct,identity_q1_or_ytd_diff,
002839.XSHE,indicator,2018-12-31,2018q4,,2019-04-27,inc_operation_profit_year_on_year,-13.35,indicator.csv,inc_operation_profit_year_on_year,quarterly_direct,identity_q1_or_ytd_diff,
002839.XSHE,indicator,2018-12-31,2018q4,,2019-04-27,inc_operation_profit_annual,-35.18,indicator.csv,inc_operation_profit_annual,quarterly_direct,identity_q1_or_ytd_diff,
002839.XSHE,indicator,2018-12-31,2018q4,,2019-04-27,inc_net_profit_year_on_year,-12.04,indicator.csv,inc_net_profit_year_on_year,quarterly_direct,identity_q1_or_ytd_diff,
002839.XSHE,indicator,2018-12-31,2018q4,,2019-04-27,inc_net_profit_annual,-26.53,indicator.csv,inc_net_profit_annual,quarterly_direct,identity_q1_or_ytd_diff,
002839.XSHE,indicator,2018-12-31,2018q4,,2019-04-27,inc_net_profit_to_shareholders_year_on_year,-6.47,indicator.csv,inc_net_profit_to_shareholders_year_on_year,quarterly_direct,identity_q1_or_ytd_diff,
002839.XSHE,indicator,2018-12-31,2018q4,,2019-04-27,inc_net_profit_to_shareholders_annual,-16.68,indicator.csv,inc_net_profit_to_shareholders_annual,quarterly_direct,identity_q1_or_ytd_diff,
002839.XSHE,indicator,2019-03-31,2019q1,,2019-04-27,eps,0.1439,indicator.csv,eps,quarterly_direct,identity_q1_or_ytd_diff,
002839.XSHE,indicator,2019-03-31,2019q1,,2019-04-27,adjusted_profit,248948341.47,indicator.csv,adjusted_profit,quarterly_direct,identity_q1_or_ytd_diff,
002839.XSHE,indicator,2019-03-31,2019q1,,2019-04-27,operating_profit,283228752.22,indicator.csv,operating_profit,quarterly_direct,identity_q1_or_ytd_diff,
002839.XSHE,indicator,2019-03-31,2019q1,,2019-04-27,value_change_profit,39148874.19,indicator.csv,value_change_profit,quarterly_direct,identity_q1_or_ytd_diff,
002839.XSHE,indicator,2019-03-31,2019q1,,2019-04-27,roe,2.58,indicator.csv,roe,quarterly_direct,identity_q1_or_ytd_diff,
002839.XSHE,indicator,2019-03-31,2019q1,,2019-04-27,inc_return,2.47,indicator.csv,inc_return,quarterly_direct,identity_q1_or_ytd_diff,
002839.XSHE,indicator,2019-03-31,2019q1,,2019-04-27,roa,0.22,indicator.csv,roa,quarterly_direct,identity_q1_or_ytd_diff,
002839.XSHE,indicator,2019-03-31,2019q1,,2019-04-27,net_profit_margin,30.69,indicator.csv,net_profit_margin,quarterly_direct,identity_q1_or_ytd_diff,
002839.XSHE,indicator,2019-03-31,2019q1,,2019-04-27,gross_profit_margin,,indicator.csv,gross_profit_margin,,identity_q1_or_ytd_diff,missing_raw_value
002839.XSHE,indicator,2019-03-31,2019q1,,2019-04-27,expense_to_total_revenue,66.55,indicator.csv,expense_to_total_revenue,quarterly_direct,identity_q1_or_ytd_diff,
002839.XSHE,indicator,2019-03-31,2019q1,,2019-04-27,operation_profit_to_total_revenue,33.45,indicator.csv,operation_profit_to_total_revenue,quarterly_direct,identity_q1_or_ytd_diff,
002839.XSHE,indicator,2019-03-31,2019q1,,2019-04-27,net_profit_to_total_revenue,30.69,indicator.csv,net_profit_to_total_revenue,quarterly_direct,identity_q1_or_ytd_diff,
002839.XSHE,indicator,2019-03-31,2019q1,,2019-04-27,operating_expense_to_total_revenue,,indicator.csv,operating_expense_to_total_revenue,,identity_q1_or_ytd_diff,missing_raw_value
002839.XSHE,indicator,2019-03-31,2019q1,,2019-04-27,ga_expense_to_total_revenue,35.81,indicator.csv,ga_expense_to_total_revenue,quarterly_direct,identity_q1_or_ytd_diff,
002839.XSHE,indicator,2019-03-31,2019q1,,2019-04-27,financing_expense_to_total_revenue,,indicator.csv,financing_expense_to_total_revenue,,identity_q1_or_ytd_diff,missing_raw_value
002839.XSHE,indicator,2019-03-31,2019q1,,2019-04-27,operating_profit_to_profit,86.38,indicator.csv,operating_profit_to_profit,quarterly_direct,identity_q1_or_ytd_diff,
002839.XSHE,indicator,2019-03-31,2019q1,,2019-04-27,invesment_profit_to_profit,13.85,indicator.csv,invesment_profit_to_profit,quarterly_direct,identity_q1_or_ytd_diff,
002839.XSHE,indicator,2019-03-31,2019q1,,2019-04-27,adjusted_profit_to_profit,95.72,indicator.csv,adjusted_profit_to_profit,quarterly_direct,identity_q1_or_ytd_diff,
002839.XSHE,indicator,2019-03-31,2019q1,,2019-04-27,goods_sale_and_service_to_revenue,,indicator.csv,goods_sale_and_service_to_revenue,,identity_q1_or_ytd_diff,missing_raw_value
002839.XSHE,indicator,2019-03-31,2019q1,,2019-04-27,ocf_to_revenue,137.19,indicator.csv,ocf_to_revenue,quarterly_direct,identity_q1_or_ytd_diff,
002839.XSHE,indicator,2019-03-31,2019q1,,2019-04-27,ocf_to_operating_profit,410.2,indicator.csv,ocf_to_operating_profit,quarterly_direct,identity_q1_or_ytd_diff,
002839.XSHE,indicator,2019-03-31,2019q1,,2019-04-27,inc_total_revenue_year_on_year,33.4,indicator.csv,inc_total_revenue_year_on_year,quarterly_direct,identity_q1_or_ytd_diff,
002839.XSHE,indicator,2019-03-31,2019q1,,2019-04-27,inc_total_revenue_annual,1.33,indicator.csv,inc_total_revenue_annual,quarterly_direct,identity_q1_or_ytd_diff,
002839.XSHE,indicator,2019-03-31,2019q1,,2019-04-27,inc_revenue_year_on_year,33.4,indicator.csv,inc_revenue_year_on_year,quarterly_direct,identity_q1_or_ytd_diff,
002839.XSHE,indicator,2019-03-31,2019q1,,2019-04-27,inc_revenue_annual,1.33,indicator.csv,inc_revenue_annual,quarterly_direct,identity_q1_or_ytd_diff,
002839.XSHE,indicator,2019-03-31,2019q1,,2019-04-27,inc_operation_profit_year_on_year,14.3,indicator.csv,inc_operation_profit_year_on_year,quarterly_direct,identity_q1_or_ytd_diff,
002839.XSHE,indicator,2019-03-31,2019q1,,2019-04-27,inc_operation_profit_annual,67.9,indicator.csv,inc_operation_profit_annual,quarterly_direct,identity_q1_or_ytd_diff,
002839.XSHE,indicator,2019-03-31,2019q1,,2019-04-27,inc_net_profit_year_on_year,13.48,indicator.csv,inc_net_profit_year_on_year,quarterly_direct,identity_q1_or_ytd_diff,
002839.XSHE,indicator,2019-03-31,2019q1,,2019-04-27,inc_net_profit_annual,51.45,indicator.csv,inc_net_profit_annual,quarterly_direct,identity_q1_or_ytd_diff,
002839.XSHE,indicator,2019-03-31,2019q1,,2019-04-27,inc_net_profit_to_shareholders_year_on_year,13.85,indicator.csv,inc_net_profit_to_shareholders_year_on_year,quarterly_direct,identity_q1_or_ytd_diff,
002839.XSHE,indicator,2019-03-31,2019q1,,2019-04-27,inc_net_profit_to_shareholders_annual,35.09,indicator.csv,inc_net_profit_to_shareholders_annual,quarterly_direct,identity_q1_or_ytd_diff,
002839.XSHE,indicator,2019-06-30,2019q2,,2019-08-20,eps,0.1181,indicator.csv,eps,quarterly_direct,identity_q1_or_ytd_diff,
002839.XSHE,indicator,2019-06-30,2019q2,,2019-08-20,adjusted_profit,195997726.1,indicator.csv,adjusted_profit,quarterly_direct,identity_q1_or_ytd_diff,
002839.XSHE,indicator,2019-06-30,2019q2,,2019-08-20,operating_profit,220386172.21,indicator.csv,operating_profit,quarterly_direct,identity_q1_or_ytd_diff,
002839.XSHE,indicator,2019-06-30,2019q2,,2019-08-20,value_change_profit,64578977.39,indicator.csv,value_change_profit,quarterly_direct,identity_q1_or_ytd_diff,
002839.XSHE,indicator,2019-06-30,2019q2,,2019-08-20,roe,2.11,indicator.csv,roe,quarterly_direct,identity_q1_or_ytd_diff,
002839.XSHE,indicator,2019-06-30,2019q2,,2019-08-20,inc_return,1.93,indicator.csv,inc_return,quarterly_direct,identity_q1_or_ytd_diff,
002839.XSHE,indicator,2019-06-30,2019q2,,2019-08-20,roa,0.18,indicator.csv,roa,quarterly_direct,identity_q1_or_ytd_diff,
002839.XSHE,indicator,2019-06-30,2019q2,,2019-08-20,net_profit_margin,23.15,indicator.csv,net_profit_margin,quarterly_direct,identity_q1_or_ytd_diff,
002839.XSHE,indicator,2019-06-30,2019q2,,2019-08-20,gross_profit_margin,,indicator.csv,gross_profit_margin,,identity_q1_or_ytd_diff,missing_raw_value
002839.XSHE,indicator,2019-06-30,2019q2,,2019-08-20,expense_to_total_revenue,76.96,indicator.csv,expense_to_total_revenue,quarterly_direct,identity_q1_or_ytd_diff,
002839.XSHE,indicator,2019-06-30,2019q2,,2019-08-20,operation_profit_to_total_revenue,23.04,indicator.csv,operation_profit_to_total_revenue,quarterly_direct,identity_q1_or_ytd_diff,
002839.XSHE,indicator,2019-06-30,2019q2,,2019-08-20,net_profit_to_total_revenue,23.15,indicator.csv,net_profit_to_total_revenue,quarterly_direct,identity_q1_or_ytd_diff,
002839.XSHE,indicator,2019-06-30,2019q2,,2019-08-20,operating_expense_to_total_revenue,,indicator.csv,operating_expense_to_total_revenue,,identity_q1_or_ytd_diff,missing_raw_value
002839.XSHE,indicator,2019-06-30,2019q2,,2019-08-20,ga_expense_to_total_revenue,27.59,indicator.csv,ga_expense_to_total_revenue,quarterly_direct,identity_q1_or_ytd_diff,
002839.XSHE,indicator,2019-06-30,2019q2,,2019-08-20,financing_expense_to_total_revenue,,indicator.csv,financing_expense_to_total_revenue,,identity_q1_or_ytd_diff,missing_raw_value
002839.XSHE,indicator,2019-06-30,2019q2,,2019-08-20,operating_profit_to_profit,70.59,indicator.csv,operating_profit_to_profit,quarterly_direct,identity_q1_or_ytd_diff,
002839.XSHE,indicator,2019-06-30,2019q2,,2019-08-20,invesment_profit_to_profit,29.26,indicator.csv,invesment_profit_to_profit,quarterly_direct,identity_q1_or_ytd_diff,
002839.XSHE,indicator,2019-06-30,2019q2,,2019-08-20,adjusted_profit_to_profit,91.8,indicator.csv,adjusted_profit_to_profit,quarterly_direct,identity_q1_or_ytd_diff,
002839.XSHE,indicator,2019-06-30,2019q2,,2019-08-20,goods_sale_and_service_to_revenue,,indicator.csv,goods_sale_and_service_to_revenue,,identity_q1_or_ytd_diff,missing_raw_value
002839.XSHE,indicator,2019-06-30,2019q2,,2019-08-20,ocf_to_revenue,-902.1,indicator.csv,ocf_to_revenue,quarterly_direct,identity_q1_or_ytd_diff,
002839.XSHE,indicator,2019-06-30,2019q2,,2019-08-20,ocf_to_operating_profit,-3915.46,indicator.csv,ocf_to_operating_profit,quarterly_direct,identity_q1_or_ytd_diff,
002839.XSHE,indicator,2019-06-30,2019q2,,2019-08-20,inc_total_revenue_year_on_year,19.6,indicator.csv,inc_total_revenue_year_on_year,quarterly_direct,identity_q1_or_ytd_diff,
002839.XSHE,indicator,2019-06-30,2019q2,,2019-08-20,inc_total_revenue_annual,12.96,indicator.csv,inc_total_revenue_annual,quarterly_direct,identity_q1_or_ytd_diff,
002839.XSHE,indicator,2019-06-30,2019q2,,2019-08-20,inc_revenue_year_on_year,19.6,indicator.csv,inc_revenue_year_on_year,quarterly_direct,identity_q1_or_ytd_diff,
002839.XSHE,indicator,2019-06-30,2019q2,,2019-08-20,inc_revenue_annual,12.96,indicator.csv,inc_revenue_annual,quarterly_direct,identity_q1_or_ytd_diff,
002839.XSHE,indicator,2019-06-30,2019q2,,2019-08-20,inc_operation_profit_year_on_year,24.99,indicator.csv,inc_operation_profit_year_on_year,quarterly_direct,identity_q1_or_ytd_diff,
002839.XSHE,indicator,2019-06-30,2019q2,,2019-08-20,inc_operation_profit_annual,-22.19,indicator.csv,inc_operation_profit_annual,quarterly_direct,identity_q1_or_ytd_diff,
002839.XSHE,indicator,2019-06-30,2019q2,,2019-08-20,inc_net_profit_year_on_year,20.69,indicator.csv,inc_net_profit_year_on_year,quarterly_direct,identity_q1_or_ytd_diff,
002839.XSHE,indicator,2019-06-30,2019q2,,2019-08-20,inc_net_profit_annual,-14.81,indicator.csv,inc_net_profit_annual,quarterly_direct,identity_q1_or_ytd_diff,
002839.XSHE,indicator,2019-06-30,2019q2,,2019-08-20,inc_net_profit_to_shareholders_year_on_year,16.59,indicator.csv,inc_net_profit_to_shareholders_year_on_year,quarterly_direct,identity_q1_or_ytd_diff,
002839.XSHE,indicator,2019-06-30,2019q2,,2019-08-20,inc_net_profit_to_shareholders_annual,-17.9,indicator.csv,inc_net_profit_to_shareholders_annual,quarterly_direct,identity_q1_or_ytd_diff,
002839.XSHE,indicator,2019-09-30,2019q3,,2019-10-22,eps,0.1433,indicator.csv,eps,quarterly_direct,identity_q1_or_ytd_diff,
002839.XSHE,indicator,2019-09-30,2019q3,,2019-10-22,adjusted_profit,255040810.5,indicator.csv,adjusted_profit,quarterly_direct,identity_q1_or_ytd_diff,
002839.XSHE,indicator,2019-09-30,2019q3,,2019-10-22,operating_profit,298187341.25,indicator.csv,operating_profit,quarterly_direct,identity_q1_or_ytd_diff,
002839.XSHE,indicator,2019-09-30,2019q3,,2019-10-22,value_change_profit,217762625.97,indicator.csv,value_change_profit,quarterly_direct,identity_q1_or_ytd_diff,
002839.XSHE,indicator,2019-09-30,2019q3,,2019-10-22,roe,2.54,indicator.csv,roe,quarterly_direct,identity_q1_or_ytd_diff,
002839.XSHE,indicator,2019-09-30,2019q3,,2019-10-22,inc_return,2.5,indicator.csv,inc_return,quarterly_direct,identity_q1_or_ytd_diff,
002839.XSHE,indicator,2019-09-30,2019q3,,2019-10-22,roa,0.21,indicator.csv,roa,quarterly_direct,identity_q1_or_ytd_diff,
002839.XSHE,indicator,2019-09-30,2019q3,,2019-10-22,net_profit_margin,24.94,indicator.csv,net_profit_margin,quarterly_direct,identity_q1_or_ytd_diff,
002839.XSHE,indicator,2019-09-30,2019q3,,2019-10-22,gross_profit_margin,,indicator.csv,gross_profit_margin,,identity_q1_or_ytd_diff,missing_raw_value
002839.XSHE,indicator,2019-09-30,2019q3,,2019-10-22,expense_to_total_revenue,70.29,indicator.csv,expense_to_total_revenue,quarterly_direct,identity_q1_or_ytd_diff,
002839.XSHE,indicator,2019-09-30,2019q3,,2019-10-22,operation_profit_to_total_revenue,29.71,indicator.csv,operation_profit_to_total_revenue,quarterly_direct,identity_q1_or_ytd_diff,
002839.XSHE,indicator,2019-09-30,2019q3,,2019-10-22,net_profit_to_total_revenue,24.94,indicator.csv,net_profit_to_total_revenue,quarterly_direct,identity_q1_or_ytd_diff,
002839.XSHE,indicator,2019-09-30,2019q3,,2019-10-22,operating_expense_to_total_revenue,,indicator.csv,operating_expense_to_total_revenue,,identity_q1_or_ytd_diff,missing_raw_value
002839.XSHE,indicator,2019-09-30,2019q3,,2019-10-22,ga_expense_to_total_revenue,35.82,indicator.csv,ga_expense_to_total_revenue,quarterly_direct,identity_q1_or_ytd_diff,
002839.XSHE,indicator,2019-09-30,2019q3,,2019-10-22,financing_expense_to_total_revenue,,indicator.csv,financing_expense_to_total_revenue,,identity_q1_or_ytd_diff,missing_raw_value
002839.XSHE,indicator,2019-09-30,2019q3,,2019-10-22,operating_profit_to_profit,26.89,indicator.csv,operating_profit_to_profit,quarterly_direct,identity_q1_or_ytd_diff,
002839.XSHE,indicator,2019-09-30,2019q3,,2019-10-22,invesment_profit_to_profit,72.8,indicator.csv,invesment_profit_to_profit,quarterly_direct,identity_q1_or_ytd_diff,
002839.XSHE,indicator,2019-09-30,2019q3,,2019-10-22,adjusted_profit_to_profit,98.47,indicator.csv,adjusted_profit_to_profit,quarterly_direct,identity_q1_or_ytd_diff,
002839.XSHE,indicator,2019-09-30,2019q3,,2019-10-22,goods_sale_and_service_to_revenue,,indicator.csv,goods_sale_and_service_to_revenue,,identity_q1_or_ytd_diff,missing_raw_value
002839.XSHE,indicator,2019-09-30,2019q3,,2019-10-22,ocf_to_revenue,299.29,indicator.csv,ocf_to_revenue,quarterly_direct,identity_q1_or_ytd_diff,
002839.XSHE,indicator,2019-09-30,2019q3,,2019-10-22,ocf_to_operating_profit,1007.4,indicator.csv,ocf_to_operating_profit,quarterly_direct,identity_q1_or_ytd_diff,
002839.XSHE,indicator,2019-09-30,2019q3,,2019-10-22,inc_total_revenue_year_on_year,38.98,indicator.csv,inc_total_revenue_year_on_year,quarterly_direct,identity_q1_or_ytd_diff,
002839.XSHE,indicator,2019-09-30,2019q3,,2019-10-22,inc_total_revenue_annual,4.93,indicator.csv,inc_total_revenue_annual,quarterly_direct,identity_q1_or_ytd_diff,
002839.XSHE,indicator,2019-09-30,2019q3,,2019-10-22,inc_revenue_year_on_year,38.98,indicator.csv,inc_revenue_year_on_year,quarterly_direct,identity_q1_or_ytd_diff,
002839.XSHE,indicator,2019-09-30,2019q3,,2019-10-22,inc_revenue_annual,4.93,indicator.csv,inc_revenue_annual,quarterly_direct,identity_q1_or_ytd_diff,
002839.XSHE,indicator,2019-09-30,2019q3,,2019-10-22,inc_operation_profit_year_on_year,14.59,indicator.csv,inc_operation_profit_year_on_year,quarterly_direct,identity_q1_or_ytd_diff,
002839.XSHE,indicator,2019-09-30,2019q3,,2019-10-22,inc_operation_profit_annual,35.3,indicator.csv,inc_operation_profit_annual,quarterly_direct,identity_q1_or_ytd_diff,
002839.XSHE,indicator,2019-09-30,2019q3,,2019-10-22,inc_net_profit_year_on_year,7.16,indicator.csv,inc_net_profit_year_on_year,quarterly_direct,identity_q1_or_ytd_diff,
002839.XSHE,indicator,2019-09-30,2019q3,,2019-10-22,inc_net_profit_annual,13.05,indicator.csv,inc_net_profit_annual,quarterly_direct,identity_q1_or_ytd_diff,
002839.XSHE,indicator,2019-09-30,2019q3,,2019-10-22,inc_net_profit_to_shareholders_year_on_year,12.1,indicator.csv,inc_net_profit_to_shareholders_year_on_year,quarterly_direct,identity_q1_or_ytd_diff,
002839.XSHE,indicator,2019-09-30,2019q3,,2019-10-22,inc_net_profit_to_shareholders_annual,21.3,indicator.csv,inc_net_profit_to_shareholders_annual,quarterly_direct,identity_q1_or_ytd_diff,
002839.XSHE,indicator,2019-12-31,2019q4,,2020-04-28,eps,0.1226,indicator.csv,eps,quarterly_direct,identity_q1_or_ytd_diff,
002839.XSHE,indicator,2019-12-31,2019q4,,2020-04-28,adjusted_profit,201887037.65,indicator.csv,adjusted_profit,quarterly_direct,identity_q1_or_ytd_diff,
002839.XSHE,indicator,2019-12-31,2019q4,,2020-04-28,operating_profit,164723678.67,indicator.csv,operating_profit,quarterly_direct,identity_q1_or_ytd_diff,
002839.XSHE,indicator,2019-12-31,2019q4,,2020-04-28,value_change_profit,264103760.26,indicator.csv,value_change_profit,quarterly_direct,identity_q1_or_ytd_diff,
002839.XSHE,indicator,2019-12-31,2019q4,,2020-04-28,roe,2.11,indicator.csv,roe,quarterly_direct,identity_q1_or_ytd_diff,
002839.XSHE,indicator,2019-12-31,2019q4,,2020-04-28,inc_return,1.92,indicator.csv,inc_return,quarterly_direct,identity_q1_or_ytd_diff,
002839.XSHE,indicator,2019-12-31,2019q4,,2020-04-28,roa,0.17,indicator.csv,roa,quarterly_direct,identity_q1_or_ytd_diff,
002839.XSHE,indicator,2019-12-31,2019q4,,2020-04-28,net_profit_margin,19.67,indicator.csv,net_profit_margin,quarterly_direct,identity_q1_or_ytd_diff,
002839.XSHE,indicator,2019-12-31,2019q4,,2020-04-28,gross_profit_margin,,indicator.csv,gross_profit_margin,,identity_q1_or_ytd_diff,missing_raw_value
002839.XSHE,indicator,2019-12-31,2019q4,,2020-04-28,expense_to_total_revenue,84.25,indicator.csv,expense_to_total_revenue,quarterly_direct,identity_q1_or_ytd_diff,
002839.XSHE,indicator,2019-12-31,2019q4,,2020-04-28,operation_profit_to_total_revenue,15.75,indicator.csv,operation_profit_to_total_revenue,quarterly_direct,identity_q1_or_ytd_diff,
002839.XSHE,indicator,2019-12-31,2019q4,,2020-04-28,net_profit_to_total_revenue,19.67,indicator.csv,net_profit_to_total_revenue,quarterly_direct,identity_q1_or_ytd_diff,
002839.XSHE,indicator,2019-12-31,2019q4,,2020-04-28,operating_expense_to_total_revenue,,indicator.csv,operating_expense_to_total_revenue,,identity_q1_or_ytd_diff,missing_raw_value
002839.XSHE,indicator,2019-12-31,2019q4,,2020-04-28,ga_expense_to_total_revenue,26.14,indicator.csv,ga_expense_to_total_revenue,quarterly_direct,identity_q1_or_ytd_diff,
002839.XSHE,indicator,2019-12-31,2019q4,,2020-04-28,financing_expense_to_total_revenue,,indicator.csv,financing_expense_to_total_revenue,,identity_q1_or_ytd_diff,missing_raw_value
002839.XSHE,indicator,2019-12-31,2019q4,,2020-04-28,operating_profit_to_profit,-60.81,indicator.csv,operating_profit_to_profit,quarterly_direct,identity_q1_or_ytd_diff,
002839.XSHE,indicator,2019-12-31,2019q4,,2020-04-28,invesment_profit_to_profit,161.61,indicator.csv,invesment_profit_to_profit,quarterly_direct,identity_q1_or_ytd_diff,
002839.XSHE,indicator,2019-12-31,2019q4,,2020-04-28,adjusted_profit_to_profit,91.11,indicator.csv,adjusted_profit_to_profit,quarterly_direct,identity_q1_or_ytd_diff,
002839.XSHE,indicator,2019-12-31,2019q4,,2020-04-28,goods_sale_and_service_to_revenue,,indicator.csv,goods_sale_and_service_to_revenue,,identity_q1_or_ytd_diff,missing_raw_value
002839.XSHE,indicator,2019-12-31,2019q4,,2020-04-28,ocf_to_revenue,65.75,indicator.csv,ocf_to_revenue,quarterly_direct,identity_q1_or_ytd_diff,
002839.XSHE,indicator,2019-12-31,2019q4,,2020-04-28,ocf_to_operating_profit,417.45,indicator.csv,ocf_to_operating_profit,quarterly_direct,identity_q1_or_ytd_diff,
002839.XSHE,indicator,2019-12-31,2019q4,,2020-04-28,inc_total_revenue_year_on_year,25.14,indicator.csv,inc_total_revenue_year_on_year,quarterly_direct,identity_q1_or_ytd_diff,
002839.XSHE,indicator,2019-12-31,2019q4,,2020-04-28,inc_total_revenue_annual,4.19,indicator.csv,inc_total_revenue_annual,quarterly_direct,identity_q1_or_ytd_diff,
002839.XSHE,indicator,2019-12-31,2019q4,,2020-04-28,inc_revenue_year_on_year,25.14,indicator.csv,inc_revenue_year_on_year,quarterly_direct,identity_q1_or_ytd_diff,
002839.XSHE,indicator,2019-12-31,2019q4,,2020-04-28,inc_revenue_annual,4.19,indicator.csv,inc_revenue_annual,quarterly_direct,identity_q1_or_ytd_diff,
002839.XSHE,indicator,2019-12-31,2019q4,,2020-04-28,inc_operation_profit_year_on_year,-2.35,indicator.csv,inc_operation_profit_year_on_year,quarterly_direct,identity_q1_or_ytd_diff,
002839.XSHE,indicator,2019-12-31,2019q4,,2020-04-28,inc_operation_profit_annual,-44.76,indicator.csv,inc_operation_profit_annual,quarterly_direct,identity_q1_or_ytd_diff,
002839.XSHE,indicator,2019-12-31,2019q4,,2020-04-28,inc_net_profit_year_on_year,19.87,indicator.csv,inc_net_profit_year_on_year,quarterly_direct,identity_q1_or_ytd_diff,
002839.XSHE,indicator,2019-12-31,2019q4,,2020-04-28,inc_net_profit_annual,-17.82,indicator.csv,inc_net_profit_annual,quarterly_direct,identity_q1_or_ytd_diff,
002839.XSHE,indicator,2019-12-31,2019q4,,2020-04-28,inc_net_profit_to_shareholders_year_on_year,15.1,indicator.csv,inc_net_profit_to_shareholders_year_on_year,quarterly_direct,identity_q1_or_ytd_diff,
002839.XSHE,indicator,2019-12-31,2019q4,,2020-04-28,inc_net_profit_to_shareholders_annual,-14.45,indicator.csv,inc_net_profit_to_shareholders_annual,quarterly_direct,identity_q1_or_ytd_diff,
002839.XSHE,indicator,2020-03-31,2020q1,,2020-04-28,eps,0.1618,indicator.csv,eps,quarterly_direct,identity_q1_or_ytd_diff,
002839.XSHE,indicator,2020-03-31,2020q1,,2020-04-28,adjusted_profit,279883252.02,indicator.csv,adjusted_profit,quarterly_direct,identity_q1_or_ytd_diff,
002839.XSHE,indicator,2020-03-31,2020q1,,2020-04-28,operating_profit,317993376.05,indicator.csv,operating_profit,quarterly_direct,identity_q1_or_ytd_diff,
002839.XSHE,indicator,2020-03-31,2020q1,,2020-04-28,value_change_profit,91747261.8,indicator.csv,value_change_profit,quarterly_direct,identity_q1_or_ytd_diff,
002839.XSHE,indicator,2020-03-31,2020q1,,2020-04-28,roe,2.69,indicator.csv,roe,quarterly_direct,identity_q1_or_ytd_diff,
002839.XSHE,indicator,2020-03-31,2020q1,,2020-04-28,inc_return,2.58,indicator.csv,inc_return,quarterly_direct,identity_q1_or_ytd_diff,
002839.XSHE,indicator,2020-03-31,2020q1,,2020-04-28,roa,0.23,indicator.csv,roa,quarterly_direct,identity_q1_or_ytd_diff,
002839.XSHE,indicator,2020-03-31,2020q1,,2020-04-28,net_profit_margin,29.16,indicator.csv,net_profit_margin,quarterly_direct,identity_q1_or_ytd_diff,
002839.XSHE,indicator,2020-03-31,2020q1,,2020-04-28,gross_profit_margin,,indicator.csv,gross_profit_margin,,identity_q1_or_ytd_diff,missing_raw_value
002839.XSHE,indicator,2020-03-31,2020q1,,2020-04-28,expense_to_total_revenue,68.36,indicator.csv,expense_to_total_revenue,quarterly_direct,identity_q1_or_ytd_diff,
002839.XSHE,indicator,2020-03-31,2020q1,,2020-04-28,operation_profit_to_total_revenue,31.64,indicator.csv,operation_profit_to_total_revenue,quarterly_direct,identity_q1_or_ytd_diff,
002839.XSHE,indicator,2020-03-31,2020q1,,2020-04-28,net_profit_to_total_revenue,29.16,indicator.csv,net_profit_to_total_revenue,quarterly_direct,identity_q1_or_ytd_diff,
002839.XSHE,indicator,2020-03-31,2020q1,,2020-04-28,operating_expense_to_total_revenue,,indicator.csv,operating_expense_to_total_revenue,,identity_q1_or_ytd_diff,missing_raw_value
002839.XSHE,indicator,2020-03-31,2020q1,,2020-04-28,ga_expense_to_total_revenue,31.54,indicator.csv,ga_expense_to_total_revenue,quarterly_direct,identity_q1_or_ytd_diff,
002839.XSHE,indicator,2020-03-31,2020q1,,2020-04-28,financing_expense_to_total_revenue,,indicator.csv,financing_expense_to_total_revenue,,identity_q1_or_ytd_diff,missing_raw_value
002839.XSHE,indicator,2020-03-31,2020q1,,2020-04-28,operating_profit_to_profit,71.28,indicator.csv,operating_profit_to_profit,quarterly_direct,identity_q1_or_ytd_diff,
002839.XSHE,indicator,2020-03-31,2020q1,,2020-04-28,invesment_profit_to_profit,28.91,indicator.csv,invesment_profit_to_profit,quarterly_direct,identity_q1_or_ytd_diff,
002839.XSHE,indicator,2020-03-31,2020q1,,2020-04-28,adjusted_profit_to_profit,95.69,indicator.csv,adjusted_profit_to_profit,quarterly_direct,identity_q1_or_ytd_diff,
002839.XSHE,indicator,2020-03-31,2020q1,,2020-04-28,goods_sale_and_service_to_revenue,,indicator.csv,goods_sale_and_service_to_revenue,,identity_q1_or_ytd_diff,missing_raw_value
002839.XSHE,indicator,2020-03-31,2020q1,,2020-04-28,ocf_to_revenue,459.28,indicator.csv,ocf_to_revenue,quarterly_direct,identity_q1_or_ytd_diff,
002839.XSHE,indicator,2020-03-31,2020q1,,2020-04-28,ocf_to_operating_profit,1451.79,indicator.csv,ocf_to_operating_profit,quarterly_direct,identity_q1_or_ytd_diff,
002839.XSHE,indicator,2020-03-31,2020q1,,2020-04-28,inc_total_revenue_year_on_year,18.7,indicator.csv,inc_total_revenue_year_on_year,quarterly_direct,identity_q1_or_ytd_diff,
002839.XSHE,indicator,2020-03-31,2020q1,,2020-04-28,inc_total_revenue_annual,-3.88,indicator.csv,inc_total_revenue_annual,quarterly_direct,identity_q1_or_ytd_diff,
002839.XSHE,indicator,2020-03-31,2020q1,,2020-04-28,inc_revenue_year_on_year,18.7,indicator.csv,inc_revenue_year_on_year,quarterly_direct,identity_q1_or_ytd_diff,
002839.XSHE,indicator,2020-03-31,2020q1,,2020-04-28,inc_revenue_annual,-3.88,indicator.csv,inc_revenue_annual,quarterly_direct,identity_q1_or_ytd_diff,
002839.XSHE,indicator,2020-03-31,2020q1,,2020-04-28,inc_operation_profit_year_on_year,12.27,indicator.csv,inc_operation_profit_year_on_year,quarterly_direct,identity_q1_or_ytd_diff,
002839.XSHE,indicator,2020-03-31,2020q1,,2020-04-28,inc_operation_profit_annual,93.05,indicator.csv,inc_operation_profit_annual,quarterly_direct,identity_q1_or_ytd_diff,
002839.XSHE,indicator,2020-03-31,2020q1,,2020-04-28,inc_net_profit_year_on_year,12.78,indicator.csv,inc_net_profit_year_on_year,quarterly_direct,identity_q1_or_ytd_diff,
002839.XSHE,indicator,2020-03-31,2020q1,,2020-04-28,inc_net_profit_annual,42.5,indicator.csv,inc_net_profit_annual,quarterly_direct,identity_q1_or_ytd_diff,
002839.XSHE,indicator,2020-03-31,2020q1,,2020-04-28,inc_net_profit_to_shareholders_year_on_year,12.47,indicator.csv,inc_net_profit_to_shareholders_year_on_year,quarterly_direct,identity_q1_or_ytd_diff,
002839.XSHE,indicator,2020-03-31,2020q1,,2020-04-28,inc_net_profit_to_shareholders_annual,32.01,indicator.csv,inc_net_profit_to_shareholders_annual,quarterly_direct,identity_q1_or_ytd_diff,
002839.XSHE,indicator,2020-06-30,2020q2,,2020-08-25,eps,0.1111,indicator.csv,eps,quarterly_direct,identity_q1_or_ytd_diff,
002839.XSHE,indicator,2020-06-30,2020q2,,2020-08-25,adjusted_profit,191577229.56,indicator.csv,adjusted_profit,quarterly_direct,identity_q1_or_ytd_diff,
002839.XSHE,indicator,2020-06-30,2020q2,,2020-08-25,operating_profit,186330369.47,indicator.csv,operating_profit,quarterly_direct,identity_q1_or_ytd_diff,
002839.XSHE,indicator,2020-06-30,2020q2,,2020-08-25,value_change_profit,238781168.78,indicator.csv,value_change_profit,quarterly_direct,identity_q1_or_ytd_diff,
002839.XSHE,indicator,2020-06-30,2020q2,,2020-08-25,roe,1.83,indicator.csv,roe,quarterly_direct,identity_q1_or_ytd_diff,
002839.XSHE,indicator,2020-06-30,2020q2,,2020-08-25,inc_return,1.75,indicator.csv,inc_return,quarterly_direct,identity_q1_or_ytd_diff,
002839.XSHE,indicator,2020-06-30,2020q2,,2020-08-25,roa,0.15,indicator.csv,roa,quarterly_direct,identity_q1_or_ytd_diff,
002839.XSHE,indicator,2020-06-30,2020q2,,2020-08-25,net_profit_margin,17.89,indicator.csv,net_profit_margin,quarterly_direct,identity_q1_or_ytd_diff,
002839.XSHE,indicator,2020-06-30,2020q2,,2020-08-25,gross_profit_margin,,indicator.csv,gross_profit_margin,,identity_q1_or_ytd_diff,missing_raw_value
002839.XSHE,indicator,2020-06-30,2020q2,,2020-08-25,expense_to_total_revenue,83.29,indicator.csv,expense_to_total_revenue,quarterly_direct,identity_q1_or_ytd_diff,
002839.XSHE,indicator,2020-06-30,2020q2,,2020-08-25,operation_profit_to_total_revenue,16.71,indicator.csv,operation_profit_to_total_revenue,quarterly_direct,identity_q1_or_ytd_diff,
002839.XSHE,indicator,2020-06-30,2020q2,,2020-08-25,net_profit_to_total_revenue,17.89,indicator.csv,net_profit_to_total_revenue,quarterly_direct,identity_q1_or_ytd_diff,
002839.XSHE,indicator,2020-06-30,2020q2,,2020-08-25,operating_expense_to_total_revenue,,indicator.csv,operating_expense_to_total_revenue,,identity_q1_or_ytd_diff,missing_raw_value
002839.XSHE,indicator,2020-06-30,2020q2,,2020-08-25,ga_expense_to_total_revenue,24.82,indicator.csv,ga_expense_to_total_revenue,quarterly_direct,identity_q1_or_ytd_diff,
002839.XSHE,indicator,2020-06-30,2020q2,,2020-08-25,financing_expense_to_total_revenue,,indicator.csv,financing_expense_to_total_revenue,,identity_q1_or_ytd_diff,missing_raw_value
002839.XSHE,indicator,2020-06-30,2020q2,,2020-08-25,operating_profit_to_profit,-27.39,indicator.csv,operating_profit_to_profit,quarterly_direct,identity_q1_or_ytd_diff,
002839.XSHE,indicator,2020-06-30,2020q2,,2020-08-25,invesment_profit_to_profit,124.7,indicator.csv,invesment_profit_to_profit,quarterly_direct,identity_q1_or_ytd_diff,
002839.XSHE,indicator,2020-06-30,2020q2,,2020-08-25,adjusted_profit_to_profit,95.43,indicator.csv,adjusted_profit_to_profit,quarterly_direct,identity_q1_or_ytd_diff,
002839.XSHE,indicator,2020-06-30,2020q2,,2020-08-25,goods_sale_and_service_to_revenue,,indicator.csv,goods_sale_and_service_to_revenue,,identity_q1_or_ytd_diff,missing_raw_value
002839.XSHE,indicator,2020-06-30,2020q2,,2020-08-25,ocf_to_revenue,-3.14,indicator.csv,ocf_to_revenue,quarterly_direct,identity_q1_or_ytd_diff,
002839.XSHE,indicator,2020-06-30,2020q2,,2020-08-25,ocf_to_operating_profit,-18.77,indicator.csv,ocf_to_operating_profit,quarterly_direct,identity_q1_or_ytd_diff,
002839.XSHE,indicator,2020-06-30,2020q2,,2020-08-25,inc_total_revenue_year_on_year,16.57,indicator.csv,inc_total_revenue_year_on_year,quarterly_direct,identity_q1_or_ytd_diff,
002839.XSHE,indicator,2020-06-30,2020q2,,2020-08-25,inc_total_revenue_annual,10.93,indicator.csv,inc_total_revenue_annual,quarterly_direct,identity_q1_or_ytd_diff,
002839.XSHE,indicator,2020-06-30,2020q2,,2020-08-25,inc_revenue_year_on_year,16.57,indicator.csv,inc_revenue_year_on_year,quarterly_direct,identity_q1_or_ytd_diff,
002839.XSHE,indicator,2020-06-30,2020q2,,2020-08-25,inc_revenue_annual,10.93,indicator.csv,inc_revenue_annual,quarterly_direct,identity_q1_or_ytd_diff,
002839.XSHE,indicator,2020-06-30,2020q2,,2020-08-25,inc_operation_profit_year_on_year,-15.45,indicator.csv,inc_operation_profit_year_on_year,quarterly_direct,identity_q1_or_ytd_diff,
002839.XSHE,indicator,2020-06-30,2020q2,,2020-08-25,inc_operation_profit_annual,-41.4,indicator.csv,inc_operation_profit_annual,quarterly_direct,identity_q1_or_ytd_diff,
002839.XSHE,indicator,2020-06-30,2020q2,,2020-08-25,inc_net_profit_year_on_year,-9.93,indicator.csv,inc_net_profit_year_on_year,quarterly_direct,identity_q1_or_ytd_diff,
002839.XSHE,indicator,2020-06-30,2020q2,,2020-08-25,inc_net_profit_annual,-31.97,indicator.csv,inc_net_profit_annual,quarterly_direct,identity_q1_or_ytd_diff,
002839.XSHE,indicator,2020-06-30,2020q2,,2020-08-25,inc_net_profit_to_shareholders_year_on_year,-5.98,indicator.csv,inc_net_profit_to_shareholders_year_on_year,quarterly_direct,identity_q1_or_ytd_diff,
002839.XSHE,indicator,2020-06-30,2020q2,,2020-08-25,inc_net_profit_to_shareholders_annual,-31.37,indicator.csv,inc_net_profit_to_shareholders_annual,quarterly_direct,identity_q1_or_ytd_diff,
002839.XSHE,indicator,2020-09-30,2020q3,,2020-10-27,eps,0.1519,indicator.csv,eps,quarterly_direct,identity_q1_or_ytd_diff,
002839.XSHE,indicator,2020-09-30,2020q3,,2020-10-27,adjusted_profit,265753061.56,indicator.csv,adjusted_profit,quarterly_direct,identity_q1_or_ytd_diff,
002839.XSHE,indicator,2020-09-30,2020q3,,2020-10-27,operating_profit,296269871.2,indicator.csv,operating_profit,quarterly_direct,identity_q1_or_ytd_diff,
002839.XSHE,indicator,2020-09-30,2020q3,,2020-10-27,value_change_profit,41058953.3,indicator.csv,value_change_profit,quarterly_direct,identity_q1_or_ytd_diff,
002839.XSHE,indicator,2020-09-30,2020q3,,2020-10-27,roe,2.52,indicator.csv,roe,quarterly_direct,identity_q1_or_ytd_diff,
002839.XSHE,indicator,2020-09-30,2020q3,,2020-10-27,inc_return,2.44,indicator.csv,inc_return,quarterly_direct,identity_q1_or_ytd_diff,
002839.XSHE,indicator,2020-09-30,2020q3,,2020-10-27,roa,0.21,indicator.csv,roa,quarterly_direct,identity_q1_or_ytd_diff,
002839.XSHE,indicator,2020-09-30,2020q3,,2020-10-27,net_profit_margin,28.17,indicator.csv,net_profit_margin,quarterly_direct,identity_q1_or_ytd_diff,
002839.XSHE,indicator,2020-09-30,2020q3,,2020-10-27,gross_profit_margin,,indicator.csv,gross_profit_margin,,identity_q1_or_ytd_diff,missing_raw_value
002839.XSHE,indicator,2020-09-30,2020q3,,2020-10-27,expense_to_total_revenue,69.78,indicator.csv,expense_to_total_revenue,quarterly_direct,identity_q1_or_ytd_diff,
002839.XSHE,indicator,2020-09-30,2020q3,,2020-10-27,operation_profit_to_total_revenue,30.22,indicator.csv,operation_profit_to_total_revenue,quarterly_direct,identity_q1_or_ytd_diff,
002839.XSHE,indicator,2020-09-30,2020q3,,2020-10-27,net_profit_to_total_revenue,28.17,indicator.csv,net_profit_to_total_revenue,quarterly_direct,identity_q1_or_ytd_diff,
002839.XSHE,indicator,2020-09-30,2020q3,,2020-10-27,operating_expense_to_total_revenue,,indicator.csv,operating_expense_to_total_revenue,,identity_q1_or_ytd_diff,missing_raw_value
002839.XSHE,indicator,2020-09-30,2020q3,,2020-10-27,ga_expense_to_total_revenue,33.4,indicator.csv,ga_expense_to_total_revenue,quarterly_direct,identity_q1_or_ytd_diff,
002839.XSHE,indicator,2020-09-30,2020q3,,2020-10-27,financing_expense_to_total_revenue,,indicator.csv,financing_expense_to_total_revenue,,identity_q1_or_ytd_diff,missing_raw_value
002839.XSHE,indicator,2020-09-30,2020q3,,2020-10-27,operating_profit_to_profit,86.05,indicator.csv,operating_profit_to_profit,quarterly_direct,identity_q1_or_ytd_diff,
002839.XSHE,indicator,2020-09-30,2020q3,,2020-10-27,invesment_profit_to_profit,13.84,indicator.csv,invesment_profit_to_profit,quarterly_direct,identity_q1_or_ytd_diff,
002839.XSHE,indicator,2020-09-30,2020q3,,2020-10-27,adjusted_profit_to_profit,96.77,indicator.csv,adjusted_profit_to_profit,quarterly_direct,identity_q1_or_ytd_diff,
002839.XSHE,indicator,2020-09-30,2020q3,,2020-10-27,goods_sale_and_service_to_revenue,,indicator.csv,goods_sale_and_service_to_revenue,,identity_q1_or_ytd_diff,missing_raw_value
002839.XSHE,indicator,2020-09-30,2020q3,,2020-10-27,ocf_to_revenue,44.56,indicator.csv,ocf_to_revenue,quarterly_direct,identity_q1_or_ytd_diff,
002839.XSHE,indicator,2020-09-30,2020q3,,2020-10-27,ocf_to_operating_profit,147.45,indicator.csv,ocf_to_operating_profit,quarterly_direct,identity_q1_or_ytd_diff,
002839.XSHE,indicator,2020-09-30,2020q3,,2020-10-27,inc_total_revenue_year_on_year,-2.32,indicator.csv,inc_total_revenue_year_on_year,quarterly_direct,identity_q1_or_ytd_diff,
002839.XSHE,indicator,2020-09-30,2020q3,,2020-10-27,inc_total_revenue_annual,-12.08,indicator.csv,inc_total_revenue_annual,quarterly_direct,identity_q1_or_ytd_diff,
002839.XSHE,indicator,2020-09-30,2020q3,,2020-10-27,inc_revenue_year_on_year,-2.32,indicator.csv,inc_revenue_year_on_year,quarterly_direct,identity_q1_or_ytd_diff,
002839.XSHE,indicator,2020-09-30,2020q3,,2020-10-27,inc_revenue_annual,-12.08,indicator.csv,inc_revenue_annual,quarterly_direct,identity_q1_or_ytd_diff,
002839.XSHE,indicator,2020-09-30,2020q3,,2020-10-27,inc_operation_profit_year_on_year,-0.64,indicator.csv,inc_operation_profit_year_on_year,quarterly_direct,identity_q1_or_ytd_diff,
002839.XSHE,indicator,2020-09-30,2020q3,,2020-10-27,inc_operation_profit_annual,59.0,indicator.csv,inc_operation_profit_annual,quarterly_direct,identity_q1_or_ytd_diff,
002839.XSHE,indicator,2020-09-30,2020q3,,2020-10-27,inc_net_profit_year_on_year,10.34,indicator.csv,inc_net_profit_year_on_year,quarterly_direct,identity_q1_or_ytd_diff,
002839.XSHE,indicator,2020-09-30,2020q3,,2020-10-27,inc_net_profit_annual,38.48,indicator.csv,inc_net_profit_annual,quarterly_direct,identity_q1_or_ytd_diff,
002839.XSHE,indicator,2020-09-30,2020q3,,2020-10-27,inc_net_profit_to_shareholders_year_on_year,6.03,indicator.csv,inc_net_profit_to_shareholders_year_on_year,quarterly_direct,identity_q1_or_ytd_diff,
002839.XSHE,indicator,2020-09-30,2020q3,,2020-10-27,inc_net_profit_to_shareholders_annual,36.8,indicator.csv,inc_net_profit_to_shareholders_annual,quarterly_direct,identity_q1_or_ytd_diff,
002839.XSHE,indicator,2020-12-31,2020q4,,2021-04-30,eps,0.1288,indicator.csv,eps,quarterly_direct,identity_q1_or_ytd_diff,
002839.XSHE,indicator,2020-12-31,2020q4,,2021-04-30,adjusted_profit,226743028.88,indicator.csv,adjusted_profit,quarterly_direct,identity_q1_or_ytd_diff,
002839.XSHE,indicator,2020-12-31,2020q4,,2021-04-30,operating_profit,197697360.64,indicator.csv,operating_profit,quarterly_direct,identity_q1_or_ytd_diff,
002839.XSHE,indicator,2020-12-31,2020q4,,2021-04-30,value_change_profit,182688189.33,indicator.csv,value_change_profit,quarterly_direct,identity_q1_or_ytd_diff,
002839.XSHE,indicator,2020-12-31,2020q4,,2021-04-30,roe,2.1,indicator.csv,roe,quarterly_direct,identity_q1_or_ytd_diff,
002839.XSHE,indicator,2020-12-31,2020q4,,2021-04-30,inc_return,2.05,indicator.csv,inc_return,quarterly_direct,identity_q1_or_ytd_diff,
002839.XSHE,indicator,2020-12-31,2020q4,,2021-04-30,roa,0.16,indicator.csv,roa,quarterly_direct,identity_q1_or_ytd_diff,
002839.XSHE,indicator,2020-12-31,2020q4,,2021-04-30,net_profit_margin,20.73,indicator.csv,net_profit_margin,quarterly_direct,identity_q1_or_ytd_diff,
002839.XSHE,indicator,2020-12-31,2020q4,,2021-04-30,gross_profit_margin,,indicator.csv,gross_profit_margin,,identity_q1_or_ytd_diff,missing_raw_value
002839.XSHE,indicator,2020-12-31,2020q4,,2021-04-30,expense_to_total_revenue,81.93,indicator.csv,expense_to_total_revenue,quarterly_direct,identity_q1_or_ytd_diff,
002839.XSHE,indicator,2020-12-31,2020q4,,2021-04-30,operation_profit_to_total_revenue,18.07,indicator.csv,operation_profit_to_total_revenue,quarterly_direct,identity_q1_or_ytd_diff,
002839.XSHE,indicator,2020-12-31,2020q4,,2021-04-30,net_profit_to_total_revenue,20.73,indicator.csv,net_profit_to_total_revenue,quarterly_direct,identity_q1_or_ytd_diff,
002839.XSHE,indicator,2020-12-31,2020q4,,2021-04-30,operating_expense_to_total_revenue,,indicator.csv,operating_expense_to_total_revenue,,identity_q1_or_ytd_diff,missing_raw_value
002839.XSHE,indicator,2020-12-31,2020q4,,2021-04-30,ga_expense_to_total_revenue,35.67,indicator.csv,ga_expense_to_total_revenue,quarterly_direct,identity_q1_or_ytd_diff,
002839.XSHE,indicator,2020-12-31,2020q4,,2021-04-30,financing_expense_to_total_revenue,,indicator.csv,financing_expense_to_total_revenue,,identity_q1_or_ytd_diff,missing_raw_value
002839.XSHE,indicator,2020-12-31,2020q4,,2021-04-30,operating_profit_to_profit,7.59,indicator.csv,operating_profit_to_profit,quarterly_direct,identity_q1_or_ytd_diff,
002839.XSHE,indicator,2020-12-31,2020q4,,2021-04-30,invesment_profit_to_profit,92.38,indicator.csv,invesment_profit_to_profit,quarterly_direct,identity_q1_or_ytd_diff,
002839.XSHE,indicator,2020-12-31,2020q4,,2021-04-30,adjusted_profit_to_profit,97.4,indicator.csv,adjusted_profit_to_profit,quarterly_direct,identity_q1_or_ytd_diff,
002839.XSHE,indicator,2020-12-31,2020q4,,2021-04-30,goods_sale_and_service_to_revenue,,indicator.csv,goods_sale_and_service_to_revenue,,identity_q1_or_ytd_diff,missing_raw_value
002839.XSHE,indicator,2020-12-31,2020q4,,2021-04-30,ocf_to_revenue,237.49,indicator.csv,ocf_to_revenue,quarterly_direct,identity_q1_or_ytd_diff,
002839.XSHE,indicator,2020-12-31,2020q4,,2021-04-30,ocf_to_operating_profit,1314.31,indicator.csv,ocf_to_operating_profit,quarterly_direct,identity_q1_or_ytd_diff,
002839.XSHE,indicator,2020-12-31,2020q4,,2021-04-30,inc_total_revenue_year_on_year,4.62,indicator.csv,inc_total_revenue_year_on_year,quarterly_direct,identity_q1_or_ytd_diff,
002839.XSHE,indicator,2020-12-31,2020q4,,2021-04-30,inc_total_revenue_annual,11.6,indicator.csv,inc_total_revenue_annual,quarterly_direct,identity_q1_or_ytd_diff,
002839.XSHE,indicator,2020-12-31,2020q4,,2021-04-30,inc_revenue_year_on_year,4.62,indicator.csv,inc_revenue_year_on_year,quarterly_direct,identity_q1_or_ytd_diff,
002839.XSHE,indicator,2020-12-31,2020q4,,2021-04-30,inc_revenue_annual,11.6,indicator.csv,inc_revenue_annual,quarterly_direct,identity_q1_or_ytd_diff,
002839.XSHE,indicator,2020-12-31,2020q4,,2021-04-30,inc_operation_profit_year_on_year,20.02,indicator.csv,inc_operation_profit_year_on_year,quarterly_direct,identity_q1_or_ytd_diff,
002839.XSHE,indicator,2020-12-31,2020q4,,2021-04-30,inc_operation_profit_annual,-33.27,indicator.csv,inc_operation_profit_annual,quarterly_direct,identity_q1_or_ytd_diff,
002839.XSHE,indicator,2020-12-31,2020q4,,2021-04-30,inc_net_profit_year_on_year,10.26,indicator.csv,inc_net_profit_year_on_year,quarterly_direct,identity_q1_or_ytd_diff,
002839.XSHE,indicator,2020-12-31,2020q4,,2021-04-30,inc_net_profit_annual,-17.87,indicator.csv,inc_net_profit_annual,quarterly_direct,identity_q1_or_ytd_diff,
002839.XSHE,indicator,2020-12-31,2020q4,,2021-04-30,inc_net_profit_to_shareholders_year_on_year,5.07,indicator.csv,inc_net_profit_to_shareholders_year_on_year,quarterly_direct,identity_q1_or_ytd_diff,
002839.XSHE,indicator,2020-12-31,2020q4,,2021-04-30,inc_net_profit_to_shareholders_annual,-15.23,indicator.csv,inc_net_profit_to_shareholders_annual,quarterly_direct,identity_q1_or_ytd_diff,
002839.XSHE,indicator,2021-03-31,2021q1,,2021-04-30,eps,0.1848,indicator.csv,eps,quarterly_direct,identity_q1_or_ytd_diff,
002839.XSHE,indicator,2021-03-31,2021q1,,2021-04-30,adjusted_profit,334475469.07,indicator.csv,adjusted_profit,quarterly_direct,identity_q1_or_ytd_diff,
002839.XSHE,indicator,2021-03-31,2021q1,,2021-04-30,operating_profit,371588043.32,indicator.csv,operating_profit,quarterly_direct,identity_q1_or_ytd_diff,
002839.XSHE,indicator,2021-03-31,2021q1,,2021-04-30,value_change_profit,176616963.24,indicator.csv,value_change_profit,quarterly_direct,identity_q1_or_ytd_diff,
002839.XSHE,indicator,2021-03-31,2021q1,,2021-04-30,roe,2.93,indicator.csv,roe,quarterly_direct,identity_q1_or_ytd_diff,
002839.XSHE,indicator,2021-03-31,2021q1,,2021-04-30,inc_return,2.93,indicator.csv,inc_return,quarterly_direct,identity_q1_or_ytd_diff,
002839.XSHE,indicator,2021-03-31,2021q1,,2021-04-30,roa,0.23,indicator.csv,roa,quarterly_direct,identity_q1_or_ytd_diff,
002839.XSHE,indicator,2021-03-31,2021q1,,2021-04-30,net_profit_margin,31.96,indicator.csv,net_profit_margin,quarterly_direct,identity_q1_or_ytd_diff,
002839.XSHE,indicator,2021-03-31,2021q1,,2021-04-30,gross_profit_margin,,indicator.csv,gross_profit_margin,,identity_q1_or_ytd_diff,missing_raw_value
002839.XSHE,indicator,2021-03-31,2021q1,,2021-04-30,expense_to_total_revenue,65.36,indicator.csv,expense_to_total_revenue,quarterly_direct,identity_q1_or_ytd_diff,
002839.XSHE,indicator,2021-03-31,2021q1,,2021-04-30,operation_profit_to_total_revenue,34.64,indicator.csv,operation_profit_to_total_revenue,quarterly_direct,identity_q1_or_ytd_diff,
002839.XSHE,indicator,2021-03-31,2021q1,,2021-04-30,net_profit_to_total_revenue,31.96,indicator.csv,net_profit_to_total_revenue,quarterly_direct,identity_q1_or_ytd_diff,
002839.XSHE,indicator,2021-03-31,2021q1,,2021-04-30,operating_expense_to_total_revenue,,indicator.csv,operating_expense_to_total_revenue,,identity_q1_or_ytd_diff,missing_raw_value
002839.XSHE,indicator,2021-03-31,2021q1,,2021-04-30,ga_expense_to_total_revenue,32.22,indicator.csv,ga_expense_to_total_revenue,quarterly_direct,identity_q1_or_ytd_diff,
002839.XSHE,indicator,2021-03-31,2021q1,,2021-04-30,financing_expense_to_total_revenue,,indicator.csv,financing_expense_to_total_revenue,,identity_q1_or_ytd_diff,missing_raw_value
002839.XSHE,indicator,2021-03-31,2021q1,,2021-04-30,operating_profit_to_profit,52.75,indicator.csv,operating_profit_to_profit,quarterly_direct,identity_q1_or_ytd_diff,
002839.XSHE,indicator,2021-03-31,2021q1,,2021-04-30,invesment_profit_to_profit,47.78,indicator.csv,invesment_profit_to_profit,quarterly_direct,identity_q1_or_ytd_diff,
002839.XSHE,indicator,2021-03-31,2021q1,,2021-04-30,adjusted_profit_to_profit,100.14,indicator.csv,adjusted_profit_to_profit,quarterly_direct,identity_q1_or_ytd_diff,
002839.XSHE,indicator,2021-03-31,2021q1,,2021-04-30,goods_sale_and_service_to_revenue,,indicator.csv,goods_sale_and_service_to_revenue,,identity_q1_or_ytd_diff,missing_raw_value
002839.XSHE,indicator,2021-03-31,2021q1,,2021-04-30,ocf_to_revenue,166.71,indicator.csv,ocf_to_revenue,quarterly_direct,identity_q1_or_ytd_diff,
002839.XSHE,indicator,2021-03-31,2021q1,,2021-04-30,ocf_to_operating_profit,481.31,indicator.csv,ocf_to_operating_profit,quarterly_direct,identity_q1_or_ytd_diff,
002839.XSHE,indicator,2021-03-31,2021q1,,2021-04-30,inc_total_revenue_year_on_year,6.73,indicator.csv,inc_total_revenue_year_on_year,quarterly_direct,identity_q1_or_ytd_diff,
002839.XSHE,indicator,2021-03-31,2021q1,,2021-04-30,inc_total_revenue_annual,-1.94,indicator.csv,inc_total_revenue_annual,quarterly_direct,identity_q1_or_ytd_diff,
002839.XSHE,indicator,2021-03-31,2021q1,,2021-04-30,inc_revenue_year_on_year,6.73,indicator.csv,inc_revenue_year_on_year,quarterly_direct,identity_q1_or_ytd_diff,
002839.XSHE,indicator,2021-03-31,2021q1,,2021-04-30,inc_revenue_annual,-1.94,indicator.csv,inc_revenue_annual,quarterly_direct,identity_q1_or_ytd_diff,
002839.XSHE,indicator,2021-03-31,2021q1,,2021-04-30,inc_operation_profit_year_on_year,16.85,indicator.csv,inc_operation_profit_year_on_year,quarterly_direct,identity_q1_or_ytd_diff,
002839.XSHE,indicator,2021-03-31,2021q1,,2021-04-30,inc_operation_profit_annual,87.96,indicator.csv,inc_operation_profit_annual,quarterly_direct,identity_q1_or_ytd_diff,
002839.XSHE,indicator,2021-03-31,2021q1,,2021-04-30,inc_net_profit_year_on_year,16.96,indicator.csv,inc_net_profit_year_on_year,quarterly_direct,identity_q1_or_ytd_diff,
002839.XSHE,indicator,2021-03-31,2021q1,,2021-04-30,inc_net_profit_annual,51.15,indicator.csv,inc_net_profit_annual,quarterly_direct,identity_q1_or_ytd_diff,
002839.XSHE,indicator,2021-03-31,2021q1,,2021-04-30,inc_net_profit_to_shareholders_year_on_year,14.2,indicator.csv,inc_net_profit_to_shareholders_year_on_year,quarterly_direct,identity_q1_or_ytd_diff,
002839.XSHE,indicator,2021-03-31,2021q1,,2021-04-30,inc_net_profit_to_shareholders_annual,43.48,indicator.csv,inc_net_profit_to_shareholders_annual,quarterly_direct,identity_q1_or_ytd_diff,
002839.XSHE,indicator,2021-06-30,2021q2,,2021-08-24,eps,0.1451,indicator.csv,eps,quarterly_direct,identity_q1_or_ytd_diff,
002839.XSHE,indicator,2021-06-30,2021q2,,2021-08-24,adjusted_profit,249654818.89,indicator.csv,adjusted_profit,quarterly_direct,identity_q1_or_ytd_diff,
002839.XSHE,indicator,2021-06-30,2021q2,,2021-08-24,operating_profit,248065910.34,indicator.csv,operating_profit,quarterly_direct,identity_q1_or_ytd_diff,
002839.XSHE,indicator,2021-06-30,2021q2,,2021-08-24,value_change_profit,223415186.2,indicator.csv,value_change_profit,quarterly_direct,identity_q1_or_ytd_diff,
002839.XSHE,indicator,2021-06-30,2021q2,,2021-08-24,roe,2.08,indicator.csv,roe,quarterly_direct,identity_q1_or_ytd_diff,
002839.XSHE,indicator,2021-06-30,2021q2,,2021-08-24,inc_return,1.98,indicator.csv,inc_return,quarterly_direct,identity_q1_or_ytd_diff,
002839.XSHE,indicator,2021-06-30,2021q2,,2021-08-24,roa,0.18,indicator.csv,roa,quarterly_direct,identity_q1_or_ytd_diff,
002839.XSHE,indicator,2021-06-30,2021q2,,2021-08-24,net_profit_margin,23.29,indicator.csv,net_profit_margin,quarterly_direct,identity_q1_or_ytd_diff,
002839.XSHE,indicator,2021-06-30,2021q2,,2021-08-24,gross_profit_margin,,indicator.csv,gross_profit_margin,,identity_q1_or_ytd_diff,missing_raw_value
002839.XSHE,indicator,2021-06-30,2021q2,,2021-08-24,expense_to_total_revenue,78.47,indicator.csv,expense_to_total_revenue,quarterly_direct,identity_q1_or_ytd_diff,
002839.XSHE,indicator,2021-06-30,2021q2,,2021-08-24,operation_profit_to_total_revenue,21.53,indicator.csv,operation_profit_to_total_revenue,quarterly_direct,identity_q1_or_ytd_diff,
002839.XSHE,indicator,2021-06-30,2021q2,,2021-08-24,net_profit_to_total_revenue,23.29,indicator.csv,net_profit_to_total_revenue,quarterly_direct,identity_q1_or_ytd_diff,
002839.XSHE,indicator,2021-06-30,2021q2,,2021-08-24,operating_expense_to_total_revenue,,indicator.csv,operating_expense_to_total_revenue,,identity_q1_or_ytd_diff,missing_raw_value
002839.XSHE,indicator,2021-06-30,2021q2,,2021-08-24,ga_expense_to_total_revenue,27.52,indicator.csv,ga_expense_to_total_revenue,quarterly_direct,identity_q1_or_ytd_diff,
002839.XSHE,indicator,2021-06-30,2021q2,,2021-08-24,financing_expense_to_total_revenue,,indicator.csv,financing_expense_to_total_revenue,,identity_q1_or_ytd_diff,missing_raw_value
002839.XSHE,indicator,2021-06-30,2021q2,,2021-08-24,operating_profit_to_profit,9.98,indicator.csv,operating_profit_to_profit,quarterly_direct,identity_q1_or_ytd_diff,
002839.XSHE,indicator,2021-06-30,2021q2,,2021-08-24,invesment_profit_to_profit,90.47,indicator.csv,invesment_profit_to_profit,quarterly_direct,identity_q1_or_ytd_diff,
002839.XSHE,indicator,2021-06-30,2021q2,,2021-08-24,adjusted_profit_to_profit,95.18,indicator.csv,adjusted_profit_to_profit,quarterly_direct,identity_q1_or_ytd_diff,
002839.XSHE,indicator,2021-06-30,2021q2,,2021-08-24,goods_sale_and_service_to_revenue,,indicator.csv,goods_sale_and_service_to_revenue,,identity_q1_or_ytd_diff,missing_raw_value
002839.XSHE,indicator,2021-06-30,2021q2,,2021-08-24,ocf_to_revenue,-384.03,indicator.csv,ocf_to_revenue,quarterly_direct,identity_q1_or_ytd_diff,
002839.XSHE,indicator,2021-06-30,2021q2,,2021-08-24,ocf_to_operating_profit,-1783.39,indicator.csv,ocf_to_operating_profit,quarterly_direct,identity_q1_or_ytd_diff,
002839.XSHE,indicator,2021-06-30,2021q2,,2021-08-24,inc_total_revenue_year_on_year,3.31,indicator.csv,inc_total_revenue_year_on_year,quarterly_direct,identity_q1_or_ytd_diff,
002839.XSHE,indicator,2021-06-30,2021q2,,2021-08-24,inc_total_revenue_annual,7.38,indicator.csv,inc_total_revenue_annual,quarterly_direct,identity_q1_or_ytd_diff,
002839.XSHE,indicator,2021-06-30,2021q2,,2021-08-24,inc_revenue_year_on_year,3.31,indicator.csv,inc_revenue_year_on_year,quarterly_direct,identity_q1_or_ytd_diff,
002839.XSHE,indicator,2021-06-30,2021q2,,2021-08-24,inc_revenue_annual,7.38,indicator.csv,inc_revenue_annual,quarterly_direct,identity_q1_or_ytd_diff,
002839.XSHE,indicator,2021-06-30,2021q2,,2021-08-24,inc_operation_profit_year_on_year,33.13,indicator.csv,inc_operation_profit_year_on_year,quarterly_direct,identity_q1_or_ytd_diff,
002839.XSHE,indicator,2021-06-30,2021q2,,2021-08-24,inc_operation_profit_annual,-33.24,indicator.csv,inc_operation_profit_annual,quarterly_direct,identity_q1_or_ytd_diff,
002839.XSHE,indicator,2021-06-30,2021q2,,2021-08-24,inc_net_profit_year_on_year,34.52,indicator.csv,inc_net_profit_year_on_year,quarterly_direct,identity_q1_or_ytd_diff,
002839.XSHE,indicator,2021-06-30,2021q2,,2021-08-24,inc_net_profit_annual,-21.75,indicator.csv,inc_net_profit_annual,quarterly_direct,identity_q1_or_ytd_diff,
002839.XSHE,indicator,2021-06-30,2021q2,,2021-08-24,inc_net_profit_to_shareholders_year_on_year,30.66,indicator.csv,inc_net_profit_to_shareholders_year_on_year,quarterly_direct,identity_q1_or_ytd_diff,
002839.XSHE,indicator,2021-06-30,2021q2,,2021-08-24,inc_net_profit_to_shareholders_annual,-21.47,indicator.csv,inc_net_profit_to_shareholders_annual,quarterly_direct,identity_q1_or_ytd_diff,
002839.XSHE,indicator,2021-09-30,2021q3,,2021-10-26,eps,0.2094,indicator.csv,eps,quarterly_direct,identity_q1_or_ytd_diff,
002839.XSHE,indicator,2021-09-30,2021q3,,2021-10-26,adjusted_profit,356694825.7,indicator.csv,adjusted_profit,quarterly_direct,identity_q1_or_ytd_diff,
002839.XSHE,indicator,2021-09-30,2021q3,,2021-10-26,operating_profit,411360421.07,indicator.csv,operating_profit,quarterly_direct,identity_q1_or_ytd_diff,
002839.XSHE,indicator,2021-09-30,2021q3,,2021-10-26,value_change_profit,201879357.55,indicator.csv,value_change_profit,quarterly_direct,identity_q1_or_ytd_diff,
002839.XSHE,indicator,2021-09-30,2021q3,,2021-10-26,roe,2.74,indicator.csv,roe,quarterly_direct,identity_q1_or_ytd_diff,
002839.XSHE,indicator,2021-09-30,2021q3,,2021-10-26,inc_return,2.58,indicator.csv,inc_return,quarterly_direct,identity_q1_or_ytd_diff,
002839.XSHE,indicator,2021-09-30,2021q3,,2021-10-26,roa,0.24,indicator.csv,roa,quarterly_direct,identity_q1_or_ytd_diff,
002839.XSHE,indicator,2021-09-30,2021q3,,2021-10-26,net_profit_margin,32.21,indicator.csv,net_profit_margin,quarterly_direct,identity_q1_or_ytd_diff,
002839.XSHE,indicator,2021-09-30,2021q3,,2021-10-26,gross_profit_margin,,indicator.csv,gross_profit_margin,,identity_q1_or_ytd_diff,missing_raw_value
002839.XSHE,indicator,2021-09-30,2021q3,,2021-10-26,expense_to_total_revenue,65.9,indicator.csv,expense_to_total_revenue,quarterly_direct,identity_q1_or_ytd_diff,
002839.XSHE,indicator,2021-09-30,2021q3,,2021-10-26,operation_profit_to_total_revenue,34.1,indicator.csv,operation_profit_to_total_revenue,quarterly_direct,identity_q1_or_ytd_diff,
002839.XSHE,indicator,2021-09-30,2021q3,,2021-10-26,net_profit_to_total_revenue,32.21,indicator.csv,net_profit_to_total_revenue,quarterly_direct,identity_q1_or_ytd_diff,
002839.XSHE,indicator,2021-09-30,2021q3,,2021-10-26,operating_expense_to_total_revenue,,indicator.csv,operating_expense_to_total_revenue,,identity_q1_or_ytd_diff,missing_raw_value
002839.XSHE,indicator,2021-09-30,2021q3,,2021-10-26,ga_expense_to_total_revenue,29.36,indicator.csv,ga_expense_to_total_revenue,quarterly_direct,identity_q1_or_ytd_diff,
002839.XSHE,indicator,2021-09-30,2021q3,,2021-10-26,financing_expense_to_total_revenue,,indicator.csv,financing_expense_to_total_revenue,,identity_q1_or_ytd_diff,missing_raw_value
002839.XSHE,indicator,2021-09-30,2021q3,,2021-10-26,operating_profit_to_profit,51.02,indicator.csv,operating_profit_to_profit,quarterly_direct,identity_q1_or_ytd_diff,
002839.XSHE,indicator,2021-09-30,2021q3,,2021-10-26,invesment_profit_to_profit,49.17,indicator.csv,invesment_profit_to_profit,quarterly_direct,identity_q1_or_ytd_diff,
002839.XSHE,indicator,2021-09-30,2021q3,,2021-10-26,adjusted_profit_to_profit,94.2,indicator.csv,adjusted_profit_to_profit,quarterly_direct,identity_q1_or_ytd_diff,
002839.XSHE,indicator,2021-09-30,2021q3,,2021-10-26,goods_sale_and_service_to_revenue,,indicator.csv,goods_sale_and_service_to_revenue,,identity_q1_or_ytd_diff,missing_raw_value
002839.XSHE,indicator,2021-09-30,2021q3,,2021-10-26,ocf_to_revenue,-106.06,indicator.csv,ocf_to_revenue,quarterly_direct,identity_q1_or_ytd_diff,
002839.XSHE,indicator,2021-09-30,2021q3,,2021-10-26,ocf_to_operating_profit,-311.0,indicator.csv,ocf_to_operating_profit,quarterly_direct,identity_q1_or_ytd_diff,
002839.XSHE,indicator,2021-09-30,2021q3,,2021-10-26,inc_total_revenue_year_on_year,23.04,indicator.csv,inc_total_revenue_year_on_year,quarterly_direct,identity_q1_or_ytd_diff,
002839.XSHE,indicator,2021-09-30,2021q3,,2021-10-26,inc_total_revenue_annual,4.71,indicator.csv,inc_total_revenue_annual,quarterly_direct,identity_q1_or_ytd_diff,
002839.XSHE,indicator,2021-09-30,2021q3,,2021-10-26,inc_revenue_year_on_year,23.04,indicator.csv,inc_revenue_year_on_year,quarterly_direct,identity_q1_or_ytd_diff,
002839.XSHE,indicator,2021-09-30,2021q3,,2021-10-26,inc_revenue_annual,4.71,indicator.csv,inc_revenue_annual,quarterly_direct,identity_q1_or_ytd_diff,
002839.XSHE,indicator,2021-09-30,2021q3,,2021-10-26,inc_operation_profit_year_on_year,38.85,indicator.csv,inc_operation_profit_year_on_year,quarterly_direct,identity_q1_or_ytd_diff,
002839.XSHE,indicator,2021-09-30,2021q3,,2021-10-26,inc_operation_profit_annual,65.83,indicator.csv,inc_operation_profit_annual,quarterly_direct,identity_q1_or_ytd_diff,
002839.XSHE,indicator,2021-09-30,2021q3,,2021-10-26,inc_net_profit_year_on_year,40.67,indicator.csv,inc_net_profit_year_on_year,quarterly_direct,identity_q1_or_ytd_diff,
002839.XSHE,indicator,2021-09-30,2021q3,,2021-10-26,inc_net_profit_annual,44.81,indicator.csv,inc_net_profit_annual,quarterly_direct,identity_q1_or_ytd_diff,
002839.XSHE,indicator,2021-09-30,2021q3,,2021-10-26,inc_net_profit_to_shareholders_year_on_year,37.89,indicator.csv,inc_net_profit_to_shareholders_year_on_year,quarterly_direct,identity_q1_or_ytd_diff,
002839.XSHE,indicator,2021-09-30,2021q3,,2021-10-26,inc_net_profit_to_shareholders_annual,44.36,indicator.csv,inc_net_profit_to_shareholders_annual,quarterly_direct,identity_q1_or_ytd_diff,
002839.XSHE,indicator,2021-12-31,2021q4,,2022-03-29,eps,0.1819,indicator.csv,eps,quarterly_direct,identity_q1_or_ytd_diff,
002839.XSHE,indicator,2021-12-31,2021q4,,2022-03-29,adjusted_profit,301079678.58,indicator.csv,adjusted_profit,quarterly_direct,identity_q1_or_ytd_diff,
002839.XSHE,indicator,2021-12-31,2021q4,,2022-03-29,operating_profit,346365837.87,indicator.csv,operating_profit,quarterly_direct,identity_q1_or_ytd_diff,
002839.XSHE,indicator,2021-12-31,2021q4,,2022-03-29,value_change_profit,98236816.99,indicator.csv,value_change_profit,quarterly_direct,identity_q1_or_ytd_diff,
002839.XSHE,indicator,2021-12-31,2021q4,,2022-03-29,roe,2.31,indicator.csv,roe,quarterly_direct,identity_q1_or_ytd_diff,
002839.XSHE,indicator,2021-12-31,2021q4,,2022-03-29,inc_return,2.12,indicator.csv,inc_return,quarterly_direct,identity_q1_or_ytd_diff,
002839.XSHE,indicator,2021-12-31,2021q4,,2022-03-29,roa,0.21,indicator.csv,roa,quarterly_direct,identity_q1_or_ytd_diff,
002839.XSHE,indicator,2021-12-31,2021q4,,2022-03-29,net_profit_margin,28.42,indicator.csv,net_profit_margin,quarterly_direct,identity_q1_or_ytd_diff,
002839.XSHE,indicator,2021-12-31,2021q4,,2022-03-29,gross_profit_margin,,indicator.csv,gross_profit_margin,,identity_q1_or_ytd_diff,missing_raw_value
002839.XSHE,indicator,2021-12-31,2021q4,,2022-03-29,expense_to_total_revenue,70.78,indicator.csv,expense_to_total_revenue,quarterly_direct,identity_q1_or_ytd_diff,
002839.XSHE,indicator,2021-12-31,2021q4,,2022-03-29,operation_profit_to_total_revenue,29.22,indicator.csv,operation_profit_to_total_revenue,quarterly_direct,identity_q1_or_ytd_diff,
002839.XSHE,indicator,2021-12-31,2021q4,,2022-03-29,net_profit_to_total_revenue,28.42,indicator.csv,net_profit_to_total_revenue,quarterly_direct,identity_q1_or_ytd_diff,
002839.XSHE,indicator,2021-12-31,2021q4,,2022-03-29,operating_expense_to_total_revenue,,indicator.csv,operating_expense_to_total_revenue,,identity_q1_or_ytd_diff,missing_raw_value
002839.XSHE,indicator,2021-12-31,2021q4,,2022-03-29,ga_expense_to_total_revenue,35.35,indicator.csv,ga_expense_to_total_revenue,quarterly_direct,identity_q1_or_ytd_diff,
002839.XSHE,indicator,2021-12-31,2021q4,,2022-03-29,financing_expense_to_total_revenue,,indicator.csv,financing_expense_to_total_revenue,,identity_q1_or_ytd_diff,missing_raw_value
002839.XSHE,indicator,2021-12-31,2021q4,,2022-03-29,operating_profit_to_profit,71.85,indicator.csv,operating_profit_to_profit,quarterly_direct,identity_q1_or_ytd_diff,
002839.XSHE,indicator,2021-12-31,2021q4,,2022-03-29,invesment_profit_to_profit,28.45,indicator.csv,invesment_profit_to_profit,quarterly_direct,identity_q1_or_ytd_diff,
002839.XSHE,indicator,2021-12-31,2021q4,,2022-03-29,adjusted_profit_to_profit,91.55,indicator.csv,adjusted_profit_to_profit,quarterly_direct,identity_q1_or_ytd_diff,
002839.XSHE,indicator,2021-12-31,2021q4,,2022-03-29,goods_sale_and_service_to_revenue,,indicator.csv,goods_sale_and_service_to_revenue,,identity_q1_or_ytd_diff,missing_raw_value
002839.XSHE,indicator,2021-12-31,2021q4,,2022-03-29,ocf_to_revenue,343.61,indicator.csv,ocf_to_revenue,quarterly_direct,identity_q1_or_ytd_diff,
002839.XSHE,indicator,2021-12-31,2021q4,,2022-03-29,ocf_to_operating_profit,1175.94,indicator.csv,ocf_to_operating_profit,quarterly_direct,identity_q1_or_ytd_diff,
002839.XSHE,indicator,2021-12-31,2021q4,,2022-03-29,inc_total_revenue_year_on_year,8.34,indicator.csv,inc_total_revenue_year_on_year,quarterly_direct,identity_q1_or_ytd_diff,
002839.XSHE,indicator,2021-12-31,2021q4,,2022-03-29,inc_total_revenue_annual,-1.73,indicator.csv,inc_total_revenue_annual,quarterly_direct,identity_q1_or_ytd_diff,
002839.XSHE,indicator,2021-12-31,2021q4,,2022-03-29,inc_revenue_year_on_year,8.34,indicator.csv,inc_revenue_year_on_year,quarterly_direct,identity_q1_or_ytd_diff,
002839.XSHE,indicator,2021-12-31,2021q4,,2022-03-29,inc_revenue_annual,-1.73,indicator.csv,inc_revenue_annual,quarterly_direct,identity_q1_or_ytd_diff,
002839.XSHE,indicator,2021-12-31,2021q4,,2022-03-29,inc_operation_profit_year_on_year,75.2,indicator.csv,inc_operation_profit_year_on_year,quarterly_direct,identity_q1_or_ytd_diff,
002839.XSHE,indicator,2021-12-31,2021q4,,2022-03-29,inc_operation_profit_annual,-15.8,indicator.csv,inc_operation_profit_annual,quarterly_direct,identity_q1_or_ytd_diff,
002839.XSHE,indicator,2021-12-31,2021q4,,2022-03-29,inc_net_profit_year_on_year,48.52,indicator.csv,inc_net_profit_year_on_year,quarterly_direct,identity_q1_or_ytd_diff,
002839.XSHE,indicator,2021-12-31,2021q4,,2022-03-29,inc_net_profit_annual,-13.28,indicator.csv,inc_net_profit_annual,quarterly_direct,identity_q1_or_ytd_diff,
002839.XSHE,indicator,2021-12-31,2021q4,,2022-03-29,inc_net_profit_to_shareholders_year_on_year,41.26,indicator.csv,inc_net_profit_to_shareholders_year_on_year,quarterly_direct,identity_q1_or_ytd_diff,
002839.XSHE,indicator,2021-12-31,2021q4,,2022-03-29,inc_net_profit_to_shareholders_annual,-13.15,indicator.csv,inc_net_profit_to_shareholders_annual,quarterly_direct,identity_q1_or_ytd_diff,
002839.XSHE,indicator,2022-03-31,2022q1,,2022-04-22,eps,0.2397,indicator.csv,eps,quarterly_direct,identity_q1_or_ytd_diff,
002839.XSHE,indicator,2022-03-31,2022q1,,2022-04-22,adjusted_profit,361064259.61,indicator.csv,adjusted_profit,quarterly_direct,identity_q1_or_ytd_diff,
002839.XSHE,indicator,2022-03-31,2022q1,,2022-04-22,operating_profit,387048292.21,indicator.csv,operating_profit,quarterly_direct,identity_q1_or_ytd_diff,
002839.XSHE,indicator,2022-03-31,2022q1,,2022-04-22,value_change_profit,226547360.48,indicator.csv,value_change_profit,quarterly_direct,identity_q1_or_ytd_diff,
002839.XSHE,indicator,2022-03-31,2022q1,,2022-04-22,roe,2.96,indicator.csv,roe,quarterly_direct,identity_q1_or_ytd_diff,
002839.XSHE,indicator,2022-03-31,2022q1,,2022-04-22,inc_return,2.46,indicator.csv,inc_return,quarterly_direct,identity_q1_or_ytd_diff,
002839.XSHE,indicator,2022-03-31,2022q1,,2022-04-22,roa,0.26,indicator.csv,roa,quarterly_direct,identity_q1_or_ytd_diff,
002839.XSHE,indicator,2022-03-31,2022q1,,2022-04-22,net_profit_margin,36.69,indicator.csv,net_profit_margin,quarterly_direct,identity_q1_or_ytd_diff,
002839.XSHE,indicator,2022-03-31,2022q1,,2022-04-22,gross_profit_margin,,indicator.csv,gross_profit_margin,,identity_q1_or_ytd_diff,missing_raw_value
002839.XSHE,indicator,2022-03-31,2022q1,,2022-04-22,expense_to_total_revenue,67.73,indicator.csv,expense_to_total_revenue,quarterly_direct,identity_q1_or_ytd_diff,
002839.XSHE,indicator,2022-03-31,2022q1,,2022-04-22,operation_profit_to_total_revenue,32.27,indicator.csv,operation_profit_to_total_revenue,quarterly_direct,identity_q1_or_ytd_diff,
002839.XSHE,indicator,2022-03-31,2022q1,,2022-04-22,net_profit_to_total_revenue,36.69,indicator.csv,net_profit_to_total_revenue,quarterly_direct,identity_q1_or_ytd_diff,
002839.XSHE,indicator,2022-03-31,2022q1,,2022-04-22,operating_expense_to_total_revenue,,indicator.csv,operating_expense_to_total_revenue,,identity_q1_or_ytd_diff,missing_raw_value
002839.XSHE,indicator,2022-03-31,2022q1,,2022-04-22,ga_expense_to_total_revenue,29.84,indicator.csv,ga_expense_to_total_revenue,quarterly_direct,identity_q1_or_ytd_diff,
002839.XSHE,indicator,2022-03-31,2022q1,,2022-04-22,financing_expense_to_total_revenue,,indicator.csv,financing_expense_to_total_revenue,,identity_q1_or_ytd_diff,missing_raw_value
002839.XSHE,indicator,2022-03-31,2022q1,,2022-04-22,operating_profit_to_profit,33.39,indicator.csv,operating_profit_to_profit,quarterly_direct,identity_q1_or_ytd_diff,
002839.XSHE,indicator,2022-03-31,2022q1,,2022-04-22,invesment_profit_to_profit,47.13,indicator.csv,invesment_profit_to_profit,quarterly_direct,identity_q1_or_ytd_diff,
002839.XSHE,indicator,2022-03-31,2022q1,,2022-04-22,adjusted_profit_to_profit,83.32,indicator.csv,adjusted_profit_to_profit,quarterly_direct,identity_q1_or_ytd_diff,
002839.XSHE,indicator,2022-03-31,2022q1,,2022-04-22,goods_sale_and_service_to_revenue,,indicator.csv,goods_sale_and_service_to_revenue,,identity_q1_or_ytd_diff,missing_raw_value
002839.XSHE,indicator,2022-03-31,2022q1,,2022-04-22,ocf_to_revenue,78.94,indicator.csv,ocf_to_revenue,quarterly_direct,identity_q1_or_ytd_diff,
002839.XSHE,indicator,2022-03-31,2022q1,,2022-04-22,ocf_to_operating_profit,244.62,indicator.csv,ocf_to_operating_profit,quarterly_direct,identity_q1_or_ytd_diff,
002839.XSHE,indicator,2022-03-31,2022q1,,2022-04-22,inc_total_revenue_year_on_year,11.8,indicator.csv,inc_total_revenue_year_on_year,quarterly_direct,identity_q1_or_ytd_diff,
002839.XSHE,indicator,2022-03-31,2022q1,,2022-04-22,inc_total_revenue_annual,1.19,indicator.csv,inc_total_revenue_annual,quarterly_direct,identity_q1_or_ytd_diff,
002839.XSHE,indicator,2022-03-31,2022q1,,2022-04-22,inc_revenue_year_on_year,11.8,indicator.csv,inc_revenue_year_on_year,quarterly_direct,identity_q1_or_ytd_diff,
002839.XSHE,indicator,2022-03-31,2022q1,,2022-04-22,inc_revenue_annual,1.19,indicator.csv,inc_revenue_annual,quarterly_direct,identity_q1_or_ytd_diff,
002839.XSHE,indicator,2022-03-31,2022q1,,2022-04-22,inc_operation_profit_year_on_year,4.16,indicator.csv,inc_operation_profit_year_on_year,quarterly_direct,identity_q1_or_ytd_diff,
002839.XSHE,indicator,2022-03-31,2022q1,,2022-04-22,inc_operation_profit_annual,11.75,indicator.csv,inc_operation_profit_annual,quarterly_direct,identity_q1_or_ytd_diff,
002839.XSHE,indicator,2022-03-31,2022q1,,2022-04-22,inc_net_profit_year_on_year,28.35,indicator.csv,inc_net_profit_year_on_year,quarterly_direct,identity_q1_or_ytd_diff,
002839.XSHE,indicator,2022-03-31,2022q1,,2022-04-22,inc_net_profit_annual,30.63,indicator.csv,inc_net_profit_annual,quarterly_direct,identity_q1_or_ytd_diff,
002839.XSHE,indicator,2022-03-31,2022q1,,2022-04-22,inc_net_profit_to_shareholders_year_on_year,29.74,indicator.csv,inc_net_profit_to_shareholders_year_on_year,quarterly_direct,identity_q1_or_ytd_diff,
002839.XSHE,indicator,2022-03-31,2022q1,,2022-04-22,inc_net_profit_to_shareholders_annual,31.78,indicator.csv,inc_net_profit_to_shareholders_annual,quarterly_direct,identity_q1_or_ytd_diff,
002839.XSHE,indicator,2022-06-30,2022q2,,2022-08-10,eps,0.1514,indicator.csv,eps,quarterly_direct,identity_q1_or_ytd_diff,
002839.XSHE,indicator,2022-06-30,2022q2,,2022-08-10,adjusted_profit,311679522.58,indicator.csv,adjusted_profit,quarterly_direct,identity_q1_or_ytd_diff,
002839.XSHE,indicator,2022-06-30,2022q2,,2022-08-10,operating_profit,317519820.54,indicator.csv,operating_profit,quarterly_direct,identity_q1_or_ytd_diff,
002839.XSHE,indicator,2022-06-30,2022q2,,2022-08-10,value_change_profit,169316329.15,indicator.csv,value_change_profit,quarterly_direct,identity_q1_or_ytd_diff,
002839.XSHE,indicator,2022-06-30,2022q2,,2022-08-10,roe,2.21,indicator.csv,roe,quarterly_direct,identity_q1_or_ytd_diff,
002839.XSHE,indicator,2022-06-30,2022q2,,2022-08-10,inc_return,2.09,indicator.csv,inc_return,quarterly_direct,identity_q1_or_ytd_diff,
002839.XSHE,indicator,2022-06-30,2022q2,,2022-08-10,roa,0.19,indicator.csv,roa,quarterly_direct,identity_q1_or_ytd_diff,
002839.XSHE,indicator,2022-06-30,2022q2,,2022-08-10,net_profit_margin,29.18,indicator.csv,net_profit_margin,quarterly_direct,identity_q1_or_ytd_diff,
002839.XSHE,indicator,2022-06-30,2022q2,,2022-08-10,gross_profit_margin,,indicator.csv,gross_profit_margin,,identity_q1_or_ytd_diff,missing_raw_value
002839.XSHE,indicator,2022-06-30,2022q2,,2022-08-10,expense_to_total_revenue,72.46,indicator.csv,expense_to_total_revenue,quarterly_direct,identity_q1_or_ytd_diff,
002839.XSHE,indicator,2022-06-30,2022q2,,2022-08-10,operation_profit_to_total_revenue,27.54,indicator.csv,operation_profit_to_total_revenue,quarterly_direct,identity_q1_or_ytd_diff,
002839.XSHE,indicator,2022-06-30,2022q2,,2022-08-10,net_profit_to_total_revenue,29.18,indicator.csv,net_profit_to_total_revenue,quarterly_direct,identity_q1_or_ytd_diff,
002839.XSHE,indicator,2022-06-30,2022q2,,2022-08-10,operating_expense_to_total_revenue,,indicator.csv,operating_expense_to_total_revenue,,identity_q1_or_ytd_diff,missing_raw_value
002839.XSHE,indicator,2022-06-30,2022q2,,2022-08-10,ga_expense_to_total_revenue,30.86,indicator.csv,ga_expense_to_total_revenue,quarterly_direct,identity_q1_or_ytd_diff,
002839.XSHE,indicator,2022-06-30,2022q2,,2022-08-10,financing_expense_to_total_revenue,,indicator.csv,financing_expense_to_total_revenue,,identity_q1_or_ytd_diff,missing_raw_value
002839.XSHE,indicator,2022-06-30,2022q2,,2022-08-10,operating_profit_to_profit,46.53,indicator.csv,operating_profit_to_profit,quarterly_direct,identity_q1_or_ytd_diff,
002839.XSHE,indicator,2022-06-30,2022q2,,2022-08-10,invesment_profit_to_profit,53.16,indicator.csv,invesment_profit_to_profit,quarterly_direct,identity_q1_or_ytd_diff,
002839.XSHE,indicator,2022-06-30,2022q2,,2022-08-10,adjusted_profit_to_profit,94.88,indicator.csv,adjusted_profit_to_profit,quarterly_direct,identity_q1_or_ytd_diff,
002839.XSHE,indicator,2022-06-30,2022q2,,2022-08-10,goods_sale_and_service_to_revenue,,indicator.csv,goods_sale_and_service_to_revenue,,identity_q1_or_ytd_diff,missing_raw_value
002839.XSHE,indicator,2022-06-30,2022q2,,2022-08-10,ocf_to_revenue,-57.76,indicator.csv,ocf_to_revenue,quarterly_direct,identity_q1_or_ytd_diff,
002839.XSHE,indicator,2022-06-30,2022q2,,2022-08-10,ocf_to_operating_profit,-209.75,indicator.csv,ocf_to_operating_profit,quarterly_direct,identity_q1_or_ytd_diff,
002839.XSHE,indicator,2022-06-30,2022q2,,2022-08-10,inc_total_revenue_year_on_year,0.1,indicator.csv,inc_total_revenue_year_on_year,quarterly_direct,identity_q1_or_ytd_diff,
002839.XSHE,indicator,2022-06-30,2022q2,,2022-08-10,inc_total_revenue_annual,-3.87,indicator.csv,inc_total_revenue_annual,quarterly_direct,identity_q1_or_ytd_diff,
002839.XSHE,indicator,2022-06-30,2022q2,,2022-08-10,inc_revenue_year_on_year,0.1,indicator.csv,inc_revenue_year_on_year,quarterly_direct,identity_q1_or_ytd_diff,
002839.XSHE,indicator,2022-06-30,2022q2,,2022-08-10,inc_revenue_annual,-3.87,indicator.csv,inc_revenue_annual,quarterly_direct,identity_q1_or_ytd_diff,
002839.XSHE,indicator,2022-06-30,2022q2,,2022-08-10,inc_operation_profit_year_on_year,28.0,indicator.csv,inc_operation_profit_year_on_year,quarterly_direct,identity_q1_or_ytd_diff,
002839.XSHE,indicator,2022-06-30,2022q2,,2022-08-10,inc_operation_profit_annual,-17.96,indicator.csv,inc_operation_profit_annual,quarterly_direct,identity_q1_or_ytd_diff,
002839.XSHE,indicator,2022-06-30,2022q2,,2022-08-10,inc_net_profit_year_on_year,25.41,indicator.csv,inc_net_profit_year_on_year,quarterly_direct,identity_q1_or_ytd_diff,
002839.XSHE,indicator,2022-06-30,2022q2,,2022-08-10,inc_net_profit_annual,-23.54,indicator.csv,inc_net_profit_annual,quarterly_direct,identity_q1_or_ytd_diff,
002839.XSHE,indicator,2022-06-30,2022q2,,2022-08-10,inc_net_profit_to_shareholders_year_on_year,25.23,indicator.csv,inc_net_profit_to_shareholders_year_on_year,quarterly_direct,identity_q1_or_ytd_diff,
002839.XSHE,indicator,2022-06-30,2022q2,,2022-08-10,inc_net_profit_to_shareholders_annual,-24.2,indicator.csv,inc_net_profit_to_shareholders_annual,quarterly_direct,identity_q1_or_ytd_diff,
002839.XSHE,indicator,2022-09-30,2022q3,,2022-10-29,eps,0.2335,indicator.csv,eps,quarterly_direct,identity_q1_or_ytd_diff,
002839.XSHE,indicator,2022-09-30,2022q3,,2022-10-29,adjusted_profit,476406183.76,indicator.csv,adjusted_profit,quarterly_direct,identity_q1_or_ytd_diff,
002839.XSHE,indicator,2022-09-30,2022q3,,2022-10-29,operating_profit,558382771.59,indicator.csv,operating_profit,quarterly_direct,identity_q1_or_ytd_diff,
002839.XSHE,indicator,2022-09-30,2022q3,,2022-10-29,value_change_profit,266907091.93,indicator.csv,value_change_profit,quarterly_direct,identity_q1_or_ytd_diff,
002839.XSHE,indicator,2022-09-30,2022q3,,2022-10-29,roe,3.34,indicator.csv,roe,quarterly_direct,identity_q1_or_ytd_diff,
002839.XSHE,indicator,2022-09-30,2022q3,,2022-10-29,inc_return,3.14,indicator.csv,inc_return,quarterly_direct,identity_q1_or_ytd_diff,
002839.XSHE,indicator,2022-09-30,2022q3,,2022-10-29,roa,0.28,indicator.csv,roa,quarterly_direct,identity_q1_or_ytd_diff,
002839.XSHE,indicator,2022-09-30,2022q3,,2022-10-29,net_profit_margin,38.55,indicator.csv,net_profit_margin,quarterly_direct,identity_q1_or_ytd_diff,
002839.XSHE,indicator,2022-09-30,2022q3,,2022-10-29,gross_profit_margin,,indicator.csv,gross_profit_margin,,identity_q1_or_ytd_diff,missing_raw_value
002839.XSHE,indicator,2022-09-30,2022q3,,2022-10-29,expense_to_total_revenue,57.69,indicator.csv,expense_to_total_revenue,quarterly_direct,identity_q1_or_ytd_diff,
002839.XSHE,indicator,2022-09-30,2022q3,,2022-10-29,operation_profit_to_total_revenue,42.31,indicator.csv,operation_profit_to_total_revenue,quarterly_direct,identity_q1_or_ytd_diff,
002839.XSHE,indicator,2022-09-30,2022q3,,2022-10-29,net_profit_to_total_revenue,38.55,indicator.csv,net_profit_to_total_revenue,quarterly_direct,identity_q1_or_ytd_diff,
002839.XSHE,indicator,2022-09-30,2022q3,,2022-10-29,operating_expense_to_total_revenue,,indicator.csv,operating_expense_to_total_revenue,,identity_q1_or_ytd_diff,missing_raw_value
002839.XSHE,indicator,2022-09-30,2022q3,,2022-10-29,ga_expense_to_total_revenue,30.11,indicator.csv,ga_expense_to_total_revenue,quarterly_direct,identity_q1_or_ytd_diff,
002839.XSHE,indicator,2022-09-30,2022q3,,2022-10-29,financing_expense_to_total_revenue,,indicator.csv,financing_expense_to_total_revenue,,identity_q1_or_ytd_diff,missing_raw_value
002839.XSHE,indicator,2022-09-30,2022q3,,2022-10-29,operating_profit_to_profit,52.92,indicator.csv,operating_profit_to_profit,quarterly_direct,identity_q1_or_ytd_diff,
002839.XSHE,indicator,2022-09-30,2022q3,,2022-10-29,invesment_profit_to_profit,48.46,indicator.csv,invesment_profit_to_profit,quarterly_direct,identity_q1_or_ytd_diff,
002839.XSHE,indicator,2022-09-30,2022q3,,2022-10-29,adjusted_profit_to_profit,94.04,indicator.csv,adjusted_profit_to_profit,quarterly_direct,identity_q1_or_ytd_diff,
002839.XSHE,indicator,2022-09-30,2022q3,,2022-10-29,goods_sale_and_service_to_revenue,,indicator.csv,goods_sale_and_service_to_revenue,,identity_q1_or_ytd_diff,missing_raw_value
002839.XSHE,indicator,2022-09-30,2022q3,,2022-10-29,ocf_to_revenue,488.25,indicator.csv,ocf_to_revenue,quarterly_direct,identity_q1_or_ytd_diff,
002839.XSHE,indicator,2022-09-30,2022q3,,2022-10-29,ocf_to_operating_profit,1153.94,indicator.csv,ocf_to_operating_profit,quarterly_direct,identity_q1_or_ytd_diff,
002839.XSHE,indicator,2022-09-30,2022q3,,2022-10-29,inc_total_revenue_year_on_year,9.41,indicator.csv,inc_total_revenue_year_on_year,quarterly_direct,identity_q1_or_ytd_diff,
002839.XSHE,indicator,2022-09-30,2022q3,,2022-10-29,inc_total_revenue_annual,14.45,indicator.csv,inc_total_revenue_annual,quarterly_direct,identity_q1_or_ytd_diff,
002839.XSHE,indicator,2022-09-30,2022q3,,2022-10-29,inc_revenue_year_on_year,9.41,indicator.csv,inc_revenue_year_on_year,quarterly_direct,identity_q1_or_ytd_diff,
002839.XSHE,indicator,2022-09-30,2022q3,,2022-10-29,inc_revenue_annual,14.45,indicator.csv,inc_revenue_annual,quarterly_direct,identity_q1_or_ytd_diff,
002839.XSHE,indicator,2022-09-30,2022q3,,2022-10-29,inc_operation_profit_year_on_year,35.74,indicator.csv,inc_operation_profit_year_on_year,quarterly_direct,identity_q1_or_ytd_diff,
002839.XSHE,indicator,2022-09-30,2022q3,,2022-10-29,inc_operation_profit_annual,75.86,indicator.csv,inc_operation_profit_annual,quarterly_direct,identity_q1_or_ytd_diff,
002839.XSHE,indicator,2022-09-30,2022q3,,2022-10-29,inc_net_profit_year_on_year,30.94,indicator.csv,inc_net_profit_year_on_year,quarterly_direct,identity_q1_or_ytd_diff,
002839.XSHE,indicator,2022-09-30,2022q3,,2022-10-29,inc_net_profit_annual,51.19,indicator.csv,inc_net_profit_annual,quarterly_direct,identity_q1_or_ytd_diff,
002839.XSHE,indicator,2022-09-30,2022q3,,2022-10-29,inc_net_profit_to_shareholders_year_on_year,33.78,indicator.csv,inc_net_profit_to_shareholders_year_on_year,quarterly_direct,identity_q1_or_ytd_diff,
002839.XSHE,indicator,2022-09-30,2022q3,,2022-10-29,inc_net_profit_to_shareholders_annual,54.21,indicator.csv,inc_net_profit_to_shareholders_annual,quarterly_direct,identity_q1_or_ytd_diff,
002839.XSHE,indicator,2022-12-31,2022q4,,2023-03-28,eps,0.1906,indicator.csv,eps,quarterly_direct,identity_q1_or_ytd_diff,
002839.XSHE,indicator,2022-12-31,2022q4,,2023-03-28,adjusted_profit,394434074.61,indicator.csv,adjusted_profit,quarterly_direct,identity_q1_or_ytd_diff,
002839.XSHE,indicator,2022-12-31,2022q4,,2023-03-28,operating_profit,514856726.27,indicator.csv,operating_profit,quarterly_direct,identity_q1_or_ytd_diff,
002839.XSHE,indicator,2022-12-31,2022q4,,2023-03-28,value_change_profit,87285642.17,indicator.csv,value_change_profit,quarterly_direct,identity_q1_or_ytd_diff,
002839.XSHE,indicator,2022-12-31,2022q4,,2023-03-28,roe,2.67,indicator.csv,roe,quarterly_direct,identity_q1_or_ytd_diff,
002839.XSHE,indicator,2022-12-31,2022q4,,2023-03-28,inc_return,2.54,indicator.csv,inc_return,quarterly_direct,identity_q1_or_ytd_diff,
002839.XSHE,indicator,2022-12-31,2022q4,,2023-03-28,roa,0.22,indicator.csv,roa,quarterly_direct,identity_q1_or_ytd_diff,
002839.XSHE,indicator,2022-12-31,2022q4,,2023-03-28,net_profit_margin,35.78,indicator.csv,net_profit_margin,quarterly_direct,identity_q1_or_ytd_diff,
002839.XSHE,indicator,2022-12-31,2022q4,,2023-03-28,gross_profit_margin,,indicator.csv,gross_profit_margin,,identity_q1_or_ytd_diff,missing_raw_value
002839.XSHE,indicator,2022-12-31,2022q4,,2023-03-28,expense_to_total_revenue,55.43,indicator.csv,expense_to_total_revenue,quarterly_direct,identity_q1_or_ytd_diff,
002839.XSHE,indicator,2022-12-31,2022q4,,2023-03-28,operation_profit_to_total_revenue,44.57,indicator.csv,operation_profit_to_total_revenue,quarterly_direct,identity_q1_or_ytd_diff,
002839.XSHE,indicator,2022-12-31,2022q4,,2023-03-28,net_profit_to_total_revenue,35.78,indicator.csv,net_profit_to_total_revenue,quarterly_direct,identity_q1_or_ytd_diff,
002839.XSHE,indicator,2022-12-31,2022q4,,2023-03-28,operating_expense_to_total_revenue,,indicator.csv,operating_expense_to_total_revenue,,identity_q1_or_ytd_diff,missing_raw_value
002839.XSHE,indicator,2022-12-31,2022q4,,2023-03-28,ga_expense_to_total_revenue,40.11,indicator.csv,ga_expense_to_total_revenue,quarterly_direct,identity_q1_or_ytd_diff,
002839.XSHE,indicator,2022-12-31,2022q4,,2023-03-28,financing_expense_to_total_revenue,,indicator.csv,financing_expense_to_total_revenue,,identity_q1_or_ytd_diff,missing_raw_value
002839.XSHE,indicator,2022-12-31,2022q4,,2023-03-28,operating_profit_to_profit,84.67,indicator.csv,operating_profit_to_profit,quarterly_direct,identity_q1_or_ytd_diff,
002839.XSHE,indicator,2022-12-31,2022q4,,2023-03-28,invesment_profit_to_profit,17.28,indicator.csv,invesment_profit_to_profit,quarterly_direct,identity_q1_or_ytd_diff,
002839.XSHE,indicator,2022-12-31,2022q4,,2023-03-28,adjusted_profit_to_profit,95.37,indicator.csv,adjusted_profit_to_profit,quarterly_direct,identity_q1_or_ytd_diff,
002839.XSHE,indicator,2022-12-31,2022q4,,2023-03-28,goods_sale_and_service_to_revenue,,indicator.csv,goods_sale_and_service_to_revenue,,identity_q1_or_ytd_diff,missing_raw_value
002839.XSHE,indicator,2022-12-31,2022q4,,2023-03-28,ocf_to_revenue,78.68,indicator.csv,ocf_to_revenue,quarterly_direct,identity_q1_or_ytd_diff,
002839.XSHE,indicator,2022-12-31,2022q4,,2023-03-28,ocf_to_operating_profit,176.53,indicator.csv,ocf_to_operating_profit,quarterly_direct,identity_q1_or_ytd_diff,
002839.XSHE,indicator,2022-12-31,2022q4,,2023-03-28,inc_total_revenue_year_on_year,-2.55,indicator.csv,inc_total_revenue_year_on_year,quarterly_direct,identity_q1_or_ytd_diff,
002839.XSHE,indicator,2022-12-31,2022q4,,2023-03-28,inc_total_revenue_annual,-12.47,indicator.csv,inc_total_revenue_annual,quarterly_direct,identity_q1_or_ytd_diff,
002839.XSHE,indicator,2022-12-31,2022q4,,2023-03-28,inc_revenue_year_on_year,-2.55,indicator.csv,inc_revenue_year_on_year,quarterly_direct,identity_q1_or_ytd_diff,
002839.XSHE,indicator,2022-12-31,2022q4,,2023-03-28,inc_revenue_annual,-12.47,indicator.csv,inc_revenue_annual,quarterly_direct,identity_q1_or_ytd_diff,
002839.XSHE,indicator,2022-12-31,2022q4,,2023-03-28,inc_operation_profit_year_on_year,48.65,indicator.csv,inc_operation_profit_year_on_year,quarterly_direct,identity_q1_or_ytd_diff,
002839.XSHE,indicator,2022-12-31,2022q4,,2023-03-28,inc_operation_profit_annual,-7.8,indicator.csv,inc_operation_profit_annual,quarterly_direct,identity_q1_or_ytd_diff,
002839.XSHE,indicator,2022-12-31,2022q4,,2023-03-28,inc_net_profit_year_on_year,22.69,indicator.csv,inc_net_profit_year_on_year,quarterly_direct,identity_q1_or_ytd_diff,
002839.XSHE,indicator,2022-12-31,2022q4,,2023-03-28,inc_net_profit_annual,-18.75,indicator.csv,inc_net_profit_annual,quarterly_direct,identity_q1_or_ytd_diff,
002839.XSHE,indicator,2022-12-31,2022q4,,2023-03-28,inc_net_profit_to_shareholders_year_on_year,25.77,indicator.csv,inc_net_profit_to_shareholders_year_on_year,quarterly_direct,identity_q1_or_ytd_diff,
002839.XSHE,indicator,2022-12-31,2022q4,,2023-03-28,inc_net_profit_to_shareholders_annual,-18.35,indicator.csv,inc_net_profit_to_shareholders_annual,quarterly_direct,identity_q1_or_ytd_diff,
002839.XSHE,indicator,2023-03-31,2023q1,,2023-04-29,eps,0.2345,indicator.csv,eps,quarterly_direct,identity_q1_or_ytd_diff,
002839.XSHE,indicator,2023-03-31,2023q1,,2023-04-29,adjusted_profit,505578448.82,indicator.csv,adjusted_profit,quarterly_direct,identity_q1_or_ytd_diff,
002839.XSHE,indicator,2023-03-31,2023q1,,2023-04-29,operating_profit,573525849.37,indicator.csv,operating_profit,quarterly_direct,identity_q1_or_ytd_diff,
002839.XSHE,indicator,2023-03-31,2023q1,,2023-04-29,value_change_profit,143478321.9,indicator.csv,value_change_profit,quarterly_direct,identity_q1_or_ytd_diff,
002839.XSHE,indicator,2023-03-31,2023q1,,2023-04-29,roe,3.21,indicator.csv,roe,quarterly_direct,identity_q1_or_ytd_diff,
002839.XSHE,indicator,2023-03-31,2023q1,,2023-04-29,inc_return,3.19,indicator.csv,inc_return,quarterly_direct,identity_q1_or_ytd_diff,
002839.XSHE,indicator,2023-03-31,2023q1,,2023-04-29,roa,0.27,indicator.csv,roa,quarterly_direct,identity_q1_or_ytd_diff,
002839.XSHE,indicator,2023-03-31,2023q1,,2023-04-29,net_profit_margin,43.0,indicator.csv,net_profit_margin,quarterly_direct,identity_q1_or_ytd_diff,
002839.XSHE,indicator,2023-03-31,2023q1,,2023-04-29,gross_profit_margin,,indicator.csv,gross_profit_margin,,identity_q1_or_ytd_diff,missing_raw_value
002839.XSHE,indicator,2023-03-31,2023q1,,2023-04-29,expense_to_total_revenue,51.87,indicator.csv,expense_to_total_revenue,quarterly_direct,identity_q1_or_ytd_diff,
002839.XSHE,indicator,2023-03-31,2023q1,,2023-04-29,operation_profit_to_total_revenue,48.13,indicator.csv,operation_profit_to_total_revenue,quarterly_direct,identity_q1_or_ytd_diff,
002839.XSHE,indicator,2023-03-31,2023q1,,2023-04-29,net_profit_to_total_revenue,43.0,indicator.csv,net_profit_to_total_revenue,quarterly_direct,identity_q1_or_ytd_diff,
002839.XSHE,indicator,2023-03-31,2023q1,,2023-04-29,operating_expense_to_total_revenue,,indicator.csv,operating_expense_to_total_revenue,,identity_q1_or_ytd_diff,missing_raw_value
002839.XSHE,indicator,2023-03-31,2023q1,,2023-04-29,ga_expense_to_total_revenue,31.16,indicator.csv,ga_expense_to_total_revenue,quarterly_direct,identity_q1_or_ytd_diff,
002839.XSHE,indicator,2023-03-31,2023q1,,2023-04-29,financing_expense_to_total_revenue,,indicator.csv,financing_expense_to_total_revenue,,identity_q1_or_ytd_diff,missing_raw_value
002839.XSHE,indicator,2023-03-31,2023q1,,2023-04-29,operating_profit_to_profit,75.28,indicator.csv,operating_profit_to_profit,quarterly_direct,identity_q1_or_ytd_diff,
002839.XSHE,indicator,2023-03-31,2023q1,,2023-04-29,invesment_profit_to_profit,25.11,indicator.csv,invesment_profit_to_profit,quarterly_direct,identity_q1_or_ytd_diff,
002839.XSHE,indicator,2023-03-31,2023q1,,2023-04-29,adjusted_profit_to_profit,99.36,indicator.csv,adjusted_profit_to_profit,quarterly_direct,identity_q1_or_ytd_diff,
002839.XSHE,indicator,2023-03-31,2023q1,,2023-04-29,goods_sale_and_service_to_revenue,,indicator.csv,goods_sale_and_service_to_revenue,,identity_q1_or_ytd_diff,missing_raw_value
002839.XSHE,indicator,2023-03-31,2023q1,,2023-04-29,ocf_to_revenue,286.2,indicator.csv,ocf_to_revenue,quarterly_direct,identity_q1_or_ytd_diff,
002839.XSHE,indicator,2023-03-31,2023q1,,2023-04-29,ocf_to_operating_profit,594.69,indicator.csv,ocf_to_operating_profit,quarterly_direct,identity_q1_or_ytd_diff,
002839.XSHE,indicator,2023-03-31,2023q1,,2023-04-29,inc_total_revenue_year_on_year,-0.64,indicator.csv,inc_total_revenue_year_on_year,quarterly_direct,identity_q1_or_ytd_diff,
002839.XSHE,indicator,2023-03-31,2023q1,,2023-04-29,inc_total_revenue_annual,3.17,indicator.csv,inc_total_revenue_annual,quarterly_direct,identity_q1_or_ytd_diff,
002839.XSHE,indicator,2023-03-31,2023q1,,2023-04-29,inc_revenue_year_on_year,-0.64,indicator.csv,inc_revenue_year_on_year,quarterly_direct,identity_q1_or_ytd_diff,
002839.XSHE,indicator,2023-03-31,2023q1,,2023-04-29,inc_revenue_annual,3.17,indicator.csv,inc_revenue_annual,quarterly_direct,identity_q1_or_ytd_diff,
002839.XSHE,indicator,2023-03-31,2023q1,,2023-04-29,inc_operation_profit_year_on_year,48.18,indicator.csv,inc_operation_profit_year_on_year,quarterly_direct,identity_q1_or_ytd_diff,
002839.XSHE,indicator,2023-03-31,2023q1,,2023-04-29,inc_operation_profit_annual,11.4,indicator.csv,inc_operation_profit_annual,quarterly_direct,identity_q1_or_ytd_diff,
002839.XSHE,indicator,2023-03-31,2023q1,,2023-04-29,inc_net_profit_year_on_year,16.45,indicator.csv,inc_net_profit_year_on_year,quarterly_direct,identity_q1_or_ytd_diff,
002839.XSHE,indicator,2023-03-31,2023q1,,2023-04-29,inc_net_profit_annual,23.99,indicator.csv,inc_net_profit_annual,quarterly_direct,identity_q1_or_ytd_diff,
002839.XSHE,indicator,2023-03-31,2023q1,,2023-04-29,inc_net_profit_to_shareholders_year_on_year,17.42,indicator.csv,inc_net_profit_to_shareholders_year_on_year,quarterly_direct,identity_q1_or_ytd_diff,
002839.XSHE,indicator,2023-03-31,2023q1,,2023-04-29,inc_net_profit_to_shareholders_annual,23.02,indicator.csv,inc_net_profit_to_shareholders_annual,quarterly_direct,identity_q1_or_ytd_diff,
002839.XSHE,indicator,2023-06-30,2023q2,,2023-08-29,eps,0.1645,indicator.csv,eps,quarterly_direct,identity_q1_or_ytd_diff,
002839.XSHE,indicator,2023-06-30,2023q2,,2023-08-29,adjusted_profit,322023709.73,indicator.csv,adjusted_profit,quarterly_direct,identity_q1_or_ytd_diff,
002839.XSHE,indicator,2023-06-30,2023q2,,2023-08-29,operating_profit,337735394.38,indicator.csv,operating_profit,quarterly_direct,identity_q1_or_ytd_diff,
002839.XSHE,indicator,2023-06-30,2023q2,,2023-08-29,value_change_profit,176423769.52,indicator.csv,value_change_profit,quarterly_direct,identity_q1_or_ytd_diff,
002839.XSHE,indicator,2023-06-30,2023q2,,2023-08-29,roe,2.21,indicator.csv,roe,quarterly_direct,identity_q1_or_ytd_diff,
002839.XSHE,indicator,2023-06-30,2023q2,,2023-08-29,inc_return,1.99,indicator.csv,inc_return,quarterly_direct,identity_q1_or_ytd_diff,
002839.XSHE,indicator,2023-06-30,2023q2,,2023-08-29,roa,0.18,indicator.csv,roa,quarterly_direct,identity_q1_or_ytd_diff,
002839.XSHE,indicator,2023-06-30,2023q2,,2023-08-29,net_profit_margin,30.17,indicator.csv,net_profit_margin,quarterly_direct,identity_q1_or_ytd_diff,
002839.XSHE,indicator,2023-06-30,2023q2,,2023-08-29,gross_profit_margin,,indicator.csv,gross_profit_margin,,identity_q1_or_ytd_diff,missing_raw_value
002839.XSHE,indicator,2023-06-30,2023q2,,2023-08-29,expense_to_total_revenue,71.71,indicator.csv,expense_to_total_revenue,quarterly_direct,identity_q1_or_ytd_diff,
002839.XSHE,indicator,2023-06-30,2023q2,,2023-08-29,operation_profit_to_total_revenue,28.29,indicator.csv,operation_profit_to_total_revenue,quarterly_direct,identity_q1_or_ytd_diff,
002839.XSHE,indicator,2023-06-30,2023q2,,2023-08-29,net_profit_to_total_revenue,30.17,indicator.csv,net_profit_to_total_revenue,quarterly_direct,identity_q1_or_ytd_diff,
002839.XSHE,indicator,2023-06-30,2023q2,,2023-08-29,operating_expense_to_total_revenue,,indicator.csv,operating_expense_to_total_revenue,,identity_q1_or_ytd_diff,missing_raw_value
002839.XSHE,indicator,2023-06-30,2023q2,,2023-08-29,ga_expense_to_total_revenue,33.31,indicator.csv,ga_expense_to_total_revenue,quarterly_direct,identity_q1_or_ytd_diff,
002839.XSHE,indicator,2023-06-30,2023q2,,2023-08-29,financing_expense_to_total_revenue,,indicator.csv,financing_expense_to_total_revenue,,identity_q1_or_ytd_diff,missing_raw_value
002839.XSHE,indicator,2023-06-30,2023q2,,2023-08-29,operating_profit_to_profit,47.04,indicator.csv,operating_profit_to_profit,quarterly_direct,identity_q1_or_ytd_diff,
002839.XSHE,indicator,2023-06-30,2023q2,,2023-08-29,invesment_profit_to_profit,51.44,indicator.csv,invesment_profit_to_profit,quarterly_direct,identity_q1_or_ytd_diff,
002839.XSHE,indicator,2023-06-30,2023q2,,2023-08-29,adjusted_profit_to_profit,90.21,indicator.csv,adjusted_profit_to_profit,quarterly_direct,identity_q1_or_ytd_diff,
002839.XSHE,indicator,2023-06-30,2023q2,,2023-08-29,goods_sale_and_service_to_revenue,,indicator.csv,goods_sale_and_service_to_revenue,,identity_q1_or_ytd_diff,missing_raw_value
002839.XSHE,indicator,2023-06-30,2023q2,,2023-08-29,ocf_to_revenue,-311.19,indicator.csv,ocf_to_revenue,quarterly_direct,identity_q1_or_ytd_diff,
002839.XSHE,indicator,2023-06-30,2023q2,,2023-08-29,ocf_to_operating_profit,-1100.05,indicator.csv,ocf_to_operating_profit,quarterly_direct,identity_q1_or_ytd_diff,
002839.XSHE,indicator,2023-06-30,2023q2,,2023-08-29,inc_total_revenue_year_on_year,3.54,indicator.csv,inc_total_revenue_year_on_year,quarterly_direct,identity_q1_or_ytd_diff,
002839.XSHE,indicator,2023-06-30,2023q2,,2023-08-29,inc_total_revenue_annual,0.18,indicator.csv,inc_total_revenue_annual,quarterly_direct,identity_q1_or_ytd_diff,
002839.XSHE,indicator,2023-06-30,2023q2,,2023-08-29,inc_revenue_year_on_year,3.54,indicator.csv,inc_revenue_year_on_year,quarterly_direct,identity_q1_or_ytd_diff,
002839.XSHE,indicator,2023-06-30,2023q2,,2023-08-29,inc_revenue_annual,0.18,indicator.csv,inc_revenue_annual,quarterly_direct,identity_q1_or_ytd_diff,
002839.XSHE,indicator,2023-06-30,2023q2,,2023-08-29,inc_operation_profit_year_on_year,6.37,indicator.csv,inc_operation_profit_year_on_year,quarterly_direct,identity_q1_or_ytd_diff,
002839.XSHE,indicator,2023-06-30,2023q2,,2023-08-29,inc_operation_profit_annual,-41.11,indicator.csv,inc_operation_profit_annual,quarterly_direct,identity_q1_or_ytd_diff,
002839.XSHE,indicator,2023-06-30,2023q2,,2023-08-29,inc_net_profit_year_on_year,7.04,indicator.csv,inc_net_profit_year_on_year,quarterly_direct,identity_q1_or_ytd_diff,
002839.XSHE,indicator,2023-06-30,2023q2,,2023-08-29,inc_net_profit_annual,-29.72,indicator.csv,inc_net_profit_annual,quarterly_direct,identity_q1_or_ytd_diff,
002839.XSHE,indicator,2023-06-30,2023q2,,2023-08-29,inc_net_profit_to_shareholders_year_on_year,8.67,indicator.csv,inc_net_profit_to_shareholders_year_on_year,quarterly_direct,identity_q1_or_ytd_diff,
002839.XSHE,indicator,2023-06-30,2023q2,,2023-08-29,inc_net_profit_to_shareholders_annual,-29.84,indicator.csv,inc_net_profit_to_shareholders_annual,quarterly_direct,identity_q1_or_ytd_diff,
002839.XSHE,indicator,2023-09-30,2023q3,,2023-10-31,eps,0.2453,indicator.csv,eps,quarterly_direct,identity_q1_or_ytd_diff,
002839.XSHE,indicator,2023-09-30,2023q3,,2023-10-31,adjusted_profit,517556872.15,indicator.csv,adjusted_profit,quarterly_direct,identity_q1_or_ytd_diff,
002839.XSHE,indicator,2023-09-30,2023q3,,2023-10-31,operating_profit,620410746.31,indicator.csv,operating_profit,quarterly_direct,identity_q1_or_ytd_diff,
002839.XSHE,indicator,2023-09-30,2023q3,,2023-10-31,value_change_profit,142800907.21,indicator.csv,value_change_profit,quarterly_direct,identity_q1_or_ytd_diff,
002839.XSHE,indicator,2023-09-30,2023q3,,2023-10-31,roe,3.25,indicator.csv,roe,quarterly_direct,identity_q1_or_ytd_diff,
002839.XSHE,indicator,2023-09-30,2023q3,,2023-10-31,inc_return,3.16,indicator.csv,inc_return,quarterly_direct,identity_q1_or_ytd_diff,
002839.XSHE,indicator,2023-09-30,2023q3,,2023-10-31,roa,0.27,indicator.csv,roa,quarterly_direct,identity_q1_or_ytd_diff,
002839.XSHE,indicator,2023-09-30,2023q3,,2023-10-31,net_profit_margin,47.48,indicator.csv,net_profit_margin,quarterly_direct,identity_q1_or_ytd_diff,
002839.XSHE,indicator,2023-09-30,2023q3,,2023-10-31,gross_profit_margin,,indicator.csv,gross_profit_margin,,identity_q1_or_ytd_diff,missing_raw_value
002839.XSHE,indicator,2023-09-30,2023q3,,2023-10-31,expense_to_total_revenue,45.84,indicator.csv,expense_to_total_revenue,quarterly_direct,identity_q1_or_ytd_diff,
002839.XSHE,indicator,2023-09-30,2023q3,,2023-10-31,operation_profit_to_total_revenue,54.16,indicator.csv,operation_profit_to_total_revenue,quarterly_direct,identity_q1_or_ytd_diff,
002839.XSHE,indicator,2023-09-30,2023q3,,2023-10-31,net_profit_to_total_revenue,47.48,indicator.csv,net_profit_to_total_revenue,quarterly_direct,identity_q1_or_ytd_diff,
002839.XSHE,indicator,2023-09-30,2023q3,,2023-10-31,operating_expense_to_total_revenue,,indicator.csv,operating_expense_to_total_revenue,,identity_q1_or_ytd_diff,missing_raw_value
002839.XSHE,indicator,2023-09-30,2023q3,,2023-10-31,ga_expense_to_total_revenue,34.75,indicator.csv,ga_expense_to_total_revenue,quarterly_direct,identity_q1_or_ytd_diff,
002839.XSHE,indicator,2023-09-30,2023q3,,2023-10-31,financing_expense_to_total_revenue,,indicator.csv,financing_expense_to_total_revenue,,identity_q1_or_ytd_diff,missing_raw_value
002839.XSHE,indicator,2023-09-30,2023q3,,2023-10-31,operating_profit_to_profit,76.54,indicator.csv,operating_profit_to_profit,quarterly_direct,identity_q1_or_ytd_diff,
002839.XSHE,indicator,2023-09-30,2023q3,,2023-10-31,invesment_profit_to_profit,22.89,indicator.csv,invesment_profit_to_profit,quarterly_direct,identity_q1_or_ytd_diff,
002839.XSHE,indicator,2023-09-30,2023q3,,2023-10-31,adjusted_profit_to_profit,97.24,indicator.csv,adjusted_profit_to_profit,quarterly_direct,identity_q1_or_ytd_diff,
002839.XSHE,indicator,2023-09-30,2023q3,,2023-10-31,goods_sale_and_service_to_revenue,,indicator.csv,goods_sale_and_service_to_revenue,,identity_q1_or_ytd_diff,missing_raw_value
002839.XSHE,indicator,2023-09-30,2023q3,,2023-10-31,ocf_to_revenue,17.39,indicator.csv,ocf_to_revenue,quarterly_direct,identity_q1_or_ytd_diff,
002839.XSHE,indicator,2023-09-30,2023q3,,2023-10-31,ocf_to_operating_profit,32.11,indicator.csv,ocf_to_operating_profit,quarterly_direct,identity_q1_or_ytd_diff,
002839.XSHE,indicator,2023-09-30,2023q3,,2023-10-31,inc_total_revenue_year_on_year,-13.21,indicator.csv,inc_total_revenue_year_on_year,quarterly_direct,identity_q1_or_ytd_diff,
002839.XSHE,indicator,2023-09-30,2023q3,,2023-10-31,inc_total_revenue_annual,-4.06,indicator.csv,inc_total_revenue_annual,quarterly_direct,identity_q1_or_ytd_diff,
002839.XSHE,indicator,2023-09-30,2023q3,,2023-10-31,inc_revenue_year_on_year,-13.21,indicator.csv,inc_revenue_year_on_year,quarterly_direct,identity_q1_or_ytd_diff,
002839.XSHE,indicator,2023-09-30,2023q3,,2023-10-31,inc_revenue_annual,-4.06,indicator.csv,inc_revenue_annual,quarterly_direct,identity_q1_or_ytd_diff,
002839.XSHE,indicator,2023-09-30,2023q3,,2023-10-31,inc_operation_profit_year_on_year,11.11,indicator.csv,inc_operation_profit_year_on_year,quarterly_direct,identity_q1_or_ytd_diff,
002839.XSHE,indicator,2023-09-30,2023q3,,2023-10-31,inc_operation_profit_annual,83.7,indicator.csv,inc_operation_profit_annual,quarterly_direct,identity_q1_or_ytd_diff,
002839.XSHE,indicator,2023-09-30,2023q3,,2023-10-31,inc_net_profit_year_on_year,6.91,indicator.csv,inc_net_profit_year_on_year,quarterly_direct,identity_q1_or_ytd_diff,
002839.XSHE,indicator,2023-09-30,2023q3,,2023-10-31,inc_net_profit_annual,51.0,indicator.csv,inc_net_profit_annual,quarterly_direct,identity_q1_or_ytd_diff,
002839.XSHE,indicator,2023-09-30,2023q3,,2023-10-31,inc_net_profit_to_shareholders_year_on_year,5.06,indicator.csv,inc_net_profit_to_shareholders_year_on_year,quarterly_direct,identity_q1_or_ytd_diff,
002839.XSHE,indicator,2023-09-30,2023q3,,2023-10-31,inc_net_profit_to_shareholders_annual,49.09,indicator.csv,inc_net_profit_to_shareholders_annual,quarterly_direct,identity_q1_or_ytd_diff,
002839.XSHE,indicator,2023-12-31,2023q4,,2024-04-30,eps,0.1792,indicator.csv,eps,quarterly_direct,identity_q1_or_ytd_diff,
002839.XSHE,indicator,2023-12-31,2023q4,,2024-04-30,adjusted_profit,383673995.71,indicator.csv,adjusted_profit,quarterly_direct,identity_q1_or_ytd_diff,
002839.XSHE,indicator,2023-12-31,2023q4,,2024-04-30,operating_profit,392927911.33,indicator.csv,operating_profit,quarterly_direct,identity_q1_or_ytd_diff,
002839.XSHE,indicator,2023-12-31,2023q4,,2024-04-30,value_change_profit,100340848.61,indicator.csv,value_change_profit,quarterly_direct,identity_q1_or_ytd_diff,
002839.XSHE,indicator,2023-12-31,2023q4,,2024-04-30,roe,2.31,indicator.csv,roe,quarterly_direct,identity_q1_or_ytd_diff,
002839.XSHE,indicator,2023-12-31,2023q4,,2024-04-30,inc_return,2.28,indicator.csv,inc_return,quarterly_direct,identity_q1_or_ytd_diff,
002839.XSHE,indicator,2023-12-31,2023q4,,2024-04-30,roa,0.19,indicator.csv,roa,quarterly_direct,identity_q1_or_ytd_diff,
002839.XSHE,indicator,2023-12-31,2023q4,,2024-04-30,net_profit_margin,37.78,indicator.csv,net_profit_margin,quarterly_direct,identity_q1_or_ytd_diff,
002839.XSHE,indicator,2023-12-31,2023q4,,2024-04-30,gross_profit_margin,,indicator.csv,gross_profit_margin,,identity_q1_or_ytd_diff,missing_raw_value
002839.XSHE,indicator,2023-12-31,2023q4,,2024-04-30,expense_to_total_revenue,61.1,indicator.csv,expense_to_total_revenue,quarterly_direct,identity_q1_or_ytd_diff,
002839.XSHE,indicator,2023-12-31,2023q4,,2024-04-30,operation_profit_to_total_revenue,38.9,indicator.csv,operation_profit_to_total_revenue,quarterly_direct,identity_q1_or_ytd_diff,
002839.XSHE,indicator,2023-12-31,2023q4,,2024-04-30,net_profit_to_total_revenue,37.78,indicator.csv,net_profit_to_total_revenue,quarterly_direct,identity_q1_or_ytd_diff,
002839.XSHE,indicator,2023-12-31,2023q4,,2024-04-30,operating_expense_to_total_revenue,,indicator.csv,operating_expense_to_total_revenue,,identity_q1_or_ytd_diff,missing_raw_value
002839.XSHE,indicator,2023-12-31,2023q4,,2024-04-30,ga_expense_to_total_revenue,50.36,indicator.csv,ga_expense_to_total_revenue,quarterly_direct,identity_q1_or_ytd_diff,
002839.XSHE,indicator,2023-12-31,2023q4,,2024-04-30,financing_expense_to_total_revenue,,indicator.csv,financing_expense_to_total_revenue,,identity_q1_or_ytd_diff,missing_raw_value
002839.XSHE,indicator,2023-12-31,2023q4,,2024-04-30,operating_profit_to_profit,74.86,indicator.csv,operating_profit_to_profit,quarterly_direct,identity_q1_or_ytd_diff,
002839.XSHE,indicator,2023-12-31,2023q4,,2024-04-30,invesment_profit_to_profit,25.67,indicator.csv,invesment_profit_to_profit,quarterly_direct,identity_q1_or_ytd_diff,
002839.XSHE,indicator,2023-12-31,2023q4,,2024-04-30,adjusted_profit_to_profit,98.66,indicator.csv,adjusted_profit_to_profit,quarterly_direct,identity_q1_or_ytd_diff,
002839.XSHE,indicator,2023-12-31,2023q4,,2024-04-30,goods_sale_and_service_to_revenue,,indicator.csv,goods_sale_and_service_to_revenue,,identity_q1_or_ytd_diff,missing_raw_value
002839.XSHE,indicator,2023-12-31,2023q4,,2024-04-30,ocf_to_revenue,188.2,indicator.csv,ocf_to_revenue,quarterly_direct,identity_q1_or_ytd_diff,
002839.XSHE,indicator,2023-12-31,2023q4,,2024-04-30,ocf_to_operating_profit,483.76,indicator.csv,ocf_to_operating_profit,quarterly_direct,identity_q1_or_ytd_diff,
002839.XSHE,indicator,2023-12-31,2023q4,,2024-04-30,inc_total_revenue_year_on_year,-12.57,indicator.csv,inc_total_revenue_year_on_year,quarterly_direct,identity_q1_or_ytd_diff,
002839.XSHE,indicator,2023-12-31,2023q4,,2024-04-30,inc_total_revenue_annual,-11.82,indicator.csv,inc_total_revenue_annual,quarterly_direct,identity_q1_or_ytd_diff,
002839.XSHE,indicator,2023-12-31,2023q4,,2024-04-30,inc_revenue_year_on_year,-12.57,indicator.csv,inc_revenue_year_on_year,quarterly_direct,identity_q1_or_ytd_diff,
002839.XSHE,indicator,2023-12-31,2023q4,,2024-04-30,inc_revenue_annual,-11.82,indicator.csv,inc_revenue_annual,quarterly_direct,identity_q1_or_ytd_diff,
002839.XSHE,indicator,2023-12-31,2023q4,,2024-04-30,inc_operation_profit_year_on_year,-23.68,indicator.csv,inc_operation_profit_year_on_year,quarterly_direct,identity_q1_or_ytd_diff,
002839.XSHE,indicator,2023-12-31,2023q4,,2024-04-30,inc_operation_profit_annual,-36.67,indicator.csv,inc_operation_profit_annual,quarterly_direct,identity_q1_or_ytd_diff,
002839.XSHE,indicator,2023-12-31,2023q4,,2024-04-30,inc_net_profit_year_on_year,-7.7,indicator.csv,inc_net_profit_year_on_year,quarterly_direct,identity_q1_or_ytd_diff,
002839.XSHE,indicator,2023-12-31,2023q4,,2024-04-30,inc_net_profit_annual,-29.85,indicator.csv,inc_net_profit_annual,quarterly_direct,identity_q1_or_ytd_diff,
002839.XSHE,indicator,2023-12-31,2023q4,,2024-04-30,inc_net_profit_to_shareholders_year_on_year,-5.98,indicator.csv,inc_net_profit_to_shareholders_year_on_year,quarterly_direct,identity_q1_or_ytd_diff,
002839.XSHE,indicator,2023-12-31,2023q4,,2024-04-30,inc_net_profit_to_shareholders_annual,-26.93,indicator.csv,inc_net_profit_to_shareholders_annual,quarterly_direct,identity_q1_or_ytd_diff,
002839.XSHE,indicator,2024-03-31,2024q1,,2024-04-30,eps,0.2511,indicator.csv,eps,quarterly_direct,identity_q1_or_ytd_diff,
002839.XSHE,indicator,2024-03-31,2024q1,,2024-04-30,adjusted_profit,535951141.74,indicator.csv,adjusted_profit,quarterly_direct,identity_q1_or_ytd_diff,
002839.XSHE,indicator,2024-03-31,2024q1,,2024-04-30,operating_profit,619014285.37,indicator.csv,operating_profit,quarterly_direct,identity_q1_or_ytd_diff,
002839.XSHE,indicator,2024-03-31,2024q1,,2024-04-30,value_change_profit,343993524.45,indicator.csv,value_change_profit,quarterly_direct,identity_q1_or_ytd_diff,
002839.XSHE,indicator,2024-03-31,2024q1,,2024-04-30,roe,3.15,indicator.csv,roe,quarterly_direct,identity_q1_or_ytd_diff,
002839.XSHE,indicator,2024-03-31,2024q1,,2024-04-30,inc_return,3.1,indicator.csv,inc_return,quarterly_direct,identity_q1_or_ytd_diff,
002839.XSHE,indicator,2024-03-31,2024q1,,2024-04-30,roa,0.26,indicator.csv,roa,quarterly_direct,identity_q1_or_ytd_diff,
002839.XSHE,indicator,2024-03-31,2024q1,,2024-04-30,net_profit_margin,42.52,indicator.csv,net_profit_margin,quarterly_direct,identity_q1_or_ytd_diff,
002839.XSHE,indicator,2024-03-31,2024q1,,2024-04-30,gross_profit_margin,,indicator.csv,gross_profit_margin,,identity_q1_or_ytd_diff,missing_raw_value
002839.XSHE,indicator,2024-03-31,2024q1,,2024-04-30,expense_to_total_revenue,51.72,indicator.csv,expense_to_total_revenue,quarterly_direct,identity_q1_or_ytd_diff,
002839.XSHE,indicator,2024-03-31,2024q1,,2024-04-30,operation_profit_to_total_revenue,48.28,indicator.csv,operation_profit_to_total_revenue,quarterly_direct,identity_q1_or_ytd_diff,
002839.XSHE,indicator,2024-03-31,2024q1,,2024-04-30,net_profit_to_total_revenue,42.52,indicator.csv,net_profit_to_total_revenue,quarterly_direct,identity_q1_or_ytd_diff,
002839.XSHE,indicator,2024-03-31,2024q1,,2024-04-30,operating_expense_to_total_revenue,,indicator.csv,operating_expense_to_total_revenue,,identity_q1_or_ytd_diff,missing_raw_value
002839.XSHE,indicator,2024-03-31,2024q1,,2024-04-30,ga_expense_to_total_revenue,30.53,indicator.csv,ga_expense_to_total_revenue,quarterly_direct,identity_q1_or_ytd_diff,
002839.XSHE,indicator,2024-03-31,2024q1,,2024-04-30,financing_expense_to_total_revenue,,indicator.csv,financing_expense_to_total_revenue,,identity_q1_or_ytd_diff,missing_raw_value
002839.XSHE,indicator,2024-03-31,2024q1,,2024-04-30,operating_profit_to_profit,44.46,indicator.csv,operating_profit_to_profit,quarterly_direct,identity_q1_or_ytd_diff,
002839.XSHE,indicator,2024-03-31,2024q1,,2024-04-30,invesment_profit_to_profit,55.6,indicator.csv,invesment_profit_to_profit,quarterly_direct,identity_q1_or_ytd_diff,
002839.XSHE,indicator,2024-03-31,2024q1,,2024-04-30,adjusted_profit_to_profit,98.37,indicator.csv,adjusted_profit_to_profit,quarterly_direct,identity_q1_or_ytd_diff,
002839.XSHE,indicator,2024-03-31,2024q1,,2024-04-30,goods_sale_and_service_to_revenue,,indicator.csv,goods_sale_and_service_to_revenue,,identity_q1_or_ytd_diff,missing_raw_value
002839.XSHE,indicator,2024-03-31,2024q1,,2024-04-30,ocf_to_revenue,135.7,indicator.csv,ocf_to_revenue,quarterly_direct,identity_q1_or_ytd_diff,
002839.XSHE,indicator,2024-03-31,2024q1,,2024-04-30,ocf_to_operating_profit,281.07,indicator.csv,ocf_to_operating_profit,quarterly_direct,identity_q1_or_ytd_diff,
002839.XSHE,indicator,2024-03-31,2024q1,,2024-04-30,inc_total_revenue_year_on_year,7.59,indicator.csv,inc_total_revenue_year_on_year,quarterly_direct,identity_q1_or_ytd_diff,
002839.XSHE,indicator,2024-03-31,2024q1,,2024-04-30,inc_total_revenue_annual,26.95,indicator.csv,inc_total_revenue_annual,quarterly_direct,identity_q1_or_ytd_diff,
002839.XSHE,indicator,2024-03-31,2024q1,,2024-04-30,inc_revenue_year_on_year,7.59,indicator.csv,inc_revenue_year_on_year,quarterly_direct,identity_q1_or_ytd_diff,
002839.XSHE,indicator,2024-03-31,2024q1,,2024-04-30,inc_revenue_annual,26.95,indicator.csv,inc_revenue_annual,quarterly_direct,identity_q1_or_ytd_diff,
002839.XSHE,indicator,2024-03-31,2024q1,,2024-04-30,inc_operation_profit_year_on_year,7.93,indicator.csv,inc_operation_profit_year_on_year,quarterly_direct,identity_q1_or_ytd_diff,
002839.XSHE,indicator,2024-03-31,2024q1,,2024-04-30,inc_operation_profit_annual,57.54,indicator.csv,inc_operation_profit_annual,quarterly_direct,identity_q1_or_ytd_diff,
002839.XSHE,indicator,2024-03-31,2024q1,,2024-04-30,inc_net_profit_year_on_year,6.37,indicator.csv,inc_net_profit_year_on_year,quarterly_direct,identity_q1_or_ytd_diff,
002839.XSHE,indicator,2024-03-31,2024q1,,2024-04-30,inc_net_profit_annual,42.88,indicator.csv,inc_net_profit_annual,quarterly_direct,identity_q1_or_ytd_diff,
002839.XSHE,indicator,2024-03-31,2024q1,,2024-04-30,inc_net_profit_to_shareholders_year_on_year,7.08,indicator.csv,inc_net_profit_to_shareholders_year_on_year,quarterly_direct,identity_q1_or_ytd_diff,
002839.XSHE,indicator,2024-03-31,2024q1,,2024-04-30,inc_net_profit_to_shareholders_annual,40.11,indicator.csv,inc_net_profit_to_shareholders_annual,quarterly_direct,identity_q1_or_ytd_diff,
002839.XSHE,indicator,2024-06-30,2024q2,,2024-08-27,eps,0.185,indicator.csv,eps,quarterly_direct,identity_q1_or_ytd_diff,
002839.XSHE,indicator,2024-06-30,2024q2,,2024-08-27,adjusted_profit,383956508.34,indicator.csv,adjusted_profit,quarterly_direct,identity_q1_or_ytd_diff,
002839.XSHE,indicator,2024-06-30,2024q2,,2024-08-27,operating_profit,425721430.76,indicator.csv,operating_profit,quarterly_direct,identity_q1_or_ytd_diff,
002839.XSHE,indicator,2024-06-30,2024q2,,2024-08-27,value_change_profit,415534291.42,indicator.csv,value_change_profit,quarterly_direct,identity_q1_or_ytd_diff,
002839.XSHE,indicator,2024-06-30,2024q2,,2024-08-27,roe,2.29,indicator.csv,roe,quarterly_direct,identity_q1_or_ytd_diff,
002839.XSHE,indicator,2024-06-30,2024q2,,2024-08-27,inc_return,2.19,indicator.csv,inc_return,quarterly_direct,identity_q1_or_ytd_diff,
002839.XSHE,indicator,2024-06-30,2024q2,,2024-08-27,roa,0.19,indicator.csv,roa,quarterly_direct,identity_q1_or_ytd_diff,
002839.XSHE,indicator,2024-06-30,2024q2,,2024-08-27,net_profit_margin,32.05,indicator.csv,net_profit_margin,quarterly_direct,identity_q1_or_ytd_diff,
002839.XSHE,indicator,2024-06-30,2024q2,,2024-08-27,gross_profit_margin,,indicator.csv,gross_profit_margin,,identity_q1_or_ytd_diff,missing_raw_value
002839.XSHE,indicator,2024-06-30,2024q2,,2024-08-27,expense_to_total_revenue,66.71,indicator.csv,expense_to_total_revenue,quarterly_direct,identity_q1_or_ytd_diff,
002839.XSHE,indicator,2024-06-30,2024q2,,2024-08-27,operation_profit_to_total_revenue,33.29,indicator.csv,operation_profit_to_total_revenue,quarterly_direct,identity_q1_or_ytd_diff,
002839.XSHE,indicator,2024-06-30,2024q2,,2024-08-27,net_profit_to_total_revenue,32.05,indicator.csv,net_profit_to_total_revenue,quarterly_direct,identity_q1_or_ytd_diff,
002839.XSHE,indicator,2024-06-30,2024q2,,2024-08-27,operating_expense_to_total_revenue,,indicator.csv,operating_expense_to_total_revenue,,identity_q1_or_ytd_diff,missing_raw_value
002839.XSHE,indicator,2024-06-30,2024q2,,2024-08-27,ga_expense_to_total_revenue,26.61,indicator.csv,ga_expense_to_total_revenue,quarterly_direct,identity_q1_or_ytd_diff,
002839.XSHE,indicator,2024-06-30,2024q2,,2024-08-27,financing_expense_to_total_revenue,,indicator.csv,financing_expense_to_total_revenue,,identity_q1_or_ytd_diff,missing_raw_value
002839.XSHE,indicator,2024-06-30,2024q2,,2024-08-27,operating_profit_to_profit,2.4,indicator.csv,operating_profit_to_profit,quarterly_direct,identity_q1_or_ytd_diff,
002839.XSHE,indicator,2024-06-30,2024q2,,2024-08-27,invesment_profit_to_profit,97.84,indicator.csv,invesment_profit_to_profit,quarterly_direct,identity_q1_or_ytd_diff,
002839.XSHE,indicator,2024-06-30,2024q2,,2024-08-27,adjusted_profit_to_profit,95.65,indicator.csv,adjusted_profit_to_profit,quarterly_direct,identity_q1_or_ytd_diff,
002839.XSHE,indicator,2024-06-30,2024q2,,2024-08-27,goods_sale_and_service_to_revenue,,indicator.csv,goods_sale_and_service_to_revenue,,identity_q1_or_ytd_diff,missing_raw_value
002839.XSHE,indicator,2024-06-30,2024q2,,2024-08-27,ocf_to_revenue,-274.95,indicator.csv,ocf_to_revenue,quarterly_direct,identity_q1_or_ytd_diff,
002839.XSHE,indicator,2024-06-30,2024q2,,2024-08-27,ocf_to_operating_profit,-825.98,indicator.csv,ocf_to_operating_profit,quarterly_direct,identity_q1_or_ytd_diff,
002839.XSHE,indicator,2024-06-30,2024q2,,2024-08-27,inc_total_revenue_year_on_year,7.12,indicator.csv,inc_total_revenue_year_on_year,quarterly_direct,identity_q1_or_ytd_diff,
002839.XSHE,indicator,2024-06-30,2024q2,,2024-08-27,inc_total_revenue_annual,-0.25,indicator.csv,inc_total_revenue_annual,quarterly_direct,identity_q1_or_ytd_diff,
002839.XSHE,indicator,2024-06-30,2024q2,,2024-08-27,inc_revenue_year_on_year,7.12,indicator.csv,inc_revenue_year_on_year,quarterly_direct,identity_q1_or_ytd_diff,
002839.XSHE,indicator,2024-06-30,2024q2,,2024-08-27,inc_revenue_annual,-0.25,indicator.csv,inc_revenue_annual,quarterly_direct,identity_q1_or_ytd_diff,
002839.XSHE,indicator,2024-06-30,2024q2,,2024-08-27,inc_operation_profit_year_on_year,26.05,indicator.csv,inc_operation_profit_year_on_year,quarterly_direct,identity_q1_or_ytd_diff,
002839.XSHE,indicator,2024-06-30,2024q2,,2024-08-27,inc_operation_profit_annual,-31.23,indicator.csv,inc_operation_profit_annual,quarterly_direct,identity_q1_or_ytd_diff,
002839.XSHE,indicator,2024-06-30,2024q2,,2024-08-27,inc_net_profit_year_on_year,13.79,indicator.csv,inc_net_profit_year_on_year,quarterly_direct,identity_q1_or_ytd_diff,
002839.XSHE,indicator,2024-06-30,2024q2,,2024-08-27,inc_net_profit_annual,-24.82,indicator.csv,inc_net_profit_annual,quarterly_direct,identity_q1_or_ytd_diff,
002839.XSHE,indicator,2024-06-30,2024q2,,2024-08-27,inc_net_profit_to_shareholders_year_on_year,12.45,indicator.csv,inc_net_profit_to_shareholders_year_on_year,quarterly_direct,identity_q1_or_ytd_diff,
002839.XSHE,indicator,2024-06-30,2024q2,,2024-08-27,inc_net_profit_to_shareholders_annual,-26.33,indicator.csv,inc_net_profit_to_shareholders_annual,quarterly_direct,identity_q1_or_ytd_diff,
002839.XSHE,indicator,2024-09-30,2024q3,,2024-10-31,eps,0.2487,indicator.csv,eps,quarterly_direct,identity_q1_or_ytd_diff,
002839.XSHE,indicator,2024-09-30,2024q3,,2024-10-31,adjusted_profit,531840560.91,indicator.csv,adjusted_profit,quarterly_direct,identity_q1_or_ytd_diff,
002839.XSHE,indicator,2024-09-30,2024q3,,2024-10-31,operating_profit,591100918.3,indicator.csv,operating_profit,quarterly_direct,identity_q1_or_ytd_diff,
002839.XSHE,indicator,2024-09-30,2024q3,,2024-10-31,value_change_profit,270441943.99,indicator.csv,value_change_profit,quarterly_direct,identity_q1_or_ytd_diff,
002839.XSHE,indicator,2024-09-30,2024q3,,2024-10-31,roe,3.03,indicator.csv,roe,quarterly_direct,identity_q1_or_ytd_diff,
002839.XSHE,indicator,2024-09-30,2024q3,,2024-10-31,inc_return,2.98,indicator.csv,inc_return,quarterly_direct,identity_q1_or_ytd_diff,
002839.XSHE,indicator,2024-09-30,2024q3,,2024-10-31,roa,0.25,indicator.csv,roa,quarterly_direct,identity_q1_or_ytd_diff,
002839.XSHE,indicator,2024-09-30,2024q3,,2024-10-31,net_profit_margin,50.4,indicator.csv,net_profit_margin,quarterly_direct,identity_q1_or_ytd_diff,
002839.XSHE,indicator,2024-09-30,2024q3,,2024-10-31,gross_profit_margin,,indicator.csv,gross_profit_margin,,identity_q1_or_ytd_diff,missing_raw_value
002839.XSHE,indicator,2024-09-30,2024q3,,2024-10-31,expense_to_total_revenue,44.84,indicator.csv,expense_to_total_revenue,quarterly_direct,identity_q1_or_ytd_diff,
002839.XSHE,indicator,2024-09-30,2024q3,,2024-10-31,operation_profit_to_total_revenue,55.16,indicator.csv,operation_profit_to_total_revenue,quarterly_direct,identity_q1_or_ytd_diff,
002839.XSHE,indicator,2024-09-30,2024q3,,2024-10-31,net_profit_to_total_revenue,50.4,indicator.csv,net_profit_to_total_revenue,quarterly_direct,identity_q1_or_ytd_diff,
002839.XSHE,indicator,2024-09-30,2024q3,,2024-10-31,operating_expense_to_total_revenue,,indicator.csv,operating_expense_to_total_revenue,,identity_q1_or_ytd_diff,missing_raw_value
002839.XSHE,indicator,2024-09-30,2024q3,,2024-10-31,ga_expense_to_total_revenue,34.55,indicator.csv,ga_expense_to_total_revenue,quarterly_direct,identity_q1_or_ytd_diff,
002839.XSHE,indicator,2024-09-30,2024q3,,2024-10-31,financing_expense_to_total_revenue,,indicator.csv,financing_expense_to_total_revenue,,identity_q1_or_ytd_diff,missing_raw_value
002839.XSHE,indicator,2024-09-30,2024q3,,2024-10-31,operating_profit_to_profit,54.15,indicator.csv,operating_profit_to_profit,quarterly_direct,identity_q1_or_ytd_diff,
002839.XSHE,indicator,2024-09-30,2024q3,,2024-10-31,invesment_profit_to_profit,45.67,indicator.csv,invesment_profit_to_profit,quarterly_direct,identity_q1_or_ytd_diff,
002839.XSHE,indicator,2024-09-30,2024q3,,2024-10-31,adjusted_profit_to_profit,98.56,indicator.csv,adjusted_profit_to_profit,quarterly_direct,identity_q1_or_ytd_diff,
002839.XSHE,indicator,2024-09-30,2024q3,,2024-10-31,goods_sale_and_service_to_revenue,,indicator.csv,goods_sale_and_service_to_revenue,,identity_q1_or_ytd_diff,missing_raw_value
002839.XSHE,indicator,2024-09-30,2024q3,,2024-10-31,ocf_to_revenue,108.39,indicator.csv,ocf_to_revenue,quarterly_direct,identity_q1_or_ytd_diff,
002839.XSHE,indicator,2024-09-30,2024q3,,2024-10-31,ocf_to_operating_profit,196.51,indicator.csv,ocf_to_operating_profit,quarterly_direct,identity_q1_or_ytd_diff,
002839.XSHE,indicator,2024-09-30,2024q3,,2024-10-31,inc_total_revenue_year_on_year,-6.44,indicator.csv,inc_total_revenue_year_on_year,quarterly_direct,identity_q1_or_ytd_diff,
002839.XSHE,indicator,2024-09-30,2024q3,,2024-10-31,inc_total_revenue_annual,-16.21,indicator.csv,inc_total_revenue_annual,quarterly_direct,identity_q1_or_ytd_diff,
002839.XSHE,indicator,2024-09-30,2024q3,,2024-10-31,inc_revenue_year_on_year,-6.44,indicator.csv,inc_revenue_year_on_year,quarterly_direct,identity_q1_or_ytd_diff,
002839.XSHE,indicator,2024-09-30,2024q3,,2024-10-31,inc_revenue_annual,-16.21,indicator.csv,inc_revenue_annual,quarterly_direct,identity_q1_or_ytd_diff,
002839.XSHE,indicator,2024-09-30,2024q3,,2024-10-31,inc_operation_profit_year_on_year,-4.72,indicator.csv,inc_operation_profit_year_on_year,quarterly_direct,identity_q1_or_ytd_diff,
002839.XSHE,indicator,2024-09-30,2024q3,,2024-10-31,inc_operation_profit_annual,38.85,indicator.csv,inc_operation_profit_annual,quarterly_direct,identity_q1_or_ytd_diff,
002839.XSHE,indicator,2024-09-30,2024q3,,2024-10-31,inc_net_profit_year_on_year,-0.69,indicator.csv,inc_net_profit_year_on_year,quarterly_direct,identity_q1_or_ytd_diff,
002839.XSHE,indicator,2024-09-30,2024q3,,2024-10-31,inc_net_profit_annual,31.78,indicator.csv,inc_net_profit_annual,quarterly_direct,identity_q1_or_ytd_diff,
002839.XSHE,indicator,2024-09-30,2024q3,,2024-10-31,inc_net_profit_to_shareholders_year_on_year,1.39,indicator.csv,inc_net_profit_to_shareholders_year_on_year,quarterly_direct,identity_q1_or_ytd_diff,
002839.XSHE,indicator,2024-09-30,2024q3,,2024-10-31,inc_net_profit_to_shareholders_annual,34.43,indicator.csv,inc_net_profit_to_shareholders_annual,quarterly_direct,identity_q1_or_ytd_diff,
002839.XSHE,indicator,2024-12-31,2024q4,,2025-03-29,eps,0.1607,indicator.csv,eps,quarterly_direct,identity_q1_or_ytd_diff,
002839.XSHE,indicator,2024-12-31,2024q4,,2025-03-29,adjusted_profit,395766972.56,indicator.csv,adjusted_profit,quarterly_direct,identity_q1_or_ytd_diff,
002839.XSHE,indicator,2024-12-31,2024q4,,2025-03-29,operating_profit,419803841.34,indicator.csv,operating_profit,quarterly_direct,identity_q1_or_ytd_diff,
002839.XSHE,indicator,2024-12-31,2024q4,,2025-03-29,value_change_profit,212715633.05,indicator.csv,value_change_profit,quarterly_direct,identity_q1_or_ytd_diff,
002839.XSHE,indicator,2024-12-31,2024q4,,2025-03-29,roe,2.08,indicator.csv,roe,quarterly_direct,identity_q1_or_ytd_diff,
002839.XSHE,indicator,2024-12-31,2024q4,,2025-03-29,inc_return,2.09,indicator.csv,inc_return,quarterly_direct,identity_q1_or_ytd_diff,
002839.XSHE,indicator,2024-12-31,2024q4,,2025-03-29,roa,0.17,indicator.csv,roa,quarterly_direct,identity_q1_or_ytd_diff,
002839.XSHE,indicator,2024-12-31,2024q4,,2025-03-29,net_profit_margin,35.25,indicator.csv,net_profit_margin,quarterly_direct,identity_q1_or_ytd_diff,
002839.XSHE,indicator,2024-12-31,2024q4,,2025-03-29,gross_profit_margin,,indicator.csv,gross_profit_margin,,identity_q1_or_ytd_diff,missing_raw_value
002839.XSHE,indicator,2024-12-31,2024q4,,2025-03-29,expense_to_total_revenue,61.08,indicator.csv,expense_to_total_revenue,quarterly_direct,identity_q1_or_ytd_diff,
002839.XSHE,indicator,2024-12-31,2024q4,,2025-03-29,operation_profit_to_total_revenue,38.92,indicator.csv,operation_profit_to_total_revenue,quarterly_direct,identity_q1_or_ytd_diff,
002839.XSHE,indicator,2024-12-31,2024q4,,2025-03-29,net_profit_to_total_revenue,35.25,indicator.csv,net_profit_to_total_revenue,quarterly_direct,identity_q1_or_ytd_diff,
002839.XSHE,indicator,2024-12-31,2024q4,,2025-03-29,operating_expense_to_total_revenue,,indicator.csv,operating_expense_to_total_revenue,,identity_q1_or_ytd_diff,missing_raw_value
002839.XSHE,indicator,2024-12-31,2024q4,,2025-03-29,ga_expense_to_total_revenue,54.15,indicator.csv,ga_expense_to_total_revenue,quarterly_direct,identity_q1_or_ytd_diff,
002839.XSHE,indicator,2024-12-31,2024q4,,2025-03-29,financing_expense_to_total_revenue,,indicator.csv,financing_expense_to_total_revenue,,identity_q1_or_ytd_diff,missing_raw_value
002839.XSHE,indicator,2024-12-31,2024q4,,2025-03-29,operating_profit_to_profit,50.06,indicator.csv,operating_profit_to_profit,quarterly_direct,identity_q1_or_ytd_diff,
002839.XSHE,indicator,2024-12-31,2024q4,,2025-03-29,invesment_profit_to_profit,51.42,indicator.csv,invesment_profit_to_profit,quarterly_direct,identity_q1_or_ytd_diff,
002839.XSHE,indicator,2024-12-31,2024q4,,2025-03-29,adjusted_profit_to_profit,100.78,indicator.csv,adjusted_profit_to_profit,quarterly_direct,identity_q1_or_ytd_diff,
002839.XSHE,indicator,2024-12-31,2024q4,,2025-03-29,goods_sale_and_service_to_revenue,,indicator.csv,goods_sale_and_service_to_revenue,,identity_q1_or_ytd_diff,missing_raw_value
002839.XSHE,indicator,2024-12-31,2024q4,,2025-03-29,ocf_to_revenue,18.09,indicator.csv,ocf_to_revenue,quarterly_direct,identity_q1_or_ytd_diff,
002839.XSHE,indicator,2024-12-31,2024q4,,2025-03-29,ocf_to_operating_profit,46.49,indicator.csv,ocf_to_operating_profit,quarterly_direct,identity_q1_or_ytd_diff,
002839.XSHE,indicator,2024-12-31,2024q4,,2025-03-29,inc_total_revenue_year_on_year,6.79,indicator.csv,inc_total_revenue_year_on_year,quarterly_direct,identity_q1_or_ytd_diff,
002839.XSHE,indicator,2024-12-31,2024q4,,2025-03-29,inc_total_revenue_annual,0.65,indicator.csv,inc_total_revenue_annual,quarterly_direct,identity_q1_or_ytd_diff,
002839.XSHE,indicator,2024-12-31,2024q4,,2025-03-29,inc_revenue_year_on_year,6.79,indicator.csv,inc_revenue_year_on_year,quarterly_direct,identity_q1_or_ytd_diff,
002839.XSHE,indicator,2024-12-31,2024q4,,2025-03-29,inc_revenue_annual,0.65,indicator.csv,inc_revenue_annual,quarterly_direct,identity_q1_or_ytd_diff,
002839.XSHE,indicator,2024-12-31,2024q4,,2025-03-29,inc_operation_profit_year_on_year,6.84,indicator.csv,inc_operation_profit_year_on_year,quarterly_direct,identity_q1_or_ytd_diff,
002839.XSHE,indicator,2024-12-31,2024q4,,2025-03-29,inc_operation_profit_annual,-28.98,indicator.csv,inc_operation_profit_annual,quarterly_direct,identity_q1_or_ytd_diff,
002839.XSHE,indicator,2024-12-31,2024q4,,2025-03-29,inc_net_profit_year_on_year,-0.36,indicator.csv,inc_net_profit_year_on_year,quarterly_direct,identity_q1_or_ytd_diff,
002839.XSHE,indicator,2024-12-31,2024q4,,2025-03-29,inc_net_profit_annual,-29.61,indicator.csv,inc_net_profit_annual,quarterly_direct,identity_q1_or_ytd_diff,
002839.XSHE,indicator,2024-12-31,2024q4,,2025-03-29,inc_net_profit_to_shareholders_year_on_year,0.98,indicator.csv,inc_net_profit_to_shareholders_year_on_year,quarterly_direct,identity_q1_or_ytd_diff,
002839.XSHE,indicator,2024-12-31,2024q4,,2025-03-29,inc_net_profit_to_shareholders_annual,-27.23,indicator.csv,inc_net_profit_to_shareholders_annual,quarterly_direct,identity_q1_or_ytd_diff,
002839.XSHE,indicator,2025-03-31,2025q1,,2025-04-30,eps,0.23,indicator.csv,eps,quarterly_direct,identity_q1_or_ytd_diff,
002839.XSHE,indicator,2025-03-31,2025q1,,2025-04-30,adjusted_profit,561389721.6,indicator.csv,adjusted_profit,quarterly_direct,identity_q1_or_ytd_diff,
002839.XSHE,indicator,2025-03-31,2025q1,,2025-04-30,operating_profit,648495642.26,indicator.csv,operating_profit,quarterly_direct,identity_q1_or_ytd_diff,
002839.XSHE,indicator,2025-03-31,2025q1,,2025-04-30,value_change_profit,505414070.82,indicator.csv,value_change_profit,quarterly_direct,identity_q1_or_ytd_diff,
002839.XSHE,indicator,2025-03-31,2025q1,,2025-04-30,roe,2.83,indicator.csv,roe,quarterly_direct,identity_q1_or_ytd_diff,
002839.XSHE,indicator,2025-03-31,2025q1,,2025-04-30,inc_return,2.82,indicator.csv,inc_return,quarterly_direct,identity_q1_or_ytd_diff,
002839.XSHE,indicator,2025-03-31,2025q1,,2025-04-30,roa,0.26,indicator.csv,roa,quarterly_direct,identity_q1_or_ytd_diff,
002839.XSHE,indicator,2025-03-31,2025q1,,2025-04-30,net_profit_margin,42.86,indicator.csv,net_profit_margin,quarterly_direct,identity_q1_or_ytd_diff,
002839.XSHE,indicator,2025-03-31,2025q1,,2025-04-30,gross_profit_margin,,indicator.csv,gross_profit_margin,,identity_q1_or_ytd_diff,missing_raw_value
002839.XSHE,indicator,2025-03-31,2025q1,,2025-04-30,expense_to_total_revenue,51.03,indicator.csv,expense_to_total_revenue,quarterly_direct,identity_q1_or_ytd_diff,
002839.XSHE,indicator,2025-03-31,2025q1,,2025-04-30,operation_profit_to_total_revenue,48.97,indicator.csv,operation_profit_to_total_revenue,quarterly_direct,identity_q1_or_ytd_diff,
002839.XSHE,indicator,2025-03-31,2025q1,,2025-04-30,net_profit_to_total_revenue,42.86,indicator.csv,net_profit_to_total_revenue,quarterly_direct,identity_q1_or_ytd_diff,
002839.XSHE,indicator,2025-03-31,2025q1,,2025-04-30,operating_expense_to_total_revenue,,indicator.csv,operating_expense_to_total_revenue,,identity_q1_or_ytd_diff,missing_raw_value
002839.XSHE,indicator,2025-03-31,2025q1,,2025-04-30,ga_expense_to_total_revenue,29.52,indicator.csv,ga_expense_to_total_revenue,quarterly_direct,identity_q1_or_ytd_diff,
002839.XSHE,indicator,2025-03-31,2025q1,,2025-04-30,financing_expense_to_total_revenue,,indicator.csv,financing_expense_to_total_revenue,,identity_q1_or_ytd_diff,missing_raw_value
002839.XSHE,indicator,2025-03-31,2025q1,,2025-04-30,operating_profit_to_profit,22.06,indicator.csv,operating_profit_to_profit,quarterly_direct,identity_q1_or_ytd_diff,
002839.XSHE,indicator,2025-03-31,2025q1,,2025-04-30,invesment_profit_to_profit,77.94,indicator.csv,invesment_profit_to_profit,quarterly_direct,identity_q1_or_ytd_diff,
002839.XSHE,indicator,2025-03-31,2025q1,,2025-04-30,adjusted_profit_to_profit,99.84,indicator.csv,adjusted_profit_to_profit,quarterly_direct,identity_q1_or_ytd_diff,
002839.XSHE,indicator,2025-03-31,2025q1,,2025-04-30,goods_sale_and_service_to_revenue,,indicator.csv,goods_sale_and_service_to_revenue,,identity_q1_or_ytd_diff,missing_raw_value
002839.XSHE,indicator,2025-03-31,2025q1,,2025-04-30,ocf_to_revenue,-220.22,indicator.csv,ocf_to_revenue,quarterly_direct,identity_q1_or_ytd_diff,
002839.XSHE,indicator,2025-03-31,2025q1,,2025-04-30,ocf_to_operating_profit,-449.74,indicator.csv,ocf_to_operating_profit,quarterly_direct,identity_q1_or_ytd_diff,
002839.XSHE,indicator,2025-03-31,2025q1,,2025-04-30,inc_total_revenue_year_on_year,3.29,indicator.csv,inc_total_revenue_year_on_year,quarterly_direct,identity_q1_or_ytd_diff,
002839.XSHE,indicator,2025-03-31,2025q1,,2025-04-30,inc_total_revenue_annual,22.78,indicator.csv,inc_total_revenue_annual,quarterly_direct,identity_q1_or_ytd_diff,
002839.XSHE,indicator,2025-03-31,2025q1,,2025-04-30,inc_revenue_year_on_year,3.29,indicator.csv,inc_revenue_year_on_year,quarterly_direct,identity_q1_or_ytd_diff,
002839.XSHE,indicator,2025-03-31,2025q1,,2025-04-30,inc_revenue_annual,22.78,indicator.csv,inc_revenue_annual,quarterly_direct,identity_q1_or_ytd_diff,
002839.XSHE,indicator,2025-03-31,2025q1,,2025-04-30,inc_operation_profit_year_on_year,4.76,indicator.csv,inc_operation_profit_year_on_year,quarterly_direct,identity_q1_or_ytd_diff,
002839.XSHE,indicator,2025-03-31,2025q1,,2025-04-30,inc_operation_profit_annual,54.48,indicator.csv,inc_operation_profit_annual,quarterly_direct,identity_q1_or_ytd_diff,
002839.XSHE,indicator,2025-03-31,2025q1,,2025-04-30,inc_net_profit_year_on_year,4.13,indicator.csv,inc_net_profit_year_on_year,quarterly_direct,identity_q1_or_ytd_diff,
002839.XSHE,indicator,2025-03-31,2025q1,,2025-04-30,inc_net_profit_annual,49.32,indicator.csv,inc_net_profit_annual,quarterly_direct,identity_q1_or_ytd_diff,
002839.XSHE,indicator,2025-03-31,2025q1,,2025-04-30,inc_net_profit_to_shareholders_year_on_year,3.2,indicator.csv,inc_net_profit_to_shareholders_year_on_year,quarterly_direct,identity_q1_or_ytd_diff,
002839.XSHE,indicator,2025-03-31,2025q1,,2025-04-30,inc_net_profit_to_shareholders_annual,43.19,indicator.csv,inc_net_profit_to_shareholders_annual,quarterly_direct,identity_q1_or_ytd_diff,
002839.XSHE,indicator,2025-06-30,2025q2,,2025-08-28,eps,0.1769,indicator.csv,eps,quarterly_direct,identity_q1_or_ytd_diff,
002839.XSHE,indicator,2025-06-30,2025q2,,2025-08-28,adjusted_profit,433228227.69,indicator.csv,adjusted_profit,quarterly_direct,identity_q1_or_ytd_diff,
002839.XSHE,indicator,2025-06-30,2025q2,,2025-08-28,operating_profit,464947433.59,indicator.csv,operating_profit,quarterly_direct,identity_q1_or_ytd_diff,
002839.XSHE,indicator,2025-06-30,2025q2,,2025-08-28,value_change_profit,480039782.27,indicator.csv,value_change_profit,quarterly_direct,identity_q1_or_ytd_diff,
002839.XSHE,indicator,2025-06-30,2025q2,,2025-08-28,roe,2.16,indicator.csv,roe,quarterly_direct,identity_q1_or_ytd_diff,
002839.XSHE,indicator,2025-06-30,2025q2,,2025-08-28,inc_return,2.16,indicator.csv,inc_return,quarterly_direct,identity_q1_or_ytd_diff,
002839.XSHE,indicator,2025-06-30,2025q2,,2025-08-28,roa,0.19,indicator.csv,roa,quarterly_direct,identity_q1_or_ytd_diff,
002839.XSHE,indicator,2025-06-30,2025q2,,2025-08-28,net_profit_margin,33.92,indicator.csv,net_profit_margin,quarterly_direct,identity_q1_or_ytd_diff,
002839.XSHE,indicator,2025-06-30,2025q2,,2025-08-28,gross_profit_margin,,indicator.csv,gross_profit_margin,,identity_q1_or_ytd_diff,missing_raw_value
002839.XSHE,indicator,2025-06-30,2025q2,,2025-08-28,expense_to_total_revenue,63.69,indicator.csv,expense_to_total_revenue,quarterly_direct,identity_q1_or_ytd_diff,
002839.XSHE,indicator,2025-06-30,2025q2,,2025-08-28,operation_profit_to_total_revenue,36.31,indicator.csv,operation_profit_to_total_revenue,quarterly_direct,identity_q1_or_ytd_diff,
002839.XSHE,indicator,2025-06-30,2025q2,,2025-08-28,net_profit_to_total_revenue,33.92,indicator.csv,net_profit_to_total_revenue,quarterly_direct,identity_q1_or_ytd_diff,
002839.XSHE,indicator,2025-06-30,2025q2,,2025-08-28,operating_expense_to_total_revenue,,indicator.csv,operating_expense_to_total_revenue,,identity_q1_or_ytd_diff,missing_raw_value
002839.XSHE,indicator,2025-06-30,2025q2,,2025-08-28,ga_expense_to_total_revenue,26.16,indicator.csv,ga_expense_to_total_revenue,quarterly_direct,identity_q1_or_ytd_diff,
002839.XSHE,indicator,2025-06-30,2025q2,,2025-08-28,financing_expense_to_total_revenue,,indicator.csv,financing_expense_to_total_revenue,,identity_q1_or_ytd_diff,missing_raw_value
002839.XSHE,indicator,2025-06-30,2025q2,,2025-08-28,operating_profit_to_profit,-3.26,indicator.csv,operating_profit_to_profit,quarterly_direct,identity_q1_or_ytd_diff,
002839.XSHE,indicator,2025-06-30,2025q2,,2025-08-28,invesment_profit_to_profit,103.59,indicator.csv,invesment_profit_to_profit,quarterly_direct,identity_q1_or_ytd_diff,
002839.XSHE,indicator,2025-06-30,2025q2,,2025-08-28,adjusted_profit_to_profit,100.21,indicator.csv,adjusted_profit_to_profit,quarterly_direct,identity_q1_or_ytd_diff,
002839.XSHE,indicator,2025-06-30,2025q2,,2025-08-28,goods_sale_and_service_to_revenue,,indicator.csv,goods_sale_and_service_to_revenue,,identity_q1_or_ytd_diff,missing_raw_value
002839.XSHE,indicator,2025-06-30,2025q2,,2025-08-28,ocf_to_revenue,-191.02,indicator.csv,ocf_to_revenue,quarterly_direct,identity_q1_or_ytd_diff,
002839.XSHE,indicator,2025-06-30,2025q2,,2025-08-28,ocf_to_operating_profit,-526.15,indicator.csv,ocf_to_operating_profit,quarterly_direct,identity_q1_or_ytd_diff,
002839.XSHE,indicator,2025-06-30,2025q2,,2025-08-28,inc_total_revenue_year_on_year,0.14,indicator.csv,inc_total_revenue_year_on_year,quarterly_direct,identity_q1_or_ytd_diff,
002839.XSHE,indicator,2025-06-30,2025q2,,2025-08-28,inc_total_revenue_annual,-3.3,indicator.csv,inc_total_revenue_annual,quarterly_direct,identity_q1_or_ytd_diff,
002839.XSHE,indicator,2025-06-30,2025q2,,2025-08-28,inc_revenue_year_on_year,0.14,indicator.csv,inc_revenue_year_on_year,quarterly_direct,identity_q1_or_ytd_diff,
002839.XSHE,indicator,2025-06-30,2025q2,,2025-08-28,inc_revenue_annual,-3.3,indicator.csv,inc_revenue_annual,quarterly_direct,identity_q1_or_ytd_diff,
002839.XSHE,indicator,2025-06-30,2025q2,,2025-08-28,inc_operation_profit_year_on_year,9.21,indicator.csv,inc_operation_profit_year_on_year,quarterly_direct,identity_q1_or_ytd_diff,
002839.XSHE,indicator,2025-06-30,2025q2,,2025-08-28,inc_operation_profit_annual,-28.3,indicator.csv,inc_operation_profit_annual,quarterly_direct,identity_q1_or_ytd_diff,
002839.XSHE,indicator,2025-06-30,2025q2,,2025-08-28,inc_net_profit_year_on_year,5.99,indicator.csv,inc_net_profit_year_on_year,quarterly_direct,identity_q1_or_ytd_diff,
002839.XSHE,indicator,2025-06-30,2025q2,,2025-08-28,inc_net_profit_annual,-23.48,indicator.csv,inc_net_profit_annual,quarterly_direct,identity_q1_or_ytd_diff,
002839.XSHE,indicator,2025-06-30,2025q2,,2025-08-28,inc_net_profit_to_shareholders_year_on_year,7.7,indicator.csv,inc_net_profit_to_shareholders_year_on_year,quarterly_direct,identity_q1_or_ytd_diff,
002839.XSHE,indicator,2025-06-30,2025q2,,2025-08-28,inc_net_profit_to_shareholders_annual,-23.12,indicator.csv,inc_net_profit_to_shareholders_annual,quarterly_direct,identity_q1_or_ytd_diff,
002839.XSHE,indicator,2025-09-30,2025q3,,2025-10-31,eps,0.2362,indicator.csv,eps,quarterly_direct,identity_q1_or_ytd_diff,
002839.XSHE,indicator,2025-09-30,2025q3,,2025-10-31,adjusted_profit,579631885.52,indicator.csv,adjusted_profit,quarterly_direct,identity_q1_or_ytd_diff,
002839.XSHE,indicator,2025-09-30,2025q3,,2025-10-31,operating_profit,666699496.35,indicator.csv,operating_profit,quarterly_direct,identity_q1_or_ytd_diff,
002839.XSHE,indicator,2025-09-30,2025q3,,2025-10-31,value_change_profit,309160786.57,indicator.csv,value_change_profit,quarterly_direct,identity_q1_or_ytd_diff,
002839.XSHE,indicator,2025-09-30,2025q3,,2025-10-31,roe,2.86,indicator.csv,roe,quarterly_direct,identity_q1_or_ytd_diff,
002839.XSHE,indicator,2025-09-30,2025q3,,2025-10-31,inc_return,2.87,indicator.csv,inc_return,quarterly_direct,identity_q1_or_ytd_diff,
002839.XSHE,indicator,2025-09-30,2025q3,,2025-10-31,roa,0.26,indicator.csv,roa,quarterly_direct,identity_q1_or_ytd_diff,
002839.XSHE,indicator,2025-09-30,2025q3,,2025-10-31,net_profit_margin,54.03,indicator.csv,net_profit_margin,quarterly_direct,identity_q1_or_ytd_diff,
002839.XSHE,indicator,2025-09-30,2025q3,,2025-10-31,gross_profit_margin,,indicator.csv,gross_profit_margin,,identity_q1_or_ytd_diff,missing_raw_value
002839.XSHE,indicator,2025-09-30,2025q3,,2025-10-31,expense_to_total_revenue,37.72,indicator.csv,expense_to_total_revenue,quarterly_direct,identity_q1_or_ytd_diff,
002839.XSHE,indicator,2025-09-30,2025q3,,2025-10-31,operation_profit_to_total_revenue,62.28,indicator.csv,operation_profit_to_total_revenue,quarterly_direct,identity_q1_or_ytd_diff,
002839.XSHE,indicator,2025-09-30,2025q3,,2025-10-31,net_profit_to_total_revenue,54.03,indicator.csv,net_profit_to_total_revenue,quarterly_direct,identity_q1_or_ytd_diff,
002839.XSHE,indicator,2025-09-30,2025q3,,2025-10-31,operating_expense_to_total_revenue,,indicator.csv,operating_expense_to_total_revenue,,identity_q1_or_ytd_diff,missing_raw_value
002839.XSHE,indicator,2025-09-30,2025q3,,2025-10-31,ga_expense_to_total_revenue,38.13,indicator.csv,ga_expense_to_total_revenue,quarterly_direct,identity_q1_or_ytd_diff,
002839.XSHE,indicator,2025-09-30,2025q3,,2025-10-31,financing_expense_to_total_revenue,,indicator.csv,financing_expense_to_total_revenue,,identity_q1_or_ytd_diff,missing_raw_value
002839.XSHE,indicator,2025-09-30,2025q3,,2025-10-31,operating_profit_to_profit,53.89,indicator.csv,operating_profit_to_profit,quarterly_direct,identity_q1_or_ytd_diff,
002839.XSHE,indicator,2025-09-30,2025q3,,2025-10-31,invesment_profit_to_profit,46.6,indicator.csv,invesment_profit_to_profit,quarterly_direct,identity_q1_or_ytd_diff,
002839.XSHE,indicator,2025-09-30,2025q3,,2025-10-31,adjusted_profit_to_profit,100.4,indicator.csv,adjusted_profit_to_profit,quarterly_direct,identity_q1_or_ytd_diff,
002839.XSHE,indicator,2025-09-30,2025q3,,2025-10-31,goods_sale_and_service_to_revenue,,indicator.csv,goods_sale_and_service_to_revenue,,identity_q1_or_ytd_diff,missing_raw_value
002839.XSHE,indicator,2025-09-30,2025q3,,2025-10-31,ocf_to_revenue,-271.94,indicator.csv,ocf_to_revenue,quarterly_direct,identity_q1_or_ytd_diff,
002839.XSHE,indicator,2025-09-30,2025q3,,2025-10-31,ocf_to_operating_profit,-436.65,indicator.csv,ocf_to_operating_profit,quarterly_direct,identity_q1_or_ytd_diff,
002839.XSHE,indicator,2025-09-30,2025q3,,2025-10-31,inc_total_revenue_year_on_year,-0.1,indicator.csv,inc_total_revenue_year_on_year,quarterly_direct,identity_q1_or_ytd_diff,
002839.XSHE,indicator,2025-09-30,2025q3,,2025-10-31,inc_total_revenue_annual,-16.41,indicator.csv,inc_total_revenue_annual,quarterly_direct,identity_q1_or_ytd_diff,
002839.XSHE,indicator,2025-09-30,2025q3,,2025-10-31,inc_revenue_year_on_year,-0.1,indicator.csv,inc_revenue_year_on_year,quarterly_direct,identity_q1_or_ytd_diff,
002839.XSHE,indicator,2025-09-30,2025q3,,2025-10-31,inc_revenue_annual,-16.41,indicator.csv,inc_revenue_annual,quarterly_direct,identity_q1_or_ytd_diff,
002839.XSHE,indicator,2025-09-30,2025q3,,2025-10-31,inc_operation_profit_year_on_year,12.79,indicator.csv,inc_operation_profit_year_on_year,quarterly_direct,identity_q1_or_ytd_diff,
002839.XSHE,indicator,2025-09-30,2025q3,,2025-10-31,inc_operation_profit_annual,43.39,indicator.csv,inc_operation_profit_annual,quarterly_direct,identity_q1_or_ytd_diff,
002839.XSHE,indicator,2025-09-30,2025q3,,2025-10-31,inc_net_profit_year_on_year,7.09,indicator.csv,inc_net_profit_year_on_year,quarterly_direct,identity_q1_or_ytd_diff,
002839.XSHE,indicator,2025-09-30,2025q3,,2025-10-31,inc_net_profit_annual,33.14,indicator.csv,inc_net_profit_annual,quarterly_direct,identity_q1_or_ytd_diff,
002839.XSHE,indicator,2025-09-30,2025q3,,2025-10-31,inc_net_profit_to_shareholders_year_on_year,6.99,indicator.csv,inc_net_profit_to_shareholders_year_on_year,quarterly_direct,identity_q1_or_ytd_diff,
002839.XSHE,indicator,2025-09-30,2025q3,,2025-10-31,inc_net_profit_to_shareholders_annual,33.54,indicator.csv,inc_net_profit_to_shareholders_annual,quarterly_direct,identity_q1_or_ytd_diff,
002839.XSHE,indicator,2025-12-31,2025q4,,2026-03-31,eps,0.1665,indicator.csv,eps,quarterly_direct,identity_q1_or_ytd_diff,
002839.XSHE,indicator,2025-12-31,2025q4,,2026-03-31,adjusted_profit,406423674.35,indicator.csv,adjusted_profit,quarterly_direct,identity_q1_or_ytd_diff,
002839.XSHE,indicator,2025-12-31,2025q4,,2026-03-31,operating_profit,474548209.38,indicator.csv,operating_profit,quarterly_direct,identity_q1_or_ytd_diff,
002839.XSHE,indicator,2025-12-31,2025q4,,2026-03-31,value_change_profit,308343401.16,indicator.csv,value_change_profit,quarterly_direct,identity_q1_or_ytd_diff,
002839.XSHE,indicator,2025-12-31,2025q4,,2026-03-31,roe,1.99,indicator.csv,roe,quarterly_direct,identity_q1_or_ytd_diff,
002839.XSHE,indicator,2025-12-31,2025q4,,2026-03-31,inc_return,1.99,indicator.csv,inc_return,quarterly_direct,identity_q1_or_ytd_diff,
002839.XSHE,indicator,2025-12-31,2025q4,,2026-03-31,roa,0.18,indicator.csv,roa,quarterly_direct,identity_q1_or_ytd_diff,
002839.XSHE,indicator,2025-12-31,2025q4,,2026-03-31,net_profit_margin,37.44,indicator.csv,net_profit_margin,quarterly_direct,identity_q1_or_ytd_diff,
002839.XSHE,indicator,2025-12-31,2025q4,,2026-03-31,gross_profit_margin,,indicator.csv,gross_profit_margin,,identity_q1_or_ytd_diff,missing_raw_value
002839.XSHE,indicator,2025-12-31,2025q4,,2026-03-31,expense_to_total_revenue,55.7,indicator.csv,expense_to_total_revenue,quarterly_direct,identity_q1_or_ytd_diff,
002839.XSHE,indicator,2025-12-31,2025q4,,2026-03-31,operation_profit_to_total_revenue,44.3,indicator.csv,operation_profit_to_total_revenue,quarterly_direct,identity_q1_or_ytd_diff,
002839.XSHE,indicator,2025-12-31,2025q4,,2026-03-31,net_profit_to_total_revenue,37.44,indicator.csv,net_profit_to_total_revenue,quarterly_direct,identity_q1_or_ytd_diff,
002839.XSHE,indicator,2025-12-31,2025q4,,2026-03-31,operating_expense_to_total_revenue,,indicator.csv,operating_expense_to_total_revenue,,identity_q1_or_ytd_diff,missing_raw_value
002839.XSHE,indicator,2025-12-31,2025q4,,2026-03-31,ga_expense_to_total_revenue,51.11,indicator.csv,ga_expense_to_total_revenue,quarterly_direct,identity_q1_or_ytd_diff,
002839.XSHE,indicator,2025-12-31,2025q4,,2026-03-31,financing_expense_to_total_revenue,,indicator.csv,financing_expense_to_total_revenue,,identity_q1_or_ytd_diff,missing_raw_value
002839.XSHE,indicator,2025-12-31,2025q4,,2026-03-31,operating_profit_to_profit,34.95,indicator.csv,operating_profit_to_profit,quarterly_direct,identity_q1_or_ytd_diff,
002839.XSHE,indicator,2025-12-31,2025q4,,2026-03-31,invesment_profit_to_profit,64.84,indicator.csv,invesment_profit_to_profit,quarterly_direct,identity_q1_or_ytd_diff,
002839.XSHE,indicator,2025-12-31,2025q4,,2026-03-31,adjusted_profit_to_profit,99.85,indicator.csv,adjusted_profit_to_profit,quarterly_direct,identity_q1_or_ytd_diff,
002839.XSHE,indicator,2025-12-31,2025q4,,2026-03-31,goods_sale_and_service_to_revenue,,indicator.csv,goods_sale_and_service_to_revenue,,identity_q1_or_ytd_diff,missing_raw_value
002839.XSHE,indicator,2025-12-31,2025q4,,2026-03-31,ocf_to_revenue,469.87,indicator.csv,ocf_to_revenue,quarterly_direct,identity_q1_or_ytd_diff,
002839.XSHE,indicator,2025-12-31,2025q4,,2026-03-31,ocf_to_operating_profit,1060.74,indicator.csv,ocf_to_operating_profit,quarterly_direct,identity_q1_or_ytd_diff,
002839.XSHE,indicator,2025-12-31,2025q4,,2026-03-31,inc_total_revenue_year_on_year,-0.68,indicator.csv,inc_total_revenue_year_on_year,quarterly_direct,identity_q1_or_ytd_diff,
002839.XSHE,indicator,2025-12-31,2025q4,,2026-03-31,inc_total_revenue_annual,0.07,indicator.csv,inc_total_revenue_annual,quarterly_direct,identity_q1_or_ytd_diff,
002839.XSHE,indicator,2025-12-31,2025q4,,2026-03-31,inc_revenue_year_on_year,-0.68,indicator.csv,inc_revenue_year_on_year,quarterly_direct,identity_q1_or_ytd_diff,
002839.XSHE,indicator,2025-12-31,2025q4,,2026-03-31,inc_revenue_annual,0.07,indicator.csv,inc_revenue_annual,quarterly_direct,identity_q1_or_ytd_diff,
002839.XSHE,indicator,2025-12-31,2025q4,,2026-03-31,inc_operation_profit_year_on_year,13.04,indicator.csv,inc_operation_profit_year_on_year,quarterly_direct,identity_q1_or_ytd_diff,
002839.XSHE,indicator,2025-12-31,2025q4,,2026-03-31,inc_operation_profit_annual,-28.82,indicator.csv,inc_operation_profit_annual,quarterly_direct,identity_q1_or_ytd_diff,
002839.XSHE,indicator,2025-12-31,2025q4,,2026-03-31,inc_net_profit_year_on_year,5.52,indicator.csv,inc_net_profit_year_on_year,quarterly_direct,identity_q1_or_ytd_diff,
002839.XSHE,indicator,2025-12-31,2025q4,,2026-03-31,inc_net_profit_annual,-30.64,indicator.csv,inc_net_profit_annual,quarterly_direct,identity_q1_or_ytd_diff,
002839.XSHE,indicator,2025-12-31,2025q4,,2026-03-31,inc_net_profit_to_shareholders_year_on_year,3.65,indicator.csv,inc_net_profit_to_shareholders_year_on_year,quarterly_direct,identity_q1_or_ytd_diff,
002839.XSHE,indicator,2025-12-31,2025q4,,2026-03-31,inc_net_profit_to_shareholders_annual,-29.49,indicator.csv,inc_net_profit_to_shareholders_annual,quarterly_direct,identity_q1_or_ytd_diff,
002839.XSHE,indicator,2026-03-31,2026q1,,2026-04-30,eps,0.2358,indicator.csv,eps,quarterly_direct,identity_q1_or_ytd_diff,
002839.XSHE,indicator,2026-03-31,2026q1,,2026-04-30,adjusted_profit,579733046.21,indicator.csv,adjusted_profit,quarterly_direct,identity_q1_or_ytd_diff,
002839.XSHE,indicator,2026-03-31,2026q1,,2026-04-30,operating_profit,665259395.7,indicator.csv,operating_profit,quarterly_direct,identity_q1_or_ytd_diff,
002839.XSHE,indicator,2026-03-31,2026q1,,2026-04-30,value_change_profit,430776606.29,indicator.csv,value_change_profit,quarterly_direct,identity_q1_or_ytd_diff,
002839.XSHE,indicator,2026-03-31,2026q1,,2026-04-30,roe,2.77,indicator.csv,roe,quarterly_direct,identity_q1_or_ytd_diff,
002839.XSHE,indicator,2026-03-31,2026q1,,2026-04-30,inc_return,2.78,indicator.csv,inc_return,quarterly_direct,identity_q1_or_ytd_diff,
002839.XSHE,indicator,2026-03-31,2026q1,,2026-04-30,roa,0.25,indicator.csv,roa,quarterly_direct,identity_q1_or_ytd_diff,
002839.XSHE,indicator,2026-03-31,2026q1,,2026-04-30,net_profit_margin,45.61,indicator.csv,net_profit_margin,quarterly_direct,identity_q1_or_ytd_diff,
002839.XSHE,indicator,2026-03-31,2026q1,,2026-04-30,gross_profit_margin,,indicator.csv,gross_profit_margin,,identity_q1_or_ytd_diff,missing_raw_value
002839.XSHE,indicator,2026-03-31,2026q1,,2026-04-30,expense_to_total_revenue,47.44,indicator.csv,expense_to_total_revenue,quarterly_direct,identity_q1_or_ytd_diff,
002839.XSHE,indicator,2026-03-31,2026q1,,2026-04-30,operation_profit_to_total_revenue,52.56,indicator.csv,operation_profit_to_total_revenue,quarterly_direct,identity_q1_or_ytd_diff,
002839.XSHE,indicator,2026-03-31,2026q1,,2026-04-30,net_profit_to_total_revenue,45.61,indicator.csv,net_profit_to_total_revenue,quarterly_direct,identity_q1_or_ytd_diff,
002839.XSHE,indicator,2026-03-31,2026q1,,2026-04-30,operating_expense_to_total_revenue,,indicator.csv,operating_expense_to_total_revenue,,identity_q1_or_ytd_diff,missing_raw_value
002839.XSHE,indicator,2026-03-31,2026q1,,2026-04-30,ga_expense_to_total_revenue,25.02,indicator.csv,ga_expense_to_total_revenue,quarterly_direct,identity_q1_or_ytd_diff,
002839.XSHE,indicator,2026-03-31,2026q1,,2026-04-30,financing_expense_to_total_revenue,,indicator.csv,financing_expense_to_total_revenue,,identity_q1_or_ytd_diff,missing_raw_value
002839.XSHE,indicator,2026-03-31,2026q1,,2026-04-30,operating_profit_to_profit,35.47,indicator.csv,operating_profit_to_profit,quarterly_direct,identity_q1_or_ytd_diff,
002839.XSHE,indicator,2026-03-31,2026q1,,2026-04-30,invesment_profit_to_profit,65.16,indicator.csv,invesment_profit_to_profit,quarterly_direct,identity_q1_or_ytd_diff,
002839.XSHE,indicator,2026-03-31,2026q1,,2026-04-30,adjusted_profit_to_profit,100.58,indicator.csv,adjusted_profit_to_profit,quarterly_direct,identity_q1_or_ytd_diff,
002839.XSHE,indicator,2026-03-31,2026q1,,2026-04-30,goods_sale_and_service_to_revenue,,indicator.csv,goods_sale_and_service_to_revenue,,identity_q1_or_ytd_diff,missing_raw_value
002839.XSHE,indicator,2026-03-31,2026q1,,2026-04-30,ocf_to_revenue,426.42,indicator.csv,ocf_to_revenue,quarterly_direct,identity_q1_or_ytd_diff,
002839.XSHE,indicator,2026-03-31,2026q1,,2026-04-30,ocf_to_operating_profit,811.27,indicator.csv,ocf_to_operating_profit,quarterly_direct,identity_q1_or_ytd_diff,
002839.XSHE,indicator,2026-03-31,2026q1,,2026-04-30,inc_total_revenue_year_on_year,-4.43,indicator.csv,inc_total_revenue_year_on_year,quarterly_direct,identity_q1_or_ytd_diff,
002839.XSHE,indicator,2026-03-31,2026q1,,2026-04-30,inc_total_revenue_annual,18.14,indicator.csv,inc_total_revenue_annual,quarterly_direct,identity_q1_or_ytd_diff,
002839.XSHE,indicator,2026-03-31,2026q1,,2026-04-30,inc_revenue_year_on_year,-4.43,indicator.csv,inc_revenue_year_on_year,quarterly_direct,identity_q1_or_ytd_diff,
002839.XSHE,indicator,2026-03-31,2026q1,,2026-04-30,inc_revenue_annual,18.14,indicator.csv,inc_revenue_annual,quarterly_direct,identity_q1_or_ytd_diff,
002839.XSHE,indicator,2026-03-31,2026q1,,2026-04-30,inc_operation_profit_year_on_year,2.59,indicator.csv,inc_operation_profit_year_on_year,quarterly_direct,identity_q1_or_ytd_diff,
002839.XSHE,indicator,2026-03-31,2026q1,,2026-04-30,inc_operation_profit_annual,40.19,indicator.csv,inc_operation_profit_annual,quarterly_direct,identity_q1_or_ytd_diff,
002839.XSHE,indicator,2026-03-31,2026q1,,2026-04-30,inc_net_profit_year_on_year,1.7,indicator.csv,inc_net_profit_year_on_year,quarterly_direct,identity_q1_or_ytd_diff,
002839.XSHE,indicator,2026-03-31,2026q1,,2026-04-30,inc_net_profit_annual,43.92,indicator.csv,inc_net_profit_annual,quarterly_direct,identity_q1_or_ytd_diff,
002839.XSHE,indicator,2026-03-31,2026q1,,2026-04-30,inc_net_profit_to_shareholders_year_on_year,2.5,indicator.csv,inc_net_profit_to_shareholders_year_on_year,quarterly_direct,identity_q1_or_ytd_diff,
002839.XSHE,indicator,2026-03-31,2026q1,,2026-04-30,inc_net_profit_to_shareholders_annual,41.6,indicator.csv,inc_net_profit_to_shareholders_annual,quarterly_direct,identity_q1_or_ytd_diff,
002839.XSHE,indicator,2026-06-30,2026q2,,,eps,,,eps,,identity_q1_or_ytd_diff,outside_current_available_window
002839.XSHE,indicator,2026-06-30,2026q2,,,adjusted_profit,,,adjusted_profit,,identity_q1_or_ytd_diff,outside_current_available_window
002839.XSHE,indicator,2026-06-30,2026q2,,,operating_profit,,,operating_profit,,identity_q1_or_ytd_diff,outside_current_available_window
002839.XSHE,indicator,2026-06-30,2026q2,,,value_change_profit,,,value_change_profit,,identity_q1_or_ytd_diff,outside_current_available_window
002839.XSHE,indicator,2026-06-30,2026q2,,,roe,,,roe,,identity_q1_or_ytd_diff,outside_current_available_window
002839.XSHE,indicator,2026-06-30,2026q2,,,inc_return,,,inc_return,,identity_q1_or_ytd_diff,outside_current_available_window
002839.XSHE,indicator,2026-06-30,2026q2,,,roa,,,roa,,identity_q1_or_ytd_diff,outside_current_available_window
002839.XSHE,indicator,2026-06-30,2026q2,,,net_profit_margin,,,net_profit_margin,,identity_q1_or_ytd_diff,outside_current_available_window
002839.XSHE,indicator,2026-06-30,2026q2,,,gross_profit_margin,,,gross_profit_margin,,identity_q1_or_ytd_diff,outside_current_available_window
002839.XSHE,indicator,2026-06-30,2026q2,,,expense_to_total_revenue,,,expense_to_total_revenue,,identity_q1_or_ytd_diff,outside_current_available_window
002839.XSHE,indicator,2026-06-30,2026q2,,,operation_profit_to_total_revenue,,,operation_profit_to_total_revenue,,identity_q1_or_ytd_diff,outside_current_available_window
002839.XSHE,indicator,2026-06-30,2026q2,,,net_profit_to_total_revenue,,,net_profit_to_total_revenue,,identity_q1_or_ytd_diff,outside_current_available_window
002839.XSHE,indicator,2026-06-30,2026q2,,,operating_expense_to_total_revenue,,,operating_expense_to_total_revenue,,identity_q1_or_ytd_diff,outside_current_available_window
002839.XSHE,indicator,2026-06-30,2026q2,,,ga_expense_to_total_revenue,,,ga_expense_to_total_revenue,,identity_q1_or_ytd_diff,outside_current_available_window
002839.XSHE,indicator,2026-06-30,2026q2,,,financing_expense_to_total_revenue,,,financing_expense_to_total_revenue,,identity_q1_or_ytd_diff,outside_current_available_window
002839.XSHE,indicator,2026-06-30,2026q2,,,operating_profit_to_profit,,,operating_profit_to_profit,,identity_q1_or_ytd_diff,outside_current_available_window
002839.XSHE,indicator,2026-06-30,2026q2,,,invesment_profit_to_profit,,,invesment_profit_to_profit,,identity_q1_or_ytd_diff,outside_current_available_window
002839.XSHE,indicator,2026-06-30,2026q2,,,adjusted_profit_to_profit,,,adjusted_profit_to_profit,,identity_q1_or_ytd_diff,outside_current_available_window
002839.XSHE,indicator,2026-06-30,2026q2,,,goods_sale_and_service_to_revenue,,,goods_sale_and_service_to_revenue,,identity_q1_or_ytd_diff,outside_current_available_window
002839.XSHE,indicator,2026-06-30,2026q2,,,ocf_to_revenue,,,ocf_to_revenue,,identity_q1_or_ytd_diff,outside_current_available_window
002839.XSHE,indicator,2026-06-30,2026q2,,,ocf_to_operating_profit,,,ocf_to_operating_profit,,identity_q1_or_ytd_diff,outside_current_available_window
002839.XSHE,indicator,2026-06-30,2026q2,,,inc_total_revenue_year_on_year,,,inc_total_revenue_year_on_year,,identity_q1_or_ytd_diff,outside_current_available_window
002839.XSHE,indicator,2026-06-30,2026q2,,,inc_total_revenue_annual,,,inc_total_revenue_annual,,identity_q1_or_ytd_diff,outside_current_available_window
002839.XSHE,indicator,2026-06-30,2026q2,,,inc_revenue_year_on_year,,,inc_revenue_year_on_year,,identity_q1_or_ytd_diff,outside_current_available_window
002839.XSHE,indicator,2026-06-30,2026q2,,,inc_revenue_annual,,,inc_revenue_annual,,identity_q1_or_ytd_diff,outside_current_available_window
002839.XSHE,indicator,2026-06-30,2026q2,,,inc_operation_profit_year_on_year,,,inc_operation_profit_year_on_year,,identity_q1_or_ytd_diff,outside_current_available_window
002839.XSHE,indicator,2026-06-30,2026q2,,,inc_operation_profit_annual,,,inc_operation_profit_annual,,identity_q1_or_ytd_diff,outside_current_available_window
002839.XSHE,indicator,2026-06-30,2026q2,,,inc_net_profit_year_on_year,,,inc_net_profit_year_on_year,,identity_q1_or_ytd_diff,outside_current_available_window
002839.XSHE,indicator,2026-06-30,2026q2,,,inc_net_profit_annual,,,inc_net_profit_annual,,identity_q1_or_ytd_diff,outside_current_available_window
002839.XSHE,indicator,2026-06-30,2026q2,,,inc_net_profit_to_shareholders_year_on_year,,,inc_net_profit_to_shareholders_year_on_year,,identity_q1_or_ytd_diff,outside_current_available_window
002839.XSHE,indicator,2026-06-30,2026q2,,,inc_net_profit_to_shareholders_annual,,,inc_net_profit_to_shareholders_annual,,identity_q1_or_ytd_diff,outside_current_available_window
002839.XSHE,indicator,2026-09-30,2026q3,,,eps,,,eps,,identity_q1_or_ytd_diff,outside_current_available_window
002839.XSHE,indicator,2026-09-30,2026q3,,,adjusted_profit,,,adjusted_profit,,identity_q1_or_ytd_diff,outside_current_available_window
002839.XSHE,indicator,2026-09-30,2026q3,,,operating_profit,,,operating_profit,,identity_q1_or_ytd_diff,outside_current_available_window
002839.XSHE,indicator,2026-09-30,2026q3,,,value_change_profit,,,value_change_profit,,identity_q1_or_ytd_diff,outside_current_available_window
002839.XSHE,indicator,2026-09-30,2026q3,,,roe,,,roe,,identity_q1_or_ytd_diff,outside_current_available_window
002839.XSHE,indicator,2026-09-30,2026q3,,,inc_return,,,inc_return,,identity_q1_or_ytd_diff,outside_current_available_window
002839.XSHE,indicator,2026-09-30,2026q3,,,roa,,,roa,,identity_q1_or_ytd_diff,outside_current_available_window
002839.XSHE,indicator,2026-09-30,2026q3,,,net_profit_margin,,,net_profit_margin,,identity_q1_or_ytd_diff,outside_current_available_window
002839.XSHE,indicator,2026-09-30,2026q3,,,gross_profit_margin,,,gross_profit_margin,,identity_q1_or_ytd_diff,outside_current_available_window
002839.XSHE,indicator,2026-09-30,2026q3,,,expense_to_total_revenue,,,expense_to_total_revenue,,identity_q1_or_ytd_diff,outside_current_available_window
002839.XSHE,indicator,2026-09-30,2026q3,,,operation_profit_to_total_revenue,,,operation_profit_to_total_revenue,,identity_q1_or_ytd_diff,outside_current_available_window
002839.XSHE,indicator,2026-09-30,2026q3,,,net_profit_to_total_revenue,,,net_profit_to_total_revenue,,identity_q1_or_ytd_diff,outside_current_available_window
002839.XSHE,indicator,2026-09-30,2026q3,,,operating_expense_to_total_revenue,,,operating_expense_to_total_revenue,,identity_q1_or_ytd_diff,outside_current_available_window
002839.XSHE,indicator,2026-09-30,2026q3,,,ga_expense_to_total_revenue,,,ga_expense_to_total_revenue,,identity_q1_or_ytd_diff,outside_current_available_window
002839.XSHE,indicator,2026-09-30,2026q3,,,financing_expense_to_total_revenue,,,financing_expense_to_total_revenue,,identity_q1_or_ytd_diff,outside_current_available_window
002839.XSHE,indicator,2026-09-30,2026q3,,,operating_profit_to_profit,,,operating_profit_to_profit,,identity_q1_or_ytd_diff,outside_current_available_window
002839.XSHE,indicator,2026-09-30,2026q3,,,invesment_profit_to_profit,,,invesment_profit_to_profit,,identity_q1_or_ytd_diff,outside_current_available_window
002839.XSHE,indicator,2026-09-30,2026q3,,,adjusted_profit_to_profit,,,adjusted_profit_to_profit,,identity_q1_or_ytd_diff,outside_current_available_window
002839.XSHE,indicator,2026-09-30,2026q3,,,goods_sale_and_service_to_revenue,,,goods_sale_and_service_to_revenue,,identity_q1_or_ytd_diff,outside_current_available_window
002839.XSHE,indicator,2026-09-30,2026q3,,,ocf_to_revenue,,,ocf_to_revenue,,identity_q1_or_ytd_diff,outside_current_available_window
002839.XSHE,indicator,2026-09-30,2026q3,,,ocf_to_operating_profit,,,ocf_to_operating_profit,,identity_q1_or_ytd_diff,outside_current_available_window
002839.XSHE,indicator,2026-09-30,2026q3,,,inc_total_revenue_year_on_year,,,inc_total_revenue_year_on_year,,identity_q1_or_ytd_diff,outside_current_available_window
002839.XSHE,indicator,2026-09-30,2026q3,,,inc_total_revenue_annual,,,inc_total_revenue_annual,,identity_q1_or_ytd_diff,outside_current_available_window
002839.XSHE,indicator,2026-09-30,2026q3,,,inc_revenue_year_on_year,,,inc_revenue_year_on_year,,identity_q1_or_ytd_diff,outside_current_available_window
002839.XSHE,indicator,2026-09-30,2026q3,,,inc_revenue_annual,,,inc_revenue_annual,,identity_q1_or_ytd_diff,outside_current_available_window
002839.XSHE,indicator,2026-09-30,2026q3,,,inc_operation_profit_year_on_year,,,inc_operation_profit_year_on_year,,identity_q1_or_ytd_diff,outside_current_available_window
002839.XSHE,indicator,2026-09-30,2026q3,,,inc_operation_profit_annual,,,inc_operation_profit_annual,,identity_q1_or_ytd_diff,outside_current_available_window
002839.XSHE,indicator,2026-09-30,2026q3,,,inc_net_profit_year_on_year,,,inc_net_profit_year_on_year,,identity_q1_or_ytd_diff,outside_current_available_window
002839.XSHE,indicator,2026-09-30,2026q3,,,inc_net_profit_annual,,,inc_net_profit_annual,,identity_q1_or_ytd_diff,outside_current_available_window
002839.XSHE,indicator,2026-09-30,2026q3,,,inc_net_profit_to_shareholders_year_on_year,,,inc_net_profit_to_shareholders_year_on_year,,identity_q1_or_ytd_diff,outside_current_available_window
002839.XSHE,indicator,2026-09-30,2026q3,,,inc_net_profit_to_shareholders_annual,,,inc_net_profit_to_shareholders_annual,,identity_q1_or_ytd_diff,outside_current_available_window
002839.XSHE,indicator,2026-12-31,2026q4,,,eps,,,eps,,identity_q1_or_ytd_diff,outside_current_available_window
002839.XSHE,indicator,2026-12-31,2026q4,,,adjusted_profit,,,adjusted_profit,,identity_q1_or_ytd_diff,outside_current_available_window
002839.XSHE,indicator,2026-12-31,2026q4,,,operating_profit,,,operating_profit,,identity_q1_or_ytd_diff,outside_current_available_window
002839.XSHE,indicator,2026-12-31,2026q4,,,value_change_profit,,,value_change_profit,,identity_q1_or_ytd_diff,outside_current_available_window
002839.XSHE,indicator,2026-12-31,2026q4,,,roe,,,roe,,identity_q1_or_ytd_diff,outside_current_available_window
002839.XSHE,indicator,2026-12-31,2026q4,,,inc_return,,,inc_return,,identity_q1_or_ytd_diff,outside_current_available_window
002839.XSHE,indicator,2026-12-31,2026q4,,,roa,,,roa,,identity_q1_or_ytd_diff,outside_current_available_window
002839.XSHE,indicator,2026-12-31,2026q4,,,net_profit_margin,,,net_profit_margin,,identity_q1_or_ytd_diff,outside_current_available_window
002839.XSHE,indicator,2026-12-31,2026q4,,,gross_profit_margin,,,gross_profit_margin,,identity_q1_or_ytd_diff,outside_current_available_window
002839.XSHE,indicator,2026-12-31,2026q4,,,expense_to_total_revenue,,,expense_to_total_revenue,,identity_q1_or_ytd_diff,outside_current_available_window
002839.XSHE,indicator,2026-12-31,2026q4,,,operation_profit_to_total_revenue,,,operation_profit_to_total_revenue,,identity_q1_or_ytd_diff,outside_current_available_window
002839.XSHE,indicator,2026-12-31,2026q4,,,net_profit_to_total_revenue,,,net_profit_to_total_revenue,,identity_q1_or_ytd_diff,outside_current_available_window
002839.XSHE,indicator,2026-12-31,2026q4,,,operating_expense_to_total_revenue,,,operating_expense_to_total_revenue,,identity_q1_or_ytd_diff,outside_current_available_window
002839.XSHE,indicator,2026-12-31,2026q4,,,ga_expense_to_total_revenue,,,ga_expense_to_total_revenue,,identity_q1_or_ytd_diff,outside_current_available_window
002839.XSHE,indicator,2026-12-31,2026q4,,,financing_expense_to_total_revenue,,,financing_expense_to_total_revenue,,identity_q1_or_ytd_diff,outside_current_available_window
002839.XSHE,indicator,2026-12-31,2026q4,,,operating_profit_to_profit,,,operating_profit_to_profit,,identity_q1_or_ytd_diff,outside_current_available_window
002839.XSHE,indicator,2026-12-31,2026q4,,,invesment_profit_to_profit,,,invesment_profit_to_profit,,identity_q1_or_ytd_diff,outside_current_available_window
002839.XSHE,indicator,2026-12-31,2026q4,,,adjusted_profit_to_profit,,,adjusted_profit_to_profit,,identity_q1_or_ytd_diff,outside_current_available_window
002839.XSHE,indicator,2026-12-31,2026q4,,,goods_sale_and_service_to_revenue,,,goods_sale_and_service_to_revenue,,identity_q1_or_ytd_diff,outside_current_available_window
002839.XSHE,indicator,2026-12-31,2026q4,,,ocf_to_revenue,,,ocf_to_revenue,,identity_q1_or_ytd_diff,outside_current_available_window
002839.XSHE,indicator,2026-12-31,2026q4,,,ocf_to_operating_profit,,,ocf_to_operating_profit,,identity_q1_or_ytd_diff,outside_current_available_window
002839.XSHE,indicator,2026-12-31,2026q4,,,inc_total_revenue_year_on_year,,,inc_total_revenue_year_on_year,,identity_q1_or_ytd_diff,outside_current_available_window
002839.XSHE,indicator,2026-12-31,2026q4,,,inc_total_revenue_annual,,,inc_total_revenue_annual,,identity_q1_or_ytd_diff,outside_current_available_window
002839.XSHE,indicator,2026-12-31,2026q4,,,inc_revenue_year_on_year,,,inc_revenue_year_on_year,,identity_q1_or_ytd_diff,outside_current_available_window
002839.XSHE,indicator,2026-12-31,2026q4,,,inc_revenue_annual,,,inc_revenue_annual,,identity_q1_or_ytd_diff,outside_current_available_window
002839.XSHE,indicator,2026-12-31,2026q4,,,inc_operation_profit_year_on_year,,,inc_operation_profit_year_on_year,,identity_q1_or_ytd_diff,outside_current_available_window
002839.XSHE,indicator,2026-12-31,2026q4,,,inc_operation_profit_annual,,,inc_operation_profit_annual,,identity_q1_or_ytd_diff,outside_current_available_window
002839.XSHE,indicator,2026-12-31,2026q4,,,inc_net_profit_year_on_year,,,inc_net_profit_year_on_year,,identity_q1_or_ytd_diff,outside_current_available_window
002839.XSHE,indicator,2026-12-31,2026q4,,,inc_net_profit_annual,,,inc_net_profit_annual,,identity_q1_or_ytd_diff,outside_current_available_window
002839.XSHE,indicator,2026-12-31,2026q4,,,inc_net_profit_to_shareholders_year_on_year,,,inc_net_profit_to_shareholders_year_on_year,,identity_q1_or_ytd_diff,outside_current_available_window
002839.XSHE,indicator,2026-12-31,2026q4,,,inc_net_profit_to_shareholders_annual,,,inc_net_profit_to_shareholders_annual,,identity_q1_or_ytd_diff,outside_current_available_window
