code,statement_family,report_period_end,quarter_key,year_key,pub_date,standard_field_name,standard_value,source_table,source_field,period_basis,transformation_rule,missing_reason
601328.XSHG,balance,2014-03-31,2014q1,,2014-04-30,cash_equivalents,964610000000.0,balance.csv,cash_equivalents,quarterly_direct,identity_q1_or_ytd_diff,
601328.XSHG,balance,2014-03-31,2014q1,,2014-04-30,settlement_provi,,balance.csv,settlement_provi,,identity_q1_or_ytd_diff,missing_raw_value
601328.XSHG,balance,2014-03-31,2014q1,,2014-04-30,lend_capital,226094000000.0,balance.csv,lend_capital,quarterly_direct,identity_q1_or_ytd_diff,
601328.XSHG,balance,2014-03-31,2014q1,,2014-04-30,trading_assets,66207000000.0,balance.csv,trading_assets,quarterly_direct,identity_q1_or_ytd_diff,
601328.XSHG,balance,2014-03-31,2014q1,,2014-04-30,bill_receivable,,balance.csv,bill_receivable,,identity_q1_or_ytd_diff,missing_raw_value
601328.XSHG,balance,2014-03-31,2014q1,,2014-04-30,account_receivable,,balance.csv,account_receivable,,identity_q1_or_ytd_diff,missing_raw_value
601328.XSHG,balance,2014-03-31,2014q1,,2014-04-30,advance_payment,,balance.csv,advance_payment,,identity_q1_or_ytd_diff,missing_raw_value
601328.XSHG,balance,2014-03-31,2014q1,,2014-04-30,insurance_receivables,,balance.csv,insurance_receivables,,identity_q1_or_ytd_diff,missing_raw_value
601328.XSHG,balance,2014-03-31,2014q1,,2014-04-30,interest_receivable,30801000000.0,balance.csv,interest_receivable,quarterly_direct,identity_q1_or_ytd_diff,
601328.XSHG,balance,2014-03-31,2014q1,,2014-04-30,other_receivable,,balance.csv,other_receivable,,identity_q1_or_ytd_diff,missing_raw_value
601328.XSHG,balance,2014-03-31,2014q1,,2014-04-30,bought_sellback_assets,219605000000.0,balance.csv,bought_sellback_assets,quarterly_direct,identity_q1_or_ytd_diff,
601328.XSHG,balance,2014-03-31,2014q1,,2014-04-30,inventories,,balance.csv,inventories,,identity_q1_or_ytd_diff,missing_raw_value
601328.XSHG,balance,2014-03-31,2014q1,,2014-04-30,other_current_assets,,balance.csv,other_current_assets,,identity_q1_or_ytd_diff,missing_raw_value
601328.XSHG,balance,2014-03-31,2014q1,,2014-04-30,total_current_assets,,balance.csv,total_current_assets,,identity_q1_or_ytd_diff,missing_raw_value
601328.XSHG,balance,2014-03-31,2014q1,,2014-04-30,loan_and_advance,,balance.csv,loan_and_advance,,identity_q1_or_ytd_diff,missing_raw_value
601328.XSHG,balance,2014-03-31,2014q1,,2014-04-30,hold_for_sale_assets,227504000000.0,balance.csv,hold_for_sale_assets,quarterly_direct,identity_q1_or_ytd_diff,
601328.XSHG,balance,2014-03-31,2014q1,,2014-04-30,hold_to_maturity_investments,666618000000.0,balance.csv,hold_to_maturity_investments,quarterly_direct,identity_q1_or_ytd_diff,
601328.XSHG,balance,2014-03-31,2014q1,,2014-04-30,longterm_equity_invest,1224000000.0,balance.csv,longterm_equity_invest,quarterly_direct,identity_q1_or_ytd_diff,
601328.XSHG,balance,2014-03-31,2014q1,,2014-04-30,investment_property,195000000.0,balance.csv,investment_property,quarterly_direct,identity_q1_or_ytd_diff,
601328.XSHG,balance,2014-03-31,2014q1,,2014-04-30,fixed_assets,45146000000.0,balance.csv,fixed_assets,quarterly_direct,identity_q1_or_ytd_diff,
601328.XSHG,balance,2014-03-31,2014q1,,2014-04-30,constru_in_process,14091000000.0,balance.csv,constru_in_process,quarterly_direct,identity_q1_or_ytd_diff,
601328.XSHG,balance,2014-03-31,2014q1,,2014-04-30,intangible_assets,1599000000.0,balance.csv,intangible_assets,quarterly_direct,identity_q1_or_ytd_diff,
601328.XSHG,balance,2014-03-31,2014q1,,2014-04-30,good_will,,balance.csv,good_will,,identity_q1_or_ytd_diff,missing_raw_value
601328.XSHG,balance,2014-03-31,2014q1,,2014-04-30,long_deferred_expense,,balance.csv,long_deferred_expense,,identity_q1_or_ytd_diff,missing_raw_value
601328.XSHG,balance,2014-03-31,2014q1,,2014-04-30,deferred_tax_assets,14906000000.0,balance.csv,deferred_tax_assets,quarterly_direct,identity_q1_or_ytd_diff,
601328.XSHG,balance,2014-03-31,2014q1,,2014-04-30,other_non_current_assets,,balance.csv,other_non_current_assets,,identity_q1_or_ytd_diff,missing_raw_value
601328.XSHG,balance,2014-03-31,2014q1,,2014-04-30,total_non_current_assets,,balance.csv,total_non_current_assets,,identity_q1_or_ytd_diff,missing_raw_value
601328.XSHG,balance,2014-03-31,2014q1,,2014-04-30,total_assets,5979360000000.0,balance.csv,total_assets,quarterly_direct,identity_q1_or_ytd_diff,
601328.XSHG,balance,2014-03-31,2014q1,,2014-04-30,shortterm_loan,0.0,balance.csv,shortterm_loan,quarterly_direct,identity_q1_or_ytd_diff,
601328.XSHG,balance,2014-03-31,2014q1,,2014-04-30,borrowing_from_centralbank,9504000000.0,balance.csv,borrowing_from_centralbank,quarterly_direct,identity_q1_or_ytd_diff,
601328.XSHG,balance,2014-03-31,2014q1,,2014-04-30,deposit_in_interbank,4898146000000.0,balance.csv,deposit_in_interbank,quarterly_direct,identity_q1_or_ytd_diff,
601328.XSHG,balance,2014-03-31,2014q1,,2014-04-30,borrowing_capital,237774000000.0,balance.csv,borrowing_capital,quarterly_direct,identity_q1_or_ytd_diff,
601328.XSHG,balance,2014-03-31,2014q1,,2014-04-30,trading_liability,,balance.csv,trading_liability,,identity_q1_or_ytd_diff,missing_raw_value
601328.XSHG,balance,2014-03-31,2014q1,,2014-04-30,notes_payable,,balance.csv,notes_payable,,identity_q1_or_ytd_diff,missing_raw_value
601328.XSHG,balance,2014-03-31,2014q1,,2014-04-30,accounts_payable,,balance.csv,accounts_payable,,identity_q1_or_ytd_diff,missing_raw_value
601328.XSHG,balance,2014-03-31,2014q1,,2014-04-30,advance_peceipts,,balance.csv,advance_peceipts,,identity_q1_or_ytd_diff,missing_raw_value
601328.XSHG,balance,2014-03-31,2014q1,,2014-04-30,sold_buyback_secu_proceeds,126075000000.0,balance.csv,sold_buyback_secu_proceeds,quarterly_direct,identity_q1_or_ytd_diff,
601328.XSHG,balance,2014-03-31,2014q1,,2014-04-30,commission_payable,,balance.csv,commission_payable,,identity_q1_or_ytd_diff,missing_raw_value
601328.XSHG,balance,2014-03-31,2014q1,,2014-04-30,salaries_payable,1977000000.0,balance.csv,salaries_payable,quarterly_direct,identity_q1_or_ytd_diff,
601328.XSHG,balance,2014-03-31,2014q1,,2014-04-30,taxs_payable,11187000000.0,balance.csv,taxs_payable,quarterly_direct,identity_q1_or_ytd_diff,
601328.XSHG,balance,2014-03-31,2014q1,,2014-04-30,interest_payable,60737000000.0,balance.csv,interest_payable,quarterly_direct,identity_q1_or_ytd_diff,
601328.XSHG,balance,2014-03-31,2014q1,,2014-04-30,other_payable,,balance.csv,other_payable,,identity_q1_or_ytd_diff,missing_raw_value
601328.XSHG,balance,2014-03-31,2014q1,,2014-04-30,insurance_contract_reserves,0.0,balance.csv,insurance_contract_reserves,quarterly_direct,identity_q1_or_ytd_diff,
601328.XSHG,balance,2014-03-31,2014q1,,2014-04-30,proxy_secu_proceeds,,balance.csv,proxy_secu_proceeds,,identity_q1_or_ytd_diff,missing_raw_value
601328.XSHG,balance,2014-03-31,2014q1,,2014-04-30,non_current_liability_in_one_year,,balance.csv,non_current_liability_in_one_year,,identity_q1_or_ytd_diff,missing_raw_value
601328.XSHG,balance,2014-03-31,2014q1,,2014-04-30,other_current_liability,,balance.csv,other_current_liability,,identity_q1_or_ytd_diff,missing_raw_value
601328.XSHG,balance,2014-03-31,2014q1,,2014-04-30,total_current_liability,,balance.csv,total_current_liability,,identity_q1_or_ytd_diff,missing_raw_value
601328.XSHG,balance,2014-03-31,2014q1,,2014-04-30,longterm_loan,,balance.csv,longterm_loan,,identity_q1_or_ytd_diff,missing_raw_value
601328.XSHG,balance,2014-03-31,2014q1,,2014-04-30,bonds_payable,87966000000.0,balance.csv,bonds_payable,quarterly_direct,identity_q1_or_ytd_diff,
601328.XSHG,balance,2014-03-31,2014q1,,2014-04-30,estimate_liability,382000000.0,balance.csv,estimate_liability,quarterly_direct,identity_q1_or_ytd_diff,
601328.XSHG,balance,2014-03-31,2014q1,,2014-04-30,deferred_tax_liability,16000000.0,balance.csv,deferred_tax_liability,quarterly_direct,identity_q1_or_ytd_diff,
601328.XSHG,balance,2014-03-31,2014q1,,2014-04-30,other_non_current_liability,,balance.csv,other_non_current_liability,,identity_q1_or_ytd_diff,missing_raw_value
601328.XSHG,balance,2014-03-31,2014q1,,2014-04-30,total_non_current_liability,,balance.csv,total_non_current_liability,,identity_q1_or_ytd_diff,missing_raw_value
601328.XSHG,balance,2014-03-31,2014q1,,2014-04-30,total_liability,5537624000000.0,balance.csv,total_liability,quarterly_direct,identity_q1_or_ytd_diff,
601328.XSHG,balance,2014-03-31,2014q1,,2014-04-30,paidin_capital,74263000000.0,balance.csv,paidin_capital,quarterly_direct,identity_q1_or_ytd_diff,
601328.XSHG,balance,2014-03-31,2014q1,,2014-04-30,capital_reserve_fund,109832000000.0,balance.csv,capital_reserve_fund,quarterly_direct,identity_q1_or_ytd_diff,
601328.XSHG,balance,2014-03-31,2014q1,,2014-04-30,treasury_stock,,balance.csv,treasury_stock,,identity_q1_or_ytd_diff,missing_raw_value
601328.XSHG,balance,2014-03-31,2014q1,,2014-04-30,surplus_reserve_fund,109509000000.0,balance.csv,surplus_reserve_fund,quarterly_direct,identity_q1_or_ytd_diff,
601328.XSHG,balance,2014-03-31,2014q1,,2014-04-30,ordinary_risk_reserve_fund,62767000000.0,balance.csv,ordinary_risk_reserve_fund,quarterly_direct,identity_q1_or_ytd_diff,
601328.XSHG,balance,2014-03-31,2014q1,,2014-04-30,retained_profit,86010000000.0,balance.csv,retained_profit,quarterly_direct,identity_q1_or_ytd_diff,
601328.XSHG,balance,2014-03-31,2014q1,,2014-04-30,equities_parent_company_owners,439756000000.0,balance.csv,equities_parent_company_owners,quarterly_direct,identity_q1_or_ytd_diff,
601328.XSHG,balance,2014-03-31,2014q1,,2014-04-30,minority_interests,1980000000.0,balance.csv,minority_interests,quarterly_direct,identity_q1_or_ytd_diff,
601328.XSHG,balance,2014-03-31,2014q1,,2014-04-30,total_owner_equities,441736000000.0,balance.csv,total_owner_equities,quarterly_direct,identity_q1_or_ytd_diff,
601328.XSHG,balance,2014-03-31,2014q1,,2014-04-30,other_comprehensive_income,,balance.csv,other_comprehensive_income,,identity_q1_or_ytd_diff,missing_raw_value
601328.XSHG,balance,2014-03-31,2014q1,,2014-04-30,contract_assets,,balance.csv,contract_assets,,identity_q1_or_ytd_diff,missing_raw_value
601328.XSHG,balance,2014-03-31,2014q1,,2014-04-30,contract_liability,,balance.csv,contract_liability,,identity_q1_or_ytd_diff,missing_raw_value
601328.XSHG,balance,2014-03-31,2014q1,,2014-04-30,usufruct_assets,,balance.csv,usufruct_assets,,identity_q1_or_ytd_diff,missing_raw_value
601328.XSHG,balance,2014-06-30,2014q2,,2014-08-22,cash_equivalents,1055760000000.0,balance.csv,cash_equivalents,quarterly_direct,identity_q1_or_ytd_diff,
601328.XSHG,balance,2014-06-30,2014q2,,2014-08-22,settlement_provi,,balance.csv,settlement_provi,,identity_q1_or_ytd_diff,missing_raw_value
601328.XSHG,balance,2014-06-30,2014q2,,2014-08-22,lend_capital,249860000000.0,balance.csv,lend_capital,quarterly_direct,identity_q1_or_ytd_diff,
601328.XSHG,balance,2014-06-30,2014q2,,2014-08-22,trading_assets,77619000000.0,balance.csv,trading_assets,quarterly_direct,identity_q1_or_ytd_diff,
601328.XSHG,balance,2014-06-30,2014q2,,2014-08-22,bill_receivable,,balance.csv,bill_receivable,,identity_q1_or_ytd_diff,missing_raw_value
601328.XSHG,balance,2014-06-30,2014q2,,2014-08-22,account_receivable,,balance.csv,account_receivable,,identity_q1_or_ytd_diff,missing_raw_value
601328.XSHG,balance,2014-06-30,2014q2,,2014-08-22,advance_payment,,balance.csv,advance_payment,,identity_q1_or_ytd_diff,missing_raw_value
601328.XSHG,balance,2014-06-30,2014q2,,2014-08-22,insurance_receivables,,balance.csv,insurance_receivables,,identity_q1_or_ytd_diff,missing_raw_value
601328.XSHG,balance,2014-06-30,2014q2,,2014-08-22,interest_receivable,33447000000.0,balance.csv,interest_receivable,quarterly_direct,identity_q1_or_ytd_diff,
601328.XSHG,balance,2014-06-30,2014q2,,2014-08-22,other_receivable,,balance.csv,other_receivable,,identity_q1_or_ytd_diff,missing_raw_value
601328.XSHG,balance,2014-06-30,2014q2,,2014-08-22,bought_sellback_assets,249851000000.0,balance.csv,bought_sellback_assets,quarterly_direct,identity_q1_or_ytd_diff,
601328.XSHG,balance,2014-06-30,2014q2,,2014-08-22,inventories,,balance.csv,inventories,,identity_q1_or_ytd_diff,missing_raw_value
601328.XSHG,balance,2014-06-30,2014q2,,2014-08-22,other_current_assets,,balance.csv,other_current_assets,,identity_q1_or_ytd_diff,missing_raw_value
601328.XSHG,balance,2014-06-30,2014q2,,2014-08-22,total_current_assets,,balance.csv,total_current_assets,,identity_q1_or_ytd_diff,missing_raw_value
601328.XSHG,balance,2014-06-30,2014q2,,2014-08-22,loan_and_advance,,balance.csv,loan_and_advance,,identity_q1_or_ytd_diff,missing_raw_value
601328.XSHG,balance,2014-06-30,2014q2,,2014-08-22,hold_for_sale_assets,229447000000.0,balance.csv,hold_for_sale_assets,quarterly_direct,identity_q1_or_ytd_diff,
601328.XSHG,balance,2014-06-30,2014q2,,2014-08-22,hold_to_maturity_investments,653404000000.0,balance.csv,hold_to_maturity_investments,quarterly_direct,identity_q1_or_ytd_diff,
601328.XSHG,balance,2014-06-30,2014q2,,2014-08-22,longterm_equity_invest,1255000000.0,balance.csv,longterm_equity_invest,quarterly_direct,identity_q1_or_ytd_diff,
601328.XSHG,balance,2014-06-30,2014q2,,2014-08-22,investment_property,196000000.0,balance.csv,investment_property,quarterly_direct,identity_q1_or_ytd_diff,
601328.XSHG,balance,2014-06-30,2014q2,,2014-08-22,fixed_assets,47543000000.0,balance.csv,fixed_assets,quarterly_direct,identity_q1_or_ytd_diff,
601328.XSHG,balance,2014-06-30,2014q2,,2014-08-22,constru_in_process,13698000000.0,balance.csv,constru_in_process,quarterly_direct,identity_q1_or_ytd_diff,
601328.XSHG,balance,2014-06-30,2014q2,,2014-08-22,intangible_assets,1619000000.0,balance.csv,intangible_assets,quarterly_direct,identity_q1_or_ytd_diff,
601328.XSHG,balance,2014-06-30,2014q2,,2014-08-22,good_will,,balance.csv,good_will,,identity_q1_or_ytd_diff,missing_raw_value
601328.XSHG,balance,2014-06-30,2014q2,,2014-08-22,long_deferred_expense,,balance.csv,long_deferred_expense,,identity_q1_or_ytd_diff,missing_raw_value
601328.XSHG,balance,2014-06-30,2014q2,,2014-08-22,deferred_tax_assets,14409000000.0,balance.csv,deferred_tax_assets,quarterly_direct,identity_q1_or_ytd_diff,
601328.XSHG,balance,2014-06-30,2014q2,,2014-08-22,other_non_current_assets,,balance.csv,other_non_current_assets,,identity_q1_or_ytd_diff,missing_raw_value
601328.XSHG,balance,2014-06-30,2014q2,,2014-08-22,total_non_current_assets,,balance.csv,total_non_current_assets,,identity_q1_or_ytd_diff,missing_raw_value
601328.XSHG,balance,2014-06-30,2014q2,,2014-08-22,total_assets,6283936000000.0,balance.csv,total_assets,quarterly_direct,identity_q1_or_ytd_diff,
601328.XSHG,balance,2014-06-30,2014q2,,2014-08-22,shortterm_loan,0.0,balance.csv,shortterm_loan,quarterly_direct,identity_q1_or_ytd_diff,
601328.XSHG,balance,2014-06-30,2014q2,,2014-08-22,borrowing_from_centralbank,7558000000.0,balance.csv,borrowing_from_centralbank,quarterly_direct,identity_q1_or_ytd_diff,
601328.XSHG,balance,2014-06-30,2014q2,,2014-08-22,deposit_in_interbank,5201851000000.0,balance.csv,deposit_in_interbank,quarterly_direct,identity_q1_or_ytd_diff,
601328.XSHG,balance,2014-06-30,2014q2,,2014-08-22,borrowing_capital,233253000000.0,balance.csv,borrowing_capital,quarterly_direct,identity_q1_or_ytd_diff,
601328.XSHG,balance,2014-06-30,2014q2,,2014-08-22,trading_liability,,balance.csv,trading_liability,,identity_q1_or_ytd_diff,missing_raw_value
601328.XSHG,balance,2014-06-30,2014q2,,2014-08-22,notes_payable,,balance.csv,notes_payable,,identity_q1_or_ytd_diff,missing_raw_value
601328.XSHG,balance,2014-06-30,2014q2,,2014-08-22,accounts_payable,,balance.csv,accounts_payable,,identity_q1_or_ytd_diff,missing_raw_value
601328.XSHG,balance,2014-06-30,2014q2,,2014-08-22,advance_peceipts,,balance.csv,advance_peceipts,,identity_q1_or_ytd_diff,missing_raw_value
601328.XSHG,balance,2014-06-30,2014q2,,2014-08-22,sold_buyback_secu_proceeds,86511000000.0,balance.csv,sold_buyback_secu_proceeds,quarterly_direct,identity_q1_or_ytd_diff,
601328.XSHG,balance,2014-06-30,2014q2,,2014-08-22,commission_payable,,balance.csv,commission_payable,,identity_q1_or_ytd_diff,missing_raw_value
601328.XSHG,balance,2014-06-30,2014q2,,2014-08-22,salaries_payable,3692000000.0,balance.csv,salaries_payable,quarterly_direct,identity_q1_or_ytd_diff,
601328.XSHG,balance,2014-06-30,2014q2,,2014-08-22,taxs_payable,9304000000.0,balance.csv,taxs_payable,quarterly_direct,identity_q1_or_ytd_diff,
601328.XSHG,balance,2014-06-30,2014q2,,2014-08-22,interest_payable,66458000000.0,balance.csv,interest_payable,quarterly_direct,identity_q1_or_ytd_diff,
601328.XSHG,balance,2014-06-30,2014q2,,2014-08-22,other_payable,,balance.csv,other_payable,,identity_q1_or_ytd_diff,missing_raw_value
601328.XSHG,balance,2014-06-30,2014q2,,2014-08-22,insurance_contract_reserves,0.0,balance.csv,insurance_contract_reserves,quarterly_direct,identity_q1_or_ytd_diff,
601328.XSHG,balance,2014-06-30,2014q2,,2014-08-22,proxy_secu_proceeds,,balance.csv,proxy_secu_proceeds,,identity_q1_or_ytd_diff,missing_raw_value
601328.XSHG,balance,2014-06-30,2014q2,,2014-08-22,non_current_liability_in_one_year,,balance.csv,non_current_liability_in_one_year,,identity_q1_or_ytd_diff,missing_raw_value
601328.XSHG,balance,2014-06-30,2014q2,,2014-08-22,other_current_liability,,balance.csv,other_current_liability,,identity_q1_or_ytd_diff,missing_raw_value
601328.XSHG,balance,2014-06-30,2014q2,,2014-08-22,total_current_liability,,balance.csv,total_current_liability,,identity_q1_or_ytd_diff,missing_raw_value
601328.XSHG,balance,2014-06-30,2014q2,,2014-08-22,longterm_loan,,balance.csv,longterm_loan,,identity_q1_or_ytd_diff,missing_raw_value
601328.XSHG,balance,2014-06-30,2014q2,,2014-08-22,bonds_payable,95378000000.0,balance.csv,bonds_payable,quarterly_direct,identity_q1_or_ytd_diff,
601328.XSHG,balance,2014-06-30,2014q2,,2014-08-22,estimate_liability,417000000.0,balance.csv,estimate_liability,quarterly_direct,identity_q1_or_ytd_diff,
601328.XSHG,balance,2014-06-30,2014q2,,2014-08-22,deferred_tax_liability,9000000.0,balance.csv,deferred_tax_liability,quarterly_direct,identity_q1_or_ytd_diff,
601328.XSHG,balance,2014-06-30,2014q2,,2014-08-22,other_non_current_liability,,balance.csv,other_non_current_liability,,identity_q1_or_ytd_diff,missing_raw_value
601328.XSHG,balance,2014-06-30,2014q2,,2014-08-22,total_non_current_liability,,balance.csv,total_non_current_liability,,identity_q1_or_ytd_diff,missing_raw_value
601328.XSHG,balance,2014-06-30,2014q2,,2014-08-22,total_liability,5841390000000.0,balance.csv,total_liability,quarterly_direct,identity_q1_or_ytd_diff,
601328.XSHG,balance,2014-06-30,2014q2,,2014-08-22,paidin_capital,74263000000.0,balance.csv,paidin_capital,quarterly_direct,identity_q1_or_ytd_diff,
601328.XSHG,balance,2014-06-30,2014q2,,2014-08-22,capital_reserve_fund,111767000000.0,balance.csv,capital_reserve_fund,quarterly_direct,identity_q1_or_ytd_diff,
601328.XSHG,balance,2014-06-30,2014q2,,2014-08-22,treasury_stock,,balance.csv,treasury_stock,,identity_q1_or_ytd_diff,missing_raw_value
601328.XSHG,balance,2014-06-30,2014q2,,2014-08-22,surplus_reserve_fund,136241000000.0,balance.csv,surplus_reserve_fund,quarterly_direct,identity_q1_or_ytd_diff,
601328.XSHG,balance,2014-06-30,2014q2,,2014-08-22,ordinary_risk_reserve_fund,71014000000.0,balance.csv,ordinary_risk_reserve_fund,quarterly_direct,identity_q1_or_ytd_diff,
601328.XSHG,balance,2014-06-30,2014q2,,2014-08-22,retained_profit,49806000000.0,balance.csv,retained_profit,quarterly_direct,identity_q1_or_ytd_diff,
601328.XSHG,balance,2014-06-30,2014q2,,2014-08-22,equities_parent_company_owners,440503000000.0,balance.csv,equities_parent_company_owners,quarterly_direct,identity_q1_or_ytd_diff,
601328.XSHG,balance,2014-06-30,2014q2,,2014-08-22,minority_interests,2043000000.0,balance.csv,minority_interests,quarterly_direct,identity_q1_or_ytd_diff,
601328.XSHG,balance,2014-06-30,2014q2,,2014-08-22,total_owner_equities,442546000000.0,balance.csv,total_owner_equities,quarterly_direct,identity_q1_or_ytd_diff,
601328.XSHG,balance,2014-06-30,2014q2,,2014-08-22,other_comprehensive_income,,balance.csv,other_comprehensive_income,,identity_q1_or_ytd_diff,missing_raw_value
601328.XSHG,balance,2014-06-30,2014q2,,2014-08-22,contract_assets,,balance.csv,contract_assets,,identity_q1_or_ytd_diff,missing_raw_value
601328.XSHG,balance,2014-06-30,2014q2,,2014-08-22,contract_liability,,balance.csv,contract_liability,,identity_q1_or_ytd_diff,missing_raw_value
601328.XSHG,balance,2014-06-30,2014q2,,2014-08-22,usufruct_assets,,balance.csv,usufruct_assets,,identity_q1_or_ytd_diff,missing_raw_value
601328.XSHG,balance,2014-09-30,2014q3,,2014-10-30,cash_equivalents,1100610000000.0,balance.csv,cash_equivalents,quarterly_direct,identity_q1_or_ytd_diff,
601328.XSHG,balance,2014-09-30,2014q3,,2014-10-30,settlement_provi,,balance.csv,settlement_provi,,identity_q1_or_ytd_diff,missing_raw_value
601328.XSHG,balance,2014-09-30,2014q3,,2014-10-30,lend_capital,172048000000.0,balance.csv,lend_capital,quarterly_direct,identity_q1_or_ytd_diff,
601328.XSHG,balance,2014-09-30,2014q3,,2014-10-30,trading_assets,77940000000.0,balance.csv,trading_assets,quarterly_direct,identity_q1_or_ytd_diff,
601328.XSHG,balance,2014-09-30,2014q3,,2014-10-30,bill_receivable,,balance.csv,bill_receivable,,identity_q1_or_ytd_diff,missing_raw_value
601328.XSHG,balance,2014-09-30,2014q3,,2014-10-30,account_receivable,,balance.csv,account_receivable,,identity_q1_or_ytd_diff,missing_raw_value
601328.XSHG,balance,2014-09-30,2014q3,,2014-10-30,advance_payment,,balance.csv,advance_payment,,identity_q1_or_ytd_diff,missing_raw_value
601328.XSHG,balance,2014-09-30,2014q3,,2014-10-30,insurance_receivables,,balance.csv,insurance_receivables,,identity_q1_or_ytd_diff,missing_raw_value
601328.XSHG,balance,2014-09-30,2014q3,,2014-10-30,interest_receivable,34459000000.0,balance.csv,interest_receivable,quarterly_direct,identity_q1_or_ytd_diff,
601328.XSHG,balance,2014-09-30,2014q3,,2014-10-30,other_receivable,,balance.csv,other_receivable,,identity_q1_or_ytd_diff,missing_raw_value
601328.XSHG,balance,2014-09-30,2014q3,,2014-10-30,bought_sellback_assets,155447000000.0,balance.csv,bought_sellback_assets,quarterly_direct,identity_q1_or_ytd_diff,
601328.XSHG,balance,2014-09-30,2014q3,,2014-10-30,inventories,,balance.csv,inventories,,identity_q1_or_ytd_diff,missing_raw_value
601328.XSHG,balance,2014-09-30,2014q3,,2014-10-30,other_current_assets,,balance.csv,other_current_assets,,identity_q1_or_ytd_diff,missing_raw_value
601328.XSHG,balance,2014-09-30,2014q3,,2014-10-30,total_current_assets,,balance.csv,total_current_assets,,identity_q1_or_ytd_diff,missing_raw_value
601328.XSHG,balance,2014-09-30,2014q3,,2014-10-30,loan_and_advance,,balance.csv,loan_and_advance,,identity_q1_or_ytd_diff,missing_raw_value
601328.XSHG,balance,2014-09-30,2014q3,,2014-10-30,hold_for_sale_assets,226217000000.0,balance.csv,hold_for_sale_assets,quarterly_direct,identity_q1_or_ytd_diff,
601328.XSHG,balance,2014-09-30,2014q3,,2014-10-30,hold_to_maturity_investments,639463000000.0,balance.csv,hold_to_maturity_investments,quarterly_direct,identity_q1_or_ytd_diff,
601328.XSHG,balance,2014-09-30,2014q3,,2014-10-30,longterm_equity_invest,435000000.0,balance.csv,longterm_equity_invest,quarterly_direct,identity_q1_or_ytd_diff,
601328.XSHG,balance,2014-09-30,2014q3,,2014-10-30,investment_property,198000000.0,balance.csv,investment_property,quarterly_direct,identity_q1_or_ytd_diff,
601328.XSHG,balance,2014-09-30,2014q3,,2014-10-30,fixed_assets,49050000000.0,balance.csv,fixed_assets,quarterly_direct,identity_q1_or_ytd_diff,
601328.XSHG,balance,2014-09-30,2014q3,,2014-10-30,constru_in_process,21314000000.0,balance.csv,constru_in_process,quarterly_direct,identity_q1_or_ytd_diff,
601328.XSHG,balance,2014-09-30,2014q3,,2014-10-30,intangible_assets,1602000000.0,balance.csv,intangible_assets,quarterly_direct,identity_q1_or_ytd_diff,
601328.XSHG,balance,2014-09-30,2014q3,,2014-10-30,good_will,,balance.csv,good_will,,identity_q1_or_ytd_diff,missing_raw_value
601328.XSHG,balance,2014-09-30,2014q3,,2014-10-30,long_deferred_expense,,balance.csv,long_deferred_expense,,identity_q1_or_ytd_diff,missing_raw_value
601328.XSHG,balance,2014-09-30,2014q3,,2014-10-30,deferred_tax_assets,15347000000.0,balance.csv,deferred_tax_assets,quarterly_direct,identity_q1_or_ytd_diff,
601328.XSHG,balance,2014-09-30,2014q3,,2014-10-30,other_non_current_assets,,balance.csv,other_non_current_assets,,identity_q1_or_ytd_diff,missing_raw_value
601328.XSHG,balance,2014-09-30,2014q3,,2014-10-30,total_non_current_assets,,balance.csv,total_non_current_assets,,identity_q1_or_ytd_diff,missing_raw_value
601328.XSHG,balance,2014-09-30,2014q3,,2014-10-30,total_assets,6212718000000.0,balance.csv,total_assets,quarterly_direct,identity_q1_or_ytd_diff,
601328.XSHG,balance,2014-09-30,2014q3,,2014-10-30,shortterm_loan,0.0,balance.csv,shortterm_loan,quarterly_direct,identity_q1_or_ytd_diff,
601328.XSHG,balance,2014-09-30,2014q3,,2014-10-30,borrowing_from_centralbank,6593000000.0,balance.csv,borrowing_from_centralbank,quarterly_direct,identity_q1_or_ytd_diff,
601328.XSHG,balance,2014-09-30,2014q3,,2014-10-30,deposit_in_interbank,5009925000000.0,balance.csv,deposit_in_interbank,quarterly_direct,identity_q1_or_ytd_diff,
601328.XSHG,balance,2014-09-30,2014q3,,2014-10-30,borrowing_capital,225307000000.0,balance.csv,borrowing_capital,quarterly_direct,identity_q1_or_ytd_diff,
601328.XSHG,balance,2014-09-30,2014q3,,2014-10-30,trading_liability,,balance.csv,trading_liability,,identity_q1_or_ytd_diff,missing_raw_value
601328.XSHG,balance,2014-09-30,2014q3,,2014-10-30,notes_payable,,balance.csv,notes_payable,,identity_q1_or_ytd_diff,missing_raw_value
601328.XSHG,balance,2014-09-30,2014q3,,2014-10-30,accounts_payable,,balance.csv,accounts_payable,,identity_q1_or_ytd_diff,missing_raw_value
601328.XSHG,balance,2014-09-30,2014q3,,2014-10-30,advance_peceipts,,balance.csv,advance_peceipts,,identity_q1_or_ytd_diff,missing_raw_value
601328.XSHG,balance,2014-09-30,2014q3,,2014-10-30,sold_buyback_secu_proceeds,176736000000.0,balance.csv,sold_buyback_secu_proceeds,quarterly_direct,identity_q1_or_ytd_diff,
601328.XSHG,balance,2014-09-30,2014q3,,2014-10-30,commission_payable,,balance.csv,commission_payable,,identity_q1_or_ytd_diff,missing_raw_value
601328.XSHG,balance,2014-09-30,2014q3,,2014-10-30,salaries_payable,5625000000.0,balance.csv,salaries_payable,quarterly_direct,identity_q1_or_ytd_diff,
601328.XSHG,balance,2014-09-30,2014q3,,2014-10-30,taxs_payable,10610000000.0,balance.csv,taxs_payable,quarterly_direct,identity_q1_or_ytd_diff,
601328.XSHG,balance,2014-09-30,2014q3,,2014-10-30,interest_payable,70932000000.0,balance.csv,interest_payable,quarterly_direct,identity_q1_or_ytd_diff,
601328.XSHG,balance,2014-09-30,2014q3,,2014-10-30,other_payable,,balance.csv,other_payable,,identity_q1_or_ytd_diff,missing_raw_value
601328.XSHG,balance,2014-09-30,2014q3,,2014-10-30,insurance_contract_reserves,0.0,balance.csv,insurance_contract_reserves,quarterly_direct,identity_q1_or_ytd_diff,
601328.XSHG,balance,2014-09-30,2014q3,,2014-10-30,proxy_secu_proceeds,,balance.csv,proxy_secu_proceeds,,identity_q1_or_ytd_diff,missing_raw_value
601328.XSHG,balance,2014-09-30,2014q3,,2014-10-30,non_current_liability_in_one_year,,balance.csv,non_current_liability_in_one_year,,identity_q1_or_ytd_diff,missing_raw_value
601328.XSHG,balance,2014-09-30,2014q3,,2014-10-30,other_current_liability,,balance.csv,other_current_liability,,identity_q1_or_ytd_diff,missing_raw_value
601328.XSHG,balance,2014-09-30,2014q3,,2014-10-30,total_current_liability,,balance.csv,total_current_liability,,identity_q1_or_ytd_diff,missing_raw_value
601328.XSHG,balance,2014-09-30,2014q3,,2014-10-30,longterm_loan,,balance.csv,longterm_loan,,identity_q1_or_ytd_diff,missing_raw_value
601328.XSHG,balance,2014-09-30,2014q3,,2014-10-30,bonds_payable,116757000000.0,balance.csv,bonds_payable,quarterly_direct,identity_q1_or_ytd_diff,
601328.XSHG,balance,2014-09-30,2014q3,,2014-10-30,estimate_liability,416000000.0,balance.csv,estimate_liability,quarterly_direct,identity_q1_or_ytd_diff,
601328.XSHG,balance,2014-09-30,2014q3,,2014-10-30,deferred_tax_liability,11000000.0,balance.csv,deferred_tax_liability,quarterly_direct,identity_q1_or_ytd_diff,
601328.XSHG,balance,2014-09-30,2014q3,,2014-10-30,other_non_current_liability,,balance.csv,other_non_current_liability,,identity_q1_or_ytd_diff,missing_raw_value
601328.XSHG,balance,2014-09-30,2014q3,,2014-10-30,total_non_current_liability,,balance.csv,total_non_current_liability,,identity_q1_or_ytd_diff,missing_raw_value
601328.XSHG,balance,2014-09-30,2014q3,,2014-10-30,total_liability,5754838000000.0,balance.csv,total_liability,quarterly_direct,identity_q1_or_ytd_diff,
601328.XSHG,balance,2014-09-30,2014q3,,2014-10-30,paidin_capital,74263000000.0,balance.csv,paidin_capital,quarterly_direct,identity_q1_or_ytd_diff,
601328.XSHG,balance,2014-09-30,2014q3,,2014-10-30,capital_reserve_fund,112381000000.0,balance.csv,capital_reserve_fund,quarterly_direct,identity_q1_or_ytd_diff,
601328.XSHG,balance,2014-09-30,2014q3,,2014-10-30,treasury_stock,,balance.csv,treasury_stock,,identity_q1_or_ytd_diff,missing_raw_value
601328.XSHG,balance,2014-09-30,2014q3,,2014-10-30,surplus_reserve_fund,136241000000.0,balance.csv,surplus_reserve_fund,quarterly_direct,identity_q1_or_ytd_diff,
601328.XSHG,balance,2014-09-30,2014q3,,2014-10-30,ordinary_risk_reserve_fund,71132000000.0,balance.csv,ordinary_risk_reserve_fund,quarterly_direct,identity_q1_or_ytd_diff,
601328.XSHG,balance,2014-09-30,2014q3,,2014-10-30,retained_profit,64437000000.0,balance.csv,retained_profit,quarterly_direct,identity_q1_or_ytd_diff,
601328.XSHG,balance,2014-09-30,2014q3,,2014-10-30,equities_parent_company_owners,455800000000.0,balance.csv,equities_parent_company_owners,quarterly_direct,identity_q1_or_ytd_diff,
601328.XSHG,balance,2014-09-30,2014q3,,2014-10-30,minority_interests,2080000000.0,balance.csv,minority_interests,quarterly_direct,identity_q1_or_ytd_diff,
601328.XSHG,balance,2014-09-30,2014q3,,2014-10-30,total_owner_equities,457880000000.0,balance.csv,total_owner_equities,quarterly_direct,identity_q1_or_ytd_diff,
601328.XSHG,balance,2014-09-30,2014q3,,2014-10-30,other_comprehensive_income,,balance.csv,other_comprehensive_income,,identity_q1_or_ytd_diff,missing_raw_value
601328.XSHG,balance,2014-09-30,2014q3,,2014-10-30,contract_assets,,balance.csv,contract_assets,,identity_q1_or_ytd_diff,missing_raw_value
601328.XSHG,balance,2014-09-30,2014q3,,2014-10-30,contract_liability,,balance.csv,contract_liability,,identity_q1_or_ytd_diff,missing_raw_value
601328.XSHG,balance,2014-09-30,2014q3,,2014-10-30,usufruct_assets,,balance.csv,usufruct_assets,,identity_q1_or_ytd_diff,missing_raw_value
601328.XSHG,balance,2014-12-31,2014q4,,2015-03-27,cash_equivalents,1112316000000.0,balance.csv,cash_equivalents,quarterly_direct,identity_q1_or_ytd_diff,
601328.XSHG,balance,2014-12-31,2014q4,,2015-03-27,settlement_provi,,balance.csv,settlement_provi,,identity_q1_or_ytd_diff,missing_raw_value
601328.XSHG,balance,2014-12-31,2014q4,,2015-03-27,lend_capital,172318000000.0,balance.csv,lend_capital,quarterly_direct,identity_q1_or_ytd_diff,
601328.XSHG,balance,2014-12-31,2014q4,,2015-03-27,trading_assets,105702000000.0,balance.csv,trading_assets,quarterly_direct,identity_q1_or_ytd_diff,
601328.XSHG,balance,2014-12-31,2014q4,,2015-03-27,bill_receivable,,balance.csv,bill_receivable,,identity_q1_or_ytd_diff,missing_raw_value
601328.XSHG,balance,2014-12-31,2014q4,,2015-03-27,account_receivable,,balance.csv,account_receivable,,identity_q1_or_ytd_diff,missing_raw_value
601328.XSHG,balance,2014-12-31,2014q4,,2015-03-27,advance_payment,,balance.csv,advance_payment,,identity_q1_or_ytd_diff,missing_raw_value
601328.XSHG,balance,2014-12-31,2014q4,,2015-03-27,insurance_receivables,,balance.csv,insurance_receivables,,identity_q1_or_ytd_diff,missing_raw_value
601328.XSHG,balance,2014-12-31,2014q4,,2015-03-27,interest_receivable,34790000000.0,balance.csv,interest_receivable,quarterly_direct,identity_q1_or_ytd_diff,
601328.XSHG,balance,2014-12-31,2014q4,,2015-03-27,other_receivable,,balance.csv,other_receivable,,identity_q1_or_ytd_diff,missing_raw_value
601328.XSHG,balance,2014-12-31,2014q4,,2015-03-27,bought_sellback_assets,178454000000.0,balance.csv,bought_sellback_assets,quarterly_direct,identity_q1_or_ytd_diff,
601328.XSHG,balance,2014-12-31,2014q4,,2015-03-27,inventories,,balance.csv,inventories,,identity_q1_or_ytd_diff,missing_raw_value
601328.XSHG,balance,2014-12-31,2014q4,,2015-03-27,other_current_assets,,balance.csv,other_current_assets,,identity_q1_or_ytd_diff,missing_raw_value
601328.XSHG,balance,2014-12-31,2014q4,,2015-03-27,total_current_assets,,balance.csv,total_current_assets,,identity_q1_or_ytd_diff,missing_raw_value
601328.XSHG,balance,2014-12-31,2014q4,,2015-03-27,loan_and_advance,,balance.csv,loan_and_advance,,identity_q1_or_ytd_diff,missing_raw_value
601328.XSHG,balance,2014-12-31,2014q4,,2015-03-27,hold_for_sale_assets,210016000000.0,balance.csv,hold_for_sale_assets,quarterly_direct,identity_q1_or_ytd_diff,
601328.XSHG,balance,2014-12-31,2014q4,,2015-03-27,hold_to_maturity_investments,635570000000.0,balance.csv,hold_to_maturity_investments,quarterly_direct,identity_q1_or_ytd_diff,
601328.XSHG,balance,2014-12-31,2014q4,,2015-03-27,longterm_equity_invest,547000000.0,balance.csv,longterm_equity_invest,quarterly_direct,identity_q1_or_ytd_diff,
601328.XSHG,balance,2014-12-31,2014q4,,2015-03-27,investment_property,7276000000.0,balance.csv,investment_property,quarterly_direct,identity_q1_or_ytd_diff,
601328.XSHG,balance,2014-12-31,2014q4,,2015-03-27,fixed_assets,56227000000.0,balance.csv,fixed_assets,quarterly_direct,identity_q1_or_ytd_diff,
601328.XSHG,balance,2014-12-31,2014q4,,2015-03-27,constru_in_process,13540000000.0,balance.csv,constru_in_process,quarterly_direct,identity_q1_or_ytd_diff,
601328.XSHG,balance,2014-12-31,2014q4,,2015-03-27,intangible_assets,1707000000.0,balance.csv,intangible_assets,quarterly_direct,identity_q1_or_ytd_diff,
601328.XSHG,balance,2014-12-31,2014q4,,2015-03-27,good_will,,balance.csv,good_will,,identity_q1_or_ytd_diff,missing_raw_value
601328.XSHG,balance,2014-12-31,2014q4,,2015-03-27,long_deferred_expense,,balance.csv,long_deferred_expense,,identity_q1_or_ytd_diff,missing_raw_value
601328.XSHG,balance,2014-12-31,2014q4,,2015-03-27,deferred_tax_assets,16077000000.0,balance.csv,deferred_tax_assets,quarterly_direct,identity_q1_or_ytd_diff,
601328.XSHG,balance,2014-12-31,2014q4,,2015-03-27,other_non_current_assets,,balance.csv,other_non_current_assets,,identity_q1_or_ytd_diff,missing_raw_value
601328.XSHG,balance,2014-12-31,2014q4,,2015-03-27,total_non_current_assets,,balance.csv,total_non_current_assets,,identity_q1_or_ytd_diff,missing_raw_value
601328.XSHG,balance,2014-12-31,2014q4,,2015-03-27,total_assets,6268299000000.0,balance.csv,total_assets,quarterly_direct,identity_q1_or_ytd_diff,
601328.XSHG,balance,2014-12-31,2014q4,,2015-03-27,shortterm_loan,0.0,balance.csv,shortterm_loan,quarterly_direct,identity_q1_or_ytd_diff,
601328.XSHG,balance,2014-12-31,2014q4,,2015-03-27,borrowing_from_centralbank,83669000000.0,balance.csv,borrowing_from_centralbank,quarterly_direct,identity_q1_or_ytd_diff,
601328.XSHG,balance,2014-12-31,2014q4,,2015-03-27,deposit_in_interbank,5051705000000.0,balance.csv,deposit_in_interbank,quarterly_direct,identity_q1_or_ytd_diff,
601328.XSHG,balance,2014-12-31,2014q4,,2015-03-27,borrowing_capital,212996000000.0,balance.csv,borrowing_capital,quarterly_direct,identity_q1_or_ytd_diff,
601328.XSHG,balance,2014-12-31,2014q4,,2015-03-27,trading_liability,18749000000.0,balance.csv,trading_liability,quarterly_direct,identity_q1_or_ytd_diff,
601328.XSHG,balance,2014-12-31,2014q4,,2015-03-27,notes_payable,,balance.csv,notes_payable,,identity_q1_or_ytd_diff,missing_raw_value
601328.XSHG,balance,2014-12-31,2014q4,,2015-03-27,accounts_payable,,balance.csv,accounts_payable,,identity_q1_or_ytd_diff,missing_raw_value
601328.XSHG,balance,2014-12-31,2014q4,,2015-03-27,advance_peceipts,,balance.csv,advance_peceipts,,identity_q1_or_ytd_diff,missing_raw_value
601328.XSHG,balance,2014-12-31,2014q4,,2015-03-27,sold_buyback_secu_proceeds,89573000000.0,balance.csv,sold_buyback_secu_proceeds,quarterly_direct,identity_q1_or_ytd_diff,
601328.XSHG,balance,2014-12-31,2014q4,,2015-03-27,commission_payable,,balance.csv,commission_payable,,identity_q1_or_ytd_diff,missing_raw_value
601328.XSHG,balance,2014-12-31,2014q4,,2015-03-27,salaries_payable,6163000000.0,balance.csv,salaries_payable,quarterly_direct,identity_q1_or_ytd_diff,
601328.XSHG,balance,2014-12-31,2014q4,,2015-03-27,taxs_payable,11190000000.0,balance.csv,taxs_payable,quarterly_direct,identity_q1_or_ytd_diff,
601328.XSHG,balance,2014-12-31,2014q4,,2015-03-27,interest_payable,70892000000.0,balance.csv,interest_payable,quarterly_direct,identity_q1_or_ytd_diff,
601328.XSHG,balance,2014-12-31,2014q4,,2015-03-27,other_payable,,balance.csv,other_payable,,identity_q1_or_ytd_diff,missing_raw_value
601328.XSHG,balance,2014-12-31,2014q4,,2015-03-27,insurance_contract_reserves,0.0,balance.csv,insurance_contract_reserves,quarterly_direct,identity_q1_or_ytd_diff,
601328.XSHG,balance,2014-12-31,2014q4,,2015-03-27,proxy_secu_proceeds,,balance.csv,proxy_secu_proceeds,,identity_q1_or_ytd_diff,missing_raw_value
601328.XSHG,balance,2014-12-31,2014q4,,2015-03-27,non_current_liability_in_one_year,,balance.csv,non_current_liability_in_one_year,,identity_q1_or_ytd_diff,missing_raw_value
601328.XSHG,balance,2014-12-31,2014q4,,2015-03-27,other_current_liability,,balance.csv,other_current_liability,,identity_q1_or_ytd_diff,missing_raw_value
601328.XSHG,balance,2014-12-31,2014q4,,2015-03-27,total_current_liability,,balance.csv,total_current_liability,,identity_q1_or_ytd_diff,missing_raw_value
601328.XSHG,balance,2014-12-31,2014q4,,2015-03-27,longterm_loan,,balance.csv,longterm_loan,,identity_q1_or_ytd_diff,missing_raw_value
601328.XSHG,balance,2014-12-31,2014q4,,2015-03-27,bonds_payable,129547000000.0,balance.csv,bonds_payable,quarterly_direct,identity_q1_or_ytd_diff,
601328.XSHG,balance,2014-12-31,2014q4,,2015-03-27,estimate_liability,279000000.0,balance.csv,estimate_liability,quarterly_direct,identity_q1_or_ytd_diff,
601328.XSHG,balance,2014-12-31,2014q4,,2015-03-27,deferred_tax_liability,32000000.0,balance.csv,deferred_tax_liability,quarterly_direct,identity_q1_or_ytd_diff,
601328.XSHG,balance,2014-12-31,2014q4,,2015-03-27,other_non_current_liability,,balance.csv,other_non_current_liability,,identity_q1_or_ytd_diff,missing_raw_value
601328.XSHG,balance,2014-12-31,2014q4,,2015-03-27,total_non_current_liability,,balance.csv,total_non_current_liability,,identity_q1_or_ytd_diff,missing_raw_value
601328.XSHG,balance,2014-12-31,2014q4,,2015-03-27,total_liability,5794694000000.0,balance.csv,total_liability,quarterly_direct,identity_q1_or_ytd_diff,
601328.XSHG,balance,2014-12-31,2014q4,,2015-03-27,paidin_capital,74263000000.0,balance.csv,paidin_capital,quarterly_direct,identity_q1_or_ytd_diff,
601328.XSHG,balance,2014-12-31,2014q4,,2015-03-27,capital_reserve_fund,113496000000.0,balance.csv,capital_reserve_fund,quarterly_direct,identity_q1_or_ytd_diff,
601328.XSHG,balance,2014-12-31,2014q4,,2015-03-27,treasury_stock,,balance.csv,treasury_stock,,identity_q1_or_ytd_diff,missing_raw_value
601328.XSHG,balance,2014-12-31,2014q4,,2015-03-27,surplus_reserve_fund,142764000000.0,balance.csv,surplus_reserve_fund,quarterly_direct,identity_q1_or_ytd_diff,
601328.XSHG,balance,2014-12-31,2014q4,,2015-03-27,ordinary_risk_reserve_fund,71549000000.0,balance.csv,ordinary_risk_reserve_fund,quarterly_direct,identity_q1_or_ytd_diff,
601328.XSHG,balance,2014-12-31,2014q4,,2015-03-27,retained_profit,71825000000.0,balance.csv,retained_profit,quarterly_direct,identity_q1_or_ytd_diff,
601328.XSHG,balance,2014-12-31,2014q4,,2015-03-27,equities_parent_company_owners,471055000000.0,balance.csv,equities_parent_company_owners,quarterly_direct,identity_q1_or_ytd_diff,
601328.XSHG,balance,2014-12-31,2014q4,,2015-03-27,minority_interests,2550000000.0,balance.csv,minority_interests,quarterly_direct,identity_q1_or_ytd_diff,
601328.XSHG,balance,2014-12-31,2014q4,,2015-03-27,total_owner_equities,473605000000.0,balance.csv,total_owner_equities,quarterly_direct,identity_q1_or_ytd_diff,
601328.XSHG,balance,2014-12-31,2014q4,,2015-03-27,other_comprehensive_income,-2842000000.0,balance.csv,other_comprehensive_income,quarterly_direct,identity_q1_or_ytd_diff,
601328.XSHG,balance,2014-12-31,2014q4,,2015-03-27,contract_assets,,balance.csv,contract_assets,,identity_q1_or_ytd_diff,missing_raw_value
601328.XSHG,balance,2014-12-31,2014q4,,2015-03-27,contract_liability,,balance.csv,contract_liability,,identity_q1_or_ytd_diff,missing_raw_value
601328.XSHG,balance,2014-12-31,2014q4,,2015-03-27,usufruct_assets,,balance.csv,usufruct_assets,,identity_q1_or_ytd_diff,missing_raw_value
601328.XSHG,balance,2015-03-31,2015q1,,2015-04-29,cash_equivalents,1100630000000.0,balance.csv,cash_equivalents,quarterly_direct,identity_q1_or_ytd_diff,
601328.XSHG,balance,2015-03-31,2015q1,,2015-04-29,settlement_provi,,balance.csv,settlement_provi,,identity_q1_or_ytd_diff,missing_raw_value
601328.XSHG,balance,2015-03-31,2015q1,,2015-04-29,lend_capital,281019000000.0,balance.csv,lend_capital,quarterly_direct,identity_q1_or_ytd_diff,
601328.XSHG,balance,2015-03-31,2015q1,,2015-04-29,trading_assets,132338000000.0,balance.csv,trading_assets,quarterly_direct,identity_q1_or_ytd_diff,
601328.XSHG,balance,2015-03-31,2015q1,,2015-04-29,bill_receivable,,balance.csv,bill_receivable,,identity_q1_or_ytd_diff,missing_raw_value
601328.XSHG,balance,2015-03-31,2015q1,,2015-04-29,account_receivable,,balance.csv,account_receivable,,identity_q1_or_ytd_diff,missing_raw_value
601328.XSHG,balance,2015-03-31,2015q1,,2015-04-29,advance_payment,,balance.csv,advance_payment,,identity_q1_or_ytd_diff,missing_raw_value
601328.XSHG,balance,2015-03-31,2015q1,,2015-04-29,insurance_receivables,,balance.csv,insurance_receivables,,identity_q1_or_ytd_diff,missing_raw_value
601328.XSHG,balance,2015-03-31,2015q1,,2015-04-29,interest_receivable,31036000000.0,balance.csv,interest_receivable,quarterly_direct,identity_q1_or_ytd_diff,
601328.XSHG,balance,2015-03-31,2015q1,,2015-04-29,other_receivable,,balance.csv,other_receivable,,identity_q1_or_ytd_diff,missing_raw_value
601328.XSHG,balance,2015-03-31,2015q1,,2015-04-29,bought_sellback_assets,163635000000.0,balance.csv,bought_sellback_assets,quarterly_direct,identity_q1_or_ytd_diff,
601328.XSHG,balance,2015-03-31,2015q1,,2015-04-29,inventories,,balance.csv,inventories,,identity_q1_or_ytd_diff,missing_raw_value
601328.XSHG,balance,2015-03-31,2015q1,,2015-04-29,other_current_assets,,balance.csv,other_current_assets,,identity_q1_or_ytd_diff,missing_raw_value
601328.XSHG,balance,2015-03-31,2015q1,,2015-04-29,total_current_assets,,balance.csv,total_current_assets,,identity_q1_or_ytd_diff,missing_raw_value
601328.XSHG,balance,2015-03-31,2015q1,,2015-04-29,loan_and_advance,,balance.csv,loan_and_advance,,identity_q1_or_ytd_diff,missing_raw_value
601328.XSHG,balance,2015-03-31,2015q1,,2015-04-29,hold_for_sale_assets,214424000000.0,balance.csv,hold_for_sale_assets,quarterly_direct,identity_q1_or_ytd_diff,
601328.XSHG,balance,2015-03-31,2015q1,,2015-04-29,hold_to_maturity_investments,647438000000.0,balance.csv,hold_to_maturity_investments,quarterly_direct,identity_q1_or_ytd_diff,
601328.XSHG,balance,2015-03-31,2015q1,,2015-04-29,longterm_equity_invest,518000000.0,balance.csv,longterm_equity_invest,quarterly_direct,identity_q1_or_ytd_diff,
601328.XSHG,balance,2015-03-31,2015q1,,2015-04-29,investment_property,7314000000.0,balance.csv,investment_property,quarterly_direct,identity_q1_or_ytd_diff,
601328.XSHG,balance,2015-03-31,2015q1,,2015-04-29,fixed_assets,58017000000.0,balance.csv,fixed_assets,quarterly_direct,identity_q1_or_ytd_diff,
601328.XSHG,balance,2015-03-31,2015q1,,2015-04-29,constru_in_process,13718000000.0,balance.csv,constru_in_process,quarterly_direct,identity_q1_or_ytd_diff,
601328.XSHG,balance,2015-03-31,2015q1,,2015-04-29,intangible_assets,1990000000.0,balance.csv,intangible_assets,quarterly_direct,identity_q1_or_ytd_diff,
601328.XSHG,balance,2015-03-31,2015q1,,2015-04-29,good_will,,balance.csv,good_will,,identity_q1_or_ytd_diff,missing_raw_value
601328.XSHG,balance,2015-03-31,2015q1,,2015-04-29,long_deferred_expense,,balance.csv,long_deferred_expense,,identity_q1_or_ytd_diff,missing_raw_value
601328.XSHG,balance,2015-03-31,2015q1,,2015-04-29,deferred_tax_assets,15492000000.0,balance.csv,deferred_tax_assets,quarterly_direct,identity_q1_or_ytd_diff,
601328.XSHG,balance,2015-03-31,2015q1,,2015-04-29,other_non_current_assets,,balance.csv,other_non_current_assets,,identity_q1_or_ytd_diff,missing_raw_value
601328.XSHG,balance,2015-03-31,2015q1,,2015-04-29,total_non_current_assets,,balance.csv,total_non_current_assets,,identity_q1_or_ytd_diff,missing_raw_value
601328.XSHG,balance,2015-03-31,2015q1,,2015-04-29,total_assets,6627239000000.0,balance.csv,total_assets,quarterly_direct,identity_q1_or_ytd_diff,
601328.XSHG,balance,2015-03-31,2015q1,,2015-04-29,shortterm_loan,0.0,balance.csv,shortterm_loan,quarterly_direct,identity_q1_or_ytd_diff,
601328.XSHG,balance,2015-03-31,2015q1,,2015-04-29,borrowing_from_centralbank,123891000000.0,balance.csv,borrowing_from_centralbank,quarterly_direct,identity_q1_or_ytd_diff,
601328.XSHG,balance,2015-03-31,2015q1,,2015-04-29,deposit_in_interbank,5305659000000.0,balance.csv,deposit_in_interbank,quarterly_direct,identity_q1_or_ytd_diff,
601328.XSHG,balance,2015-03-31,2015q1,,2015-04-29,borrowing_capital,266083000000.0,balance.csv,borrowing_capital,quarterly_direct,identity_q1_or_ytd_diff,
601328.XSHG,balance,2015-03-31,2015q1,,2015-04-29,trading_liability,,balance.csv,trading_liability,,identity_q1_or_ytd_diff,missing_raw_value
601328.XSHG,balance,2015-03-31,2015q1,,2015-04-29,notes_payable,,balance.csv,notes_payable,,identity_q1_or_ytd_diff,missing_raw_value
601328.XSHG,balance,2015-03-31,2015q1,,2015-04-29,accounts_payable,,balance.csv,accounts_payable,,identity_q1_or_ytd_diff,missing_raw_value
601328.XSHG,balance,2015-03-31,2015q1,,2015-04-29,advance_peceipts,,balance.csv,advance_peceipts,,identity_q1_or_ytd_diff,missing_raw_value
601328.XSHG,balance,2015-03-31,2015q1,,2015-04-29,sold_buyback_secu_proceeds,63290000000.0,balance.csv,sold_buyback_secu_proceeds,quarterly_direct,identity_q1_or_ytd_diff,
601328.XSHG,balance,2015-03-31,2015q1,,2015-04-29,commission_payable,,balance.csv,commission_payable,,identity_q1_or_ytd_diff,missing_raw_value
601328.XSHG,balance,2015-03-31,2015q1,,2015-04-29,salaries_payable,2588000000.0,balance.csv,salaries_payable,quarterly_direct,identity_q1_or_ytd_diff,
601328.XSHG,balance,2015-03-31,2015q1,,2015-04-29,taxs_payable,11463000000.0,balance.csv,taxs_payable,quarterly_direct,identity_q1_or_ytd_diff,
601328.XSHG,balance,2015-03-31,2015q1,,2015-04-29,interest_payable,73603000000.0,balance.csv,interest_payable,quarterly_direct,identity_q1_or_ytd_diff,
601328.XSHG,balance,2015-03-31,2015q1,,2015-04-29,other_payable,,balance.csv,other_payable,,identity_q1_or_ytd_diff,missing_raw_value
601328.XSHG,balance,2015-03-31,2015q1,,2015-04-29,insurance_contract_reserves,0.0,balance.csv,insurance_contract_reserves,quarterly_direct,identity_q1_or_ytd_diff,
601328.XSHG,balance,2015-03-31,2015q1,,2015-04-29,proxy_secu_proceeds,,balance.csv,proxy_secu_proceeds,,identity_q1_or_ytd_diff,missing_raw_value
601328.XSHG,balance,2015-03-31,2015q1,,2015-04-29,non_current_liability_in_one_year,,balance.csv,non_current_liability_in_one_year,,identity_q1_or_ytd_diff,missing_raw_value
601328.XSHG,balance,2015-03-31,2015q1,,2015-04-29,other_current_liability,,balance.csv,other_current_liability,,identity_q1_or_ytd_diff,missing_raw_value
601328.XSHG,balance,2015-03-31,2015q1,,2015-04-29,total_current_liability,,balance.csv,total_current_liability,,identity_q1_or_ytd_diff,missing_raw_value
601328.XSHG,balance,2015-03-31,2015q1,,2015-04-29,longterm_loan,,balance.csv,longterm_loan,,identity_q1_or_ytd_diff,missing_raw_value
601328.XSHG,balance,2015-03-31,2015q1,,2015-04-29,bonds_payable,133403000000.0,balance.csv,bonds_payable,quarterly_direct,identity_q1_or_ytd_diff,
601328.XSHG,balance,2015-03-31,2015q1,,2015-04-29,estimate_liability,345000000.0,balance.csv,estimate_liability,quarterly_direct,identity_q1_or_ytd_diff,
601328.XSHG,balance,2015-03-31,2015q1,,2015-04-29,deferred_tax_liability,196000000.0,balance.csv,deferred_tax_liability,quarterly_direct,identity_q1_or_ytd_diff,
601328.XSHG,balance,2015-03-31,2015q1,,2015-04-29,other_non_current_liability,,balance.csv,other_non_current_liability,,identity_q1_or_ytd_diff,missing_raw_value
601328.XSHG,balance,2015-03-31,2015q1,,2015-04-29,total_non_current_liability,,balance.csv,total_non_current_liability,,identity_q1_or_ytd_diff,missing_raw_value
601328.XSHG,balance,2015-03-31,2015q1,,2015-04-29,total_liability,6134400000000.0,balance.csv,total_liability,quarterly_direct,identity_q1_or_ytd_diff,
601328.XSHG,balance,2015-03-31,2015q1,,2015-04-29,paidin_capital,74263000000.0,balance.csv,paidin_capital,quarterly_direct,identity_q1_or_ytd_diff,
601328.XSHG,balance,2015-03-31,2015q1,,2015-04-29,capital_reserve_fund,113443000000.0,balance.csv,capital_reserve_fund,quarterly_direct,identity_q1_or_ytd_diff,
601328.XSHG,balance,2015-03-31,2015q1,,2015-04-29,treasury_stock,,balance.csv,treasury_stock,,identity_q1_or_ytd_diff,missing_raw_value
601328.XSHG,balance,2015-03-31,2015q1,,2015-04-29,surplus_reserve_fund,142813000000.0,balance.csv,surplus_reserve_fund,quarterly_direct,identity_q1_or_ytd_diff,
601328.XSHG,balance,2015-03-31,2015q1,,2015-04-29,ordinary_risk_reserve_fund,71782000000.0,balance.csv,ordinary_risk_reserve_fund,quarterly_direct,identity_q1_or_ytd_diff,
601328.XSHG,balance,2015-03-31,2015q1,,2015-04-29,retained_profit,90513000000.0,balance.csv,retained_profit,quarterly_direct,identity_q1_or_ytd_diff,
601328.XSHG,balance,2015-03-31,2015q1,,2015-04-29,equities_parent_company_owners,489918000000.0,balance.csv,equities_parent_company_owners,quarterly_direct,identity_q1_or_ytd_diff,
601328.XSHG,balance,2015-03-31,2015q1,,2015-04-29,minority_interests,2921000000.0,balance.csv,minority_interests,quarterly_direct,identity_q1_or_ytd_diff,
601328.XSHG,balance,2015-03-31,2015q1,,2015-04-29,total_owner_equities,492839000000.0,balance.csv,total_owner_equities,quarterly_direct,identity_q1_or_ytd_diff,
601328.XSHG,balance,2015-03-31,2015q1,,2015-04-29,other_comprehensive_income,-2896000000.0,balance.csv,other_comprehensive_income,quarterly_direct,identity_q1_or_ytd_diff,
601328.XSHG,balance,2015-03-31,2015q1,,2015-04-29,contract_assets,,balance.csv,contract_assets,,identity_q1_or_ytd_diff,missing_raw_value
601328.XSHG,balance,2015-03-31,2015q1,,2015-04-29,contract_liability,,balance.csv,contract_liability,,identity_q1_or_ytd_diff,missing_raw_value
601328.XSHG,balance,2015-03-31,2015q1,,2015-04-29,usufruct_assets,,balance.csv,usufruct_assets,,identity_q1_or_ytd_diff,missing_raw_value
601328.XSHG,balance,2015-06-30,2015q2,,2015-08-28,cash_equivalents,1288547000000.0,balance.csv,cash_equivalents,quarterly_direct,identity_q1_or_ytd_diff,
601328.XSHG,balance,2015-06-30,2015q2,,2015-08-28,settlement_provi,,balance.csv,settlement_provi,,identity_q1_or_ytd_diff,missing_raw_value
601328.XSHG,balance,2015-06-30,2015q2,,2015-08-28,lend_capital,306237000000.0,balance.csv,lend_capital,quarterly_direct,identity_q1_or_ytd_diff,
601328.XSHG,balance,2015-06-30,2015q2,,2015-08-28,trading_assets,172522000000.0,balance.csv,trading_assets,quarterly_direct,identity_q1_or_ytd_diff,
601328.XSHG,balance,2015-06-30,2015q2,,2015-08-28,bill_receivable,,balance.csv,bill_receivable,,identity_q1_or_ytd_diff,missing_raw_value
601328.XSHG,balance,2015-06-30,2015q2,,2015-08-28,account_receivable,,balance.csv,account_receivable,,identity_q1_or_ytd_diff,missing_raw_value
601328.XSHG,balance,2015-06-30,2015q2,,2015-08-28,advance_payment,,balance.csv,advance_payment,,identity_q1_or_ytd_diff,missing_raw_value
601328.XSHG,balance,2015-06-30,2015q2,,2015-08-28,insurance_receivables,,balance.csv,insurance_receivables,,identity_q1_or_ytd_diff,missing_raw_value
601328.XSHG,balance,2015-06-30,2015q2,,2015-08-28,interest_receivable,32246000000.0,balance.csv,interest_receivable,quarterly_direct,identity_q1_or_ytd_diff,
601328.XSHG,balance,2015-06-30,2015q2,,2015-08-28,other_receivable,,balance.csv,other_receivable,,identity_q1_or_ytd_diff,missing_raw_value
601328.XSHG,balance,2015-06-30,2015q2,,2015-08-28,bought_sellback_assets,169159000000.0,balance.csv,bought_sellback_assets,quarterly_direct,identity_q1_or_ytd_diff,
601328.XSHG,balance,2015-06-30,2015q2,,2015-08-28,inventories,,balance.csv,inventories,,identity_q1_or_ytd_diff,missing_raw_value
601328.XSHG,balance,2015-06-30,2015q2,,2015-08-28,other_current_assets,,balance.csv,other_current_assets,,identity_q1_or_ytd_diff,missing_raw_value
601328.XSHG,balance,2015-06-30,2015q2,,2015-08-28,total_current_assets,,balance.csv,total_current_assets,,identity_q1_or_ytd_diff,missing_raw_value
601328.XSHG,balance,2015-06-30,2015q2,,2015-08-28,loan_and_advance,,balance.csv,loan_and_advance,,identity_q1_or_ytd_diff,missing_raw_value
601328.XSHG,balance,2015-06-30,2015q2,,2015-08-28,hold_for_sale_assets,236787000000.0,balance.csv,hold_for_sale_assets,quarterly_direct,identity_q1_or_ytd_diff,
601328.XSHG,balance,2015-06-30,2015q2,,2015-08-28,hold_to_maturity_investments,746943000000.0,balance.csv,hold_to_maturity_investments,quarterly_direct,identity_q1_or_ytd_diff,
601328.XSHG,balance,2015-06-30,2015q2,,2015-08-28,longterm_equity_invest,537000000.0,balance.csv,longterm_equity_invest,quarterly_direct,identity_q1_or_ytd_diff,
601328.XSHG,balance,2015-06-30,2015q2,,2015-08-28,investment_property,7291000000.0,balance.csv,investment_property,quarterly_direct,identity_q1_or_ytd_diff,
601328.XSHG,balance,2015-06-30,2015q2,,2015-08-28,fixed_assets,61881000000.0,balance.csv,fixed_assets,quarterly_direct,identity_q1_or_ytd_diff,
601328.XSHG,balance,2015-06-30,2015q2,,2015-08-28,constru_in_process,13947000000.0,balance.csv,constru_in_process,quarterly_direct,identity_q1_or_ytd_diff,
601328.XSHG,balance,2015-06-30,2015q2,,2015-08-28,intangible_assets,2012000000.0,balance.csv,intangible_assets,quarterly_direct,identity_q1_or_ytd_diff,
601328.XSHG,balance,2015-06-30,2015q2,,2015-08-28,good_will,,balance.csv,good_will,,identity_q1_or_ytd_diff,missing_raw_value
601328.XSHG,balance,2015-06-30,2015q2,,2015-08-28,long_deferred_expense,,balance.csv,long_deferred_expense,,identity_q1_or_ytd_diff,missing_raw_value
601328.XSHG,balance,2015-06-30,2015q2,,2015-08-28,deferred_tax_assets,15936000000.0,balance.csv,deferred_tax_assets,quarterly_direct,identity_q1_or_ytd_diff,
601328.XSHG,balance,2015-06-30,2015q2,,2015-08-28,other_non_current_assets,,balance.csv,other_non_current_assets,,identity_q1_or_ytd_diff,missing_raw_value
601328.XSHG,balance,2015-06-30,2015q2,,2015-08-28,total_non_current_assets,,balance.csv,total_non_current_assets,,identity_q1_or_ytd_diff,missing_raw_value
601328.XSHG,balance,2015-06-30,2015q2,,2015-08-28,total_assets,7122155000000.0,balance.csv,total_assets,quarterly_direct,identity_q1_or_ytd_diff,
601328.XSHG,balance,2015-06-30,2015q2,,2015-08-28,shortterm_loan,0.0,balance.csv,shortterm_loan,quarterly_direct,identity_q1_or_ytd_diff,
601328.XSHG,balance,2015-06-30,2015q2,,2015-08-28,borrowing_from_centralbank,63724000000.0,balance.csv,borrowing_from_centralbank,quarterly_direct,identity_q1_or_ytd_diff,
601328.XSHG,balance,2015-06-30,2015q2,,2015-08-28,deposit_in_interbank,5662306000000.0,balance.csv,deposit_in_interbank,quarterly_direct,identity_q1_or_ytd_diff,
601328.XSHG,balance,2015-06-30,2015q2,,2015-08-28,borrowing_capital,298204000000.0,balance.csv,borrowing_capital,quarterly_direct,identity_q1_or_ytd_diff,
601328.XSHG,balance,2015-06-30,2015q2,,2015-08-28,trading_liability,35415000000.0,balance.csv,trading_liability,quarterly_direct,identity_q1_or_ytd_diff,
601328.XSHG,balance,2015-06-30,2015q2,,2015-08-28,notes_payable,,balance.csv,notes_payable,,identity_q1_or_ytd_diff,missing_raw_value
601328.XSHG,balance,2015-06-30,2015q2,,2015-08-28,accounts_payable,,balance.csv,accounts_payable,,identity_q1_or_ytd_diff,missing_raw_value
601328.XSHG,balance,2015-06-30,2015q2,,2015-08-28,advance_peceipts,,balance.csv,advance_peceipts,,identity_q1_or_ytd_diff,missing_raw_value
601328.XSHG,balance,2015-06-30,2015q2,,2015-08-28,sold_buyback_secu_proceeds,189540000000.0,balance.csv,sold_buyback_secu_proceeds,quarterly_direct,identity_q1_or_ytd_diff,
601328.XSHG,balance,2015-06-30,2015q2,,2015-08-28,commission_payable,,balance.csv,commission_payable,,identity_q1_or_ytd_diff,missing_raw_value
601328.XSHG,balance,2015-06-30,2015q2,,2015-08-28,salaries_payable,4311000000.0,balance.csv,salaries_payable,quarterly_direct,identity_q1_or_ytd_diff,
601328.XSHG,balance,2015-06-30,2015q2,,2015-08-28,taxs_payable,12623000000.0,balance.csv,taxs_payable,quarterly_direct,identity_q1_or_ytd_diff,
601328.XSHG,balance,2015-06-30,2015q2,,2015-08-28,interest_payable,76169000000.0,balance.csv,interest_payable,quarterly_direct,identity_q1_or_ytd_diff,
601328.XSHG,balance,2015-06-30,2015q2,,2015-08-28,other_payable,,balance.csv,other_payable,,identity_q1_or_ytd_diff,missing_raw_value
601328.XSHG,balance,2015-06-30,2015q2,,2015-08-28,insurance_contract_reserves,0.0,balance.csv,insurance_contract_reserves,quarterly_direct,identity_q1_or_ytd_diff,
601328.XSHG,balance,2015-06-30,2015q2,,2015-08-28,proxy_secu_proceeds,,balance.csv,proxy_secu_proceeds,,identity_q1_or_ytd_diff,missing_raw_value
601328.XSHG,balance,2015-06-30,2015q2,,2015-08-28,non_current_liability_in_one_year,,balance.csv,non_current_liability_in_one_year,,identity_q1_or_ytd_diff,missing_raw_value
601328.XSHG,balance,2015-06-30,2015q2,,2015-08-28,other_current_liability,,balance.csv,other_current_liability,,identity_q1_or_ytd_diff,missing_raw_value
601328.XSHG,balance,2015-06-30,2015q2,,2015-08-28,total_current_liability,,balance.csv,total_current_liability,,identity_q1_or_ytd_diff,missing_raw_value
601328.XSHG,balance,2015-06-30,2015q2,,2015-08-28,longterm_loan,,balance.csv,longterm_loan,,identity_q1_or_ytd_diff,missing_raw_value
601328.XSHG,balance,2015-06-30,2015q2,,2015-08-28,bonds_payable,133432000000.0,balance.csv,bonds_payable,quarterly_direct,identity_q1_or_ytd_diff,
601328.XSHG,balance,2015-06-30,2015q2,,2015-08-28,estimate_liability,309000000.0,balance.csv,estimate_liability,quarterly_direct,identity_q1_or_ytd_diff,
601328.XSHG,balance,2015-06-30,2015q2,,2015-08-28,deferred_tax_liability,138000000.0,balance.csv,deferred_tax_liability,quarterly_direct,identity_q1_or_ytd_diff,
601328.XSHG,balance,2015-06-30,2015q2,,2015-08-28,other_non_current_liability,,balance.csv,other_non_current_liability,,identity_q1_or_ytd_diff,missing_raw_value
601328.XSHG,balance,2015-06-30,2015q2,,2015-08-28,total_non_current_liability,,balance.csv,total_non_current_liability,,identity_q1_or_ytd_diff,missing_raw_value
601328.XSHG,balance,2015-06-30,2015q2,,2015-08-28,total_liability,6630355000000.0,balance.csv,total_liability,quarterly_direct,identity_q1_or_ytd_diff,
601328.XSHG,balance,2015-06-30,2015q2,,2015-08-28,paidin_capital,74263000000.0,balance.csv,paidin_capital,quarterly_direct,identity_q1_or_ytd_diff,
601328.XSHG,balance,2015-06-30,2015q2,,2015-08-28,capital_reserve_fund,113443000000.0,balance.csv,capital_reserve_fund,quarterly_direct,identity_q1_or_ytd_diff,
601328.XSHG,balance,2015-06-30,2015q2,,2015-08-28,treasury_stock,,balance.csv,treasury_stock,,identity_q1_or_ytd_diff,missing_raw_value
601328.XSHG,balance,2015-06-30,2015q2,,2015-08-28,surplus_reserve_fund,177337000000.0,balance.csv,surplus_reserve_fund,quarterly_direct,identity_q1_or_ytd_diff,
601328.XSHG,balance,2015-06-30,2015q2,,2015-08-28,ordinary_risk_reserve_fund,72408000000.0,balance.csv,ordinary_risk_reserve_fund,quarterly_direct,identity_q1_or_ytd_diff,
601328.XSHG,balance,2015-06-30,2015q2,,2015-08-28,retained_profit,51328000000.0,balance.csv,retained_profit,quarterly_direct,identity_q1_or_ytd_diff,
601328.XSHG,balance,2015-06-30,2015q2,,2015-08-28,equities_parent_company_owners,488779000000.0,balance.csv,equities_parent_company_owners,quarterly_direct,identity_q1_or_ytd_diff,
601328.XSHG,balance,2015-06-30,2015q2,,2015-08-28,minority_interests,3021000000.0,balance.csv,minority_interests,quarterly_direct,identity_q1_or_ytd_diff,
601328.XSHG,balance,2015-06-30,2015q2,,2015-08-28,total_owner_equities,491800000000.0,balance.csv,total_owner_equities,quarterly_direct,identity_q1_or_ytd_diff,
601328.XSHG,balance,2015-06-30,2015q2,,2015-08-28,other_comprehensive_income,,balance.csv,other_comprehensive_income,,identity_q1_or_ytd_diff,missing_raw_value
601328.XSHG,balance,2015-06-30,2015q2,,2015-08-28,contract_assets,,balance.csv,contract_assets,,identity_q1_or_ytd_diff,missing_raw_value
601328.XSHG,balance,2015-06-30,2015q2,,2015-08-28,contract_liability,,balance.csv,contract_liability,,identity_q1_or_ytd_diff,missing_raw_value
601328.XSHG,balance,2015-06-30,2015q2,,2015-08-28,usufruct_assets,,balance.csv,usufruct_assets,,identity_q1_or_ytd_diff,missing_raw_value
601328.XSHG,balance,2015-09-30,2015q3,,2015-10-31,cash_equivalents,1086496000000.0,balance.csv,cash_equivalents,quarterly_direct,identity_q1_or_ytd_diff,
601328.XSHG,balance,2015-09-30,2015q3,,2015-10-31,settlement_provi,,balance.csv,settlement_provi,,identity_q1_or_ytd_diff,missing_raw_value
601328.XSHG,balance,2015-09-30,2015q3,,2015-10-31,lend_capital,421320000000.0,balance.csv,lend_capital,quarterly_direct,identity_q1_or_ytd_diff,
601328.XSHG,balance,2015-09-30,2015q3,,2015-10-31,trading_assets,145502000000.0,balance.csv,trading_assets,quarterly_direct,identity_q1_or_ytd_diff,
601328.XSHG,balance,2015-09-30,2015q3,,2015-10-31,bill_receivable,,balance.csv,bill_receivable,,identity_q1_or_ytd_diff,missing_raw_value
601328.XSHG,balance,2015-09-30,2015q3,,2015-10-31,account_receivable,,balance.csv,account_receivable,,identity_q1_or_ytd_diff,missing_raw_value
601328.XSHG,balance,2015-09-30,2015q3,,2015-10-31,advance_payment,,balance.csv,advance_payment,,identity_q1_or_ytd_diff,missing_raw_value
601328.XSHG,balance,2015-09-30,2015q3,,2015-10-31,insurance_receivables,,balance.csv,insurance_receivables,,identity_q1_or_ytd_diff,missing_raw_value
601328.XSHG,balance,2015-09-30,2015q3,,2015-10-31,interest_receivable,38978000000.0,balance.csv,interest_receivable,quarterly_direct,identity_q1_or_ytd_diff,
601328.XSHG,balance,2015-09-30,2015q3,,2015-10-31,other_receivable,,balance.csv,other_receivable,,identity_q1_or_ytd_diff,missing_raw_value
601328.XSHG,balance,2015-09-30,2015q3,,2015-10-31,bought_sellback_assets,152070000000.0,balance.csv,bought_sellback_assets,quarterly_direct,identity_q1_or_ytd_diff,
601328.XSHG,balance,2015-09-30,2015q3,,2015-10-31,inventories,,balance.csv,inventories,,identity_q1_or_ytd_diff,missing_raw_value
601328.XSHG,balance,2015-09-30,2015q3,,2015-10-31,other_current_assets,,balance.csv,other_current_assets,,identity_q1_or_ytd_diff,missing_raw_value
601328.XSHG,balance,2015-09-30,2015q3,,2015-10-31,total_current_assets,,balance.csv,total_current_assets,,identity_q1_or_ytd_diff,missing_raw_value
601328.XSHG,balance,2015-09-30,2015q3,,2015-10-31,loan_and_advance,,balance.csv,loan_and_advance,,identity_q1_or_ytd_diff,missing_raw_value
601328.XSHG,balance,2015-09-30,2015q3,,2015-10-31,hold_for_sale_assets,253293000000.0,balance.csv,hold_for_sale_assets,quarterly_direct,identity_q1_or_ytd_diff,
601328.XSHG,balance,2015-09-30,2015q3,,2015-10-31,hold_to_maturity_investments,843374000000.0,balance.csv,hold_to_maturity_investments,quarterly_direct,identity_q1_or_ytd_diff,
601328.XSHG,balance,2015-09-30,2015q3,,2015-10-31,longterm_equity_invest,599000000.0,balance.csv,longterm_equity_invest,quarterly_direct,identity_q1_or_ytd_diff,
601328.XSHG,balance,2015-09-30,2015q3,,2015-10-31,investment_property,5581000000.0,balance.csv,investment_property,quarterly_direct,identity_q1_or_ytd_diff,
601328.XSHG,balance,2015-09-30,2015q3,,2015-10-31,fixed_assets,69971000000.0,balance.csv,fixed_assets,quarterly_direct,identity_q1_or_ytd_diff,
601328.XSHG,balance,2015-09-30,2015q3,,2015-10-31,constru_in_process,14381000000.0,balance.csv,constru_in_process,quarterly_direct,identity_q1_or_ytd_diff,
601328.XSHG,balance,2015-09-30,2015q3,,2015-10-31,intangible_assets,1976000000.0,balance.csv,intangible_assets,quarterly_direct,identity_q1_or_ytd_diff,
601328.XSHG,balance,2015-09-30,2015q3,,2015-10-31,good_will,,balance.csv,good_will,,identity_q1_or_ytd_diff,missing_raw_value
601328.XSHG,balance,2015-09-30,2015q3,,2015-10-31,long_deferred_expense,,balance.csv,long_deferred_expense,,identity_q1_or_ytd_diff,missing_raw_value
601328.XSHG,balance,2015-09-30,2015q3,,2015-10-31,deferred_tax_assets,17576000000.0,balance.csv,deferred_tax_assets,quarterly_direct,identity_q1_or_ytd_diff,
601328.XSHG,balance,2015-09-30,2015q3,,2015-10-31,other_non_current_assets,,balance.csv,other_non_current_assets,,identity_q1_or_ytd_diff,missing_raw_value
601328.XSHG,balance,2015-09-30,2015q3,,2015-10-31,total_non_current_assets,,balance.csv,total_non_current_assets,,identity_q1_or_ytd_diff,missing_raw_value
601328.XSHG,balance,2015-09-30,2015q3,,2015-10-31,total_assets,7206866000000.0,balance.csv,total_assets,quarterly_direct,identity_q1_or_ytd_diff,
601328.XSHG,balance,2015-09-30,2015q3,,2015-10-31,shortterm_loan,0.0,balance.csv,shortterm_loan,quarterly_direct,identity_q1_or_ytd_diff,
601328.XSHG,balance,2015-09-30,2015q3,,2015-10-31,borrowing_from_centralbank,78194000000.0,balance.csv,borrowing_from_centralbank,quarterly_direct,identity_q1_or_ytd_diff,
601328.XSHG,balance,2015-09-30,2015q3,,2015-10-31,deposit_in_interbank,5678806000000.0,balance.csv,deposit_in_interbank,quarterly_direct,identity_q1_or_ytd_diff,
601328.XSHG,balance,2015-09-30,2015q3,,2015-10-31,borrowing_capital,284545000000.0,balance.csv,borrowing_capital,quarterly_direct,identity_q1_or_ytd_diff,
601328.XSHG,balance,2015-09-30,2015q3,,2015-10-31,trading_liability,,balance.csv,trading_liability,,identity_q1_or_ytd_diff,missing_raw_value
601328.XSHG,balance,2015-09-30,2015q3,,2015-10-31,notes_payable,,balance.csv,notes_payable,,identity_q1_or_ytd_diff,missing_raw_value
601328.XSHG,balance,2015-09-30,2015q3,,2015-10-31,accounts_payable,,balance.csv,accounts_payable,,identity_q1_or_ytd_diff,missing_raw_value
601328.XSHG,balance,2015-09-30,2015q3,,2015-10-31,advance_peceipts,,balance.csv,advance_peceipts,,identity_q1_or_ytd_diff,missing_raw_value
601328.XSHG,balance,2015-09-30,2015q3,,2015-10-31,sold_buyback_secu_proceeds,148006000000.0,balance.csv,sold_buyback_secu_proceeds,quarterly_direct,identity_q1_or_ytd_diff,
601328.XSHG,balance,2015-09-30,2015q3,,2015-10-31,commission_payable,,balance.csv,commission_payable,,identity_q1_or_ytd_diff,missing_raw_value
601328.XSHG,balance,2015-09-30,2015q3,,2015-10-31,salaries_payable,6716000000.0,balance.csv,salaries_payable,quarterly_direct,identity_q1_or_ytd_diff,
601328.XSHG,balance,2015-09-30,2015q3,,2015-10-31,taxs_payable,14878000000.0,balance.csv,taxs_payable,quarterly_direct,identity_q1_or_ytd_diff,
601328.XSHG,balance,2015-09-30,2015q3,,2015-10-31,interest_payable,75785000000.0,balance.csv,interest_payable,quarterly_direct,identity_q1_or_ytd_diff,
601328.XSHG,balance,2015-09-30,2015q3,,2015-10-31,other_payable,,balance.csv,other_payable,,identity_q1_or_ytd_diff,missing_raw_value
601328.XSHG,balance,2015-09-30,2015q3,,2015-10-31,insurance_contract_reserves,0.0,balance.csv,insurance_contract_reserves,quarterly_direct,identity_q1_or_ytd_diff,
601328.XSHG,balance,2015-09-30,2015q3,,2015-10-31,proxy_secu_proceeds,,balance.csv,proxy_secu_proceeds,,identity_q1_or_ytd_diff,missing_raw_value
601328.XSHG,balance,2015-09-30,2015q3,,2015-10-31,non_current_liability_in_one_year,,balance.csv,non_current_liability_in_one_year,,identity_q1_or_ytd_diff,missing_raw_value
601328.XSHG,balance,2015-09-30,2015q3,,2015-10-31,other_current_liability,,balance.csv,other_current_liability,,identity_q1_or_ytd_diff,missing_raw_value
601328.XSHG,balance,2015-09-30,2015q3,,2015-10-31,total_current_liability,,balance.csv,total_current_liability,,identity_q1_or_ytd_diff,missing_raw_value
601328.XSHG,balance,2015-09-30,2015q3,,2015-10-31,longterm_loan,,balance.csv,longterm_loan,,identity_q1_or_ytd_diff,missing_raw_value
601328.XSHG,balance,2015-09-30,2015q3,,2015-10-31,bonds_payable,137401000000.0,balance.csv,bonds_payable,quarterly_direct,identity_q1_or_ytd_diff,
601328.XSHG,balance,2015-09-30,2015q3,,2015-10-31,estimate_liability,535000000.0,balance.csv,estimate_liability,quarterly_direct,identity_q1_or_ytd_diff,
601328.XSHG,balance,2015-09-30,2015q3,,2015-10-31,deferred_tax_liability,133000000.0,balance.csv,deferred_tax_liability,quarterly_direct,identity_q1_or_ytd_diff,
601328.XSHG,balance,2015-09-30,2015q3,,2015-10-31,other_non_current_liability,,balance.csv,other_non_current_liability,,identity_q1_or_ytd_diff,missing_raw_value
601328.XSHG,balance,2015-09-30,2015q3,,2015-10-31,total_non_current_liability,,balance.csv,total_non_current_liability,,identity_q1_or_ytd_diff,missing_raw_value
601328.XSHG,balance,2015-09-30,2015q3,,2015-10-31,total_liability,6684766000000.0,balance.csv,total_liability,quarterly_direct,identity_q1_or_ytd_diff,
601328.XSHG,balance,2015-09-30,2015q3,,2015-10-31,paidin_capital,74263000000.0,balance.csv,paidin_capital,quarterly_direct,identity_q1_or_ytd_diff,
601328.XSHG,balance,2015-09-30,2015q3,,2015-10-31,capital_reserve_fund,113443000000.0,balance.csv,capital_reserve_fund,quarterly_direct,identity_q1_or_ytd_diff,
601328.XSHG,balance,2015-09-30,2015q3,,2015-10-31,treasury_stock,,balance.csv,treasury_stock,,identity_q1_or_ytd_diff,missing_raw_value
601328.XSHG,balance,2015-09-30,2015q3,,2015-10-31,surplus_reserve_fund,177404000000.0,balance.csv,surplus_reserve_fund,quarterly_direct,identity_q1_or_ytd_diff,
601328.XSHG,balance,2015-09-30,2015q3,,2015-10-31,ordinary_risk_reserve_fund,87928000000.0,balance.csv,ordinary_risk_reserve_fund,quarterly_direct,identity_q1_or_ytd_diff,
601328.XSHG,balance,2015-09-30,2015q3,,2015-10-31,retained_profit,65973000000.0,balance.csv,retained_profit,quarterly_direct,identity_q1_or_ytd_diff,
601328.XSHG,balance,2015-09-30,2015q3,,2015-10-31,equities_parent_company_owners,519011000000.0,balance.csv,equities_parent_company_owners,quarterly_direct,identity_q1_or_ytd_diff,
601328.XSHG,balance,2015-09-30,2015q3,,2015-10-31,minority_interests,3089000000.0,balance.csv,minority_interests,quarterly_direct,identity_q1_or_ytd_diff,
601328.XSHG,balance,2015-09-30,2015q3,,2015-10-31,total_owner_equities,522100000000.0,balance.csv,total_owner_equities,quarterly_direct,identity_q1_or_ytd_diff,
601328.XSHG,balance,2015-09-30,2015q3,,2015-10-31,other_comprehensive_income,,balance.csv,other_comprehensive_income,,identity_q1_or_ytd_diff,missing_raw_value
601328.XSHG,balance,2015-09-30,2015q3,,2015-10-31,contract_assets,,balance.csv,contract_assets,,identity_q1_or_ytd_diff,missing_raw_value
601328.XSHG,balance,2015-09-30,2015q3,,2015-10-31,contract_liability,,balance.csv,contract_liability,,identity_q1_or_ytd_diff,missing_raw_value
601328.XSHG,balance,2015-09-30,2015q3,,2015-10-31,usufruct_assets,,balance.csv,usufruct_assets,,identity_q1_or_ytd_diff,missing_raw_value
601328.XSHG,balance,2015-12-31,2015q4,,2016-03-30,cash_equivalents,1098315000000.0,balance.csv,cash_equivalents,quarterly_direct,identity_q1_or_ytd_diff,
601328.XSHG,balance,2015-12-31,2015q4,,2016-03-30,settlement_provi,,balance.csv,settlement_provi,,identity_q1_or_ytd_diff,missing_raw_value
601328.XSHG,balance,2015-12-31,2015q4,,2016-03-30,lend_capital,356812000000.0,balance.csv,lend_capital,quarterly_direct,identity_q1_or_ytd_diff,
601328.XSHG,balance,2015-12-31,2015q4,,2016-03-30,trading_assets,138999000000.0,balance.csv,trading_assets,quarterly_direct,identity_q1_or_ytd_diff,
601328.XSHG,balance,2015-12-31,2015q4,,2016-03-30,bill_receivable,,balance.csv,bill_receivable,,identity_q1_or_ytd_diff,missing_raw_value
601328.XSHG,balance,2015-12-31,2015q4,,2016-03-30,account_receivable,,balance.csv,account_receivable,,identity_q1_or_ytd_diff,missing_raw_value
601328.XSHG,balance,2015-12-31,2015q4,,2016-03-30,advance_payment,,balance.csv,advance_payment,,identity_q1_or_ytd_diff,missing_raw_value
601328.XSHG,balance,2015-12-31,2015q4,,2016-03-30,insurance_receivables,,balance.csv,insurance_receivables,,identity_q1_or_ytd_diff,missing_raw_value
601328.XSHG,balance,2015-12-31,2015q4,,2016-03-30,interest_receivable,41533000000.0,balance.csv,interest_receivable,quarterly_direct,identity_q1_or_ytd_diff,
601328.XSHG,balance,2015-12-31,2015q4,,2016-03-30,other_receivable,,balance.csv,other_receivable,,identity_q1_or_ytd_diff,missing_raw_value
601328.XSHG,balance,2015-12-31,2015q4,,2016-03-30,bought_sellback_assets,76292000000.0,balance.csv,bought_sellback_assets,quarterly_direct,identity_q1_or_ytd_diff,
601328.XSHG,balance,2015-12-31,2015q4,,2016-03-30,inventories,,balance.csv,inventories,,identity_q1_or_ytd_diff,missing_raw_value
601328.XSHG,balance,2015-12-31,2015q4,,2016-03-30,other_current_assets,,balance.csv,other_current_assets,,identity_q1_or_ytd_diff,missing_raw_value
601328.XSHG,balance,2015-12-31,2015q4,,2016-03-30,total_current_assets,,balance.csv,total_current_assets,,identity_q1_or_ytd_diff,missing_raw_value
601328.XSHG,balance,2015-12-31,2015q4,,2016-03-30,loan_and_advance,,balance.csv,loan_and_advance,,identity_q1_or_ytd_diff,missing_raw_value
601328.XSHG,balance,2015-12-31,2015q4,,2016-03-30,hold_for_sale_assets,264739000000.0,balance.csv,hold_for_sale_assets,quarterly_direct,identity_q1_or_ytd_diff,
601328.XSHG,balance,2015-12-31,2015q4,,2016-03-30,hold_to_maturity_investments,933683000000.0,balance.csv,hold_to_maturity_investments,quarterly_direct,identity_q1_or_ytd_diff,
601328.XSHG,balance,2015-12-31,2015q4,,2016-03-30,longterm_equity_invest,577000000.0,balance.csv,longterm_equity_invest,quarterly_direct,identity_q1_or_ytd_diff,
601328.XSHG,balance,2015-12-31,2015q4,,2016-03-30,investment_property,5634000000.0,balance.csv,investment_property,quarterly_direct,identity_q1_or_ytd_diff,
601328.XSHG,balance,2015-12-31,2015q4,,2016-03-30,fixed_assets,78342000000.0,balance.csv,fixed_assets,quarterly_direct,identity_q1_or_ytd_diff,
601328.XSHG,balance,2015-12-31,2015q4,,2016-03-30,constru_in_process,12051000000.0,balance.csv,constru_in_process,quarterly_direct,identity_q1_or_ytd_diff,
601328.XSHG,balance,2015-12-31,2015q4,,2016-03-30,intangible_assets,2059000000.0,balance.csv,intangible_assets,quarterly_direct,identity_q1_or_ytd_diff,
601328.XSHG,balance,2015-12-31,2015q4,,2016-03-30,good_will,,balance.csv,good_will,,identity_q1_or_ytd_diff,missing_raw_value
601328.XSHG,balance,2015-12-31,2015q4,,2016-03-30,long_deferred_expense,,balance.csv,long_deferred_expense,,identity_q1_or_ytd_diff,missing_raw_value
601328.XSHG,balance,2015-12-31,2015q4,,2016-03-30,deferred_tax_assets,16684000000.0,balance.csv,deferred_tax_assets,quarterly_direct,identity_q1_or_ytd_diff,
601328.XSHG,balance,2015-12-31,2015q4,,2016-03-30,other_non_current_assets,,balance.csv,other_non_current_assets,,identity_q1_or_ytd_diff,missing_raw_value
601328.XSHG,balance,2015-12-31,2015q4,,2016-03-30,total_non_current_assets,,balance.csv,total_non_current_assets,,identity_q1_or_ytd_diff,missing_raw_value
601328.XSHG,balance,2015-12-31,2015q4,,2016-03-30,total_assets,7155362000000.0,balance.csv,total_assets,quarterly_direct,identity_q1_or_ytd_diff,
601328.XSHG,balance,2015-12-31,2015q4,,2016-03-30,shortterm_loan,0.0,balance.csv,shortterm_loan,quarterly_direct,identity_q1_or_ytd_diff,
601328.XSHG,balance,2015-12-31,2015q4,,2016-03-30,borrowing_from_centralbank,135320000000.0,balance.csv,borrowing_from_centralbank,quarterly_direct,identity_q1_or_ytd_diff,
601328.XSHG,balance,2015-12-31,2015q4,,2016-03-30,deposit_in_interbank,5699024000000.0,balance.csv,deposit_in_interbank,quarterly_direct,identity_q1_or_ytd_diff,
601328.XSHG,balance,2015-12-31,2015q4,,2016-03-30,borrowing_capital,241844000000.0,balance.csv,borrowing_capital,quarterly_direct,identity_q1_or_ytd_diff,
601328.XSHG,balance,2015-12-31,2015q4,,2016-03-30,trading_liability,,balance.csv,trading_liability,,identity_q1_or_ytd_diff,missing_raw_value
601328.XSHG,balance,2015-12-31,2015q4,,2016-03-30,notes_payable,,balance.csv,notes_payable,,identity_q1_or_ytd_diff,missing_raw_value
601328.XSHG,balance,2015-12-31,2015q4,,2016-03-30,accounts_payable,,balance.csv,accounts_payable,,identity_q1_or_ytd_diff,missing_raw_value
601328.XSHG,balance,2015-12-31,2015q4,,2016-03-30,advance_peceipts,,balance.csv,advance_peceipts,,identity_q1_or_ytd_diff,missing_raw_value
601328.XSHG,balance,2015-12-31,2015q4,,2016-03-30,sold_buyback_secu_proceeds,49865000000.0,balance.csv,sold_buyback_secu_proceeds,quarterly_direct,identity_q1_or_ytd_diff,
601328.XSHG,balance,2015-12-31,2015q4,,2016-03-30,commission_payable,,balance.csv,commission_payable,,identity_q1_or_ytd_diff,missing_raw_value
601328.XSHG,balance,2015-12-31,2015q4,,2016-03-30,salaries_payable,7271000000.0,balance.csv,salaries_payable,quarterly_direct,identity_q1_or_ytd_diff,
601328.XSHG,balance,2015-12-31,2015q4,,2016-03-30,taxs_payable,12784000000.0,balance.csv,taxs_payable,quarterly_direct,identity_q1_or_ytd_diff,
601328.XSHG,balance,2015-12-31,2015q4,,2016-03-30,interest_payable,74409000000.0,balance.csv,interest_payable,quarterly_direct,identity_q1_or_ytd_diff,
601328.XSHG,balance,2015-12-31,2015q4,,2016-03-30,other_payable,,balance.csv,other_payable,,identity_q1_or_ytd_diff,missing_raw_value
601328.XSHG,balance,2015-12-31,2015q4,,2016-03-30,insurance_contract_reserves,0.0,balance.csv,insurance_contract_reserves,quarterly_direct,identity_q1_or_ytd_diff,
601328.XSHG,balance,2015-12-31,2015q4,,2016-03-30,proxy_secu_proceeds,,balance.csv,proxy_secu_proceeds,,identity_q1_or_ytd_diff,missing_raw_value
601328.XSHG,balance,2015-12-31,2015q4,,2016-03-30,non_current_liability_in_one_year,,balance.csv,non_current_liability_in_one_year,,identity_q1_or_ytd_diff,missing_raw_value
601328.XSHG,balance,2015-12-31,2015q4,,2016-03-30,other_current_liability,,balance.csv,other_current_liability,,identity_q1_or_ytd_diff,missing_raw_value
601328.XSHG,balance,2015-12-31,2015q4,,2016-03-30,total_current_liability,,balance.csv,total_current_liability,,identity_q1_or_ytd_diff,missing_raw_value
601328.XSHG,balance,2015-12-31,2015q4,,2016-03-30,longterm_loan,,balance.csv,longterm_loan,,identity_q1_or_ytd_diff,missing_raw_value
601328.XSHG,balance,2015-12-31,2015q4,,2016-03-30,bonds_payable,170106000000.0,balance.csv,bonds_payable,quarterly_direct,identity_q1_or_ytd_diff,
601328.XSHG,balance,2015-12-31,2015q4,,2016-03-30,estimate_liability,463000000.0,balance.csv,estimate_liability,quarterly_direct,identity_q1_or_ytd_diff,
601328.XSHG,balance,2015-12-31,2015q4,,2016-03-30,deferred_tax_liability,119000000.0,balance.csv,deferred_tax_liability,quarterly_direct,identity_q1_or_ytd_diff,
601328.XSHG,balance,2015-12-31,2015q4,,2016-03-30,other_non_current_liability,,balance.csv,other_non_current_liability,,identity_q1_or_ytd_diff,missing_raw_value
601328.XSHG,balance,2015-12-31,2015q4,,2016-03-30,total_non_current_liability,,balance.csv,total_non_current_liability,,identity_q1_or_ytd_diff,missing_raw_value
601328.XSHG,balance,2015-12-31,2015q4,,2016-03-30,total_liability,6617270000000.0,balance.csv,total_liability,quarterly_direct,identity_q1_or_ytd_diff,
601328.XSHG,balance,2015-12-31,2015q4,,2016-03-30,paidin_capital,74263000000.0,balance.csv,paidin_capital,quarterly_direct,identity_q1_or_ytd_diff,
601328.XSHG,balance,2015-12-31,2015q4,,2016-03-30,capital_reserve_fund,113392000000.0,balance.csv,capital_reserve_fund,quarterly_direct,identity_q1_or_ytd_diff,
601328.XSHG,balance,2015-12-31,2015q4,,2016-03-30,treasury_stock,,balance.csv,treasury_stock,,identity_q1_or_ytd_diff,missing_raw_value
601328.XSHG,balance,2015-12-31,2015q4,,2016-03-30,surplus_reserve_fund,183862000000.0,balance.csv,surplus_reserve_fund,quarterly_direct,identity_q1_or_ytd_diff,
601328.XSHG,balance,2015-12-31,2015q4,,2016-03-30,ordinary_risk_reserve_fund,75653000000.0,balance.csv,ordinary_risk_reserve_fund,quarterly_direct,identity_q1_or_ytd_diff,
601328.XSHG,balance,2015-12-31,2015q4,,2016-03-30,retained_profit,73098000000.0,balance.csv,retained_profit,quarterly_direct,identity_q1_or_ytd_diff,
601328.XSHG,balance,2015-12-31,2015q4,,2016-03-30,equities_parent_company_owners,534885000000.0,balance.csv,equities_parent_company_owners,quarterly_direct,identity_q1_or_ytd_diff,
601328.XSHG,balance,2015-12-31,2015q4,,2016-03-30,minority_interests,3207000000.0,balance.csv,minority_interests,quarterly_direct,identity_q1_or_ytd_diff,
601328.XSHG,balance,2015-12-31,2015q4,,2016-03-30,total_owner_equities,538092000000.0,balance.csv,total_owner_equities,quarterly_direct,identity_q1_or_ytd_diff,
601328.XSHG,balance,2015-12-31,2015q4,,2016-03-30,other_comprehensive_income,-307000000.0,balance.csv,other_comprehensive_income,quarterly_direct,identity_q1_or_ytd_diff,
601328.XSHG,balance,2015-12-31,2015q4,,2016-03-30,contract_assets,,balance.csv,contract_assets,,identity_q1_or_ytd_diff,missing_raw_value
601328.XSHG,balance,2015-12-31,2015q4,,2016-03-30,contract_liability,,balance.csv,contract_liability,,identity_q1_or_ytd_diff,missing_raw_value
601328.XSHG,balance,2015-12-31,2015q4,,2016-03-30,usufruct_assets,,balance.csv,usufruct_assets,,identity_q1_or_ytd_diff,missing_raw_value
601328.XSHG,balance,2016-03-31,2016q1,,2016-04-29,cash_equivalents,1036556000000.0,balance.csv,cash_equivalents,quarterly_direct,identity_q1_or_ytd_diff,
601328.XSHG,balance,2016-03-31,2016q1,,2016-04-29,settlement_provi,,balance.csv,settlement_provi,,identity_q1_or_ytd_diff,missing_raw_value
601328.XSHG,balance,2016-03-31,2016q1,,2016-04-29,lend_capital,368977000000.0,balance.csv,lend_capital,quarterly_direct,identity_q1_or_ytd_diff,
601328.XSHG,balance,2016-03-31,2016q1,,2016-04-29,trading_assets,151025000000.0,balance.csv,trading_assets,quarterly_direct,identity_q1_or_ytd_diff,
601328.XSHG,balance,2016-03-31,2016q1,,2016-04-29,bill_receivable,,balance.csv,bill_receivable,,identity_q1_or_ytd_diff,missing_raw_value
601328.XSHG,balance,2016-03-31,2016q1,,2016-04-29,account_receivable,,balance.csv,account_receivable,,identity_q1_or_ytd_diff,missing_raw_value
601328.XSHG,balance,2016-03-31,2016q1,,2016-04-29,advance_payment,,balance.csv,advance_payment,,identity_q1_or_ytd_diff,missing_raw_value
601328.XSHG,balance,2016-03-31,2016q1,,2016-04-29,insurance_receivables,,balance.csv,insurance_receivables,,identity_q1_or_ytd_diff,missing_raw_value
601328.XSHG,balance,2016-03-31,2016q1,,2016-04-29,interest_receivable,43156000000.0,balance.csv,interest_receivable,quarterly_direct,identity_q1_or_ytd_diff,
601328.XSHG,balance,2016-03-31,2016q1,,2016-04-29,other_receivable,,balance.csv,other_receivable,,identity_q1_or_ytd_diff,missing_raw_value
601328.XSHG,balance,2016-03-31,2016q1,,2016-04-29,bought_sellback_assets,58308000000.0,balance.csv,bought_sellback_assets,quarterly_direct,identity_q1_or_ytd_diff,
601328.XSHG,balance,2016-03-31,2016q1,,2016-04-29,inventories,,balance.csv,inventories,,identity_q1_or_ytd_diff,missing_raw_value
601328.XSHG,balance,2016-03-31,2016q1,,2016-04-29,other_current_assets,,balance.csv,other_current_assets,,identity_q1_or_ytd_diff,missing_raw_value
601328.XSHG,balance,2016-03-31,2016q1,,2016-04-29,total_current_assets,,balance.csv,total_current_assets,,identity_q1_or_ytd_diff,missing_raw_value
601328.XSHG,balance,2016-03-31,2016q1,,2016-04-29,loan_and_advance,,balance.csv,loan_and_advance,,identity_q1_or_ytd_diff,missing_raw_value
601328.XSHG,balance,2016-03-31,2016q1,,2016-04-29,hold_for_sale_assets,282779000000.0,balance.csv,hold_for_sale_assets,quarterly_direct,identity_q1_or_ytd_diff,
601328.XSHG,balance,2016-03-31,2016q1,,2016-04-29,hold_to_maturity_investments,1015120000000.0,balance.csv,hold_to_maturity_investments,quarterly_direct,identity_q1_or_ytd_diff,
601328.XSHG,balance,2016-03-31,2016q1,,2016-04-29,longterm_equity_invest,589000000.0,balance.csv,longterm_equity_invest,quarterly_direct,identity_q1_or_ytd_diff,
601328.XSHG,balance,2016-03-31,2016q1,,2016-04-29,investment_property,5878000000.0,balance.csv,investment_property,quarterly_direct,identity_q1_or_ytd_diff,
601328.XSHG,balance,2016-03-31,2016q1,,2016-04-29,fixed_assets,82075000000.0,balance.csv,fixed_assets,quarterly_direct,identity_q1_or_ytd_diff,
601328.XSHG,balance,2016-03-31,2016q1,,2016-04-29,constru_in_process,11927000000.0,balance.csv,constru_in_process,quarterly_direct,identity_q1_or_ytd_diff,
601328.XSHG,balance,2016-03-31,2016q1,,2016-04-29,intangible_assets,2100000000.0,balance.csv,intangible_assets,quarterly_direct,identity_q1_or_ytd_diff,
601328.XSHG,balance,2016-03-31,2016q1,,2016-04-29,good_will,,balance.csv,good_will,,identity_q1_or_ytd_diff,missing_raw_value
601328.XSHG,balance,2016-03-31,2016q1,,2016-04-29,long_deferred_expense,,balance.csv,long_deferred_expense,,identity_q1_or_ytd_diff,missing_raw_value
601328.XSHG,balance,2016-03-31,2016q1,,2016-04-29,deferred_tax_assets,16976000000.0,balance.csv,deferred_tax_assets,quarterly_direct,identity_q1_or_ytd_diff,
601328.XSHG,balance,2016-03-31,2016q1,,2016-04-29,other_non_current_assets,,balance.csv,other_non_current_assets,,identity_q1_or_ytd_diff,missing_raw_value
601328.XSHG,balance,2016-03-31,2016q1,,2016-04-29,total_non_current_assets,,balance.csv,total_non_current_assets,,identity_q1_or_ytd_diff,missing_raw_value
601328.XSHG,balance,2016-03-31,2016q1,,2016-04-29,total_assets,7404417000000.0,balance.csv,total_assets,quarterly_direct,identity_q1_or_ytd_diff,
601328.XSHG,balance,2016-03-31,2016q1,,2016-04-29,shortterm_loan,0.0,balance.csv,shortterm_loan,quarterly_direct,identity_q1_or_ytd_diff,
601328.XSHG,balance,2016-03-31,2016q1,,2016-04-29,borrowing_from_centralbank,170768000000.0,balance.csv,borrowing_from_centralbank,quarterly_direct,identity_q1_or_ytd_diff,
601328.XSHG,balance,2016-03-31,2016q1,,2016-04-29,deposit_in_interbank,5752383000000.0,balance.csv,deposit_in_interbank,quarterly_direct,identity_q1_or_ytd_diff,
601328.XSHG,balance,2016-03-31,2016q1,,2016-04-29,borrowing_capital,271836000000.0,balance.csv,borrowing_capital,quarterly_direct,identity_q1_or_ytd_diff,
601328.XSHG,balance,2016-03-31,2016q1,,2016-04-29,trading_liability,,balance.csv,trading_liability,,identity_q1_or_ytd_diff,missing_raw_value
601328.XSHG,balance,2016-03-31,2016q1,,2016-04-29,notes_payable,,balance.csv,notes_payable,,identity_q1_or_ytd_diff,missing_raw_value
601328.XSHG,balance,2016-03-31,2016q1,,2016-04-29,accounts_payable,,balance.csv,accounts_payable,,identity_q1_or_ytd_diff,missing_raw_value
601328.XSHG,balance,2016-03-31,2016q1,,2016-04-29,advance_peceipts,,balance.csv,advance_peceipts,,identity_q1_or_ytd_diff,missing_raw_value
601328.XSHG,balance,2016-03-31,2016q1,,2016-04-29,sold_buyback_secu_proceeds,112477000000.0,balance.csv,sold_buyback_secu_proceeds,quarterly_direct,identity_q1_or_ytd_diff,
601328.XSHG,balance,2016-03-31,2016q1,,2016-04-29,commission_payable,,balance.csv,commission_payable,,identity_q1_or_ytd_diff,missing_raw_value
601328.XSHG,balance,2016-03-31,2016q1,,2016-04-29,salaries_payable,4438000000.0,balance.csv,salaries_payable,quarterly_direct,identity_q1_or_ytd_diff,
601328.XSHG,balance,2016-03-31,2016q1,,2016-04-29,taxs_payable,15154000000.0,balance.csv,taxs_payable,quarterly_direct,identity_q1_or_ytd_diff,
601328.XSHG,balance,2016-03-31,2016q1,,2016-04-29,interest_payable,76633000000.0,balance.csv,interest_payable,quarterly_direct,identity_q1_or_ytd_diff,
601328.XSHG,balance,2016-03-31,2016q1,,2016-04-29,other_payable,,balance.csv,other_payable,,identity_q1_or_ytd_diff,missing_raw_value
601328.XSHG,balance,2016-03-31,2016q1,,2016-04-29,insurance_contract_reserves,0.0,balance.csv,insurance_contract_reserves,quarterly_direct,identity_q1_or_ytd_diff,
601328.XSHG,balance,2016-03-31,2016q1,,2016-04-29,proxy_secu_proceeds,,balance.csv,proxy_secu_proceeds,,identity_q1_or_ytd_diff,missing_raw_value
601328.XSHG,balance,2016-03-31,2016q1,,2016-04-29,non_current_liability_in_one_year,,balance.csv,non_current_liability_in_one_year,,identity_q1_or_ytd_diff,missing_raw_value
601328.XSHG,balance,2016-03-31,2016q1,,2016-04-29,other_current_liability,,balance.csv,other_current_liability,,identity_q1_or_ytd_diff,missing_raw_value
601328.XSHG,balance,2016-03-31,2016q1,,2016-04-29,total_current_liability,,balance.csv,total_current_liability,,identity_q1_or_ytd_diff,missing_raw_value
601328.XSHG,balance,2016-03-31,2016q1,,2016-04-29,longterm_loan,,balance.csv,longterm_loan,,identity_q1_or_ytd_diff,missing_raw_value
601328.XSHG,balance,2016-03-31,2016q1,,2016-04-29,bonds_payable,178258000000.0,balance.csv,bonds_payable,quarterly_direct,identity_q1_or_ytd_diff,
601328.XSHG,balance,2016-03-31,2016q1,,2016-04-29,estimate_liability,488000000.0,balance.csv,estimate_liability,quarterly_direct,identity_q1_or_ytd_diff,
601328.XSHG,balance,2016-03-31,2016q1,,2016-04-29,deferred_tax_liability,97000000.0,balance.csv,deferred_tax_liability,quarterly_direct,identity_q1_or_ytd_diff,
601328.XSHG,balance,2016-03-31,2016q1,,2016-04-29,other_non_current_liability,,balance.csv,other_non_current_liability,,identity_q1_or_ytd_diff,missing_raw_value
601328.XSHG,balance,2016-03-31,2016q1,,2016-04-29,total_non_current_liability,,balance.csv,total_non_current_liability,,identity_q1_or_ytd_diff,missing_raw_value
601328.XSHG,balance,2016-03-31,2016q1,,2016-04-29,total_liability,6847508000000.0,balance.csv,total_liability,quarterly_direct,identity_q1_or_ytd_diff,
601328.XSHG,balance,2016-03-31,2016q1,,2016-04-29,paidin_capital,74263000000.0,balance.csv,paidin_capital,quarterly_direct,identity_q1_or_ytd_diff,
601328.XSHG,balance,2016-03-31,2016q1,,2016-04-29,capital_reserve_fund,113392000000.0,balance.csv,capital_reserve_fund,quarterly_direct,identity_q1_or_ytd_diff,
601328.XSHG,balance,2016-03-31,2016q1,,2016-04-29,treasury_stock,,balance.csv,treasury_stock,,identity_q1_or_ytd_diff,missing_raw_value
601328.XSHG,balance,2016-03-31,2016q1,,2016-04-29,surplus_reserve_fund,183923000000.0,balance.csv,surplus_reserve_fund,quarterly_direct,identity_q1_or_ytd_diff,
601328.XSHG,balance,2016-03-31,2016q1,,2016-04-29,ordinary_risk_reserve_fund,90001000000.0,balance.csv,ordinary_risk_reserve_fund,quarterly_direct,identity_q1_or_ytd_diff,
601328.XSHG,balance,2016-03-31,2016q1,,2016-04-29,retained_profit,92085000000.0,balance.csv,retained_profit,quarterly_direct,identity_q1_or_ytd_diff,
601328.XSHG,balance,2016-03-31,2016q1,,2016-04-29,equities_parent_company_owners,553664000000.0,balance.csv,equities_parent_company_owners,quarterly_direct,identity_q1_or_ytd_diff,
601328.XSHG,balance,2016-03-31,2016q1,,2016-04-29,minority_interests,3245000000.0,balance.csv,minority_interests,quarterly_direct,identity_q1_or_ytd_diff,
601328.XSHG,balance,2016-03-31,2016q1,,2016-04-29,total_owner_equities,556909000000.0,balance.csv,total_owner_equities,quarterly_direct,identity_q1_or_ytd_diff,
601328.XSHG,balance,2016-03-31,2016q1,,2016-04-29,other_comprehensive_income,,balance.csv,other_comprehensive_income,,identity_q1_or_ytd_diff,missing_raw_value
601328.XSHG,balance,2016-03-31,2016q1,,2016-04-29,contract_assets,,balance.csv,contract_assets,,identity_q1_or_ytd_diff,missing_raw_value
601328.XSHG,balance,2016-03-31,2016q1,,2016-04-29,contract_liability,,balance.csv,contract_liability,,identity_q1_or_ytd_diff,missing_raw_value
601328.XSHG,balance,2016-03-31,2016q1,,2016-04-29,usufruct_assets,,balance.csv,usufruct_assets,,identity_q1_or_ytd_diff,missing_raw_value
601328.XSHG,balance,2016-06-30,2016q2,,2016-08-26,cash_equivalents,1201703000000.0,balance.csv,cash_equivalents,quarterly_direct,identity_q1_or_ytd_diff,
601328.XSHG,balance,2016-06-30,2016q2,,2016-08-26,settlement_provi,,balance.csv,settlement_provi,,identity_q1_or_ytd_diff,missing_raw_value
601328.XSHG,balance,2016-06-30,2016q2,,2016-08-26,lend_capital,408711000000.0,balance.csv,lend_capital,quarterly_direct,identity_q1_or_ytd_diff,
601328.XSHG,balance,2016-06-30,2016q2,,2016-08-26,trading_assets,175436000000.0,balance.csv,trading_assets,quarterly_direct,identity_q1_or_ytd_diff,
601328.XSHG,balance,2016-06-30,2016q2,,2016-08-26,bill_receivable,,balance.csv,bill_receivable,,identity_q1_or_ytd_diff,missing_raw_value
601328.XSHG,balance,2016-06-30,2016q2,,2016-08-26,account_receivable,,balance.csv,account_receivable,,identity_q1_or_ytd_diff,missing_raw_value
601328.XSHG,balance,2016-06-30,2016q2,,2016-08-26,advance_payment,,balance.csv,advance_payment,,identity_q1_or_ytd_diff,missing_raw_value
601328.XSHG,balance,2016-06-30,2016q2,,2016-08-26,insurance_receivables,,balance.csv,insurance_receivables,,identity_q1_or_ytd_diff,missing_raw_value
601328.XSHG,balance,2016-06-30,2016q2,,2016-08-26,interest_receivable,40413000000.0,balance.csv,interest_receivable,quarterly_direct,identity_q1_or_ytd_diff,
601328.XSHG,balance,2016-06-30,2016q2,,2016-08-26,other_receivable,,balance.csv,other_receivable,,identity_q1_or_ytd_diff,missing_raw_value
601328.XSHG,balance,2016-06-30,2016q2,,2016-08-26,bought_sellback_assets,81387000000.0,balance.csv,bought_sellback_assets,quarterly_direct,identity_q1_or_ytd_diff,
601328.XSHG,balance,2016-06-30,2016q2,,2016-08-26,inventories,,balance.csv,inventories,,identity_q1_or_ytd_diff,missing_raw_value
601328.XSHG,balance,2016-06-30,2016q2,,2016-08-26,other_current_assets,,balance.csv,other_current_assets,,identity_q1_or_ytd_diff,missing_raw_value
601328.XSHG,balance,2016-06-30,2016q2,,2016-08-26,total_current_assets,,balance.csv,total_current_assets,,identity_q1_or_ytd_diff,missing_raw_value
601328.XSHG,balance,2016-06-30,2016q2,,2016-08-26,loan_and_advance,,balance.csv,loan_and_advance,,identity_q1_or_ytd_diff,missing_raw_value
601328.XSHG,balance,2016-06-30,2016q2,,2016-08-26,hold_for_sale_assets,295075000000.0,balance.csv,hold_for_sale_assets,quarterly_direct,identity_q1_or_ytd_diff,
601328.XSHG,balance,2016-06-30,2016q2,,2016-08-26,hold_to_maturity_investments,1205326000000.0,balance.csv,hold_to_maturity_investments,quarterly_direct,identity_q1_or_ytd_diff,
601328.XSHG,balance,2016-06-30,2016q2,,2016-08-26,longterm_equity_invest,623000000.0,balance.csv,longterm_equity_invest,quarterly_direct,identity_q1_or_ytd_diff,
601328.XSHG,balance,2016-06-30,2016q2,,2016-08-26,investment_property,6021000000.0,balance.csv,investment_property,quarterly_direct,identity_q1_or_ytd_diff,
601328.XSHG,balance,2016-06-30,2016q2,,2016-08-26,fixed_assets,89895000000.0,balance.csv,fixed_assets,quarterly_direct,identity_q1_or_ytd_diff,
601328.XSHG,balance,2016-06-30,2016q2,,2016-08-26,constru_in_process,8275000000.0,balance.csv,constru_in_process,quarterly_direct,identity_q1_or_ytd_diff,
601328.XSHG,balance,2016-06-30,2016q2,,2016-08-26,intangible_assets,2181000000.0,balance.csv,intangible_assets,quarterly_direct,identity_q1_or_ytd_diff,
601328.XSHG,balance,2016-06-30,2016q2,,2016-08-26,good_will,,balance.csv,good_will,,identity_q1_or_ytd_diff,missing_raw_value
601328.XSHG,balance,2016-06-30,2016q2,,2016-08-26,long_deferred_expense,,balance.csv,long_deferred_expense,,identity_q1_or_ytd_diff,missing_raw_value
601328.XSHG,balance,2016-06-30,2016q2,,2016-08-26,deferred_tax_assets,15564000000.0,balance.csv,deferred_tax_assets,quarterly_direct,identity_q1_or_ytd_diff,
601328.XSHG,balance,2016-06-30,2016q2,,2016-08-26,other_non_current_assets,,balance.csv,other_non_current_assets,,identity_q1_or_ytd_diff,missing_raw_value
601328.XSHG,balance,2016-06-30,2016q2,,2016-08-26,total_non_current_assets,,balance.csv,total_non_current_assets,,identity_q1_or_ytd_diff,missing_raw_value
601328.XSHG,balance,2016-06-30,2016q2,,2016-08-26,total_assets,7956322000000.0,balance.csv,total_assets,quarterly_direct,identity_q1_or_ytd_diff,
601328.XSHG,balance,2016-06-30,2016q2,,2016-08-26,shortterm_loan,0.0,balance.csv,shortterm_loan,quarterly_direct,identity_q1_or_ytd_diff,
601328.XSHG,balance,2016-06-30,2016q2,,2016-08-26,borrowing_from_centralbank,231602000000.0,balance.csv,borrowing_from_centralbank,quarterly_direct,identity_q1_or_ytd_diff,
601328.XSHG,balance,2016-06-30,2016q2,,2016-08-26,deposit_in_interbank,5976364000000.0,balance.csv,deposit_in_interbank,quarterly_direct,identity_q1_or_ytd_diff,
601328.XSHG,balance,2016-06-30,2016q2,,2016-08-26,borrowing_capital,294769000000.0,balance.csv,borrowing_capital,quarterly_direct,identity_q1_or_ytd_diff,
601328.XSHG,balance,2016-06-30,2016q2,,2016-08-26,trading_liability,48489000000.0,balance.csv,trading_liability,quarterly_direct,identity_q1_or_ytd_diff,
601328.XSHG,balance,2016-06-30,2016q2,,2016-08-26,notes_payable,,balance.csv,notes_payable,,identity_q1_or_ytd_diff,missing_raw_value
601328.XSHG,balance,2016-06-30,2016q2,,2016-08-26,accounts_payable,,balance.csv,accounts_payable,,identity_q1_or_ytd_diff,missing_raw_value
601328.XSHG,balance,2016-06-30,2016q2,,2016-08-26,advance_peceipts,,balance.csv,advance_peceipts,,identity_q1_or_ytd_diff,missing_raw_value
601328.XSHG,balance,2016-06-30,2016q2,,2016-08-26,sold_buyback_secu_proceeds,256413000000.0,balance.csv,sold_buyback_secu_proceeds,quarterly_direct,identity_q1_or_ytd_diff,
601328.XSHG,balance,2016-06-30,2016q2,,2016-08-26,commission_payable,,balance.csv,commission_payable,,identity_q1_or_ytd_diff,missing_raw_value
601328.XSHG,balance,2016-06-30,2016q2,,2016-08-26,salaries_payable,5250000000.0,balance.csv,salaries_payable,quarterly_direct,identity_q1_or_ytd_diff,
601328.XSHG,balance,2016-06-30,2016q2,,2016-08-26,taxs_payable,11625000000.0,balance.csv,taxs_payable,quarterly_direct,identity_q1_or_ytd_diff,
601328.XSHG,balance,2016-06-30,2016q2,,2016-08-26,interest_payable,78106000000.0,balance.csv,interest_payable,quarterly_direct,identity_q1_or_ytd_diff,
601328.XSHG,balance,2016-06-30,2016q2,,2016-08-26,other_payable,,balance.csv,other_payable,,identity_q1_or_ytd_diff,missing_raw_value
601328.XSHG,balance,2016-06-30,2016q2,,2016-08-26,insurance_contract_reserves,0.0,balance.csv,insurance_contract_reserves,quarterly_direct,identity_q1_or_ytd_diff,
601328.XSHG,balance,2016-06-30,2016q2,,2016-08-26,proxy_secu_proceeds,,balance.csv,proxy_secu_proceeds,,identity_q1_or_ytd_diff,missing_raw_value
601328.XSHG,balance,2016-06-30,2016q2,,2016-08-26,non_current_liability_in_one_year,,balance.csv,non_current_liability_in_one_year,,identity_q1_or_ytd_diff,missing_raw_value
601328.XSHG,balance,2016-06-30,2016q2,,2016-08-26,other_current_liability,,balance.csv,other_current_liability,,identity_q1_or_ytd_diff,missing_raw_value
601328.XSHG,balance,2016-06-30,2016q2,,2016-08-26,total_current_liability,,balance.csv,total_current_liability,,identity_q1_or_ytd_diff,missing_raw_value
601328.XSHG,balance,2016-06-30,2016q2,,2016-08-26,longterm_loan,,balance.csv,longterm_loan,,identity_q1_or_ytd_diff,missing_raw_value
601328.XSHG,balance,2016-06-30,2016q2,,2016-08-26,bonds_payable,179250000000.0,balance.csv,bonds_payable,quarterly_direct,identity_q1_or_ytd_diff,
601328.XSHG,balance,2016-06-30,2016q2,,2016-08-26,estimate_liability,475000000.0,balance.csv,estimate_liability,quarterly_direct,identity_q1_or_ytd_diff,
601328.XSHG,balance,2016-06-30,2016q2,,2016-08-26,deferred_tax_liability,130000000.0,balance.csv,deferred_tax_liability,quarterly_direct,identity_q1_or_ytd_diff,
601328.XSHG,balance,2016-06-30,2016q2,,2016-08-26,other_non_current_liability,,balance.csv,other_non_current_liability,,identity_q1_or_ytd_diff,missing_raw_value
601328.XSHG,balance,2016-06-30,2016q2,,2016-08-26,total_non_current_liability,,balance.csv,total_non_current_liability,,identity_q1_or_ytd_diff,missing_raw_value
601328.XSHG,balance,2016-06-30,2016q2,,2016-08-26,total_liability,7400828000000.0,balance.csv,total_liability,quarterly_direct,identity_q1_or_ytd_diff,
601328.XSHG,balance,2016-06-30,2016q2,,2016-08-26,paidin_capital,74263000000.0,balance.csv,paidin_capital,quarterly_direct,identity_q1_or_ytd_diff,
601328.XSHG,balance,2016-06-30,2016q2,,2016-08-26,capital_reserve_fund,113392000000.0,balance.csv,capital_reserve_fund,quarterly_direct,identity_q1_or_ytd_diff,
601328.XSHG,balance,2016-06-30,2016q2,,2016-08-26,treasury_stock,,balance.csv,treasury_stock,,identity_q1_or_ytd_diff,missing_raw_value
601328.XSHG,balance,2016-06-30,2016q2,,2016-08-26,surplus_reserve_fund,183923000000.0,balance.csv,surplus_reserve_fund,quarterly_direct,identity_q1_or_ytd_diff,
601328.XSHG,balance,2016-06-30,2016q2,,2016-08-26,ordinary_risk_reserve_fund,87278000000.0,balance.csv,ordinary_risk_reserve_fund,quarterly_direct,identity_q1_or_ytd_diff,
601328.XSHG,balance,2016-06-30,2016q2,,2016-08-26,retained_profit,78094000000.0,balance.csv,retained_profit,quarterly_direct,identity_q1_or_ytd_diff,
601328.XSHG,balance,2016-06-30,2016q2,,2016-08-26,equities_parent_company_owners,552515000000.0,balance.csv,equities_parent_company_owners,quarterly_direct,identity_q1_or_ytd_diff,
601328.XSHG,balance,2016-06-30,2016q2,,2016-08-26,minority_interests,2979000000.0,balance.csv,minority_interests,quarterly_direct,identity_q1_or_ytd_diff,
601328.XSHG,balance,2016-06-30,2016q2,,2016-08-26,total_owner_equities,555494000000.0,balance.csv,total_owner_equities,quarterly_direct,identity_q1_or_ytd_diff,
601328.XSHG,balance,2016-06-30,2016q2,,2016-08-26,other_comprehensive_income,641000000.0,balance.csv,other_comprehensive_income,quarterly_direct,identity_q1_or_ytd_diff,
601328.XSHG,balance,2016-06-30,2016q2,,2016-08-26,contract_assets,,balance.csv,contract_assets,,identity_q1_or_ytd_diff,missing_raw_value
601328.XSHG,balance,2016-06-30,2016q2,,2016-08-26,contract_liability,,balance.csv,contract_liability,,identity_q1_or_ytd_diff,missing_raw_value
601328.XSHG,balance,2016-06-30,2016q2,,2016-08-26,usufruct_assets,,balance.csv,usufruct_assets,,identity_q1_or_ytd_diff,missing_raw_value
601328.XSHG,balance,2016-09-30,2016q3,,2016-10-29,cash_equivalents,1112429000000.0,balance.csv,cash_equivalents,quarterly_direct,identity_q1_or_ytd_diff,
601328.XSHG,balance,2016-09-30,2016q3,,2016-10-29,settlement_provi,,balance.csv,settlement_provi,,identity_q1_or_ytd_diff,missing_raw_value
601328.XSHG,balance,2016-09-30,2016q3,,2016-10-29,lend_capital,421560000000.0,balance.csv,lend_capital,quarterly_direct,identity_q1_or_ytd_diff,
601328.XSHG,balance,2016-09-30,2016q3,,2016-10-29,trading_assets,185227000000.0,balance.csv,trading_assets,quarterly_direct,identity_q1_or_ytd_diff,
601328.XSHG,balance,2016-09-30,2016q3,,2016-10-29,bill_receivable,,balance.csv,bill_receivable,,identity_q1_or_ytd_diff,missing_raw_value
601328.XSHG,balance,2016-09-30,2016q3,,2016-10-29,account_receivable,,balance.csv,account_receivable,,identity_q1_or_ytd_diff,missing_raw_value
601328.XSHG,balance,2016-09-30,2016q3,,2016-10-29,advance_payment,,balance.csv,advance_payment,,identity_q1_or_ytd_diff,missing_raw_value
601328.XSHG,balance,2016-09-30,2016q3,,2016-10-29,insurance_receivables,,balance.csv,insurance_receivables,,identity_q1_or_ytd_diff,missing_raw_value
601328.XSHG,balance,2016-09-30,2016q3,,2016-10-29,interest_receivable,40970000000.0,balance.csv,interest_receivable,quarterly_direct,identity_q1_or_ytd_diff,
601328.XSHG,balance,2016-09-30,2016q3,,2016-10-29,other_receivable,,balance.csv,other_receivable,,identity_q1_or_ytd_diff,missing_raw_value
601328.XSHG,balance,2016-09-30,2016q3,,2016-10-29,bought_sellback_assets,127573000000.0,balance.csv,bought_sellback_assets,quarterly_direct,identity_q1_or_ytd_diff,
601328.XSHG,balance,2016-09-30,2016q3,,2016-10-29,inventories,,balance.csv,inventories,,identity_q1_or_ytd_diff,missing_raw_value
601328.XSHG,balance,2016-09-30,2016q3,,2016-10-29,other_current_assets,,balance.csv,other_current_assets,,identity_q1_or_ytd_diff,missing_raw_value
601328.XSHG,balance,2016-09-30,2016q3,,2016-10-29,total_current_assets,,balance.csv,total_current_assets,,identity_q1_or_ytd_diff,missing_raw_value
601328.XSHG,balance,2016-09-30,2016q3,,2016-10-29,loan_and_advance,,balance.csv,loan_and_advance,,identity_q1_or_ytd_diff,missing_raw_value
601328.XSHG,balance,2016-09-30,2016q3,,2016-10-29,hold_for_sale_assets,304323000000.0,balance.csv,hold_for_sale_assets,quarterly_direct,identity_q1_or_ytd_diff,
601328.XSHG,balance,2016-09-30,2016q3,,2016-10-29,hold_to_maturity_investments,1305974000000.0,balance.csv,hold_to_maturity_investments,quarterly_direct,identity_q1_or_ytd_diff,
601328.XSHG,balance,2016-09-30,2016q3,,2016-10-29,longterm_equity_invest,652000000.0,balance.csv,longterm_equity_invest,quarterly_direct,identity_q1_or_ytd_diff,
601328.XSHG,balance,2016-09-30,2016q3,,2016-10-29,investment_property,8724000000.0,balance.csv,investment_property,quarterly_direct,identity_q1_or_ytd_diff,
601328.XSHG,balance,2016-09-30,2016q3,,2016-10-29,fixed_assets,95853000000.0,balance.csv,fixed_assets,quarterly_direct,identity_q1_or_ytd_diff,
601328.XSHG,balance,2016-09-30,2016q3,,2016-10-29,constru_in_process,8327000000.0,balance.csv,constru_in_process,quarterly_direct,identity_q1_or_ytd_diff,
601328.XSHG,balance,2016-09-30,2016q3,,2016-10-29,intangible_assets,2146000000.0,balance.csv,intangible_assets,quarterly_direct,identity_q1_or_ytd_diff,
601328.XSHG,balance,2016-09-30,2016q3,,2016-10-29,good_will,,balance.csv,good_will,,identity_q1_or_ytd_diff,missing_raw_value
601328.XSHG,balance,2016-09-30,2016q3,,2016-10-29,long_deferred_expense,,balance.csv,long_deferred_expense,,identity_q1_or_ytd_diff,missing_raw_value
601328.XSHG,balance,2016-09-30,2016q3,,2016-10-29,deferred_tax_assets,14872000000.0,balance.csv,deferred_tax_assets,quarterly_direct,identity_q1_or_ytd_diff,
601328.XSHG,balance,2016-09-30,2016q3,,2016-10-29,other_non_current_assets,,balance.csv,other_non_current_assets,,identity_q1_or_ytd_diff,missing_raw_value
601328.XSHG,balance,2016-09-30,2016q3,,2016-10-29,total_non_current_assets,,balance.csv,total_non_current_assets,,identity_q1_or_ytd_diff,missing_raw_value
601328.XSHG,balance,2016-09-30,2016q3,,2016-10-29,total_assets,8091810000000.0,balance.csv,total_assets,quarterly_direct,identity_q1_or_ytd_diff,
601328.XSHG,balance,2016-09-30,2016q3,,2016-10-29,shortterm_loan,0.0,balance.csv,shortterm_loan,quarterly_direct,identity_q1_or_ytd_diff,
601328.XSHG,balance,2016-09-30,2016q3,,2016-10-29,borrowing_from_centralbank,386158000000.0,balance.csv,borrowing_from_centralbank,quarterly_direct,identity_q1_or_ytd_diff,
601328.XSHG,balance,2016-09-30,2016q3,,2016-10-29,deposit_in_interbank,5999723000000.0,balance.csv,deposit_in_interbank,quarterly_direct,identity_q1_or_ytd_diff,
601328.XSHG,balance,2016-09-30,2016q3,,2016-10-29,borrowing_capital,309408000000.0,balance.csv,borrowing_capital,quarterly_direct,identity_q1_or_ytd_diff,
601328.XSHG,balance,2016-09-30,2016q3,,2016-10-29,trading_liability,47384000000.0,balance.csv,trading_liability,quarterly_direct,identity_q1_or_ytd_diff,
601328.XSHG,balance,2016-09-30,2016q3,,2016-10-29,notes_payable,,balance.csv,notes_payable,,identity_q1_or_ytd_diff,missing_raw_value
601328.XSHG,balance,2016-09-30,2016q3,,2016-10-29,accounts_payable,,balance.csv,accounts_payable,,identity_q1_or_ytd_diff,missing_raw_value
601328.XSHG,balance,2016-09-30,2016q3,,2016-10-29,advance_peceipts,,balance.csv,advance_peceipts,,identity_q1_or_ytd_diff,missing_raw_value
601328.XSHG,balance,2016-09-30,2016q3,,2016-10-29,sold_buyback_secu_proceeds,98423000000.0,balance.csv,sold_buyback_secu_proceeds,quarterly_direct,identity_q1_or_ytd_diff,
601328.XSHG,balance,2016-09-30,2016q3,,2016-10-29,commission_payable,,balance.csv,commission_payable,,identity_q1_or_ytd_diff,missing_raw_value
601328.XSHG,balance,2016-09-30,2016q3,,2016-10-29,salaries_payable,6908000000.0,balance.csv,salaries_payable,quarterly_direct,identity_q1_or_ytd_diff,
601328.XSHG,balance,2016-09-30,2016q3,,2016-10-29,taxs_payable,12596000000.0,balance.csv,taxs_payable,quarterly_direct,identity_q1_or_ytd_diff,
601328.XSHG,balance,2016-09-30,2016q3,,2016-10-29,interest_payable,82638000000.0,balance.csv,interest_payable,quarterly_direct,identity_q1_or_ytd_diff,
601328.XSHG,balance,2016-09-30,2016q3,,2016-10-29,other_payable,,balance.csv,other_payable,,identity_q1_or_ytd_diff,missing_raw_value
601328.XSHG,balance,2016-09-30,2016q3,,2016-10-29,insurance_contract_reserves,0.0,balance.csv,insurance_contract_reserves,quarterly_direct,identity_q1_or_ytd_diff,
601328.XSHG,balance,2016-09-30,2016q3,,2016-10-29,proxy_secu_proceeds,,balance.csv,proxy_secu_proceeds,,identity_q1_or_ytd_diff,missing_raw_value
601328.XSHG,balance,2016-09-30,2016q3,,2016-10-29,non_current_liability_in_one_year,,balance.csv,non_current_liability_in_one_year,,identity_q1_or_ytd_diff,missing_raw_value
601328.XSHG,balance,2016-09-30,2016q3,,2016-10-29,other_current_liability,,balance.csv,other_current_liability,,identity_q1_or_ytd_diff,missing_raw_value
601328.XSHG,balance,2016-09-30,2016q3,,2016-10-29,total_current_liability,,balance.csv,total_current_liability,,identity_q1_or_ytd_diff,missing_raw_value
601328.XSHG,balance,2016-09-30,2016q3,,2016-10-29,longterm_loan,,balance.csv,longterm_loan,,identity_q1_or_ytd_diff,missing_raw_value
601328.XSHG,balance,2016-09-30,2016q3,,2016-10-29,bonds_payable,188713000000.0,balance.csv,bonds_payable,quarterly_direct,identity_q1_or_ytd_diff,
601328.XSHG,balance,2016-09-30,2016q3,,2016-10-29,estimate_liability,,balance.csv,estimate_liability,,identity_q1_or_ytd_diff,missing_raw_value
601328.XSHG,balance,2016-09-30,2016q3,,2016-10-29,deferred_tax_liability,343000000.0,balance.csv,deferred_tax_liability,quarterly_direct,identity_q1_or_ytd_diff,
601328.XSHG,balance,2016-09-30,2016q3,,2016-10-29,other_non_current_liability,,balance.csv,other_non_current_liability,,identity_q1_or_ytd_diff,missing_raw_value
601328.XSHG,balance,2016-09-30,2016q3,,2016-10-29,total_non_current_liability,,balance.csv,total_non_current_liability,,identity_q1_or_ytd_diff,missing_raw_value
601328.XSHG,balance,2016-09-30,2016q3,,2016-10-29,total_liability,7472932000000.0,balance.csv,total_liability,quarterly_direct,identity_q1_or_ytd_diff,
601328.XSHG,balance,2016-09-30,2016q3,,2016-10-29,paidin_capital,74263000000.0,balance.csv,paidin_capital,quarterly_direct,identity_q1_or_ytd_diff,
601328.XSHG,balance,2016-09-30,2016q3,,2016-10-29,capital_reserve_fund,113392000000.0,balance.csv,capital_reserve_fund,quarterly_direct,identity_q1_or_ytd_diff,
601328.XSHG,balance,2016-09-30,2016q3,,2016-10-29,treasury_stock,,balance.csv,treasury_stock,,identity_q1_or_ytd_diff,missing_raw_value
601328.XSHG,balance,2016-09-30,2016q3,,2016-10-29,surplus_reserve_fund,183923000000.0,balance.csv,surplus_reserve_fund,quarterly_direct,identity_q1_or_ytd_diff,
601328.XSHG,balance,2016-09-30,2016q3,,2016-10-29,ordinary_risk_reserve_fund,87293000000.0,balance.csv,ordinary_risk_reserve_fund,quarterly_direct,identity_q1_or_ytd_diff,
601328.XSHG,balance,2016-09-30,2016q3,,2016-10-29,retained_profit,92996000000.0,balance.csv,retained_profit,quarterly_direct,identity_q1_or_ytd_diff,
601328.XSHG,balance,2016-09-30,2016q3,,2016-10-29,equities_parent_company_owners,615819000000.0,balance.csv,equities_parent_company_owners,quarterly_direct,identity_q1_or_ytd_diff,
601328.XSHG,balance,2016-09-30,2016q3,,2016-10-29,minority_interests,3059000000.0,balance.csv,minority_interests,quarterly_direct,identity_q1_or_ytd_diff,
601328.XSHG,balance,2016-09-30,2016q3,,2016-10-29,total_owner_equities,618878000000.0,balance.csv,total_owner_equities,quarterly_direct,identity_q1_or_ytd_diff,
601328.XSHG,balance,2016-09-30,2016q3,,2016-10-29,other_comprehensive_income,4076000000.0,balance.csv,other_comprehensive_income,quarterly_direct,identity_q1_or_ytd_diff,
601328.XSHG,balance,2016-09-30,2016q3,,2016-10-29,contract_assets,,balance.csv,contract_assets,,identity_q1_or_ytd_diff,missing_raw_value
601328.XSHG,balance,2016-09-30,2016q3,,2016-10-29,contract_liability,,balance.csv,contract_liability,,identity_q1_or_ytd_diff,missing_raw_value
601328.XSHG,balance,2016-09-30,2016q3,,2016-10-29,usufruct_assets,,balance.csv,usufruct_assets,,identity_q1_or_ytd_diff,missing_raw_value
601328.XSHG,balance,2016-12-31,2016q4,,2017-03-29,cash_equivalents,1171388000000.0,balance.csv,cash_equivalents,quarterly_direct,identity_q1_or_ytd_diff,
601328.XSHG,balance,2016-12-31,2016q4,,2017-03-29,settlement_provi,,balance.csv,settlement_provi,,identity_q1_or_ytd_diff,missing_raw_value
601328.XSHG,balance,2016-12-31,2016q4,,2017-03-29,lend_capital,467791000000.0,balance.csv,lend_capital,quarterly_direct,identity_q1_or_ytd_diff,
601328.XSHG,balance,2016-12-31,2016q4,,2017-03-29,trading_assets,179221000000.0,balance.csv,trading_assets,quarterly_direct,identity_q1_or_ytd_diff,
601328.XSHG,balance,2016-12-31,2016q4,,2017-03-29,bill_receivable,,balance.csv,bill_receivable,,identity_q1_or_ytd_diff,missing_raw_value
601328.XSHG,balance,2016-12-31,2016q4,,2017-03-29,account_receivable,,balance.csv,account_receivable,,identity_q1_or_ytd_diff,missing_raw_value
601328.XSHG,balance,2016-12-31,2016q4,,2017-03-29,advance_payment,,balance.csv,advance_payment,,identity_q1_or_ytd_diff,missing_raw_value
601328.XSHG,balance,2016-12-31,2016q4,,2017-03-29,insurance_receivables,,balance.csv,insurance_receivables,,identity_q1_or_ytd_diff,missing_raw_value
601328.XSHG,balance,2016-12-31,2016q4,,2017-03-29,interest_receivable,47803000000.0,balance.csv,interest_receivable,quarterly_direct,identity_q1_or_ytd_diff,
601328.XSHG,balance,2016-12-31,2016q4,,2017-03-29,other_receivable,,balance.csv,other_receivable,,identity_q1_or_ytd_diff,missing_raw_value
601328.XSHG,balance,2016-12-31,2016q4,,2017-03-29,bought_sellback_assets,68043000000.0,balance.csv,bought_sellback_assets,quarterly_direct,identity_q1_or_ytd_diff,
601328.XSHG,balance,2016-12-31,2016q4,,2017-03-29,inventories,,balance.csv,inventories,,identity_q1_or_ytd_diff,missing_raw_value
601328.XSHG,balance,2016-12-31,2016q4,,2017-03-29,other_current_assets,,balance.csv,other_current_assets,,identity_q1_or_ytd_diff,missing_raw_value
601328.XSHG,balance,2016-12-31,2016q4,,2017-03-29,total_current_assets,,balance.csv,total_current_assets,,identity_q1_or_ytd_diff,missing_raw_value
601328.XSHG,balance,2016-12-31,2016q4,,2017-03-29,loan_and_advance,,balance.csv,loan_and_advance,,identity_q1_or_ytd_diff,missing_raw_value
601328.XSHG,balance,2016-12-31,2016q4,,2017-03-29,hold_for_sale_assets,342755000000.0,balance.csv,hold_for_sale_assets,quarterly_direct,identity_q1_or_ytd_diff,
601328.XSHG,balance,2016-12-31,2016q4,,2017-03-29,hold_to_maturity_investments,1407449000000.0,balance.csv,hold_to_maturity_investments,quarterly_direct,identity_q1_or_ytd_diff,
601328.XSHG,balance,2016-12-31,2016q4,,2017-03-29,longterm_equity_invest,714000000.0,balance.csv,longterm_equity_invest,quarterly_direct,identity_q1_or_ytd_diff,
601328.XSHG,balance,2016-12-31,2016q4,,2017-03-29,investment_property,8762000000.0,balance.csv,investment_property,quarterly_direct,identity_q1_or_ytd_diff,
601328.XSHG,balance,2016-12-31,2016q4,,2017-03-29,fixed_assets,107321000000.0,balance.csv,fixed_assets,quarterly_direct,identity_q1_or_ytd_diff,
601328.XSHG,balance,2016-12-31,2016q4,,2017-03-29,constru_in_process,7104000000.0,balance.csv,constru_in_process,quarterly_direct,identity_q1_or_ytd_diff,
601328.XSHG,balance,2016-12-31,2016q4,,2017-03-29,intangible_assets,2188000000.0,balance.csv,intangible_assets,quarterly_direct,identity_q1_or_ytd_diff,
601328.XSHG,balance,2016-12-31,2016q4,,2017-03-29,good_will,,balance.csv,good_will,,identity_q1_or_ytd_diff,missing_raw_value
601328.XSHG,balance,2016-12-31,2016q4,,2017-03-29,long_deferred_expense,,balance.csv,long_deferred_expense,,identity_q1_or_ytd_diff,missing_raw_value
601328.XSHG,balance,2016-12-31,2016q4,,2017-03-29,deferred_tax_assets,12567000000.0,balance.csv,deferred_tax_assets,quarterly_direct,identity_q1_or_ytd_diff,
601328.XSHG,balance,2016-12-31,2016q4,,2017-03-29,other_non_current_assets,,balance.csv,other_non_current_assets,,identity_q1_or_ytd_diff,missing_raw_value
601328.XSHG,balance,2016-12-31,2016q4,,2017-03-29,total_non_current_assets,,balance.csv,total_non_current_assets,,identity_q1_or_ytd_diff,missing_raw_value
601328.XSHG,balance,2016-12-31,2016q4,,2017-03-29,total_assets,8403166000000.0,balance.csv,total_assets,quarterly_direct,identity_q1_or_ytd_diff,
601328.XSHG,balance,2016-12-31,2016q4,,2017-03-29,shortterm_loan,0.0,balance.csv,shortterm_loan,quarterly_direct,identity_q1_or_ytd_diff,
601328.XSHG,balance,2016-12-31,2016q4,,2017-03-29,borrowing_from_centralbank,443597000000.0,balance.csv,borrowing_from_centralbank,quarterly_direct,identity_q1_or_ytd_diff,
601328.XSHG,balance,2016-12-31,2016q4,,2017-03-29,deposit_in_interbank,5982576000000.0,balance.csv,deposit_in_interbank,quarterly_direct,identity_q1_or_ytd_diff,
601328.XSHG,balance,2016-12-31,2016q4,,2017-03-29,borrowing_capital,354267000000.0,balance.csv,borrowing_capital,quarterly_direct,identity_q1_or_ytd_diff,
601328.XSHG,balance,2016-12-31,2016q4,,2017-03-29,trading_liability,49700000000.0,balance.csv,trading_liability,quarterly_direct,identity_q1_or_ytd_diff,
601328.XSHG,balance,2016-12-31,2016q4,,2017-03-29,notes_payable,,balance.csv,notes_payable,,identity_q1_or_ytd_diff,missing_raw_value
601328.XSHG,balance,2016-12-31,2016q4,,2017-03-29,accounts_payable,,balance.csv,accounts_payable,,identity_q1_or_ytd_diff,missing_raw_value
601328.XSHG,balance,2016-12-31,2016q4,,2017-03-29,advance_peceipts,,balance.csv,advance_peceipts,,identity_q1_or_ytd_diff,missing_raw_value
601328.XSHG,balance,2016-12-31,2016q4,,2017-03-29,sold_buyback_secu_proceeds,179209000000.0,balance.csv,sold_buyback_secu_proceeds,quarterly_direct,identity_q1_or_ytd_diff,
601328.XSHG,balance,2016-12-31,2016q4,,2017-03-29,commission_payable,,balance.csv,commission_payable,,identity_q1_or_ytd_diff,missing_raw_value
601328.XSHG,balance,2016-12-31,2016q4,,2017-03-29,salaries_payable,7814000000.0,balance.csv,salaries_payable,quarterly_direct,identity_q1_or_ytd_diff,
601328.XSHG,balance,2016-12-31,2016q4,,2017-03-29,taxs_payable,9693000000.0,balance.csv,taxs_payable,quarterly_direct,identity_q1_or_ytd_diff,
601328.XSHG,balance,2016-12-31,2016q4,,2017-03-29,interest_payable,79635000000.0,balance.csv,interest_payable,quarterly_direct,identity_q1_or_ytd_diff,
601328.XSHG,balance,2016-12-31,2016q4,,2017-03-29,other_payable,,balance.csv,other_payable,,identity_q1_or_ytd_diff,missing_raw_value
601328.XSHG,balance,2016-12-31,2016q4,,2017-03-29,insurance_contract_reserves,0.0,balance.csv,insurance_contract_reserves,quarterly_direct,identity_q1_or_ytd_diff,
601328.XSHG,balance,2016-12-31,2016q4,,2017-03-29,proxy_secu_proceeds,,balance.csv,proxy_secu_proceeds,,identity_q1_or_ytd_diff,missing_raw_value
601328.XSHG,balance,2016-12-31,2016q4,,2017-03-29,non_current_liability_in_one_year,,balance.csv,non_current_liability_in_one_year,,identity_q1_or_ytd_diff,missing_raw_value
601328.XSHG,balance,2016-12-31,2016q4,,2017-03-29,other_current_liability,,balance.csv,other_current_liability,,identity_q1_or_ytd_diff,missing_raw_value
601328.XSHG,balance,2016-12-31,2016q4,,2017-03-29,total_current_liability,,balance.csv,total_current_liability,,identity_q1_or_ytd_diff,missing_raw_value
601328.XSHG,balance,2016-12-31,2016q4,,2017-03-29,longterm_loan,,balance.csv,longterm_loan,,identity_q1_or_ytd_diff,missing_raw_value
601328.XSHG,balance,2016-12-31,2016q4,,2017-03-29,bonds_payable,229515000000.0,balance.csv,bonds_payable,quarterly_direct,identity_q1_or_ytd_diff,
601328.XSHG,balance,2016-12-31,2016q4,,2017-03-29,estimate_liability,448000000.0,balance.csv,estimate_liability,quarterly_direct,identity_q1_or_ytd_diff,
601328.XSHG,balance,2016-12-31,2016q4,,2017-03-29,deferred_tax_liability,145000000.0,balance.csv,deferred_tax_liability,quarterly_direct,identity_q1_or_ytd_diff,
601328.XSHG,balance,2016-12-31,2016q4,,2017-03-29,other_non_current_liability,,balance.csv,other_non_current_liability,,identity_q1_or_ytd_diff,missing_raw_value
601328.XSHG,balance,2016-12-31,2016q4,,2017-03-29,total_non_current_liability,,balance.csv,total_non_current_liability,,identity_q1_or_ytd_diff,missing_raw_value
601328.XSHG,balance,2016-12-31,2016q4,,2017-03-29,total_liability,7770759000000.0,balance.csv,total_liability,quarterly_direct,identity_q1_or_ytd_diff,
601328.XSHG,balance,2016-12-31,2016q4,,2017-03-29,paidin_capital,74263000000.0,balance.csv,paidin_capital,quarterly_direct,identity_q1_or_ytd_diff,
601328.XSHG,balance,2016-12-31,2016q4,,2017-03-29,capital_reserve_fund,113392000000.0,balance.csv,capital_reserve_fund,quarterly_direct,identity_q1_or_ytd_diff,
601328.XSHG,balance,2016-12-31,2016q4,,2017-03-29,treasury_stock,,balance.csv,treasury_stock,,identity_q1_or_ytd_diff,missing_raw_value
601328.XSHG,balance,2016-12-31,2016q4,,2017-03-29,surplus_reserve_fund,190414000000.0,balance.csv,surplus_reserve_fund,quarterly_direct,identity_q1_or_ytd_diff,
601328.XSHG,balance,2016-12-31,2016q4,,2017-03-29,ordinary_risk_reserve_fund,87732000000.0,balance.csv,ordinary_risk_reserve_fund,quarterly_direct,identity_q1_or_ytd_diff,
601328.XSHG,balance,2016-12-31,2016q4,,2017-03-29,retained_profit,100698000000.0,balance.csv,retained_profit,quarterly_direct,identity_q1_or_ytd_diff,
601328.XSHG,balance,2016-12-31,2016q4,,2017-03-29,equities_parent_company_owners,629142000000.0,balance.csv,equities_parent_company_owners,quarterly_direct,identity_q1_or_ytd_diff,
601328.XSHG,balance,2016-12-31,2016q4,,2017-03-29,minority_interests,3265000000.0,balance.csv,minority_interests,quarterly_direct,identity_q1_or_ytd_diff,
601328.XSHG,balance,2016-12-31,2016q4,,2017-03-29,total_owner_equities,632407000000.0,balance.csv,total_owner_equities,quarterly_direct,identity_q1_or_ytd_diff,
601328.XSHG,balance,2016-12-31,2016q4,,2017-03-29,other_comprehensive_income,2767000000.0,balance.csv,other_comprehensive_income,quarterly_direct,identity_q1_or_ytd_diff,
601328.XSHG,balance,2016-12-31,2016q4,,2017-03-29,contract_assets,,balance.csv,contract_assets,,identity_q1_or_ytd_diff,missing_raw_value
601328.XSHG,balance,2016-12-31,2016q4,,2017-03-29,contract_liability,,balance.csv,contract_liability,,identity_q1_or_ytd_diff,missing_raw_value
601328.XSHG,balance,2016-12-31,2016q4,,2017-03-29,usufruct_assets,,balance.csv,usufruct_assets,,identity_q1_or_ytd_diff,missing_raw_value
601328.XSHG,balance,2017-03-31,2017q1,,2017-04-29,cash_equivalents,1193362000000.0,balance.csv,cash_equivalents,quarterly_direct,identity_q1_or_ytd_diff,
601328.XSHG,balance,2017-03-31,2017q1,,2017-04-29,settlement_provi,,balance.csv,settlement_provi,,identity_q1_or_ytd_diff,missing_raw_value
601328.XSHG,balance,2017-03-31,2017q1,,2017-04-29,lend_capital,438515000000.0,balance.csv,lend_capital,quarterly_direct,identity_q1_or_ytd_diff,
601328.XSHG,balance,2017-03-31,2017q1,,2017-04-29,trading_assets,211891000000.0,balance.csv,trading_assets,quarterly_direct,identity_q1_or_ytd_diff,
601328.XSHG,balance,2017-03-31,2017q1,,2017-04-29,bill_receivable,,balance.csv,bill_receivable,,identity_q1_or_ytd_diff,missing_raw_value
601328.XSHG,balance,2017-03-31,2017q1,,2017-04-29,account_receivable,,balance.csv,account_receivable,,identity_q1_or_ytd_diff,missing_raw_value
601328.XSHG,balance,2017-03-31,2017q1,,2017-04-29,advance_payment,,balance.csv,advance_payment,,identity_q1_or_ytd_diff,missing_raw_value
601328.XSHG,balance,2017-03-31,2017q1,,2017-04-29,insurance_receivables,,balance.csv,insurance_receivables,,identity_q1_or_ytd_diff,missing_raw_value
601328.XSHG,balance,2017-03-31,2017q1,,2017-04-29,interest_receivable,51809000000.0,balance.csv,interest_receivable,quarterly_direct,identity_q1_or_ytd_diff,
601328.XSHG,balance,2017-03-31,2017q1,,2017-04-29,other_receivable,,balance.csv,other_receivable,,identity_q1_or_ytd_diff,missing_raw_value
601328.XSHG,balance,2017-03-31,2017q1,,2017-04-29,bought_sellback_assets,75150000000.0,balance.csv,bought_sellback_assets,quarterly_direct,identity_q1_or_ytd_diff,
601328.XSHG,balance,2017-03-31,2017q1,,2017-04-29,inventories,,balance.csv,inventories,,identity_q1_or_ytd_diff,missing_raw_value
601328.XSHG,balance,2017-03-31,2017q1,,2017-04-29,other_current_assets,,balance.csv,other_current_assets,,identity_q1_or_ytd_diff,missing_raw_value
601328.XSHG,balance,2017-03-31,2017q1,,2017-04-29,total_current_assets,,balance.csv,total_current_assets,,identity_q1_or_ytd_diff,missing_raw_value
601328.XSHG,balance,2017-03-31,2017q1,,2017-04-29,loan_and_advance,,balance.csv,loan_and_advance,,identity_q1_or_ytd_diff,missing_raw_value
601328.XSHG,balance,2017-03-31,2017q1,,2017-04-29,hold_for_sale_assets,384465000000.0,balance.csv,hold_for_sale_assets,quarterly_direct,identity_q1_or_ytd_diff,
601328.XSHG,balance,2017-03-31,2017q1,,2017-04-29,hold_to_maturity_investments,1413756000000.0,balance.csv,hold_to_maturity_investments,quarterly_direct,identity_q1_or_ytd_diff,
601328.XSHG,balance,2017-03-31,2017q1,,2017-04-29,longterm_equity_invest,749000000.0,balance.csv,longterm_equity_invest,quarterly_direct,identity_q1_or_ytd_diff,
601328.XSHG,balance,2017-03-31,2017q1,,2017-04-29,investment_property,8797000000.0,balance.csv,investment_property,quarterly_direct,identity_q1_or_ytd_diff,
601328.XSHG,balance,2017-03-31,2017q1,,2017-04-29,fixed_assets,110000000000.0,balance.csv,fixed_assets,quarterly_direct,identity_q1_or_ytd_diff,
601328.XSHG,balance,2017-03-31,2017q1,,2017-04-29,constru_in_process,6600000000.0,balance.csv,constru_in_process,quarterly_direct,identity_q1_or_ytd_diff,
601328.XSHG,balance,2017-03-31,2017q1,,2017-04-29,intangible_assets,2275000000.0,balance.csv,intangible_assets,quarterly_direct,identity_q1_or_ytd_diff,
601328.XSHG,balance,2017-03-31,2017q1,,2017-04-29,good_will,,balance.csv,good_will,,identity_q1_or_ytd_diff,missing_raw_value
601328.XSHG,balance,2017-03-31,2017q1,,2017-04-29,long_deferred_expense,,balance.csv,long_deferred_expense,,identity_q1_or_ytd_diff,missing_raw_value
601328.XSHG,balance,2017-03-31,2017q1,,2017-04-29,deferred_tax_assets,15306000000.0,balance.csv,deferred_tax_assets,quarterly_direct,identity_q1_or_ytd_diff,
601328.XSHG,balance,2017-03-31,2017q1,,2017-04-29,other_non_current_assets,,balance.csv,other_non_current_assets,,identity_q1_or_ytd_diff,missing_raw_value
601328.XSHG,balance,2017-03-31,2017q1,,2017-04-29,total_non_current_assets,,balance.csv,total_non_current_assets,,identity_q1_or_ytd_diff,missing_raw_value
601328.XSHG,balance,2017-03-31,2017q1,,2017-04-29,total_assets,8733711000000.0,balance.csv,total_assets,quarterly_direct,identity_q1_or_ytd_diff,
601328.XSHG,balance,2017-03-31,2017q1,,2017-04-29,shortterm_loan,0.0,balance.csv,shortterm_loan,quarterly_direct,identity_q1_or_ytd_diff,
601328.XSHG,balance,2017-03-31,2017q1,,2017-04-29,borrowing_from_centralbank,498614000000.0,balance.csv,borrowing_from_centralbank,quarterly_direct,identity_q1_or_ytd_diff,
601328.XSHG,balance,2017-03-31,2017q1,,2017-04-29,deposit_in_interbank,6227978000000.0,balance.csv,deposit_in_interbank,quarterly_direct,identity_q1_or_ytd_diff,
601328.XSHG,balance,2017-03-31,2017q1,,2017-04-29,borrowing_capital,403875000000.0,balance.csv,borrowing_capital,quarterly_direct,identity_q1_or_ytd_diff,
601328.XSHG,balance,2017-03-31,2017q1,,2017-04-29,trading_liability,56812000000.0,balance.csv,trading_liability,quarterly_direct,identity_q1_or_ytd_diff,
601328.XSHG,balance,2017-03-31,2017q1,,2017-04-29,notes_payable,,balance.csv,notes_payable,,identity_q1_or_ytd_diff,missing_raw_value
601328.XSHG,balance,2017-03-31,2017q1,,2017-04-29,accounts_payable,,balance.csv,accounts_payable,,identity_q1_or_ytd_diff,missing_raw_value
601328.XSHG,balance,2017-03-31,2017q1,,2017-04-29,advance_peceipts,,balance.csv,advance_peceipts,,identity_q1_or_ytd_diff,missing_raw_value
601328.XSHG,balance,2017-03-31,2017q1,,2017-04-29,sold_buyback_secu_proceeds,74293000000.0,balance.csv,sold_buyback_secu_proceeds,quarterly_direct,identity_q1_or_ytd_diff,
601328.XSHG,balance,2017-03-31,2017q1,,2017-04-29,commission_payable,,balance.csv,commission_payable,,identity_q1_or_ytd_diff,missing_raw_value
601328.XSHG,balance,2017-03-31,2017q1,,2017-04-29,salaries_payable,4281000000.0,balance.csv,salaries_payable,quarterly_direct,identity_q1_or_ytd_diff,
601328.XSHG,balance,2017-03-31,2017q1,,2017-04-29,taxs_payable,16553000000.0,balance.csv,taxs_payable,quarterly_direct,identity_q1_or_ytd_diff,
601328.XSHG,balance,2017-03-31,2017q1,,2017-04-29,interest_payable,86590000000.0,balance.csv,interest_payable,quarterly_direct,identity_q1_or_ytd_diff,
601328.XSHG,balance,2017-03-31,2017q1,,2017-04-29,other_payable,,balance.csv,other_payable,,identity_q1_or_ytd_diff,missing_raw_value
601328.XSHG,balance,2017-03-31,2017q1,,2017-04-29,insurance_contract_reserves,0.0,balance.csv,insurance_contract_reserves,quarterly_direct,identity_q1_or_ytd_diff,
601328.XSHG,balance,2017-03-31,2017q1,,2017-04-29,proxy_secu_proceeds,,balance.csv,proxy_secu_proceeds,,identity_q1_or_ytd_diff,missing_raw_value
601328.XSHG,balance,2017-03-31,2017q1,,2017-04-29,non_current_liability_in_one_year,,balance.csv,non_current_liability_in_one_year,,identity_q1_or_ytd_diff,missing_raw_value
601328.XSHG,balance,2017-03-31,2017q1,,2017-04-29,other_current_liability,,balance.csv,other_current_liability,,identity_q1_or_ytd_diff,missing_raw_value
601328.XSHG,balance,2017-03-31,2017q1,,2017-04-29,total_current_liability,,balance.csv,total_current_liability,,identity_q1_or_ytd_diff,missing_raw_value
601328.XSHG,balance,2017-03-31,2017q1,,2017-04-29,longterm_loan,,balance.csv,longterm_loan,,identity_q1_or_ytd_diff,missing_raw_value
601328.XSHG,balance,2017-03-31,2017q1,,2017-04-29,bonds_payable,228024000000.0,balance.csv,bonds_payable,quarterly_direct,identity_q1_or_ytd_diff,
601328.XSHG,balance,2017-03-31,2017q1,,2017-04-29,estimate_liability,369000000.0,balance.csv,estimate_liability,quarterly_direct,identity_q1_or_ytd_diff,
601328.XSHG,balance,2017-03-31,2017q1,,2017-04-29,deferred_tax_liability,156000000.0,balance.csv,deferred_tax_liability,quarterly_direct,identity_q1_or_ytd_diff,
601328.XSHG,balance,2017-03-31,2017q1,,2017-04-29,other_non_current_liability,,balance.csv,other_non_current_liability,,identity_q1_or_ytd_diff,missing_raw_value
601328.XSHG,balance,2017-03-31,2017q1,,2017-04-29,total_non_current_liability,,balance.csv,total_non_current_liability,,identity_q1_or_ytd_diff,missing_raw_value
601328.XSHG,balance,2017-03-31,2017q1,,2017-04-29,total_liability,8081553000000.0,balance.csv,total_liability,quarterly_direct,identity_q1_or_ytd_diff,
601328.XSHG,balance,2017-03-31,2017q1,,2017-04-29,paidin_capital,74263000000.0,balance.csv,paidin_capital,quarterly_direct,identity_q1_or_ytd_diff,
601328.XSHG,balance,2017-03-31,2017q1,,2017-04-29,capital_reserve_fund,113392000000.0,balance.csv,capital_reserve_fund,quarterly_direct,identity_q1_or_ytd_diff,
601328.XSHG,balance,2017-03-31,2017q1,,2017-04-29,treasury_stock,,balance.csv,treasury_stock,,identity_q1_or_ytd_diff,missing_raw_value
601328.XSHG,balance,2017-03-31,2017q1,,2017-04-29,surplus_reserve_fund,190500000000.0,balance.csv,surplus_reserve_fund,quarterly_direct,identity_q1_or_ytd_diff,
601328.XSHG,balance,2017-03-31,2017q1,,2017-04-29,ordinary_risk_reserve_fund,87770000000.0,balance.csv,ordinary_risk_reserve_fund,quarterly_direct,identity_q1_or_ytd_diff,
601328.XSHG,balance,2017-03-31,2017q1,,2017-04-29,retained_profit,119897000000.0,balance.csv,retained_profit,quarterly_direct,identity_q1_or_ytd_diff,
601328.XSHG,balance,2017-03-31,2017q1,,2017-04-29,equities_parent_company_owners,648789000000.0,balance.csv,equities_parent_company_owners,quarterly_direct,identity_q1_or_ytd_diff,
601328.XSHG,balance,2017-03-31,2017q1,,2017-04-29,minority_interests,3369000000.0,balance.csv,minority_interests,quarterly_direct,identity_q1_or_ytd_diff,
601328.XSHG,balance,2017-03-31,2017q1,,2017-04-29,total_owner_equities,652158000000.0,balance.csv,total_owner_equities,quarterly_direct,identity_q1_or_ytd_diff,
601328.XSHG,balance,2017-03-31,2017q1,,2017-04-29,other_comprehensive_income,3091000000.0,balance.csv,other_comprehensive_income,quarterly_direct,identity_q1_or_ytd_diff,
601328.XSHG,balance,2017-03-31,2017q1,,2017-04-29,contract_assets,,balance.csv,contract_assets,,identity_q1_or_ytd_diff,missing_raw_value
601328.XSHG,balance,2017-03-31,2017q1,,2017-04-29,contract_liability,,balance.csv,contract_liability,,identity_q1_or_ytd_diff,missing_raw_value
601328.XSHG,balance,2017-03-31,2017q1,,2017-04-29,usufruct_assets,,balance.csv,usufruct_assets,,identity_q1_or_ytd_diff,missing_raw_value
601328.XSHG,balance,2017-06-30,2017q2,,2017-08-25,cash_equivalents,1136058000000.0,balance.csv,cash_equivalents,quarterly_direct,identity_q1_or_ytd_diff,
601328.XSHG,balance,2017-06-30,2017q2,,2017-08-25,settlement_provi,,balance.csv,settlement_provi,,identity_q1_or_ytd_diff,missing_raw_value
601328.XSHG,balance,2017-06-30,2017q2,,2017-08-25,lend_capital,511475000000.0,balance.csv,lend_capital,quarterly_direct,identity_q1_or_ytd_diff,
601328.XSHG,balance,2017-06-30,2017q2,,2017-08-25,trading_assets,196932000000.0,balance.csv,trading_assets,quarterly_direct,identity_q1_or_ytd_diff,
601328.XSHG,balance,2017-06-30,2017q2,,2017-08-25,bill_receivable,,balance.csv,bill_receivable,,identity_q1_or_ytd_diff,missing_raw_value
601328.XSHG,balance,2017-06-30,2017q2,,2017-08-25,account_receivable,,balance.csv,account_receivable,,identity_q1_or_ytd_diff,missing_raw_value
601328.XSHG,balance,2017-06-30,2017q2,,2017-08-25,advance_payment,,balance.csv,advance_payment,,identity_q1_or_ytd_diff,missing_raw_value
601328.XSHG,balance,2017-06-30,2017q2,,2017-08-25,insurance_receivables,,balance.csv,insurance_receivables,,identity_q1_or_ytd_diff,missing_raw_value
601328.XSHG,balance,2017-06-30,2017q2,,2017-08-25,interest_receivable,48855000000.0,balance.csv,interest_receivable,quarterly_direct,identity_q1_or_ytd_diff,
601328.XSHG,balance,2017-06-30,2017q2,,2017-08-25,other_receivable,,balance.csv,other_receivable,,identity_q1_or_ytd_diff,missing_raw_value
601328.XSHG,balance,2017-06-30,2017q2,,2017-08-25,bought_sellback_assets,170817000000.0,balance.csv,bought_sellback_assets,quarterly_direct,identity_q1_or_ytd_diff,
601328.XSHG,balance,2017-06-30,2017q2,,2017-08-25,inventories,,balance.csv,inventories,,identity_q1_or_ytd_diff,missing_raw_value
601328.XSHG,balance,2017-06-30,2017q2,,2017-08-25,other_current_assets,,balance.csv,other_current_assets,,identity_q1_or_ytd_diff,missing_raw_value
601328.XSHG,balance,2017-06-30,2017q2,,2017-08-25,total_current_assets,,balance.csv,total_current_assets,,identity_q1_or_ytd_diff,missing_raw_value
601328.XSHG,balance,2017-06-30,2017q2,,2017-08-25,loan_and_advance,,balance.csv,loan_and_advance,,identity_q1_or_ytd_diff,missing_raw_value
601328.XSHG,balance,2017-06-30,2017q2,,2017-08-25,hold_for_sale_assets,393938000000.0,balance.csv,hold_for_sale_assets,quarterly_direct,identity_q1_or_ytd_diff,
601328.XSHG,balance,2017-06-30,2017q2,,2017-08-25,hold_to_maturity_investments,1449859000000.0,balance.csv,hold_to_maturity_investments,quarterly_direct,identity_q1_or_ytd_diff,
601328.XSHG,balance,2017-06-30,2017q2,,2017-08-25,longterm_equity_invest,3300000000.0,balance.csv,longterm_equity_invest,quarterly_direct,identity_q1_or_ytd_diff,
601328.XSHG,balance,2017-06-30,2017q2,,2017-08-25,investment_property,8758000000.0,balance.csv,investment_property,quarterly_direct,identity_q1_or_ytd_diff,
601328.XSHG,balance,2017-06-30,2017q2,,2017-08-25,fixed_assets,116311000000.0,balance.csv,fixed_assets,quarterly_direct,identity_q1_or_ytd_diff,
601328.XSHG,balance,2017-06-30,2017q2,,2017-08-25,constru_in_process,5355000000.0,balance.csv,constru_in_process,quarterly_direct,identity_q1_or_ytd_diff,
601328.XSHG,balance,2017-06-30,2017q2,,2017-08-25,intangible_assets,2378000000.0,balance.csv,intangible_assets,quarterly_direct,identity_q1_or_ytd_diff,
601328.XSHG,balance,2017-06-30,2017q2,,2017-08-25,good_will,,balance.csv,good_will,,identity_q1_or_ytd_diff,missing_raw_value
601328.XSHG,balance,2017-06-30,2017q2,,2017-08-25,long_deferred_expense,,balance.csv,long_deferred_expense,,identity_q1_or_ytd_diff,missing_raw_value
601328.XSHG,balance,2017-06-30,2017q2,,2017-08-25,deferred_tax_assets,16331000000.0,balance.csv,deferred_tax_assets,quarterly_direct,identity_q1_or_ytd_diff,
601328.XSHG,balance,2017-06-30,2017q2,,2017-08-25,other_non_current_assets,,balance.csv,other_non_current_assets,,identity_q1_or_ytd_diff,missing_raw_value
601328.XSHG,balance,2017-06-30,2017q2,,2017-08-25,total_non_current_assets,,balance.csv,total_non_current_assets,,identity_q1_or_ytd_diff,missing_raw_value
601328.XSHG,balance,2017-06-30,2017q2,,2017-08-25,total_assets,8930838000000.0,balance.csv,total_assets,quarterly_direct,identity_q1_or_ytd_diff,
601328.XSHG,balance,2017-06-30,2017q2,,2017-08-25,shortterm_loan,0.0,balance.csv,shortterm_loan,quarterly_direct,identity_q1_or_ytd_diff,
601328.XSHG,balance,2017-06-30,2017q2,,2017-08-25,borrowing_from_centralbank,508304000000.0,balance.csv,borrowing_from_centralbank,quarterly_direct,identity_q1_or_ytd_diff,
601328.XSHG,balance,2017-06-30,2017q2,,2017-08-25,deposit_in_interbank,6240943000000.0,balance.csv,deposit_in_interbank,quarterly_direct,identity_q1_or_ytd_diff,
601328.XSHG,balance,2017-06-30,2017q2,,2017-08-25,borrowing_capital,410395000000.0,balance.csv,borrowing_capital,quarterly_direct,identity_q1_or_ytd_diff,
601328.XSHG,balance,2017-06-30,2017q2,,2017-08-25,trading_liability,33427000000.0,balance.csv,trading_liability,quarterly_direct,identity_q1_or_ytd_diff,
601328.XSHG,balance,2017-06-30,2017q2,,2017-08-25,notes_payable,,balance.csv,notes_payable,,identity_q1_or_ytd_diff,missing_raw_value
601328.XSHG,balance,2017-06-30,2017q2,,2017-08-25,accounts_payable,,balance.csv,accounts_payable,,identity_q1_or_ytd_diff,missing_raw_value
601328.XSHG,balance,2017-06-30,2017q2,,2017-08-25,advance_peceipts,,balance.csv,advance_peceipts,,identity_q1_or_ytd_diff,missing_raw_value
601328.XSHG,balance,2017-06-30,2017q2,,2017-08-25,sold_buyback_secu_proceeds,128418000000.0,balance.csv,sold_buyback_secu_proceeds,quarterly_direct,identity_q1_or_ytd_diff,
601328.XSHG,balance,2017-06-30,2017q2,,2017-08-25,commission_payable,,balance.csv,commission_payable,,identity_q1_or_ytd_diff,missing_raw_value
601328.XSHG,balance,2017-06-30,2017q2,,2017-08-25,salaries_payable,4660000000.0,balance.csv,salaries_payable,quarterly_direct,identity_q1_or_ytd_diff,
601328.XSHG,balance,2017-06-30,2017q2,,2017-08-25,taxs_payable,14580000000.0,balance.csv,taxs_payable,quarterly_direct,identity_q1_or_ytd_diff,
601328.XSHG,balance,2017-06-30,2017q2,,2017-08-25,interest_payable,88757000000.0,balance.csv,interest_payable,quarterly_direct,identity_q1_or_ytd_diff,
601328.XSHG,balance,2017-06-30,2017q2,,2017-08-25,other_payable,,balance.csv,other_payable,,identity_q1_or_ytd_diff,missing_raw_value
601328.XSHG,balance,2017-06-30,2017q2,,2017-08-25,insurance_contract_reserves,0.0,balance.csv,insurance_contract_reserves,quarterly_direct,identity_q1_or_ytd_diff,
601328.XSHG,balance,2017-06-30,2017q2,,2017-08-25,proxy_secu_proceeds,,balance.csv,proxy_secu_proceeds,,identity_q1_or_ytd_diff,missing_raw_value
601328.XSHG,balance,2017-06-30,2017q2,,2017-08-25,non_current_liability_in_one_year,,balance.csv,non_current_liability_in_one_year,,identity_q1_or_ytd_diff,missing_raw_value
601328.XSHG,balance,2017-06-30,2017q2,,2017-08-25,other_current_liability,,balance.csv,other_current_liability,,identity_q1_or_ytd_diff,missing_raw_value
601328.XSHG,balance,2017-06-30,2017q2,,2017-08-25,total_current_liability,,balance.csv,total_current_liability,,identity_q1_or_ytd_diff,missing_raw_value
601328.XSHG,balance,2017-06-30,2017q2,,2017-08-25,longterm_loan,,balance.csv,longterm_loan,,identity_q1_or_ytd_diff,missing_raw_value
601328.XSHG,balance,2017-06-30,2017q2,,2017-08-25,bonds_payable,260945000000.0,balance.csv,bonds_payable,quarterly_direct,identity_q1_or_ytd_diff,
601328.XSHG,balance,2017-06-30,2017q2,,2017-08-25,estimate_liability,342000000.0,balance.csv,estimate_liability,quarterly_direct,identity_q1_or_ytd_diff,
601328.XSHG,balance,2017-06-30,2017q2,,2017-08-25,deferred_tax_liability,175000000.0,balance.csv,deferred_tax_liability,quarterly_direct,identity_q1_or_ytd_diff,
601328.XSHG,balance,2017-06-30,2017q2,,2017-08-25,other_non_current_liability,,balance.csv,other_non_current_liability,,identity_q1_or_ytd_diff,missing_raw_value
601328.XSHG,balance,2017-06-30,2017q2,,2017-08-25,total_non_current_liability,,balance.csv,total_non_current_liability,,identity_q1_or_ytd_diff,missing_raw_value
601328.XSHG,balance,2017-06-30,2017q2,,2017-08-25,total_liability,8282430000000.0,balance.csv,total_liability,quarterly_direct,identity_q1_or_ytd_diff,
601328.XSHG,balance,2017-06-30,2017q2,,2017-08-25,paidin_capital,74263000000.0,balance.csv,paidin_capital,quarterly_direct,identity_q1_or_ytd_diff,
601328.XSHG,balance,2017-06-30,2017q2,,2017-08-25,capital_reserve_fund,113683000000.0,balance.csv,capital_reserve_fund,quarterly_direct,identity_q1_or_ytd_diff,
601328.XSHG,balance,2017-06-30,2017q2,,2017-08-25,treasury_stock,,balance.csv,treasury_stock,,identity_q1_or_ytd_diff,missing_raw_value
601328.XSHG,balance,2017-06-30,2017q2,,2017-08-25,surplus_reserve_fund,190506000000.0,balance.csv,surplus_reserve_fund,quarterly_direct,identity_q1_or_ytd_diff,
601328.XSHG,balance,2017-06-30,2017q2,,2017-08-25,ordinary_risk_reserve_fund,103902000000.0,balance.csv,ordinary_risk_reserve_fund,quarterly_direct,identity_q1_or_ytd_diff,
601328.XSHG,balance,2017-06-30,2017q2,,2017-08-25,retained_profit,100556000000.0,balance.csv,retained_profit,quarterly_direct,identity_q1_or_ytd_diff,
601328.XSHG,balance,2017-06-30,2017q2,,2017-08-25,equities_parent_company_owners,643250000000.0,balance.csv,equities_parent_company_owners,quarterly_direct,identity_q1_or_ytd_diff,
601328.XSHG,balance,2017-06-30,2017q2,,2017-08-25,minority_interests,5158000000.0,balance.csv,minority_interests,quarterly_direct,identity_q1_or_ytd_diff,
601328.XSHG,balance,2017-06-30,2017q2,,2017-08-25,total_owner_equities,648408000000.0,balance.csv,total_owner_equities,quarterly_direct,identity_q1_or_ytd_diff,
601328.XSHG,balance,2017-06-30,2017q2,,2017-08-25,other_comprehensive_income,464000000.0,balance.csv,other_comprehensive_income,quarterly_direct,identity_q1_or_ytd_diff,
601328.XSHG,balance,2017-06-30,2017q2,,2017-08-25,contract_assets,,balance.csv,contract_assets,,identity_q1_or_ytd_diff,missing_raw_value
601328.XSHG,balance,2017-06-30,2017q2,,2017-08-25,contract_liability,,balance.csv,contract_liability,,identity_q1_or_ytd_diff,missing_raw_value
601328.XSHG,balance,2017-06-30,2017q2,,2017-08-25,usufruct_assets,,balance.csv,usufruct_assets,,identity_q1_or_ytd_diff,missing_raw_value
601328.XSHG,balance,2017-09-30,2017q3,,2017-10-28,cash_equivalents,1094903000000.0,balance.csv,cash_equivalents,quarterly_direct,identity_q1_or_ytd_diff,
601328.XSHG,balance,2017-09-30,2017q3,,2017-10-28,settlement_provi,,balance.csv,settlement_provi,,identity_q1_or_ytd_diff,missing_raw_value
601328.XSHG,balance,2017-09-30,2017q3,,2017-10-28,lend_capital,552635000000.0,balance.csv,lend_capital,quarterly_direct,identity_q1_or_ytd_diff,
601328.XSHG,balance,2017-09-30,2017q3,,2017-10-28,trading_assets,192606000000.0,balance.csv,trading_assets,quarterly_direct,identity_q1_or_ytd_diff,
601328.XSHG,balance,2017-09-30,2017q3,,2017-10-28,bill_receivable,,balance.csv,bill_receivable,,identity_q1_or_ytd_diff,missing_raw_value
601328.XSHG,balance,2017-09-30,2017q3,,2017-10-28,account_receivable,,balance.csv,account_receivable,,identity_q1_or_ytd_diff,missing_raw_value
601328.XSHG,balance,2017-09-30,2017q3,,2017-10-28,advance_payment,,balance.csv,advance_payment,,identity_q1_or_ytd_diff,missing_raw_value
601328.XSHG,balance,2017-09-30,2017q3,,2017-10-28,insurance_receivables,,balance.csv,insurance_receivables,,identity_q1_or_ytd_diff,missing_raw_value
601328.XSHG,balance,2017-09-30,2017q3,,2017-10-28,interest_receivable,49994000000.0,balance.csv,interest_receivable,quarterly_direct,identity_q1_or_ytd_diff,
601328.XSHG,balance,2017-09-30,2017q3,,2017-10-28,other_receivable,,balance.csv,other_receivable,,identity_q1_or_ytd_diff,missing_raw_value
601328.XSHG,balance,2017-09-30,2017q3,,2017-10-28,bought_sellback_assets,86273000000.0,balance.csv,bought_sellback_assets,quarterly_direct,identity_q1_or_ytd_diff,
601328.XSHG,balance,2017-09-30,2017q3,,2017-10-28,inventories,,balance.csv,inventories,,identity_q1_or_ytd_diff,missing_raw_value
601328.XSHG,balance,2017-09-30,2017q3,,2017-10-28,other_current_assets,,balance.csv,other_current_assets,,identity_q1_or_ytd_diff,missing_raw_value
601328.XSHG,balance,2017-09-30,2017q3,,2017-10-28,total_current_assets,,balance.csv,total_current_assets,,identity_q1_or_ytd_diff,missing_raw_value
601328.XSHG,balance,2017-09-30,2017q3,,2017-10-28,loan_and_advance,,balance.csv,loan_and_advance,,identity_q1_or_ytd_diff,missing_raw_value
601328.XSHG,balance,2017-09-30,2017q3,,2017-10-28,hold_for_sale_assets,413556000000.0,balance.csv,hold_for_sale_assets,quarterly_direct,identity_q1_or_ytd_diff,
601328.XSHG,balance,2017-09-30,2017q3,,2017-10-28,hold_to_maturity_investments,1479200000000.0,balance.csv,hold_to_maturity_investments,quarterly_direct,identity_q1_or_ytd_diff,
601328.XSHG,balance,2017-09-30,2017q3,,2017-10-28,longterm_equity_invest,3363000000.0,balance.csv,longterm_equity_invest,quarterly_direct,identity_q1_or_ytd_diff,
601328.XSHG,balance,2017-09-30,2017q3,,2017-10-28,investment_property,8769000000.0,balance.csv,investment_property,quarterly_direct,identity_q1_or_ytd_diff,
601328.XSHG,balance,2017-09-30,2017q3,,2017-10-28,fixed_assets,120116000000.0,balance.csv,fixed_assets,quarterly_direct,identity_q1_or_ytd_diff,
601328.XSHG,balance,2017-09-30,2017q3,,2017-10-28,constru_in_process,5665000000.0,balance.csv,constru_in_process,quarterly_direct,identity_q1_or_ytd_diff,
601328.XSHG,balance,2017-09-30,2017q3,,2017-10-28,intangible_assets,2489000000.0,balance.csv,intangible_assets,quarterly_direct,identity_q1_or_ytd_diff,
601328.XSHG,balance,2017-09-30,2017q3,,2017-10-28,good_will,,balance.csv,good_will,,identity_q1_or_ytd_diff,missing_raw_value
601328.XSHG,balance,2017-09-30,2017q3,,2017-10-28,long_deferred_expense,,balance.csv,long_deferred_expense,,identity_q1_or_ytd_diff,missing_raw_value
601328.XSHG,balance,2017-09-30,2017q3,,2017-10-28,deferred_tax_assets,17450000000.0,balance.csv,deferred_tax_assets,quarterly_direct,identity_q1_or_ytd_diff,
601328.XSHG,balance,2017-09-30,2017q3,,2017-10-28,other_non_current_assets,,balance.csv,other_non_current_assets,,identity_q1_or_ytd_diff,missing_raw_value
601328.XSHG,balance,2017-09-30,2017q3,,2017-10-28,total_non_current_assets,,balance.csv,total_non_current_assets,,identity_q1_or_ytd_diff,missing_raw_value
601328.XSHG,balance,2017-09-30,2017q3,,2017-10-28,total_assets,8935790000000.0,balance.csv,total_assets,quarterly_direct,identity_q1_or_ytd_diff,
601328.XSHG,balance,2017-09-30,2017q3,,2017-10-28,shortterm_loan,0.0,balance.csv,shortterm_loan,quarterly_direct,identity_q1_or_ytd_diff,
601328.XSHG,balance,2017-09-30,2017q3,,2017-10-28,borrowing_from_centralbank,523186000000.0,balance.csv,borrowing_from_centralbank,quarterly_direct,identity_q1_or_ytd_diff,
601328.XSHG,balance,2017-09-30,2017q3,,2017-10-28,deposit_in_interbank,6206799000000.0,balance.csv,deposit_in_interbank,quarterly_direct,identity_q1_or_ytd_diff,
601328.XSHG,balance,2017-09-30,2017q3,,2017-10-28,borrowing_capital,443575000000.0,balance.csv,borrowing_capital,quarterly_direct,identity_q1_or_ytd_diff,
601328.XSHG,balance,2017-09-30,2017q3,,2017-10-28,trading_liability,31464000000.0,balance.csv,trading_liability,quarterly_direct,identity_q1_or_ytd_diff,
601328.XSHG,balance,2017-09-30,2017q3,,2017-10-28,notes_payable,,balance.csv,notes_payable,,identity_q1_or_ytd_diff,missing_raw_value
601328.XSHG,balance,2017-09-30,2017q3,,2017-10-28,accounts_payable,,balance.csv,accounts_payable,,identity_q1_or_ytd_diff,missing_raw_value
601328.XSHG,balance,2017-09-30,2017q3,,2017-10-28,advance_peceipts,,balance.csv,advance_peceipts,,identity_q1_or_ytd_diff,missing_raw_value
601328.XSHG,balance,2017-09-30,2017q3,,2017-10-28,sold_buyback_secu_proceeds,81488000000.0,balance.csv,sold_buyback_secu_proceeds,quarterly_direct,identity_q1_or_ytd_diff,
601328.XSHG,balance,2017-09-30,2017q3,,2017-10-28,commission_payable,,balance.csv,commission_payable,,identity_q1_or_ytd_diff,missing_raw_value
601328.XSHG,balance,2017-09-30,2017q3,,2017-10-28,salaries_payable,5866000000.0,balance.csv,salaries_payable,quarterly_direct,identity_q1_or_ytd_diff,
601328.XSHG,balance,2017-09-30,2017q3,,2017-10-28,taxs_payable,15322000000.0,balance.csv,taxs_payable,quarterly_direct,identity_q1_or_ytd_diff,
601328.XSHG,balance,2017-09-30,2017q3,,2017-10-28,interest_payable,93533000000.0,balance.csv,interest_payable,quarterly_direct,identity_q1_or_ytd_diff,
601328.XSHG,balance,2017-09-30,2017q3,,2017-10-28,other_payable,,balance.csv,other_payable,,identity_q1_or_ytd_diff,missing_raw_value
601328.XSHG,balance,2017-09-30,2017q3,,2017-10-28,insurance_contract_reserves,0.0,balance.csv,insurance_contract_reserves,quarterly_direct,identity_q1_or_ytd_diff,
601328.XSHG,balance,2017-09-30,2017q3,,2017-10-28,proxy_secu_proceeds,,balance.csv,proxy_secu_proceeds,,identity_q1_or_ytd_diff,missing_raw_value
601328.XSHG,balance,2017-09-30,2017q3,,2017-10-28,non_current_liability_in_one_year,,balance.csv,non_current_liability_in_one_year,,identity_q1_or_ytd_diff,missing_raw_value
601328.XSHG,balance,2017-09-30,2017q3,,2017-10-28,other_current_liability,,balance.csv,other_current_liability,,identity_q1_or_ytd_diff,missing_raw_value
601328.XSHG,balance,2017-09-30,2017q3,,2017-10-28,total_current_liability,,balance.csv,total_current_liability,,identity_q1_or_ytd_diff,missing_raw_value
601328.XSHG,balance,2017-09-30,2017q3,,2017-10-28,longterm_loan,,balance.csv,longterm_loan,,identity_q1_or_ytd_diff,missing_raw_value
601328.XSHG,balance,2017-09-30,2017q3,,2017-10-28,bonds_payable,259744000000.0,balance.csv,bonds_payable,quarterly_direct,identity_q1_or_ytd_diff,
601328.XSHG,balance,2017-09-30,2017q3,,2017-10-28,estimate_liability,343000000.0,balance.csv,estimate_liability,quarterly_direct,identity_q1_or_ytd_diff,
601328.XSHG,balance,2017-09-30,2017q3,,2017-10-28,deferred_tax_liability,507000000.0,balance.csv,deferred_tax_liability,quarterly_direct,identity_q1_or_ytd_diff,
601328.XSHG,balance,2017-09-30,2017q3,,2017-10-28,other_non_current_liability,,balance.csv,other_non_current_liability,,identity_q1_or_ytd_diff,missing_raw_value
601328.XSHG,balance,2017-09-30,2017q3,,2017-10-28,total_non_current_liability,,balance.csv,total_non_current_liability,,identity_q1_or_ytd_diff,missing_raw_value
601328.XSHG,balance,2017-09-30,2017q3,,2017-10-28,total_liability,8272291000000.0,balance.csv,total_liability,quarterly_direct,identity_q1_or_ytd_diff,
601328.XSHG,balance,2017-09-30,2017q3,,2017-10-28,paidin_capital,74263000000.0,balance.csv,paidin_capital,quarterly_direct,identity_q1_or_ytd_diff,
601328.XSHG,balance,2017-09-30,2017q3,,2017-10-28,capital_reserve_fund,113675000000.0,balance.csv,capital_reserve_fund,quarterly_direct,identity_q1_or_ytd_diff,
601328.XSHG,balance,2017-09-30,2017q3,,2017-10-28,treasury_stock,,balance.csv,treasury_stock,,identity_q1_or_ytd_diff,missing_raw_value
601328.XSHG,balance,2017-09-30,2017q3,,2017-10-28,surplus_reserve_fund,190506000000.0,balance.csv,surplus_reserve_fund,quarterly_direct,identity_q1_or_ytd_diff,
601328.XSHG,balance,2017-09-30,2017q3,,2017-10-28,ordinary_risk_reserve_fund,103918000000.0,balance.csv,ordinary_risk_reserve_fund,quarterly_direct,identity_q1_or_ytd_diff,
601328.XSHG,balance,2017-09-30,2017q3,,2017-10-28,retained_profit,115988000000.0,balance.csv,retained_profit,quarterly_direct,identity_q1_or_ytd_diff,
601328.XSHG,balance,2017-09-30,2017q3,,2017-10-28,equities_parent_company_owners,658244000000.0,balance.csv,equities_parent_company_owners,quarterly_direct,identity_q1_or_ytd_diff,
601328.XSHG,balance,2017-09-30,2017q3,,2017-10-28,minority_interests,5255000000.0,balance.csv,minority_interests,quarterly_direct,identity_q1_or_ytd_diff,
601328.XSHG,balance,2017-09-30,2017q3,,2017-10-28,total_owner_equities,663499000000.0,balance.csv,total_owner_equities,quarterly_direct,identity_q1_or_ytd_diff,
601328.XSHG,balance,2017-09-30,2017q3,,2017-10-28,other_comprehensive_income,18000000.0,balance.csv,other_comprehensive_income,quarterly_direct,identity_q1_or_ytd_diff,
601328.XSHG,balance,2017-09-30,2017q3,,2017-10-28,contract_assets,,balance.csv,contract_assets,,identity_q1_or_ytd_diff,missing_raw_value
601328.XSHG,balance,2017-09-30,2017q3,,2017-10-28,contract_liability,,balance.csv,contract_liability,,identity_q1_or_ytd_diff,missing_raw_value
601328.XSHG,balance,2017-09-30,2017q3,,2017-10-28,usufruct_assets,,balance.csv,usufruct_assets,,identity_q1_or_ytd_diff,missing_raw_value
601328.XSHG,balance,2017-12-31,2017q4,,2018-03-30,cash_equivalents,1082996000000.0,balance.csv,cash_equivalents,quarterly_direct,identity_q1_or_ytd_diff,
601328.XSHG,balance,2017-12-31,2017q4,,2018-03-30,settlement_provi,,balance.csv,settlement_provi,,identity_q1_or_ytd_diff,missing_raw_value
601328.XSHG,balance,2017-12-31,2017q4,,2018-03-30,lend_capital,570766000000.0,balance.csv,lend_capital,quarterly_direct,identity_q1_or_ytd_diff,
601328.XSHG,balance,2017-12-31,2017q4,,2018-03-30,trading_assets,227030000000.0,balance.csv,trading_assets,quarterly_direct,identity_q1_or_ytd_diff,
601328.XSHG,balance,2017-12-31,2017q4,,2018-03-30,bill_receivable,,balance.csv,bill_receivable,,identity_q1_or_ytd_diff,missing_raw_value
601328.XSHG,balance,2017-12-31,2017q4,,2018-03-30,account_receivable,,balance.csv,account_receivable,,identity_q1_or_ytd_diff,missing_raw_value
601328.XSHG,balance,2017-12-31,2017q4,,2018-03-30,advance_payment,,balance.csv,advance_payment,,identity_q1_or_ytd_diff,missing_raw_value
601328.XSHG,balance,2017-12-31,2017q4,,2018-03-30,insurance_receivables,,balance.csv,insurance_receivables,,identity_q1_or_ytd_diff,missing_raw_value
601328.XSHG,balance,2017-12-31,2017q4,,2018-03-30,interest_receivable,54561000000.0,balance.csv,interest_receivable,quarterly_direct,identity_q1_or_ytd_diff,
601328.XSHG,balance,2017-12-31,2017q4,,2018-03-30,other_receivable,,balance.csv,other_receivable,,identity_q1_or_ytd_diff,missing_raw_value
601328.XSHG,balance,2017-12-31,2017q4,,2018-03-30,bought_sellback_assets,67277000000.0,balance.csv,bought_sellback_assets,quarterly_direct,identity_q1_or_ytd_diff,
601328.XSHG,balance,2017-12-31,2017q4,,2018-03-30,inventories,,balance.csv,inventories,,identity_q1_or_ytd_diff,missing_raw_value
601328.XSHG,balance,2017-12-31,2017q4,,2018-03-30,other_current_assets,,balance.csv,other_current_assets,,identity_q1_or_ytd_diff,missing_raw_value
601328.XSHG,balance,2017-12-31,2017q4,,2018-03-30,total_current_assets,,balance.csv,total_current_assets,,identity_q1_or_ytd_diff,missing_raw_value
601328.XSHG,balance,2017-12-31,2017q4,,2018-03-30,loan_and_advance,,balance.csv,loan_and_advance,,identity_q1_or_ytd_diff,missing_raw_value
601328.XSHG,balance,2017-12-31,2017q4,,2018-03-30,hold_for_sale_assets,402138000000.0,balance.csv,hold_for_sale_assets,quarterly_direct,identity_q1_or_ytd_diff,
601328.XSHG,balance,2017-12-31,2017q4,,2018-03-30,hold_to_maturity_investments,1511375000000.0,balance.csv,hold_to_maturity_investments,quarterly_direct,identity_q1_or_ytd_diff,
601328.XSHG,balance,2017-12-31,2017q4,,2018-03-30,longterm_equity_invest,3357000000.0,balance.csv,longterm_equity_invest,quarterly_direct,identity_q1_or_ytd_diff,
601328.XSHG,balance,2017-12-31,2017q4,,2018-03-30,investment_property,8217000000.0,balance.csv,investment_property,quarterly_direct,identity_q1_or_ytd_diff,
601328.XSHG,balance,2017-12-31,2017q4,,2018-03-30,fixed_assets,128222000000.0,balance.csv,fixed_assets,quarterly_direct,identity_q1_or_ytd_diff,
601328.XSHG,balance,2017-12-31,2017q4,,2018-03-30,constru_in_process,4270000000.0,balance.csv,constru_in_process,quarterly_direct,identity_q1_or_ytd_diff,
601328.XSHG,balance,2017-12-31,2017q4,,2018-03-30,intangible_assets,3162000000.0,balance.csv,intangible_assets,quarterly_direct,identity_q1_or_ytd_diff,
601328.XSHG,balance,2017-12-31,2017q4,,2018-03-30,good_will,0.0,balance.csv,good_will,quarterly_direct,identity_q1_or_ytd_diff,
601328.XSHG,balance,2017-12-31,2017q4,,2018-03-30,long_deferred_expense,,balance.csv,long_deferred_expense,,identity_q1_or_ytd_diff,missing_raw_value
601328.XSHG,balance,2017-12-31,2017q4,,2018-03-30,deferred_tax_assets,16456000000.0,balance.csv,deferred_tax_assets,quarterly_direct,identity_q1_or_ytd_diff,
601328.XSHG,balance,2017-12-31,2017q4,,2018-03-30,other_non_current_assets,,balance.csv,other_non_current_assets,,identity_q1_or_ytd_diff,missing_raw_value
601328.XSHG,balance,2017-12-31,2017q4,,2018-03-30,total_non_current_assets,,balance.csv,total_non_current_assets,,identity_q1_or_ytd_diff,missing_raw_value
601328.XSHG,balance,2017-12-31,2017q4,,2018-03-30,total_assets,9038254000000.0,balance.csv,total_assets,quarterly_direct,identity_q1_or_ytd_diff,
601328.XSHG,balance,2017-12-31,2017q4,,2018-03-30,shortterm_loan,0.0,balance.csv,shortterm_loan,quarterly_direct,identity_q1_or_ytd_diff,
601328.XSHG,balance,2017-12-31,2017q4,,2018-03-30,borrowing_from_centralbank,532867000000.0,balance.csv,borrowing_from_centralbank,quarterly_direct,identity_q1_or_ytd_diff,
601328.XSHG,balance,2017-12-31,2017q4,,2018-03-30,deposit_in_interbank,6237866000000.0,balance.csv,deposit_in_interbank,quarterly_direct,identity_q1_or_ytd_diff,
601328.XSHG,balance,2017-12-31,2017q4,,2018-03-30,borrowing_capital,444373000000.0,balance.csv,borrowing_capital,quarterly_direct,identity_q1_or_ytd_diff,
601328.XSHG,balance,2017-12-31,2017q4,,2018-03-30,trading_liability,26964000000.0,balance.csv,trading_liability,quarterly_direct,identity_q1_or_ytd_diff,
601328.XSHG,balance,2017-12-31,2017q4,,2018-03-30,notes_payable,,balance.csv,notes_payable,,identity_q1_or_ytd_diff,missing_raw_value
601328.XSHG,balance,2017-12-31,2017q4,,2018-03-30,accounts_payable,,balance.csv,accounts_payable,,identity_q1_or_ytd_diff,missing_raw_value
601328.XSHG,balance,2017-12-31,2017q4,,2018-03-30,advance_peceipts,,balance.csv,advance_peceipts,,identity_q1_or_ytd_diff,missing_raw_value
601328.XSHG,balance,2017-12-31,2017q4,,2018-03-30,sold_buyback_secu_proceeds,97983000000.0,balance.csv,sold_buyback_secu_proceeds,quarterly_direct,identity_q1_or_ytd_diff,
601328.XSHG,balance,2017-12-31,2017q4,,2018-03-30,commission_payable,,balance.csv,commission_payable,,identity_q1_or_ytd_diff,missing_raw_value
601328.XSHG,balance,2017-12-31,2017q4,,2018-03-30,salaries_payable,8770000000.0,balance.csv,salaries_payable,quarterly_direct,identity_q1_or_ytd_diff,
601328.XSHG,balance,2017-12-31,2017q4,,2018-03-30,taxs_payable,11882000000.0,balance.csv,taxs_payable,quarterly_direct,identity_q1_or_ytd_diff,
601328.XSHG,balance,2017-12-31,2017q4,,2018-03-30,interest_payable,92579000000.0,balance.csv,interest_payable,quarterly_direct,identity_q1_or_ytd_diff,
601328.XSHG,balance,2017-12-31,2017q4,,2018-03-30,other_payable,,balance.csv,other_payable,,identity_q1_or_ytd_diff,missing_raw_value
601328.XSHG,balance,2017-12-31,2017q4,,2018-03-30,insurance_contract_reserves,0.0,balance.csv,insurance_contract_reserves,quarterly_direct,identity_q1_or_ytd_diff,
601328.XSHG,balance,2017-12-31,2017q4,,2018-03-30,proxy_secu_proceeds,,balance.csv,proxy_secu_proceeds,,identity_q1_or_ytd_diff,missing_raw_value
601328.XSHG,balance,2017-12-31,2017q4,,2018-03-30,non_current_liability_in_one_year,,balance.csv,non_current_liability_in_one_year,,identity_q1_or_ytd_diff,missing_raw_value
601328.XSHG,balance,2017-12-31,2017q4,,2018-03-30,other_current_liability,,balance.csv,other_current_liability,,identity_q1_or_ytd_diff,missing_raw_value
601328.XSHG,balance,2017-12-31,2017q4,,2018-03-30,total_current_liability,,balance.csv,total_current_liability,,identity_q1_or_ytd_diff,missing_raw_value
601328.XSHG,balance,2017-12-31,2017q4,,2018-03-30,longterm_loan,,balance.csv,longterm_loan,,identity_q1_or_ytd_diff,missing_raw_value
601328.XSHG,balance,2017-12-31,2017q4,,2018-03-30,bonds_payable,287662000000.0,balance.csv,bonds_payable,quarterly_direct,identity_q1_or_ytd_diff,
601328.XSHG,balance,2017-12-31,2017q4,,2018-03-30,estimate_liability,449000000.0,balance.csv,estimate_liability,quarterly_direct,identity_q1_or_ytd_diff,
601328.XSHG,balance,2017-12-31,2017q4,,2018-03-30,deferred_tax_liability,520000000.0,balance.csv,deferred_tax_liability,quarterly_direct,identity_q1_or_ytd_diff,
601328.XSHG,balance,2017-12-31,2017q4,,2018-03-30,other_non_current_liability,,balance.csv,other_non_current_liability,,identity_q1_or_ytd_diff,missing_raw_value
601328.XSHG,balance,2017-12-31,2017q4,,2018-03-30,total_non_current_liability,,balance.csv,total_non_current_liability,,identity_q1_or_ytd_diff,missing_raw_value
601328.XSHG,balance,2017-12-31,2017q4,,2018-03-30,total_liability,8361983000000.0,balance.csv,total_liability,quarterly_direct,identity_q1_or_ytd_diff,
601328.XSHG,balance,2017-12-31,2017q4,,2018-03-30,paidin_capital,74263000000.0,balance.csv,paidin_capital,quarterly_direct,identity_q1_or_ytd_diff,
601328.XSHG,balance,2017-12-31,2017q4,,2018-03-30,capital_reserve_fund,113663000000.0,balance.csv,capital_reserve_fund,quarterly_direct,identity_q1_or_ytd_diff,
601328.XSHG,balance,2017-12-31,2017q4,,2018-03-30,treasury_stock,,balance.csv,treasury_stock,,identity_q1_or_ytd_diff,missing_raw_value
601328.XSHG,balance,2017-12-31,2017q4,,2018-03-30,surplus_reserve_fund,197228000000.0,balance.csv,surplus_reserve_fund,quarterly_direct,identity_q1_or_ytd_diff,
601328.XSHG,balance,2017-12-31,2017q4,,2018-03-30,ordinary_risk_reserve_fund,104470000000.0,balance.csv,ordinary_risk_reserve_fund,quarterly_direct,identity_q1_or_ytd_diff,
601328.XSHG,balance,2017-12-31,2017q4,,2018-03-30,retained_profit,124514000000.0,balance.csv,retained_profit,quarterly_direct,identity_q1_or_ytd_diff,
601328.XSHG,balance,2017-12-31,2017q4,,2018-03-30,equities_parent_company_owners,671143000000.0,balance.csv,equities_parent_company_owners,quarterly_direct,identity_q1_or_ytd_diff,
601328.XSHG,balance,2017-12-31,2017q4,,2018-03-30,minority_interests,5128000000.0,balance.csv,minority_interests,quarterly_direct,identity_q1_or_ytd_diff,
601328.XSHG,balance,2017-12-31,2017q4,,2018-03-30,total_owner_equities,676271000000.0,balance.csv,total_owner_equities,quarterly_direct,identity_q1_or_ytd_diff,
601328.XSHG,balance,2017-12-31,2017q4,,2018-03-30,other_comprehensive_income,-2871000000.0,balance.csv,other_comprehensive_income,quarterly_direct,identity_q1_or_ytd_diff,
601328.XSHG,balance,2017-12-31,2017q4,,2018-03-30,contract_assets,,balance.csv,contract_assets,,identity_q1_or_ytd_diff,missing_raw_value
601328.XSHG,balance,2017-12-31,2017q4,,2018-03-30,contract_liability,,balance.csv,contract_liability,,identity_q1_or_ytd_diff,missing_raw_value
601328.XSHG,balance,2017-12-31,2017q4,,2018-03-30,usufruct_assets,,balance.csv,usufruct_assets,,identity_q1_or_ytd_diff,missing_raw_value
601328.XSHG,balance,2018-03-31,2018q1,,2018-04-28,cash_equivalents,1081997000000.0,balance.csv,cash_equivalents,quarterly_direct,identity_q1_or_ytd_diff,
601328.XSHG,balance,2018-03-31,2018q1,,2018-04-28,settlement_provi,,balance.csv,settlement_provi,,identity_q1_or_ytd_diff,missing_raw_value
601328.XSHG,balance,2018-03-31,2018q1,,2018-04-28,lend_capital,517358000000.0,balance.csv,lend_capital,quarterly_direct,identity_q1_or_ytd_diff,
601328.XSHG,balance,2018-03-31,2018q1,,2018-04-28,trading_assets,297643000000.0,balance.csv,trading_assets,quarterly_direct,identity_q1_or_ytd_diff,
601328.XSHG,balance,2018-03-31,2018q1,,2018-04-28,bill_receivable,,balance.csv,bill_receivable,,identity_q1_or_ytd_diff,missing_raw_value
601328.XSHG,balance,2018-03-31,2018q1,,2018-04-28,account_receivable,,balance.csv,account_receivable,,identity_q1_or_ytd_diff,missing_raw_value
601328.XSHG,balance,2018-03-31,2018q1,,2018-04-28,advance_payment,,balance.csv,advance_payment,,identity_q1_or_ytd_diff,missing_raw_value
601328.XSHG,balance,2018-03-31,2018q1,,2018-04-28,insurance_receivables,,balance.csv,insurance_receivables,,identity_q1_or_ytd_diff,missing_raw_value
601328.XSHG,balance,2018-03-31,2018q1,,2018-04-28,interest_receivable,58216000000.0,balance.csv,interest_receivable,quarterly_direct,identity_q1_or_ytd_diff,
601328.XSHG,balance,2018-03-31,2018q1,,2018-04-28,other_receivable,,balance.csv,other_receivable,,identity_q1_or_ytd_diff,missing_raw_value
601328.XSHG,balance,2018-03-31,2018q1,,2018-04-28,bought_sellback_assets,116812000000.0,balance.csv,bought_sellback_assets,quarterly_direct,identity_q1_or_ytd_diff,
601328.XSHG,balance,2018-03-31,2018q1,,2018-04-28,inventories,,balance.csv,inventories,,identity_q1_or_ytd_diff,missing_raw_value
601328.XSHG,balance,2018-03-31,2018q1,,2018-04-28,other_current_assets,,balance.csv,other_current_assets,,identity_q1_or_ytd_diff,missing_raw_value
601328.XSHG,balance,2018-03-31,2018q1,,2018-04-28,total_current_assets,,balance.csv,total_current_assets,,identity_q1_or_ytd_diff,missing_raw_value
601328.XSHG,balance,2018-03-31,2018q1,,2018-04-28,loan_and_advance,,balance.csv,loan_and_advance,,identity_q1_or_ytd_diff,missing_raw_value
601328.XSHG,balance,2018-03-31,2018q1,,2018-04-28,hold_for_sale_assets,,balance.csv,hold_for_sale_assets,,identity_q1_or_ytd_diff,missing_raw_value
601328.XSHG,balance,2018-03-31,2018q1,,2018-04-28,hold_to_maturity_investments,,balance.csv,hold_to_maturity_investments,,identity_q1_or_ytd_diff,missing_raw_value
601328.XSHG,balance,2018-03-31,2018q1,,2018-04-28,longterm_equity_invest,3419000000.0,balance.csv,longterm_equity_invest,quarterly_direct,identity_q1_or_ytd_diff,
601328.XSHG,balance,2018-03-31,2018q1,,2018-04-28,investment_property,8039000000.0,balance.csv,investment_property,quarterly_direct,identity_q1_or_ytd_diff,
601328.XSHG,balance,2018-03-31,2018q1,,2018-04-28,fixed_assets,129865000000.0,balance.csv,fixed_assets,quarterly_direct,identity_q1_or_ytd_diff,
601328.XSHG,balance,2018-03-31,2018q1,,2018-04-28,constru_in_process,4530000000.0,balance.csv,constru_in_process,quarterly_direct,identity_q1_or_ytd_diff,
601328.XSHG,balance,2018-03-31,2018q1,,2018-04-28,intangible_assets,3235000000.0,balance.csv,intangible_assets,quarterly_direct,identity_q1_or_ytd_diff,
601328.XSHG,balance,2018-03-31,2018q1,,2018-04-28,good_will,,balance.csv,good_will,,identity_q1_or_ytd_diff,missing_raw_value
601328.XSHG,balance,2018-03-31,2018q1,,2018-04-28,long_deferred_expense,,balance.csv,long_deferred_expense,,identity_q1_or_ytd_diff,missing_raw_value
601328.XSHG,balance,2018-03-31,2018q1,,2018-04-28,deferred_tax_assets,27086000000.0,balance.csv,deferred_tax_assets,quarterly_direct,identity_q1_or_ytd_diff,
601328.XSHG,balance,2018-03-31,2018q1,,2018-04-28,other_non_current_assets,,balance.csv,other_non_current_assets,,identity_q1_or_ytd_diff,missing_raw_value
601328.XSHG,balance,2018-03-31,2018q1,,2018-04-28,total_non_current_assets,,balance.csv,total_non_current_assets,,identity_q1_or_ytd_diff,missing_raw_value
601328.XSHG,balance,2018-03-31,2018q1,,2018-04-28,total_assets,9266797000000.0,balance.csv,total_assets,quarterly_direct,identity_q1_or_ytd_diff,
601328.XSHG,balance,2018-03-31,2018q1,,2018-04-28,shortterm_loan,0.0,balance.csv,shortterm_loan,quarterly_direct,identity_q1_or_ytd_diff,
601328.XSHG,balance,2018-03-31,2018q1,,2018-04-28,borrowing_from_centralbank,562825000000.0,balance.csv,borrowing_from_centralbank,quarterly_direct,identity_q1_or_ytd_diff,
601328.XSHG,balance,2018-03-31,2018q1,,2018-04-28,deposit_in_interbank,6722156000000.0,balance.csv,deposit_in_interbank,quarterly_direct,identity_q1_or_ytd_diff,
601328.XSHG,balance,2018-03-31,2018q1,,2018-04-28,borrowing_capital,379322000000.0,balance.csv,borrowing_capital,quarterly_direct,identity_q1_or_ytd_diff,
601328.XSHG,balance,2018-03-31,2018q1,,2018-04-28,trading_liability,16300000000.0,balance.csv,trading_liability,quarterly_direct,identity_q1_or_ytd_diff,
601328.XSHG,balance,2018-03-31,2018q1,,2018-04-28,notes_payable,,balance.csv,notes_payable,,identity_q1_or_ytd_diff,missing_raw_value
601328.XSHG,balance,2018-03-31,2018q1,,2018-04-28,accounts_payable,,balance.csv,accounts_payable,,identity_q1_or_ytd_diff,missing_raw_value
601328.XSHG,balance,2018-03-31,2018q1,,2018-04-28,advance_peceipts,,balance.csv,advance_peceipts,,identity_q1_or_ytd_diff,missing_raw_value
601328.XSHG,balance,2018-03-31,2018q1,,2018-04-28,sold_buyback_secu_proceeds,32757000000.0,balance.csv,sold_buyback_secu_proceeds,quarterly_direct,identity_q1_or_ytd_diff,
601328.XSHG,balance,2018-03-31,2018q1,,2018-04-28,commission_payable,,balance.csv,commission_payable,,identity_q1_or_ytd_diff,missing_raw_value
601328.XSHG,balance,2018-03-31,2018q1,,2018-04-28,salaries_payable,4287000000.0,balance.csv,salaries_payable,quarterly_direct,identity_q1_or_ytd_diff,
601328.XSHG,balance,2018-03-31,2018q1,,2018-04-28,taxs_payable,13956000000.0,balance.csv,taxs_payable,quarterly_direct,identity_q1_or_ytd_diff,
601328.XSHG,balance,2018-03-31,2018q1,,2018-04-28,interest_payable,99540000000.0,balance.csv,interest_payable,quarterly_direct,identity_q1_or_ytd_diff,
601328.XSHG,balance,2018-03-31,2018q1,,2018-04-28,other_payable,,balance.csv,other_payable,,identity_q1_or_ytd_diff,missing_raw_value
601328.XSHG,balance,2018-03-31,2018q1,,2018-04-28,insurance_contract_reserves,0.0,balance.csv,insurance_contract_reserves,quarterly_direct,identity_q1_or_ytd_diff,
601328.XSHG,balance,2018-03-31,2018q1,,2018-04-28,proxy_secu_proceeds,,balance.csv,proxy_secu_proceeds,,identity_q1_or_ytd_diff,missing_raw_value
601328.XSHG,balance,2018-03-31,2018q1,,2018-04-28,non_current_liability_in_one_year,,balance.csv,non_current_liability_in_one_year,,identity_q1_or_ytd_diff,missing_raw_value
601328.XSHG,balance,2018-03-31,2018q1,,2018-04-28,other_current_liability,,balance.csv,other_current_liability,,identity_q1_or_ytd_diff,missing_raw_value
601328.XSHG,balance,2018-03-31,2018q1,,2018-04-28,total_current_liability,,balance.csv,total_current_liability,,identity_q1_or_ytd_diff,missing_raw_value
601328.XSHG,balance,2018-03-31,2018q1,,2018-04-28,longterm_loan,,balance.csv,longterm_loan,,identity_q1_or_ytd_diff,missing_raw_value
601328.XSHG,balance,2018-03-31,2018q1,,2018-04-28,bonds_payable,289574000000.0,balance.csv,bonds_payable,quarterly_direct,identity_q1_or_ytd_diff,
601328.XSHG,balance,2018-03-31,2018q1,,2018-04-28,estimate_liability,442000000.0,balance.csv,estimate_liability,quarterly_direct,identity_q1_or_ytd_diff,
601328.XSHG,balance,2018-03-31,2018q1,,2018-04-28,deferred_tax_liability,495000000.0,balance.csv,deferred_tax_liability,quarterly_direct,identity_q1_or_ytd_diff,
601328.XSHG,balance,2018-03-31,2018q1,,2018-04-28,other_non_current_liability,,balance.csv,other_non_current_liability,,identity_q1_or_ytd_diff,missing_raw_value
601328.XSHG,balance,2018-03-31,2018q1,,2018-04-28,total_non_current_liability,,balance.csv,total_non_current_liability,,identity_q1_or_ytd_diff,missing_raw_value
601328.XSHG,balance,2018-03-31,2018q1,,2018-04-28,total_liability,8598296000000.0,balance.csv,total_liability,quarterly_direct,identity_q1_or_ytd_diff,
601328.XSHG,balance,2018-03-31,2018q1,,2018-04-28,paidin_capital,74263000000.0,balance.csv,paidin_capital,quarterly_direct,identity_q1_or_ytd_diff,
601328.XSHG,balance,2018-03-31,2018q1,,2018-04-28,capital_reserve_fund,113663000000.0,balance.csv,capital_reserve_fund,quarterly_direct,identity_q1_or_ytd_diff,
601328.XSHG,balance,2018-03-31,2018q1,,2018-04-28,treasury_stock,,balance.csv,treasury_stock,,identity_q1_or_ytd_diff,missing_raw_value
601328.XSHG,balance,2018-03-31,2018q1,,2018-04-28,surplus_reserve_fund,197326000000.0,balance.csv,surplus_reserve_fund,quarterly_direct,identity_q1_or_ytd_diff,
601328.XSHG,balance,2018-03-31,2018q1,,2018-04-28,ordinary_risk_reserve_fund,104556000000.0,balance.csv,ordinary_risk_reserve_fund,quarterly_direct,identity_q1_or_ytd_diff,
601328.XSHG,balance,2018-03-31,2018q1,,2018-04-28,retained_profit,116164000000.0,balance.csv,retained_profit,quarterly_direct,identity_q1_or_ytd_diff,
601328.XSHG,balance,2018-03-31,2018q1,,2018-04-28,equities_parent_company_owners,663336000000.0,balance.csv,equities_parent_company_owners,quarterly_direct,identity_q1_or_ytd_diff,
601328.XSHG,balance,2018-03-31,2018q1,,2018-04-28,minority_interests,5165000000.0,balance.csv,minority_interests,quarterly_direct,identity_q1_or_ytd_diff,
601328.XSHG,balance,2018-03-31,2018q1,,2018-04-28,total_owner_equities,668501000000.0,balance.csv,total_owner_equities,quarterly_direct,identity_q1_or_ytd_diff,
601328.XSHG,balance,2018-03-31,2018q1,,2018-04-28,other_comprehensive_income,-2512000000.0,balance.csv,other_comprehensive_income,quarterly_direct,identity_q1_or_ytd_diff,
601328.XSHG,balance,2018-03-31,2018q1,,2018-04-28,contract_assets,,balance.csv,contract_assets,,identity_q1_or_ytd_diff,missing_raw_value
601328.XSHG,balance,2018-03-31,2018q1,,2018-04-28,contract_liability,,balance.csv,contract_liability,,identity_q1_or_ytd_diff,missing_raw_value
601328.XSHG,balance,2018-03-31,2018q1,,2018-04-28,usufruct_assets,,balance.csv,usufruct_assets,,identity_q1_or_ytd_diff,missing_raw_value
601328.XSHG,balance,2018-06-30,2018q2,,2018-08-24,cash_equivalents,1070710000000.0,balance.csv,cash_equivalents,quarterly_direct,identity_q1_or_ytd_diff,
601328.XSHG,balance,2018-06-30,2018q2,,2018-08-24,settlement_provi,,balance.csv,settlement_provi,,identity_q1_or_ytd_diff,missing_raw_value
601328.XSHG,balance,2018-06-30,2018q2,,2018-08-24,lend_capital,523556000000.0,balance.csv,lend_capital,quarterly_direct,identity_q1_or_ytd_diff,
601328.XSHG,balance,2018-06-30,2018q2,,2018-08-24,trading_assets,315412000000.0,balance.csv,trading_assets,quarterly_direct,identity_q1_or_ytd_diff,
601328.XSHG,balance,2018-06-30,2018q2,,2018-08-24,bill_receivable,,balance.csv,bill_receivable,,identity_q1_or_ytd_diff,missing_raw_value
601328.XSHG,balance,2018-06-30,2018q2,,2018-08-24,account_receivable,,balance.csv,account_receivable,,identity_q1_or_ytd_diff,missing_raw_value
601328.XSHG,balance,2018-06-30,2018q2,,2018-08-24,advance_payment,,balance.csv,advance_payment,,identity_q1_or_ytd_diff,missing_raw_value
601328.XSHG,balance,2018-06-30,2018q2,,2018-08-24,insurance_receivables,,balance.csv,insurance_receivables,,identity_q1_or_ytd_diff,missing_raw_value
601328.XSHG,balance,2018-06-30,2018q2,,2018-08-24,interest_receivable,54180000000.0,balance.csv,interest_receivable,quarterly_direct,identity_q1_or_ytd_diff,
601328.XSHG,balance,2018-06-30,2018q2,,2018-08-24,other_receivable,,balance.csv,other_receivable,,identity_q1_or_ytd_diff,missing_raw_value
601328.XSHG,balance,2018-06-30,2018q2,,2018-08-24,bought_sellback_assets,56324000000.0,balance.csv,bought_sellback_assets,quarterly_direct,identity_q1_or_ytd_diff,
601328.XSHG,balance,2018-06-30,2018q2,,2018-08-24,inventories,,balance.csv,inventories,,identity_q1_or_ytd_diff,missing_raw_value
601328.XSHG,balance,2018-06-30,2018q2,,2018-08-24,other_current_assets,,balance.csv,other_current_assets,,identity_q1_or_ytd_diff,missing_raw_value
601328.XSHG,balance,2018-06-30,2018q2,,2018-08-24,total_current_assets,,balance.csv,total_current_assets,,identity_q1_or_ytd_diff,missing_raw_value
601328.XSHG,balance,2018-06-30,2018q2,,2018-08-24,loan_and_advance,,balance.csv,loan_and_advance,,identity_q1_or_ytd_diff,missing_raw_value
601328.XSHG,balance,2018-06-30,2018q2,,2018-08-24,hold_for_sale_assets,,balance.csv,hold_for_sale_assets,,identity_q1_or_ytd_diff,missing_raw_value
601328.XSHG,balance,2018-06-30,2018q2,,2018-08-24,hold_to_maturity_investments,,balance.csv,hold_to_maturity_investments,,identity_q1_or_ytd_diff,missing_raw_value
601328.XSHG,balance,2018-06-30,2018q2,,2018-08-24,longterm_equity_invest,3379000000.0,balance.csv,longterm_equity_invest,quarterly_direct,identity_q1_or_ytd_diff,
601328.XSHG,balance,2018-06-30,2018q2,,2018-08-24,investment_property,8058000000.0,balance.csv,investment_property,quarterly_direct,identity_q1_or_ytd_diff,
601328.XSHG,balance,2018-06-30,2018q2,,2018-08-24,fixed_assets,135644000000.0,balance.csv,fixed_assets,quarterly_direct,identity_q1_or_ytd_diff,
601328.XSHG,balance,2018-06-30,2018q2,,2018-08-24,constru_in_process,4412000000.0,balance.csv,constru_in_process,quarterly_direct,identity_q1_or_ytd_diff,
601328.XSHG,balance,2018-06-30,2018q2,,2018-08-24,intangible_assets,3092000000.0,balance.csv,intangible_assets,quarterly_direct,identity_q1_or_ytd_diff,
601328.XSHG,balance,2018-06-30,2018q2,,2018-08-24,good_will,,balance.csv,good_will,,identity_q1_or_ytd_diff,missing_raw_value
601328.XSHG,balance,2018-06-30,2018q2,,2018-08-24,long_deferred_expense,,balance.csv,long_deferred_expense,,identity_q1_or_ytd_diff,missing_raw_value
601328.XSHG,balance,2018-06-30,2018q2,,2018-08-24,deferred_tax_assets,26278000000.0,balance.csv,deferred_tax_assets,quarterly_direct,identity_q1_or_ytd_diff,
601328.XSHG,balance,2018-06-30,2018q2,,2018-08-24,other_non_current_assets,,balance.csv,other_non_current_assets,,identity_q1_or_ytd_diff,missing_raw_value
601328.XSHG,balance,2018-06-30,2018q2,,2018-08-24,total_non_current_assets,,balance.csv,total_non_current_assets,,identity_q1_or_ytd_diff,missing_raw_value
601328.XSHG,balance,2018-06-30,2018q2,,2018-08-24,total_assets,9322707000000.0,balance.csv,total_assets,quarterly_direct,identity_q1_or_ytd_diff,
601328.XSHG,balance,2018-06-30,2018q2,,2018-08-24,shortterm_loan,0.0,balance.csv,shortterm_loan,quarterly_direct,identity_q1_or_ytd_diff,
601328.XSHG,balance,2018-06-30,2018q2,,2018-08-24,borrowing_from_centralbank,531303000000.0,balance.csv,borrowing_from_centralbank,quarterly_direct,identity_q1_or_ytd_diff,
601328.XSHG,balance,2018-06-30,2018q2,,2018-08-24,deposit_in_interbank,6727004000000.0,balance.csv,deposit_in_interbank,quarterly_direct,identity_q1_or_ytd_diff,
601328.XSHG,balance,2018-06-30,2018q2,,2018-08-24,borrowing_capital,394396000000.0,balance.csv,borrowing_capital,quarterly_direct,identity_q1_or_ytd_diff,
601328.XSHG,balance,2018-06-30,2018q2,,2018-08-24,trading_liability,15795000000.0,balance.csv,trading_liability,quarterly_direct,identity_q1_or_ytd_diff,
601328.XSHG,balance,2018-06-30,2018q2,,2018-08-24,notes_payable,,balance.csv,notes_payable,,identity_q1_or_ytd_diff,missing_raw_value
601328.XSHG,balance,2018-06-30,2018q2,,2018-08-24,accounts_payable,,balance.csv,accounts_payable,,identity_q1_or_ytd_diff,missing_raw_value
601328.XSHG,balance,2018-06-30,2018q2,,2018-08-24,advance_peceipts,,balance.csv,advance_peceipts,,identity_q1_or_ytd_diff,missing_raw_value
601328.XSHG,balance,2018-06-30,2018q2,,2018-08-24,sold_buyback_secu_proceeds,73027000000.0,balance.csv,sold_buyback_secu_proceeds,quarterly_direct,identity_q1_or_ytd_diff,
601328.XSHG,balance,2018-06-30,2018q2,,2018-08-24,commission_payable,,balance.csv,commission_payable,,identity_q1_or_ytd_diff,missing_raw_value
601328.XSHG,balance,2018-06-30,2018q2,,2018-08-24,salaries_payable,4867000000.0,balance.csv,salaries_payable,quarterly_direct,identity_q1_or_ytd_diff,
601328.XSHG,balance,2018-06-30,2018q2,,2018-08-24,taxs_payable,11980000000.0,balance.csv,taxs_payable,quarterly_direct,identity_q1_or_ytd_diff,
601328.XSHG,balance,2018-06-30,2018q2,,2018-08-24,interest_payable,101728000000.0,balance.csv,interest_payable,quarterly_direct,identity_q1_or_ytd_diff,
601328.XSHG,balance,2018-06-30,2018q2,,2018-08-24,other_payable,,balance.csv,other_payable,,identity_q1_or_ytd_diff,missing_raw_value
601328.XSHG,balance,2018-06-30,2018q2,,2018-08-24,insurance_contract_reserves,0.0,balance.csv,insurance_contract_reserves,quarterly_direct,identity_q1_or_ytd_diff,
601328.XSHG,balance,2018-06-30,2018q2,,2018-08-24,proxy_secu_proceeds,,balance.csv,proxy_secu_proceeds,,identity_q1_or_ytd_diff,missing_raw_value
601328.XSHG,balance,2018-06-30,2018q2,,2018-08-24,non_current_liability_in_one_year,,balance.csv,non_current_liability_in_one_year,,identity_q1_or_ytd_diff,missing_raw_value
601328.XSHG,balance,2018-06-30,2018q2,,2018-08-24,other_current_liability,,balance.csv,other_current_liability,,identity_q1_or_ytd_diff,missing_raw_value
601328.XSHG,balance,2018-06-30,2018q2,,2018-08-24,total_current_liability,,balance.csv,total_current_liability,,identity_q1_or_ytd_diff,missing_raw_value
601328.XSHG,balance,2018-06-30,2018q2,,2018-08-24,longterm_loan,,balance.csv,longterm_loan,,identity_q1_or_ytd_diff,missing_raw_value
601328.XSHG,balance,2018-06-30,2018q2,,2018-08-24,bonds_payable,304583000000.0,balance.csv,bonds_payable,quarterly_direct,identity_q1_or_ytd_diff,
601328.XSHG,balance,2018-06-30,2018q2,,2018-08-24,estimate_liability,434000000.0,balance.csv,estimate_liability,quarterly_direct,identity_q1_or_ytd_diff,
601328.XSHG,balance,2018-06-30,2018q2,,2018-08-24,deferred_tax_liability,598000000.0,balance.csv,deferred_tax_liability,quarterly_direct,identity_q1_or_ytd_diff,
601328.XSHG,balance,2018-06-30,2018q2,,2018-08-24,other_non_current_liability,,balance.csv,other_non_current_liability,,identity_q1_or_ytd_diff,missing_raw_value
601328.XSHG,balance,2018-06-30,2018q2,,2018-08-24,total_non_current_liability,,balance.csv,total_non_current_liability,,identity_q1_or_ytd_diff,missing_raw_value
601328.XSHG,balance,2018-06-30,2018q2,,2018-08-24,total_liability,8652646000000.0,balance.csv,total_liability,quarterly_direct,identity_q1_or_ytd_diff,
601328.XSHG,balance,2018-06-30,2018q2,,2018-08-24,paidin_capital,74263000000.0,balance.csv,paidin_capital,quarterly_direct,identity_q1_or_ytd_diff,
601328.XSHG,balance,2018-06-30,2018q2,,2018-08-24,capital_reserve_fund,113663000000.0,balance.csv,capital_reserve_fund,quarterly_direct,identity_q1_or_ytd_diff,
601328.XSHG,balance,2018-06-30,2018q2,,2018-08-24,treasury_stock,,balance.csv,treasury_stock,,identity_q1_or_ytd_diff,missing_raw_value
601328.XSHG,balance,2018-06-30,2018q2,,2018-08-24,surplus_reserve_fund,197354000000.0,balance.csv,surplus_reserve_fund,quarterly_direct,identity_q1_or_ytd_diff,
601328.XSHG,balance,2018-06-30,2018q2,,2018-08-24,ordinary_risk_reserve_fund,113628000000.0,balance.csv,ordinary_risk_reserve_fund,quarterly_direct,identity_q1_or_ytd_diff,
601328.XSHG,balance,2018-06-30,2018q2,,2018-08-24,retained_profit,103913000000.0,balance.csv,retained_profit,quarterly_direct,identity_q1_or_ytd_diff,
601328.XSHG,balance,2018-06-30,2018q2,,2018-08-24,equities_parent_company_owners,663653000000.0,balance.csv,equities_parent_company_owners,quarterly_direct,identity_q1_or_ytd_diff,
601328.XSHG,balance,2018-06-30,2018q2,,2018-08-24,minority_interests,6408000000.0,balance.csv,minority_interests,quarterly_direct,identity_q1_or_ytd_diff,
601328.XSHG,balance,2018-06-30,2018q2,,2018-08-24,total_owner_equities,670061000000.0,balance.csv,total_owner_equities,quarterly_direct,identity_q1_or_ytd_diff,
601328.XSHG,balance,2018-06-30,2018q2,,2018-08-24,other_comprehensive_income,956000000.0,balance.csv,other_comprehensive_income,quarterly_direct,identity_q1_or_ytd_diff,
601328.XSHG,balance,2018-06-30,2018q2,,2018-08-24,contract_assets,,balance.csv,contract_assets,,identity_q1_or_ytd_diff,missing_raw_value
601328.XSHG,balance,2018-06-30,2018q2,,2018-08-24,contract_liability,,balance.csv,contract_liability,,identity_q1_or_ytd_diff,missing_raw_value
601328.XSHG,balance,2018-06-30,2018q2,,2018-08-24,usufruct_assets,,balance.csv,usufruct_assets,,identity_q1_or_ytd_diff,missing_raw_value
601328.XSHG,balance,2018-09-30,2018q3,,2018-10-27,cash_equivalents,999193000000.0,balance.csv,cash_equivalents,quarterly_direct,identity_q1_or_ytd_diff,
601328.XSHG,balance,2018-09-30,2018q3,,2018-10-27,settlement_provi,,balance.csv,settlement_provi,,identity_q1_or_ytd_diff,missing_raw_value
601328.XSHG,balance,2018-09-30,2018q3,,2018-10-27,lend_capital,524106000000.0,balance.csv,lend_capital,quarterly_direct,identity_q1_or_ytd_diff,
601328.XSHG,balance,2018-09-30,2018q3,,2018-10-27,trading_assets,314949000000.0,balance.csv,trading_assets,quarterly_direct,identity_q1_or_ytd_diff,
601328.XSHG,balance,2018-09-30,2018q3,,2018-10-27,bill_receivable,,balance.csv,bill_receivable,,identity_q1_or_ytd_diff,missing_raw_value
601328.XSHG,balance,2018-09-30,2018q3,,2018-10-27,account_receivable,,balance.csv,account_receivable,,identity_q1_or_ytd_diff,missing_raw_value
601328.XSHG,balance,2018-09-30,2018q3,,2018-10-27,advance_payment,,balance.csv,advance_payment,,identity_q1_or_ytd_diff,missing_raw_value
601328.XSHG,balance,2018-09-30,2018q3,,2018-10-27,insurance_receivables,,balance.csv,insurance_receivables,,identity_q1_or_ytd_diff,missing_raw_value
601328.XSHG,balance,2018-09-30,2018q3,,2018-10-27,interest_receivable,55316000000.0,balance.csv,interest_receivable,quarterly_direct,identity_q1_or_ytd_diff,
601328.XSHG,balance,2018-09-30,2018q3,,2018-10-27,other_receivable,,balance.csv,other_receivable,,identity_q1_or_ytd_diff,missing_raw_value
601328.XSHG,balance,2018-09-30,2018q3,,2018-10-27,bought_sellback_assets,47711000000.0,balance.csv,bought_sellback_assets,quarterly_direct,identity_q1_or_ytd_diff,
601328.XSHG,balance,2018-09-30,2018q3,,2018-10-27,inventories,,balance.csv,inventories,,identity_q1_or_ytd_diff,missing_raw_value
601328.XSHG,balance,2018-09-30,2018q3,,2018-10-27,other_current_assets,,balance.csv,other_current_assets,,identity_q1_or_ytd_diff,missing_raw_value
601328.XSHG,balance,2018-09-30,2018q3,,2018-10-27,total_current_assets,,balance.csv,total_current_assets,,identity_q1_or_ytd_diff,missing_raw_value
601328.XSHG,balance,2018-09-30,2018q3,,2018-10-27,loan_and_advance,,balance.csv,loan_and_advance,,identity_q1_or_ytd_diff,missing_raw_value
601328.XSHG,balance,2018-09-30,2018q3,,2018-10-27,hold_for_sale_assets,,balance.csv,hold_for_sale_assets,,identity_q1_or_ytd_diff,missing_raw_value
601328.XSHG,balance,2018-09-30,2018q3,,2018-10-27,hold_to_maturity_investments,,balance.csv,hold_to_maturity_investments,,identity_q1_or_ytd_diff,missing_raw_value
601328.XSHG,balance,2018-09-30,2018q3,,2018-10-27,longterm_equity_invest,3581000000.0,balance.csv,longterm_equity_invest,quarterly_direct,identity_q1_or_ytd_diff,
601328.XSHG,balance,2018-09-30,2018q3,,2018-10-27,investment_property,8043000000.0,balance.csv,investment_property,quarterly_direct,identity_q1_or_ytd_diff,
601328.XSHG,balance,2018-09-30,2018q3,,2018-10-27,fixed_assets,143178000000.0,balance.csv,fixed_assets,quarterly_direct,identity_q1_or_ytd_diff,
601328.XSHG,balance,2018-09-30,2018q3,,2018-10-27,constru_in_process,4071000000.0,balance.csv,constru_in_process,quarterly_direct,identity_q1_or_ytd_diff,
601328.XSHG,balance,2018-09-30,2018q3,,2018-10-27,intangible_assets,3089000000.0,balance.csv,intangible_assets,quarterly_direct,identity_q1_or_ytd_diff,
601328.XSHG,balance,2018-09-30,2018q3,,2018-10-27,good_will,,balance.csv,good_will,,identity_q1_or_ytd_diff,missing_raw_value
601328.XSHG,balance,2018-09-30,2018q3,,2018-10-27,long_deferred_expense,,balance.csv,long_deferred_expense,,identity_q1_or_ytd_diff,missing_raw_value
601328.XSHG,balance,2018-09-30,2018q3,,2018-10-27,deferred_tax_assets,24627000000.0,balance.csv,deferred_tax_assets,quarterly_direct,identity_q1_or_ytd_diff,
601328.XSHG,balance,2018-09-30,2018q3,,2018-10-27,other_non_current_assets,,balance.csv,other_non_current_assets,,identity_q1_or_ytd_diff,missing_raw_value
601328.XSHG,balance,2018-09-30,2018q3,,2018-10-27,total_non_current_assets,,balance.csv,total_non_current_assets,,identity_q1_or_ytd_diff,missing_raw_value
601328.XSHG,balance,2018-09-30,2018q3,,2018-10-27,total_assets,9391537000000.0,balance.csv,total_assets,quarterly_direct,identity_q1_or_ytd_diff,
601328.XSHG,balance,2018-09-30,2018q3,,2018-10-27,shortterm_loan,0.0,balance.csv,shortterm_loan,quarterly_direct,identity_q1_or_ytd_diff,
601328.XSHG,balance,2018-09-30,2018q3,,2018-10-27,borrowing_from_centralbank,575653000000.0,balance.csv,borrowing_from_centralbank,quarterly_direct,identity_q1_or_ytd_diff,
601328.XSHG,balance,2018-09-30,2018q3,,2018-10-27,deposit_in_interbank,6724626000000.0,balance.csv,deposit_in_interbank,quarterly_direct,identity_q1_or_ytd_diff,
601328.XSHG,balance,2018-09-30,2018q3,,2018-10-27,borrowing_capital,437401000000.0,balance.csv,borrowing_capital,quarterly_direct,identity_q1_or_ytd_diff,
601328.XSHG,balance,2018-09-30,2018q3,,2018-10-27,trading_liability,18513000000.0,balance.csv,trading_liability,quarterly_direct,identity_q1_or_ytd_diff,
601328.XSHG,balance,2018-09-30,2018q3,,2018-10-27,notes_payable,,balance.csv,notes_payable,,identity_q1_or_ytd_diff,missing_raw_value
601328.XSHG,balance,2018-09-30,2018q3,,2018-10-27,accounts_payable,,balance.csv,accounts_payable,,identity_q1_or_ytd_diff,missing_raw_value
601328.XSHG,balance,2018-09-30,2018q3,,2018-10-27,advance_peceipts,,balance.csv,advance_peceipts,,identity_q1_or_ytd_diff,missing_raw_value
601328.XSHG,balance,2018-09-30,2018q3,,2018-10-27,sold_buyback_secu_proceeds,62089000000.0,balance.csv,sold_buyback_secu_proceeds,quarterly_direct,identity_q1_or_ytd_diff,
601328.XSHG,balance,2018-09-30,2018q3,,2018-10-27,commission_payable,,balance.csv,commission_payable,,identity_q1_or_ytd_diff,missing_raw_value
601328.XSHG,balance,2018-09-30,2018q3,,2018-10-27,salaries_payable,6332000000.0,balance.csv,salaries_payable,quarterly_direct,identity_q1_or_ytd_diff,
601328.XSHG,balance,2018-09-30,2018q3,,2018-10-27,taxs_payable,9407000000.0,balance.csv,taxs_payable,quarterly_direct,identity_q1_or_ytd_diff,
601328.XSHG,balance,2018-09-30,2018q3,,2018-10-27,interest_payable,106953000000.0,balance.csv,interest_payable,quarterly_direct,identity_q1_or_ytd_diff,
601328.XSHG,balance,2018-09-30,2018q3,,2018-10-27,other_payable,,balance.csv,other_payable,,identity_q1_or_ytd_diff,missing_raw_value
601328.XSHG,balance,2018-09-30,2018q3,,2018-10-27,insurance_contract_reserves,0.0,balance.csv,insurance_contract_reserves,quarterly_direct,identity_q1_or_ytd_diff,
601328.XSHG,balance,2018-09-30,2018q3,,2018-10-27,proxy_secu_proceeds,,balance.csv,proxy_secu_proceeds,,identity_q1_or_ytd_diff,missing_raw_value
601328.XSHG,balance,2018-09-30,2018q3,,2018-10-27,non_current_liability_in_one_year,,balance.csv,non_current_liability_in_one_year,,identity_q1_or_ytd_diff,missing_raw_value
601328.XSHG,balance,2018-09-30,2018q3,,2018-10-27,other_current_liability,,balance.csv,other_current_liability,,identity_q1_or_ytd_diff,missing_raw_value
601328.XSHG,balance,2018-09-30,2018q3,,2018-10-27,total_current_liability,,balance.csv,total_current_liability,,identity_q1_or_ytd_diff,missing_raw_value
601328.XSHG,balance,2018-09-30,2018q3,,2018-10-27,longterm_loan,,balance.csv,longterm_loan,,identity_q1_or_ytd_diff,missing_raw_value
601328.XSHG,balance,2018-09-30,2018q3,,2018-10-27,bonds_payable,303834000000.0,balance.csv,bonds_payable,quarterly_direct,identity_q1_or_ytd_diff,
601328.XSHG,balance,2018-09-30,2018q3,,2018-10-27,estimate_liability,496000000.0,balance.csv,estimate_liability,quarterly_direct,identity_q1_or_ytd_diff,
601328.XSHG,balance,2018-09-30,2018q3,,2018-10-27,deferred_tax_liability,560000000.0,balance.csv,deferred_tax_liability,quarterly_direct,identity_q1_or_ytd_diff,
601328.XSHG,balance,2018-09-30,2018q3,,2018-10-27,other_non_current_liability,,balance.csv,other_non_current_liability,,identity_q1_or_ytd_diff,missing_raw_value
601328.XSHG,balance,2018-09-30,2018q3,,2018-10-27,total_non_current_liability,,balance.csv,total_non_current_liability,,identity_q1_or_ytd_diff,missing_raw_value
601328.XSHG,balance,2018-09-30,2018q3,,2018-10-27,total_liability,8702452000000.0,balance.csv,total_liability,quarterly_direct,identity_q1_or_ytd_diff,
601328.XSHG,balance,2018-09-30,2018q3,,2018-10-27,paidin_capital,74263000000.0,balance.csv,paidin_capital,quarterly_direct,identity_q1_or_ytd_diff,
601328.XSHG,balance,2018-09-30,2018q3,,2018-10-27,capital_reserve_fund,113663000000.0,balance.csv,capital_reserve_fund,quarterly_direct,identity_q1_or_ytd_diff,
601328.XSHG,balance,2018-09-30,2018q3,,2018-10-27,treasury_stock,,balance.csv,treasury_stock,,identity_q1_or_ytd_diff,missing_raw_value
601328.XSHG,balance,2018-09-30,2018q3,,2018-10-27,surplus_reserve_fund,197354000000.0,balance.csv,surplus_reserve_fund,quarterly_direct,identity_q1_or_ytd_diff,
601328.XSHG,balance,2018-09-30,2018q3,,2018-10-27,ordinary_risk_reserve_fund,113753000000.0,balance.csv,ordinary_risk_reserve_fund,quarterly_direct,identity_q1_or_ytd_diff,
601328.XSHG,balance,2018-09-30,2018q3,,2018-10-27,retained_profit,120321000000.0,balance.csv,retained_profit,quarterly_direct,identity_q1_or_ytd_diff,
601328.XSHG,balance,2018-09-30,2018q3,,2018-10-27,equities_parent_company_owners,682458000000.0,balance.csv,equities_parent_company_owners,quarterly_direct,identity_q1_or_ytd_diff,
601328.XSHG,balance,2018-09-30,2018q3,,2018-10-27,minority_interests,6627000000.0,balance.csv,minority_interests,quarterly_direct,identity_q1_or_ytd_diff,
601328.XSHG,balance,2018-09-30,2018q3,,2018-10-27,total_owner_equities,689085000000.0,balance.csv,total_owner_equities,quarterly_direct,identity_q1_or_ytd_diff,
601328.XSHG,balance,2018-09-30,2018q3,,2018-10-27,other_comprehensive_income,3228000000.0,balance.csv,other_comprehensive_income,quarterly_direct,identity_q1_or_ytd_diff,
601328.XSHG,balance,2018-09-30,2018q3,,2018-10-27,contract_assets,,balance.csv,contract_assets,,identity_q1_or_ytd_diff,missing_raw_value
601328.XSHG,balance,2018-09-30,2018q3,,2018-10-27,contract_liability,,balance.csv,contract_liability,,identity_q1_or_ytd_diff,missing_raw_value
601328.XSHG,balance,2018-09-30,2018q3,,2018-10-27,usufruct_assets,,balance.csv,usufruct_assets,,identity_q1_or_ytd_diff,missing_raw_value
601328.XSHG,balance,2018-12-31,2018q4,,2019-03-30,cash_equivalents,1003817000000.0,balance.csv,cash_equivalents,quarterly_direct,identity_q1_or_ytd_diff,
601328.XSHG,balance,2018-12-31,2018q4,,2019-03-30,settlement_provi,,balance.csv,settlement_provi,,identity_q1_or_ytd_diff,missing_raw_value
601328.XSHG,balance,2018-12-31,2018q4,,2019-03-30,lend_capital,564778000000.0,balance.csv,lend_capital,quarterly_direct,identity_q1_or_ytd_diff,
601328.XSHG,balance,2018-12-31,2018q4,,2019-03-30,trading_assets,376386000000.0,balance.csv,trading_assets,quarterly_direct,identity_q1_or_ytd_diff,
601328.XSHG,balance,2018-12-31,2018q4,,2019-03-30,bill_receivable,,balance.csv,bill_receivable,,identity_q1_or_ytd_diff,missing_raw_value
601328.XSHG,balance,2018-12-31,2018q4,,2019-03-30,account_receivable,,balance.csv,account_receivable,,identity_q1_or_ytd_diff,missing_raw_value
601328.XSHG,balance,2018-12-31,2018q4,,2019-03-30,advance_payment,,balance.csv,advance_payment,,identity_q1_or_ytd_diff,missing_raw_value
601328.XSHG,balance,2018-12-31,2018q4,,2019-03-30,insurance_receivables,,balance.csv,insurance_receivables,,identity_q1_or_ytd_diff,missing_raw_value
601328.XSHG,balance,2018-12-31,2018q4,,2019-03-30,interest_receivable,,balance.csv,interest_receivable,,identity_q1_or_ytd_diff,missing_raw_value
601328.XSHG,balance,2018-12-31,2018q4,,2019-03-30,other_receivable,,balance.csv,other_receivable,,identity_q1_or_ytd_diff,missing_raw_value
601328.XSHG,balance,2018-12-31,2018q4,,2019-03-30,bought_sellback_assets,119643000000.0,balance.csv,bought_sellback_assets,quarterly_direct,identity_q1_or_ytd_diff,
601328.XSHG,balance,2018-12-31,2018q4,,2019-03-30,inventories,,balance.csv,inventories,,identity_q1_or_ytd_diff,missing_raw_value
601328.XSHG,balance,2018-12-31,2018q4,,2019-03-30,other_current_assets,,balance.csv,other_current_assets,,identity_q1_or_ytd_diff,missing_raw_value
601328.XSHG,balance,2018-12-31,2018q4,,2019-03-30,total_current_assets,,balance.csv,total_current_assets,,identity_q1_or_ytd_diff,missing_raw_value
601328.XSHG,balance,2018-12-31,2018q4,,2019-03-30,loan_and_advance,,balance.csv,loan_and_advance,,identity_q1_or_ytd_diff,missing_raw_value
601328.XSHG,balance,2018-12-31,2018q4,,2019-03-30,hold_for_sale_assets,,balance.csv,hold_for_sale_assets,,identity_q1_or_ytd_diff,missing_raw_value
601328.XSHG,balance,2018-12-31,2018q4,,2019-03-30,hold_to_maturity_investments,,balance.csv,hold_to_maturity_investments,,identity_q1_or_ytd_diff,missing_raw_value
601328.XSHG,balance,2018-12-31,2018q4,,2019-03-30,longterm_equity_invest,3653000000.0,balance.csv,longterm_equity_invest,quarterly_direct,identity_q1_or_ytd_diff,
601328.XSHG,balance,2018-12-31,2018q4,,2019-03-30,investment_property,7899000000.0,balance.csv,investment_property,quarterly_direct,identity_q1_or_ytd_diff,
601328.XSHG,balance,2018-12-31,2018q4,,2019-03-30,fixed_assets,150895000000.0,balance.csv,fixed_assets,quarterly_direct,identity_q1_or_ytd_diff,
601328.XSHG,balance,2018-12-31,2018q4,,2019-03-30,constru_in_process,2391000000.0,balance.csv,constru_in_process,quarterly_direct,identity_q1_or_ytd_diff,
601328.XSHG,balance,2018-12-31,2018q4,,2019-03-30,intangible_assets,3178000000.0,balance.csv,intangible_assets,quarterly_direct,identity_q1_or_ytd_diff,
601328.XSHG,balance,2018-12-31,2018q4,,2019-03-30,good_will,,balance.csv,good_will,,identity_q1_or_ytd_diff,missing_raw_value
601328.XSHG,balance,2018-12-31,2018q4,,2019-03-30,long_deferred_expense,,balance.csv,long_deferred_expense,,identity_q1_or_ytd_diff,missing_raw_value
601328.XSHG,balance,2018-12-31,2018q4,,2019-03-30,deferred_tax_assets,21975000000.0,balance.csv,deferred_tax_assets,quarterly_direct,identity_q1_or_ytd_diff,
601328.XSHG,balance,2018-12-31,2018q4,,2019-03-30,other_non_current_assets,,balance.csv,other_non_current_assets,,identity_q1_or_ytd_diff,missing_raw_value
601328.XSHG,balance,2018-12-31,2018q4,,2019-03-30,total_non_current_assets,,balance.csv,total_non_current_assets,,identity_q1_or_ytd_diff,missing_raw_value
601328.XSHG,balance,2018-12-31,2018q4,,2019-03-30,total_assets,9531171000000.0,balance.csv,total_assets,quarterly_direct,identity_q1_or_ytd_diff,
601328.XSHG,balance,2018-12-31,2018q4,,2019-03-30,shortterm_loan,0.0,balance.csv,shortterm_loan,quarterly_direct,identity_q1_or_ytd_diff,
601328.XSHG,balance,2018-12-31,2018q4,,2019-03-30,borrowing_from_centralbank,520138000000.0,balance.csv,borrowing_from_centralbank,quarterly_direct,identity_q1_or_ytd_diff,
601328.XSHG,balance,2018-12-31,2018q4,,2019-03-30,deposit_in_interbank,6894648000000.0,balance.csv,deposit_in_interbank,quarterly_direct,identity_q1_or_ytd_diff,
601328.XSHG,balance,2018-12-31,2018q4,,2019-03-30,borrowing_capital,403318000000.0,balance.csv,borrowing_capital,quarterly_direct,identity_q1_or_ytd_diff,
601328.XSHG,balance,2018-12-31,2018q4,,2019-03-30,trading_liability,23109000000.0,balance.csv,trading_liability,quarterly_direct,identity_q1_or_ytd_diff,
601328.XSHG,balance,2018-12-31,2018q4,,2019-03-30,notes_payable,,balance.csv,notes_payable,,identity_q1_or_ytd_diff,missing_raw_value
601328.XSHG,balance,2018-12-31,2018q4,,2019-03-30,accounts_payable,,balance.csv,accounts_payable,,identity_q1_or_ytd_diff,missing_raw_value
601328.XSHG,balance,2018-12-31,2018q4,,2019-03-30,advance_peceipts,,balance.csv,advance_peceipts,,identity_q1_or_ytd_diff,missing_raw_value
601328.XSHG,balance,2018-12-31,2018q4,,2019-03-30,sold_buyback_secu_proceeds,137513000000.0,balance.csv,sold_buyback_secu_proceeds,quarterly_direct,identity_q1_or_ytd_diff,
601328.XSHG,balance,2018-12-31,2018q4,,2019-03-30,commission_payable,,balance.csv,commission_payable,,identity_q1_or_ytd_diff,missing_raw_value
601328.XSHG,balance,2018-12-31,2018q4,,2019-03-30,salaries_payable,9309000000.0,balance.csv,salaries_payable,quarterly_direct,identity_q1_or_ytd_diff,
601328.XSHG,balance,2018-12-31,2018q4,,2019-03-30,taxs_payable,6794000000.0,balance.csv,taxs_payable,quarterly_direct,identity_q1_or_ytd_diff,
601328.XSHG,balance,2018-12-31,2018q4,,2019-03-30,interest_payable,,balance.csv,interest_payable,,identity_q1_or_ytd_diff,missing_raw_value
601328.XSHG,balance,2018-12-31,2018q4,,2019-03-30,other_payable,,balance.csv,other_payable,,identity_q1_or_ytd_diff,missing_raw_value
601328.XSHG,balance,2018-12-31,2018q4,,2019-03-30,insurance_contract_reserves,0.0,balance.csv,insurance_contract_reserves,quarterly_direct,identity_q1_or_ytd_diff,
601328.XSHG,balance,2018-12-31,2018q4,,2019-03-30,proxy_secu_proceeds,,balance.csv,proxy_secu_proceeds,,identity_q1_or_ytd_diff,missing_raw_value
601328.XSHG,balance,2018-12-31,2018q4,,2019-03-30,non_current_liability_in_one_year,,balance.csv,non_current_liability_in_one_year,,identity_q1_or_ytd_diff,missing_raw_value
601328.XSHG,balance,2018-12-31,2018q4,,2019-03-30,other_current_liability,,balance.csv,other_current_liability,,identity_q1_or_ytd_diff,missing_raw_value
601328.XSHG,balance,2018-12-31,2018q4,,2019-03-30,total_current_liability,,balance.csv,total_current_liability,,identity_q1_or_ytd_diff,missing_raw_value
601328.XSHG,balance,2018-12-31,2018q4,,2019-03-30,longterm_loan,,balance.csv,longterm_loan,,identity_q1_or_ytd_diff,missing_raw_value
601328.XSHG,balance,2018-12-31,2018q4,,2019-03-30,bonds_payable,317688000000.0,balance.csv,bonds_payable,quarterly_direct,identity_q1_or_ytd_diff,
601328.XSHG,balance,2018-12-31,2018q4,,2019-03-30,estimate_liability,6063000000.0,balance.csv,estimate_liability,quarterly_direct,identity_q1_or_ytd_diff,
601328.XSHG,balance,2018-12-31,2018q4,,2019-03-30,deferred_tax_liability,598000000.0,balance.csv,deferred_tax_liability,quarterly_direct,identity_q1_or_ytd_diff,
601328.XSHG,balance,2018-12-31,2018q4,,2019-03-30,other_non_current_liability,,balance.csv,other_non_current_liability,,identity_q1_or_ytd_diff,missing_raw_value
601328.XSHG,balance,2018-12-31,2018q4,,2019-03-30,total_non_current_liability,,balance.csv,total_non_current_liability,,identity_q1_or_ytd_diff,missing_raw_value
601328.XSHG,balance,2018-12-31,2018q4,,2019-03-30,total_liability,8825863000000.0,balance.csv,total_liability,quarterly_direct,identity_q1_or_ytd_diff,
601328.XSHG,balance,2018-12-31,2018q4,,2019-03-30,paidin_capital,74263000000.0,balance.csv,paidin_capital,quarterly_direct,identity_q1_or_ytd_diff,
601328.XSHG,balance,2018-12-31,2018q4,,2019-03-30,capital_reserve_fund,113663000000.0,balance.csv,capital_reserve_fund,quarterly_direct,identity_q1_or_ytd_diff,
601328.XSHG,balance,2018-12-31,2018q4,,2019-03-30,treasury_stock,,balance.csv,treasury_stock,,identity_q1_or_ytd_diff,missing_raw_value
601328.XSHG,balance,2018-12-31,2018q4,,2019-03-30,surplus_reserve_fund,204312000000.0,balance.csv,surplus_reserve_fund,quarterly_direct,identity_q1_or_ytd_diff,
601328.XSHG,balance,2018-12-31,2018q4,,2019-03-30,ordinary_risk_reserve_fund,114281000000.0,balance.csv,ordinary_risk_reserve_fund,quarterly_direct,identity_q1_or_ytd_diff,
601328.XSHG,balance,2018-12-31,2018q4,,2019-03-30,retained_profit,129161000000.0,balance.csv,retained_profit,quarterly_direct,identity_q1_or_ytd_diff,
601328.XSHG,balance,2018-12-31,2018q4,,2019-03-30,equities_parent_company_owners,698405000000.0,balance.csv,equities_parent_company_owners,quarterly_direct,identity_q1_or_ytd_diff,
601328.XSHG,balance,2018-12-31,2018q4,,2019-03-30,minority_interests,6903000000.0,balance.csv,minority_interests,quarterly_direct,identity_q1_or_ytd_diff,
601328.XSHG,balance,2018-12-31,2018q4,,2019-03-30,total_owner_equities,705308000000.0,balance.csv,total_owner_equities,quarterly_direct,identity_q1_or_ytd_diff,
601328.XSHG,balance,2018-12-31,2018q4,,2019-03-30,other_comprehensive_income,2849000000.0,balance.csv,other_comprehensive_income,quarterly_direct,identity_q1_or_ytd_diff,
601328.XSHG,balance,2018-12-31,2018q4,,2019-03-30,contract_assets,,balance.csv,contract_assets,,identity_q1_or_ytd_diff,missing_raw_value
601328.XSHG,balance,2018-12-31,2018q4,,2019-03-30,contract_liability,,balance.csv,contract_liability,,identity_q1_or_ytd_diff,missing_raw_value
601328.XSHG,balance,2018-12-31,2018q4,,2019-03-30,usufruct_assets,,balance.csv,usufruct_assets,,identity_q1_or_ytd_diff,missing_raw_value
601328.XSHG,balance,2019-03-31,2019q1,,2019-04-30,cash_equivalents,927258000000.0,balance.csv,cash_equivalents,quarterly_direct,identity_q1_or_ytd_diff,
601328.XSHG,balance,2019-03-31,2019q1,,2019-04-30,settlement_provi,,balance.csv,settlement_provi,,identity_q1_or_ytd_diff,missing_raw_value
601328.XSHG,balance,2019-03-31,2019q1,,2019-04-30,lend_capital,528654000000.0,balance.csv,lend_capital,quarterly_direct,identity_q1_or_ytd_diff,
601328.XSHG,balance,2019-03-31,2019q1,,2019-04-30,trading_assets,445778000000.0,balance.csv,trading_assets,quarterly_direct,identity_q1_or_ytd_diff,
601328.XSHG,balance,2019-03-31,2019q1,,2019-04-30,bill_receivable,,balance.csv,bill_receivable,,identity_q1_or_ytd_diff,missing_raw_value
601328.XSHG,balance,2019-03-31,2019q1,,2019-04-30,account_receivable,,balance.csv,account_receivable,,identity_q1_or_ytd_diff,missing_raw_value
601328.XSHG,balance,2019-03-31,2019q1,,2019-04-30,advance_payment,,balance.csv,advance_payment,,identity_q1_or_ytd_diff,missing_raw_value
601328.XSHG,balance,2019-03-31,2019q1,,2019-04-30,insurance_receivables,,balance.csv,insurance_receivables,,identity_q1_or_ytd_diff,missing_raw_value
601328.XSHG,balance,2019-03-31,2019q1,,2019-04-30,interest_receivable,,balance.csv,interest_receivable,,identity_q1_or_ytd_diff,missing_raw_value
601328.XSHG,balance,2019-03-31,2019q1,,2019-04-30,other_receivable,,balance.csv,other_receivable,,identity_q1_or_ytd_diff,missing_raw_value
601328.XSHG,balance,2019-03-31,2019q1,,2019-04-30,bought_sellback_assets,108380000000.0,balance.csv,bought_sellback_assets,quarterly_direct,identity_q1_or_ytd_diff,
601328.XSHG,balance,2019-03-31,2019q1,,2019-04-30,inventories,,balance.csv,inventories,,identity_q1_or_ytd_diff,missing_raw_value
601328.XSHG,balance,2019-03-31,2019q1,,2019-04-30,other_current_assets,,balance.csv,other_current_assets,,identity_q1_or_ytd_diff,missing_raw_value
601328.XSHG,balance,2019-03-31,2019q1,,2019-04-30,total_current_assets,,balance.csv,total_current_assets,,identity_q1_or_ytd_diff,missing_raw_value
601328.XSHG,balance,2019-03-31,2019q1,,2019-04-30,loan_and_advance,,balance.csv,loan_and_advance,,identity_q1_or_ytd_diff,missing_raw_value
601328.XSHG,balance,2019-03-31,2019q1,,2019-04-30,hold_for_sale_assets,,balance.csv,hold_for_sale_assets,,identity_q1_or_ytd_diff,missing_raw_value
601328.XSHG,balance,2019-03-31,2019q1,,2019-04-30,hold_to_maturity_investments,,balance.csv,hold_to_maturity_investments,,identity_q1_or_ytd_diff,missing_raw_value
601328.XSHG,balance,2019-03-31,2019q1,,2019-04-30,longterm_equity_invest,3790000000.0,balance.csv,longterm_equity_invest,quarterly_direct,identity_q1_or_ytd_diff,
601328.XSHG,balance,2019-03-31,2019q1,,2019-04-30,investment_property,7892000000.0,balance.csv,investment_property,quarterly_direct,identity_q1_or_ytd_diff,
601328.XSHG,balance,2019-03-31,2019q1,,2019-04-30,fixed_assets,156829000000.0,balance.csv,fixed_assets,quarterly_direct,identity_q1_or_ytd_diff,
601328.XSHG,balance,2019-03-31,2019q1,,2019-04-30,constru_in_process,2635000000.0,balance.csv,constru_in_process,quarterly_direct,identity_q1_or_ytd_diff,
601328.XSHG,balance,2019-03-31,2019q1,,2019-04-30,intangible_assets,3131000000.0,balance.csv,intangible_assets,quarterly_direct,identity_q1_or_ytd_diff,
601328.XSHG,balance,2019-03-31,2019q1,,2019-04-30,good_will,,balance.csv,good_will,,identity_q1_or_ytd_diff,missing_raw_value
601328.XSHG,balance,2019-03-31,2019q1,,2019-04-30,long_deferred_expense,,balance.csv,long_deferred_expense,,identity_q1_or_ytd_diff,missing_raw_value
601328.XSHG,balance,2019-03-31,2019q1,,2019-04-30,deferred_tax_assets,25554000000.0,balance.csv,deferred_tax_assets,quarterly_direct,identity_q1_or_ytd_diff,
601328.XSHG,balance,2019-03-31,2019q1,,2019-04-30,other_non_current_assets,,balance.csv,other_non_current_assets,,identity_q1_or_ytd_diff,missing_raw_value
601328.XSHG,balance,2019-03-31,2019q1,,2019-04-30,total_non_current_assets,,balance.csv,total_non_current_assets,,identity_q1_or_ytd_diff,missing_raw_value
601328.XSHG,balance,2019-03-31,2019q1,,2019-04-30,total_assets,9785747000000.0,balance.csv,total_assets,quarterly_direct,identity_q1_or_ytd_diff,
601328.XSHG,balance,2019-03-31,2019q1,,2019-04-30,shortterm_loan,0.0,balance.csv,shortterm_loan,quarterly_direct,identity_q1_or_ytd_diff,
601328.XSHG,balance,2019-03-31,2019q1,,2019-04-30,borrowing_from_centralbank,418105000000.0,balance.csv,borrowing_from_centralbank,quarterly_direct,identity_q1_or_ytd_diff,
601328.XSHG,balance,2019-03-31,2019q1,,2019-04-30,deposit_in_interbank,7131543000000.0,balance.csv,deposit_in_interbank,quarterly_direct,identity_q1_or_ytd_diff,
601328.XSHG,balance,2019-03-31,2019q1,,2019-04-30,borrowing_capital,428364000000.0,balance.csv,borrowing_capital,quarterly_direct,identity_q1_or_ytd_diff,
601328.XSHG,balance,2019-03-31,2019q1,,2019-04-30,trading_liability,24826000000.0,balance.csv,trading_liability,quarterly_direct,identity_q1_or_ytd_diff,
601328.XSHG,balance,2019-03-31,2019q1,,2019-04-30,notes_payable,,balance.csv,notes_payable,,identity_q1_or_ytd_diff,missing_raw_value
601328.XSHG,balance,2019-03-31,2019q1,,2019-04-30,accounts_payable,,balance.csv,accounts_payable,,identity_q1_or_ytd_diff,missing_raw_value
601328.XSHG,balance,2019-03-31,2019q1,,2019-04-30,advance_peceipts,,balance.csv,advance_peceipts,,identity_q1_or_ytd_diff,missing_raw_value
601328.XSHG,balance,2019-03-31,2019q1,,2019-04-30,sold_buyback_secu_proceeds,77586000000.0,balance.csv,sold_buyback_secu_proceeds,quarterly_direct,identity_q1_or_ytd_diff,
601328.XSHG,balance,2019-03-31,2019q1,,2019-04-30,commission_payable,,balance.csv,commission_payable,,identity_q1_or_ytd_diff,missing_raw_value
601328.XSHG,balance,2019-03-31,2019q1,,2019-04-30,salaries_payable,4592000000.0,balance.csv,salaries_payable,quarterly_direct,identity_q1_or_ytd_diff,
601328.XSHG,balance,2019-03-31,2019q1,,2019-04-30,taxs_payable,13914000000.0,balance.csv,taxs_payable,quarterly_direct,identity_q1_or_ytd_diff,
601328.XSHG,balance,2019-03-31,2019q1,,2019-04-30,interest_payable,,balance.csv,interest_payable,,identity_q1_or_ytd_diff,missing_raw_value
601328.XSHG,balance,2019-03-31,2019q1,,2019-04-30,other_payable,,balance.csv,other_payable,,identity_q1_or_ytd_diff,missing_raw_value
601328.XSHG,balance,2019-03-31,2019q1,,2019-04-30,insurance_contract_reserves,0.0,balance.csv,insurance_contract_reserves,quarterly_direct,identity_q1_or_ytd_diff,
601328.XSHG,balance,2019-03-31,2019q1,,2019-04-30,proxy_secu_proceeds,,balance.csv,proxy_secu_proceeds,,identity_q1_or_ytd_diff,missing_raw_value
601328.XSHG,balance,2019-03-31,2019q1,,2019-04-30,non_current_liability_in_one_year,,balance.csv,non_current_liability_in_one_year,,identity_q1_or_ytd_diff,missing_raw_value
601328.XSHG,balance,2019-03-31,2019q1,,2019-04-30,other_current_liability,,balance.csv,other_current_liability,,identity_q1_or_ytd_diff,missing_raw_value
601328.XSHG,balance,2019-03-31,2019q1,,2019-04-30,total_current_liability,,balance.csv,total_current_liability,,identity_q1_or_ytd_diff,missing_raw_value
601328.XSHG,balance,2019-03-31,2019q1,,2019-04-30,longterm_loan,,balance.csv,longterm_loan,,identity_q1_or_ytd_diff,missing_raw_value
601328.XSHG,balance,2019-03-31,2019q1,,2019-04-30,bonds_payable,332909000000.0,balance.csv,bonds_payable,quarterly_direct,identity_q1_or_ytd_diff,
601328.XSHG,balance,2019-03-31,2019q1,,2019-04-30,estimate_liability,5667000000.0,balance.csv,estimate_liability,quarterly_direct,identity_q1_or_ytd_diff,
601328.XSHG,balance,2019-03-31,2019q1,,2019-04-30,deferred_tax_liability,664000000.0,balance.csv,deferred_tax_liability,quarterly_direct,identity_q1_or_ytd_diff,
601328.XSHG,balance,2019-03-31,2019q1,,2019-04-30,other_non_current_liability,,balance.csv,other_non_current_liability,,identity_q1_or_ytd_diff,missing_raw_value
601328.XSHG,balance,2019-03-31,2019q1,,2019-04-30,total_non_current_liability,,balance.csv,total_non_current_liability,,identity_q1_or_ytd_diff,missing_raw_value
601328.XSHG,balance,2019-03-31,2019q1,,2019-04-30,total_liability,9059865000000.0,balance.csv,total_liability,quarterly_direct,identity_q1_or_ytd_diff,
601328.XSHG,balance,2019-03-31,2019q1,,2019-04-30,paidin_capital,74263000000.0,balance.csv,paidin_capital,quarterly_direct,identity_q1_or_ytd_diff,
601328.XSHG,balance,2019-03-31,2019q1,,2019-04-30,capital_reserve_fund,113663000000.0,balance.csv,capital_reserve_fund,quarterly_direct,identity_q1_or_ytd_diff,
601328.XSHG,balance,2019-03-31,2019q1,,2019-04-30,treasury_stock,,balance.csv,treasury_stock,,identity_q1_or_ytd_diff,missing_raw_value
601328.XSHG,balance,2019-03-31,2019q1,,2019-04-30,surplus_reserve_fund,204422000000.0,balance.csv,surplus_reserve_fund,quarterly_direct,identity_q1_or_ytd_diff,
601328.XSHG,balance,2019-03-31,2019q1,,2019-04-30,ordinary_risk_reserve_fund,114369000000.0,balance.csv,ordinary_risk_reserve_fund,quarterly_direct,identity_q1_or_ytd_diff,
601328.XSHG,balance,2019-03-31,2019q1,,2019-04-30,retained_profit,149418000000.0,balance.csv,retained_profit,quarterly_direct,identity_q1_or_ytd_diff,
601328.XSHG,balance,2019-03-31,2019q1,,2019-04-30,equities_parent_company_owners,718715000000.0,balance.csv,equities_parent_company_owners,quarterly_direct,identity_q1_or_ytd_diff,
601328.XSHG,balance,2019-03-31,2019q1,,2019-04-30,minority_interests,7167000000.0,balance.csv,minority_interests,quarterly_direct,identity_q1_or_ytd_diff,
601328.XSHG,balance,2019-03-31,2019q1,,2019-04-30,total_owner_equities,725882000000.0,balance.csv,total_owner_equities,quarterly_direct,identity_q1_or_ytd_diff,
601328.XSHG,balance,2019-03-31,2019q1,,2019-04-30,other_comprehensive_income,2704000000.0,balance.csv,other_comprehensive_income,quarterly_direct,identity_q1_or_ytd_diff,
601328.XSHG,balance,2019-03-31,2019q1,,2019-04-30,contract_assets,,balance.csv,contract_assets,,identity_q1_or_ytd_diff,missing_raw_value
601328.XSHG,balance,2019-03-31,2019q1,,2019-04-30,contract_liability,,balance.csv,contract_liability,,identity_q1_or_ytd_diff,missing_raw_value
601328.XSHG,balance,2019-03-31,2019q1,,2019-04-30,usufruct_assets,,balance.csv,usufruct_assets,,identity_q1_or_ytd_diff,missing_raw_value
601328.XSHG,balance,2019-06-30,2019q2,,2019-08-28,cash_equivalents,953296000000.0,balance.csv,cash_equivalents,quarterly_direct,identity_q1_or_ytd_diff,
601328.XSHG,balance,2019-06-30,2019q2,,2019-08-28,settlement_provi,,balance.csv,settlement_provi,,identity_q1_or_ytd_diff,missing_raw_value
601328.XSHG,balance,2019-06-30,2019q2,,2019-08-28,lend_capital,595946000000.0,balance.csv,lend_capital,quarterly_direct,identity_q1_or_ytd_diff,
601328.XSHG,balance,2019-06-30,2019q2,,2019-08-28,trading_assets,449304000000.0,balance.csv,trading_assets,quarterly_direct,identity_q1_or_ytd_diff,
601328.XSHG,balance,2019-06-30,2019q2,,2019-08-28,bill_receivable,,balance.csv,bill_receivable,,identity_q1_or_ytd_diff,missing_raw_value
601328.XSHG,balance,2019-06-30,2019q2,,2019-08-28,account_receivable,,balance.csv,account_receivable,,identity_q1_or_ytd_diff,missing_raw_value
601328.XSHG,balance,2019-06-30,2019q2,,2019-08-28,advance_payment,,balance.csv,advance_payment,,identity_q1_or_ytd_diff,missing_raw_value
601328.XSHG,balance,2019-06-30,2019q2,,2019-08-28,insurance_receivables,,balance.csv,insurance_receivables,,identity_q1_or_ytd_diff,missing_raw_value
601328.XSHG,balance,2019-06-30,2019q2,,2019-08-28,interest_receivable,,balance.csv,interest_receivable,,identity_q1_or_ytd_diff,missing_raw_value
601328.XSHG,balance,2019-06-30,2019q2,,2019-08-28,other_receivable,,balance.csv,other_receivable,,identity_q1_or_ytd_diff,missing_raw_value
601328.XSHG,balance,2019-06-30,2019q2,,2019-08-28,bought_sellback_assets,40496000000.0,balance.csv,bought_sellback_assets,quarterly_direct,identity_q1_or_ytd_diff,
601328.XSHG,balance,2019-06-30,2019q2,,2019-08-28,inventories,,balance.csv,inventories,,identity_q1_or_ytd_diff,missing_raw_value
601328.XSHG,balance,2019-06-30,2019q2,,2019-08-28,other_current_assets,,balance.csv,other_current_assets,,identity_q1_or_ytd_diff,missing_raw_value
601328.XSHG,balance,2019-06-30,2019q2,,2019-08-28,total_current_assets,,balance.csv,total_current_assets,,identity_q1_or_ytd_diff,missing_raw_value
601328.XSHG,balance,2019-06-30,2019q2,,2019-08-28,loan_and_advance,,balance.csv,loan_and_advance,,identity_q1_or_ytd_diff,missing_raw_value
601328.XSHG,balance,2019-06-30,2019q2,,2019-08-28,hold_for_sale_assets,,balance.csv,hold_for_sale_assets,,identity_q1_or_ytd_diff,missing_raw_value
601328.XSHG,balance,2019-06-30,2019q2,,2019-08-28,hold_to_maturity_investments,,balance.csv,hold_to_maturity_investments,,identity_q1_or_ytd_diff,missing_raw_value
601328.XSHG,balance,2019-06-30,2019q2,,2019-08-28,longterm_equity_invest,4384000000.0,balance.csv,longterm_equity_invest,quarterly_direct,identity_q1_or_ytd_diff,
601328.XSHG,balance,2019-06-30,2019q2,,2019-08-28,investment_property,7949000000.0,balance.csv,investment_property,quarterly_direct,identity_q1_or_ytd_diff,
601328.XSHG,balance,2019-06-30,2019q2,,2019-08-28,fixed_assets,163019000000.0,balance.csv,fixed_assets,quarterly_direct,identity_q1_or_ytd_diff,
601328.XSHG,balance,2019-06-30,2019q2,,2019-08-28,constru_in_process,2708000000.0,balance.csv,constru_in_process,quarterly_direct,identity_q1_or_ytd_diff,
601328.XSHG,balance,2019-06-30,2019q2,,2019-08-28,intangible_assets,3073000000.0,balance.csv,intangible_assets,quarterly_direct,identity_q1_or_ytd_diff,
601328.XSHG,balance,2019-06-30,2019q2,,2019-08-28,good_will,,balance.csv,good_will,,identity_q1_or_ytd_diff,missing_raw_value
601328.XSHG,balance,2019-06-30,2019q2,,2019-08-28,long_deferred_expense,,balance.csv,long_deferred_expense,,identity_q1_or_ytd_diff,missing_raw_value
601328.XSHG,balance,2019-06-30,2019q2,,2019-08-28,deferred_tax_assets,23125000000.0,balance.csv,deferred_tax_assets,quarterly_direct,identity_q1_or_ytd_diff,
601328.XSHG,balance,2019-06-30,2019q2,,2019-08-28,other_non_current_assets,,balance.csv,other_non_current_assets,,identity_q1_or_ytd_diff,missing_raw_value
601328.XSHG,balance,2019-06-30,2019q2,,2019-08-28,total_non_current_assets,,balance.csv,total_non_current_assets,,identity_q1_or_ytd_diff,missing_raw_value
601328.XSHG,balance,2019-06-30,2019q2,,2019-08-28,total_assets,9886608000000.0,balance.csv,total_assets,quarterly_direct,identity_q1_or_ytd_diff,
601328.XSHG,balance,2019-06-30,2019q2,,2019-08-28,shortterm_loan,0.0,balance.csv,shortterm_loan,quarterly_direct,identity_q1_or_ytd_diff,
601328.XSHG,balance,2019-06-30,2019q2,,2019-08-28,borrowing_from_centralbank,441055000000.0,balance.csv,borrowing_from_centralbank,quarterly_direct,identity_q1_or_ytd_diff,
601328.XSHG,balance,2019-06-30,2019q2,,2019-08-28,deposit_in_interbank,7080596000000.0,balance.csv,deposit_in_interbank,quarterly_direct,identity_q1_or_ytd_diff,
601328.XSHG,balance,2019-06-30,2019q2,,2019-08-28,borrowing_capital,485823000000.0,balance.csv,borrowing_capital,quarterly_direct,identity_q1_or_ytd_diff,
601328.XSHG,balance,2019-06-30,2019q2,,2019-08-28,trading_liability,28465000000.0,balance.csv,trading_liability,quarterly_direct,identity_q1_or_ytd_diff,
601328.XSHG,balance,2019-06-30,2019q2,,2019-08-28,notes_payable,,balance.csv,notes_payable,,identity_q1_or_ytd_diff,missing_raw_value
601328.XSHG,balance,2019-06-30,2019q2,,2019-08-28,accounts_payable,,balance.csv,accounts_payable,,identity_q1_or_ytd_diff,missing_raw_value
601328.XSHG,balance,2019-06-30,2019q2,,2019-08-28,advance_peceipts,,balance.csv,advance_peceipts,,identity_q1_or_ytd_diff,missing_raw_value
601328.XSHG,balance,2019-06-30,2019q2,,2019-08-28,sold_buyback_secu_proceeds,80493000000.0,balance.csv,sold_buyback_secu_proceeds,quarterly_direct,identity_q1_or_ytd_diff,
601328.XSHG,balance,2019-06-30,2019q2,,2019-08-28,commission_payable,,balance.csv,commission_payable,,identity_q1_or_ytd_diff,missing_raw_value
601328.XSHG,balance,2019-06-30,2019q2,,2019-08-28,salaries_payable,5054000000.0,balance.csv,salaries_payable,quarterly_direct,identity_q1_or_ytd_diff,
601328.XSHG,balance,2019-06-30,2019q2,,2019-08-28,taxs_payable,10982000000.0,balance.csv,taxs_payable,quarterly_direct,identity_q1_or_ytd_diff,
601328.XSHG,balance,2019-06-30,2019q2,,2019-08-28,interest_payable,,balance.csv,interest_payable,,identity_q1_or_ytd_diff,missing_raw_value
601328.XSHG,balance,2019-06-30,2019q2,,2019-08-28,other_payable,,balance.csv,other_payable,,identity_q1_or_ytd_diff,missing_raw_value
601328.XSHG,balance,2019-06-30,2019q2,,2019-08-28,insurance_contract_reserves,0.0,balance.csv,insurance_contract_reserves,quarterly_direct,identity_q1_or_ytd_diff,
601328.XSHG,balance,2019-06-30,2019q2,,2019-08-28,proxy_secu_proceeds,,balance.csv,proxy_secu_proceeds,,identity_q1_or_ytd_diff,missing_raw_value
601328.XSHG,balance,2019-06-30,2019q2,,2019-08-28,non_current_liability_in_one_year,,balance.csv,non_current_liability_in_one_year,,identity_q1_or_ytd_diff,missing_raw_value
601328.XSHG,balance,2019-06-30,2019q2,,2019-08-28,other_current_liability,,balance.csv,other_current_liability,,identity_q1_or_ytd_diff,missing_raw_value
601328.XSHG,balance,2019-06-30,2019q2,,2019-08-28,total_current_liability,,balance.csv,total_current_liability,,identity_q1_or_ytd_diff,missing_raw_value
601328.XSHG,balance,2019-06-30,2019q2,,2019-08-28,longterm_loan,,balance.csv,longterm_loan,,identity_q1_or_ytd_diff,missing_raw_value
601328.XSHG,balance,2019-06-30,2019q2,,2019-08-28,bonds_payable,337972000000.0,balance.csv,bonds_payable,quarterly_direct,identity_q1_or_ytd_diff,
601328.XSHG,balance,2019-06-30,2019q2,,2019-08-28,estimate_liability,5245000000.0,balance.csv,estimate_liability,quarterly_direct,identity_q1_or_ytd_diff,
601328.XSHG,balance,2019-06-30,2019q2,,2019-08-28,deferred_tax_liability,670000000.0,balance.csv,deferred_tax_liability,quarterly_direct,identity_q1_or_ytd_diff,
601328.XSHG,balance,2019-06-30,2019q2,,2019-08-28,other_non_current_liability,,balance.csv,other_non_current_liability,,identity_q1_or_ytd_diff,missing_raw_value
601328.XSHG,balance,2019-06-30,2019q2,,2019-08-28,total_non_current_liability,,balance.csv,total_non_current_liability,,identity_q1_or_ytd_diff,missing_raw_value
601328.XSHG,balance,2019-06-30,2019q2,,2019-08-28,total_liability,9162860000000.0,balance.csv,total_liability,quarterly_direct,identity_q1_or_ytd_diff,
601328.XSHG,balance,2019-06-30,2019q2,,2019-08-28,paidin_capital,74263000000.0,balance.csv,paidin_capital,quarterly_direct,identity_q1_or_ytd_diff,
601328.XSHG,balance,2019-06-30,2019q2,,2019-08-28,capital_reserve_fund,113663000000.0,balance.csv,capital_reserve_fund,quarterly_direct,identity_q1_or_ytd_diff,
601328.XSHG,balance,2019-06-30,2019q2,,2019-08-28,treasury_stock,,balance.csv,treasury_stock,,identity_q1_or_ytd_diff,missing_raw_value
601328.XSHG,balance,2019-06-30,2019q2,,2019-08-28,surplus_reserve_fund,204441000000.0,balance.csv,surplus_reserve_fund,quarterly_direct,identity_q1_or_ytd_diff,
601328.XSHG,balance,2019-06-30,2019q2,,2019-08-28,ordinary_risk_reserve_fund,117131000000.0,balance.csv,ordinary_risk_reserve_fund,quarterly_direct,identity_q1_or_ytd_diff,
601328.XSHG,balance,2019-06-30,2019q2,,2019-08-28,retained_profit,143365000000.0,balance.csv,retained_profit,quarterly_direct,identity_q1_or_ytd_diff,
601328.XSHG,balance,2019-06-30,2019q2,,2019-08-28,equities_parent_company_owners,716490000000.0,balance.csv,equities_parent_company_owners,quarterly_direct,identity_q1_or_ytd_diff,
601328.XSHG,balance,2019-06-30,2019q2,,2019-08-28,minority_interests,7258000000.0,balance.csv,minority_interests,quarterly_direct,identity_q1_or_ytd_diff,
601328.XSHG,balance,2019-06-30,2019q2,,2019-08-28,total_owner_equities,723748000000.0,balance.csv,total_owner_equities,quarterly_direct,identity_q1_or_ytd_diff,
601328.XSHG,balance,2019-06-30,2019q2,,2019-08-28,other_comprehensive_income,3751000000.0,balance.csv,other_comprehensive_income,quarterly_direct,identity_q1_or_ytd_diff,
601328.XSHG,balance,2019-06-30,2019q2,,2019-08-28,contract_assets,,balance.csv,contract_assets,,identity_q1_or_ytd_diff,missing_raw_value
601328.XSHG,balance,2019-06-30,2019q2,,2019-08-28,contract_liability,,balance.csv,contract_liability,,identity_q1_or_ytd_diff,missing_raw_value
601328.XSHG,balance,2019-06-30,2019q2,,2019-08-28,usufruct_assets,,balance.csv,usufruct_assets,,identity_q1_or_ytd_diff,missing_raw_value
601328.XSHG,balance,2019-09-30,2019q3,,2019-10-26,cash_equivalents,943846000000.0,balance.csv,cash_equivalents,quarterly_direct,identity_q1_or_ytd_diff,
601328.XSHG,balance,2019-09-30,2019q3,,2019-10-26,settlement_provi,,balance.csv,settlement_provi,,identity_q1_or_ytd_diff,missing_raw_value
601328.XSHG,balance,2019-09-30,2019q3,,2019-10-26,lend_capital,568437000000.0,balance.csv,lend_capital,quarterly_direct,identity_q1_or_ytd_diff,
601328.XSHG,balance,2019-09-30,2019q3,,2019-10-26,trading_assets,417667000000.0,balance.csv,trading_assets,quarterly_direct,identity_q1_or_ytd_diff,
601328.XSHG,balance,2019-09-30,2019q3,,2019-10-26,bill_receivable,,balance.csv,bill_receivable,,identity_q1_or_ytd_diff,missing_raw_value
601328.XSHG,balance,2019-09-30,2019q3,,2019-10-26,account_receivable,,balance.csv,account_receivable,,identity_q1_or_ytd_diff,missing_raw_value
601328.XSHG,balance,2019-09-30,2019q3,,2019-10-26,advance_payment,,balance.csv,advance_payment,,identity_q1_or_ytd_diff,missing_raw_value
601328.XSHG,balance,2019-09-30,2019q3,,2019-10-26,insurance_receivables,,balance.csv,insurance_receivables,,identity_q1_or_ytd_diff,missing_raw_value
601328.XSHG,balance,2019-09-30,2019q3,,2019-10-26,interest_receivable,,balance.csv,interest_receivable,,identity_q1_or_ytd_diff,missing_raw_value
601328.XSHG,balance,2019-09-30,2019q3,,2019-10-26,other_receivable,,balance.csv,other_receivable,,identity_q1_or_ytd_diff,missing_raw_value
601328.XSHG,balance,2019-09-30,2019q3,,2019-10-26,bought_sellback_assets,21579000000.0,balance.csv,bought_sellback_assets,quarterly_direct,identity_q1_or_ytd_diff,
601328.XSHG,balance,2019-09-30,2019q3,,2019-10-26,inventories,,balance.csv,inventories,,identity_q1_or_ytd_diff,missing_raw_value
601328.XSHG,balance,2019-09-30,2019q3,,2019-10-26,other_current_assets,,balance.csv,other_current_assets,,identity_q1_or_ytd_diff,missing_raw_value
601328.XSHG,balance,2019-09-30,2019q3,,2019-10-26,total_current_assets,,balance.csv,total_current_assets,,identity_q1_or_ytd_diff,missing_raw_value
601328.XSHG,balance,2019-09-30,2019q3,,2019-10-26,loan_and_advance,,balance.csv,loan_and_advance,,identity_q1_or_ytd_diff,missing_raw_value
601328.XSHG,balance,2019-09-30,2019q3,,2019-10-26,hold_for_sale_assets,,balance.csv,hold_for_sale_assets,,identity_q1_or_ytd_diff,missing_raw_value
601328.XSHG,balance,2019-09-30,2019q3,,2019-10-26,hold_to_maturity_investments,,balance.csv,hold_to_maturity_investments,,identity_q1_or_ytd_diff,missing_raw_value
601328.XSHG,balance,2019-09-30,2019q3,,2019-10-26,longterm_equity_invest,4457000000.0,balance.csv,longterm_equity_invest,quarterly_direct,identity_q1_or_ytd_diff,
601328.XSHG,balance,2019-09-30,2019q3,,2019-10-26,investment_property,7975000000.0,balance.csv,investment_property,quarterly_direct,identity_q1_or_ytd_diff,
601328.XSHG,balance,2019-09-30,2019q3,,2019-10-26,fixed_assets,166294000000.0,balance.csv,fixed_assets,quarterly_direct,identity_q1_or_ytd_diff,
601328.XSHG,balance,2019-09-30,2019q3,,2019-10-26,constru_in_process,2707000000.0,balance.csv,constru_in_process,quarterly_direct,identity_q1_or_ytd_diff,
601328.XSHG,balance,2019-09-30,2019q3,,2019-10-26,intangible_assets,3082000000.0,balance.csv,intangible_assets,quarterly_direct,identity_q1_or_ytd_diff,
601328.XSHG,balance,2019-09-30,2019q3,,2019-10-26,good_will,,balance.csv,good_will,,identity_q1_or_ytd_diff,missing_raw_value
601328.XSHG,balance,2019-09-30,2019q3,,2019-10-26,long_deferred_expense,,balance.csv,long_deferred_expense,,identity_q1_or_ytd_diff,missing_raw_value
601328.XSHG,balance,2019-09-30,2019q3,,2019-10-26,deferred_tax_assets,25268000000.0,balance.csv,deferred_tax_assets,quarterly_direct,identity_q1_or_ytd_diff,
601328.XSHG,balance,2019-09-30,2019q3,,2019-10-26,other_non_current_assets,,balance.csv,other_non_current_assets,,identity_q1_or_ytd_diff,missing_raw_value
601328.XSHG,balance,2019-09-30,2019q3,,2019-10-26,total_non_current_assets,,balance.csv,total_non_current_assets,,identity_q1_or_ytd_diff,missing_raw_value
601328.XSHG,balance,2019-09-30,2019q3,,2019-10-26,total_assets,9932879000000.0,balance.csv,total_assets,quarterly_direct,identity_q1_or_ytd_diff,
601328.XSHG,balance,2019-09-30,2019q3,,2019-10-26,shortterm_loan,0.0,balance.csv,shortterm_loan,quarterly_direct,identity_q1_or_ytd_diff,
601328.XSHG,balance,2019-09-30,2019q3,,2019-10-26,borrowing_from_centralbank,432921000000.0,balance.csv,borrowing_from_centralbank,quarterly_direct,identity_q1_or_ytd_diff,
601328.XSHG,balance,2019-09-30,2019q3,,2019-10-26,deposit_in_interbank,7053304000000.0,balance.csv,deposit_in_interbank,quarterly_direct,identity_q1_or_ytd_diff,
601328.XSHG,balance,2019-09-30,2019q3,,2019-10-26,borrowing_capital,462312000000.0,balance.csv,borrowing_capital,quarterly_direct,identity_q1_or_ytd_diff,
601328.XSHG,balance,2019-09-30,2019q3,,2019-10-26,trading_liability,27955000000.0,balance.csv,trading_liability,quarterly_direct,identity_q1_or_ytd_diff,
601328.XSHG,balance,2019-09-30,2019q3,,2019-10-26,notes_payable,,balance.csv,notes_payable,,identity_q1_or_ytd_diff,missing_raw_value
601328.XSHG,balance,2019-09-30,2019q3,,2019-10-26,accounts_payable,,balance.csv,accounts_payable,,identity_q1_or_ytd_diff,missing_raw_value
601328.XSHG,balance,2019-09-30,2019q3,,2019-10-26,advance_peceipts,,balance.csv,advance_peceipts,,identity_q1_or_ytd_diff,missing_raw_value
601328.XSHG,balance,2019-09-30,2019q3,,2019-10-26,sold_buyback_secu_proceeds,123220000000.0,balance.csv,sold_buyback_secu_proceeds,quarterly_direct,identity_q1_or_ytd_diff,
601328.XSHG,balance,2019-09-30,2019q3,,2019-10-26,commission_payable,,balance.csv,commission_payable,,identity_q1_or_ytd_diff,missing_raw_value
601328.XSHG,balance,2019-09-30,2019q3,,2019-10-26,salaries_payable,6353000000.0,balance.csv,salaries_payable,quarterly_direct,identity_q1_or_ytd_diff,
601328.XSHG,balance,2019-09-30,2019q3,,2019-10-26,taxs_payable,12947000000.0,balance.csv,taxs_payable,quarterly_direct,identity_q1_or_ytd_diff,
601328.XSHG,balance,2019-09-30,2019q3,,2019-10-26,interest_payable,,balance.csv,interest_payable,,identity_q1_or_ytd_diff,missing_raw_value
601328.XSHG,balance,2019-09-30,2019q3,,2019-10-26,other_payable,,balance.csv,other_payable,,identity_q1_or_ytd_diff,missing_raw_value
601328.XSHG,balance,2019-09-30,2019q3,,2019-10-26,insurance_contract_reserves,0.0,balance.csv,insurance_contract_reserves,quarterly_direct,identity_q1_or_ytd_diff,
601328.XSHG,balance,2019-09-30,2019q3,,2019-10-26,proxy_secu_proceeds,,balance.csv,proxy_secu_proceeds,,identity_q1_or_ytd_diff,missing_raw_value
601328.XSHG,balance,2019-09-30,2019q3,,2019-10-26,non_current_liability_in_one_year,,balance.csv,non_current_liability_in_one_year,,identity_q1_or_ytd_diff,missing_raw_value
601328.XSHG,balance,2019-09-30,2019q3,,2019-10-26,other_current_liability,,balance.csv,other_current_liability,,identity_q1_or_ytd_diff,missing_raw_value
601328.XSHG,balance,2019-09-30,2019q3,,2019-10-26,total_current_liability,,balance.csv,total_current_liability,,identity_q1_or_ytd_diff,missing_raw_value
601328.XSHG,balance,2019-09-30,2019q3,,2019-10-26,longterm_loan,,balance.csv,longterm_loan,,identity_q1_or_ytd_diff,missing_raw_value
601328.XSHG,balance,2019-09-30,2019q3,,2019-10-26,bonds_payable,335430000000.0,balance.csv,bonds_payable,quarterly_direct,identity_q1_or_ytd_diff,
601328.XSHG,balance,2019-09-30,2019q3,,2019-10-26,estimate_liability,6294000000.0,balance.csv,estimate_liability,quarterly_direct,identity_q1_or_ytd_diff,
601328.XSHG,balance,2019-09-30,2019q3,,2019-10-26,deferred_tax_liability,766000000.0,balance.csv,deferred_tax_liability,quarterly_direct,identity_q1_or_ytd_diff,
601328.XSHG,balance,2019-09-30,2019q3,,2019-10-26,other_non_current_liability,,balance.csv,other_non_current_liability,,identity_q1_or_ytd_diff,missing_raw_value
601328.XSHG,balance,2019-09-30,2019q3,,2019-10-26,total_non_current_liability,,balance.csv,total_non_current_liability,,identity_q1_or_ytd_diff,missing_raw_value
601328.XSHG,balance,2019-09-30,2019q3,,2019-10-26,total_liability,9150055000000.0,balance.csv,total_liability,quarterly_direct,identity_q1_or_ytd_diff,
601328.XSHG,balance,2019-09-30,2019q3,,2019-10-26,paidin_capital,74263000000.0,balance.csv,paidin_capital,quarterly_direct,identity_q1_or_ytd_diff,
601328.XSHG,balance,2019-09-30,2019q3,,2019-10-26,capital_reserve_fund,113663000000.0,balance.csv,capital_reserve_fund,quarterly_direct,identity_q1_or_ytd_diff,
601328.XSHG,balance,2019-09-30,2019q3,,2019-10-26,treasury_stock,,balance.csv,treasury_stock,,identity_q1_or_ytd_diff,missing_raw_value
601328.XSHG,balance,2019-09-30,2019q3,,2019-10-26,surplus_reserve_fund,204439000000.0,balance.csv,surplus_reserve_fund,quarterly_direct,identity_q1_or_ytd_diff,
601328.XSHG,balance,2019-09-30,2019q3,,2019-10-26,ordinary_risk_reserve_fund,117232000000.0,balance.csv,ordinary_risk_reserve_fund,quarterly_direct,identity_q1_or_ytd_diff,
601328.XSHG,balance,2019-09-30,2019q3,,2019-10-26,retained_profit,160664000000.0,balance.csv,retained_profit,quarterly_direct,identity_q1_or_ytd_diff,
601328.XSHG,balance,2019-09-30,2019q3,,2019-10-26,equities_parent_company_owners,775337000000.0,balance.csv,equities_parent_company_owners,quarterly_direct,identity_q1_or_ytd_diff,
601328.XSHG,balance,2019-09-30,2019q3,,2019-10-26,minority_interests,7487000000.0,balance.csv,minority_interests,quarterly_direct,identity_q1_or_ytd_diff,
601328.XSHG,balance,2019-09-30,2019q3,,2019-10-26,total_owner_equities,782824000000.0,balance.csv,total_owner_equities,quarterly_direct,identity_q1_or_ytd_diff,
601328.XSHG,balance,2019-09-30,2019q3,,2019-10-26,other_comprehensive_income,5206000000.0,balance.csv,other_comprehensive_income,quarterly_direct,identity_q1_or_ytd_diff,
601328.XSHG,balance,2019-09-30,2019q3,,2019-10-26,contract_assets,,balance.csv,contract_assets,,identity_q1_or_ytd_diff,missing_raw_value
601328.XSHG,balance,2019-09-30,2019q3,,2019-10-26,contract_liability,,balance.csv,contract_liability,,identity_q1_or_ytd_diff,missing_raw_value
601328.XSHG,balance,2019-09-30,2019q3,,2019-10-26,usufruct_assets,,balance.csv,usufruct_assets,,identity_q1_or_ytd_diff,missing_raw_value
601328.XSHG,balance,2019-12-31,2019q4,,2020-03-28,cash_equivalents,896840000000.0,balance.csv,cash_equivalents,quarterly_direct,identity_q1_or_ytd_diff,
601328.XSHG,balance,2019-12-31,2019q4,,2020-03-28,settlement_provi,,balance.csv,settlement_provi,,identity_q1_or_ytd_diff,missing_raw_value
601328.XSHG,balance,2019-12-31,2019q4,,2020-03-28,lend_capital,496278000000.0,balance.csv,lend_capital,quarterly_direct,identity_q1_or_ytd_diff,
601328.XSHG,balance,2019-12-31,2019q4,,2020-03-28,trading_assets,406498000000.0,balance.csv,trading_assets,quarterly_direct,identity_q1_or_ytd_diff,
601328.XSHG,balance,2019-12-31,2019q4,,2020-03-28,bill_receivable,,balance.csv,bill_receivable,,identity_q1_or_ytd_diff,missing_raw_value
601328.XSHG,balance,2019-12-31,2019q4,,2020-03-28,account_receivable,,balance.csv,account_receivable,,identity_q1_or_ytd_diff,missing_raw_value
601328.XSHG,balance,2019-12-31,2019q4,,2020-03-28,advance_payment,,balance.csv,advance_payment,,identity_q1_or_ytd_diff,missing_raw_value
601328.XSHG,balance,2019-12-31,2019q4,,2020-03-28,insurance_receivables,,balance.csv,insurance_receivables,,identity_q1_or_ytd_diff,missing_raw_value
601328.XSHG,balance,2019-12-31,2019q4,,2020-03-28,interest_receivable,,balance.csv,interest_receivable,,identity_q1_or_ytd_diff,missing_raw_value
601328.XSHG,balance,2019-12-31,2019q4,,2020-03-28,other_receivable,,balance.csv,other_receivable,,identity_q1_or_ytd_diff,missing_raw_value
601328.XSHG,balance,2019-12-31,2019q4,,2020-03-28,bought_sellback_assets,15555000000.0,balance.csv,bought_sellback_assets,quarterly_direct,identity_q1_or_ytd_diff,
601328.XSHG,balance,2019-12-31,2019q4,,2020-03-28,inventories,,balance.csv,inventories,,identity_q1_or_ytd_diff,missing_raw_value
601328.XSHG,balance,2019-12-31,2019q4,,2020-03-28,other_current_assets,,balance.csv,other_current_assets,,identity_q1_or_ytd_diff,missing_raw_value
601328.XSHG,balance,2019-12-31,2019q4,,2020-03-28,total_current_assets,,balance.csv,total_current_assets,,identity_q1_or_ytd_diff,missing_raw_value
601328.XSHG,balance,2019-12-31,2019q4,,2020-03-28,loan_and_advance,,balance.csv,loan_and_advance,,identity_q1_or_ytd_diff,missing_raw_value
601328.XSHG,balance,2019-12-31,2019q4,,2020-03-28,hold_for_sale_assets,,balance.csv,hold_for_sale_assets,,identity_q1_or_ytd_diff,missing_raw_value
601328.XSHG,balance,2019-12-31,2019q4,,2020-03-28,hold_to_maturity_investments,,balance.csv,hold_to_maturity_investments,,identity_q1_or_ytd_diff,missing_raw_value
601328.XSHG,balance,2019-12-31,2019q4,,2020-03-28,longterm_equity_invest,4600000000.0,balance.csv,longterm_equity_invest,quarterly_direct,identity_q1_or_ytd_diff,
601328.XSHG,balance,2019-12-31,2019q4,,2020-03-28,investment_property,7894000000.0,balance.csv,investment_property,quarterly_direct,identity_q1_or_ytd_diff,
601328.XSHG,balance,2019-12-31,2019q4,,2020-03-28,fixed_assets,168570000000.0,balance.csv,fixed_assets,quarterly_direct,identity_q1_or_ytd_diff,
601328.XSHG,balance,2019-12-31,2019q4,,2020-03-28,constru_in_process,2609000000.0,balance.csv,constru_in_process,quarterly_direct,identity_q1_or_ytd_diff,
601328.XSHG,balance,2019-12-31,2019q4,,2020-03-28,intangible_assets,3304000000.0,balance.csv,intangible_assets,quarterly_direct,identity_q1_or_ytd_diff,
601328.XSHG,balance,2019-12-31,2019q4,,2020-03-28,good_will,,balance.csv,good_will,,identity_q1_or_ytd_diff,missing_raw_value
601328.XSHG,balance,2019-12-31,2019q4,,2020-03-28,long_deferred_expense,,balance.csv,long_deferred_expense,,identity_q1_or_ytd_diff,missing_raw_value
601328.XSHG,balance,2019-12-31,2019q4,,2020-03-28,deferred_tax_assets,24065000000.0,balance.csv,deferred_tax_assets,quarterly_direct,identity_q1_or_ytd_diff,
601328.XSHG,balance,2019-12-31,2019q4,,2020-03-28,other_non_current_assets,,balance.csv,other_non_current_assets,,identity_q1_or_ytd_diff,missing_raw_value
601328.XSHG,balance,2019-12-31,2019q4,,2020-03-28,total_non_current_assets,,balance.csv,total_non_current_assets,,identity_q1_or_ytd_diff,missing_raw_value
601328.XSHG,balance,2019-12-31,2019q4,,2020-03-28,total_assets,9905600000000.0,balance.csv,total_assets,quarterly_direct,identity_q1_or_ytd_diff,
601328.XSHG,balance,2019-12-31,2019q4,,2020-03-28,shortterm_loan,0.0,balance.csv,shortterm_loan,quarterly_direct,identity_q1_or_ytd_diff,
601328.XSHG,balance,2019-12-31,2019q4,,2020-03-28,borrowing_from_centralbank,462933000000.0,balance.csv,borrowing_from_centralbank,quarterly_direct,identity_q1_or_ytd_diff,
601328.XSHG,balance,2019-12-31,2019q4,,2020-03-28,deposit_in_interbank,6994562000000.0,balance.csv,deposit_in_interbank,quarterly_direct,identity_q1_or_ytd_diff,
601328.XSHG,balance,2019-12-31,2019q4,,2020-03-28,borrowing_capital,412637000000.0,balance.csv,borrowing_capital,quarterly_direct,identity_q1_or_ytd_diff,
601328.XSHG,balance,2019-12-31,2019q4,,2020-03-28,trading_liability,26980000000.0,balance.csv,trading_liability,quarterly_direct,identity_q1_or_ytd_diff,
601328.XSHG,balance,2019-12-31,2019q4,,2020-03-28,notes_payable,,balance.csv,notes_payable,,identity_q1_or_ytd_diff,missing_raw_value
601328.XSHG,balance,2019-12-31,2019q4,,2020-03-28,accounts_payable,,balance.csv,accounts_payable,,identity_q1_or_ytd_diff,missing_raw_value
601328.XSHG,balance,2019-12-31,2019q4,,2020-03-28,advance_peceipts,,balance.csv,advance_peceipts,,identity_q1_or_ytd_diff,missing_raw_value
601328.XSHG,balance,2019-12-31,2019q4,,2020-03-28,sold_buyback_secu_proceeds,106858000000.0,balance.csv,sold_buyback_secu_proceeds,quarterly_direct,identity_q1_or_ytd_diff,
601328.XSHG,balance,2019-12-31,2019q4,,2020-03-28,commission_payable,,balance.csv,commission_payable,,identity_q1_or_ytd_diff,missing_raw_value
601328.XSHG,balance,2019-12-31,2019q4,,2020-03-28,salaries_payable,11118000000.0,balance.csv,salaries_payable,quarterly_direct,identity_q1_or_ytd_diff,
601328.XSHG,balance,2019-12-31,2019q4,,2020-03-28,taxs_payable,11622000000.0,balance.csv,taxs_payable,quarterly_direct,identity_q1_or_ytd_diff,
601328.XSHG,balance,2019-12-31,2019q4,,2020-03-28,interest_payable,,balance.csv,interest_payable,,identity_q1_or_ytd_diff,missing_raw_value
601328.XSHG,balance,2019-12-31,2019q4,,2020-03-28,other_payable,,balance.csv,other_payable,,identity_q1_or_ytd_diff,missing_raw_value
601328.XSHG,balance,2019-12-31,2019q4,,2020-03-28,insurance_contract_reserves,0.0,balance.csv,insurance_contract_reserves,quarterly_direct,identity_q1_or_ytd_diff,
601328.XSHG,balance,2019-12-31,2019q4,,2020-03-28,proxy_secu_proceeds,,balance.csv,proxy_secu_proceeds,,identity_q1_or_ytd_diff,missing_raw_value
601328.XSHG,balance,2019-12-31,2019q4,,2020-03-28,non_current_liability_in_one_year,,balance.csv,non_current_liability_in_one_year,,identity_q1_or_ytd_diff,missing_raw_value
601328.XSHG,balance,2019-12-31,2019q4,,2020-03-28,other_current_liability,,balance.csv,other_current_liability,,identity_q1_or_ytd_diff,missing_raw_value
601328.XSHG,balance,2019-12-31,2019q4,,2020-03-28,total_current_liability,,balance.csv,total_current_liability,,identity_q1_or_ytd_diff,missing_raw_value
601328.XSHG,balance,2019-12-31,2019q4,,2020-03-28,longterm_loan,,balance.csv,longterm_loan,,identity_q1_or_ytd_diff,missing_raw_value
601328.XSHG,balance,2019-12-31,2019q4,,2020-03-28,bonds_payable,403918000000.0,balance.csv,bonds_payable,quarterly_direct,identity_q1_or_ytd_diff,
601328.XSHG,balance,2019-12-31,2019q4,,2020-03-28,estimate_liability,7361000000.0,balance.csv,estimate_liability,quarterly_direct,identity_q1_or_ytd_diff,
601328.XSHG,balance,2019-12-31,2019q4,,2020-03-28,deferred_tax_liability,918000000.0,balance.csv,deferred_tax_liability,quarterly_direct,identity_q1_or_ytd_diff,
601328.XSHG,balance,2019-12-31,2019q4,,2020-03-28,other_non_current_liability,,balance.csv,other_non_current_liability,,identity_q1_or_ytd_diff,missing_raw_value
601328.XSHG,balance,2019-12-31,2019q4,,2020-03-28,total_non_current_liability,,balance.csv,total_non_current_liability,,identity_q1_or_ytd_diff,missing_raw_value
601328.XSHG,balance,2019-12-31,2019q4,,2020-03-28,total_liability,9104688000000.0,balance.csv,total_liability,quarterly_direct,identity_q1_or_ytd_diff,
601328.XSHG,balance,2019-12-31,2019q4,,2020-03-28,paidin_capital,74263000000.0,balance.csv,paidin_capital,quarterly_direct,identity_q1_or_ytd_diff,
601328.XSHG,balance,2019-12-31,2019q4,,2020-03-28,capital_reserve_fund,113663000000.0,balance.csv,capital_reserve_fund,quarterly_direct,identity_q1_or_ytd_diff,
601328.XSHG,balance,2019-12-31,2019q4,,2020-03-28,treasury_stock,,balance.csv,treasury_stock,,identity_q1_or_ytd_diff,missing_raw_value
601328.XSHG,balance,2019-12-31,2019q4,,2020-03-28,surplus_reserve_fund,204750000000.0,balance.csv,surplus_reserve_fund,quarterly_direct,identity_q1_or_ytd_diff,
601328.XSHG,balance,2019-12-31,2019q4,,2020-03-28,ordinary_risk_reserve_fund,117567000000.0,balance.csv,ordinary_risk_reserve_fund,quarterly_direct,identity_q1_or_ytd_diff,
601328.XSHG,balance,2019-12-31,2019q4,,2020-03-28,retained_profit,177141000000.0,balance.csv,retained_profit,quarterly_direct,identity_q1_or_ytd_diff,
601328.XSHG,balance,2019-12-31,2019q4,,2020-03-28,equities_parent_company_owners,793247000000.0,balance.csv,equities_parent_company_owners,quarterly_direct,identity_q1_or_ytd_diff,
601328.XSHG,balance,2019-12-31,2019q4,,2020-03-28,minority_interests,7665000000.0,balance.csv,minority_interests,quarterly_direct,identity_q1_or_ytd_diff,
601328.XSHG,balance,2019-12-31,2019q4,,2020-03-28,total_owner_equities,800912000000.0,balance.csv,total_owner_equities,quarterly_direct,identity_q1_or_ytd_diff,
601328.XSHG,balance,2019-12-31,2019q4,,2020-03-28,other_comprehensive_income,5993000000.0,balance.csv,other_comprehensive_income,quarterly_direct,identity_q1_or_ytd_diff,
601328.XSHG,balance,2019-12-31,2019q4,,2020-03-28,contract_assets,,balance.csv,contract_assets,,identity_q1_or_ytd_diff,missing_raw_value
601328.XSHG,balance,2019-12-31,2019q4,,2020-03-28,contract_liability,,balance.csv,contract_liability,,identity_q1_or_ytd_diff,missing_raw_value
601328.XSHG,balance,2019-12-31,2019q4,,2020-03-28,usufruct_assets,,balance.csv,usufruct_assets,,identity_q1_or_ytd_diff,missing_raw_value
601328.XSHG,balance,2020-03-31,2020q1,,2020-04-29,cash_equivalents,918148000000.0,balance.csv,cash_equivalents,quarterly_direct,identity_q1_or_ytd_diff,
601328.XSHG,balance,2020-03-31,2020q1,,2020-04-29,settlement_provi,,balance.csv,settlement_provi,,identity_q1_or_ytd_diff,missing_raw_value
601328.XSHG,balance,2020-03-31,2020q1,,2020-04-29,lend_capital,476527000000.0,balance.csv,lend_capital,quarterly_direct,identity_q1_or_ytd_diff,
601328.XSHG,balance,2020-03-31,2020q1,,2020-04-29,trading_assets,520750000000.0,balance.csv,trading_assets,quarterly_direct,identity_q1_or_ytd_diff,
601328.XSHG,balance,2020-03-31,2020q1,,2020-04-29,bill_receivable,,balance.csv,bill_receivable,,identity_q1_or_ytd_diff,missing_raw_value
601328.XSHG,balance,2020-03-31,2020q1,,2020-04-29,account_receivable,,balance.csv,account_receivable,,identity_q1_or_ytd_diff,missing_raw_value
601328.XSHG,balance,2020-03-31,2020q1,,2020-04-29,advance_payment,,balance.csv,advance_payment,,identity_q1_or_ytd_diff,missing_raw_value
601328.XSHG,balance,2020-03-31,2020q1,,2020-04-29,insurance_receivables,,balance.csv,insurance_receivables,,identity_q1_or_ytd_diff,missing_raw_value
601328.XSHG,balance,2020-03-31,2020q1,,2020-04-29,interest_receivable,,balance.csv,interest_receivable,,identity_q1_or_ytd_diff,missing_raw_value
601328.XSHG,balance,2020-03-31,2020q1,,2020-04-29,other_receivable,,balance.csv,other_receivable,,identity_q1_or_ytd_diff,missing_raw_value
601328.XSHG,balance,2020-03-31,2020q1,,2020-04-29,bought_sellback_assets,46496000000.0,balance.csv,bought_sellback_assets,quarterly_direct,identity_q1_or_ytd_diff,
601328.XSHG,balance,2020-03-31,2020q1,,2020-04-29,inventories,,balance.csv,inventories,,identity_q1_or_ytd_diff,missing_raw_value
601328.XSHG,balance,2020-03-31,2020q1,,2020-04-29,other_current_assets,,balance.csv,other_current_assets,,identity_q1_or_ytd_diff,missing_raw_value
601328.XSHG,balance,2020-03-31,2020q1,,2020-04-29,total_current_assets,,balance.csv,total_current_assets,,identity_q1_or_ytd_diff,missing_raw_value
601328.XSHG,balance,2020-03-31,2020q1,,2020-04-29,loan_and_advance,,balance.csv,loan_and_advance,,identity_q1_or_ytd_diff,missing_raw_value
601328.XSHG,balance,2020-03-31,2020q1,,2020-04-29,hold_for_sale_assets,,balance.csv,hold_for_sale_assets,,identity_q1_or_ytd_diff,missing_raw_value
601328.XSHG,balance,2020-03-31,2020q1,,2020-04-29,hold_to_maturity_investments,,balance.csv,hold_to_maturity_investments,,identity_q1_or_ytd_diff,missing_raw_value
601328.XSHG,balance,2020-03-31,2020q1,,2020-04-29,longterm_equity_invest,4627000000.0,balance.csv,longterm_equity_invest,quarterly_direct,identity_q1_or_ytd_diff,
601328.XSHG,balance,2020-03-31,2020q1,,2020-04-29,investment_property,7903000000.0,balance.csv,investment_property,quarterly_direct,identity_q1_or_ytd_diff,
601328.XSHG,balance,2020-03-31,2020q1,,2020-04-29,fixed_assets,166456000000.0,balance.csv,fixed_assets,quarterly_direct,identity_q1_or_ytd_diff,
601328.XSHG,balance,2020-03-31,2020q1,,2020-04-29,constru_in_process,2774000000.0,balance.csv,constru_in_process,quarterly_direct,identity_q1_or_ytd_diff,
601328.XSHG,balance,2020-03-31,2020q1,,2020-04-29,intangible_assets,3323000000.0,balance.csv,intangible_assets,quarterly_direct,identity_q1_or_ytd_diff,
601328.XSHG,balance,2020-03-31,2020q1,,2020-04-29,good_will,,balance.csv,good_will,,identity_q1_or_ytd_diff,missing_raw_value
601328.XSHG,balance,2020-03-31,2020q1,,2020-04-29,long_deferred_expense,,balance.csv,long_deferred_expense,,identity_q1_or_ytd_diff,missing_raw_value
601328.XSHG,balance,2020-03-31,2020q1,,2020-04-29,deferred_tax_assets,24369000000.0,balance.csv,deferred_tax_assets,quarterly_direct,identity_q1_or_ytd_diff,
601328.XSHG,balance,2020-03-31,2020q1,,2020-04-29,other_non_current_assets,,balance.csv,other_non_current_assets,,identity_q1_or_ytd_diff,missing_raw_value
601328.XSHG,balance,2020-03-31,2020q1,,2020-04-29,total_non_current_assets,,balance.csv,total_non_current_assets,,identity_q1_or_ytd_diff,missing_raw_value
601328.XSHG,balance,2020-03-31,2020q1,,2020-04-29,total_assets,10454383000000.0,balance.csv,total_assets,quarterly_direct,identity_q1_or_ytd_diff,
601328.XSHG,balance,2020-03-31,2020q1,,2020-04-29,shortterm_loan,0.0,balance.csv,shortterm_loan,quarterly_direct,identity_q1_or_ytd_diff,
601328.XSHG,balance,2020-03-31,2020q1,,2020-04-29,borrowing_from_centralbank,573184000000.0,balance.csv,borrowing_from_centralbank,quarterly_direct,identity_q1_or_ytd_diff,
601328.XSHG,balance,2020-03-31,2020q1,,2020-04-29,deposit_in_interbank,7338633000000.0,balance.csv,deposit_in_interbank,quarterly_direct,identity_q1_or_ytd_diff,
601328.XSHG,balance,2020-03-31,2020q1,,2020-04-29,borrowing_capital,418782000000.0,balance.csv,borrowing_capital,quarterly_direct,identity_q1_or_ytd_diff,
601328.XSHG,balance,2020-03-31,2020q1,,2020-04-29,trading_liability,27171000000.0,balance.csv,trading_liability,quarterly_direct,identity_q1_or_ytd_diff,
601328.XSHG,balance,2020-03-31,2020q1,,2020-04-29,notes_payable,,balance.csv,notes_payable,,identity_q1_or_ytd_diff,missing_raw_value
601328.XSHG,balance,2020-03-31,2020q1,,2020-04-29,accounts_payable,,balance.csv,accounts_payable,,identity_q1_or_ytd_diff,missing_raw_value
601328.XSHG,balance,2020-03-31,2020q1,,2020-04-29,advance_peceipts,,balance.csv,advance_peceipts,,identity_q1_or_ytd_diff,missing_raw_value
601328.XSHG,balance,2020-03-31,2020q1,,2020-04-29,sold_buyback_secu_proceeds,60737000000.0,balance.csv,sold_buyback_secu_proceeds,quarterly_direct,identity_q1_or_ytd_diff,
601328.XSHG,balance,2020-03-31,2020q1,,2020-04-29,commission_payable,,balance.csv,commission_payable,,identity_q1_or_ytd_diff,missing_raw_value
601328.XSHG,balance,2020-03-31,2020q1,,2020-04-29,salaries_payable,4607000000.0,balance.csv,salaries_payable,quarterly_direct,identity_q1_or_ytd_diff,
601328.XSHG,balance,2020-03-31,2020q1,,2020-04-29,taxs_payable,12878000000.0,balance.csv,taxs_payable,quarterly_direct,identity_q1_or_ytd_diff,
601328.XSHG,balance,2020-03-31,2020q1,,2020-04-29,interest_payable,,balance.csv,interest_payable,,identity_q1_or_ytd_diff,missing_raw_value
601328.XSHG,balance,2020-03-31,2020q1,,2020-04-29,other_payable,,balance.csv,other_payable,,identity_q1_or_ytd_diff,missing_raw_value
601328.XSHG,balance,2020-03-31,2020q1,,2020-04-29,insurance_contract_reserves,0.0,balance.csv,insurance_contract_reserves,quarterly_direct,identity_q1_or_ytd_diff,
601328.XSHG,balance,2020-03-31,2020q1,,2020-04-29,proxy_secu_proceeds,,balance.csv,proxy_secu_proceeds,,identity_q1_or_ytd_diff,missing_raw_value
601328.XSHG,balance,2020-03-31,2020q1,,2020-04-29,non_current_liability_in_one_year,,balance.csv,non_current_liability_in_one_year,,identity_q1_or_ytd_diff,missing_raw_value
601328.XSHG,balance,2020-03-31,2020q1,,2020-04-29,other_current_liability,,balance.csv,other_current_liability,,identity_q1_or_ytd_diff,missing_raw_value
601328.XSHG,balance,2020-03-31,2020q1,,2020-04-29,total_current_liability,,balance.csv,total_current_liability,,identity_q1_or_ytd_diff,missing_raw_value
601328.XSHG,balance,2020-03-31,2020q1,,2020-04-29,longterm_loan,,balance.csv,longterm_loan,,identity_q1_or_ytd_diff,missing_raw_value
601328.XSHG,balance,2020-03-31,2020q1,,2020-04-29,bonds_payable,424833000000.0,balance.csv,bonds_payable,quarterly_direct,identity_q1_or_ytd_diff,
601328.XSHG,balance,2020-03-31,2020q1,,2020-04-29,estimate_liability,7186000000.0,balance.csv,estimate_liability,quarterly_direct,identity_q1_or_ytd_diff,
601328.XSHG,balance,2020-03-31,2020q1,,2020-04-29,deferred_tax_liability,879000000.0,balance.csv,deferred_tax_liability,quarterly_direct,identity_q1_or_ytd_diff,
601328.XSHG,balance,2020-03-31,2020q1,,2020-04-29,other_non_current_liability,,balance.csv,other_non_current_liability,,identity_q1_or_ytd_diff,missing_raw_value
601328.XSHG,balance,2020-03-31,2020q1,,2020-04-29,total_non_current_liability,,balance.csv,total_non_current_liability,,identity_q1_or_ytd_diff,missing_raw_value
601328.XSHG,balance,2020-03-31,2020q1,,2020-04-29,total_liability,9632654000000.0,balance.csv,total_liability,quarterly_direct,identity_q1_or_ytd_diff,
601328.XSHG,balance,2020-03-31,2020q1,,2020-04-29,paidin_capital,74263000000.0,balance.csv,paidin_capital,quarterly_direct,identity_q1_or_ytd_diff,
601328.XSHG,balance,2020-03-31,2020q1,,2020-04-29,capital_reserve_fund,113663000000.0,balance.csv,capital_reserve_fund,quarterly_direct,identity_q1_or_ytd_diff,
601328.XSHG,balance,2020-03-31,2020q1,,2020-04-29,treasury_stock,,balance.csv,treasury_stock,,identity_q1_or_ytd_diff,missing_raw_value
601328.XSHG,balance,2020-03-31,2020q1,,2020-04-29,surplus_reserve_fund,204779000000.0,balance.csv,surplus_reserve_fund,quarterly_direct,identity_q1_or_ytd_diff,
601328.XSHG,balance,2020-03-31,2020q1,,2020-04-29,ordinary_risk_reserve_fund,117638000000.0,balance.csv,ordinary_risk_reserve_fund,quarterly_direct,identity_q1_or_ytd_diff,
601328.XSHG,balance,2020-03-31,2020q1,,2020-04-29,retained_profit,195778000000.0,balance.csv,retained_profit,quarterly_direct,identity_q1_or_ytd_diff,
601328.XSHG,balance,2020-03-31,2020q1,,2020-04-29,equities_parent_company_owners,810302000000.0,balance.csv,equities_parent_company_owners,quarterly_direct,identity_q1_or_ytd_diff,
601328.XSHG,balance,2020-03-31,2020q1,,2020-04-29,minority_interests,11427000000.0,balance.csv,minority_interests,quarterly_direct,identity_q1_or_ytd_diff,
601328.XSHG,balance,2020-03-31,2020q1,,2020-04-29,total_owner_equities,821729000000.0,balance.csv,total_owner_equities,quarterly_direct,identity_q1_or_ytd_diff,
601328.XSHG,balance,2020-03-31,2020q1,,2020-04-29,other_comprehensive_income,4311000000.0,balance.csv,other_comprehensive_income,quarterly_direct,identity_q1_or_ytd_diff,
601328.XSHG,balance,2020-03-31,2020q1,,2020-04-29,contract_assets,,balance.csv,contract_assets,,identity_q1_or_ytd_diff,missing_raw_value
601328.XSHG,balance,2020-03-31,2020q1,,2020-04-29,contract_liability,,balance.csv,contract_liability,,identity_q1_or_ytd_diff,missing_raw_value
601328.XSHG,balance,2020-03-31,2020q1,,2020-04-29,usufruct_assets,,balance.csv,usufruct_assets,,identity_q1_or_ytd_diff,missing_raw_value
601328.XSHG,balance,2020-06-30,2020q2,,2020-08-29,cash_equivalents,932541000000.0,balance.csv,cash_equivalents,quarterly_direct,identity_q1_or_ytd_diff,
601328.XSHG,balance,2020-06-30,2020q2,,2020-08-29,settlement_provi,,balance.csv,settlement_provi,,identity_q1_or_ytd_diff,missing_raw_value
601328.XSHG,balance,2020-06-30,2020q2,,2020-08-29,lend_capital,492605000000.0,balance.csv,lend_capital,quarterly_direct,identity_q1_or_ytd_diff,
601328.XSHG,balance,2020-06-30,2020q2,,2020-08-29,trading_assets,519544000000.0,balance.csv,trading_assets,quarterly_direct,identity_q1_or_ytd_diff,
601328.XSHG,balance,2020-06-30,2020q2,,2020-08-29,bill_receivable,,balance.csv,bill_receivable,,identity_q1_or_ytd_diff,missing_raw_value
601328.XSHG,balance,2020-06-30,2020q2,,2020-08-29,account_receivable,,balance.csv,account_receivable,,identity_q1_or_ytd_diff,missing_raw_value
601328.XSHG,balance,2020-06-30,2020q2,,2020-08-29,advance_payment,,balance.csv,advance_payment,,identity_q1_or_ytd_diff,missing_raw_value
601328.XSHG,balance,2020-06-30,2020q2,,2020-08-29,insurance_receivables,,balance.csv,insurance_receivables,,identity_q1_or_ytd_diff,missing_raw_value
601328.XSHG,balance,2020-06-30,2020q2,,2020-08-29,interest_receivable,,balance.csv,interest_receivable,,identity_q1_or_ytd_diff,missing_raw_value
601328.XSHG,balance,2020-06-30,2020q2,,2020-08-29,other_receivable,,balance.csv,other_receivable,,identity_q1_or_ytd_diff,missing_raw_value
601328.XSHG,balance,2020-06-30,2020q2,,2020-08-29,bought_sellback_assets,69101000000.0,balance.csv,bought_sellback_assets,quarterly_direct,identity_q1_or_ytd_diff,
601328.XSHG,balance,2020-06-30,2020q2,,2020-08-29,inventories,,balance.csv,inventories,,identity_q1_or_ytd_diff,missing_raw_value
601328.XSHG,balance,2020-06-30,2020q2,,2020-08-29,other_current_assets,,balance.csv,other_current_assets,,identity_q1_or_ytd_diff,missing_raw_value
601328.XSHG,balance,2020-06-30,2020q2,,2020-08-29,total_current_assets,,balance.csv,total_current_assets,,identity_q1_or_ytd_diff,missing_raw_value
601328.XSHG,balance,2020-06-30,2020q2,,2020-08-29,loan_and_advance,,balance.csv,loan_and_advance,,identity_q1_or_ytd_diff,missing_raw_value
601328.XSHG,balance,2020-06-30,2020q2,,2020-08-29,hold_for_sale_assets,,balance.csv,hold_for_sale_assets,,identity_q1_or_ytd_diff,missing_raw_value
601328.XSHG,balance,2020-06-30,2020q2,,2020-08-29,hold_to_maturity_investments,,balance.csv,hold_to_maturity_investments,,identity_q1_or_ytd_diff,missing_raw_value
601328.XSHG,balance,2020-06-30,2020q2,,2020-08-29,longterm_equity_invest,4745000000.0,balance.csv,longterm_equity_invest,quarterly_direct,identity_q1_or_ytd_diff,
601328.XSHG,balance,2020-06-30,2020q2,,2020-08-29,investment_property,7851000000.0,balance.csv,investment_property,quarterly_direct,identity_q1_or_ytd_diff,
601328.XSHG,balance,2020-06-30,2020q2,,2020-08-29,fixed_assets,172178000000.0,balance.csv,fixed_assets,quarterly_direct,identity_q1_or_ytd_diff,
601328.XSHG,balance,2020-06-30,2020q2,,2020-08-29,constru_in_process,2568000000.0,balance.csv,constru_in_process,quarterly_direct,identity_q1_or_ytd_diff,
601328.XSHG,balance,2020-06-30,2020q2,,2020-08-29,intangible_assets,3433000000.0,balance.csv,intangible_assets,quarterly_direct,identity_q1_or_ytd_diff,
601328.XSHG,balance,2020-06-30,2020q2,,2020-08-29,good_will,,balance.csv,good_will,,identity_q1_or_ytd_diff,missing_raw_value
601328.XSHG,balance,2020-06-30,2020q2,,2020-08-29,long_deferred_expense,,balance.csv,long_deferred_expense,,identity_q1_or_ytd_diff,missing_raw_value
601328.XSHG,balance,2020-06-30,2020q2,,2020-08-29,deferred_tax_assets,26045000000.0,balance.csv,deferred_tax_assets,quarterly_direct,identity_q1_or_ytd_diff,
601328.XSHG,balance,2020-06-30,2020q2,,2020-08-29,other_non_current_assets,,balance.csv,other_non_current_assets,,identity_q1_or_ytd_diff,missing_raw_value
601328.XSHG,balance,2020-06-30,2020q2,,2020-08-29,total_non_current_assets,,balance.csv,total_non_current_assets,,identity_q1_or_ytd_diff,missing_raw_value
601328.XSHG,balance,2020-06-30,2020q2,,2020-08-29,total_assets,10669932000000.0,balance.csv,total_assets,quarterly_direct,identity_q1_or_ytd_diff,
601328.XSHG,balance,2020-06-30,2020q2,,2020-08-29,shortterm_loan,0.0,balance.csv,shortterm_loan,quarterly_direct,identity_q1_or_ytd_diff,
601328.XSHG,balance,2020-06-30,2020q2,,2020-08-29,borrowing_from_centralbank,443434000000.0,balance.csv,borrowing_from_centralbank,quarterly_direct,identity_q1_or_ytd_diff,
601328.XSHG,balance,2020-06-30,2020q2,,2020-08-29,deposit_in_interbank,910793000000.0,balance.csv,deposit_in_interbank,quarterly_direct,identity_q1_or_ytd_diff,
601328.XSHG,balance,2020-06-30,2020q2,,2020-08-29,borrowing_capital,455058000000.0,balance.csv,borrowing_capital,quarterly_direct,identity_q1_or_ytd_diff,
601328.XSHG,balance,2020-06-30,2020q2,,2020-08-29,trading_liability,26916000000.0,balance.csv,trading_liability,quarterly_direct,identity_q1_or_ytd_diff,
601328.XSHG,balance,2020-06-30,2020q2,,2020-08-29,notes_payable,,balance.csv,notes_payable,,identity_q1_or_ytd_diff,missing_raw_value
601328.XSHG,balance,2020-06-30,2020q2,,2020-08-29,accounts_payable,,balance.csv,accounts_payable,,identity_q1_or_ytd_diff,missing_raw_value
601328.XSHG,balance,2020-06-30,2020q2,,2020-08-29,advance_peceipts,,balance.csv,advance_peceipts,,identity_q1_or_ytd_diff,missing_raw_value
601328.XSHG,balance,2020-06-30,2020q2,,2020-08-29,sold_buyback_secu_proceeds,107474000000.0,balance.csv,sold_buyback_secu_proceeds,quarterly_direct,identity_q1_or_ytd_diff,
601328.XSHG,balance,2020-06-30,2020q2,,2020-08-29,commission_payable,,balance.csv,commission_payable,,identity_q1_or_ytd_diff,missing_raw_value
601328.XSHG,balance,2020-06-30,2020q2,,2020-08-29,salaries_payable,6872000000.0,balance.csv,salaries_payable,quarterly_direct,identity_q1_or_ytd_diff,
601328.XSHG,balance,2020-06-30,2020q2,,2020-08-29,taxs_payable,10054000000.0,balance.csv,taxs_payable,quarterly_direct,identity_q1_or_ytd_diff,
601328.XSHG,balance,2020-06-30,2020q2,,2020-08-29,interest_payable,,balance.csv,interest_payable,,identity_q1_or_ytd_diff,missing_raw_value
601328.XSHG,balance,2020-06-30,2020q2,,2020-08-29,other_payable,,balance.csv,other_payable,,identity_q1_or_ytd_diff,missing_raw_value
601328.XSHG,balance,2020-06-30,2020q2,,2020-08-29,insurance_contract_reserves,0.0,balance.csv,insurance_contract_reserves,quarterly_direct,identity_q1_or_ytd_diff,
601328.XSHG,balance,2020-06-30,2020q2,,2020-08-29,proxy_secu_proceeds,,balance.csv,proxy_secu_proceeds,,identity_q1_or_ytd_diff,missing_raw_value
601328.XSHG,balance,2020-06-30,2020q2,,2020-08-29,non_current_liability_in_one_year,,balance.csv,non_current_liability_in_one_year,,identity_q1_or_ytd_diff,missing_raw_value
601328.XSHG,balance,2020-06-30,2020q2,,2020-08-29,other_current_liability,,balance.csv,other_current_liability,,identity_q1_or_ytd_diff,missing_raw_value
601328.XSHG,balance,2020-06-30,2020q2,,2020-08-29,total_current_liability,,balance.csv,total_current_liability,,identity_q1_or_ytd_diff,missing_raw_value
601328.XSHG,balance,2020-06-30,2020q2,,2020-08-29,longterm_loan,,balance.csv,longterm_loan,,identity_q1_or_ytd_diff,missing_raw_value
601328.XSHG,balance,2020-06-30,2020q2,,2020-08-29,bonds_payable,459405000000.0,balance.csv,bonds_payable,quarterly_direct,identity_q1_or_ytd_diff,
601328.XSHG,balance,2020-06-30,2020q2,,2020-08-29,estimate_liability,8893000000.0,balance.csv,estimate_liability,quarterly_direct,identity_q1_or_ytd_diff,
601328.XSHG,balance,2020-06-30,2020q2,,2020-08-29,deferred_tax_liability,890000000.0,balance.csv,deferred_tax_liability,quarterly_direct,identity_q1_or_ytd_diff,
601328.XSHG,balance,2020-06-30,2020q2,,2020-08-29,other_non_current_liability,,balance.csv,other_non_current_liability,,identity_q1_or_ytd_diff,missing_raw_value
601328.XSHG,balance,2020-06-30,2020q2,,2020-08-29,total_non_current_liability,,balance.csv,total_non_current_liability,,identity_q1_or_ytd_diff,missing_raw_value
601328.XSHG,balance,2020-06-30,2020q2,,2020-08-29,total_liability,9855800000000.0,balance.csv,total_liability,quarterly_direct,identity_q1_or_ytd_diff,
601328.XSHG,balance,2020-06-30,2020q2,,2020-08-29,paidin_capital,74263000000.0,balance.csv,paidin_capital,quarterly_direct,identity_q1_or_ytd_diff,
601328.XSHG,balance,2020-06-30,2020q2,,2020-08-29,capital_reserve_fund,113663000000.0,balance.csv,capital_reserve_fund,quarterly_direct,identity_q1_or_ytd_diff,
601328.XSHG,balance,2020-06-30,2020q2,,2020-08-29,treasury_stock,,balance.csv,treasury_stock,,identity_q1_or_ytd_diff,missing_raw_value
601328.XSHG,balance,2020-06-30,2020q2,,2020-08-29,surplus_reserve_fund,211959000000.0,balance.csv,surplus_reserve_fund,quarterly_direct,identity_q1_or_ytd_diff,
601328.XSHG,balance,2020-06-30,2020q2,,2020-08-29,ordinary_risk_reserve_fund,122257000000.0,balance.csv,ordinary_risk_reserve_fund,quarterly_direct,identity_q1_or_ytd_diff,
601328.XSHG,balance,2020-06-30,2020q2,,2020-08-29,retained_profit,175638000000.0,balance.csv,retained_profit,quarterly_direct,identity_q1_or_ytd_diff,
601328.XSHG,balance,2020-06-30,2020q2,,2020-08-29,equities_parent_company_owners,802543000000.0,balance.csv,equities_parent_company_owners,quarterly_direct,identity_q1_or_ytd_diff,
601328.XSHG,balance,2020-06-30,2020q2,,2020-08-29,minority_interests,11589000000.0,balance.csv,minority_interests,quarterly_direct,identity_q1_or_ytd_diff,
601328.XSHG,balance,2020-06-30,2020q2,,2020-08-29,total_owner_equities,814132000000.0,balance.csv,total_owner_equities,quarterly_direct,identity_q1_or_ytd_diff,
601328.XSHG,balance,2020-06-30,2020q2,,2020-08-29,other_comprehensive_income,4893000000.0,balance.csv,other_comprehensive_income,quarterly_direct,identity_q1_or_ytd_diff,
601328.XSHG,balance,2020-06-30,2020q2,,2020-08-29,contract_assets,,balance.csv,contract_assets,,identity_q1_or_ytd_diff,missing_raw_value
601328.XSHG,balance,2020-06-30,2020q2,,2020-08-29,contract_liability,,balance.csv,contract_liability,,identity_q1_or_ytd_diff,missing_raw_value
601328.XSHG,balance,2020-06-30,2020q2,,2020-08-29,usufruct_assets,,balance.csv,usufruct_assets,,identity_q1_or_ytd_diff,missing_raw_value
601328.XSHG,balance,2020-09-30,2020q3,,2020-10-31,cash_equivalents,1001883000000.0,balance.csv,cash_equivalents,quarterly_direct,identity_q1_or_ytd_diff,
601328.XSHG,balance,2020-09-30,2020q3,,2020-10-31,settlement_provi,,balance.csv,settlement_provi,,identity_q1_or_ytd_diff,missing_raw_value
601328.XSHG,balance,2020-09-30,2020q3,,2020-10-31,lend_capital,426682000000.0,balance.csv,lend_capital,quarterly_direct,identity_q1_or_ytd_diff,
601328.XSHG,balance,2020-09-30,2020q3,,2020-10-31,trading_assets,500261000000.0,balance.csv,trading_assets,quarterly_direct,identity_q1_or_ytd_diff,
601328.XSHG,balance,2020-09-30,2020q3,,2020-10-31,bill_receivable,,balance.csv,bill_receivable,,identity_q1_or_ytd_diff,missing_raw_value
601328.XSHG,balance,2020-09-30,2020q3,,2020-10-31,account_receivable,,balance.csv,account_receivable,,identity_q1_or_ytd_diff,missing_raw_value
601328.XSHG,balance,2020-09-30,2020q3,,2020-10-31,advance_payment,,balance.csv,advance_payment,,identity_q1_or_ytd_diff,missing_raw_value
601328.XSHG,balance,2020-09-30,2020q3,,2020-10-31,insurance_receivables,,balance.csv,insurance_receivables,,identity_q1_or_ytd_diff,missing_raw_value
601328.XSHG,balance,2020-09-30,2020q3,,2020-10-31,interest_receivable,,balance.csv,interest_receivable,,identity_q1_or_ytd_diff,missing_raw_value
601328.XSHG,balance,2020-09-30,2020q3,,2020-10-31,other_receivable,,balance.csv,other_receivable,,identity_q1_or_ytd_diff,missing_raw_value
601328.XSHG,balance,2020-09-30,2020q3,,2020-10-31,bought_sellback_assets,69336000000.0,balance.csv,bought_sellback_assets,quarterly_direct,identity_q1_or_ytd_diff,
601328.XSHG,balance,2020-09-30,2020q3,,2020-10-31,inventories,,balance.csv,inventories,,identity_q1_or_ytd_diff,missing_raw_value
601328.XSHG,balance,2020-09-30,2020q3,,2020-10-31,other_current_assets,,balance.csv,other_current_assets,,identity_q1_or_ytd_diff,missing_raw_value
601328.XSHG,balance,2020-09-30,2020q3,,2020-10-31,total_current_assets,,balance.csv,total_current_assets,,identity_q1_or_ytd_diff,missing_raw_value
601328.XSHG,balance,2020-09-30,2020q3,,2020-10-31,loan_and_advance,,balance.csv,loan_and_advance,,identity_q1_or_ytd_diff,missing_raw_value
601328.XSHG,balance,2020-09-30,2020q3,,2020-10-31,hold_for_sale_assets,,balance.csv,hold_for_sale_assets,,identity_q1_or_ytd_diff,missing_raw_value
601328.XSHG,balance,2020-09-30,2020q3,,2020-10-31,hold_to_maturity_investments,,balance.csv,hold_to_maturity_investments,,identity_q1_or_ytd_diff,missing_raw_value
601328.XSHG,balance,2020-09-30,2020q3,,2020-10-31,longterm_equity_invest,4718000000.0,balance.csv,longterm_equity_invest,quarterly_direct,identity_q1_or_ytd_diff,
601328.XSHG,balance,2020-09-30,2020q3,,2020-10-31,investment_property,7781000000.0,balance.csv,investment_property,quarterly_direct,identity_q1_or_ytd_diff,
601328.XSHG,balance,2020-09-30,2020q3,,2020-10-31,fixed_assets,171508000000.0,balance.csv,fixed_assets,quarterly_direct,identity_q1_or_ytd_diff,
601328.XSHG,balance,2020-09-30,2020q3,,2020-10-31,constru_in_process,2589000000.0,balance.csv,constru_in_process,quarterly_direct,identity_q1_or_ytd_diff,
601328.XSHG,balance,2020-09-30,2020q3,,2020-10-31,intangible_assets,3432000000.0,balance.csv,intangible_assets,quarterly_direct,identity_q1_or_ytd_diff,
601328.XSHG,balance,2020-09-30,2020q3,,2020-10-31,good_will,,balance.csv,good_will,,identity_q1_or_ytd_diff,missing_raw_value
601328.XSHG,balance,2020-09-30,2020q3,,2020-10-31,long_deferred_expense,,balance.csv,long_deferred_expense,,identity_q1_or_ytd_diff,missing_raw_value
601328.XSHG,balance,2020-09-30,2020q3,,2020-10-31,deferred_tax_assets,26514000000.0,balance.csv,deferred_tax_assets,quarterly_direct,identity_q1_or_ytd_diff,
601328.XSHG,balance,2020-09-30,2020q3,,2020-10-31,other_non_current_assets,,balance.csv,other_non_current_assets,,identity_q1_or_ytd_diff,missing_raw_value
601328.XSHG,balance,2020-09-30,2020q3,,2020-10-31,total_non_current_assets,,balance.csv,total_non_current_assets,,identity_q1_or_ytd_diff,missing_raw_value
601328.XSHG,balance,2020-09-30,2020q3,,2020-10-31,total_assets,10795571000000.0,balance.csv,total_assets,quarterly_direct,identity_q1_or_ytd_diff,
601328.XSHG,balance,2020-09-30,2020q3,,2020-10-31,shortterm_loan,0.0,balance.csv,shortterm_loan,quarterly_direct,identity_q1_or_ytd_diff,
601328.XSHG,balance,2020-09-30,2020q3,,2020-10-31,borrowing_from_centralbank,456422000000.0,balance.csv,borrowing_from_centralbank,quarterly_direct,identity_q1_or_ytd_diff,
601328.XSHG,balance,2020-09-30,2020q3,,2020-10-31,deposit_in_interbank,7477927000000.0,balance.csv,deposit_in_interbank,quarterly_direct,identity_q1_or_ytd_diff,
601328.XSHG,balance,2020-09-30,2020q3,,2020-10-31,borrowing_capital,393221000000.0,balance.csv,borrowing_capital,quarterly_direct,identity_q1_or_ytd_diff,
601328.XSHG,balance,2020-09-30,2020q3,,2020-10-31,trading_liability,23483000000.0,balance.csv,trading_liability,quarterly_direct,identity_q1_or_ytd_diff,
601328.XSHG,balance,2020-09-30,2020q3,,2020-10-31,notes_payable,,balance.csv,notes_payable,,identity_q1_or_ytd_diff,missing_raw_value
601328.XSHG,balance,2020-09-30,2020q3,,2020-10-31,accounts_payable,,balance.csv,accounts_payable,,identity_q1_or_ytd_diff,missing_raw_value
601328.XSHG,balance,2020-09-30,2020q3,,2020-10-31,advance_peceipts,,balance.csv,advance_peceipts,,identity_q1_or_ytd_diff,missing_raw_value
601328.XSHG,balance,2020-09-30,2020q3,,2020-10-31,sold_buyback_secu_proceeds,75328000000.0,balance.csv,sold_buyback_secu_proceeds,quarterly_direct,identity_q1_or_ytd_diff,
601328.XSHG,balance,2020-09-30,2020q3,,2020-10-31,commission_payable,,balance.csv,commission_payable,,identity_q1_or_ytd_diff,missing_raw_value
601328.XSHG,balance,2020-09-30,2020q3,,2020-10-31,salaries_payable,6735000000.0,balance.csv,salaries_payable,quarterly_direct,identity_q1_or_ytd_diff,
601328.XSHG,balance,2020-09-30,2020q3,,2020-10-31,taxs_payable,6456000000.0,balance.csv,taxs_payable,quarterly_direct,identity_q1_or_ytd_diff,
601328.XSHG,balance,2020-09-30,2020q3,,2020-10-31,interest_payable,,balance.csv,interest_payable,,identity_q1_or_ytd_diff,missing_raw_value
601328.XSHG,balance,2020-09-30,2020q3,,2020-10-31,other_payable,,balance.csv,other_payable,,identity_q1_or_ytd_diff,missing_raw_value
601328.XSHG,balance,2020-09-30,2020q3,,2020-10-31,insurance_contract_reserves,0.0,balance.csv,insurance_contract_reserves,quarterly_direct,identity_q1_or_ytd_diff,
601328.XSHG,balance,2020-09-30,2020q3,,2020-10-31,proxy_secu_proceeds,,balance.csv,proxy_secu_proceeds,,identity_q1_or_ytd_diff,missing_raw_value
601328.XSHG,balance,2020-09-30,2020q3,,2020-10-31,non_current_liability_in_one_year,,balance.csv,non_current_liability_in_one_year,,identity_q1_or_ytd_diff,missing_raw_value
601328.XSHG,balance,2020-09-30,2020q3,,2020-10-31,other_current_liability,,balance.csv,other_current_liability,,identity_q1_or_ytd_diff,missing_raw_value
601328.XSHG,balance,2020-09-30,2020q3,,2020-10-31,total_current_liability,,balance.csv,total_current_liability,,identity_q1_or_ytd_diff,missing_raw_value
601328.XSHG,balance,2020-09-30,2020q3,,2020-10-31,longterm_loan,,balance.csv,longterm_loan,,identity_q1_or_ytd_diff,missing_raw_value
601328.XSHG,balance,2020-09-30,2020q3,,2020-10-31,bonds_payable,518409000000.0,balance.csv,bonds_payable,quarterly_direct,identity_q1_or_ytd_diff,
601328.XSHG,balance,2020-09-30,2020q3,,2020-10-31,estimate_liability,9414000000.0,balance.csv,estimate_liability,quarterly_direct,identity_q1_or_ytd_diff,
601328.XSHG,balance,2020-09-30,2020q3,,2020-10-31,deferred_tax_liability,952000000.0,balance.csv,deferred_tax_liability,quarterly_direct,identity_q1_or_ytd_diff,
601328.XSHG,balance,2020-09-30,2020q3,,2020-10-31,other_non_current_liability,,balance.csv,other_non_current_liability,,identity_q1_or_ytd_diff,missing_raw_value
601328.XSHG,balance,2020-09-30,2020q3,,2020-10-31,total_non_current_liability,,balance.csv,total_non_current_liability,,identity_q1_or_ytd_diff,missing_raw_value
601328.XSHG,balance,2020-09-30,2020q3,,2020-10-31,total_liability,9958894000000.0,balance.csv,total_liability,quarterly_direct,identity_q1_or_ytd_diff,
601328.XSHG,balance,2020-09-30,2020q3,,2020-10-31,paidin_capital,74263000000.0,balance.csv,paidin_capital,quarterly_direct,identity_q1_or_ytd_diff,
601328.XSHG,balance,2020-09-30,2020q3,,2020-10-31,capital_reserve_fund,111462000000.0,balance.csv,capital_reserve_fund,quarterly_direct,identity_q1_or_ytd_diff,
601328.XSHG,balance,2020-09-30,2020q3,,2020-10-31,treasury_stock,,balance.csv,treasury_stock,,identity_q1_or_ytd_diff,missing_raw_value
601328.XSHG,balance,2020-09-30,2020q3,,2020-10-31,surplus_reserve_fund,211958000000.0,balance.csv,surplus_reserve_fund,quarterly_direct,identity_q1_or_ytd_diff,
601328.XSHG,balance,2020-09-30,2020q3,,2020-10-31,ordinary_risk_reserve_fund,122338000000.0,balance.csv,ordinary_risk_reserve_fund,quarterly_direct,identity_q1_or_ytd_diff,
601328.XSHG,balance,2020-09-30,2020q3,,2020-10-31,retained_profit,190085000000.0,balance.csv,retained_profit,quarterly_direct,identity_q1_or_ytd_diff,
601328.XSHG,balance,2020-09-30,2020q3,,2020-10-31,equities_parent_company_owners,825111000000.0,balance.csv,equities_parent_company_owners,quarterly_direct,identity_q1_or_ytd_diff,
601328.XSHG,balance,2020-09-30,2020q3,,2020-10-31,minority_interests,11566000000.0,balance.csv,minority_interests,quarterly_direct,identity_q1_or_ytd_diff,
601328.XSHG,balance,2020-09-30,2020q3,,2020-10-31,total_owner_equities,836677000000.0,balance.csv,total_owner_equities,quarterly_direct,identity_q1_or_ytd_diff,
601328.XSHG,balance,2020-09-30,2020q3,,2020-10-31,other_comprehensive_income,61000000.0,balance.csv,other_comprehensive_income,quarterly_direct,identity_q1_or_ytd_diff,
601328.XSHG,balance,2020-09-30,2020q3,,2020-10-31,contract_assets,,balance.csv,contract_assets,,identity_q1_or_ytd_diff,missing_raw_value
601328.XSHG,balance,2020-09-30,2020q3,,2020-10-31,contract_liability,,balance.csv,contract_liability,,identity_q1_or_ytd_diff,missing_raw_value
601328.XSHG,balance,2020-09-30,2020q3,,2020-10-31,usufruct_assets,,balance.csv,usufruct_assets,,identity_q1_or_ytd_diff,missing_raw_value
601328.XSHG,balance,2020-12-31,2020q4,,2021-03-27,cash_equivalents,976731000000.0,balance.csv,cash_equivalents,quarterly_direct,identity_q1_or_ytd_diff,
601328.XSHG,balance,2020-12-31,2020q4,,2021-03-27,settlement_provi,,balance.csv,settlement_provi,,identity_q1_or_ytd_diff,missing_raw_value
601328.XSHG,balance,2020-12-31,2020q4,,2021-03-27,lend_capital,370404000000.0,balance.csv,lend_capital,quarterly_direct,identity_q1_or_ytd_diff,
601328.XSHG,balance,2020-12-31,2020q4,,2021-03-27,trading_assets,482588000000.0,balance.csv,trading_assets,quarterly_direct,identity_q1_or_ytd_diff,
601328.XSHG,balance,2020-12-31,2020q4,,2021-03-27,bill_receivable,,balance.csv,bill_receivable,,identity_q1_or_ytd_diff,missing_raw_value
601328.XSHG,balance,2020-12-31,2020q4,,2021-03-27,account_receivable,,balance.csv,account_receivable,,identity_q1_or_ytd_diff,missing_raw_value
601328.XSHG,balance,2020-12-31,2020q4,,2021-03-27,advance_payment,,balance.csv,advance_payment,,identity_q1_or_ytd_diff,missing_raw_value
601328.XSHG,balance,2020-12-31,2020q4,,2021-03-27,insurance_receivables,,balance.csv,insurance_receivables,,identity_q1_or_ytd_diff,missing_raw_value
601328.XSHG,balance,2020-12-31,2020q4,,2021-03-27,interest_receivable,,balance.csv,interest_receivable,,identity_q1_or_ytd_diff,missing_raw_value
601328.XSHG,balance,2020-12-31,2020q4,,2021-03-27,other_receivable,,balance.csv,other_receivable,,identity_q1_or_ytd_diff,missing_raw_value
601328.XSHG,balance,2020-12-31,2020q4,,2021-03-27,bought_sellback_assets,41556000000.0,balance.csv,bought_sellback_assets,quarterly_direct,identity_q1_or_ytd_diff,
601328.XSHG,balance,2020-12-31,2020q4,,2021-03-27,inventories,,balance.csv,inventories,,identity_q1_or_ytd_diff,missing_raw_value
601328.XSHG,balance,2020-12-31,2020q4,,2021-03-27,other_current_assets,,balance.csv,other_current_assets,,identity_q1_or_ytd_diff,missing_raw_value
601328.XSHG,balance,2020-12-31,2020q4,,2021-03-27,total_current_assets,,balance.csv,total_current_assets,,identity_q1_or_ytd_diff,missing_raw_value
601328.XSHG,balance,2020-12-31,2020q4,,2021-03-27,loan_and_advance,,balance.csv,loan_and_advance,,identity_q1_or_ytd_diff,missing_raw_value
601328.XSHG,balance,2020-12-31,2020q4,,2021-03-27,hold_for_sale_assets,,balance.csv,hold_for_sale_assets,,identity_q1_or_ytd_diff,missing_raw_value
601328.XSHG,balance,2020-12-31,2020q4,,2021-03-27,hold_to_maturity_investments,,balance.csv,hold_to_maturity_investments,,identity_q1_or_ytd_diff,missing_raw_value
601328.XSHG,balance,2020-12-31,2020q4,,2021-03-27,longterm_equity_invest,4681000000.0,balance.csv,longterm_equity_invest,quarterly_direct,identity_q1_or_ytd_diff,
601328.XSHG,balance,2020-12-31,2020q4,,2021-03-27,investment_property,7353000000.0,balance.csv,investment_property,quarterly_direct,identity_q1_or_ytd_diff,
601328.XSHG,balance,2020-12-31,2020q4,,2021-03-27,fixed_assets,166118000000.0,balance.csv,fixed_assets,quarterly_direct,identity_q1_or_ytd_diff,
601328.XSHG,balance,2020-12-31,2020q4,,2021-03-27,constru_in_process,3353000000.0,balance.csv,constru_in_process,quarterly_direct,identity_q1_or_ytd_diff,
601328.XSHG,balance,2020-12-31,2020q4,,2021-03-27,intangible_assets,3607000000.0,balance.csv,intangible_assets,quarterly_direct,identity_q1_or_ytd_diff,
601328.XSHG,balance,2020-12-31,2020q4,,2021-03-27,good_will,,balance.csv,good_will,,identity_q1_or_ytd_diff,missing_raw_value
601328.XSHG,balance,2020-12-31,2020q4,,2021-03-27,long_deferred_expense,,balance.csv,long_deferred_expense,,identity_q1_or_ytd_diff,missing_raw_value
601328.XSHG,balance,2020-12-31,2020q4,,2021-03-27,deferred_tax_assets,27991000000.0,balance.csv,deferred_tax_assets,quarterly_direct,identity_q1_or_ytd_diff,
601328.XSHG,balance,2020-12-31,2020q4,,2021-03-27,other_non_current_assets,,balance.csv,other_non_current_assets,,identity_q1_or_ytd_diff,missing_raw_value
601328.XSHG,balance,2020-12-31,2020q4,,2021-03-27,total_non_current_assets,,balance.csv,total_non_current_assets,,identity_q1_or_ytd_diff,missing_raw_value
601328.XSHG,balance,2020-12-31,2020q4,,2021-03-27,total_assets,10697616000000.0,balance.csv,total_assets,quarterly_direct,identity_q1_or_ytd_diff,
601328.XSHG,balance,2020-12-31,2020q4,,2021-03-27,shortterm_loan,0.0,balance.csv,shortterm_loan,quarterly_direct,identity_q1_or_ytd_diff,
601328.XSHG,balance,2020-12-31,2020q4,,2021-03-27,borrowing_from_centralbank,478745000000.0,balance.csv,borrowing_from_centralbank,quarterly_direct,identity_q1_or_ytd_diff,
601328.XSHG,balance,2020-12-31,2020q4,,2021-03-27,deposit_in_interbank,7512288000000.0,balance.csv,deposit_in_interbank,quarterly_direct,identity_q1_or_ytd_diff,
601328.XSHG,balance,2020-12-31,2020q4,,2021-03-27,borrowing_capital,330567000000.0,balance.csv,borrowing_capital,quarterly_direct,identity_q1_or_ytd_diff,
601328.XSHG,balance,2020-12-31,2020q4,,2021-03-27,trading_liability,29279000000.0,balance.csv,trading_liability,quarterly_direct,identity_q1_or_ytd_diff,
601328.XSHG,balance,2020-12-31,2020q4,,2021-03-27,notes_payable,,balance.csv,notes_payable,,identity_q1_or_ytd_diff,missing_raw_value
601328.XSHG,balance,2020-12-31,2020q4,,2021-03-27,accounts_payable,,balance.csv,accounts_payable,,identity_q1_or_ytd_diff,missing_raw_value
601328.XSHG,balance,2020-12-31,2020q4,,2021-03-27,advance_peceipts,,balance.csv,advance_peceipts,,identity_q1_or_ytd_diff,missing_raw_value
601328.XSHG,balance,2020-12-31,2020q4,,2021-03-27,sold_buyback_secu_proceeds,73221000000.0,balance.csv,sold_buyback_secu_proceeds,quarterly_direct,identity_q1_or_ytd_diff,
601328.XSHG,balance,2020-12-31,2020q4,,2021-03-27,commission_payable,,balance.csv,commission_payable,,identity_q1_or_ytd_diff,missing_raw_value
601328.XSHG,balance,2020-12-31,2020q4,,2021-03-27,salaries_payable,11591000000.0,balance.csv,salaries_payable,quarterly_direct,identity_q1_or_ytd_diff,
601328.XSHG,balance,2020-12-31,2020q4,,2021-03-27,taxs_payable,7994000000.0,balance.csv,taxs_payable,quarterly_direct,identity_q1_or_ytd_diff,
601328.XSHG,balance,2020-12-31,2020q4,,2021-03-27,interest_payable,,balance.csv,interest_payable,,identity_q1_or_ytd_diff,missing_raw_value
601328.XSHG,balance,2020-12-31,2020q4,,2021-03-27,other_payable,,balance.csv,other_payable,,identity_q1_or_ytd_diff,missing_raw_value
601328.XSHG,balance,2020-12-31,2020q4,,2021-03-27,insurance_contract_reserves,0.0,balance.csv,insurance_contract_reserves,quarterly_direct,identity_q1_or_ytd_diff,
601328.XSHG,balance,2020-12-31,2020q4,,2021-03-27,proxy_secu_proceeds,,balance.csv,proxy_secu_proceeds,,identity_q1_or_ytd_diff,missing_raw_value
601328.XSHG,balance,2020-12-31,2020q4,,2021-03-27,non_current_liability_in_one_year,,balance.csv,non_current_liability_in_one_year,,identity_q1_or_ytd_diff,missing_raw_value
601328.XSHG,balance,2020-12-31,2020q4,,2021-03-27,other_current_liability,,balance.csv,other_current_liability,,identity_q1_or_ytd_diff,missing_raw_value
601328.XSHG,balance,2020-12-31,2020q4,,2021-03-27,total_current_liability,,balance.csv,total_current_liability,,identity_q1_or_ytd_diff,missing_raw_value
601328.XSHG,balance,2020-12-31,2020q4,,2021-03-27,longterm_loan,,balance.csv,longterm_loan,,identity_q1_or_ytd_diff,missing_raw_value
601328.XSHG,balance,2020-12-31,2020q4,,2021-03-27,bonds_payable,497755000000.0,balance.csv,bonds_payable,quarterly_direct,identity_q1_or_ytd_diff,
601328.XSHG,balance,2020-12-31,2020q4,,2021-03-27,estimate_liability,11532000000.0,balance.csv,estimate_liability,quarterly_direct,identity_q1_or_ytd_diff,
601328.XSHG,balance,2020-12-31,2020q4,,2021-03-27,deferred_tax_liability,1286000000.0,balance.csv,deferred_tax_liability,quarterly_direct,identity_q1_or_ytd_diff,
601328.XSHG,balance,2020-12-31,2020q4,,2021-03-27,other_non_current_liability,,balance.csv,other_non_current_liability,,identity_q1_or_ytd_diff,missing_raw_value
601328.XSHG,balance,2020-12-31,2020q4,,2021-03-27,total_non_current_liability,,balance.csv,total_non_current_liability,,identity_q1_or_ytd_diff,missing_raw_value
601328.XSHG,balance,2020-12-31,2020q4,,2021-03-27,total_liability,9818988000000.0,balance.csv,total_liability,quarterly_direct,identity_q1_or_ytd_diff,
601328.XSHG,balance,2020-12-31,2020q4,,2021-03-27,paidin_capital,74263000000.0,balance.csv,paidin_capital,quarterly_direct,identity_q1_or_ytd_diff,
601328.XSHG,balance,2020-12-31,2020q4,,2021-03-27,capital_reserve_fund,111428000000.0,balance.csv,capital_reserve_fund,quarterly_direct,identity_q1_or_ytd_diff,
601328.XSHG,balance,2020-12-31,2020q4,,2021-03-27,treasury_stock,,balance.csv,treasury_stock,,identity_q1_or_ytd_diff,missing_raw_value
601328.XSHG,balance,2020-12-31,2020q4,,2021-03-27,surplus_reserve_fund,212361000000.0,balance.csv,surplus_reserve_fund,quarterly_direct,identity_q1_or_ytd_diff,
601328.XSHG,balance,2020-12-31,2020q4,,2021-03-27,ordinary_risk_reserve_fund,123163000000.0,balance.csv,ordinary_risk_reserve_fund,quarterly_direct,identity_q1_or_ytd_diff,
601328.XSHG,balance,2020-12-31,2020q4,,2021-03-27,retained_profit,214448000000.0,balance.csv,retained_profit,quarterly_direct,identity_q1_or_ytd_diff,
601328.XSHG,balance,2020-12-31,2020q4,,2021-03-27,equities_parent_company_owners,866607000000.0,balance.csv,equities_parent_company_owners,quarterly_direct,identity_q1_or_ytd_diff,
601328.XSHG,balance,2020-12-31,2020q4,,2021-03-27,minority_interests,12021000000.0,balance.csv,minority_interests,quarterly_direct,identity_q1_or_ytd_diff,
601328.XSHG,balance,2020-12-31,2020q4,,2021-03-27,total_owner_equities,878628000000.0,balance.csv,total_owner_equities,quarterly_direct,identity_q1_or_ytd_diff,
601328.XSHG,balance,2020-12-31,2020q4,,2021-03-27,other_comprehensive_income,-2348000000.0,balance.csv,other_comprehensive_income,quarterly_direct,identity_q1_or_ytd_diff,
601328.XSHG,balance,2020-12-31,2020q4,,2021-03-27,contract_assets,,balance.csv,contract_assets,,identity_q1_or_ytd_diff,missing_raw_value
601328.XSHG,balance,2020-12-31,2020q4,,2021-03-27,contract_liability,,balance.csv,contract_liability,,identity_q1_or_ytd_diff,missing_raw_value
601328.XSHG,balance,2020-12-31,2020q4,,2021-03-27,usufruct_assets,,balance.csv,usufruct_assets,,identity_q1_or_ytd_diff,missing_raw_value
601328.XSHG,balance,2021-03-31,2021q1,,2021-04-30,cash_equivalents,973351000000.0,balance.csv,cash_equivalents,quarterly_direct,identity_q1_or_ytd_diff,
601328.XSHG,balance,2021-03-31,2021q1,,2021-04-30,settlement_provi,,balance.csv,settlement_provi,,identity_q1_or_ytd_diff,missing_raw_value
601328.XSHG,balance,2021-03-31,2021q1,,2021-04-30,lend_capital,414218000000.0,balance.csv,lend_capital,quarterly_direct,identity_q1_or_ytd_diff,
601328.XSHG,balance,2021-03-31,2021q1,,2021-04-30,trading_assets,543066000000.0,balance.csv,trading_assets,quarterly_direct,identity_q1_or_ytd_diff,
601328.XSHG,balance,2021-03-31,2021q1,,2021-04-30,bill_receivable,,balance.csv,bill_receivable,,identity_q1_or_ytd_diff,missing_raw_value
601328.XSHG,balance,2021-03-31,2021q1,,2021-04-30,account_receivable,,balance.csv,account_receivable,,identity_q1_or_ytd_diff,missing_raw_value
601328.XSHG,balance,2021-03-31,2021q1,,2021-04-30,advance_payment,,balance.csv,advance_payment,,identity_q1_or_ytd_diff,missing_raw_value
601328.XSHG,balance,2021-03-31,2021q1,,2021-04-30,insurance_receivables,,balance.csv,insurance_receivables,,identity_q1_or_ytd_diff,missing_raw_value
601328.XSHG,balance,2021-03-31,2021q1,,2021-04-30,interest_receivable,,balance.csv,interest_receivable,,identity_q1_or_ytd_diff,missing_raw_value
601328.XSHG,balance,2021-03-31,2021q1,,2021-04-30,other_receivable,,balance.csv,other_receivable,,identity_q1_or_ytd_diff,missing_raw_value
601328.XSHG,balance,2021-03-31,2021q1,,2021-04-30,bought_sellback_assets,127420000000.0,balance.csv,bought_sellback_assets,quarterly_direct,identity_q1_or_ytd_diff,
601328.XSHG,balance,2021-03-31,2021q1,,2021-04-30,inventories,,balance.csv,inventories,,identity_q1_or_ytd_diff,missing_raw_value
601328.XSHG,balance,2021-03-31,2021q1,,2021-04-30,other_current_assets,,balance.csv,other_current_assets,,identity_q1_or_ytd_diff,missing_raw_value
601328.XSHG,balance,2021-03-31,2021q1,,2021-04-30,total_current_assets,,balance.csv,total_current_assets,,identity_q1_or_ytd_diff,missing_raw_value
601328.XSHG,balance,2021-03-31,2021q1,,2021-04-30,loan_and_advance,,balance.csv,loan_and_advance,,identity_q1_or_ytd_diff,missing_raw_value
601328.XSHG,balance,2021-03-31,2021q1,,2021-04-30,hold_for_sale_assets,,balance.csv,hold_for_sale_assets,,identity_q1_or_ytd_diff,missing_raw_value
601328.XSHG,balance,2021-03-31,2021q1,,2021-04-30,hold_to_maturity_investments,,balance.csv,hold_to_maturity_investments,,identity_q1_or_ytd_diff,missing_raw_value
601328.XSHG,balance,2021-03-31,2021q1,,2021-04-30,longterm_equity_invest,4736000000.0,balance.csv,longterm_equity_invest,quarterly_direct,identity_q1_or_ytd_diff,
601328.XSHG,balance,2021-03-31,2021q1,,2021-04-30,investment_property,7178000000.0,balance.csv,investment_property,quarterly_direct,identity_q1_or_ytd_diff,
601328.XSHG,balance,2021-03-31,2021q1,,2021-04-30,fixed_assets,165073000000.0,balance.csv,fixed_assets,quarterly_direct,identity_q1_or_ytd_diff,
601328.XSHG,balance,2021-03-31,2021q1,,2021-04-30,constru_in_process,2731000000.0,balance.csv,constru_in_process,quarterly_direct,identity_q1_or_ytd_diff,
601328.XSHG,balance,2021-03-31,2021q1,,2021-04-30,intangible_assets,3641000000.0,balance.csv,intangible_assets,quarterly_direct,identity_q1_or_ytd_diff,
601328.XSHG,balance,2021-03-31,2021q1,,2021-04-30,good_will,,balance.csv,good_will,,identity_q1_or_ytd_diff,missing_raw_value
601328.XSHG,balance,2021-03-31,2021q1,,2021-04-30,long_deferred_expense,,balance.csv,long_deferred_expense,,identity_q1_or_ytd_diff,missing_raw_value
601328.XSHG,balance,2021-03-31,2021q1,,2021-04-30,deferred_tax_assets,28131000000.0,balance.csv,deferred_tax_assets,quarterly_direct,identity_q1_or_ytd_diff,
601328.XSHG,balance,2021-03-31,2021q1,,2021-04-30,other_non_current_assets,,balance.csv,other_non_current_assets,,identity_q1_or_ytd_diff,missing_raw_value
601328.XSHG,balance,2021-03-31,2021q1,,2021-04-30,total_non_current_assets,,balance.csv,total_non_current_assets,,identity_q1_or_ytd_diff,missing_raw_value
601328.XSHG,balance,2021-03-31,2021q1,,2021-04-30,total_assets,11173220000000.0,balance.csv,total_assets,quarterly_direct,identity_q1_or_ytd_diff,
601328.XSHG,balance,2021-03-31,2021q1,,2021-04-30,shortterm_loan,0.0,balance.csv,shortterm_loan,quarterly_direct,identity_q1_or_ytd_diff,
601328.XSHG,balance,2021-03-31,2021q1,,2021-04-30,borrowing_from_centralbank,457634000000.0,balance.csv,borrowing_from_centralbank,quarterly_direct,identity_q1_or_ytd_diff,
601328.XSHG,balance,2021-03-31,2021q1,,2021-04-30,deposit_in_interbank,7863019000000.0,balance.csv,deposit_in_interbank,quarterly_direct,identity_q1_or_ytd_diff,
601328.XSHG,balance,2021-03-31,2021q1,,2021-04-30,borrowing_capital,379410000000.0,balance.csv,borrowing_capital,quarterly_direct,identity_q1_or_ytd_diff,
601328.XSHG,balance,2021-03-31,2021q1,,2021-04-30,trading_liability,22676000000.0,balance.csv,trading_liability,quarterly_direct,identity_q1_or_ytd_diff,
601328.XSHG,balance,2021-03-31,2021q1,,2021-04-30,notes_payable,735390000000.0,balance.csv,notes_payable,quarterly_direct,identity_q1_or_ytd_diff,
601328.XSHG,balance,2021-03-31,2021q1,,2021-04-30,accounts_payable,,balance.csv,accounts_payable,,identity_q1_or_ytd_diff,missing_raw_value
601328.XSHG,balance,2021-03-31,2021q1,,2021-04-30,advance_peceipts,,balance.csv,advance_peceipts,,identity_q1_or_ytd_diff,missing_raw_value
601328.XSHG,balance,2021-03-31,2021q1,,2021-04-30,sold_buyback_secu_proceeds,68792000000.0,balance.csv,sold_buyback_secu_proceeds,quarterly_direct,identity_q1_or_ytd_diff,
601328.XSHG,balance,2021-03-31,2021q1,,2021-04-30,commission_payable,,balance.csv,commission_payable,,identity_q1_or_ytd_diff,missing_raw_value
601328.XSHG,balance,2021-03-31,2021q1,,2021-04-30,salaries_payable,6669000000.0,balance.csv,salaries_payable,quarterly_direct,identity_q1_or_ytd_diff,
601328.XSHG,balance,2021-03-31,2021q1,,2021-04-30,taxs_payable,10807000000.0,balance.csv,taxs_payable,quarterly_direct,identity_q1_or_ytd_diff,
601328.XSHG,balance,2021-03-31,2021q1,,2021-04-30,interest_payable,,balance.csv,interest_payable,,identity_q1_or_ytd_diff,missing_raw_value
601328.XSHG,balance,2021-03-31,2021q1,,2021-04-30,other_payable,,balance.csv,other_payable,,identity_q1_or_ytd_diff,missing_raw_value
601328.XSHG,balance,2021-03-31,2021q1,,2021-04-30,insurance_contract_reserves,0.0,balance.csv,insurance_contract_reserves,quarterly_direct,identity_q1_or_ytd_diff,
601328.XSHG,balance,2021-03-31,2021q1,,2021-04-30,proxy_secu_proceeds,,balance.csv,proxy_secu_proceeds,,identity_q1_or_ytd_diff,missing_raw_value
601328.XSHG,balance,2021-03-31,2021q1,,2021-04-30,non_current_liability_in_one_year,,balance.csv,non_current_liability_in_one_year,,identity_q1_or_ytd_diff,missing_raw_value
601328.XSHG,balance,2021-03-31,2021q1,,2021-04-30,other_current_liability,,balance.csv,other_current_liability,,identity_q1_or_ytd_diff,missing_raw_value
601328.XSHG,balance,2021-03-31,2021q1,,2021-04-30,total_current_liability,,balance.csv,total_current_liability,,identity_q1_or_ytd_diff,missing_raw_value
601328.XSHG,balance,2021-03-31,2021q1,,2021-04-30,longterm_loan,,balance.csv,longterm_loan,,identity_q1_or_ytd_diff,missing_raw_value
601328.XSHG,balance,2021-03-31,2021q1,,2021-04-30,bonds_payable,499020000000.0,balance.csv,bonds_payable,quarterly_direct,identity_q1_or_ytd_diff,
601328.XSHG,balance,2021-03-31,2021q1,,2021-04-30,estimate_liability,13374000000.0,balance.csv,estimate_liability,quarterly_direct,identity_q1_or_ytd_diff,
601328.XSHG,balance,2021-03-31,2021q1,,2021-04-30,deferred_tax_liability,1592000000.0,balance.csv,deferred_tax_liability,quarterly_direct,identity_q1_or_ytd_diff,
601328.XSHG,balance,2021-03-31,2021q1,,2021-04-30,other_non_current_liability,,balance.csv,other_non_current_liability,,identity_q1_or_ytd_diff,missing_raw_value
601328.XSHG,balance,2021-03-31,2021q1,,2021-04-30,total_non_current_liability,,balance.csv,total_non_current_liability,,identity_q1_or_ytd_diff,missing_raw_value
601328.XSHG,balance,2021-03-31,2021q1,,2021-04-30,total_liability,10271124000000.0,balance.csv,total_liability,quarterly_direct,identity_q1_or_ytd_diff,
601328.XSHG,balance,2021-03-31,2021q1,,2021-04-30,paidin_capital,74263000000.0,balance.csv,paidin_capital,quarterly_direct,identity_q1_or_ytd_diff,
601328.XSHG,balance,2021-03-31,2021q1,,2021-04-30,capital_reserve_fund,111428000000.0,balance.csv,capital_reserve_fund,quarterly_direct,identity_q1_or_ytd_diff,
601328.XSHG,balance,2021-03-31,2021q1,,2021-04-30,treasury_stock,,balance.csv,treasury_stock,,identity_q1_or_ytd_diff,missing_raw_value
601328.XSHG,balance,2021-03-31,2021q1,,2021-04-30,surplus_reserve_fund,212399000000.0,balance.csv,surplus_reserve_fund,quarterly_direct,identity_q1_or_ytd_diff,
601328.XSHG,balance,2021-03-31,2021q1,,2021-04-30,ordinary_risk_reserve_fund,123321000000.0,balance.csv,ordinary_risk_reserve_fund,quarterly_direct,identity_q1_or_ytd_diff,
601328.XSHG,balance,2021-03-31,2021q1,,2021-04-30,retained_profit,236198000000.0,balance.csv,retained_profit,quarterly_direct,identity_q1_or_ytd_diff,
601328.XSHG,balance,2021-03-31,2021q1,,2021-04-30,equities_parent_company_owners,889704000000.0,balance.csv,equities_parent_company_owners,quarterly_direct,identity_q1_or_ytd_diff,
601328.XSHG,balance,2021-03-31,2021q1,,2021-04-30,minority_interests,12392000000.0,balance.csv,minority_interests,quarterly_direct,identity_q1_or_ytd_diff,
601328.XSHG,balance,2021-03-31,2021q1,,2021-04-30,total_owner_equities,902096000000.0,balance.csv,total_owner_equities,quarterly_direct,identity_q1_or_ytd_diff,
601328.XSHG,balance,2021-03-31,2021q1,,2021-04-30,other_comprehensive_income,-1197000000.0,balance.csv,other_comprehensive_income,quarterly_direct,identity_q1_or_ytd_diff,
601328.XSHG,balance,2021-03-31,2021q1,,2021-04-30,contract_assets,,balance.csv,contract_assets,,identity_q1_or_ytd_diff,missing_raw_value
601328.XSHG,balance,2021-03-31,2021q1,,2021-04-30,contract_liability,,balance.csv,contract_liability,,identity_q1_or_ytd_diff,missing_raw_value
601328.XSHG,balance,2021-03-31,2021q1,,2021-04-30,usufruct_assets,,balance.csv,usufruct_assets,,identity_q1_or_ytd_diff,missing_raw_value
601328.XSHG,balance,2021-06-30,2021q2,,2021-08-28,cash_equivalents,990246000000.0,balance.csv,cash_equivalents,quarterly_direct,identity_q1_or_ytd_diff,
601328.XSHG,balance,2021-06-30,2021q2,,2021-08-28,settlement_provi,,balance.csv,settlement_provi,,identity_q1_or_ytd_diff,missing_raw_value
601328.XSHG,balance,2021-06-30,2021q2,,2021-08-28,lend_capital,399499000000.0,balance.csv,lend_capital,quarterly_direct,identity_q1_or_ytd_diff,
601328.XSHG,balance,2021-06-30,2021q2,,2021-08-28,trading_assets,575837000000.0,balance.csv,trading_assets,quarterly_direct,identity_q1_or_ytd_diff,
601328.XSHG,balance,2021-06-30,2021q2,,2021-08-28,bill_receivable,,balance.csv,bill_receivable,,identity_q1_or_ytd_diff,missing_raw_value
601328.XSHG,balance,2021-06-30,2021q2,,2021-08-28,account_receivable,,balance.csv,account_receivable,,identity_q1_or_ytd_diff,missing_raw_value
601328.XSHG,balance,2021-06-30,2021q2,,2021-08-28,advance_payment,,balance.csv,advance_payment,,identity_q1_or_ytd_diff,missing_raw_value
601328.XSHG,balance,2021-06-30,2021q2,,2021-08-28,insurance_receivables,,balance.csv,insurance_receivables,,identity_q1_or_ytd_diff,missing_raw_value
601328.XSHG,balance,2021-06-30,2021q2,,2021-08-28,interest_receivable,,balance.csv,interest_receivable,,identity_q1_or_ytd_diff,missing_raw_value
601328.XSHG,balance,2021-06-30,2021q2,,2021-08-28,other_receivable,,balance.csv,other_receivable,,identity_q1_or_ytd_diff,missing_raw_value
601328.XSHG,balance,2021-06-30,2021q2,,2021-08-28,bought_sellback_assets,132945000000.0,balance.csv,bought_sellback_assets,quarterly_direct,identity_q1_or_ytd_diff,
601328.XSHG,balance,2021-06-30,2021q2,,2021-08-28,inventories,,balance.csv,inventories,,identity_q1_or_ytd_diff,missing_raw_value
601328.XSHG,balance,2021-06-30,2021q2,,2021-08-28,other_current_assets,,balance.csv,other_current_assets,,identity_q1_or_ytd_diff,missing_raw_value
601328.XSHG,balance,2021-06-30,2021q2,,2021-08-28,total_current_assets,,balance.csv,total_current_assets,,identity_q1_or_ytd_diff,missing_raw_value
601328.XSHG,balance,2021-06-30,2021q2,,2021-08-28,loan_and_advance,,balance.csv,loan_and_advance,,identity_q1_or_ytd_diff,missing_raw_value
601328.XSHG,balance,2021-06-30,2021q2,,2021-08-28,hold_for_sale_assets,,balance.csv,hold_for_sale_assets,,identity_q1_or_ytd_diff,missing_raw_value
601328.XSHG,balance,2021-06-30,2021q2,,2021-08-28,hold_to_maturity_investments,,balance.csv,hold_to_maturity_investments,,identity_q1_or_ytd_diff,missing_raw_value
601328.XSHG,balance,2021-06-30,2021q2,,2021-08-28,longterm_equity_invest,5505000000.0,balance.csv,longterm_equity_invest,quarterly_direct,identity_q1_or_ytd_diff,
601328.XSHG,balance,2021-06-30,2021q2,,2021-08-28,investment_property,6879000000.0,balance.csv,investment_property,quarterly_direct,identity_q1_or_ytd_diff,
601328.XSHG,balance,2021-06-30,2021q2,,2021-08-28,fixed_assets,164391000000.0,balance.csv,fixed_assets,quarterly_direct,identity_q1_or_ytd_diff,
601328.XSHG,balance,2021-06-30,2021q2,,2021-08-28,constru_in_process,2663000000.0,balance.csv,constru_in_process,quarterly_direct,identity_q1_or_ytd_diff,
601328.XSHG,balance,2021-06-30,2021q2,,2021-08-28,intangible_assets,3650000000.0,balance.csv,intangible_assets,quarterly_direct,identity_q1_or_ytd_diff,
601328.XSHG,balance,2021-06-30,2021q2,,2021-08-28,good_will,,balance.csv,good_will,,identity_q1_or_ytd_diff,missing_raw_value
601328.XSHG,balance,2021-06-30,2021q2,,2021-08-28,long_deferred_expense,,balance.csv,long_deferred_expense,,identity_q1_or_ytd_diff,missing_raw_value
601328.XSHG,balance,2021-06-30,2021q2,,2021-08-28,deferred_tax_assets,29119000000.0,balance.csv,deferred_tax_assets,quarterly_direct,identity_q1_or_ytd_diff,
601328.XSHG,balance,2021-06-30,2021q2,,2021-08-28,other_non_current_assets,,balance.csv,other_non_current_assets,,identity_q1_or_ytd_diff,missing_raw_value
601328.XSHG,balance,2021-06-30,2021q2,,2021-08-28,total_non_current_assets,,balance.csv,total_non_current_assets,,identity_q1_or_ytd_diff,missing_raw_value
601328.XSHG,balance,2021-06-30,2021q2,,2021-08-28,total_assets,11413960000000.0,balance.csv,total_assets,quarterly_direct,identity_q1_or_ytd_diff,
601328.XSHG,balance,2021-06-30,2021q2,,2021-08-28,shortterm_loan,0.0,balance.csv,shortterm_loan,quarterly_direct,identity_q1_or_ytd_diff,
601328.XSHG,balance,2021-06-30,2021q2,,2021-08-28,borrowing_from_centralbank,444787000000.0,balance.csv,borrowing_from_centralbank,quarterly_direct,identity_q1_or_ytd_diff,
601328.XSHG,balance,2021-06-30,2021q2,,2021-08-28,deposit_in_interbank,7942844000000.0,balance.csv,deposit_in_interbank,quarterly_direct,identity_q1_or_ytd_diff,
601328.XSHG,balance,2021-06-30,2021q2,,2021-08-28,borrowing_capital,403779000000.0,balance.csv,borrowing_capital,quarterly_direct,identity_q1_or_ytd_diff,
601328.XSHG,balance,2021-06-30,2021q2,,2021-08-28,trading_liability,20532000000.0,balance.csv,trading_liability,quarterly_direct,identity_q1_or_ytd_diff,
601328.XSHG,balance,2021-06-30,2021q2,,2021-08-28,notes_payable,,balance.csv,notes_payable,,identity_q1_or_ytd_diff,missing_raw_value
601328.XSHG,balance,2021-06-30,2021q2,,2021-08-28,accounts_payable,,balance.csv,accounts_payable,,identity_q1_or_ytd_diff,missing_raw_value
601328.XSHG,balance,2021-06-30,2021q2,,2021-08-28,advance_peceipts,,balance.csv,advance_peceipts,,identity_q1_or_ytd_diff,missing_raw_value
601328.XSHG,balance,2021-06-30,2021q2,,2021-08-28,sold_buyback_secu_proceeds,63348000000.0,balance.csv,sold_buyback_secu_proceeds,quarterly_direct,identity_q1_or_ytd_diff,
601328.XSHG,balance,2021-06-30,2021q2,,2021-08-28,commission_payable,,balance.csv,commission_payable,,identity_q1_or_ytd_diff,missing_raw_value
601328.XSHG,balance,2021-06-30,2021q2,,2021-08-28,salaries_payable,6640000000.0,balance.csv,salaries_payable,quarterly_direct,identity_q1_or_ytd_diff,
601328.XSHG,balance,2021-06-30,2021q2,,2021-08-28,taxs_payable,8625000000.0,balance.csv,taxs_payable,quarterly_direct,identity_q1_or_ytd_diff,
601328.XSHG,balance,2021-06-30,2021q2,,2021-08-28,interest_payable,,balance.csv,interest_payable,,identity_q1_or_ytd_diff,missing_raw_value
601328.XSHG,balance,2021-06-30,2021q2,,2021-08-28,other_payable,,balance.csv,other_payable,,identity_q1_or_ytd_diff,missing_raw_value
601328.XSHG,balance,2021-06-30,2021q2,,2021-08-28,insurance_contract_reserves,0.0,balance.csv,insurance_contract_reserves,quarterly_direct,identity_q1_or_ytd_diff,
601328.XSHG,balance,2021-06-30,2021q2,,2021-08-28,proxy_secu_proceeds,,balance.csv,proxy_secu_proceeds,,identity_q1_or_ytd_diff,missing_raw_value
601328.XSHG,balance,2021-06-30,2021q2,,2021-08-28,non_current_liability_in_one_year,,balance.csv,non_current_liability_in_one_year,,identity_q1_or_ytd_diff,missing_raw_value
601328.XSHG,balance,2021-06-30,2021q2,,2021-08-28,other_current_liability,,balance.csv,other_current_liability,,identity_q1_or_ytd_diff,missing_raw_value
601328.XSHG,balance,2021-06-30,2021q2,,2021-08-28,total_current_liability,,balance.csv,total_current_liability,,identity_q1_or_ytd_diff,missing_raw_value
601328.XSHG,balance,2021-06-30,2021q2,,2021-08-28,longterm_loan,,balance.csv,longterm_loan,,identity_q1_or_ytd_diff,missing_raw_value
601328.XSHG,balance,2021-06-30,2021q2,,2021-08-28,bonds_payable,541597000000.0,balance.csv,bonds_payable,quarterly_direct,identity_q1_or_ytd_diff,
601328.XSHG,balance,2021-06-30,2021q2,,2021-08-28,estimate_liability,10947000000.0,balance.csv,estimate_liability,quarterly_direct,identity_q1_or_ytd_diff,
601328.XSHG,balance,2021-06-30,2021q2,,2021-08-28,deferred_tax_liability,1491000000.0,balance.csv,deferred_tax_liability,quarterly_direct,identity_q1_or_ytd_diff,
601328.XSHG,balance,2021-06-30,2021q2,,2021-08-28,other_non_current_liability,,balance.csv,other_non_current_liability,,identity_q1_or_ytd_diff,missing_raw_value
601328.XSHG,balance,2021-06-30,2021q2,,2021-08-28,total_non_current_liability,,balance.csv,total_non_current_liability,,identity_q1_or_ytd_diff,missing_raw_value
601328.XSHG,balance,2021-06-30,2021q2,,2021-08-28,total_liability,10478045000000.0,balance.csv,total_liability,quarterly_direct,identity_q1_or_ytd_diff,
601328.XSHG,balance,2021-06-30,2021q2,,2021-08-28,paidin_capital,74263000000.0,balance.csv,paidin_capital,quarterly_direct,identity_q1_or_ytd_diff,
601328.XSHG,balance,2021-06-30,2021q2,,2021-08-28,capital_reserve_fund,111428000000.0,balance.csv,capital_reserve_fund,quarterly_direct,identity_q1_or_ytd_diff,
601328.XSHG,balance,2021-06-30,2021q2,,2021-08-28,treasury_stock,,balance.csv,treasury_stock,,identity_q1_or_ytd_diff,missing_raw_value
601328.XSHG,balance,2021-06-30,2021q2,,2021-08-28,surplus_reserve_fund,219461000000.0,balance.csv,surplus_reserve_fund,quarterly_direct,identity_q1_or_ytd_diff,
601328.XSHG,balance,2021-06-30,2021q2,,2021-08-28,ordinary_risk_reserve_fund,129878000000.0,balance.csv,ordinary_risk_reserve_fund,quarterly_direct,identity_q1_or_ytd_diff,
601328.XSHG,balance,2021-06-30,2021q2,,2021-08-28,retained_profit,217357000000.0,balance.csv,retained_profit,quarterly_direct,identity_q1_or_ytd_diff,
601328.XSHG,balance,2021-06-30,2021q2,,2021-08-28,equities_parent_company_owners,923608000000.0,balance.csv,equities_parent_company_owners,quarterly_direct,identity_q1_or_ytd_diff,
601328.XSHG,balance,2021-06-30,2021q2,,2021-08-28,minority_interests,12307000000.0,balance.csv,minority_interests,quarterly_direct,identity_q1_or_ytd_diff,
601328.XSHG,balance,2021-06-30,2021q2,,2021-08-28,total_owner_equities,935915000000.0,balance.csv,total_owner_equities,quarterly_direct,identity_q1_or_ytd_diff,
601328.XSHG,balance,2021-06-30,2021q2,,2021-08-28,other_comprehensive_income,-3569000000.0,balance.csv,other_comprehensive_income,quarterly_direct,identity_q1_or_ytd_diff,
601328.XSHG,balance,2021-06-30,2021q2,,2021-08-28,contract_assets,,balance.csv,contract_assets,,identity_q1_or_ytd_diff,missing_raw_value
601328.XSHG,balance,2021-06-30,2021q2,,2021-08-28,contract_liability,,balance.csv,contract_liability,,identity_q1_or_ytd_diff,missing_raw_value
601328.XSHG,balance,2021-06-30,2021q2,,2021-08-28,usufruct_assets,,balance.csv,usufruct_assets,,identity_q1_or_ytd_diff,missing_raw_value
601328.XSHG,balance,2021-09-30,2021q3,,2021-10-30,cash_equivalents,910538000000.0,balance.csv,cash_equivalents,quarterly_direct,identity_q1_or_ytd_diff,
601328.XSHG,balance,2021-09-30,2021q3,,2021-10-30,settlement_provi,,balance.csv,settlement_provi,,identity_q1_or_ytd_diff,missing_raw_value
601328.XSHG,balance,2021-09-30,2021q3,,2021-10-30,lend_capital,438569000000.0,balance.csv,lend_capital,quarterly_direct,identity_q1_or_ytd_diff,
601328.XSHG,balance,2021-09-30,2021q3,,2021-10-30,trading_assets,579252000000.0,balance.csv,trading_assets,quarterly_direct,identity_q1_or_ytd_diff,
601328.XSHG,balance,2021-09-30,2021q3,,2021-10-30,bill_receivable,,balance.csv,bill_receivable,,identity_q1_or_ytd_diff,missing_raw_value
601328.XSHG,balance,2021-09-30,2021q3,,2021-10-30,account_receivable,,balance.csv,account_receivable,,identity_q1_or_ytd_diff,missing_raw_value
601328.XSHG,balance,2021-09-30,2021q3,,2021-10-30,advance_payment,,balance.csv,advance_payment,,identity_q1_or_ytd_diff,missing_raw_value
601328.XSHG,balance,2021-09-30,2021q3,,2021-10-30,insurance_receivables,,balance.csv,insurance_receivables,,identity_q1_or_ytd_diff,missing_raw_value
601328.XSHG,balance,2021-09-30,2021q3,,2021-10-30,interest_receivable,,balance.csv,interest_receivable,,identity_q1_or_ytd_diff,missing_raw_value
601328.XSHG,balance,2021-09-30,2021q3,,2021-10-30,other_receivable,,balance.csv,other_receivable,,identity_q1_or_ytd_diff,missing_raw_value
601328.XSHG,balance,2021-09-30,2021q3,,2021-10-30,bought_sellback_assets,62674000000.0,balance.csv,bought_sellback_assets,quarterly_direct,identity_q1_or_ytd_diff,
601328.XSHG,balance,2021-09-30,2021q3,,2021-10-30,inventories,,balance.csv,inventories,,identity_q1_or_ytd_diff,missing_raw_value
601328.XSHG,balance,2021-09-30,2021q3,,2021-10-30,other_current_assets,,balance.csv,other_current_assets,,identity_q1_or_ytd_diff,missing_raw_value
601328.XSHG,balance,2021-09-30,2021q3,,2021-10-30,total_current_assets,,balance.csv,total_current_assets,,identity_q1_or_ytd_diff,missing_raw_value
601328.XSHG,balance,2021-09-30,2021q3,,2021-10-30,loan_and_advance,,balance.csv,loan_and_advance,,identity_q1_or_ytd_diff,missing_raw_value
601328.XSHG,balance,2021-09-30,2021q3,,2021-10-30,hold_for_sale_assets,,balance.csv,hold_for_sale_assets,,identity_q1_or_ytd_diff,missing_raw_value
601328.XSHG,balance,2021-09-30,2021q3,,2021-10-30,hold_to_maturity_investments,,balance.csv,hold_to_maturity_investments,,identity_q1_or_ytd_diff,missing_raw_value
601328.XSHG,balance,2021-09-30,2021q3,,2021-10-30,longterm_equity_invest,5670000000.0,balance.csv,longterm_equity_invest,quarterly_direct,identity_q1_or_ytd_diff,
601328.XSHG,balance,2021-09-30,2021q3,,2021-10-30,investment_property,6527000000.0,balance.csv,investment_property,quarterly_direct,identity_q1_or_ytd_diff,
601328.XSHG,balance,2021-09-30,2021q3,,2021-10-30,fixed_assets,164897000000.0,balance.csv,fixed_assets,quarterly_direct,identity_q1_or_ytd_diff,
601328.XSHG,balance,2021-09-30,2021q3,,2021-10-30,constru_in_process,2917000000.0,balance.csv,constru_in_process,quarterly_direct,identity_q1_or_ytd_diff,
601328.XSHG,balance,2021-09-30,2021q3,,2021-10-30,intangible_assets,3617000000.0,balance.csv,intangible_assets,quarterly_direct,identity_q1_or_ytd_diff,
601328.XSHG,balance,2021-09-30,2021q3,,2021-10-30,good_will,,balance.csv,good_will,,identity_q1_or_ytd_diff,missing_raw_value
601328.XSHG,balance,2021-09-30,2021q3,,2021-10-30,long_deferred_expense,,balance.csv,long_deferred_expense,,identity_q1_or_ytd_diff,missing_raw_value
601328.XSHG,balance,2021-09-30,2021q3,,2021-10-30,deferred_tax_assets,30897000000.0,balance.csv,deferred_tax_assets,quarterly_direct,identity_q1_or_ytd_diff,
601328.XSHG,balance,2021-09-30,2021q3,,2021-10-30,other_non_current_assets,,balance.csv,other_non_current_assets,,identity_q1_or_ytd_diff,missing_raw_value
601328.XSHG,balance,2021-09-30,2021q3,,2021-10-30,total_non_current_assets,,balance.csv,total_non_current_assets,,identity_q1_or_ytd_diff,missing_raw_value
601328.XSHG,balance,2021-09-30,2021q3,,2021-10-30,total_assets,11472623000000.0,balance.csv,total_assets,quarterly_direct,identity_q1_or_ytd_diff,
601328.XSHG,balance,2021-09-30,2021q3,,2021-10-30,shortterm_loan,0.0,balance.csv,shortterm_loan,quarterly_direct,identity_q1_or_ytd_diff,
601328.XSHG,balance,2021-09-30,2021q3,,2021-10-30,borrowing_from_centralbank,373888000000.0,balance.csv,borrowing_from_centralbank,quarterly_direct,identity_q1_or_ytd_diff,
601328.XSHG,balance,2021-09-30,2021q3,,2021-10-30,deposit_in_interbank,7960645000000.0,balance.csv,deposit_in_interbank,quarterly_direct,identity_q1_or_ytd_diff,
601328.XSHG,balance,2021-09-30,2021q3,,2021-10-30,borrowing_capital,408396000000.0,balance.csv,borrowing_capital,quarterly_direct,identity_q1_or_ytd_diff,
601328.XSHG,balance,2021-09-30,2021q3,,2021-10-30,trading_liability,23068000000.0,balance.csv,trading_liability,quarterly_direct,identity_q1_or_ytd_diff,
601328.XSHG,balance,2021-09-30,2021q3,,2021-10-30,notes_payable,,balance.csv,notes_payable,,identity_q1_or_ytd_diff,missing_raw_value
601328.XSHG,balance,2021-09-30,2021q3,,2021-10-30,accounts_payable,,balance.csv,accounts_payable,,identity_q1_or_ytd_diff,missing_raw_value
601328.XSHG,balance,2021-09-30,2021q3,,2021-10-30,advance_peceipts,,balance.csv,advance_peceipts,,identity_q1_or_ytd_diff,missing_raw_value
601328.XSHG,balance,2021-09-30,2021q3,,2021-10-30,sold_buyback_secu_proceeds,68191000000.0,balance.csv,sold_buyback_secu_proceeds,quarterly_direct,identity_q1_or_ytd_diff,
601328.XSHG,balance,2021-09-30,2021q3,,2021-10-30,commission_payable,,balance.csv,commission_payable,,identity_q1_or_ytd_diff,missing_raw_value
601328.XSHG,balance,2021-09-30,2021q3,,2021-10-30,salaries_payable,6646000000.0,balance.csv,salaries_payable,quarterly_direct,identity_q1_or_ytd_diff,
601328.XSHG,balance,2021-09-30,2021q3,,2021-10-30,taxs_payable,9649000000.0,balance.csv,taxs_payable,quarterly_direct,identity_q1_or_ytd_diff,
601328.XSHG,balance,2021-09-30,2021q3,,2021-10-30,interest_payable,,balance.csv,interest_payable,,identity_q1_or_ytd_diff,missing_raw_value
601328.XSHG,balance,2021-09-30,2021q3,,2021-10-30,other_payable,,balance.csv,other_payable,,identity_q1_or_ytd_diff,missing_raw_value
601328.XSHG,balance,2021-09-30,2021q3,,2021-10-30,insurance_contract_reserves,0.0,balance.csv,insurance_contract_reserves,quarterly_direct,identity_q1_or_ytd_diff,
601328.XSHG,balance,2021-09-30,2021q3,,2021-10-30,proxy_secu_proceeds,,balance.csv,proxy_secu_proceeds,,identity_q1_or_ytd_diff,missing_raw_value
601328.XSHG,balance,2021-09-30,2021q3,,2021-10-30,non_current_liability_in_one_year,,balance.csv,non_current_liability_in_one_year,,identity_q1_or_ytd_diff,missing_raw_value
601328.XSHG,balance,2021-09-30,2021q3,,2021-10-30,other_current_liability,,balance.csv,other_current_liability,,identity_q1_or_ytd_diff,missing_raw_value
601328.XSHG,balance,2021-09-30,2021q3,,2021-10-30,total_current_liability,,balance.csv,total_current_liability,,identity_q1_or_ytd_diff,missing_raw_value
601328.XSHG,balance,2021-09-30,2021q3,,2021-10-30,longterm_loan,,balance.csv,longterm_loan,,identity_q1_or_ytd_diff,missing_raw_value
601328.XSHG,balance,2021-09-30,2021q3,,2021-10-30,bonds_payable,576347000000.0,balance.csv,bonds_payable,quarterly_direct,identity_q1_or_ytd_diff,
601328.XSHG,balance,2021-09-30,2021q3,,2021-10-30,estimate_liability,10981000000.0,balance.csv,estimate_liability,quarterly_direct,identity_q1_or_ytd_diff,
601328.XSHG,balance,2021-09-30,2021q3,,2021-10-30,deferred_tax_liability,1622000000.0,balance.csv,deferred_tax_liability,quarterly_direct,identity_q1_or_ytd_diff,
601328.XSHG,balance,2021-09-30,2021q3,,2021-10-30,other_non_current_liability,,balance.csv,other_non_current_liability,,identity_q1_or_ytd_diff,missing_raw_value
601328.XSHG,balance,2021-09-30,2021q3,,2021-10-30,total_non_current_liability,,balance.csv,total_non_current_liability,,identity_q1_or_ytd_diff,missing_raw_value
601328.XSHG,balance,2021-09-30,2021q3,,2021-10-30,total_liability,10515763000000.0,balance.csv,total_liability,quarterly_direct,identity_q1_or_ytd_diff,
601328.XSHG,balance,2021-09-30,2021q3,,2021-10-30,paidin_capital,74263000000.0,balance.csv,paidin_capital,quarterly_direct,identity_q1_or_ytd_diff,
601328.XSHG,balance,2021-09-30,2021q3,,2021-10-30,capital_reserve_fund,111428000000.0,balance.csv,capital_reserve_fund,quarterly_direct,identity_q1_or_ytd_diff,
601328.XSHG,balance,2021-09-30,2021q3,,2021-10-30,treasury_stock,,balance.csv,treasury_stock,,identity_q1_or_ytd_diff,missing_raw_value
601328.XSHG,balance,2021-09-30,2021q3,,2021-10-30,surplus_reserve_fund,219461000000.0,balance.csv,surplus_reserve_fund,quarterly_direct,identity_q1_or_ytd_diff,
601328.XSHG,balance,2021-09-30,2021q3,,2021-10-30,ordinary_risk_reserve_fund,129976000000.0,balance.csv,ordinary_risk_reserve_fund,quarterly_direct,identity_q1_or_ytd_diff,
601328.XSHG,balance,2021-09-30,2021q3,,2021-10-30,retained_profit,236486000000.0,balance.csv,retained_profit,quarterly_direct,identity_q1_or_ytd_diff,
601328.XSHG,balance,2021-09-30,2021q3,,2021-10-30,equities_parent_company_owners,944346000000.0,balance.csv,equities_parent_company_owners,quarterly_direct,identity_q1_or_ytd_diff,
601328.XSHG,balance,2021-09-30,2021q3,,2021-10-30,minority_interests,12514000000.0,balance.csv,minority_interests,quarterly_direct,identity_q1_or_ytd_diff,
601328.XSHG,balance,2021-09-30,2021q3,,2021-10-30,total_owner_equities,956860000000.0,balance.csv,total_owner_equities,quarterly_direct,identity_q1_or_ytd_diff,
601328.XSHG,balance,2021-09-30,2021q3,,2021-10-30,other_comprehensive_income,-2058000000.0,balance.csv,other_comprehensive_income,quarterly_direct,identity_q1_or_ytd_diff,
601328.XSHG,balance,2021-09-30,2021q3,,2021-10-30,contract_assets,,balance.csv,contract_assets,,identity_q1_or_ytd_diff,missing_raw_value
601328.XSHG,balance,2021-09-30,2021q3,,2021-10-30,contract_liability,,balance.csv,contract_liability,,identity_q1_or_ytd_diff,missing_raw_value
601328.XSHG,balance,2021-09-30,2021q3,,2021-10-30,usufruct_assets,,balance.csv,usufruct_assets,,identity_q1_or_ytd_diff,missing_raw_value
601328.XSHG,balance,2021-12-31,2021q4,,2022-03-26,cash_equivalents,854618000000.0,balance.csv,cash_equivalents,quarterly_direct,identity_q1_or_ytd_diff,
601328.XSHG,balance,2021-12-31,2021q4,,2022-03-26,settlement_provi,,balance.csv,settlement_provi,,identity_q1_or_ytd_diff,missing_raw_value
601328.XSHG,balance,2021-12-31,2021q4,,2022-03-26,lend_capital,439450000000.0,balance.csv,lend_capital,quarterly_direct,identity_q1_or_ytd_diff,
601328.XSHG,balance,2021-12-31,2021q4,,2022-03-26,trading_assets,638483000000.0,balance.csv,trading_assets,quarterly_direct,identity_q1_or_ytd_diff,
601328.XSHG,balance,2021-12-31,2021q4,,2022-03-26,bill_receivable,,balance.csv,bill_receivable,,identity_q1_or_ytd_diff,missing_raw_value
601328.XSHG,balance,2021-12-31,2021q4,,2022-03-26,account_receivable,,balance.csv,account_receivable,,identity_q1_or_ytd_diff,missing_raw_value
601328.XSHG,balance,2021-12-31,2021q4,,2022-03-26,advance_payment,,balance.csv,advance_payment,,identity_q1_or_ytd_diff,missing_raw_value
601328.XSHG,balance,2021-12-31,2021q4,,2022-03-26,insurance_receivables,,balance.csv,insurance_receivables,,identity_q1_or_ytd_diff,missing_raw_value
601328.XSHG,balance,2021-12-31,2021q4,,2022-03-26,interest_receivable,,balance.csv,interest_receivable,,identity_q1_or_ytd_diff,missing_raw_value
601328.XSHG,balance,2021-12-31,2021q4,,2022-03-26,other_receivable,,balance.csv,other_receivable,,identity_q1_or_ytd_diff,missing_raw_value
601328.XSHG,balance,2021-12-31,2021q4,,2022-03-26,bought_sellback_assets,73368000000.0,balance.csv,bought_sellback_assets,quarterly_direct,identity_q1_or_ytd_diff,
601328.XSHG,balance,2021-12-31,2021q4,,2022-03-26,inventories,,balance.csv,inventories,,identity_q1_or_ytd_diff,missing_raw_value
601328.XSHG,balance,2021-12-31,2021q4,,2022-03-26,other_current_assets,,balance.csv,other_current_assets,,identity_q1_or_ytd_diff,missing_raw_value
601328.XSHG,balance,2021-12-31,2021q4,,2022-03-26,total_current_assets,,balance.csv,total_current_assets,,identity_q1_or_ytd_diff,missing_raw_value
601328.XSHG,balance,2021-12-31,2021q4,,2022-03-26,loan_and_advance,,balance.csv,loan_and_advance,,identity_q1_or_ytd_diff,missing_raw_value
601328.XSHG,balance,2021-12-31,2021q4,,2022-03-26,hold_for_sale_assets,,balance.csv,hold_for_sale_assets,,identity_q1_or_ytd_diff,missing_raw_value
601328.XSHG,balance,2021-12-31,2021q4,,2022-03-26,hold_to_maturity_investments,,balance.csv,hold_to_maturity_investments,,identity_q1_or_ytd_diff,missing_raw_value
601328.XSHG,balance,2021-12-31,2021q4,,2022-03-26,longterm_equity_invest,5779000000.0,balance.csv,longterm_equity_invest,quarterly_direct,identity_q1_or_ytd_diff,
601328.XSHG,balance,2021-12-31,2021q4,,2022-03-26,investment_property,6340000000.0,balance.csv,investment_property,quarterly_direct,identity_q1_or_ytd_diff,
601328.XSHG,balance,2021-12-31,2021q4,,2022-03-26,fixed_assets,168247000000.0,balance.csv,fixed_assets,quarterly_direct,identity_q1_or_ytd_diff,
601328.XSHG,balance,2021-12-31,2021q4,,2022-03-26,constru_in_process,2947000000.0,balance.csv,constru_in_process,quarterly_direct,identity_q1_or_ytd_diff,
601328.XSHG,balance,2021-12-31,2021q4,,2022-03-26,intangible_assets,3874000000.0,balance.csv,intangible_assets,quarterly_direct,identity_q1_or_ytd_diff,
601328.XSHG,balance,2021-12-31,2021q4,,2022-03-26,good_will,,balance.csv,good_will,,identity_q1_or_ytd_diff,missing_raw_value
601328.XSHG,balance,2021-12-31,2021q4,,2022-03-26,long_deferred_expense,,balance.csv,long_deferred_expense,,identity_q1_or_ytd_diff,missing_raw_value
601328.XSHG,balance,2021-12-31,2021q4,,2022-03-26,deferred_tax_assets,32061000000.0,balance.csv,deferred_tax_assets,quarterly_direct,identity_q1_or_ytd_diff,
601328.XSHG,balance,2021-12-31,2021q4,,2022-03-26,other_non_current_assets,,balance.csv,other_non_current_assets,,identity_q1_or_ytd_diff,missing_raw_value
601328.XSHG,balance,2021-12-31,2021q4,,2022-03-26,total_non_current_assets,,balance.csv,total_non_current_assets,,identity_q1_or_ytd_diff,missing_raw_value
601328.XSHG,balance,2021-12-31,2021q4,,2022-03-26,total_assets,11665757000000.0,balance.csv,total_assets,quarterly_direct,identity_q1_or_ytd_diff,
601328.XSHG,balance,2021-12-31,2021q4,,2022-03-26,shortterm_loan,0.0,balance.csv,shortterm_loan,quarterly_direct,identity_q1_or_ytd_diff,
601328.XSHG,balance,2021-12-31,2021q4,,2022-03-26,borrowing_from_centralbank,339358000000.0,balance.csv,borrowing_from_centralbank,quarterly_direct,identity_q1_or_ytd_diff,
601328.XSHG,balance,2021-12-31,2021q4,,2022-03-26,deposit_in_interbank,8136417000000.0,balance.csv,deposit_in_interbank,quarterly_direct,identity_q1_or_ytd_diff,
601328.XSHG,balance,2021-12-31,2021q4,,2022-03-26,borrowing_capital,467019000000.0,balance.csv,borrowing_capital,quarterly_direct,identity_q1_or_ytd_diff,
601328.XSHG,balance,2021-12-31,2021q4,,2022-03-26,trading_liability,50048000000.0,balance.csv,trading_liability,quarterly_direct,identity_q1_or_ytd_diff,
601328.XSHG,balance,2021-12-31,2021q4,,2022-03-26,notes_payable,,balance.csv,notes_payable,,identity_q1_or_ytd_diff,missing_raw_value
601328.XSHG,balance,2021-12-31,2021q4,,2022-03-26,accounts_payable,,balance.csv,accounts_payable,,identity_q1_or_ytd_diff,missing_raw_value
601328.XSHG,balance,2021-12-31,2021q4,,2022-03-26,advance_peceipts,,balance.csv,advance_peceipts,,identity_q1_or_ytd_diff,missing_raw_value
601328.XSHG,balance,2021-12-31,2021q4,,2022-03-26,sold_buyback_secu_proceeds,44751000000.0,balance.csv,sold_buyback_secu_proceeds,quarterly_direct,identity_q1_or_ytd_diff,
601328.XSHG,balance,2021-12-31,2021q4,,2022-03-26,commission_payable,,balance.csv,commission_payable,,identity_q1_or_ytd_diff,missing_raw_value
601328.XSHG,balance,2021-12-31,2021q4,,2022-03-26,salaries_payable,14401000000.0,balance.csv,salaries_payable,quarterly_direct,identity_q1_or_ytd_diff,
601328.XSHG,balance,2021-12-31,2021q4,,2022-03-26,taxs_payable,10364000000.0,balance.csv,taxs_payable,quarterly_direct,identity_q1_or_ytd_diff,
601328.XSHG,balance,2021-12-31,2021q4,,2022-03-26,interest_payable,,balance.csv,interest_payable,,identity_q1_or_ytd_diff,missing_raw_value
601328.XSHG,balance,2021-12-31,2021q4,,2022-03-26,other_payable,,balance.csv,other_payable,,identity_q1_or_ytd_diff,missing_raw_value
601328.XSHG,balance,2021-12-31,2021q4,,2022-03-26,insurance_contract_reserves,0.0,balance.csv,insurance_contract_reserves,quarterly_direct,identity_q1_or_ytd_diff,
601328.XSHG,balance,2021-12-31,2021q4,,2022-03-26,proxy_secu_proceeds,,balance.csv,proxy_secu_proceeds,,identity_q1_or_ytd_diff,missing_raw_value
601328.XSHG,balance,2021-12-31,2021q4,,2022-03-26,non_current_liability_in_one_year,,balance.csv,non_current_liability_in_one_year,,identity_q1_or_ytd_diff,missing_raw_value
601328.XSHG,balance,2021-12-31,2021q4,,2022-03-26,other_current_liability,,balance.csv,other_current_liability,,identity_q1_or_ytd_diff,missing_raw_value
601328.XSHG,balance,2021-12-31,2021q4,,2022-03-26,total_current_liability,,balance.csv,total_current_liability,,identity_q1_or_ytd_diff,missing_raw_value
601328.XSHG,balance,2021-12-31,2021q4,,2022-03-26,longterm_loan,,balance.csv,longterm_loan,,identity_q1_or_ytd_diff,missing_raw_value
601328.XSHG,balance,2021-12-31,2021q4,,2022-03-26,bonds_payable,503525000000.0,balance.csv,bonds_payable,quarterly_direct,identity_q1_or_ytd_diff,
601328.XSHG,balance,2021-12-31,2021q4,,2022-03-26,estimate_liability,9714000000.0,balance.csv,estimate_liability,quarterly_direct,identity_q1_or_ytd_diff,
601328.XSHG,balance,2021-12-31,2021q4,,2022-03-26,deferred_tax_liability,1889000000.0,balance.csv,deferred_tax_liability,quarterly_direct,identity_q1_or_ytd_diff,
601328.XSHG,balance,2021-12-31,2021q4,,2022-03-26,other_non_current_liability,,balance.csv,other_non_current_liability,,identity_q1_or_ytd_diff,missing_raw_value
601328.XSHG,balance,2021-12-31,2021q4,,2022-03-26,total_non_current_liability,,balance.csv,total_non_current_liability,,identity_q1_or_ytd_diff,missing_raw_value
601328.XSHG,balance,2021-12-31,2021q4,,2022-03-26,total_liability,10688521000000.0,balance.csv,total_liability,quarterly_direct,identity_q1_or_ytd_diff,
601328.XSHG,balance,2021-12-31,2021q4,,2022-03-26,paidin_capital,74263000000.0,balance.csv,paidin_capital,quarterly_direct,identity_q1_or_ytd_diff,
601328.XSHG,balance,2021-12-31,2021q4,,2022-03-26,capital_reserve_fund,111428000000.0,balance.csv,capital_reserve_fund,quarterly_direct,identity_q1_or_ytd_diff,
601328.XSHG,balance,2021-12-31,2021q4,,2022-03-26,treasury_stock,,balance.csv,treasury_stock,,identity_q1_or_ytd_diff,missing_raw_value
601328.XSHG,balance,2021-12-31,2021q4,,2022-03-26,surplus_reserve_fund,219989000000.0,balance.csv,surplus_reserve_fund,quarterly_direct,identity_q1_or_ytd_diff,
601328.XSHG,balance,2021-12-31,2021q4,,2022-03-26,ordinary_risk_reserve_fund,130280000000.0,balance.csv,ordinary_risk_reserve_fund,quarterly_direct,identity_q1_or_ytd_diff,
601328.XSHG,balance,2021-12-31,2021q4,,2022-03-26,retained_profit,258074000000.0,balance.csv,retained_profit,quarterly_direct,identity_q1_or_ytd_diff,
601328.XSHG,balance,2021-12-31,2021q4,,2022-03-26,equities_parent_company_owners,964647000000.0,balance.csv,equities_parent_company_owners,quarterly_direct,identity_q1_or_ytd_diff,
601328.XSHG,balance,2021-12-31,2021q4,,2022-03-26,minority_interests,12589000000.0,balance.csv,minority_interests,quarterly_direct,identity_q1_or_ytd_diff,
601328.XSHG,balance,2021-12-31,2021q4,,2022-03-26,total_owner_equities,977236000000.0,balance.csv,total_owner_equities,quarterly_direct,identity_q1_or_ytd_diff,
601328.XSHG,balance,2021-12-31,2021q4,,2022-03-26,other_comprehensive_income,-4177000000.0,balance.csv,other_comprehensive_income,quarterly_direct,identity_q1_or_ytd_diff,
601328.XSHG,balance,2021-12-31,2021q4,,2022-03-26,contract_assets,,balance.csv,contract_assets,,identity_q1_or_ytd_diff,missing_raw_value
601328.XSHG,balance,2021-12-31,2021q4,,2022-03-26,contract_liability,,balance.csv,contract_liability,,identity_q1_or_ytd_diff,missing_raw_value
601328.XSHG,balance,2021-12-31,2021q4,,2022-03-26,usufruct_assets,,balance.csv,usufruct_assets,,identity_q1_or_ytd_diff,missing_raw_value
601328.XSHG,balance,2022-03-31,2022q1,,2022-04-30,cash_equivalents,952551000000.0,balance.csv,cash_equivalents,quarterly_direct,identity_q1_or_ytd_diff,
601328.XSHG,balance,2022-03-31,2022q1,,2022-04-30,settlement_provi,,balance.csv,settlement_provi,,identity_q1_or_ytd_diff,missing_raw_value
601328.XSHG,balance,2022-03-31,2022q1,,2022-04-30,lend_capital,503929000000.0,balance.csv,lend_capital,quarterly_direct,identity_q1_or_ytd_diff,
601328.XSHG,balance,2022-03-31,2022q1,,2022-04-30,trading_assets,3588478000000.0,balance.csv,trading_assets,quarterly_direct,identity_q1_or_ytd_diff,
601328.XSHG,balance,2022-03-31,2022q1,,2022-04-30,bill_receivable,,balance.csv,bill_receivable,,identity_q1_or_ytd_diff,missing_raw_value
601328.XSHG,balance,2022-03-31,2022q1,,2022-04-30,account_receivable,,balance.csv,account_receivable,,identity_q1_or_ytd_diff,missing_raw_value
601328.XSHG,balance,2022-03-31,2022q1,,2022-04-30,advance_payment,,balance.csv,advance_payment,,identity_q1_or_ytd_diff,missing_raw_value
601328.XSHG,balance,2022-03-31,2022q1,,2022-04-30,insurance_receivables,,balance.csv,insurance_receivables,,identity_q1_or_ytd_diff,missing_raw_value
601328.XSHG,balance,2022-03-31,2022q1,,2022-04-30,interest_receivable,,balance.csv,interest_receivable,,identity_q1_or_ytd_diff,missing_raw_value
601328.XSHG,balance,2022-03-31,2022q1,,2022-04-30,other_receivable,,balance.csv,other_receivable,,identity_q1_or_ytd_diff,missing_raw_value
601328.XSHG,balance,2022-03-31,2022q1,,2022-04-30,bought_sellback_assets,137890000000.0,balance.csv,bought_sellback_assets,quarterly_direct,identity_q1_or_ytd_diff,
601328.XSHG,balance,2022-03-31,2022q1,,2022-04-30,inventories,,balance.csv,inventories,,identity_q1_or_ytd_diff,missing_raw_value
601328.XSHG,balance,2022-03-31,2022q1,,2022-04-30,other_current_assets,,balance.csv,other_current_assets,,identity_q1_or_ytd_diff,missing_raw_value
601328.XSHG,balance,2022-03-31,2022q1,,2022-04-30,total_current_assets,,balance.csv,total_current_assets,,identity_q1_or_ytd_diff,missing_raw_value
601328.XSHG,balance,2022-03-31,2022q1,,2022-04-30,loan_and_advance,,balance.csv,loan_and_advance,,identity_q1_or_ytd_diff,missing_raw_value
601328.XSHG,balance,2022-03-31,2022q1,,2022-04-30,hold_for_sale_assets,,balance.csv,hold_for_sale_assets,,identity_q1_or_ytd_diff,missing_raw_value
601328.XSHG,balance,2022-03-31,2022q1,,2022-04-30,hold_to_maturity_investments,,balance.csv,hold_to_maturity_investments,,identity_q1_or_ytd_diff,missing_raw_value
601328.XSHG,balance,2022-03-31,2022q1,,2022-04-30,longterm_equity_invest,7380000000.0,balance.csv,longterm_equity_invest,quarterly_direct,identity_q1_or_ytd_diff,
601328.XSHG,balance,2022-03-31,2022q1,,2022-04-30,investment_property,6459000000.0,balance.csv,investment_property,quarterly_direct,identity_q1_or_ytd_diff,
601328.XSHG,balance,2022-03-31,2022q1,,2022-04-30,fixed_assets,167177000000.0,balance.csv,fixed_assets,quarterly_direct,identity_q1_or_ytd_diff,
601328.XSHG,balance,2022-03-31,2022q1,,2022-04-30,constru_in_process,3137000000.0,balance.csv,constru_in_process,quarterly_direct,identity_q1_or_ytd_diff,
601328.XSHG,balance,2022-03-31,2022q1,,2022-04-30,intangible_assets,3856000000.0,balance.csv,intangible_assets,quarterly_direct,identity_q1_or_ytd_diff,
601328.XSHG,balance,2022-03-31,2022q1,,2022-04-30,good_will,,balance.csv,good_will,,identity_q1_or_ytd_diff,missing_raw_value
601328.XSHG,balance,2022-03-31,2022q1,,2022-04-30,long_deferred_expense,,balance.csv,long_deferred_expense,,identity_q1_or_ytd_diff,missing_raw_value
601328.XSHG,balance,2022-03-31,2022q1,,2022-04-30,deferred_tax_assets,34564000000.0,balance.csv,deferred_tax_assets,quarterly_direct,identity_q1_or_ytd_diff,
601328.XSHG,balance,2022-03-31,2022q1,,2022-04-30,other_non_current_assets,,balance.csv,other_non_current_assets,,identity_q1_or_ytd_diff,missing_raw_value
601328.XSHG,balance,2022-03-31,2022q1,,2022-04-30,total_non_current_assets,,balance.csv,total_non_current_assets,,identity_q1_or_ytd_diff,missing_raw_value
601328.XSHG,balance,2022-03-31,2022q1,,2022-04-30,total_assets,12323654000000.0,balance.csv,total_assets,quarterly_direct,identity_q1_or_ytd_diff,
601328.XSHG,balance,2022-03-31,2022q1,,2022-04-30,shortterm_loan,0.0,balance.csv,shortterm_loan,quarterly_direct,identity_q1_or_ytd_diff,
601328.XSHG,balance,2022-03-31,2022q1,,2022-04-30,borrowing_from_centralbank,377771000000.0,balance.csv,borrowing_from_centralbank,quarterly_direct,identity_q1_or_ytd_diff,
601328.XSHG,balance,2022-03-31,2022q1,,2022-04-30,deposit_in_interbank,8587237000000.0,balance.csv,deposit_in_interbank,quarterly_direct,identity_q1_or_ytd_diff,
601328.XSHG,balance,2022-03-31,2022q1,,2022-04-30,borrowing_capital,431862000000.0,balance.csv,borrowing_capital,quarterly_direct,identity_q1_or_ytd_diff,
601328.XSHG,balance,2022-03-31,2022q1,,2022-04-30,trading_liability,59031000000.0,balance.csv,trading_liability,quarterly_direct,identity_q1_or_ytd_diff,
601328.XSHG,balance,2022-03-31,2022q1,,2022-04-30,notes_payable,,balance.csv,notes_payable,,identity_q1_or_ytd_diff,missing_raw_value
601328.XSHG,balance,2022-03-31,2022q1,,2022-04-30,accounts_payable,,balance.csv,accounts_payable,,identity_q1_or_ytd_diff,missing_raw_value
601328.XSHG,balance,2022-03-31,2022q1,,2022-04-30,advance_peceipts,,balance.csv,advance_peceipts,,identity_q1_or_ytd_diff,missing_raw_value
601328.XSHG,balance,2022-03-31,2022q1,,2022-04-30,sold_buyback_secu_proceeds,54285000000.0,balance.csv,sold_buyback_secu_proceeds,quarterly_direct,identity_q1_or_ytd_diff,
601328.XSHG,balance,2022-03-31,2022q1,,2022-04-30,commission_payable,,balance.csv,commission_payable,,identity_q1_or_ytd_diff,missing_raw_value
601328.XSHG,balance,2022-03-31,2022q1,,2022-04-30,salaries_payable,8149000000.0,balance.csv,salaries_payable,quarterly_direct,identity_q1_or_ytd_diff,
601328.XSHG,balance,2022-03-31,2022q1,,2022-04-30,taxs_payable,13277000000.0,balance.csv,taxs_payable,quarterly_direct,identity_q1_or_ytd_diff,
601328.XSHG,balance,2022-03-31,2022q1,,2022-04-30,interest_payable,,balance.csv,interest_payable,,identity_q1_or_ytd_diff,missing_raw_value
601328.XSHG,balance,2022-03-31,2022q1,,2022-04-30,other_payable,,balance.csv,other_payable,,identity_q1_or_ytd_diff,missing_raw_value
601328.XSHG,balance,2022-03-31,2022q1,,2022-04-30,insurance_contract_reserves,0.0,balance.csv,insurance_contract_reserves,quarterly_direct,identity_q1_or_ytd_diff,
601328.XSHG,balance,2022-03-31,2022q1,,2022-04-30,proxy_secu_proceeds,,balance.csv,proxy_secu_proceeds,,identity_q1_or_ytd_diff,missing_raw_value
601328.XSHG,balance,2022-03-31,2022q1,,2022-04-30,non_current_liability_in_one_year,,balance.csv,non_current_liability_in_one_year,,identity_q1_or_ytd_diff,missing_raw_value
601328.XSHG,balance,2022-03-31,2022q1,,2022-04-30,other_current_liability,,balance.csv,other_current_liability,,identity_q1_or_ytd_diff,missing_raw_value
601328.XSHG,balance,2022-03-31,2022q1,,2022-04-30,total_current_liability,,balance.csv,total_current_liability,,identity_q1_or_ytd_diff,missing_raw_value
601328.XSHG,balance,2022-03-31,2022q1,,2022-04-30,longterm_loan,,balance.csv,longterm_loan,,identity_q1_or_ytd_diff,missing_raw_value
601328.XSHG,balance,2022-03-31,2022q1,,2022-04-30,bonds_payable,522156000000.0,balance.csv,bonds_payable,quarterly_direct,identity_q1_or_ytd_diff,
601328.XSHG,balance,2022-03-31,2022q1,,2022-04-30,estimate_liability,9853000000.0,balance.csv,estimate_liability,quarterly_direct,identity_q1_or_ytd_diff,
601328.XSHG,balance,2022-03-31,2022q1,,2022-04-30,deferred_tax_liability,1553000000.0,balance.csv,deferred_tax_liability,quarterly_direct,identity_q1_or_ytd_diff,
601328.XSHG,balance,2022-03-31,2022q1,,2022-04-30,other_non_current_liability,,balance.csv,other_non_current_liability,,identity_q1_or_ytd_diff,missing_raw_value
601328.XSHG,balance,2022-03-31,2022q1,,2022-04-30,total_non_current_liability,,balance.csv,total_non_current_liability,,identity_q1_or_ytd_diff,missing_raw_value
601328.XSHG,balance,2022-03-31,2022q1,,2022-04-30,total_liability,11326932000000.0,balance.csv,total_liability,quarterly_direct,identity_q1_or_ytd_diff,
601328.XSHG,balance,2022-03-31,2022q1,,2022-04-30,paidin_capital,74263000000.0,balance.csv,paidin_capital,quarterly_direct,identity_q1_or_ytd_diff,
601328.XSHG,balance,2022-03-31,2022q1,,2022-04-30,capital_reserve_fund,111428000000.0,balance.csv,capital_reserve_fund,quarterly_direct,identity_q1_or_ytd_diff,
601328.XSHG,balance,2022-03-31,2022q1,,2022-04-30,treasury_stock,,balance.csv,treasury_stock,,identity_q1_or_ytd_diff,missing_raw_value
601328.XSHG,balance,2022-03-31,2022q1,,2022-04-30,surplus_reserve_fund,219989000000.0,balance.csv,surplus_reserve_fund,quarterly_direct,identity_q1_or_ytd_diff,
601328.XSHG,balance,2022-03-31,2022q1,,2022-04-30,ordinary_risk_reserve_fund,130857000000.0,balance.csv,ordinary_risk_reserve_fund,quarterly_direct,identity_q1_or_ytd_diff,
601328.XSHG,balance,2022-03-31,2022q1,,2022-04-30,retained_profit,280829000000.0,balance.csv,retained_profit,quarterly_direct,identity_q1_or_ytd_diff,
601328.XSHG,balance,2022-03-31,2022q1,,2022-04-30,equities_parent_company_owners,984172000000.0,balance.csv,equities_parent_company_owners,quarterly_direct,identity_q1_or_ytd_diff,
601328.XSHG,balance,2022-03-31,2022q1,,2022-04-30,minority_interests,12550000000.0,balance.csv,minority_interests,quarterly_direct,identity_q1_or_ytd_diff,
601328.XSHG,balance,2022-03-31,2022q1,,2022-04-30,total_owner_equities,996722000000.0,balance.csv,total_owner_equities,quarterly_direct,identity_q1_or_ytd_diff,
601328.XSHG,balance,2022-03-31,2022q1,,2022-04-30,other_comprehensive_income,-7984000000.0,balance.csv,other_comprehensive_income,quarterly_direct,identity_q1_or_ytd_diff,
601328.XSHG,balance,2022-03-31,2022q1,,2022-04-30,contract_assets,,balance.csv,contract_assets,,identity_q1_or_ytd_diff,missing_raw_value
601328.XSHG,balance,2022-03-31,2022q1,,2022-04-30,contract_liability,,balance.csv,contract_liability,,identity_q1_or_ytd_diff,missing_raw_value
601328.XSHG,balance,2022-03-31,2022q1,,2022-04-30,usufruct_assets,,balance.csv,usufruct_assets,,identity_q1_or_ytd_diff,missing_raw_value
601328.XSHG,balance,2022-06-30,2022q2,,2022-08-27,cash_equivalents,877173000000.0,balance.csv,cash_equivalents,quarterly_direct,identity_q1_or_ytd_diff,
601328.XSHG,balance,2022-06-30,2022q2,,2022-08-27,settlement_provi,,balance.csv,settlement_provi,,identity_q1_or_ytd_diff,missing_raw_value
601328.XSHG,balance,2022-06-30,2022q2,,2022-08-27,lend_capital,533660000000.0,balance.csv,lend_capital,quarterly_direct,identity_q1_or_ytd_diff,
601328.XSHG,balance,2022-06-30,2022q2,,2022-08-27,trading_assets,666260000000.0,balance.csv,trading_assets,quarterly_direct,identity_q1_or_ytd_diff,
601328.XSHG,balance,2022-06-30,2022q2,,2022-08-27,bill_receivable,,balance.csv,bill_receivable,,identity_q1_or_ytd_diff,missing_raw_value
601328.XSHG,balance,2022-06-30,2022q2,,2022-08-27,account_receivable,,balance.csv,account_receivable,,identity_q1_or_ytd_diff,missing_raw_value
601328.XSHG,balance,2022-06-30,2022q2,,2022-08-27,advance_payment,,balance.csv,advance_payment,,identity_q1_or_ytd_diff,missing_raw_value
601328.XSHG,balance,2022-06-30,2022q2,,2022-08-27,insurance_receivables,,balance.csv,insurance_receivables,,identity_q1_or_ytd_diff,missing_raw_value
601328.XSHG,balance,2022-06-30,2022q2,,2022-08-27,interest_receivable,,balance.csv,interest_receivable,,identity_q1_or_ytd_diff,missing_raw_value
601328.XSHG,balance,2022-06-30,2022q2,,2022-08-27,other_receivable,,balance.csv,other_receivable,,identity_q1_or_ytd_diff,missing_raw_value
601328.XSHG,balance,2022-06-30,2022q2,,2022-08-27,bought_sellback_assets,135570000000.0,balance.csv,bought_sellback_assets,quarterly_direct,identity_q1_or_ytd_diff,
601328.XSHG,balance,2022-06-30,2022q2,,2022-08-27,inventories,,balance.csv,inventories,,identity_q1_or_ytd_diff,missing_raw_value
601328.XSHG,balance,2022-06-30,2022q2,,2022-08-27,other_current_assets,,balance.csv,other_current_assets,,identity_q1_or_ytd_diff,missing_raw_value
601328.XSHG,balance,2022-06-30,2022q2,,2022-08-27,total_current_assets,,balance.csv,total_current_assets,,identity_q1_or_ytd_diff,missing_raw_value
601328.XSHG,balance,2022-06-30,2022q2,,2022-08-27,loan_and_advance,,balance.csv,loan_and_advance,,identity_q1_or_ytd_diff,missing_raw_value
601328.XSHG,balance,2022-06-30,2022q2,,2022-08-27,hold_for_sale_assets,,balance.csv,hold_for_sale_assets,,identity_q1_or_ytd_diff,missing_raw_value
601328.XSHG,balance,2022-06-30,2022q2,,2022-08-27,hold_to_maturity_investments,,balance.csv,hold_to_maturity_investments,,identity_q1_or_ytd_diff,missing_raw_value
601328.XSHG,balance,2022-06-30,2022q2,,2022-08-27,longterm_equity_invest,7389000000.0,balance.csv,longterm_equity_invest,quarterly_direct,identity_q1_or_ytd_diff,
601328.XSHG,balance,2022-06-30,2022q2,,2022-08-27,investment_property,6508000000.0,balance.csv,investment_property,quarterly_direct,identity_q1_or_ytd_diff,
601328.XSHG,balance,2022-06-30,2022q2,,2022-08-27,fixed_assets,175961000000.0,balance.csv,fixed_assets,quarterly_direct,identity_q1_or_ytd_diff,
601328.XSHG,balance,2022-06-30,2022q2,,2022-08-27,constru_in_process,3277000000.0,balance.csv,constru_in_process,quarterly_direct,identity_q1_or_ytd_diff,
601328.XSHG,balance,2022-06-30,2022q2,,2022-08-27,intangible_assets,3808000000.0,balance.csv,intangible_assets,quarterly_direct,identity_q1_or_ytd_diff,
601328.XSHG,balance,2022-06-30,2022q2,,2022-08-27,good_will,,balance.csv,good_will,,identity_q1_or_ytd_diff,missing_raw_value
601328.XSHG,balance,2022-06-30,2022q2,,2022-08-27,long_deferred_expense,,balance.csv,long_deferred_expense,,identity_q1_or_ytd_diff,missing_raw_value
601328.XSHG,balance,2022-06-30,2022q2,,2022-08-27,deferred_tax_assets,38856000000.0,balance.csv,deferred_tax_assets,quarterly_direct,identity_q1_or_ytd_diff,
601328.XSHG,balance,2022-06-30,2022q2,,2022-08-27,other_non_current_assets,,balance.csv,other_non_current_assets,,identity_q1_or_ytd_diff,missing_raw_value
601328.XSHG,balance,2022-06-30,2022q2,,2022-08-27,total_non_current_assets,,balance.csv,total_non_current_assets,,identity_q1_or_ytd_diff,missing_raw_value
601328.XSHG,balance,2022-06-30,2022q2,,2022-08-27,total_assets,12580576000000.0,balance.csv,total_assets,quarterly_direct,identity_q1_or_ytd_diff,
601328.XSHG,balance,2022-06-30,2022q2,,2022-08-27,shortterm_loan,0.0,balance.csv,shortterm_loan,quarterly_direct,identity_q1_or_ytd_diff,
601328.XSHG,balance,2022-06-30,2022q2,,2022-08-27,borrowing_from_centralbank,342757000000.0,balance.csv,borrowing_from_centralbank,quarterly_direct,identity_q1_or_ytd_diff,
601328.XSHG,balance,2022-06-30,2022q2,,2022-08-27,deposit_in_interbank,8858608000000.0,balance.csv,deposit_in_interbank,quarterly_direct,identity_q1_or_ytd_diff,
601328.XSHG,balance,2022-06-30,2022q2,,2022-08-27,borrowing_capital,457056000000.0,balance.csv,borrowing_capital,quarterly_direct,identity_q1_or_ytd_diff,
601328.XSHG,balance,2022-06-30,2022q2,,2022-08-27,trading_liability,59887000000.0,balance.csv,trading_liability,quarterly_direct,identity_q1_or_ytd_diff,
601328.XSHG,balance,2022-06-30,2022q2,,2022-08-27,notes_payable,,balance.csv,notes_payable,,identity_q1_or_ytd_diff,missing_raw_value
601328.XSHG,balance,2022-06-30,2022q2,,2022-08-27,accounts_payable,,balance.csv,accounts_payable,,identity_q1_or_ytd_diff,missing_raw_value
601328.XSHG,balance,2022-06-30,2022q2,,2022-08-27,advance_peceipts,,balance.csv,advance_peceipts,,identity_q1_or_ytd_diff,missing_raw_value
601328.XSHG,balance,2022-06-30,2022q2,,2022-08-27,sold_buyback_secu_proceeds,51876000000.0,balance.csv,sold_buyback_secu_proceeds,quarterly_direct,identity_q1_or_ytd_diff,
601328.XSHG,balance,2022-06-30,2022q2,,2022-08-27,commission_payable,,balance.csv,commission_payable,,identity_q1_or_ytd_diff,missing_raw_value
601328.XSHG,balance,2022-06-30,2022q2,,2022-08-27,salaries_payable,8272000000.0,balance.csv,salaries_payable,quarterly_direct,identity_q1_or_ytd_diff,
601328.XSHG,balance,2022-06-30,2022q2,,2022-08-27,taxs_payable,10525000000.0,balance.csv,taxs_payable,quarterly_direct,identity_q1_or_ytd_diff,
601328.XSHG,balance,2022-06-30,2022q2,,2022-08-27,interest_payable,,balance.csv,interest_payable,,identity_q1_or_ytd_diff,missing_raw_value
601328.XSHG,balance,2022-06-30,2022q2,,2022-08-27,other_payable,,balance.csv,other_payable,,identity_q1_or_ytd_diff,missing_raw_value
601328.XSHG,balance,2022-06-30,2022q2,,2022-08-27,insurance_contract_reserves,0.0,balance.csv,insurance_contract_reserves,quarterly_direct,identity_q1_or_ytd_diff,
601328.XSHG,balance,2022-06-30,2022q2,,2022-08-27,proxy_secu_proceeds,,balance.csv,proxy_secu_proceeds,,identity_q1_or_ytd_diff,missing_raw_value
601328.XSHG,balance,2022-06-30,2022q2,,2022-08-27,non_current_liability_in_one_year,,balance.csv,non_current_liability_in_one_year,,identity_q1_or_ytd_diff,missing_raw_value
601328.XSHG,balance,2022-06-30,2022q2,,2022-08-27,other_current_liability,,balance.csv,other_current_liability,,identity_q1_or_ytd_diff,missing_raw_value
601328.XSHG,balance,2022-06-30,2022q2,,2022-08-27,total_current_liability,,balance.csv,total_current_liability,,identity_q1_or_ytd_diff,missing_raw_value
601328.XSHG,balance,2022-06-30,2022q2,,2022-08-27,longterm_loan,,balance.csv,longterm_loan,,identity_q1_or_ytd_diff,missing_raw_value
601328.XSHG,balance,2022-06-30,2022q2,,2022-08-27,bonds_payable,518676000000.0,balance.csv,bonds_payable,quarterly_direct,identity_q1_or_ytd_diff,
601328.XSHG,balance,2022-06-30,2022q2,,2022-08-27,estimate_liability,11417000000.0,balance.csv,estimate_liability,quarterly_direct,identity_q1_or_ytd_diff,
601328.XSHG,balance,2022-06-30,2022q2,,2022-08-27,deferred_tax_liability,1508000000.0,balance.csv,deferred_tax_liability,quarterly_direct,identity_q1_or_ytd_diff,
601328.XSHG,balance,2022-06-30,2022q2,,2022-08-27,other_non_current_liability,,balance.csv,other_non_current_liability,,identity_q1_or_ytd_diff,missing_raw_value
601328.XSHG,balance,2022-06-30,2022q2,,2022-08-27,total_non_current_liability,,balance.csv,total_non_current_liability,,identity_q1_or_ytd_diff,missing_raw_value
601328.XSHG,balance,2022-06-30,2022q2,,2022-08-27,total_liability,11591640000000.0,balance.csv,total_liability,quarterly_direct,identity_q1_or_ytd_diff,
601328.XSHG,balance,2022-06-30,2022q2,,2022-08-27,paidin_capital,74263000000.0,balance.csv,paidin_capital,quarterly_direct,identity_q1_or_ytd_diff,
601328.XSHG,balance,2022-06-30,2022q2,,2022-08-27,capital_reserve_fund,111428000000.0,balance.csv,capital_reserve_fund,quarterly_direct,identity_q1_or_ytd_diff,
601328.XSHG,balance,2022-06-30,2022q2,,2022-08-27,treasury_stock,,balance.csv,treasury_stock,,identity_q1_or_ytd_diff,missing_raw_value
601328.XSHG,balance,2022-06-30,2022q2,,2022-08-27,surplus_reserve_fund,227773000000.0,balance.csv,surplus_reserve_fund,quarterly_direct,identity_q1_or_ytd_diff,
601328.XSHG,balance,2022-06-30,2022q2,,2022-08-27,ordinary_risk_reserve_fund,143608000000.0,balance.csv,ordinary_risk_reserve_fund,quarterly_direct,identity_q1_or_ytd_diff,
601328.XSHG,balance,2022-06-30,2022q2,,2022-08-27,retained_profit,251114000000.0,balance.csv,retained_profit,quarterly_direct,identity_q1_or_ytd_diff,
601328.XSHG,balance,2022-06-30,2022q2,,2022-08-27,equities_parent_company_owners,976543000000.0,balance.csv,equities_parent_company_owners,quarterly_direct,identity_q1_or_ytd_diff,
601328.XSHG,balance,2022-06-30,2022q2,,2022-08-27,minority_interests,12393000000.0,balance.csv,minority_interests,quarterly_direct,identity_q1_or_ytd_diff,
601328.XSHG,balance,2022-06-30,2022q2,,2022-08-27,total_owner_equities,988936000000.0,balance.csv,total_owner_equities,quarterly_direct,identity_q1_or_ytd_diff,
601328.XSHG,balance,2022-06-30,2022q2,,2022-08-27,other_comprehensive_income,-6433000000.0,balance.csv,other_comprehensive_income,quarterly_direct,identity_q1_or_ytd_diff,
601328.XSHG,balance,2022-06-30,2022q2,,2022-08-27,contract_assets,,balance.csv,contract_assets,,identity_q1_or_ytd_diff,missing_raw_value
601328.XSHG,balance,2022-06-30,2022q2,,2022-08-27,contract_liability,,balance.csv,contract_liability,,identity_q1_or_ytd_diff,missing_raw_value
601328.XSHG,balance,2022-06-30,2022q2,,2022-08-27,usufruct_assets,,balance.csv,usufruct_assets,,identity_q1_or_ytd_diff,missing_raw_value
601328.XSHG,balance,2022-09-30,2022q3,,2022-10-29,cash_equivalents,930269000000.0,balance.csv,cash_equivalents,quarterly_direct,identity_q1_or_ytd_diff,
601328.XSHG,balance,2022-09-30,2022q3,,2022-10-29,settlement_provi,,balance.csv,settlement_provi,,identity_q1_or_ytd_diff,missing_raw_value
601328.XSHG,balance,2022-09-30,2022q3,,2022-10-29,lend_capital,496577000000.0,balance.csv,lend_capital,quarterly_direct,identity_q1_or_ytd_diff,
601328.XSHG,balance,2022-09-30,2022q3,,2022-10-29,trading_assets,683955000000.0,balance.csv,trading_assets,quarterly_direct,identity_q1_or_ytd_diff,
601328.XSHG,balance,2022-09-30,2022q3,,2022-10-29,bill_receivable,,balance.csv,bill_receivable,,identity_q1_or_ytd_diff,missing_raw_value
601328.XSHG,balance,2022-09-30,2022q3,,2022-10-29,account_receivable,,balance.csv,account_receivable,,identity_q1_or_ytd_diff,missing_raw_value
601328.XSHG,balance,2022-09-30,2022q3,,2022-10-29,advance_payment,,balance.csv,advance_payment,,identity_q1_or_ytd_diff,missing_raw_value
601328.XSHG,balance,2022-09-30,2022q3,,2022-10-29,insurance_receivables,,balance.csv,insurance_receivables,,identity_q1_or_ytd_diff,missing_raw_value
601328.XSHG,balance,2022-09-30,2022q3,,2022-10-29,interest_receivable,,balance.csv,interest_receivable,,identity_q1_or_ytd_diff,missing_raw_value
601328.XSHG,balance,2022-09-30,2022q3,,2022-10-29,other_receivable,,balance.csv,other_receivable,,identity_q1_or_ytd_diff,missing_raw_value
601328.XSHG,balance,2022-09-30,2022q3,,2022-10-29,bought_sellback_assets,49611000000.0,balance.csv,bought_sellback_assets,quarterly_direct,identity_q1_or_ytd_diff,
601328.XSHG,balance,2022-09-30,2022q3,,2022-10-29,inventories,,balance.csv,inventories,,identity_q1_or_ytd_diff,missing_raw_value
601328.XSHG,balance,2022-09-30,2022q3,,2022-10-29,other_current_assets,,balance.csv,other_current_assets,,identity_q1_or_ytd_diff,missing_raw_value
601328.XSHG,balance,2022-09-30,2022q3,,2022-10-29,total_current_assets,,balance.csv,total_current_assets,,identity_q1_or_ytd_diff,missing_raw_value
601328.XSHG,balance,2022-09-30,2022q3,,2022-10-29,loan_and_advance,,balance.csv,loan_and_advance,,identity_q1_or_ytd_diff,missing_raw_value
601328.XSHG,balance,2022-09-30,2022q3,,2022-10-29,hold_for_sale_assets,,balance.csv,hold_for_sale_assets,,identity_q1_or_ytd_diff,missing_raw_value
601328.XSHG,balance,2022-09-30,2022q3,,2022-10-29,hold_to_maturity_investments,,balance.csv,hold_to_maturity_investments,,identity_q1_or_ytd_diff,missing_raw_value
601328.XSHG,balance,2022-09-30,2022q3,,2022-10-29,longterm_equity_invest,7760000000.0,balance.csv,longterm_equity_invest,quarterly_direct,identity_q1_or_ytd_diff,
601328.XSHG,balance,2022-09-30,2022q3,,2022-10-29,investment_property,6325000000.0,balance.csv,investment_property,quarterly_direct,identity_q1_or_ytd_diff,
601328.XSHG,balance,2022-09-30,2022q3,,2022-10-29,fixed_assets,185438000000.0,balance.csv,fixed_assets,quarterly_direct,identity_q1_or_ytd_diff,
601328.XSHG,balance,2022-09-30,2022q3,,2022-10-29,constru_in_process,3291000000.0,balance.csv,constru_in_process,quarterly_direct,identity_q1_or_ytd_diff,
601328.XSHG,balance,2022-09-30,2022q3,,2022-10-29,intangible_assets,3805000000.0,balance.csv,intangible_assets,quarterly_direct,identity_q1_or_ytd_diff,
601328.XSHG,balance,2022-09-30,2022q3,,2022-10-29,good_will,,balance.csv,good_will,,identity_q1_or_ytd_diff,missing_raw_value
601328.XSHG,balance,2022-09-30,2022q3,,2022-10-29,long_deferred_expense,,balance.csv,long_deferred_expense,,identity_q1_or_ytd_diff,missing_raw_value
601328.XSHG,balance,2022-09-30,2022q3,,2022-10-29,deferred_tax_assets,41639000000.0,balance.csv,deferred_tax_assets,quarterly_direct,identity_q1_or_ytd_diff,
601328.XSHG,balance,2022-09-30,2022q3,,2022-10-29,other_non_current_assets,,balance.csv,other_non_current_assets,,identity_q1_or_ytd_diff,missing_raw_value
601328.XSHG,balance,2022-09-30,2022q3,,2022-10-29,total_non_current_assets,,balance.csv,total_non_current_assets,,identity_q1_or_ytd_diff,missing_raw_value
601328.XSHG,balance,2022-09-30,2022q3,,2022-10-29,total_assets,12693203000000.0,balance.csv,total_assets,quarterly_direct,identity_q1_or_ytd_diff,
601328.XSHG,balance,2022-09-30,2022q3,,2022-10-29,shortterm_loan,0.0,balance.csv,shortterm_loan,quarterly_direct,identity_q1_or_ytd_diff,
601328.XSHG,balance,2022-09-30,2022q3,,2022-10-29,borrowing_from_centralbank,367522000000.0,balance.csv,borrowing_from_centralbank,quarterly_direct,identity_q1_or_ytd_diff,
601328.XSHG,balance,2022-09-30,2022q3,,2022-10-29,deposit_in_interbank,8875184000000.0,balance.csv,deposit_in_interbank,quarterly_direct,identity_q1_or_ytd_diff,
601328.XSHG,balance,2022-09-30,2022q3,,2022-10-29,borrowing_capital,490966000000.0,balance.csv,borrowing_capital,quarterly_direct,identity_q1_or_ytd_diff,
601328.XSHG,balance,2022-09-30,2022q3,,2022-10-29,trading_liability,65102000000.0,balance.csv,trading_liability,quarterly_direct,identity_q1_or_ytd_diff,
601328.XSHG,balance,2022-09-30,2022q3,,2022-10-29,notes_payable,,balance.csv,notes_payable,,identity_q1_or_ytd_diff,missing_raw_value
601328.XSHG,balance,2022-09-30,2022q3,,2022-10-29,accounts_payable,,balance.csv,accounts_payable,,identity_q1_or_ytd_diff,missing_raw_value
601328.XSHG,balance,2022-09-30,2022q3,,2022-10-29,advance_peceipts,,balance.csv,advance_peceipts,,identity_q1_or_ytd_diff,missing_raw_value
601328.XSHG,balance,2022-09-30,2022q3,,2022-10-29,sold_buyback_secu_proceeds,64819000000.0,balance.csv,sold_buyback_secu_proceeds,quarterly_direct,identity_q1_or_ytd_diff,
601328.XSHG,balance,2022-09-30,2022q3,,2022-10-29,commission_payable,,balance.csv,commission_payable,,identity_q1_or_ytd_diff,missing_raw_value
601328.XSHG,balance,2022-09-30,2022q3,,2022-10-29,salaries_payable,8066000000.0,balance.csv,salaries_payable,quarterly_direct,identity_q1_or_ytd_diff,
601328.XSHG,balance,2022-09-30,2022q3,,2022-10-29,taxs_payable,11611000000.0,balance.csv,taxs_payable,quarterly_direct,identity_q1_or_ytd_diff,
601328.XSHG,balance,2022-09-30,2022q3,,2022-10-29,interest_payable,,balance.csv,interest_payable,,identity_q1_or_ytd_diff,missing_raw_value
601328.XSHG,balance,2022-09-30,2022q3,,2022-10-29,other_payable,,balance.csv,other_payable,,identity_q1_or_ytd_diff,missing_raw_value
601328.XSHG,balance,2022-09-30,2022q3,,2022-10-29,insurance_contract_reserves,0.0,balance.csv,insurance_contract_reserves,quarterly_direct,identity_q1_or_ytd_diff,
601328.XSHG,balance,2022-09-30,2022q3,,2022-10-29,proxy_secu_proceeds,,balance.csv,proxy_secu_proceeds,,identity_q1_or_ytd_diff,missing_raw_value
601328.XSHG,balance,2022-09-30,2022q3,,2022-10-29,non_current_liability_in_one_year,,balance.csv,non_current_liability_in_one_year,,identity_q1_or_ytd_diff,missing_raw_value
601328.XSHG,balance,2022-09-30,2022q3,,2022-10-29,other_current_liability,,balance.csv,other_current_liability,,identity_q1_or_ytd_diff,missing_raw_value
601328.XSHG,balance,2022-09-30,2022q3,,2022-10-29,total_current_liability,,balance.csv,total_current_liability,,identity_q1_or_ytd_diff,missing_raw_value
601328.XSHG,balance,2022-09-30,2022q3,,2022-10-29,longterm_loan,,balance.csv,longterm_loan,,identity_q1_or_ytd_diff,missing_raw_value
601328.XSHG,balance,2022-09-30,2022q3,,2022-10-29,bonds_payable,537269000000.0,balance.csv,bonds_payable,quarterly_direct,identity_q1_or_ytd_diff,
601328.XSHG,balance,2022-09-30,2022q3,,2022-10-29,estimate_liability,12175000000.0,balance.csv,estimate_liability,quarterly_direct,identity_q1_or_ytd_diff,
601328.XSHG,balance,2022-09-30,2022q3,,2022-10-29,deferred_tax_liability,3080000000.0,balance.csv,deferred_tax_liability,quarterly_direct,identity_q1_or_ytd_diff,
601328.XSHG,balance,2022-09-30,2022q3,,2022-10-29,other_non_current_liability,,balance.csv,other_non_current_liability,,identity_q1_or_ytd_diff,missing_raw_value
601328.XSHG,balance,2022-09-30,2022q3,,2022-10-29,total_non_current_liability,,balance.csv,total_non_current_liability,,identity_q1_or_ytd_diff,missing_raw_value
601328.XSHG,balance,2022-09-30,2022q3,,2022-10-29,total_liability,11680766000000.0,balance.csv,total_liability,quarterly_direct,identity_q1_or_ytd_diff,
601328.XSHG,balance,2022-09-30,2022q3,,2022-10-29,paidin_capital,74263000000.0,balance.csv,paidin_capital,quarterly_direct,identity_q1_or_ytd_diff,
601328.XSHG,balance,2022-09-30,2022q3,,2022-10-29,capital_reserve_fund,111429000000.0,balance.csv,capital_reserve_fund,quarterly_direct,identity_q1_or_ytd_diff,
601328.XSHG,balance,2022-09-30,2022q3,,2022-10-29,treasury_stock,,balance.csv,treasury_stock,,identity_q1_or_ytd_diff,missing_raw_value
601328.XSHG,balance,2022-09-30,2022q3,,2022-10-29,surplus_reserve_fund,227773000000.0,balance.csv,surplus_reserve_fund,quarterly_direct,identity_q1_or_ytd_diff,
601328.XSHG,balance,2022-09-30,2022q3,,2022-10-29,ordinary_risk_reserve_fund,143841000000.0,balance.csv,ordinary_risk_reserve_fund,quarterly_direct,identity_q1_or_ytd_diff,
601328.XSHG,balance,2022-09-30,2022q3,,2022-10-29,retained_profit,271622000000.0,balance.csv,retained_profit,quarterly_direct,identity_q1_or_ytd_diff,
601328.XSHG,balance,2022-09-30,2022q3,,2022-10-29,equities_parent_company_owners,999797000000.0,balance.csv,equities_parent_company_owners,quarterly_direct,identity_q1_or_ytd_diff,
601328.XSHG,balance,2022-09-30,2022q3,,2022-10-29,minority_interests,12640000000.0,balance.csv,minority_interests,quarterly_direct,identity_q1_or_ytd_diff,
601328.XSHG,balance,2022-09-30,2022q3,,2022-10-29,total_owner_equities,1012437000000.0,balance.csv,total_owner_equities,quarterly_direct,identity_q1_or_ytd_diff,
601328.XSHG,balance,2022-09-30,2022q3,,2022-10-29,other_comprehensive_income,-3921000000.0,balance.csv,other_comprehensive_income,quarterly_direct,identity_q1_or_ytd_diff,
601328.XSHG,balance,2022-09-30,2022q3,,2022-10-29,contract_assets,,balance.csv,contract_assets,,identity_q1_or_ytd_diff,missing_raw_value
601328.XSHG,balance,2022-09-30,2022q3,,2022-10-29,contract_liability,,balance.csv,contract_liability,,identity_q1_or_ytd_diff,missing_raw_value
601328.XSHG,balance,2022-09-30,2022q3,,2022-10-29,usufruct_assets,,balance.csv,usufruct_assets,,identity_q1_or_ytd_diff,missing_raw_value
601328.XSHG,balance,2022-12-31,2022q4,,2023-03-31,cash_equivalents,961537000000.0,balance.csv,cash_equivalents,quarterly_direct,identity_q1_or_ytd_diff,
601328.XSHG,balance,2022-12-31,2022q4,,2023-03-31,settlement_provi,,balance.csv,settlement_provi,,identity_q1_or_ytd_diff,missing_raw_value
601328.XSHG,balance,2022-12-31,2022q4,,2023-03-31,lend_capital,478353000000.0,balance.csv,lend_capital,quarterly_direct,identity_q1_or_ytd_diff,
601328.XSHG,balance,2022-12-31,2022q4,,2023-03-31,trading_assets,705357000000.0,balance.csv,trading_assets,quarterly_direct,identity_q1_or_ytd_diff,
601328.XSHG,balance,2022-12-31,2022q4,,2023-03-31,bill_receivable,,balance.csv,bill_receivable,,identity_q1_or_ytd_diff,missing_raw_value
601328.XSHG,balance,2022-12-31,2022q4,,2023-03-31,account_receivable,,balance.csv,account_receivable,,identity_q1_or_ytd_diff,missing_raw_value
601328.XSHG,balance,2022-12-31,2022q4,,2023-03-31,advance_payment,,balance.csv,advance_payment,,identity_q1_or_ytd_diff,missing_raw_value
601328.XSHG,balance,2022-12-31,2022q4,,2023-03-31,insurance_receivables,,balance.csv,insurance_receivables,,identity_q1_or_ytd_diff,missing_raw_value
601328.XSHG,balance,2022-12-31,2022q4,,2023-03-31,interest_receivable,,balance.csv,interest_receivable,,identity_q1_or_ytd_diff,missing_raw_value
601328.XSHG,balance,2022-12-31,2022q4,,2023-03-31,other_receivable,,balance.csv,other_receivable,,identity_q1_or_ytd_diff,missing_raw_value
601328.XSHG,balance,2022-12-31,2022q4,,2023-03-31,bought_sellback_assets,56633000000.0,balance.csv,bought_sellback_assets,quarterly_direct,identity_q1_or_ytd_diff,
601328.XSHG,balance,2022-12-31,2022q4,,2023-03-31,inventories,,balance.csv,inventories,,identity_q1_or_ytd_diff,missing_raw_value
601328.XSHG,balance,2022-12-31,2022q4,,2023-03-31,other_current_assets,,balance.csv,other_current_assets,,identity_q1_or_ytd_diff,missing_raw_value
601328.XSHG,balance,2022-12-31,2022q4,,2023-03-31,total_current_assets,,balance.csv,total_current_assets,,identity_q1_or_ytd_diff,missing_raw_value
601328.XSHG,balance,2022-12-31,2022q4,,2023-03-31,loan_and_advance,,balance.csv,loan_and_advance,,identity_q1_or_ytd_diff,missing_raw_value
601328.XSHG,balance,2022-12-31,2022q4,,2023-03-31,hold_for_sale_assets,,balance.csv,hold_for_sale_assets,,identity_q1_or_ytd_diff,missing_raw_value
601328.XSHG,balance,2022-12-31,2022q4,,2023-03-31,hold_to_maturity_investments,,balance.csv,hold_to_maturity_investments,,identity_q1_or_ytd_diff,missing_raw_value
601328.XSHG,balance,2022-12-31,2022q4,,2023-03-31,longterm_equity_invest,8750000000.0,balance.csv,longterm_equity_invest,quarterly_direct,identity_q1_or_ytd_diff,
601328.XSHG,balance,2022-12-31,2022q4,,2023-03-31,investment_property,6387000000.0,balance.csv,investment_property,quarterly_direct,identity_q1_or_ytd_diff,
601328.XSHG,balance,2022-12-31,2022q4,,2023-03-31,fixed_assets,190670000000.0,balance.csv,fixed_assets,quarterly_direct,identity_q1_or_ytd_diff,
601328.XSHG,balance,2022-12-31,2022q4,,2023-03-31,constru_in_process,3499000000.0,balance.csv,constru_in_process,quarterly_direct,identity_q1_or_ytd_diff,
601328.XSHG,balance,2022-12-31,2022q4,,2023-03-31,intangible_assets,3952000000.0,balance.csv,intangible_assets,quarterly_direct,identity_q1_or_ytd_diff,
601328.XSHG,balance,2022-12-31,2022q4,,2023-03-31,good_will,,balance.csv,good_will,,identity_q1_or_ytd_diff,missing_raw_value
601328.XSHG,balance,2022-12-31,2022q4,,2023-03-31,long_deferred_expense,,balance.csv,long_deferred_expense,,identity_q1_or_ytd_diff,missing_raw_value
601328.XSHG,balance,2022-12-31,2022q4,,2023-03-31,deferred_tax_assets,38771000000.0,balance.csv,deferred_tax_assets,quarterly_direct,identity_q1_or_ytd_diff,
601328.XSHG,balance,2022-12-31,2022q4,,2023-03-31,other_non_current_assets,,balance.csv,other_non_current_assets,,identity_q1_or_ytd_diff,missing_raw_value
601328.XSHG,balance,2022-12-31,2022q4,,2023-03-31,total_non_current_assets,,balance.csv,total_non_current_assets,,identity_q1_or_ytd_diff,missing_raw_value
601328.XSHG,balance,2022-12-31,2022q4,,2023-03-31,total_assets,12992419000000.0,balance.csv,total_assets,quarterly_direct,identity_q1_or_ytd_diff,
601328.XSHG,balance,2022-12-31,2022q4,,2023-03-31,shortterm_loan,0.0,balance.csv,shortterm_loan,quarterly_direct,identity_q1_or_ytd_diff,
601328.XSHG,balance,2022-12-31,2022q4,,2023-03-31,borrowing_from_centralbank,403080000000.0,balance.csv,borrowing_from_centralbank,quarterly_direct,identity_q1_or_ytd_diff,
601328.XSHG,balance,2022-12-31,2022q4,,2023-03-31,deposit_in_interbank,9027665000000.0,balance.csv,deposit_in_interbank,quarterly_direct,identity_q1_or_ytd_diff,
601328.XSHG,balance,2022-12-31,2022q4,,2023-03-31,borrowing_capital,424608000000.0,balance.csv,borrowing_capital,quarterly_direct,identity_q1_or_ytd_diff,
601328.XSHG,balance,2022-12-31,2022q4,,2023-03-31,trading_liability,47949000000.0,balance.csv,trading_liability,quarterly_direct,identity_q1_or_ytd_diff,
601328.XSHG,balance,2022-12-31,2022q4,,2023-03-31,notes_payable,,balance.csv,notes_payable,,identity_q1_or_ytd_diff,missing_raw_value
601328.XSHG,balance,2022-12-31,2022q4,,2023-03-31,accounts_payable,,balance.csv,accounts_payable,,identity_q1_or_ytd_diff,missing_raw_value
601328.XSHG,balance,2022-12-31,2022q4,,2023-03-31,advance_peceipts,,balance.csv,advance_peceipts,,identity_q1_or_ytd_diff,missing_raw_value
601328.XSHG,balance,2022-12-31,2022q4,,2023-03-31,sold_buyback_secu_proceeds,128613000000.0,balance.csv,sold_buyback_secu_proceeds,quarterly_direct,identity_q1_or_ytd_diff,
601328.XSHG,balance,2022-12-31,2022q4,,2023-03-31,commission_payable,,balance.csv,commission_payable,,identity_q1_or_ytd_diff,missing_raw_value
601328.XSHG,balance,2022-12-31,2022q4,,2023-03-31,salaries_payable,16802000000.0,balance.csv,salaries_payable,quarterly_direct,identity_q1_or_ytd_diff,
601328.XSHG,balance,2022-12-31,2022q4,,2023-03-31,taxs_payable,8748000000.0,balance.csv,taxs_payable,quarterly_direct,identity_q1_or_ytd_diff,
601328.XSHG,balance,2022-12-31,2022q4,,2023-03-31,interest_payable,,balance.csv,interest_payable,,identity_q1_or_ytd_diff,missing_raw_value
601328.XSHG,balance,2022-12-31,2022q4,,2023-03-31,other_payable,,balance.csv,other_payable,,identity_q1_or_ytd_diff,missing_raw_value
601328.XSHG,balance,2022-12-31,2022q4,,2023-03-31,insurance_contract_reserves,0.0,balance.csv,insurance_contract_reserves,quarterly_direct,identity_q1_or_ytd_diff,
601328.XSHG,balance,2022-12-31,2022q4,,2023-03-31,proxy_secu_proceeds,,balance.csv,proxy_secu_proceeds,,identity_q1_or_ytd_diff,missing_raw_value
601328.XSHG,balance,2022-12-31,2022q4,,2023-03-31,non_current_liability_in_one_year,,balance.csv,non_current_liability_in_one_year,,identity_q1_or_ytd_diff,missing_raw_value
601328.XSHG,balance,2022-12-31,2022q4,,2023-03-31,other_current_liability,,balance.csv,other_current_liability,,identity_q1_or_ytd_diff,missing_raw_value
601328.XSHG,balance,2022-12-31,2022q4,,2023-03-31,total_current_liability,,balance.csv,total_current_liability,,identity_q1_or_ytd_diff,missing_raw_value
601328.XSHG,balance,2022-12-31,2022q4,,2023-03-31,longterm_loan,,balance.csv,longterm_loan,,identity_q1_or_ytd_diff,missing_raw_value
601328.XSHG,balance,2022-12-31,2022q4,,2023-03-31,bonds_payable,530861000000.0,balance.csv,bonds_payable,quarterly_direct,identity_q1_or_ytd_diff,
601328.XSHG,balance,2022-12-31,2022q4,,2023-03-31,estimate_liability,11938000000.0,balance.csv,estimate_liability,quarterly_direct,identity_q1_or_ytd_diff,
601328.XSHG,balance,2022-12-31,2022q4,,2023-03-31,deferred_tax_liability,1786000000.0,balance.csv,deferred_tax_liability,quarterly_direct,identity_q1_or_ytd_diff,
601328.XSHG,balance,2022-12-31,2022q4,,2023-03-31,other_non_current_liability,,balance.csv,other_non_current_liability,,identity_q1_or_ytd_diff,missing_raw_value
601328.XSHG,balance,2022-12-31,2022q4,,2023-03-31,total_non_current_liability,,balance.csv,total_non_current_liability,,identity_q1_or_ytd_diff,missing_raw_value
601328.XSHG,balance,2022-12-31,2022q4,,2023-03-31,total_liability,11956679000000.0,balance.csv,total_liability,quarterly_direct,identity_q1_or_ytd_diff,
601328.XSHG,balance,2022-12-31,2022q4,,2023-03-31,paidin_capital,74263000000.0,balance.csv,paidin_capital,quarterly_direct,identity_q1_or_ytd_diff,
601328.XSHG,balance,2022-12-31,2022q4,,2023-03-31,capital_reserve_fund,111429000000.0,balance.csv,capital_reserve_fund,quarterly_direct,identity_q1_or_ytd_diff,
601328.XSHG,balance,2022-12-31,2022q4,,2023-03-31,treasury_stock,,balance.csv,treasury_stock,,identity_q1_or_ytd_diff,missing_raw_value
601328.XSHG,balance,2022-12-31,2022q4,,2023-03-31,surplus_reserve_fund,228336000000.0,balance.csv,surplus_reserve_fund,quarterly_direct,identity_q1_or_ytd_diff,
601328.XSHG,balance,2022-12-31,2022q4,,2023-03-31,ordinary_risk_reserve_fund,144541000000.0,balance.csv,ordinary_risk_reserve_fund,quarterly_direct,identity_q1_or_ytd_diff,
601328.XSHG,balance,2022-12-31,2022q4,,2023-03-31,retained_profit,293668000000.0,balance.csv,retained_profit,quarterly_direct,identity_q1_or_ytd_diff,
601328.XSHG,balance,2022-12-31,2022q4,,2023-03-31,equities_parent_company_owners,1023409000000.0,balance.csv,equities_parent_company_owners,quarterly_direct,identity_q1_or_ytd_diff,
601328.XSHG,balance,2022-12-31,2022q4,,2023-03-31,minority_interests,12331000000.0,balance.csv,minority_interests,quarterly_direct,identity_q1_or_ytd_diff,
601328.XSHG,balance,2022-12-31,2022q4,,2023-03-31,total_owner_equities,1035740000000.0,balance.csv,total_owner_equities,quarterly_direct,identity_q1_or_ytd_diff,
601328.XSHG,balance,2022-12-31,2022q4,,2023-03-31,other_comprehensive_income,-3618000000.0,balance.csv,other_comprehensive_income,quarterly_direct,identity_q1_or_ytd_diff,
601328.XSHG,balance,2022-12-31,2022q4,,2023-03-31,contract_assets,,balance.csv,contract_assets,,identity_q1_or_ytd_diff,missing_raw_value
601328.XSHG,balance,2022-12-31,2022q4,,2023-03-31,contract_liability,,balance.csv,contract_liability,,identity_q1_or_ytd_diff,missing_raw_value
601328.XSHG,balance,2022-12-31,2022q4,,2023-03-31,usufruct_assets,,balance.csv,usufruct_assets,,identity_q1_or_ytd_diff,missing_raw_value
601328.XSHG,balance,2023-03-31,2023q1,,2023-04-29,cash_equivalents,1019349000000.0,balance.csv,cash_equivalents,quarterly_direct,identity_q1_or_ytd_diff,
601328.XSHG,balance,2023-03-31,2023q1,,2023-04-29,settlement_provi,,balance.csv,settlement_provi,,identity_q1_or_ytd_diff,missing_raw_value
601328.XSHG,balance,2023-03-31,2023q1,,2023-04-29,lend_capital,505632000000.0,balance.csv,lend_capital,quarterly_direct,identity_q1_or_ytd_diff,
601328.XSHG,balance,2023-03-31,2023q1,,2023-04-29,trading_assets,664965000000.0,balance.csv,trading_assets,quarterly_direct,identity_q1_or_ytd_diff,
601328.XSHG,balance,2023-03-31,2023q1,,2023-04-29,bill_receivable,,balance.csv,bill_receivable,,identity_q1_or_ytd_diff,missing_raw_value
601328.XSHG,balance,2023-03-31,2023q1,,2023-04-29,account_receivable,,balance.csv,account_receivable,,identity_q1_or_ytd_diff,missing_raw_value
601328.XSHG,balance,2023-03-31,2023q1,,2023-04-29,advance_payment,,balance.csv,advance_payment,,identity_q1_or_ytd_diff,missing_raw_value
601328.XSHG,balance,2023-03-31,2023q1,,2023-04-29,insurance_receivables,,balance.csv,insurance_receivables,,identity_q1_or_ytd_diff,missing_raw_value
601328.XSHG,balance,2023-03-31,2023q1,,2023-04-29,interest_receivable,,balance.csv,interest_receivable,,identity_q1_or_ytd_diff,missing_raw_value
601328.XSHG,balance,2023-03-31,2023q1,,2023-04-29,other_receivable,,balance.csv,other_receivable,,identity_q1_or_ytd_diff,missing_raw_value
601328.XSHG,balance,2023-03-31,2023q1,,2023-04-29,bought_sellback_assets,140817000000.0,balance.csv,bought_sellback_assets,quarterly_direct,identity_q1_or_ytd_diff,
601328.XSHG,balance,2023-03-31,2023q1,,2023-04-29,inventories,,balance.csv,inventories,,identity_q1_or_ytd_diff,missing_raw_value
601328.XSHG,balance,2023-03-31,2023q1,,2023-04-29,other_current_assets,,balance.csv,other_current_assets,,identity_q1_or_ytd_diff,missing_raw_value
601328.XSHG,balance,2023-03-31,2023q1,,2023-04-29,total_current_assets,,balance.csv,total_current_assets,,identity_q1_or_ytd_diff,missing_raw_value
601328.XSHG,balance,2023-03-31,2023q1,,2023-04-29,loan_and_advance,,balance.csv,loan_and_advance,,identity_q1_or_ytd_diff,missing_raw_value
601328.XSHG,balance,2023-03-31,2023q1,,2023-04-29,hold_for_sale_assets,,balance.csv,hold_for_sale_assets,,identity_q1_or_ytd_diff,missing_raw_value
601328.XSHG,balance,2023-03-31,2023q1,,2023-04-29,hold_to_maturity_investments,,balance.csv,hold_to_maturity_investments,,identity_q1_or_ytd_diff,missing_raw_value
601328.XSHG,balance,2023-03-31,2023q1,,2023-04-29,longterm_equity_invest,8803000000.0,balance.csv,longterm_equity_invest,quarterly_direct,identity_q1_or_ytd_diff,
601328.XSHG,balance,2023-03-31,2023q1,,2023-04-29,investment_property,5769000000.0,balance.csv,investment_property,quarterly_direct,identity_q1_or_ytd_diff,
601328.XSHG,balance,2023-03-31,2023q1,,2023-04-29,fixed_assets,195334000000.0,balance.csv,fixed_assets,quarterly_direct,identity_q1_or_ytd_diff,
601328.XSHG,balance,2023-03-31,2023q1,,2023-04-29,constru_in_process,3371000000.0,balance.csv,constru_in_process,quarterly_direct,identity_q1_or_ytd_diff,
601328.XSHG,balance,2023-03-31,2023q1,,2023-04-29,intangible_assets,3872000000.0,balance.csv,intangible_assets,quarterly_direct,identity_q1_or_ytd_diff,
601328.XSHG,balance,2023-03-31,2023q1,,2023-04-29,good_will,,balance.csv,good_will,,identity_q1_or_ytd_diff,missing_raw_value
601328.XSHG,balance,2023-03-31,2023q1,,2023-04-29,long_deferred_expense,,balance.csv,long_deferred_expense,,identity_q1_or_ytd_diff,missing_raw_value
601328.XSHG,balance,2023-03-31,2023q1,,2023-04-29,deferred_tax_assets,40854000000.0,balance.csv,deferred_tax_assets,quarterly_direct,identity_q1_or_ytd_diff,
601328.XSHG,balance,2023-03-31,2023q1,,2023-04-29,other_non_current_assets,,balance.csv,other_non_current_assets,,identity_q1_or_ytd_diff,missing_raw_value
601328.XSHG,balance,2023-03-31,2023q1,,2023-04-29,total_non_current_assets,,balance.csv,total_non_current_assets,,identity_q1_or_ytd_diff,missing_raw_value
601328.XSHG,balance,2023-03-31,2023q1,,2023-04-29,total_assets,13654273000000.0,balance.csv,total_assets,quarterly_direct,identity_q1_or_ytd_diff,
601328.XSHG,balance,2023-03-31,2023q1,,2023-04-29,shortterm_loan,0.0,balance.csv,shortterm_loan,quarterly_direct,identity_q1_or_ytd_diff,
601328.XSHG,balance,2023-03-31,2023q1,,2023-04-29,borrowing_from_centralbank,455742000000.0,balance.csv,borrowing_from_centralbank,quarterly_direct,identity_q1_or_ytd_diff,
601328.XSHG,balance,2023-03-31,2023q1,,2023-04-29,deposit_in_interbank,9516099000000.0,balance.csv,deposit_in_interbank,quarterly_direct,identity_q1_or_ytd_diff,
601328.XSHG,balance,2023-03-31,2023q1,,2023-04-29,borrowing_capital,480295000000.0,balance.csv,borrowing_capital,quarterly_direct,identity_q1_or_ytd_diff,
601328.XSHG,balance,2023-03-31,2023q1,,2023-04-29,trading_liability,37079000000.0,balance.csv,trading_liability,quarterly_direct,identity_q1_or_ytd_diff,
601328.XSHG,balance,2023-03-31,2023q1,,2023-04-29,notes_payable,,balance.csv,notes_payable,,identity_q1_or_ytd_diff,missing_raw_value
601328.XSHG,balance,2023-03-31,2023q1,,2023-04-29,accounts_payable,,balance.csv,accounts_payable,,identity_q1_or_ytd_diff,missing_raw_value
601328.XSHG,balance,2023-03-31,2023q1,,2023-04-29,advance_peceipts,,balance.csv,advance_peceipts,,identity_q1_or_ytd_diff,missing_raw_value
601328.XSHG,balance,2023-03-31,2023q1,,2023-04-29,sold_buyback_secu_proceeds,47219000000.0,balance.csv,sold_buyback_secu_proceeds,quarterly_direct,identity_q1_or_ytd_diff,
601328.XSHG,balance,2023-03-31,2023q1,,2023-04-29,commission_payable,,balance.csv,commission_payable,,identity_q1_or_ytd_diff,missing_raw_value
601328.XSHG,balance,2023-03-31,2023q1,,2023-04-29,salaries_payable,11140000000.0,balance.csv,salaries_payable,quarterly_direct,identity_q1_or_ytd_diff,
601328.XSHG,balance,2023-03-31,2023q1,,2023-04-29,taxs_payable,10771000000.0,balance.csv,taxs_payable,quarterly_direct,identity_q1_or_ytd_diff,
601328.XSHG,balance,2023-03-31,2023q1,,2023-04-29,interest_payable,,balance.csv,interest_payable,,identity_q1_or_ytd_diff,missing_raw_value
601328.XSHG,balance,2023-03-31,2023q1,,2023-04-29,other_payable,,balance.csv,other_payable,,identity_q1_or_ytd_diff,missing_raw_value
601328.XSHG,balance,2023-03-31,2023q1,,2023-04-29,insurance_contract_reserves,0.0,balance.csv,insurance_contract_reserves,quarterly_direct,identity_q1_or_ytd_diff,
601328.XSHG,balance,2023-03-31,2023q1,,2023-04-29,proxy_secu_proceeds,,balance.csv,proxy_secu_proceeds,,identity_q1_or_ytd_diff,missing_raw_value
601328.XSHG,balance,2023-03-31,2023q1,,2023-04-29,non_current_liability_in_one_year,,balance.csv,non_current_liability_in_one_year,,identity_q1_or_ytd_diff,missing_raw_value
601328.XSHG,balance,2023-03-31,2023q1,,2023-04-29,other_current_liability,,balance.csv,other_current_liability,,identity_q1_or_ytd_diff,missing_raw_value
601328.XSHG,balance,2023-03-31,2023q1,,2023-04-29,total_current_liability,,balance.csv,total_current_liability,,identity_q1_or_ytd_diff,missing_raw_value
601328.XSHG,balance,2023-03-31,2023q1,,2023-04-29,longterm_loan,,balance.csv,longterm_loan,,identity_q1_or_ytd_diff,missing_raw_value
601328.XSHG,balance,2023-03-31,2023q1,,2023-04-29,bonds_payable,554761000000.0,balance.csv,bonds_payable,quarterly_direct,identity_q1_or_ytd_diff,
601328.XSHG,balance,2023-03-31,2023q1,,2023-04-29,estimate_liability,11697000000.0,balance.csv,estimate_liability,quarterly_direct,identity_q1_or_ytd_diff,
601328.XSHG,balance,2023-03-31,2023q1,,2023-04-29,deferred_tax_liability,2110000000.0,balance.csv,deferred_tax_liability,quarterly_direct,identity_q1_or_ytd_diff,
601328.XSHG,balance,2023-03-31,2023q1,,2023-04-29,other_non_current_liability,,balance.csv,other_non_current_liability,,identity_q1_or_ytd_diff,missing_raw_value
601328.XSHG,balance,2023-03-31,2023q1,,2023-04-29,total_non_current_liability,,balance.csv,total_non_current_liability,,identity_q1_or_ytd_diff,missing_raw_value
601328.XSHG,balance,2023-03-31,2023q1,,2023-04-29,total_liability,12596687000000.0,balance.csv,total_liability,quarterly_direct,identity_q1_or_ytd_diff,
601328.XSHG,balance,2023-03-31,2023q1,,2023-04-29,paidin_capital,74263000000.0,balance.csv,paidin_capital,quarterly_direct,identity_q1_or_ytd_diff,
601328.XSHG,balance,2023-03-31,2023q1,,2023-04-29,capital_reserve_fund,111429000000.0,balance.csv,capital_reserve_fund,quarterly_direct,identity_q1_or_ytd_diff,
601328.XSHG,balance,2023-03-31,2023q1,,2023-04-29,treasury_stock,,balance.csv,treasury_stock,,identity_q1_or_ytd_diff,missing_raw_value
601328.XSHG,balance,2023-03-31,2023q1,,2023-04-29,surplus_reserve_fund,228336000000.0,balance.csv,surplus_reserve_fund,quarterly_direct,identity_q1_or_ytd_diff,
601328.XSHG,balance,2023-03-31,2023q1,,2023-04-29,ordinary_risk_reserve_fund,144638000000.0,balance.csv,ordinary_risk_reserve_fund,quarterly_direct,identity_q1_or_ytd_diff,
601328.XSHG,balance,2023-03-31,2023q1,,2023-04-29,retained_profit,317399000000.0,balance.csv,retained_profit,quarterly_direct,identity_q1_or_ytd_diff,
601328.XSHG,balance,2023-03-31,2023q1,,2023-04-29,equities_parent_company_owners,1045920000000.0,balance.csv,equities_parent_company_owners,quarterly_direct,identity_q1_or_ytd_diff,
601328.XSHG,balance,2023-03-31,2023q1,,2023-04-29,minority_interests,11666000000.0,balance.csv,minority_interests,quarterly_direct,identity_q1_or_ytd_diff,
601328.XSHG,balance,2023-03-31,2023q1,,2023-04-29,total_owner_equities,1057586000000.0,balance.csv,total_owner_equities,quarterly_direct,identity_q1_or_ytd_diff,
601328.XSHG,balance,2023-03-31,2023q1,,2023-04-29,other_comprehensive_income,-4935000000.0,balance.csv,other_comprehensive_income,quarterly_direct,identity_q1_or_ytd_diff,
601328.XSHG,balance,2023-03-31,2023q1,,2023-04-29,contract_assets,,balance.csv,contract_assets,,identity_q1_or_ytd_diff,missing_raw_value
601328.XSHG,balance,2023-03-31,2023q1,,2023-04-29,contract_liability,,balance.csv,contract_liability,,identity_q1_or_ytd_diff,missing_raw_value
601328.XSHG,balance,2023-03-31,2023q1,,2023-04-29,usufruct_assets,,balance.csv,usufruct_assets,,identity_q1_or_ytd_diff,missing_raw_value
601328.XSHG,balance,2023-06-30,2023q2,,2023-08-26,cash_equivalents,969262000000.0,balance.csv,cash_equivalents,quarterly_direct,identity_q1_or_ytd_diff,
601328.XSHG,balance,2023-06-30,2023q2,,2023-08-26,settlement_provi,,balance.csv,settlement_provi,,identity_q1_or_ytd_diff,missing_raw_value
601328.XSHG,balance,2023-06-30,2023q2,,2023-08-26,lend_capital,550785000000.0,balance.csv,lend_capital,quarterly_direct,identity_q1_or_ytd_diff,
601328.XSHG,balance,2023-06-30,2023q2,,2023-08-26,trading_assets,664524000000.0,balance.csv,trading_assets,quarterly_direct,identity_q1_or_ytd_diff,
601328.XSHG,balance,2023-06-30,2023q2,,2023-08-26,bill_receivable,,balance.csv,bill_receivable,,identity_q1_or_ytd_diff,missing_raw_value
601328.XSHG,balance,2023-06-30,2023q2,,2023-08-26,account_receivable,,balance.csv,account_receivable,,identity_q1_or_ytd_diff,missing_raw_value
601328.XSHG,balance,2023-06-30,2023q2,,2023-08-26,advance_payment,,balance.csv,advance_payment,,identity_q1_or_ytd_diff,missing_raw_value
601328.XSHG,balance,2023-06-30,2023q2,,2023-08-26,insurance_receivables,,balance.csv,insurance_receivables,,identity_q1_or_ytd_diff,missing_raw_value
601328.XSHG,balance,2023-06-30,2023q2,,2023-08-26,interest_receivable,,balance.csv,interest_receivable,,identity_q1_or_ytd_diff,missing_raw_value
601328.XSHG,balance,2023-06-30,2023q2,,2023-08-26,other_receivable,,balance.csv,other_receivable,,identity_q1_or_ytd_diff,missing_raw_value
601328.XSHG,balance,2023-06-30,2023q2,,2023-08-26,bought_sellback_assets,130592000000.0,balance.csv,bought_sellback_assets,quarterly_direct,identity_q1_or_ytd_diff,
601328.XSHG,balance,2023-06-30,2023q2,,2023-08-26,inventories,,balance.csv,inventories,,identity_q1_or_ytd_diff,missing_raw_value
601328.XSHG,balance,2023-06-30,2023q2,,2023-08-26,other_current_assets,,balance.csv,other_current_assets,,identity_q1_or_ytd_diff,missing_raw_value
601328.XSHG,balance,2023-06-30,2023q2,,2023-08-26,total_current_assets,,balance.csv,total_current_assets,,identity_q1_or_ytd_diff,missing_raw_value
601328.XSHG,balance,2023-06-30,2023q2,,2023-08-26,loan_and_advance,,balance.csv,loan_and_advance,,identity_q1_or_ytd_diff,missing_raw_value
601328.XSHG,balance,2023-06-30,2023q2,,2023-08-26,hold_for_sale_assets,,balance.csv,hold_for_sale_assets,,identity_q1_or_ytd_diff,missing_raw_value
601328.XSHG,balance,2023-06-30,2023q2,,2023-08-26,hold_to_maturity_investments,,balance.csv,hold_to_maturity_investments,,identity_q1_or_ytd_diff,missing_raw_value
601328.XSHG,balance,2023-06-30,2023q2,,2023-08-26,longterm_equity_invest,8787000000.0,balance.csv,longterm_equity_invest,quarterly_direct,identity_q1_or_ytd_diff,
601328.XSHG,balance,2023-06-30,2023q2,,2023-08-26,investment_property,5781000000.0,balance.csv,investment_property,quarterly_direct,identity_q1_or_ytd_diff,
601328.XSHG,balance,2023-06-30,2023q2,,2023-08-26,fixed_assets,210247000000.0,balance.csv,fixed_assets,quarterly_direct,identity_q1_or_ytd_diff,
601328.XSHG,balance,2023-06-30,2023q2,,2023-08-26,constru_in_process,3708000000.0,balance.csv,constru_in_process,quarterly_direct,identity_q1_or_ytd_diff,
601328.XSHG,balance,2023-06-30,2023q2,,2023-08-26,intangible_assets,3961000000.0,balance.csv,intangible_assets,quarterly_direct,identity_q1_or_ytd_diff,
601328.XSHG,balance,2023-06-30,2023q2,,2023-08-26,good_will,,balance.csv,good_will,,identity_q1_or_ytd_diff,missing_raw_value
601328.XSHG,balance,2023-06-30,2023q2,,2023-08-26,long_deferred_expense,,balance.csv,long_deferred_expense,,identity_q1_or_ytd_diff,missing_raw_value
601328.XSHG,balance,2023-06-30,2023q2,,2023-08-26,deferred_tax_assets,43251000000.0,balance.csv,deferred_tax_assets,quarterly_direct,identity_q1_or_ytd_diff,
601328.XSHG,balance,2023-06-30,2023q2,,2023-08-26,other_non_current_assets,,balance.csv,other_non_current_assets,,identity_q1_or_ytd_diff,missing_raw_value
601328.XSHG,balance,2023-06-30,2023q2,,2023-08-26,total_non_current_assets,,balance.csv,total_non_current_assets,,identity_q1_or_ytd_diff,missing_raw_value
601328.XSHG,balance,2023-06-30,2023q2,,2023-08-26,total_assets,13813360000000.0,balance.csv,total_assets,quarterly_direct,identity_q1_or_ytd_diff,
601328.XSHG,balance,2023-06-30,2023q2,,2023-08-26,shortterm_loan,0.0,balance.csv,shortterm_loan,quarterly_direct,identity_q1_or_ytd_diff,
601328.XSHG,balance,2023-06-30,2023q2,,2023-08-26,borrowing_from_centralbank,472931000000.0,balance.csv,borrowing_from_centralbank,quarterly_direct,identity_q1_or_ytd_diff,
601328.XSHG,balance,2023-06-30,2023q2,,2023-08-26,deposit_in_interbank,9585690000000.0,balance.csv,deposit_in_interbank,quarterly_direct,identity_q1_or_ytd_diff,
601328.XSHG,balance,2023-06-30,2023q2,,2023-08-26,borrowing_capital,532675000000.0,balance.csv,borrowing_capital,quarterly_direct,identity_q1_or_ytd_diff,
601328.XSHG,balance,2023-06-30,2023q2,,2023-08-26,trading_liability,43708000000.0,balance.csv,trading_liability,quarterly_direct,identity_q1_or_ytd_diff,
601328.XSHG,balance,2023-06-30,2023q2,,2023-08-26,notes_payable,,balance.csv,notes_payable,,identity_q1_or_ytd_diff,missing_raw_value
601328.XSHG,balance,2023-06-30,2023q2,,2023-08-26,accounts_payable,,balance.csv,accounts_payable,,identity_q1_or_ytd_diff,missing_raw_value
601328.XSHG,balance,2023-06-30,2023q2,,2023-08-26,advance_peceipts,,balance.csv,advance_peceipts,,identity_q1_or_ytd_diff,missing_raw_value
601328.XSHG,balance,2023-06-30,2023q2,,2023-08-26,sold_buyback_secu_proceeds,104198000000.0,balance.csv,sold_buyback_secu_proceeds,quarterly_direct,identity_q1_or_ytd_diff,
601328.XSHG,balance,2023-06-30,2023q2,,2023-08-26,commission_payable,,balance.csv,commission_payable,,identity_q1_or_ytd_diff,missing_raw_value
601328.XSHG,balance,2023-06-30,2023q2,,2023-08-26,salaries_payable,9091000000.0,balance.csv,salaries_payable,quarterly_direct,identity_q1_or_ytd_diff,
601328.XSHG,balance,2023-06-30,2023q2,,2023-08-26,taxs_payable,10663000000.0,balance.csv,taxs_payable,quarterly_direct,identity_q1_or_ytd_diff,
601328.XSHG,balance,2023-06-30,2023q2,,2023-08-26,interest_payable,,balance.csv,interest_payable,,identity_q1_or_ytd_diff,missing_raw_value
601328.XSHG,balance,2023-06-30,2023q2,,2023-08-26,other_payable,,balance.csv,other_payable,,identity_q1_or_ytd_diff,missing_raw_value
601328.XSHG,balance,2023-06-30,2023q2,,2023-08-26,insurance_contract_reserves,0.0,balance.csv,insurance_contract_reserves,quarterly_direct,identity_q1_or_ytd_diff,
601328.XSHG,balance,2023-06-30,2023q2,,2023-08-26,proxy_secu_proceeds,,balance.csv,proxy_secu_proceeds,,identity_q1_or_ytd_diff,missing_raw_value
601328.XSHG,balance,2023-06-30,2023q2,,2023-08-26,non_current_liability_in_one_year,,balance.csv,non_current_liability_in_one_year,,identity_q1_or_ytd_diff,missing_raw_value
601328.XSHG,balance,2023-06-30,2023q2,,2023-08-26,other_current_liability,,balance.csv,other_current_liability,,identity_q1_or_ytd_diff,missing_raw_value
601328.XSHG,balance,2023-06-30,2023q2,,2023-08-26,total_current_liability,,balance.csv,total_current_liability,,identity_q1_or_ytd_diff,missing_raw_value
601328.XSHG,balance,2023-06-30,2023q2,,2023-08-26,longterm_loan,,balance.csv,longterm_loan,,identity_q1_or_ytd_diff,missing_raw_value
601328.XSHG,balance,2023-06-30,2023q2,,2023-08-26,bonds_payable,586390000000.0,balance.csv,bonds_payable,quarterly_direct,identity_q1_or_ytd_diff,
601328.XSHG,balance,2023-06-30,2023q2,,2023-08-26,estimate_liability,11742000000.0,balance.csv,estimate_liability,quarterly_direct,identity_q1_or_ytd_diff,
601328.XSHG,balance,2023-06-30,2023q2,,2023-08-26,deferred_tax_liability,2409000000.0,balance.csv,deferred_tax_liability,quarterly_direct,identity_q1_or_ytd_diff,
601328.XSHG,balance,2023-06-30,2023q2,,2023-08-26,other_non_current_liability,,balance.csv,other_non_current_liability,,identity_q1_or_ytd_diff,missing_raw_value
601328.XSHG,balance,2023-06-30,2023q2,,2023-08-26,total_non_current_liability,,balance.csv,total_non_current_liability,,identity_q1_or_ytd_diff,missing_raw_value
601328.XSHG,balance,2023-06-30,2023q2,,2023-08-26,total_liability,12758461000000.0,balance.csv,total_liability,quarterly_direct,identity_q1_or_ytd_diff,
601328.XSHG,balance,2023-06-30,2023q2,,2023-08-26,paidin_capital,74263000000.0,balance.csv,paidin_capital,quarterly_direct,identity_q1_or_ytd_diff,
601328.XSHG,balance,2023-06-30,2023q2,,2023-08-26,capital_reserve_fund,111428000000.0,balance.csv,capital_reserve_fund,quarterly_direct,identity_q1_or_ytd_diff,
601328.XSHG,balance,2023-06-30,2023q2,,2023-08-26,treasury_stock,,balance.csv,treasury_stock,,identity_q1_or_ytd_diff,missing_raw_value
601328.XSHG,balance,2023-06-30,2023q2,,2023-08-26,surplus_reserve_fund,236804000000.0,balance.csv,surplus_reserve_fund,quarterly_direct,identity_q1_or_ytd_diff,
601328.XSHG,balance,2023-06-30,2023q2,,2023-08-26,ordinary_risk_reserve_fund,158120000000.0,balance.csv,ordinary_risk_reserve_fund,quarterly_direct,identity_q1_or_ytd_diff,
601328.XSHG,balance,2023-06-30,2023q2,,2023-08-26,retained_profit,285731000000.0,balance.csv,retained_profit,quarterly_direct,identity_q1_or_ytd_diff,
601328.XSHG,balance,2023-06-30,2023q2,,2023-08-26,equities_parent_company_owners,1043083000000.0,balance.csv,equities_parent_company_owners,quarterly_direct,identity_q1_or_ytd_diff,
601328.XSHG,balance,2023-06-30,2023q2,,2023-08-26,minority_interests,11816000000.0,balance.csv,minority_interests,quarterly_direct,identity_q1_or_ytd_diff,
601328.XSHG,balance,2023-06-30,2023q2,,2023-08-26,total_owner_equities,1054899000000.0,balance.csv,total_owner_equities,quarterly_direct,identity_q1_or_ytd_diff,
601328.XSHG,balance,2023-06-30,2023q2,,2023-08-26,other_comprehensive_income,1947000000.0,balance.csv,other_comprehensive_income,quarterly_direct,identity_q1_or_ytd_diff,
601328.XSHG,balance,2023-06-30,2023q2,,2023-08-26,contract_assets,,balance.csv,contract_assets,,identity_q1_or_ytd_diff,missing_raw_value
601328.XSHG,balance,2023-06-30,2023q2,,2023-08-26,contract_liability,,balance.csv,contract_liability,,identity_q1_or_ytd_diff,missing_raw_value
601328.XSHG,balance,2023-06-30,2023q2,,2023-08-26,usufruct_assets,,balance.csv,usufruct_assets,,identity_q1_or_ytd_diff,missing_raw_value
601328.XSHG,balance,2023-09-30,2023q3,,2023-10-28,cash_equivalents,934957000000.0,balance.csv,cash_equivalents,quarterly_direct,identity_q1_or_ytd_diff,
601328.XSHG,balance,2023-09-30,2023q3,,2023-10-28,settlement_provi,,balance.csv,settlement_provi,,identity_q1_or_ytd_diff,missing_raw_value
601328.XSHG,balance,2023-09-30,2023q3,,2023-10-28,lend_capital,521177000000.0,balance.csv,lend_capital,quarterly_direct,identity_q1_or_ytd_diff,
601328.XSHG,balance,2023-09-30,2023q3,,2023-10-28,trading_assets,676837000000.0,balance.csv,trading_assets,quarterly_direct,identity_q1_or_ytd_diff,
601328.XSHG,balance,2023-09-30,2023q3,,2023-10-28,bill_receivable,,balance.csv,bill_receivable,,identity_q1_or_ytd_diff,missing_raw_value
601328.XSHG,balance,2023-09-30,2023q3,,2023-10-28,account_receivable,,balance.csv,account_receivable,,identity_q1_or_ytd_diff,missing_raw_value
601328.XSHG,balance,2023-09-30,2023q3,,2023-10-28,advance_payment,,balance.csv,advance_payment,,identity_q1_or_ytd_diff,missing_raw_value
601328.XSHG,balance,2023-09-30,2023q3,,2023-10-28,insurance_receivables,,balance.csv,insurance_receivables,,identity_q1_or_ytd_diff,missing_raw_value
601328.XSHG,balance,2023-09-30,2023q3,,2023-10-28,interest_receivable,,balance.csv,interest_receivable,,identity_q1_or_ytd_diff,missing_raw_value
601328.XSHG,balance,2023-09-30,2023q3,,2023-10-28,other_receivable,,balance.csv,other_receivable,,identity_q1_or_ytd_diff,missing_raw_value
601328.XSHG,balance,2023-09-30,2023q3,,2023-10-28,bought_sellback_assets,58172000000.0,balance.csv,bought_sellback_assets,quarterly_direct,identity_q1_or_ytd_diff,
601328.XSHG,balance,2023-09-30,2023q3,,2023-10-28,inventories,,balance.csv,inventories,,identity_q1_or_ytd_diff,missing_raw_value
601328.XSHG,balance,2023-09-30,2023q3,,2023-10-28,other_current_assets,,balance.csv,other_current_assets,,identity_q1_or_ytd_diff,missing_raw_value
601328.XSHG,balance,2023-09-30,2023q3,,2023-10-28,total_current_assets,,balance.csv,total_current_assets,,identity_q1_or_ytd_diff,missing_raw_value
601328.XSHG,balance,2023-09-30,2023q3,,2023-10-28,loan_and_advance,,balance.csv,loan_and_advance,,identity_q1_or_ytd_diff,missing_raw_value
601328.XSHG,balance,2023-09-30,2023q3,,2023-10-28,hold_for_sale_assets,,balance.csv,hold_for_sale_assets,,identity_q1_or_ytd_diff,missing_raw_value
601328.XSHG,balance,2023-09-30,2023q3,,2023-10-28,hold_to_maturity_investments,,balance.csv,hold_to_maturity_investments,,identity_q1_or_ytd_diff,missing_raw_value
601328.XSHG,balance,2023-09-30,2023q3,,2023-10-28,longterm_equity_invest,8847000000.0,balance.csv,longterm_equity_invest,quarterly_direct,identity_q1_or_ytd_diff,
601328.XSHG,balance,2023-09-30,2023q3,,2023-10-28,investment_property,5764000000.0,balance.csv,investment_property,quarterly_direct,identity_q1_or_ytd_diff,
601328.XSHG,balance,2023-09-30,2023q3,,2023-10-28,fixed_assets,212605000000.0,balance.csv,fixed_assets,quarterly_direct,identity_q1_or_ytd_diff,
601328.XSHG,balance,2023-09-30,2023q3,,2023-10-28,constru_in_process,3502000000.0,balance.csv,constru_in_process,quarterly_direct,identity_q1_or_ytd_diff,
601328.XSHG,balance,2023-09-30,2023q3,,2023-10-28,intangible_assets,3972000000.0,balance.csv,intangible_assets,quarterly_direct,identity_q1_or_ytd_diff,
601328.XSHG,balance,2023-09-30,2023q3,,2023-10-28,good_will,,balance.csv,good_will,,identity_q1_or_ytd_diff,missing_raw_value
601328.XSHG,balance,2023-09-30,2023q3,,2023-10-28,long_deferred_expense,,balance.csv,long_deferred_expense,,identity_q1_or_ytd_diff,missing_raw_value
601328.XSHG,balance,2023-09-30,2023q3,,2023-10-28,deferred_tax_assets,43063000000.0,balance.csv,deferred_tax_assets,quarterly_direct,identity_q1_or_ytd_diff,
601328.XSHG,balance,2023-09-30,2023q3,,2023-10-28,other_non_current_assets,,balance.csv,other_non_current_assets,,identity_q1_or_ytd_diff,missing_raw_value
601328.XSHG,balance,2023-09-30,2023q3,,2023-10-28,total_non_current_assets,,balance.csv,total_non_current_assets,,identity_q1_or_ytd_diff,missing_raw_value
601328.XSHG,balance,2023-09-30,2023q3,,2023-10-28,total_assets,13830605000000.0,balance.csv,total_assets,quarterly_direct,identity_q1_or_ytd_diff,
601328.XSHG,balance,2023-09-30,2023q3,,2023-10-28,shortterm_loan,0.0,balance.csv,shortterm_loan,quarterly_direct,identity_q1_or_ytd_diff,
601328.XSHG,balance,2023-09-30,2023q3,,2023-10-28,borrowing_from_centralbank,462097000000.0,balance.csv,borrowing_from_centralbank,quarterly_direct,identity_q1_or_ytd_diff,
601328.XSHG,balance,2023-09-30,2023q3,,2023-10-28,deposit_in_interbank,9561469000000.0,balance.csv,deposit_in_interbank,quarterly_direct,identity_q1_or_ytd_diff,
601328.XSHG,balance,2023-09-30,2023q3,,2023-10-28,borrowing_capital,478365000000.0,balance.csv,borrowing_capital,quarterly_direct,identity_q1_or_ytd_diff,
601328.XSHG,balance,2023-09-30,2023q3,,2023-10-28,trading_liability,56037000000.0,balance.csv,trading_liability,quarterly_direct,identity_q1_or_ytd_diff,
601328.XSHG,balance,2023-09-30,2023q3,,2023-10-28,notes_payable,,balance.csv,notes_payable,,identity_q1_or_ytd_diff,missing_raw_value
601328.XSHG,balance,2023-09-30,2023q3,,2023-10-28,accounts_payable,,balance.csv,accounts_payable,,identity_q1_or_ytd_diff,missing_raw_value
601328.XSHG,balance,2023-09-30,2023q3,,2023-10-28,advance_peceipts,,balance.csv,advance_peceipts,,identity_q1_or_ytd_diff,missing_raw_value
601328.XSHG,balance,2023-09-30,2023q3,,2023-10-28,sold_buyback_secu_proceeds,210579000000.0,balance.csv,sold_buyback_secu_proceeds,quarterly_direct,identity_q1_or_ytd_diff,
601328.XSHG,balance,2023-09-30,2023q3,,2023-10-28,commission_payable,,balance.csv,commission_payable,,identity_q1_or_ytd_diff,missing_raw_value
601328.XSHG,balance,2023-09-30,2023q3,,2023-10-28,salaries_payable,8876000000.0,balance.csv,salaries_payable,quarterly_direct,identity_q1_or_ytd_diff,
601328.XSHG,balance,2023-09-30,2023q3,,2023-10-28,taxs_payable,10072000000.0,balance.csv,taxs_payable,quarterly_direct,identity_q1_or_ytd_diff,
601328.XSHG,balance,2023-09-30,2023q3,,2023-10-28,interest_payable,,balance.csv,interest_payable,,identity_q1_or_ytd_diff,missing_raw_value
601328.XSHG,balance,2023-09-30,2023q3,,2023-10-28,other_payable,,balance.csv,other_payable,,identity_q1_or_ytd_diff,missing_raw_value
601328.XSHG,balance,2023-09-30,2023q3,,2023-10-28,insurance_contract_reserves,0.0,balance.csv,insurance_contract_reserves,quarterly_direct,identity_q1_or_ytd_diff,
601328.XSHG,balance,2023-09-30,2023q3,,2023-10-28,proxy_secu_proceeds,,balance.csv,proxy_secu_proceeds,,identity_q1_or_ytd_diff,missing_raw_value
601328.XSHG,balance,2023-09-30,2023q3,,2023-10-28,non_current_liability_in_one_year,,balance.csv,non_current_liability_in_one_year,,identity_q1_or_ytd_diff,missing_raw_value
601328.XSHG,balance,2023-09-30,2023q3,,2023-10-28,other_current_liability,,balance.csv,other_current_liability,,identity_q1_or_ytd_diff,missing_raw_value
601328.XSHG,balance,2023-09-30,2023q3,,2023-10-28,total_current_liability,,balance.csv,total_current_liability,,identity_q1_or_ytd_diff,missing_raw_value
601328.XSHG,balance,2023-09-30,2023q3,,2023-10-28,longterm_loan,,balance.csv,longterm_loan,,identity_q1_or_ytd_diff,missing_raw_value
601328.XSHG,balance,2023-09-30,2023q3,,2023-10-28,bonds_payable,595311000000.0,balance.csv,bonds_payable,quarterly_direct,identity_q1_or_ytd_diff,
601328.XSHG,balance,2023-09-30,2023q3,,2023-10-28,estimate_liability,10310000000.0,balance.csv,estimate_liability,quarterly_direct,identity_q1_or_ytd_diff,
601328.XSHG,balance,2023-09-30,2023q3,,2023-10-28,deferred_tax_liability,2285000000.0,balance.csv,deferred_tax_liability,quarterly_direct,identity_q1_or_ytd_diff,
601328.XSHG,balance,2023-09-30,2023q3,,2023-10-28,other_non_current_liability,,balance.csv,other_non_current_liability,,identity_q1_or_ytd_diff,missing_raw_value
601328.XSHG,balance,2023-09-30,2023q3,,2023-10-28,total_non_current_liability,,balance.csv,total_non_current_liability,,identity_q1_or_ytd_diff,missing_raw_value
601328.XSHG,balance,2023-09-30,2023q3,,2023-10-28,total_liability,12757638000000.0,balance.csv,total_liability,quarterly_direct,identity_q1_or_ytd_diff,
601328.XSHG,balance,2023-09-30,2023q3,,2023-10-28,paidin_capital,74263000000.0,balance.csv,paidin_capital,quarterly_direct,identity_q1_or_ytd_diff,
601328.XSHG,balance,2023-09-30,2023q3,,2023-10-28,capital_reserve_fund,111428000000.0,balance.csv,capital_reserve_fund,quarterly_direct,identity_q1_or_ytd_diff,
601328.XSHG,balance,2023-09-30,2023q3,,2023-10-28,treasury_stock,,balance.csv,treasury_stock,,identity_q1_or_ytd_diff,missing_raw_value
601328.XSHG,balance,2023-09-30,2023q3,,2023-10-28,surplus_reserve_fund,236800000000.0,balance.csv,surplus_reserve_fund,quarterly_direct,identity_q1_or_ytd_diff,
601328.XSHG,balance,2023-09-30,2023q3,,2023-10-28,ordinary_risk_reserve_fund,158211000000.0,balance.csv,ordinary_risk_reserve_fund,quarterly_direct,identity_q1_or_ytd_diff,
601328.XSHG,balance,2023-09-30,2023q3,,2023-10-28,retained_profit,305714000000.0,balance.csv,retained_profit,quarterly_direct,identity_q1_or_ytd_diff,
601328.XSHG,balance,2023-09-30,2023q3,,2023-10-28,equities_parent_company_owners,1061390000000.0,balance.csv,equities_parent_company_owners,quarterly_direct,identity_q1_or_ytd_diff,
601328.XSHG,balance,2023-09-30,2023q3,,2023-10-28,minority_interests,11577000000.0,balance.csv,minority_interests,quarterly_direct,identity_q1_or_ytd_diff,
601328.XSHG,balance,2023-09-30,2023q3,,2023-10-28,total_owner_equities,1072967000000.0,balance.csv,total_owner_equities,quarterly_direct,identity_q1_or_ytd_diff,
601328.XSHG,balance,2023-09-30,2023q3,,2023-10-28,other_comprehensive_income,184000000.0,balance.csv,other_comprehensive_income,quarterly_direct,identity_q1_or_ytd_diff,
601328.XSHG,balance,2023-09-30,2023q3,,2023-10-28,contract_assets,,balance.csv,contract_assets,,identity_q1_or_ytd_diff,missing_raw_value
601328.XSHG,balance,2023-09-30,2023q3,,2023-10-28,contract_liability,,balance.csv,contract_liability,,identity_q1_or_ytd_diff,missing_raw_value
601328.XSHG,balance,2023-09-30,2023q3,,2023-10-28,usufruct_assets,,balance.csv,usufruct_assets,,identity_q1_or_ytd_diff,missing_raw_value
601328.XSHG,balance,2023-12-31,2023q4,,2024-03-28,cash_equivalents,1006978000000.0,balance.csv,cash_equivalents,quarterly_direct,identity_q1_or_ytd_diff,
601328.XSHG,balance,2023-12-31,2023q4,,2024-03-28,settlement_provi,,balance.csv,settlement_provi,,identity_q1_or_ytd_diff,missing_raw_value
601328.XSHG,balance,2023-12-31,2023q4,,2024-03-28,lend_capital,550295000000.0,balance.csv,lend_capital,quarterly_direct,identity_q1_or_ytd_diff,
601328.XSHG,balance,2023-12-31,2023q4,,2024-03-28,trading_assets,642282000000.0,balance.csv,trading_assets,quarterly_direct,identity_q1_or_ytd_diff,
601328.XSHG,balance,2023-12-31,2023q4,,2024-03-28,bill_receivable,,balance.csv,bill_receivable,,identity_q1_or_ytd_diff,missing_raw_value
601328.XSHG,balance,2023-12-31,2023q4,,2024-03-28,account_receivable,,balance.csv,account_receivable,,identity_q1_or_ytd_diff,missing_raw_value
601328.XSHG,balance,2023-12-31,2023q4,,2024-03-28,advance_payment,,balance.csv,advance_payment,,identity_q1_or_ytd_diff,missing_raw_value
601328.XSHG,balance,2023-12-31,2023q4,,2024-03-28,insurance_receivables,,balance.csv,insurance_receivables,,identity_q1_or_ytd_diff,missing_raw_value
601328.XSHG,balance,2023-12-31,2023q4,,2024-03-28,interest_receivable,,balance.csv,interest_receivable,,identity_q1_or_ytd_diff,missing_raw_value
601328.XSHG,balance,2023-12-31,2023q4,,2024-03-28,other_receivable,,balance.csv,other_receivable,,identity_q1_or_ytd_diff,missing_raw_value
601328.XSHG,balance,2023-12-31,2023q4,,2024-03-28,bought_sellback_assets,200391000000.0,balance.csv,bought_sellback_assets,quarterly_direct,identity_q1_or_ytd_diff,
601328.XSHG,balance,2023-12-31,2023q4,,2024-03-28,inventories,,balance.csv,inventories,,identity_q1_or_ytd_diff,missing_raw_value
601328.XSHG,balance,2023-12-31,2023q4,,2024-03-28,other_current_assets,,balance.csv,other_current_assets,,identity_q1_or_ytd_diff,missing_raw_value
601328.XSHG,balance,2023-12-31,2023q4,,2024-03-28,total_current_assets,,balance.csv,total_current_assets,,identity_q1_or_ytd_diff,missing_raw_value
601328.XSHG,balance,2023-12-31,2023q4,,2024-03-28,loan_and_advance,,balance.csv,loan_and_advance,,identity_q1_or_ytd_diff,missing_raw_value
601328.XSHG,balance,2023-12-31,2023q4,,2024-03-28,hold_for_sale_assets,,balance.csv,hold_for_sale_assets,,identity_q1_or_ytd_diff,missing_raw_value
601328.XSHG,balance,2023-12-31,2023q4,,2024-03-28,hold_to_maturity_investments,,balance.csv,hold_to_maturity_investments,,identity_q1_or_ytd_diff,missing_raw_value
601328.XSHG,balance,2023-12-31,2023q4,,2024-03-28,longterm_equity_invest,8990000000.0,balance.csv,longterm_equity_invest,quarterly_direct,identity_q1_or_ytd_diff,
601328.XSHG,balance,2023-12-31,2023q4,,2024-03-28,investment_property,5525000000.0,balance.csv,investment_property,quarterly_direct,identity_q1_or_ytd_diff,
601328.XSHG,balance,2023-12-31,2023q4,,2024-03-28,fixed_assets,215725000000.0,balance.csv,fixed_assets,quarterly_direct,identity_q1_or_ytd_diff,
601328.XSHG,balance,2023-12-31,2023q4,,2024-03-28,constru_in_process,2026000000.0,balance.csv,constru_in_process,quarterly_direct,identity_q1_or_ytd_diff,
601328.XSHG,balance,2023-12-31,2023q4,,2024-03-28,intangible_assets,4628000000.0,balance.csv,intangible_assets,quarterly_direct,identity_q1_or_ytd_diff,
601328.XSHG,balance,2023-12-31,2023q4,,2024-03-28,good_will,,balance.csv,good_will,,identity_q1_or_ytd_diff,missing_raw_value
601328.XSHG,balance,2023-12-31,2023q4,,2024-03-28,long_deferred_expense,,balance.csv,long_deferred_expense,,identity_q1_or_ytd_diff,missing_raw_value
601328.XSHG,balance,2023-12-31,2023q4,,2024-03-28,deferred_tax_assets,40379000000.0,balance.csv,deferred_tax_assets,quarterly_direct,identity_q1_or_ytd_diff,
601328.XSHG,balance,2023-12-31,2023q4,,2024-03-28,other_non_current_assets,,balance.csv,other_non_current_assets,,identity_q1_or_ytd_diff,missing_raw_value
601328.XSHG,balance,2023-12-31,2023q4,,2024-03-28,total_non_current_assets,,balance.csv,total_non_current_assets,,identity_q1_or_ytd_diff,missing_raw_value
601328.XSHG,balance,2023-12-31,2023q4,,2024-03-28,total_assets,14060472000000.0,balance.csv,total_assets,quarterly_direct,identity_q1_or_ytd_diff,
601328.XSHG,balance,2023-12-31,2023q4,,2024-03-28,shortterm_loan,0.0,balance.csv,shortterm_loan,quarterly_direct,identity_q1_or_ytd_diff,
601328.XSHG,balance,2023-12-31,2023q4,,2024-03-28,borrowing_from_centralbank,530110000000.0,balance.csv,borrowing_from_centralbank,quarterly_direct,identity_q1_or_ytd_diff,
601328.XSHG,balance,2023-12-31,2023q4,,2024-03-28,deposit_in_interbank,9684396000000.0,balance.csv,deposit_in_interbank,quarterly_direct,identity_q1_or_ytd_diff,
601328.XSHG,balance,2023-12-31,2023q4,,2024-03-28,borrowing_capital,472971000000.0,balance.csv,borrowing_capital,quarterly_direct,identity_q1_or_ytd_diff,
601328.XSHG,balance,2023-12-31,2023q4,,2024-03-28,trading_liability,56557000000.0,balance.csv,trading_liability,quarterly_direct,identity_q1_or_ytd_diff,
601328.XSHG,balance,2023-12-31,2023q4,,2024-03-28,notes_payable,,balance.csv,notes_payable,,identity_q1_or_ytd_diff,missing_raw_value
601328.XSHG,balance,2023-12-31,2023q4,,2024-03-28,accounts_payable,,balance.csv,accounts_payable,,identity_q1_or_ytd_diff,missing_raw_value
601328.XSHG,balance,2023-12-31,2023q4,,2024-03-28,advance_peceipts,,balance.csv,advance_peceipts,,identity_q1_or_ytd_diff,missing_raw_value
601328.XSHG,balance,2023-12-31,2023q4,,2024-03-28,sold_buyback_secu_proceeds,288275000000.0,balance.csv,sold_buyback_secu_proceeds,quarterly_direct,identity_q1_or_ytd_diff,
601328.XSHG,balance,2023-12-31,2023q4,,2024-03-28,commission_payable,,balance.csv,commission_payable,,identity_q1_or_ytd_diff,missing_raw_value
601328.XSHG,balance,2023-12-31,2023q4,,2024-03-28,salaries_payable,17979000000.0,balance.csv,salaries_payable,quarterly_direct,identity_q1_or_ytd_diff,
601328.XSHG,balance,2023-12-31,2023q4,,2024-03-28,taxs_payable,9821000000.0,balance.csv,taxs_payable,quarterly_direct,identity_q1_or_ytd_diff,
601328.XSHG,balance,2023-12-31,2023q4,,2024-03-28,interest_payable,,balance.csv,interest_payable,,identity_q1_or_ytd_diff,missing_raw_value
601328.XSHG,balance,2023-12-31,2023q4,,2024-03-28,other_payable,,balance.csv,other_payable,,identity_q1_or_ytd_diff,missing_raw_value
601328.XSHG,balance,2023-12-31,2023q4,,2024-03-28,insurance_contract_reserves,0.0,balance.csv,insurance_contract_reserves,quarterly_direct,identity_q1_or_ytd_diff,
601328.XSHG,balance,2023-12-31,2023q4,,2024-03-28,proxy_secu_proceeds,,balance.csv,proxy_secu_proceeds,,identity_q1_or_ytd_diff,missing_raw_value
601328.XSHG,balance,2023-12-31,2023q4,,2024-03-28,non_current_liability_in_one_year,,balance.csv,non_current_liability_in_one_year,,identity_q1_or_ytd_diff,missing_raw_value
601328.XSHG,balance,2023-12-31,2023q4,,2024-03-28,other_current_liability,,balance.csv,other_current_liability,,identity_q1_or_ytd_diff,missing_raw_value
601328.XSHG,balance,2023-12-31,2023q4,,2024-03-28,total_current_liability,,balance.csv,total_current_liability,,identity_q1_or_ytd_diff,missing_raw_value
601328.XSHG,balance,2023-12-31,2023q4,,2024-03-28,longterm_loan,,balance.csv,longterm_loan,,identity_q1_or_ytd_diff,missing_raw_value
601328.XSHG,balance,2023-12-31,2023q4,,2024-03-28,bonds_payable,592175000000.0,balance.csv,bonds_payable,quarterly_direct,identity_q1_or_ytd_diff,
601328.XSHG,balance,2023-12-31,2023q4,,2024-03-28,estimate_liability,9557000000.0,balance.csv,estimate_liability,quarterly_direct,identity_q1_or_ytd_diff,
601328.XSHG,balance,2023-12-31,2023q4,,2024-03-28,deferred_tax_liability,2407000000.0,balance.csv,deferred_tax_liability,quarterly_direct,identity_q1_or_ytd_diff,
601328.XSHG,balance,2023-12-31,2023q4,,2024-03-28,other_non_current_liability,,balance.csv,other_non_current_liability,,identity_q1_or_ytd_diff,missing_raw_value
601328.XSHG,balance,2023-12-31,2023q4,,2024-03-28,total_non_current_liability,,balance.csv,total_non_current_liability,,identity_q1_or_ytd_diff,missing_raw_value
601328.XSHG,balance,2023-12-31,2023q4,,2024-03-28,total_liability,12961022000000.0,balance.csv,total_liability,quarterly_direct,identity_q1_or_ytd_diff,
601328.XSHG,balance,2023-12-31,2023q4,,2024-03-28,paidin_capital,74263000000.0,balance.csv,paidin_capital,quarterly_direct,identity_q1_or_ytd_diff,
601328.XSHG,balance,2023-12-31,2023q4,,2024-03-28,capital_reserve_fund,111428000000.0,balance.csv,capital_reserve_fund,quarterly_direct,identity_q1_or_ytd_diff,
601328.XSHG,balance,2023-12-31,2023q4,,2024-03-28,treasury_stock,,balance.csv,treasury_stock,,identity_q1_or_ytd_diff,missing_raw_value
601328.XSHG,balance,2023-12-31,2023q4,,2024-03-28,surplus_reserve_fund,237626000000.0,balance.csv,surplus_reserve_fund,quarterly_direct,identity_q1_or_ytd_diff,
601328.XSHG,balance,2023-12-31,2023q4,,2024-03-28,ordinary_risk_reserve_fund,159053000000.0,balance.csv,ordinary_risk_reserve_fund,quarterly_direct,identity_q1_or_ytd_diff,
601328.XSHG,balance,2023-12-31,2023q4,,2024-03-28,retained_profit,326744000000.0,balance.csv,retained_profit,quarterly_direct,identity_q1_or_ytd_diff,
601328.XSHG,balance,2023-12-31,2023q4,,2024-03-28,equities_parent_company_owners,1088030000000.0,balance.csv,equities_parent_company_owners,quarterly_direct,identity_q1_or_ytd_diff,
601328.XSHG,balance,2023-12-31,2023q4,,2024-03-28,minority_interests,11420000000.0,balance.csv,minority_interests,quarterly_direct,identity_q1_or_ytd_diff,
601328.XSHG,balance,2023-12-31,2023q4,,2024-03-28,total_owner_equities,1099450000000.0,balance.csv,total_owner_equities,quarterly_direct,identity_q1_or_ytd_diff,
601328.XSHG,balance,2023-12-31,2023q4,,2024-03-28,other_comprehensive_income,4126000000.0,balance.csv,other_comprehensive_income,quarterly_direct,identity_q1_or_ytd_diff,
601328.XSHG,balance,2023-12-31,2023q4,,2024-03-28,contract_assets,,balance.csv,contract_assets,,identity_q1_or_ytd_diff,missing_raw_value
601328.XSHG,balance,2023-12-31,2023q4,,2024-03-28,contract_liability,,balance.csv,contract_liability,,identity_q1_or_ytd_diff,missing_raw_value
601328.XSHG,balance,2023-12-31,2023q4,,2024-03-28,usufruct_assets,,balance.csv,usufruct_assets,,identity_q1_or_ytd_diff,missing_raw_value
601328.XSHG,balance,2024-03-31,2024q1,,2024-04-27,cash_equivalents,883631000000.0,balance.csv,cash_equivalents,quarterly_direct,identity_q1_or_ytd_diff,
601328.XSHG,balance,2024-03-31,2024q1,,2024-04-27,settlement_provi,,balance.csv,settlement_provi,,identity_q1_or_ytd_diff,missing_raw_value
601328.XSHG,balance,2024-03-31,2024q1,,2024-04-27,lend_capital,592194000000.0,balance.csv,lend_capital,quarterly_direct,identity_q1_or_ytd_diff,
601328.XSHG,balance,2024-03-31,2024q1,,2024-04-27,trading_assets,626751000000.0,balance.csv,trading_assets,quarterly_direct,identity_q1_or_ytd_diff,
601328.XSHG,balance,2024-03-31,2024q1,,2024-04-27,bill_receivable,,balance.csv,bill_receivable,,identity_q1_or_ytd_diff,missing_raw_value
601328.XSHG,balance,2024-03-31,2024q1,,2024-04-27,account_receivable,,balance.csv,account_receivable,,identity_q1_or_ytd_diff,missing_raw_value
601328.XSHG,balance,2024-03-31,2024q1,,2024-04-27,advance_payment,,balance.csv,advance_payment,,identity_q1_or_ytd_diff,missing_raw_value
601328.XSHG,balance,2024-03-31,2024q1,,2024-04-27,insurance_receivables,,balance.csv,insurance_receivables,,identity_q1_or_ytd_diff,missing_raw_value
601328.XSHG,balance,2024-03-31,2024q1,,2024-04-27,interest_receivable,,balance.csv,interest_receivable,,identity_q1_or_ytd_diff,missing_raw_value
601328.XSHG,balance,2024-03-31,2024q1,,2024-04-27,other_receivable,,balance.csv,other_receivable,,identity_q1_or_ytd_diff,missing_raw_value
601328.XSHG,balance,2024-03-31,2024q1,,2024-04-27,bought_sellback_assets,225152000000.0,balance.csv,bought_sellback_assets,quarterly_direct,identity_q1_or_ytd_diff,
601328.XSHG,balance,2024-03-31,2024q1,,2024-04-27,inventories,,balance.csv,inventories,,identity_q1_or_ytd_diff,missing_raw_value
601328.XSHG,balance,2024-03-31,2024q1,,2024-04-27,other_current_assets,,balance.csv,other_current_assets,,identity_q1_or_ytd_diff,missing_raw_value
601328.XSHG,balance,2024-03-31,2024q1,,2024-04-27,total_current_assets,,balance.csv,total_current_assets,,identity_q1_or_ytd_diff,missing_raw_value
601328.XSHG,balance,2024-03-31,2024q1,,2024-04-27,loan_and_advance,,balance.csv,loan_and_advance,,identity_q1_or_ytd_diff,missing_raw_value
601328.XSHG,balance,2024-03-31,2024q1,,2024-04-27,hold_for_sale_assets,,balance.csv,hold_for_sale_assets,,identity_q1_or_ytd_diff,missing_raw_value
601328.XSHG,balance,2024-03-31,2024q1,,2024-04-27,hold_to_maturity_investments,,balance.csv,hold_to_maturity_investments,,identity_q1_or_ytd_diff,missing_raw_value
601328.XSHG,balance,2024-03-31,2024q1,,2024-04-27,longterm_equity_invest,9062000000.0,balance.csv,longterm_equity_invest,quarterly_direct,identity_q1_or_ytd_diff,
601328.XSHG,balance,2024-03-31,2024q1,,2024-04-27,investment_property,5519000000.0,balance.csv,investment_property,quarterly_direct,identity_q1_or_ytd_diff,
601328.XSHG,balance,2024-03-31,2024q1,,2024-04-27,fixed_assets,220608000000.0,balance.csv,fixed_assets,quarterly_direct,identity_q1_or_ytd_diff,
601328.XSHG,balance,2024-03-31,2024q1,,2024-04-27,constru_in_process,1290000000.0,balance.csv,constru_in_process,quarterly_direct,identity_q1_or_ytd_diff,
601328.XSHG,balance,2024-03-31,2024q1,,2024-04-27,intangible_assets,4536000000.0,balance.csv,intangible_assets,quarterly_direct,identity_q1_or_ytd_diff,
601328.XSHG,balance,2024-03-31,2024q1,,2024-04-27,good_will,,balance.csv,good_will,,identity_q1_or_ytd_diff,missing_raw_value
601328.XSHG,balance,2024-03-31,2024q1,,2024-04-27,long_deferred_expense,,balance.csv,long_deferred_expense,,identity_q1_or_ytd_diff,missing_raw_value
601328.XSHG,balance,2024-03-31,2024q1,,2024-04-27,deferred_tax_assets,40439000000.0,balance.csv,deferred_tax_assets,quarterly_direct,identity_q1_or_ytd_diff,
601328.XSHG,balance,2024-03-31,2024q1,,2024-04-27,other_non_current_assets,,balance.csv,other_non_current_assets,,identity_q1_or_ytd_diff,missing_raw_value
601328.XSHG,balance,2024-03-31,2024q1,,2024-04-27,total_non_current_assets,,balance.csv,total_non_current_assets,,identity_q1_or_ytd_diff,missing_raw_value
601328.XSHG,balance,2024-03-31,2024q1,,2024-04-27,total_assets,14238091000000.0,balance.csv,total_assets,quarterly_direct,identity_q1_or_ytd_diff,
601328.XSHG,balance,2024-03-31,2024q1,,2024-04-27,shortterm_loan,0.0,balance.csv,shortterm_loan,quarterly_direct,identity_q1_or_ytd_diff,
601328.XSHG,balance,2024-03-31,2024q1,,2024-04-27,borrowing_from_centralbank,475727000000.0,balance.csv,borrowing_from_centralbank,quarterly_direct,identity_q1_or_ytd_diff,
601328.XSHG,balance,2024-03-31,2024q1,,2024-04-27,deposit_in_interbank,9788946000000.0,balance.csv,deposit_in_interbank,quarterly_direct,identity_q1_or_ytd_diff,
601328.XSHG,balance,2024-03-31,2024q1,,2024-04-27,borrowing_capital,491259000000.0,balance.csv,borrowing_capital,quarterly_direct,identity_q1_or_ytd_diff,
601328.XSHG,balance,2024-03-31,2024q1,,2024-04-27,trading_liability,59034000000.0,balance.csv,trading_liability,quarterly_direct,identity_q1_or_ytd_diff,
601328.XSHG,balance,2024-03-31,2024q1,,2024-04-27,notes_payable,,balance.csv,notes_payable,,identity_q1_or_ytd_diff,missing_raw_value
601328.XSHG,balance,2024-03-31,2024q1,,2024-04-27,accounts_payable,,balance.csv,accounts_payable,,identity_q1_or_ytd_diff,missing_raw_value
601328.XSHG,balance,2024-03-31,2024q1,,2024-04-27,advance_peceipts,,balance.csv,advance_peceipts,,identity_q1_or_ytd_diff,missing_raw_value
601328.XSHG,balance,2024-03-31,2024q1,,2024-04-27,sold_buyback_secu_proceeds,223458000000.0,balance.csv,sold_buyback_secu_proceeds,quarterly_direct,identity_q1_or_ytd_diff,
601328.XSHG,balance,2024-03-31,2024q1,,2024-04-27,commission_payable,,balance.csv,commission_payable,,identity_q1_or_ytd_diff,missing_raw_value
601328.XSHG,balance,2024-03-31,2024q1,,2024-04-27,salaries_payable,10366000000.0,balance.csv,salaries_payable,quarterly_direct,identity_q1_or_ytd_diff,
601328.XSHG,balance,2024-03-31,2024q1,,2024-04-27,taxs_payable,12494000000.0,balance.csv,taxs_payable,quarterly_direct,identity_q1_or_ytd_diff,
601328.XSHG,balance,2024-03-31,2024q1,,2024-04-27,interest_payable,,balance.csv,interest_payable,,identity_q1_or_ytd_diff,missing_raw_value
601328.XSHG,balance,2024-03-31,2024q1,,2024-04-27,other_payable,,balance.csv,other_payable,,identity_q1_or_ytd_diff,missing_raw_value
601328.XSHG,balance,2024-03-31,2024q1,,2024-04-27,insurance_contract_reserves,0.0,balance.csv,insurance_contract_reserves,quarterly_direct,identity_q1_or_ytd_diff,
601328.XSHG,balance,2024-03-31,2024q1,,2024-04-27,proxy_secu_proceeds,,balance.csv,proxy_secu_proceeds,,identity_q1_or_ytd_diff,missing_raw_value
601328.XSHG,balance,2024-03-31,2024q1,,2024-04-27,non_current_liability_in_one_year,,balance.csv,non_current_liability_in_one_year,,identity_q1_or_ytd_diff,missing_raw_value
601328.XSHG,balance,2024-03-31,2024q1,,2024-04-27,other_current_liability,,balance.csv,other_current_liability,,identity_q1_or_ytd_diff,missing_raw_value
601328.XSHG,balance,2024-03-31,2024q1,,2024-04-27,total_current_liability,,balance.csv,total_current_liability,,identity_q1_or_ytd_diff,missing_raw_value
601328.XSHG,balance,2024-03-31,2024q1,,2024-04-27,longterm_loan,,balance.csv,longterm_loan,,identity_q1_or_ytd_diff,missing_raw_value
601328.XSHG,balance,2024-03-31,2024q1,,2024-04-27,bonds_payable,578849000000.0,balance.csv,bonds_payable,quarterly_direct,identity_q1_or_ytd_diff,
601328.XSHG,balance,2024-03-31,2024q1,,2024-04-27,estimate_liability,9749000000.0,balance.csv,estimate_liability,quarterly_direct,identity_q1_or_ytd_diff,
601328.XSHG,balance,2024-03-31,2024q1,,2024-04-27,deferred_tax_liability,2621000000.0,balance.csv,deferred_tax_liability,quarterly_direct,identity_q1_or_ytd_diff,
601328.XSHG,balance,2024-03-31,2024q1,,2024-04-27,other_non_current_liability,,balance.csv,other_non_current_liability,,identity_q1_or_ytd_diff,missing_raw_value
601328.XSHG,balance,2024-03-31,2024q1,,2024-04-27,total_non_current_liability,,balance.csv,total_non_current_liability,,identity_q1_or_ytd_diff,missing_raw_value
601328.XSHG,balance,2024-03-31,2024q1,,2024-04-27,total_liability,13112273000000.0,balance.csv,total_liability,quarterly_direct,identity_q1_or_ytd_diff,
601328.XSHG,balance,2024-03-31,2024q1,,2024-04-27,paidin_capital,74263000000.0,balance.csv,paidin_capital,quarterly_direct,identity_q1_or_ytd_diff,
601328.XSHG,balance,2024-03-31,2024q1,,2024-04-27,capital_reserve_fund,111428000000.0,balance.csv,capital_reserve_fund,quarterly_direct,identity_q1_or_ytd_diff,
601328.XSHG,balance,2024-03-31,2024q1,,2024-04-27,treasury_stock,,balance.csv,treasury_stock,,identity_q1_or_ytd_diff,missing_raw_value
601328.XSHG,balance,2024-03-31,2024q1,,2024-04-27,surplus_reserve_fund,237630000000.0,balance.csv,surplus_reserve_fund,quarterly_direct,identity_q1_or_ytd_diff,
601328.XSHG,balance,2024-03-31,2024q1,,2024-04-27,ordinary_risk_reserve_fund,159149000000.0,balance.csv,ordinary_risk_reserve_fund,quarterly_direct,identity_q1_or_ytd_diff,
601328.XSHG,balance,2024-03-31,2024q1,,2024-04-27,retained_profit,351658000000.0,balance.csv,retained_profit,quarterly_direct,identity_q1_or_ytd_diff,
601328.XSHG,balance,2024-03-31,2024q1,,2024-04-27,equities_parent_company_owners,1114564000000.0,balance.csv,equities_parent_company_owners,quarterly_direct,identity_q1_or_ytd_diff,
601328.XSHG,balance,2024-03-31,2024q1,,2024-04-27,minority_interests,11254000000.0,balance.csv,minority_interests,quarterly_direct,identity_q1_or_ytd_diff,
601328.XSHG,balance,2024-03-31,2024q1,,2024-04-27,total_owner_equities,1125818000000.0,balance.csv,total_owner_equities,quarterly_direct,identity_q1_or_ytd_diff,
601328.XSHG,balance,2024-03-31,2024q1,,2024-04-27,other_comprehensive_income,5646000000.0,balance.csv,other_comprehensive_income,quarterly_direct,identity_q1_or_ytd_diff,
601328.XSHG,balance,2024-03-31,2024q1,,2024-04-27,contract_assets,,balance.csv,contract_assets,,identity_q1_or_ytd_diff,missing_raw_value
601328.XSHG,balance,2024-03-31,2024q1,,2024-04-27,contract_liability,,balance.csv,contract_liability,,identity_q1_or_ytd_diff,missing_raw_value
601328.XSHG,balance,2024-03-31,2024q1,,2024-04-27,usufruct_assets,,balance.csv,usufruct_assets,,identity_q1_or_ytd_diff,missing_raw_value
601328.XSHG,balance,2024-06-30,2024q2,,2024-08-29,cash_equivalents,877306000000.0,balance.csv,cash_equivalents,quarterly_direct,identity_q1_or_ytd_diff,
601328.XSHG,balance,2024-06-30,2024q2,,2024-08-29,settlement_provi,,balance.csv,settlement_provi,,identity_q1_or_ytd_diff,missing_raw_value
601328.XSHG,balance,2024-06-30,2024q2,,2024-08-29,lend_capital,596806000000.0,balance.csv,lend_capital,quarterly_direct,identity_q1_or_ytd_diff,
601328.XSHG,balance,2024-06-30,2024q2,,2024-08-29,trading_assets,613900000000.0,balance.csv,trading_assets,quarterly_direct,identity_q1_or_ytd_diff,
601328.XSHG,balance,2024-06-30,2024q2,,2024-08-29,bill_receivable,,balance.csv,bill_receivable,,identity_q1_or_ytd_diff,missing_raw_value
601328.XSHG,balance,2024-06-30,2024q2,,2024-08-29,account_receivable,,balance.csv,account_receivable,,identity_q1_or_ytd_diff,missing_raw_value
601328.XSHG,balance,2024-06-30,2024q2,,2024-08-29,advance_payment,,balance.csv,advance_payment,,identity_q1_or_ytd_diff,missing_raw_value
601328.XSHG,balance,2024-06-30,2024q2,,2024-08-29,insurance_receivables,,balance.csv,insurance_receivables,,identity_q1_or_ytd_diff,missing_raw_value
601328.XSHG,balance,2024-06-30,2024q2,,2024-08-29,interest_receivable,,balance.csv,interest_receivable,,identity_q1_or_ytd_diff,missing_raw_value
601328.XSHG,balance,2024-06-30,2024q2,,2024-08-29,other_receivable,,balance.csv,other_receivable,,identity_q1_or_ytd_diff,missing_raw_value
601328.XSHG,balance,2024-06-30,2024q2,,2024-08-29,bought_sellback_assets,111604000000.0,balance.csv,bought_sellback_assets,quarterly_direct,identity_q1_or_ytd_diff,
601328.XSHG,balance,2024-06-30,2024q2,,2024-08-29,inventories,,balance.csv,inventories,,identity_q1_or_ytd_diff,missing_raw_value
601328.XSHG,balance,2024-06-30,2024q2,,2024-08-29,other_current_assets,,balance.csv,other_current_assets,,identity_q1_or_ytd_diff,missing_raw_value
601328.XSHG,balance,2024-06-30,2024q2,,2024-08-29,total_current_assets,,balance.csv,total_current_assets,,identity_q1_or_ytd_diff,missing_raw_value
601328.XSHG,balance,2024-06-30,2024q2,,2024-08-29,loan_and_advance,,balance.csv,loan_and_advance,,identity_q1_or_ytd_diff,missing_raw_value
601328.XSHG,balance,2024-06-30,2024q2,,2024-08-29,hold_for_sale_assets,,balance.csv,hold_for_sale_assets,,identity_q1_or_ytd_diff,missing_raw_value
601328.XSHG,balance,2024-06-30,2024q2,,2024-08-29,hold_to_maturity_investments,,balance.csv,hold_to_maturity_investments,,identity_q1_or_ytd_diff,missing_raw_value
601328.XSHG,balance,2024-06-30,2024q2,,2024-08-29,longterm_equity_invest,9354000000.0,balance.csv,longterm_equity_invest,quarterly_direct,identity_q1_or_ytd_diff,
601328.XSHG,balance,2024-06-30,2024q2,,2024-08-29,investment_property,5492000000.0,balance.csv,investment_property,quarterly_direct,identity_q1_or_ytd_diff,
601328.XSHG,balance,2024-06-30,2024q2,,2024-08-29,fixed_assets,226566000000.0,balance.csv,fixed_assets,quarterly_direct,identity_q1_or_ytd_diff,
601328.XSHG,balance,2024-06-30,2024q2,,2024-08-29,constru_in_process,1312000000.0,balance.csv,constru_in_process,quarterly_direct,identity_q1_or_ytd_diff,
601328.XSHG,balance,2024-06-30,2024q2,,2024-08-29,intangible_assets,4486000000.0,balance.csv,intangible_assets,quarterly_direct,identity_q1_or_ytd_diff,
601328.XSHG,balance,2024-06-30,2024q2,,2024-08-29,good_will,,balance.csv,good_will,,identity_q1_or_ytd_diff,missing_raw_value
601328.XSHG,balance,2024-06-30,2024q2,,2024-08-29,long_deferred_expense,,balance.csv,long_deferred_expense,,identity_q1_or_ytd_diff,missing_raw_value
601328.XSHG,balance,2024-06-30,2024q2,,2024-08-29,deferred_tax_assets,40078000000.0,balance.csv,deferred_tax_assets,quarterly_direct,identity_q1_or_ytd_diff,
601328.XSHG,balance,2024-06-30,2024q2,,2024-08-29,other_non_current_assets,,balance.csv,other_non_current_assets,,identity_q1_or_ytd_diff,missing_raw_value
601328.XSHG,balance,2024-06-30,2024q2,,2024-08-29,total_non_current_assets,,balance.csv,total_non_current_assets,,identity_q1_or_ytd_diff,missing_raw_value
601328.XSHG,balance,2024-06-30,2024q2,,2024-08-29,total_assets,14177914000000.0,balance.csv,total_assets,quarterly_direct,identity_q1_or_ytd_diff,
601328.XSHG,balance,2024-06-30,2024q2,,2024-08-29,shortterm_loan,0.0,balance.csv,shortterm_loan,quarterly_direct,identity_q1_or_ytd_diff,
601328.XSHG,balance,2024-06-30,2024q2,,2024-08-29,borrowing_from_centralbank,443721000000.0,balance.csv,borrowing_from_centralbank,quarterly_direct,identity_q1_or_ytd_diff,
601328.XSHG,balance,2024-06-30,2024q2,,2024-08-29,deposit_in_interbank,9704542000000.0,balance.csv,deposit_in_interbank,quarterly_direct,identity_q1_or_ytd_diff,
601328.XSHG,balance,2024-06-30,2024q2,,2024-08-29,borrowing_capital,429669000000.0,balance.csv,borrowing_capital,quarterly_direct,identity_q1_or_ytd_diff,
601328.XSHG,balance,2024-06-30,2024q2,,2024-08-29,trading_liability,59551000000.0,balance.csv,trading_liability,quarterly_direct,identity_q1_or_ytd_diff,
601328.XSHG,balance,2024-06-30,2024q2,,2024-08-29,notes_payable,,balance.csv,notes_payable,,identity_q1_or_ytd_diff,missing_raw_value
601328.XSHG,balance,2024-06-30,2024q2,,2024-08-29,accounts_payable,,balance.csv,accounts_payable,,identity_q1_or_ytd_diff,missing_raw_value
601328.XSHG,balance,2024-06-30,2024q2,,2024-08-29,advance_peceipts,,balance.csv,advance_peceipts,,identity_q1_or_ytd_diff,missing_raw_value
601328.XSHG,balance,2024-06-30,2024q2,,2024-08-29,sold_buyback_secu_proceeds,330055000000.0,balance.csv,sold_buyback_secu_proceeds,quarterly_direct,identity_q1_or_ytd_diff,
601328.XSHG,balance,2024-06-30,2024q2,,2024-08-29,commission_payable,,balance.csv,commission_payable,,identity_q1_or_ytd_diff,missing_raw_value
601328.XSHG,balance,2024-06-30,2024q2,,2024-08-29,salaries_payable,9552000000.0,balance.csv,salaries_payable,quarterly_direct,identity_q1_or_ytd_diff,
601328.XSHG,balance,2024-06-30,2024q2,,2024-08-29,taxs_payable,9027000000.0,balance.csv,taxs_payable,quarterly_direct,identity_q1_or_ytd_diff,
601328.XSHG,balance,2024-06-30,2024q2,,2024-08-29,interest_payable,,balance.csv,interest_payable,,identity_q1_or_ytd_diff,missing_raw_value
601328.XSHG,balance,2024-06-30,2024q2,,2024-08-29,other_payable,,balance.csv,other_payable,,identity_q1_or_ytd_diff,missing_raw_value
601328.XSHG,balance,2024-06-30,2024q2,,2024-08-29,insurance_contract_reserves,0.0,balance.csv,insurance_contract_reserves,quarterly_direct,identity_q1_or_ytd_diff,
601328.XSHG,balance,2024-06-30,2024q2,,2024-08-29,proxy_secu_proceeds,,balance.csv,proxy_secu_proceeds,,identity_q1_or_ytd_diff,missing_raw_value
601328.XSHG,balance,2024-06-30,2024q2,,2024-08-29,non_current_liability_in_one_year,,balance.csv,non_current_liability_in_one_year,,identity_q1_or_ytd_diff,missing_raw_value
601328.XSHG,balance,2024-06-30,2024q2,,2024-08-29,other_current_liability,,balance.csv,other_current_liability,,identity_q1_or_ytd_diff,missing_raw_value
601328.XSHG,balance,2024-06-30,2024q2,,2024-08-29,total_current_liability,,balance.csv,total_current_liability,,identity_q1_or_ytd_diff,missing_raw_value
601328.XSHG,balance,2024-06-30,2024q2,,2024-08-29,longterm_loan,,balance.csv,longterm_loan,,identity_q1_or_ytd_diff,missing_raw_value
601328.XSHG,balance,2024-06-30,2024q2,,2024-08-29,bonds_payable,599046000000.0,balance.csv,bonds_payable,quarterly_direct,identity_q1_or_ytd_diff,
601328.XSHG,balance,2024-06-30,2024q2,,2024-08-29,estimate_liability,10950000000.0,balance.csv,estimate_liability,quarterly_direct,identity_q1_or_ytd_diff,
601328.XSHG,balance,2024-06-30,2024q2,,2024-08-29,deferred_tax_liability,2533000000.0,balance.csv,deferred_tax_liability,quarterly_direct,identity_q1_or_ytd_diff,
601328.XSHG,balance,2024-06-30,2024q2,,2024-08-29,other_non_current_liability,,balance.csv,other_non_current_liability,,identity_q1_or_ytd_diff,missing_raw_value
601328.XSHG,balance,2024-06-30,2024q2,,2024-08-29,total_non_current_liability,,balance.csv,total_non_current_liability,,identity_q1_or_ytd_diff,missing_raw_value
601328.XSHG,balance,2024-06-30,2024q2,,2024-08-29,total_liability,13058623000000.0,balance.csv,total_liability,quarterly_direct,identity_q1_or_ytd_diff,
601328.XSHG,balance,2024-06-30,2024q2,,2024-08-29,paidin_capital,74263000000.0,balance.csv,paidin_capital,quarterly_direct,identity_q1_or_ytd_diff,
601328.XSHG,balance,2024-06-30,2024q2,,2024-08-29,capital_reserve_fund,111428000000.0,balance.csv,capital_reserve_fund,quarterly_direct,identity_q1_or_ytd_diff,
601328.XSHG,balance,2024-06-30,2024q2,,2024-08-29,treasury_stock,,balance.csv,treasury_stock,,identity_q1_or_ytd_diff,missing_raw_value
601328.XSHG,balance,2024-06-30,2024q2,,2024-08-29,surplus_reserve_fund,245788000000.0,balance.csv,surplus_reserve_fund,quarterly_direct,identity_q1_or_ytd_diff,
601328.XSHG,balance,2024-06-30,2024q2,,2024-08-29,ordinary_risk_reserve_fund,172420000000.0,balance.csv,ordinary_risk_reserve_fund,quarterly_direct,identity_q1_or_ytd_diff,
601328.XSHG,balance,2024-06-30,2024q2,,2024-08-29,retained_profit,319174000000.0,balance.csv,retained_profit,quarterly_direct,identity_q1_or_ytd_diff,
601328.XSHG,balance,2024-06-30,2024q2,,2024-08-29,equities_parent_company_owners,1107374000000.0,balance.csv,equities_parent_company_owners,quarterly_direct,identity_q1_or_ytd_diff,
601328.XSHG,balance,2024-06-30,2024q2,,2024-08-29,minority_interests,11917000000.0,balance.csv,minority_interests,quarterly_direct,identity_q1_or_ytd_diff,
601328.XSHG,balance,2024-06-30,2024q2,,2024-08-29,total_owner_equities,1119291000000.0,balance.csv,total_owner_equities,quarterly_direct,identity_q1_or_ytd_diff,
601328.XSHG,balance,2024-06-30,2024q2,,2024-08-29,other_comprehensive_income,9511000000.0,balance.csv,other_comprehensive_income,quarterly_direct,identity_q1_or_ytd_diff,
601328.XSHG,balance,2024-06-30,2024q2,,2024-08-29,contract_assets,,balance.csv,contract_assets,,identity_q1_or_ytd_diff,missing_raw_value
601328.XSHG,balance,2024-06-30,2024q2,,2024-08-29,contract_liability,,balance.csv,contract_liability,,identity_q1_or_ytd_diff,missing_raw_value
601328.XSHG,balance,2024-06-30,2024q2,,2024-08-29,usufruct_assets,,balance.csv,usufruct_assets,,identity_q1_or_ytd_diff,missing_raw_value
601328.XSHG,balance,2024-09-30,2024q3,,2024-10-31,cash_equivalents,844005000000.0,balance.csv,cash_equivalents,quarterly_direct,identity_q1_or_ytd_diff,
601328.XSHG,balance,2024-09-30,2024q3,,2024-10-31,settlement_provi,,balance.csv,settlement_provi,,identity_q1_or_ytd_diff,missing_raw_value
601328.XSHG,balance,2024-09-30,2024q3,,2024-10-31,lend_capital,503244000000.0,balance.csv,lend_capital,quarterly_direct,identity_q1_or_ytd_diff,
601328.XSHG,balance,2024-09-30,2024q3,,2024-10-31,trading_assets,694823000000.0,balance.csv,trading_assets,quarterly_direct,identity_q1_or_ytd_diff,
601328.XSHG,balance,2024-09-30,2024q3,,2024-10-31,bill_receivable,,balance.csv,bill_receivable,,identity_q1_or_ytd_diff,missing_raw_value
601328.XSHG,balance,2024-09-30,2024q3,,2024-10-31,account_receivable,,balance.csv,account_receivable,,identity_q1_or_ytd_diff,missing_raw_value
601328.XSHG,balance,2024-09-30,2024q3,,2024-10-31,advance_payment,,balance.csv,advance_payment,,identity_q1_or_ytd_diff,missing_raw_value
601328.XSHG,balance,2024-09-30,2024q3,,2024-10-31,insurance_receivables,,balance.csv,insurance_receivables,,identity_q1_or_ytd_diff,missing_raw_value
601328.XSHG,balance,2024-09-30,2024q3,,2024-10-31,interest_receivable,,balance.csv,interest_receivable,,identity_q1_or_ytd_diff,missing_raw_value
601328.XSHG,balance,2024-09-30,2024q3,,2024-10-31,other_receivable,,balance.csv,other_receivable,,identity_q1_or_ytd_diff,missing_raw_value
601328.XSHG,balance,2024-09-30,2024q3,,2024-10-31,bought_sellback_assets,275181000000.0,balance.csv,bought_sellback_assets,quarterly_direct,identity_q1_or_ytd_diff,
601328.XSHG,balance,2024-09-30,2024q3,,2024-10-31,inventories,,balance.csv,inventories,,identity_q1_or_ytd_diff,missing_raw_value
601328.XSHG,balance,2024-09-30,2024q3,,2024-10-31,other_current_assets,,balance.csv,other_current_assets,,identity_q1_or_ytd_diff,missing_raw_value
601328.XSHG,balance,2024-09-30,2024q3,,2024-10-31,total_current_assets,,balance.csv,total_current_assets,,identity_q1_or_ytd_diff,missing_raw_value
601328.XSHG,balance,2024-09-30,2024q3,,2024-10-31,loan_and_advance,,balance.csv,loan_and_advance,,identity_q1_or_ytd_diff,missing_raw_value
601328.XSHG,balance,2024-09-30,2024q3,,2024-10-31,hold_for_sale_assets,,balance.csv,hold_for_sale_assets,,identity_q1_or_ytd_diff,missing_raw_value
601328.XSHG,balance,2024-09-30,2024q3,,2024-10-31,hold_to_maturity_investments,,balance.csv,hold_to_maturity_investments,,identity_q1_or_ytd_diff,missing_raw_value
601328.XSHG,balance,2024-09-30,2024q3,,2024-10-31,longterm_equity_invest,11546000000.0,balance.csv,longterm_equity_invest,quarterly_direct,identity_q1_or_ytd_diff,
601328.XSHG,balance,2024-09-30,2024q3,,2024-10-31,investment_property,5461000000.0,balance.csv,investment_property,quarterly_direct,identity_q1_or_ytd_diff,
601328.XSHG,balance,2024-09-30,2024q3,,2024-10-31,fixed_assets,230467000000.0,balance.csv,fixed_assets,quarterly_direct,identity_q1_or_ytd_diff,
601328.XSHG,balance,2024-09-30,2024q3,,2024-10-31,constru_in_process,1368000000.0,balance.csv,constru_in_process,quarterly_direct,identity_q1_or_ytd_diff,
601328.XSHG,balance,2024-09-30,2024q3,,2024-10-31,intangible_assets,4423000000.0,balance.csv,intangible_assets,quarterly_direct,identity_q1_or_ytd_diff,
601328.XSHG,balance,2024-09-30,2024q3,,2024-10-31,good_will,,balance.csv,good_will,,identity_q1_or_ytd_diff,missing_raw_value
601328.XSHG,balance,2024-09-30,2024q3,,2024-10-31,long_deferred_expense,,balance.csv,long_deferred_expense,,identity_q1_or_ytd_diff,missing_raw_value
601328.XSHG,balance,2024-09-30,2024q3,,2024-10-31,deferred_tax_assets,39371000000.0,balance.csv,deferred_tax_assets,quarterly_direct,identity_q1_or_ytd_diff,
601328.XSHG,balance,2024-09-30,2024q3,,2024-10-31,other_non_current_assets,,balance.csv,other_non_current_assets,,identity_q1_or_ytd_diff,missing_raw_value
601328.XSHG,balance,2024-09-30,2024q3,,2024-10-31,total_non_current_assets,,balance.csv,total_non_current_assets,,identity_q1_or_ytd_diff,missing_raw_value
601328.XSHG,balance,2024-09-30,2024q3,,2024-10-31,total_assets,14594709000000.0,balance.csv,total_assets,quarterly_direct,identity_q1_or_ytd_diff,
601328.XSHG,balance,2024-09-30,2024q3,,2024-10-31,shortterm_loan,0.0,balance.csv,shortterm_loan,quarterly_direct,identity_q1_or_ytd_diff,
601328.XSHG,balance,2024-09-30,2024q3,,2024-10-31,borrowing_from_centralbank,428470000000.0,balance.csv,borrowing_from_centralbank,quarterly_direct,identity_q1_or_ytd_diff,
601328.XSHG,balance,2024-09-30,2024q3,,2024-10-31,deposit_in_interbank,9825230000000.0,balance.csv,deposit_in_interbank,quarterly_direct,identity_q1_or_ytd_diff,
601328.XSHG,balance,2024-09-30,2024q3,,2024-10-31,borrowing_capital,459152000000.0,balance.csv,borrowing_capital,quarterly_direct,identity_q1_or_ytd_diff,
601328.XSHG,balance,2024-09-30,2024q3,,2024-10-31,trading_liability,55456000000.0,balance.csv,trading_liability,quarterly_direct,identity_q1_or_ytd_diff,
601328.XSHG,balance,2024-09-30,2024q3,,2024-10-31,notes_payable,,balance.csv,notes_payable,,identity_q1_or_ytd_diff,missing_raw_value
601328.XSHG,balance,2024-09-30,2024q3,,2024-10-31,accounts_payable,,balance.csv,accounts_payable,,identity_q1_or_ytd_diff,missing_raw_value
601328.XSHG,balance,2024-09-30,2024q3,,2024-10-31,advance_peceipts,,balance.csv,advance_peceipts,,identity_q1_or_ytd_diff,missing_raw_value
601328.XSHG,balance,2024-09-30,2024q3,,2024-10-31,sold_buyback_secu_proceeds,399183000000.0,balance.csv,sold_buyback_secu_proceeds,quarterly_direct,identity_q1_or_ytd_diff,
601328.XSHG,balance,2024-09-30,2024q3,,2024-10-31,commission_payable,,balance.csv,commission_payable,,identity_q1_or_ytd_diff,missing_raw_value
601328.XSHG,balance,2024-09-30,2024q3,,2024-10-31,salaries_payable,9206000000.0,balance.csv,salaries_payable,quarterly_direct,identity_q1_or_ytd_diff,
601328.XSHG,balance,2024-09-30,2024q3,,2024-10-31,taxs_payable,8836000000.0,balance.csv,taxs_payable,quarterly_direct,identity_q1_or_ytd_diff,
601328.XSHG,balance,2024-09-30,2024q3,,2024-10-31,interest_payable,,balance.csv,interest_payable,,identity_q1_or_ytd_diff,missing_raw_value
601328.XSHG,balance,2024-09-30,2024q3,,2024-10-31,other_payable,,balance.csv,other_payable,,identity_q1_or_ytd_diff,missing_raw_value
601328.XSHG,balance,2024-09-30,2024q3,,2024-10-31,insurance_contract_reserves,0.0,balance.csv,insurance_contract_reserves,quarterly_direct,identity_q1_or_ytd_diff,
601328.XSHG,balance,2024-09-30,2024q3,,2024-10-31,proxy_secu_proceeds,,balance.csv,proxy_secu_proceeds,,identity_q1_or_ytd_diff,missing_raw_value
601328.XSHG,balance,2024-09-30,2024q3,,2024-10-31,non_current_liability_in_one_year,,balance.csv,non_current_liability_in_one_year,,identity_q1_or_ytd_diff,missing_raw_value
601328.XSHG,balance,2024-09-30,2024q3,,2024-10-31,other_current_liability,,balance.csv,other_current_liability,,identity_q1_or_ytd_diff,missing_raw_value
601328.XSHG,balance,2024-09-30,2024q3,,2024-10-31,total_current_liability,,balance.csv,total_current_liability,,identity_q1_or_ytd_diff,missing_raw_value
601328.XSHG,balance,2024-09-30,2024q3,,2024-10-31,longterm_loan,,balance.csv,longterm_loan,,identity_q1_or_ytd_diff,missing_raw_value
601328.XSHG,balance,2024-09-30,2024q3,,2024-10-31,bonds_payable,642238000000.0,balance.csv,bonds_payable,quarterly_direct,identity_q1_or_ytd_diff,
601328.XSHG,balance,2024-09-30,2024q3,,2024-10-31,estimate_liability,11580000000.0,balance.csv,estimate_liability,quarterly_direct,identity_q1_or_ytd_diff,
601328.XSHG,balance,2024-09-30,2024q3,,2024-10-31,deferred_tax_liability,2510000000.0,balance.csv,deferred_tax_liability,quarterly_direct,identity_q1_or_ytd_diff,
601328.XSHG,balance,2024-09-30,2024q3,,2024-10-31,other_non_current_liability,,balance.csv,other_non_current_liability,,identity_q1_or_ytd_diff,missing_raw_value
601328.XSHG,balance,2024-09-30,2024q3,,2024-10-31,total_non_current_liability,,balance.csv,total_non_current_liability,,identity_q1_or_ytd_diff,missing_raw_value
601328.XSHG,balance,2024-09-30,2024q3,,2024-10-31,total_liability,13454955000000.0,balance.csv,total_liability,quarterly_direct,identity_q1_or_ytd_diff,
601328.XSHG,balance,2024-09-30,2024q3,,2024-10-31,paidin_capital,74263000000.0,balance.csv,paidin_capital,quarterly_direct,identity_q1_or_ytd_diff,
601328.XSHG,balance,2024-09-30,2024q3,,2024-10-31,capital_reserve_fund,111422000000.0,balance.csv,capital_reserve_fund,quarterly_direct,identity_q1_or_ytd_diff,
601328.XSHG,balance,2024-09-30,2024q3,,2024-10-31,treasury_stock,,balance.csv,treasury_stock,,identity_q1_or_ytd_diff,missing_raw_value
601328.XSHG,balance,2024-09-30,2024q3,,2024-10-31,surplus_reserve_fund,245772000000.0,balance.csv,surplus_reserve_fund,quarterly_direct,identity_q1_or_ytd_diff,
601328.XSHG,balance,2024-09-30,2024q3,,2024-10-31,ordinary_risk_reserve_fund,172522000000.0,balance.csv,ordinary_risk_reserve_fund,quarterly_direct,identity_q1_or_ytd_diff,
601328.XSHG,balance,2024-09-30,2024q3,,2024-10-31,retained_profit,339442000000.0,balance.csv,retained_profit,quarterly_direct,identity_q1_or_ytd_diff,
601328.XSHG,balance,2024-09-30,2024q3,,2024-10-31,equities_parent_company_owners,1127908000000.0,balance.csv,equities_parent_company_owners,quarterly_direct,identity_q1_or_ytd_diff,
601328.XSHG,balance,2024-09-30,2024q3,,2024-10-31,minority_interests,11846000000.0,balance.csv,minority_interests,quarterly_direct,identity_q1_or_ytd_diff,
601328.XSHG,balance,2024-09-30,2024q3,,2024-10-31,total_owner_equities,1139754000000.0,balance.csv,total_owner_equities,quarterly_direct,identity_q1_or_ytd_diff,
601328.XSHG,balance,2024-09-30,2024q3,,2024-10-31,other_comprehensive_income,9691000000.0,balance.csv,other_comprehensive_income,quarterly_direct,identity_q1_or_ytd_diff,
601328.XSHG,balance,2024-09-30,2024q3,,2024-10-31,contract_assets,,balance.csv,contract_assets,,identity_q1_or_ytd_diff,missing_raw_value
601328.XSHG,balance,2024-09-30,2024q3,,2024-10-31,contract_liability,,balance.csv,contract_liability,,identity_q1_or_ytd_diff,missing_raw_value
601328.XSHG,balance,2024-09-30,2024q3,,2024-10-31,usufruct_assets,,balance.csv,usufruct_assets,,identity_q1_or_ytd_diff,missing_raw_value
601328.XSHG,balance,2024-12-31,2024q4,,2025-03-22,cash_equivalents,850549000000.0,balance.csv,cash_equivalents,quarterly_direct,identity_q1_or_ytd_diff,
601328.XSHG,balance,2024-12-31,2024q4,,2025-03-22,settlement_provi,,balance.csv,settlement_provi,,identity_q1_or_ytd_diff,missing_raw_value
601328.XSHG,balance,2024-12-31,2024q4,,2025-03-22,lend_capital,588651000000.0,balance.csv,lend_capital,quarterly_direct,identity_q1_or_ytd_diff,
601328.XSHG,balance,2024-12-31,2024q4,,2025-03-22,trading_assets,656152000000.0,balance.csv,trading_assets,quarterly_direct,identity_q1_or_ytd_diff,
601328.XSHG,balance,2024-12-31,2024q4,,2025-03-22,bill_receivable,,balance.csv,bill_receivable,,identity_q1_or_ytd_diff,missing_raw_value
601328.XSHG,balance,2024-12-31,2024q4,,2025-03-22,account_receivable,,balance.csv,account_receivable,,identity_q1_or_ytd_diff,missing_raw_value
601328.XSHG,balance,2024-12-31,2024q4,,2025-03-22,advance_payment,,balance.csv,advance_payment,,identity_q1_or_ytd_diff,missing_raw_value
601328.XSHG,balance,2024-12-31,2024q4,,2025-03-22,insurance_receivables,,balance.csv,insurance_receivables,,identity_q1_or_ytd_diff,missing_raw_value
601328.XSHG,balance,2024-12-31,2024q4,,2025-03-22,interest_receivable,,balance.csv,interest_receivable,,identity_q1_or_ytd_diff,missing_raw_value
601328.XSHG,balance,2024-12-31,2024q4,,2025-03-22,other_receivable,,balance.csv,other_receivable,,identity_q1_or_ytd_diff,missing_raw_value
601328.XSHG,balance,2024-12-31,2024q4,,2025-03-22,bought_sellback_assets,252196000000.0,balance.csv,bought_sellback_assets,quarterly_direct,identity_q1_or_ytd_diff,
601328.XSHG,balance,2024-12-31,2024q4,,2025-03-22,inventories,,balance.csv,inventories,,identity_q1_or_ytd_diff,missing_raw_value
601328.XSHG,balance,2024-12-31,2024q4,,2025-03-22,other_current_assets,,balance.csv,other_current_assets,,identity_q1_or_ytd_diff,missing_raw_value
601328.XSHG,balance,2024-12-31,2024q4,,2025-03-22,total_current_assets,,balance.csv,total_current_assets,,identity_q1_or_ytd_diff,missing_raw_value
601328.XSHG,balance,2024-12-31,2024q4,,2025-03-22,loan_and_advance,,balance.csv,loan_and_advance,,identity_q1_or_ytd_diff,missing_raw_value
601328.XSHG,balance,2024-12-31,2024q4,,2025-03-22,hold_for_sale_assets,,balance.csv,hold_for_sale_assets,,identity_q1_or_ytd_diff,missing_raw_value
601328.XSHG,balance,2024-12-31,2024q4,,2025-03-22,hold_to_maturity_investments,,balance.csv,hold_to_maturity_investments,,identity_q1_or_ytd_diff,missing_raw_value
601328.XSHG,balance,2024-12-31,2024q4,,2025-03-22,longterm_equity_invest,11601000000.0,balance.csv,longterm_equity_invest,quarterly_direct,identity_q1_or_ytd_diff,
601328.XSHG,balance,2024-12-31,2024q4,,2025-03-22,investment_property,5456000000.0,balance.csv,investment_property,quarterly_direct,identity_q1_or_ytd_diff,
601328.XSHG,balance,2024-12-31,2024q4,,2025-03-22,fixed_assets,237329000000.0,balance.csv,fixed_assets,quarterly_direct,identity_q1_or_ytd_diff,
601328.XSHG,balance,2024-12-31,2024q4,,2025-03-22,constru_in_process,1620000000.0,balance.csv,constru_in_process,quarterly_direct,identity_q1_or_ytd_diff,
601328.XSHG,balance,2024-12-31,2024q4,,2025-03-22,intangible_assets,4841000000.0,balance.csv,intangible_assets,quarterly_direct,identity_q1_or_ytd_diff,
601328.XSHG,balance,2024-12-31,2024q4,,2025-03-22,good_will,,balance.csv,good_will,,identity_q1_or_ytd_diff,missing_raw_value
601328.XSHG,balance,2024-12-31,2024q4,,2025-03-22,long_deferred_expense,,balance.csv,long_deferred_expense,,identity_q1_or_ytd_diff,missing_raw_value
601328.XSHG,balance,2024-12-31,2024q4,,2025-03-22,deferred_tax_assets,42752000000.0,balance.csv,deferred_tax_assets,quarterly_direct,identity_q1_or_ytd_diff,
601328.XSHG,balance,2024-12-31,2024q4,,2025-03-22,other_non_current_assets,,balance.csv,other_non_current_assets,,identity_q1_or_ytd_diff,missing_raw_value
601328.XSHG,balance,2024-12-31,2024q4,,2025-03-22,total_non_current_assets,,balance.csv,total_non_current_assets,,identity_q1_or_ytd_diff,missing_raw_value
601328.XSHG,balance,2024-12-31,2024q4,,2025-03-22,total_assets,14900717000000.0,balance.csv,total_assets,quarterly_direct,identity_q1_or_ytd_diff,
601328.XSHG,balance,2024-12-31,2024q4,,2025-03-22,shortterm_loan,0.0,balance.csv,shortterm_loan,quarterly_direct,identity_q1_or_ytd_diff,
601328.XSHG,balance,2024-12-31,2024q4,,2025-03-22,borrowing_from_centralbank,273280000000.0,balance.csv,borrowing_from_centralbank,quarterly_direct,identity_q1_or_ytd_diff,
601328.XSHG,balance,2024-12-31,2024q4,,2025-03-22,deposit_in_interbank,9873909000000.0,balance.csv,deposit_in_interbank,quarterly_direct,identity_q1_or_ytd_diff,
601328.XSHG,balance,2024-12-31,2024q4,,2025-03-22,borrowing_capital,523687000000.0,balance.csv,borrowing_capital,quarterly_direct,identity_q1_or_ytd_diff,
601328.XSHG,balance,2024-12-31,2024q4,,2025-03-22,trading_liability,50254000000.0,balance.csv,trading_liability,quarterly_direct,identity_q1_or_ytd_diff,
601328.XSHG,balance,2024-12-31,2024q4,,2025-03-22,notes_payable,,balance.csv,notes_payable,,identity_q1_or_ytd_diff,missing_raw_value
601328.XSHG,balance,2024-12-31,2024q4,,2025-03-22,accounts_payable,,balance.csv,accounts_payable,,identity_q1_or_ytd_diff,missing_raw_value
601328.XSHG,balance,2024-12-31,2024q4,,2025-03-22,advance_peceipts,,balance.csv,advance_peceipts,,identity_q1_or_ytd_diff,missing_raw_value
601328.XSHG,balance,2024-12-31,2024q4,,2025-03-22,sold_buyback_secu_proceeds,560910000000.0,balance.csv,sold_buyback_secu_proceeds,quarterly_direct,identity_q1_or_ytd_diff,
601328.XSHG,balance,2024-12-31,2024q4,,2025-03-22,commission_payable,,balance.csv,commission_payable,,identity_q1_or_ytd_diff,missing_raw_value
601328.XSHG,balance,2024-12-31,2024q4,,2025-03-22,salaries_payable,19449000000.0,balance.csv,salaries_payable,quarterly_direct,identity_q1_or_ytd_diff,
601328.XSHG,balance,2024-12-31,2024q4,,2025-03-22,taxs_payable,14585000000.0,balance.csv,taxs_payable,quarterly_direct,identity_q1_or_ytd_diff,
601328.XSHG,balance,2024-12-31,2024q4,,2025-03-22,interest_payable,,balance.csv,interest_payable,,identity_q1_or_ytd_diff,missing_raw_value
601328.XSHG,balance,2024-12-31,2024q4,,2025-03-22,other_payable,,balance.csv,other_payable,,identity_q1_or_ytd_diff,missing_raw_value
601328.XSHG,balance,2024-12-31,2024q4,,2025-03-22,insurance_contract_reserves,0.0,balance.csv,insurance_contract_reserves,quarterly_direct,identity_q1_or_ytd_diff,
601328.XSHG,balance,2024-12-31,2024q4,,2025-03-22,proxy_secu_proceeds,,balance.csv,proxy_secu_proceeds,,identity_q1_or_ytd_diff,missing_raw_value
601328.XSHG,balance,2024-12-31,2024q4,,2025-03-22,non_current_liability_in_one_year,,balance.csv,non_current_liability_in_one_year,,identity_q1_or_ytd_diff,missing_raw_value
601328.XSHG,balance,2024-12-31,2024q4,,2025-03-22,other_current_liability,,balance.csv,other_current_liability,,identity_q1_or_ytd_diff,missing_raw_value
601328.XSHG,balance,2024-12-31,2024q4,,2025-03-22,total_current_liability,,balance.csv,total_current_liability,,identity_q1_or_ytd_diff,missing_raw_value
601328.XSHG,balance,2024-12-31,2024q4,,2025-03-22,longterm_loan,,balance.csv,longterm_loan,,identity_q1_or_ytd_diff,missing_raw_value
601328.XSHG,balance,2024-12-31,2024q4,,2025-03-22,bonds_payable,691248000000.0,balance.csv,bonds_payable,quarterly_direct,identity_q1_or_ytd_diff,
601328.XSHG,balance,2024-12-31,2024q4,,2025-03-22,estimate_liability,10512000000.0,balance.csv,estimate_liability,quarterly_direct,identity_q1_or_ytd_diff,
601328.XSHG,balance,2024-12-31,2024q4,,2025-03-22,deferred_tax_liability,4324000000.0,balance.csv,deferred_tax_liability,quarterly_direct,identity_q1_or_ytd_diff,
601328.XSHG,balance,2024-12-31,2024q4,,2025-03-22,other_non_current_liability,,balance.csv,other_non_current_liability,,identity_q1_or_ytd_diff,missing_raw_value
601328.XSHG,balance,2024-12-31,2024q4,,2025-03-22,total_non_current_liability,,balance.csv,total_non_current_liability,,identity_q1_or_ytd_diff,missing_raw_value
601328.XSHG,balance,2024-12-31,2024q4,,2025-03-22,total_liability,13745120000000.0,balance.csv,total_liability,quarterly_direct,identity_q1_or_ytd_diff,
601328.XSHG,balance,2024-12-31,2024q4,,2025-03-22,paidin_capital,74263000000.0,balance.csv,paidin_capital,quarterly_direct,identity_q1_or_ytd_diff,
601328.XSHG,balance,2024-12-31,2024q4,,2025-03-22,capital_reserve_fund,111420000000.0,balance.csv,capital_reserve_fund,quarterly_direct,identity_q1_or_ytd_diff,
601328.XSHG,balance,2024-12-31,2024q4,,2025-03-22,treasury_stock,,balance.csv,treasury_stock,,identity_q1_or_ytd_diff,missing_raw_value
601328.XSHG,balance,2024-12-31,2024q4,,2025-03-22,surplus_reserve_fund,246559000000.0,balance.csv,surplus_reserve_fund,quarterly_direct,identity_q1_or_ytd_diff,
601328.XSHG,balance,2024-12-31,2024q4,,2025-03-22,ordinary_risk_reserve_fund,173176000000.0,balance.csv,ordinary_risk_reserve_fund,quarterly_direct,identity_q1_or_ytd_diff,
601328.XSHG,balance,2024-12-31,2024q4,,2025-03-22,retained_profit,348265000000.0,balance.csv,retained_profit,quarterly_direct,identity_q1_or_ytd_diff,
601328.XSHG,balance,2024-12-31,2024q4,,2025-03-22,equities_parent_company_owners,1144306000000.0,balance.csv,equities_parent_company_owners,quarterly_direct,identity_q1_or_ytd_diff,
601328.XSHG,balance,2024-12-31,2024q4,,2025-03-22,minority_interests,11291000000.0,balance.csv,minority_interests,quarterly_direct,identity_q1_or_ytd_diff,
601328.XSHG,balance,2024-12-31,2024q4,,2025-03-22,total_owner_equities,1155597000000.0,balance.csv,total_owner_equities,quarterly_direct,identity_q1_or_ytd_diff,
601328.XSHG,balance,2024-12-31,2024q4,,2025-03-22,other_comprehensive_income,15827000000.0,balance.csv,other_comprehensive_income,quarterly_direct,identity_q1_or_ytd_diff,
601328.XSHG,balance,2024-12-31,2024q4,,2025-03-22,contract_assets,,balance.csv,contract_assets,,identity_q1_or_ytd_diff,missing_raw_value
601328.XSHG,balance,2024-12-31,2024q4,,2025-03-22,contract_liability,,balance.csv,contract_liability,,identity_q1_or_ytd_diff,missing_raw_value
601328.XSHG,balance,2024-12-31,2024q4,,2025-03-22,usufruct_assets,,balance.csv,usufruct_assets,,identity_q1_or_ytd_diff,missing_raw_value
601328.XSHG,balance,2025-03-31,2025q1,,2025-04-30,cash_equivalents,918356000000.0,balance.csv,cash_equivalents,quarterly_direct,identity_q1_or_ytd_diff,
601328.XSHG,balance,2025-03-31,2025q1,,2025-04-30,settlement_provi,,balance.csv,settlement_provi,,identity_q1_or_ytd_diff,missing_raw_value
601328.XSHG,balance,2025-03-31,2025q1,,2025-04-30,lend_capital,585549000000.0,balance.csv,lend_capital,quarterly_direct,identity_q1_or_ytd_diff,
601328.XSHG,balance,2025-03-31,2025q1,,2025-04-30,trading_assets,700651000000.0,balance.csv,trading_assets,quarterly_direct,identity_q1_or_ytd_diff,
601328.XSHG,balance,2025-03-31,2025q1,,2025-04-30,bill_receivable,,balance.csv,bill_receivable,,identity_q1_or_ytd_diff,missing_raw_value
601328.XSHG,balance,2025-03-31,2025q1,,2025-04-30,account_receivable,,balance.csv,account_receivable,,identity_q1_or_ytd_diff,missing_raw_value
601328.XSHG,balance,2025-03-31,2025q1,,2025-04-30,advance_payment,,balance.csv,advance_payment,,identity_q1_or_ytd_diff,missing_raw_value
601328.XSHG,balance,2025-03-31,2025q1,,2025-04-30,insurance_receivables,,balance.csv,insurance_receivables,,identity_q1_or_ytd_diff,missing_raw_value
601328.XSHG,balance,2025-03-31,2025q1,,2025-04-30,interest_receivable,,balance.csv,interest_receivable,,identity_q1_or_ytd_diff,missing_raw_value
601328.XSHG,balance,2025-03-31,2025q1,,2025-04-30,other_receivable,,balance.csv,other_receivable,,identity_q1_or_ytd_diff,missing_raw_value
601328.XSHG,balance,2025-03-31,2025q1,,2025-04-30,bought_sellback_assets,117046000000.0,balance.csv,bought_sellback_assets,quarterly_direct,identity_q1_or_ytd_diff,
601328.XSHG,balance,2025-03-31,2025q1,,2025-04-30,inventories,,balance.csv,inventories,,identity_q1_or_ytd_diff,missing_raw_value
601328.XSHG,balance,2025-03-31,2025q1,,2025-04-30,other_current_assets,,balance.csv,other_current_assets,,identity_q1_or_ytd_diff,missing_raw_value
601328.XSHG,balance,2025-03-31,2025q1,,2025-04-30,total_current_assets,,balance.csv,total_current_assets,,identity_q1_or_ytd_diff,missing_raw_value
601328.XSHG,balance,2025-03-31,2025q1,,2025-04-30,loan_and_advance,,balance.csv,loan_and_advance,,identity_q1_or_ytd_diff,missing_raw_value
601328.XSHG,balance,2025-03-31,2025q1,,2025-04-30,hold_for_sale_assets,,balance.csv,hold_for_sale_assets,,identity_q1_or_ytd_diff,missing_raw_value
601328.XSHG,balance,2025-03-31,2025q1,,2025-04-30,hold_to_maturity_investments,,balance.csv,hold_to_maturity_investments,,identity_q1_or_ytd_diff,missing_raw_value
601328.XSHG,balance,2025-03-31,2025q1,,2025-04-30,longterm_equity_invest,11740000000.0,balance.csv,longterm_equity_invest,quarterly_direct,identity_q1_or_ytd_diff,
601328.XSHG,balance,2025-03-31,2025q1,,2025-04-30,investment_property,5432000000.0,balance.csv,investment_property,quarterly_direct,identity_q1_or_ytd_diff,
601328.XSHG,balance,2025-03-31,2025q1,,2025-04-30,fixed_assets,240103000000.0,balance.csv,fixed_assets,quarterly_direct,identity_q1_or_ytd_diff,
601328.XSHG,balance,2025-03-31,2025q1,,2025-04-30,constru_in_process,1711000000.0,balance.csv,constru_in_process,quarterly_direct,identity_q1_or_ytd_diff,
601328.XSHG,balance,2025-03-31,2025q1,,2025-04-30,intangible_assets,4690000000.0,balance.csv,intangible_assets,quarterly_direct,identity_q1_or_ytd_diff,
601328.XSHG,balance,2025-03-31,2025q1,,2025-04-30,good_will,,balance.csv,good_will,,identity_q1_or_ytd_diff,missing_raw_value
601328.XSHG,balance,2025-03-31,2025q1,,2025-04-30,long_deferred_expense,,balance.csv,long_deferred_expense,,identity_q1_or_ytd_diff,missing_raw_value
601328.XSHG,balance,2025-03-31,2025q1,,2025-04-30,deferred_tax_assets,43914000000.0,balance.csv,deferred_tax_assets,quarterly_direct,identity_q1_or_ytd_diff,
601328.XSHG,balance,2025-03-31,2025q1,,2025-04-30,other_non_current_assets,,balance.csv,other_non_current_assets,,identity_q1_or_ytd_diff,missing_raw_value
601328.XSHG,balance,2025-03-31,2025q1,,2025-04-30,total_non_current_assets,,balance.csv,total_non_current_assets,,identity_q1_or_ytd_diff,missing_raw_value
601328.XSHG,balance,2025-03-31,2025q1,,2025-04-30,total_assets,15288895000000.0,balance.csv,total_assets,quarterly_direct,identity_q1_or_ytd_diff,
601328.XSHG,balance,2025-03-31,2025q1,,2025-04-30,shortterm_loan,0.0,balance.csv,shortterm_loan,quarterly_direct,identity_q1_or_ytd_diff,
601328.XSHG,balance,2025-03-31,2025q1,,2025-04-30,borrowing_from_centralbank,195759000000.0,balance.csv,borrowing_from_centralbank,quarterly_direct,identity_q1_or_ytd_diff,
601328.XSHG,balance,2025-03-31,2025q1,,2025-04-30,deposit_in_interbank,10064635000000.0,balance.csv,deposit_in_interbank,quarterly_direct,identity_q1_or_ytd_diff,
601328.XSHG,balance,2025-03-31,2025q1,,2025-04-30,borrowing_capital,510096000000.0,balance.csv,borrowing_capital,quarterly_direct,identity_q1_or_ytd_diff,
601328.XSHG,balance,2025-03-31,2025q1,,2025-04-30,trading_liability,57922000000.0,balance.csv,trading_liability,quarterly_direct,identity_q1_or_ytd_diff,
601328.XSHG,balance,2025-03-31,2025q1,,2025-04-30,notes_payable,,balance.csv,notes_payable,,identity_q1_or_ytd_diff,missing_raw_value
601328.XSHG,balance,2025-03-31,2025q1,,2025-04-30,accounts_payable,,balance.csv,accounts_payable,,identity_q1_or_ytd_diff,missing_raw_value
601328.XSHG,balance,2025-03-31,2025q1,,2025-04-30,advance_peceipts,,balance.csv,advance_peceipts,,identity_q1_or_ytd_diff,missing_raw_value
601328.XSHG,balance,2025-03-31,2025q1,,2025-04-30,sold_buyback_secu_proceeds,713541000000.0,balance.csv,sold_buyback_secu_proceeds,quarterly_direct,identity_q1_or_ytd_diff,
601328.XSHG,balance,2025-03-31,2025q1,,2025-04-30,commission_payable,,balance.csv,commission_payable,,identity_q1_or_ytd_diff,missing_raw_value
601328.XSHG,balance,2025-03-31,2025q1,,2025-04-30,salaries_payable,11591000000.0,balance.csv,salaries_payable,quarterly_direct,identity_q1_or_ytd_diff,
601328.XSHG,balance,2025-03-31,2025q1,,2025-04-30,taxs_payable,17499000000.0,balance.csv,taxs_payable,quarterly_direct,identity_q1_or_ytd_diff,
601328.XSHG,balance,2025-03-31,2025q1,,2025-04-30,interest_payable,,balance.csv,interest_payable,,identity_q1_or_ytd_diff,missing_raw_value
601328.XSHG,balance,2025-03-31,2025q1,,2025-04-30,other_payable,,balance.csv,other_payable,,identity_q1_or_ytd_diff,missing_raw_value
601328.XSHG,balance,2025-03-31,2025q1,,2025-04-30,insurance_contract_reserves,0.0,balance.csv,insurance_contract_reserves,quarterly_direct,identity_q1_or_ytd_diff,
601328.XSHG,balance,2025-03-31,2025q1,,2025-04-30,proxy_secu_proceeds,,balance.csv,proxy_secu_proceeds,,identity_q1_or_ytd_diff,missing_raw_value
601328.XSHG,balance,2025-03-31,2025q1,,2025-04-30,non_current_liability_in_one_year,,balance.csv,non_current_liability_in_one_year,,identity_q1_or_ytd_diff,missing_raw_value
601328.XSHG,balance,2025-03-31,2025q1,,2025-04-30,other_current_liability,,balance.csv,other_current_liability,,identity_q1_or_ytd_diff,missing_raw_value
601328.XSHG,balance,2025-03-31,2025q1,,2025-04-30,total_current_liability,,balance.csv,total_current_liability,,identity_q1_or_ytd_diff,missing_raw_value
601328.XSHG,balance,2025-03-31,2025q1,,2025-04-30,longterm_loan,,balance.csv,longterm_loan,,identity_q1_or_ytd_diff,missing_raw_value
601328.XSHG,balance,2025-03-31,2025q1,,2025-04-30,bonds_payable,682698000000.0,balance.csv,bonds_payable,quarterly_direct,identity_q1_or_ytd_diff,
601328.XSHG,balance,2025-03-31,2025q1,,2025-04-30,estimate_liability,10369000000.0,balance.csv,estimate_liability,quarterly_direct,identity_q1_or_ytd_diff,
601328.XSHG,balance,2025-03-31,2025q1,,2025-04-30,deferred_tax_liability,2772000000.0,balance.csv,deferred_tax_liability,quarterly_direct,identity_q1_or_ytd_diff,
601328.XSHG,balance,2025-03-31,2025q1,,2025-04-30,other_non_current_liability,,balance.csv,other_non_current_liability,,identity_q1_or_ytd_diff,missing_raw_value
601328.XSHG,balance,2025-03-31,2025q1,,2025-04-30,total_non_current_liability,,balance.csv,total_non_current_liability,,identity_q1_or_ytd_diff,missing_raw_value
601328.XSHG,balance,2025-03-31,2025q1,,2025-04-30,total_liability,14112326000000.0,balance.csv,total_liability,quarterly_direct,identity_q1_or_ytd_diff,
601328.XSHG,balance,2025-03-31,2025q1,,2025-04-30,paidin_capital,74263000000.0,balance.csv,paidin_capital,quarterly_direct,identity_q1_or_ytd_diff,
601328.XSHG,balance,2025-03-31,2025q1,,2025-04-30,capital_reserve_fund,111422000000.0,balance.csv,capital_reserve_fund,quarterly_direct,identity_q1_or_ytd_diff,
601328.XSHG,balance,2025-03-31,2025q1,,2025-04-30,treasury_stock,,balance.csv,treasury_stock,,identity_q1_or_ytd_diff,missing_raw_value
601328.XSHG,balance,2025-03-31,2025q1,,2025-04-30,surplus_reserve_fund,246616000000.0,balance.csv,surplus_reserve_fund,quarterly_direct,identity_q1_or_ytd_diff,
601328.XSHG,balance,2025-03-31,2025q1,,2025-04-30,ordinary_risk_reserve_fund,173327000000.0,balance.csv,ordinary_risk_reserve_fund,quarterly_direct,identity_q1_or_ytd_diff,
601328.XSHG,balance,2025-03-31,2025q1,,2025-04-30,retained_profit,373411000000.0,balance.csv,retained_profit,quarterly_direct,identity_q1_or_ytd_diff,
601328.XSHG,balance,2025-03-31,2025q1,,2025-04-30,equities_parent_company_owners,1165925000000.0,balance.csv,equities_parent_company_owners,quarterly_direct,identity_q1_or_ytd_diff,
601328.XSHG,balance,2025-03-31,2025q1,,2025-04-30,minority_interests,10644000000.0,balance.csv,minority_interests,quarterly_direct,identity_q1_or_ytd_diff,
601328.XSHG,balance,2025-03-31,2025q1,,2025-04-30,total_owner_equities,1176569000000.0,balance.csv,total_owner_equities,quarterly_direct,identity_q1_or_ytd_diff,
601328.XSHG,balance,2025-03-31,2025q1,,2025-04-30,other_comprehensive_income,12090000000.0,balance.csv,other_comprehensive_income,quarterly_direct,identity_q1_or_ytd_diff,
601328.XSHG,balance,2025-03-31,2025q1,,2025-04-30,contract_assets,,balance.csv,contract_assets,,identity_q1_or_ytd_diff,missing_raw_value
601328.XSHG,balance,2025-03-31,2025q1,,2025-04-30,contract_liability,,balance.csv,contract_liability,,identity_q1_or_ytd_diff,missing_raw_value
601328.XSHG,balance,2025-03-31,2025q1,,2025-04-30,usufruct_assets,,balance.csv,usufruct_assets,,identity_q1_or_ytd_diff,missing_raw_value
601328.XSHG,balance,2025-06-30,2025q2,,2025-08-30,cash_equivalents,890334000000.0,balance.csv,cash_equivalents,quarterly_direct,identity_q1_or_ytd_diff,
601328.XSHG,balance,2025-06-30,2025q2,,2025-08-30,settlement_provi,,balance.csv,settlement_provi,,identity_q1_or_ytd_diff,missing_raw_value
601328.XSHG,balance,2025-06-30,2025q2,,2025-08-30,lend_capital,621489000000.0,balance.csv,lend_capital,quarterly_direct,identity_q1_or_ytd_diff,
601328.XSHG,balance,2025-06-30,2025q2,,2025-08-30,trading_assets,602018000000.0,balance.csv,trading_assets,quarterly_direct,identity_q1_or_ytd_diff,
601328.XSHG,balance,2025-06-30,2025q2,,2025-08-30,bill_receivable,,balance.csv,bill_receivable,,identity_q1_or_ytd_diff,missing_raw_value
601328.XSHG,balance,2025-06-30,2025q2,,2025-08-30,account_receivable,,balance.csv,account_receivable,,identity_q1_or_ytd_diff,missing_raw_value
601328.XSHG,balance,2025-06-30,2025q2,,2025-08-30,advance_payment,,balance.csv,advance_payment,,identity_q1_or_ytd_diff,missing_raw_value
601328.XSHG,balance,2025-06-30,2025q2,,2025-08-30,insurance_receivables,,balance.csv,insurance_receivables,,identity_q1_or_ytd_diff,missing_raw_value
601328.XSHG,balance,2025-06-30,2025q2,,2025-08-30,interest_receivable,,balance.csv,interest_receivable,,identity_q1_or_ytd_diff,missing_raw_value
601328.XSHG,balance,2025-06-30,2025q2,,2025-08-30,other_receivable,,balance.csv,other_receivable,,identity_q1_or_ytd_diff,missing_raw_value
601328.XSHG,balance,2025-06-30,2025q2,,2025-08-30,bought_sellback_assets,210882000000.0,balance.csv,bought_sellback_assets,quarterly_direct,identity_q1_or_ytd_diff,
601328.XSHG,balance,2025-06-30,2025q2,,2025-08-30,inventories,,balance.csv,inventories,,identity_q1_or_ytd_diff,missing_raw_value
601328.XSHG,balance,2025-06-30,2025q2,,2025-08-30,other_current_assets,,balance.csv,other_current_assets,,identity_q1_or_ytd_diff,missing_raw_value
601328.XSHG,balance,2025-06-30,2025q2,,2025-08-30,total_current_assets,,balance.csv,total_current_assets,,identity_q1_or_ytd_diff,missing_raw_value
601328.XSHG,balance,2025-06-30,2025q2,,2025-08-30,loan_and_advance,,balance.csv,loan_and_advance,,identity_q1_or_ytd_diff,missing_raw_value
601328.XSHG,balance,2025-06-30,2025q2,,2025-08-30,hold_for_sale_assets,,balance.csv,hold_for_sale_assets,,identity_q1_or_ytd_diff,missing_raw_value
601328.XSHG,balance,2025-06-30,2025q2,,2025-08-30,hold_to_maturity_investments,,balance.csv,hold_to_maturity_investments,,identity_q1_or_ytd_diff,missing_raw_value
601328.XSHG,balance,2025-06-30,2025q2,,2025-08-30,longterm_equity_invest,13788000000.0,balance.csv,longterm_equity_invest,quarterly_direct,identity_q1_or_ytd_diff,
601328.XSHG,balance,2025-06-30,2025q2,,2025-08-30,investment_property,5440000000.0,balance.csv,investment_property,quarterly_direct,identity_q1_or_ytd_diff,
601328.XSHG,balance,2025-06-30,2025q2,,2025-08-30,fixed_assets,242824000000.0,balance.csv,fixed_assets,quarterly_direct,identity_q1_or_ytd_diff,
601328.XSHG,balance,2025-06-30,2025q2,,2025-08-30,constru_in_process,1957000000.0,balance.csv,constru_in_process,quarterly_direct,identity_q1_or_ytd_diff,
601328.XSHG,balance,2025-06-30,2025q2,,2025-08-30,intangible_assets,4630000000.0,balance.csv,intangible_assets,quarterly_direct,identity_q1_or_ytd_diff,
601328.XSHG,balance,2025-06-30,2025q2,,2025-08-30,good_will,,balance.csv,good_will,,identity_q1_or_ytd_diff,missing_raw_value
601328.XSHG,balance,2025-06-30,2025q2,,2025-08-30,long_deferred_expense,,balance.csv,long_deferred_expense,,identity_q1_or_ytd_diff,missing_raw_value
601328.XSHG,balance,2025-06-30,2025q2,,2025-08-30,deferred_tax_assets,44162000000.0,balance.csv,deferred_tax_assets,quarterly_direct,identity_q1_or_ytd_diff,
601328.XSHG,balance,2025-06-30,2025q2,,2025-08-30,other_non_current_assets,,balance.csv,other_non_current_assets,,identity_q1_or_ytd_diff,missing_raw_value
601328.XSHG,balance,2025-06-30,2025q2,,2025-08-30,total_non_current_assets,,balance.csv,total_non_current_assets,,identity_q1_or_ytd_diff,missing_raw_value
601328.XSHG,balance,2025-06-30,2025q2,,2025-08-30,total_assets,15435405000000.0,balance.csv,total_assets,quarterly_direct,identity_q1_or_ytd_diff,
601328.XSHG,balance,2025-06-30,2025q2,,2025-08-30,shortterm_loan,0.0,balance.csv,shortterm_loan,quarterly_direct,identity_q1_or_ytd_diff,
601328.XSHG,balance,2025-06-30,2025q2,,2025-08-30,borrowing_from_centralbank,244697000000.0,balance.csv,borrowing_from_centralbank,quarterly_direct,identity_q1_or_ytd_diff,
601328.XSHG,balance,2025-06-30,2025q2,,2025-08-30,deposit_in_interbank,10228443000000.0,balance.csv,deposit_in_interbank,quarterly_direct,identity_q1_or_ytd_diff,
601328.XSHG,balance,2025-06-30,2025q2,,2025-08-30,borrowing_capital,483018000000.0,balance.csv,borrowing_capital,quarterly_direct,identity_q1_or_ytd_diff,
601328.XSHG,balance,2025-06-30,2025q2,,2025-08-30,trading_liability,57262000000.0,balance.csv,trading_liability,quarterly_direct,identity_q1_or_ytd_diff,
601328.XSHG,balance,2025-06-30,2025q2,,2025-08-30,notes_payable,,balance.csv,notes_payable,,identity_q1_or_ytd_diff,missing_raw_value
601328.XSHG,balance,2025-06-30,2025q2,,2025-08-30,accounts_payable,,balance.csv,accounts_payable,,identity_q1_or_ytd_diff,missing_raw_value
601328.XSHG,balance,2025-06-30,2025q2,,2025-08-30,advance_peceipts,,balance.csv,advance_peceipts,,identity_q1_or_ytd_diff,missing_raw_value
601328.XSHG,balance,2025-06-30,2025q2,,2025-08-30,sold_buyback_secu_proceeds,539874000000.0,balance.csv,sold_buyback_secu_proceeds,quarterly_direct,identity_q1_or_ytd_diff,
601328.XSHG,balance,2025-06-30,2025q2,,2025-08-30,commission_payable,,balance.csv,commission_payable,,identity_q1_or_ytd_diff,missing_raw_value
601328.XSHG,balance,2025-06-30,2025q2,,2025-08-30,salaries_payable,10157000000.0,balance.csv,salaries_payable,quarterly_direct,identity_q1_or_ytd_diff,
601328.XSHG,balance,2025-06-30,2025q2,,2025-08-30,taxs_payable,11803000000.0,balance.csv,taxs_payable,quarterly_direct,identity_q1_or_ytd_diff,
601328.XSHG,balance,2025-06-30,2025q2,,2025-08-30,interest_payable,,balance.csv,interest_payable,,identity_q1_or_ytd_diff,missing_raw_value
601328.XSHG,balance,2025-06-30,2025q2,,2025-08-30,other_payable,,balance.csv,other_payable,,identity_q1_or_ytd_diff,missing_raw_value
601328.XSHG,balance,2025-06-30,2025q2,,2025-08-30,insurance_contract_reserves,0.0,balance.csv,insurance_contract_reserves,quarterly_direct,identity_q1_or_ytd_diff,
601328.XSHG,balance,2025-06-30,2025q2,,2025-08-30,proxy_secu_proceeds,,balance.csv,proxy_secu_proceeds,,identity_q1_or_ytd_diff,missing_raw_value
601328.XSHG,balance,2025-06-30,2025q2,,2025-08-30,non_current_liability_in_one_year,,balance.csv,non_current_liability_in_one_year,,identity_q1_or_ytd_diff,missing_raw_value
601328.XSHG,balance,2025-06-30,2025q2,,2025-08-30,other_current_liability,,balance.csv,other_current_liability,,identity_q1_or_ytd_diff,missing_raw_value
601328.XSHG,balance,2025-06-30,2025q2,,2025-08-30,total_current_liability,,balance.csv,total_current_liability,,identity_q1_or_ytd_diff,missing_raw_value
601328.XSHG,balance,2025-06-30,2025q2,,2025-08-30,longterm_loan,,balance.csv,longterm_loan,,identity_q1_or_ytd_diff,missing_raw_value
601328.XSHG,balance,2025-06-30,2025q2,,2025-08-30,bonds_payable,711828000000.0,balance.csv,bonds_payable,quarterly_direct,identity_q1_or_ytd_diff,
601328.XSHG,balance,2025-06-30,2025q2,,2025-08-30,estimate_liability,10229000000.0,balance.csv,estimate_liability,quarterly_direct,identity_q1_or_ytd_diff,
601328.XSHG,balance,2025-06-30,2025q2,,2025-08-30,deferred_tax_liability,3150000000.0,balance.csv,deferred_tax_liability,quarterly_direct,identity_q1_or_ytd_diff,
601328.XSHG,balance,2025-06-30,2025q2,,2025-08-30,other_non_current_liability,,balance.csv,other_non_current_liability,,identity_q1_or_ytd_diff,missing_raw_value
601328.XSHG,balance,2025-06-30,2025q2,,2025-08-30,total_non_current_liability,,balance.csv,total_non_current_liability,,identity_q1_or_ytd_diff,missing_raw_value
601328.XSHG,balance,2025-06-30,2025q2,,2025-08-30,total_liability,14130635000000.0,balance.csv,total_liability,quarterly_direct,identity_q1_or_ytd_diff,
601328.XSHG,balance,2025-06-30,2025q2,,2025-08-30,paidin_capital,88364000000.0,balance.csv,paidin_capital,quarterly_direct,identity_q1_or_ytd_diff,
601328.XSHG,balance,2025-06-30,2025q2,,2025-08-30,capital_reserve_fund,217261000000.0,balance.csv,capital_reserve_fund,quarterly_direct,identity_q1_or_ytd_diff,
601328.XSHG,balance,2025-06-30,2025q2,,2025-08-30,treasury_stock,,balance.csv,treasury_stock,,identity_q1_or_ytd_diff,missing_raw_value
601328.XSHG,balance,2025-06-30,2025q2,,2025-08-30,surplus_reserve_fund,254568000000.0,balance.csv,surplus_reserve_fund,quarterly_direct,identity_q1_or_ytd_diff,
601328.XSHG,balance,2025-06-30,2025q2,,2025-08-30,ordinary_risk_reserve_fund,187193000000.0,balance.csv,ordinary_risk_reserve_fund,quarterly_direct,identity_q1_or_ytd_diff,
601328.XSHG,balance,2025-06-30,2025q2,,2025-08-30,retained_profit,355968000000.0,balance.csv,retained_profit,quarterly_direct,identity_q1_or_ytd_diff,
601328.XSHG,balance,2025-06-30,2025q2,,2025-08-30,equities_parent_company_owners,1293989000000.0,balance.csv,equities_parent_company_owners,quarterly_direct,identity_q1_or_ytd_diff,
601328.XSHG,balance,2025-06-30,2025q2,,2025-08-30,minority_interests,10781000000.0,balance.csv,minority_interests,quarterly_direct,identity_q1_or_ytd_diff,
601328.XSHG,balance,2025-06-30,2025q2,,2025-08-30,total_owner_equities,1304770000000.0,balance.csv,total_owner_equities,quarterly_direct,identity_q1_or_ytd_diff,
601328.XSHG,balance,2025-06-30,2025q2,,2025-08-30,other_comprehensive_income,15839000000.0,balance.csv,other_comprehensive_income,quarterly_direct,identity_q1_or_ytd_diff,
601328.XSHG,balance,2025-06-30,2025q2,,2025-08-30,contract_assets,,balance.csv,contract_assets,,identity_q1_or_ytd_diff,missing_raw_value
601328.XSHG,balance,2025-06-30,2025q2,,2025-08-30,contract_liability,,balance.csv,contract_liability,,identity_q1_or_ytd_diff,missing_raw_value
601328.XSHG,balance,2025-06-30,2025q2,,2025-08-30,usufruct_assets,,balance.csv,usufruct_assets,,identity_q1_or_ytd_diff,missing_raw_value
601328.XSHG,balance,2025-09-30,2025q3,,2025-10-31,cash_equivalents,857988000000.0,balance.csv,cash_equivalents,quarterly_direct,identity_q1_or_ytd_diff,
601328.XSHG,balance,2025-09-30,2025q3,,2025-10-31,settlement_provi,,balance.csv,settlement_provi,,identity_q1_or_ytd_diff,missing_raw_value
601328.XSHG,balance,2025-09-30,2025q3,,2025-10-31,lend_capital,610991000000.0,balance.csv,lend_capital,quarterly_direct,identity_q1_or_ytd_diff,
601328.XSHG,balance,2025-09-30,2025q3,,2025-10-31,trading_assets,656325000000.0,balance.csv,trading_assets,quarterly_direct,identity_q1_or_ytd_diff,
601328.XSHG,balance,2025-09-30,2025q3,,2025-10-31,bill_receivable,,balance.csv,bill_receivable,,identity_q1_or_ytd_diff,missing_raw_value
601328.XSHG,balance,2025-09-30,2025q3,,2025-10-31,account_receivable,,balance.csv,account_receivable,,identity_q1_or_ytd_diff,missing_raw_value
601328.XSHG,balance,2025-09-30,2025q3,,2025-10-31,advance_payment,,balance.csv,advance_payment,,identity_q1_or_ytd_diff,missing_raw_value
601328.XSHG,balance,2025-09-30,2025q3,,2025-10-31,insurance_receivables,,balance.csv,insurance_receivables,,identity_q1_or_ytd_diff,missing_raw_value
601328.XSHG,balance,2025-09-30,2025q3,,2025-10-31,interest_receivable,,balance.csv,interest_receivable,,identity_q1_or_ytd_diff,missing_raw_value
601328.XSHG,balance,2025-09-30,2025q3,,2025-10-31,other_receivable,,balance.csv,other_receivable,,identity_q1_or_ytd_diff,missing_raw_value
601328.XSHG,balance,2025-09-30,2025q3,,2025-10-31,bought_sellback_assets,120055000000.0,balance.csv,bought_sellback_assets,quarterly_direct,identity_q1_or_ytd_diff,
601328.XSHG,balance,2025-09-30,2025q3,,2025-10-31,inventories,,balance.csv,inventories,,identity_q1_or_ytd_diff,missing_raw_value
601328.XSHG,balance,2025-09-30,2025q3,,2025-10-31,other_current_assets,,balance.csv,other_current_assets,,identity_q1_or_ytd_diff,missing_raw_value
601328.XSHG,balance,2025-09-30,2025q3,,2025-10-31,total_current_assets,,balance.csv,total_current_assets,,identity_q1_or_ytd_diff,missing_raw_value
601328.XSHG,balance,2025-09-30,2025q3,,2025-10-31,loan_and_advance,,balance.csv,loan_and_advance,,identity_q1_or_ytd_diff,missing_raw_value
601328.XSHG,balance,2025-09-30,2025q3,,2025-10-31,hold_for_sale_assets,,balance.csv,hold_for_sale_assets,,identity_q1_or_ytd_diff,missing_raw_value
601328.XSHG,balance,2025-09-30,2025q3,,2025-10-31,hold_to_maturity_investments,,balance.csv,hold_to_maturity_investments,,identity_q1_or_ytd_diff,missing_raw_value
601328.XSHG,balance,2025-09-30,2025q3,,2025-10-31,longterm_equity_invest,14978000000.0,balance.csv,longterm_equity_invest,quarterly_direct,identity_q1_or_ytd_diff,
601328.XSHG,balance,2025-09-30,2025q3,,2025-10-31,investment_property,5274000000.0,balance.csv,investment_property,quarterly_direct,identity_q1_or_ytd_diff,
601328.XSHG,balance,2025-09-30,2025q3,,2025-10-31,fixed_assets,241349000000.0,balance.csv,fixed_assets,quarterly_direct,identity_q1_or_ytd_diff,
601328.XSHG,balance,2025-09-30,2025q3,,2025-10-31,constru_in_process,2631000000.0,balance.csv,constru_in_process,quarterly_direct,identity_q1_or_ytd_diff,
601328.XSHG,balance,2025-09-30,2025q3,,2025-10-31,intangible_assets,4548000000.0,balance.csv,intangible_assets,quarterly_direct,identity_q1_or_ytd_diff,
601328.XSHG,balance,2025-09-30,2025q3,,2025-10-31,good_will,,balance.csv,good_will,,identity_q1_or_ytd_diff,missing_raw_value
601328.XSHG,balance,2025-09-30,2025q3,,2025-10-31,long_deferred_expense,,balance.csv,long_deferred_expense,,identity_q1_or_ytd_diff,missing_raw_value
601328.XSHG,balance,2025-09-30,2025q3,,2025-10-31,deferred_tax_assets,42429000000.0,balance.csv,deferred_tax_assets,quarterly_direct,identity_q1_or_ytd_diff,
601328.XSHG,balance,2025-09-30,2025q3,,2025-10-31,other_non_current_assets,,balance.csv,other_non_current_assets,,identity_q1_or_ytd_diff,missing_raw_value
601328.XSHG,balance,2025-09-30,2025q3,,2025-10-31,total_non_current_assets,,balance.csv,total_non_current_assets,,identity_q1_or_ytd_diff,missing_raw_value
601328.XSHG,balance,2025-09-30,2025q3,,2025-10-31,total_assets,15499783000000.0,balance.csv,total_assets,quarterly_direct,identity_q1_or_ytd_diff,
601328.XSHG,balance,2025-09-30,2025q3,,2025-10-31,shortterm_loan,0.0,balance.csv,shortterm_loan,quarterly_direct,identity_q1_or_ytd_diff,
601328.XSHG,balance,2025-09-30,2025q3,,2025-10-31,borrowing_from_centralbank,262179000000.0,balance.csv,borrowing_from_centralbank,quarterly_direct,identity_q1_or_ytd_diff,
601328.XSHG,balance,2025-09-30,2025q3,,2025-10-31,deposit_in_interbank,10449045000000.0,balance.csv,deposit_in_interbank,quarterly_direct,identity_q1_or_ytd_diff,
601328.XSHG,balance,2025-09-30,2025q3,,2025-10-31,borrowing_capital,509653000000.0,balance.csv,borrowing_capital,quarterly_direct,identity_q1_or_ytd_diff,
601328.XSHG,balance,2025-09-30,2025q3,,2025-10-31,trading_liability,45482000000.0,balance.csv,trading_liability,quarterly_direct,identity_q1_or_ytd_diff,
601328.XSHG,balance,2025-09-30,2025q3,,2025-10-31,notes_payable,,balance.csv,notes_payable,,identity_q1_or_ytd_diff,missing_raw_value
601328.XSHG,balance,2025-09-30,2025q3,,2025-10-31,accounts_payable,,balance.csv,accounts_payable,,identity_q1_or_ytd_diff,missing_raw_value
601328.XSHG,balance,2025-09-30,2025q3,,2025-10-31,advance_peceipts,,balance.csv,advance_peceipts,,identity_q1_or_ytd_diff,missing_raw_value
601328.XSHG,balance,2025-09-30,2025q3,,2025-10-31,sold_buyback_secu_proceeds,467129000000.0,balance.csv,sold_buyback_secu_proceeds,quarterly_direct,identity_q1_or_ytd_diff,
601328.XSHG,balance,2025-09-30,2025q3,,2025-10-31,commission_payable,,balance.csv,commission_payable,,identity_q1_or_ytd_diff,missing_raw_value
601328.XSHG,balance,2025-09-30,2025q3,,2025-10-31,salaries_payable,9956000000.0,balance.csv,salaries_payable,quarterly_direct,identity_q1_or_ytd_diff,
601328.XSHG,balance,2025-09-30,2025q3,,2025-10-31,taxs_payable,11387000000.0,balance.csv,taxs_payable,quarterly_direct,identity_q1_or_ytd_diff,
601328.XSHG,balance,2025-09-30,2025q3,,2025-10-31,interest_payable,,balance.csv,interest_payable,,identity_q1_or_ytd_diff,missing_raw_value
601328.XSHG,balance,2025-09-30,2025q3,,2025-10-31,other_payable,,balance.csv,other_payable,,identity_q1_or_ytd_diff,missing_raw_value
601328.XSHG,balance,2025-09-30,2025q3,,2025-10-31,insurance_contract_reserves,0.0,balance.csv,insurance_contract_reserves,quarterly_direct,identity_q1_or_ytd_diff,
601328.XSHG,balance,2025-09-30,2025q3,,2025-10-31,proxy_secu_proceeds,,balance.csv,proxy_secu_proceeds,,identity_q1_or_ytd_diff,missing_raw_value
601328.XSHG,balance,2025-09-30,2025q3,,2025-10-31,non_current_liability_in_one_year,,balance.csv,non_current_liability_in_one_year,,identity_q1_or_ytd_diff,missing_raw_value
601328.XSHG,balance,2025-09-30,2025q3,,2025-10-31,other_current_liability,,balance.csv,other_current_liability,,identity_q1_or_ytd_diff,missing_raw_value
601328.XSHG,balance,2025-09-30,2025q3,,2025-10-31,total_current_liability,,balance.csv,total_current_liability,,identity_q1_or_ytd_diff,missing_raw_value
601328.XSHG,balance,2025-09-30,2025q3,,2025-10-31,longterm_loan,,balance.csv,longterm_loan,,identity_q1_or_ytd_diff,missing_raw_value
601328.XSHG,balance,2025-09-30,2025q3,,2025-10-31,bonds_payable,705951000000.0,balance.csv,bonds_payable,quarterly_direct,identity_q1_or_ytd_diff,
601328.XSHG,balance,2025-09-30,2025q3,,2025-10-31,estimate_liability,10135000000.0,balance.csv,estimate_liability,quarterly_direct,identity_q1_or_ytd_diff,
601328.XSHG,balance,2025-09-30,2025q3,,2025-10-31,deferred_tax_liability,3622000000.0,balance.csv,deferred_tax_liability,quarterly_direct,identity_q1_or_ytd_diff,
601328.XSHG,balance,2025-09-30,2025q3,,2025-10-31,other_non_current_liability,,balance.csv,other_non_current_liability,,identity_q1_or_ytd_diff,missing_raw_value
601328.XSHG,balance,2025-09-30,2025q3,,2025-10-31,total_non_current_liability,,balance.csv,total_non_current_liability,,identity_q1_or_ytd_diff,missing_raw_value
601328.XSHG,balance,2025-09-30,2025q3,,2025-10-31,total_liability,14208315000000.0,balance.csv,total_liability,quarterly_direct,identity_q1_or_ytd_diff,
601328.XSHG,balance,2025-09-30,2025q3,,2025-10-31,paidin_capital,88364000000.0,balance.csv,paidin_capital,quarterly_direct,identity_q1_or_ytd_diff,
601328.XSHG,balance,2025-09-30,2025q3,,2025-10-31,capital_reserve_fund,217253000000.0,balance.csv,capital_reserve_fund,quarterly_direct,identity_q1_or_ytd_diff,
601328.XSHG,balance,2025-09-30,2025q3,,2025-10-31,treasury_stock,,balance.csv,treasury_stock,,identity_q1_or_ytd_diff,missing_raw_value
601328.XSHG,balance,2025-09-30,2025q3,,2025-10-31,surplus_reserve_fund,254568000000.0,balance.csv,surplus_reserve_fund,quarterly_direct,identity_q1_or_ytd_diff,
601328.XSHG,balance,2025-09-30,2025q3,,2025-10-31,ordinary_risk_reserve_fund,187291000000.0,balance.csv,ordinary_risk_reserve_fund,quarterly_direct,identity_q1_or_ytd_diff,
601328.XSHG,balance,2025-09-30,2025q3,,2025-10-31,retained_profit,375861000000.0,balance.csv,retained_profit,quarterly_direct,identity_q1_or_ytd_diff,
601328.XSHG,balance,2025-09-30,2025q3,,2025-10-31,equities_parent_company_owners,1280369000000.0,balance.csv,equities_parent_company_owners,quarterly_direct,identity_q1_or_ytd_diff,
601328.XSHG,balance,2025-09-30,2025q3,,2025-10-31,minority_interests,11099000000.0,balance.csv,minority_interests,quarterly_direct,identity_q1_or_ytd_diff,
601328.XSHG,balance,2025-09-30,2025q3,,2025-10-31,total_owner_equities,1291468000000.0,balance.csv,total_owner_equities,quarterly_direct,identity_q1_or_ytd_diff,
601328.XSHG,balance,2025-09-30,2025q3,,2025-10-31,other_comprehensive_income,12235000000.0,balance.csv,other_comprehensive_income,quarterly_direct,identity_q1_or_ytd_diff,
601328.XSHG,balance,2025-09-30,2025q3,,2025-10-31,contract_assets,,balance.csv,contract_assets,,identity_q1_or_ytd_diff,missing_raw_value
601328.XSHG,balance,2025-09-30,2025q3,,2025-10-31,contract_liability,,balance.csv,contract_liability,,identity_q1_or_ytd_diff,missing_raw_value
601328.XSHG,balance,2025-09-30,2025q3,,2025-10-31,usufruct_assets,,balance.csv,usufruct_assets,,identity_q1_or_ytd_diff,missing_raw_value
601328.XSHG,balance,2025-12-31,2025q4,,2026-03-28,cash_equivalents,811857000000.0,balance.csv,cash_equivalents,quarterly_direct,identity_q1_or_ytd_diff,
601328.XSHG,balance,2025-12-31,2025q4,,2026-03-28,settlement_provi,,balance.csv,settlement_provi,,identity_q1_or_ytd_diff,missing_raw_value
601328.XSHG,balance,2025-12-31,2025q4,,2026-03-28,lend_capital,646266000000.0,balance.csv,lend_capital,quarterly_direct,identity_q1_or_ytd_diff,
601328.XSHG,balance,2025-12-31,2025q4,,2026-03-28,trading_assets,600609000000.0,balance.csv,trading_assets,quarterly_direct,identity_q1_or_ytd_diff,
601328.XSHG,balance,2025-12-31,2025q4,,2026-03-28,bill_receivable,,balance.csv,bill_receivable,,identity_q1_or_ytd_diff,missing_raw_value
601328.XSHG,balance,2025-12-31,2025q4,,2026-03-28,account_receivable,,balance.csv,account_receivable,,identity_q1_or_ytd_diff,missing_raw_value
601328.XSHG,balance,2025-12-31,2025q4,,2026-03-28,advance_payment,,balance.csv,advance_payment,,identity_q1_or_ytd_diff,missing_raw_value
601328.XSHG,balance,2025-12-31,2025q4,,2026-03-28,insurance_receivables,,balance.csv,insurance_receivables,,identity_q1_or_ytd_diff,missing_raw_value
601328.XSHG,balance,2025-12-31,2025q4,,2026-03-28,interest_receivable,,balance.csv,interest_receivable,,identity_q1_or_ytd_diff,missing_raw_value
601328.XSHG,balance,2025-12-31,2025q4,,2026-03-28,other_receivable,,balance.csv,other_receivable,,identity_q1_or_ytd_diff,missing_raw_value
601328.XSHG,balance,2025-12-31,2025q4,,2026-03-28,bought_sellback_assets,125008000000.0,balance.csv,bought_sellback_assets,quarterly_direct,identity_q1_or_ytd_diff,
601328.XSHG,balance,2025-12-31,2025q4,,2026-03-28,inventories,,balance.csv,inventories,,identity_q1_or_ytd_diff,missing_raw_value
601328.XSHG,balance,2025-12-31,2025q4,,2026-03-28,other_current_assets,,balance.csv,other_current_assets,,identity_q1_or_ytd_diff,missing_raw_value
601328.XSHG,balance,2025-12-31,2025q4,,2026-03-28,total_current_assets,,balance.csv,total_current_assets,,identity_q1_or_ytd_diff,missing_raw_value
601328.XSHG,balance,2025-12-31,2025q4,,2026-03-28,loan_and_advance,,balance.csv,loan_and_advance,,identity_q1_or_ytd_diff,missing_raw_value
601328.XSHG,balance,2025-12-31,2025q4,,2026-03-28,hold_for_sale_assets,,balance.csv,hold_for_sale_assets,,identity_q1_or_ytd_diff,missing_raw_value
601328.XSHG,balance,2025-12-31,2025q4,,2026-03-28,hold_to_maturity_investments,,balance.csv,hold_to_maturity_investments,,identity_q1_or_ytd_diff,missing_raw_value
601328.XSHG,balance,2025-12-31,2025q4,,2026-03-28,longterm_equity_invest,16897000000.0,balance.csv,longterm_equity_invest,quarterly_direct,identity_q1_or_ytd_diff,
601328.XSHG,balance,2025-12-31,2025q4,,2026-03-28,investment_property,6214000000.0,balance.csv,investment_property,quarterly_direct,identity_q1_or_ytd_diff,
601328.XSHG,balance,2025-12-31,2025q4,,2026-03-28,fixed_assets,244713000000.0,balance.csv,fixed_assets,quarterly_direct,identity_q1_or_ytd_diff,
601328.XSHG,balance,2025-12-31,2025q4,,2026-03-28,constru_in_process,2213000000.0,balance.csv,constru_in_process,quarterly_direct,identity_q1_or_ytd_diff,
601328.XSHG,balance,2025-12-31,2025q4,,2026-03-28,intangible_assets,4820000000.0,balance.csv,intangible_assets,quarterly_direct,identity_q1_or_ytd_diff,
601328.XSHG,balance,2025-12-31,2025q4,,2026-03-28,good_will,,balance.csv,good_will,,identity_q1_or_ytd_diff,missing_raw_value
601328.XSHG,balance,2025-12-31,2025q4,,2026-03-28,long_deferred_expense,,balance.csv,long_deferred_expense,,identity_q1_or_ytd_diff,missing_raw_value
601328.XSHG,balance,2025-12-31,2025q4,,2026-03-28,deferred_tax_assets,42198000000.0,balance.csv,deferred_tax_assets,quarterly_direct,identity_q1_or_ytd_diff,
601328.XSHG,balance,2025-12-31,2025q4,,2026-03-28,other_non_current_assets,,balance.csv,other_non_current_assets,,identity_q1_or_ytd_diff,missing_raw_value
601328.XSHG,balance,2025-12-31,2025q4,,2026-03-28,total_non_current_assets,,balance.csv,total_non_current_assets,,identity_q1_or_ytd_diff,missing_raw_value
601328.XSHG,balance,2025-12-31,2025q4,,2026-03-28,total_assets,15548388000000.0,balance.csv,total_assets,quarterly_direct,identity_q1_or_ytd_diff,
601328.XSHG,balance,2025-12-31,2025q4,,2026-03-28,shortterm_loan,0.0,balance.csv,shortterm_loan,quarterly_direct,identity_q1_or_ytd_diff,
601328.XSHG,balance,2025-12-31,2025q4,,2026-03-28,borrowing_from_centralbank,321942000000.0,balance.csv,borrowing_from_centralbank,quarterly_direct,identity_q1_or_ytd_diff,
601328.XSHG,balance,2025-12-31,2025q4,,2026-03-28,deposit_in_interbank,10470859000000.0,balance.csv,deposit_in_interbank,quarterly_direct,identity_q1_or_ytd_diff,
601328.XSHG,balance,2025-12-31,2025q4,,2026-03-28,borrowing_capital,534994000000.0,balance.csv,borrowing_capital,quarterly_direct,identity_q1_or_ytd_diff,
601328.XSHG,balance,2025-12-31,2025q4,,2026-03-28,trading_liability,47714000000.0,balance.csv,trading_liability,quarterly_direct,identity_q1_or_ytd_diff,
601328.XSHG,balance,2025-12-31,2025q4,,2026-03-28,notes_payable,,balance.csv,notes_payable,,identity_q1_or_ytd_diff,missing_raw_value
601328.XSHG,balance,2025-12-31,2025q4,,2026-03-28,accounts_payable,,balance.csv,accounts_payable,,identity_q1_or_ytd_diff,missing_raw_value
601328.XSHG,balance,2025-12-31,2025q4,,2026-03-28,advance_peceipts,,balance.csv,advance_peceipts,,identity_q1_or_ytd_diff,missing_raw_value
601328.XSHG,balance,2025-12-31,2025q4,,2026-03-28,sold_buyback_secu_proceeds,457777000000.0,balance.csv,sold_buyback_secu_proceeds,quarterly_direct,identity_q1_or_ytd_diff,
601328.XSHG,balance,2025-12-31,2025q4,,2026-03-28,commission_payable,,balance.csv,commission_payable,,identity_q1_or_ytd_diff,missing_raw_value
601328.XSHG,balance,2025-12-31,2025q4,,2026-03-28,salaries_payable,21247000000.0,balance.csv,salaries_payable,quarterly_direct,identity_q1_or_ytd_diff,
601328.XSHG,balance,2025-12-31,2025q4,,2026-03-28,taxs_payable,11084000000.0,balance.csv,taxs_payable,quarterly_direct,identity_q1_or_ytd_diff,
601328.XSHG,balance,2025-12-31,2025q4,,2026-03-28,interest_payable,,balance.csv,interest_payable,,identity_q1_or_ytd_diff,missing_raw_value
601328.XSHG,balance,2025-12-31,2025q4,,2026-03-28,other_payable,,balance.csv,other_payable,,identity_q1_or_ytd_diff,missing_raw_value
601328.XSHG,balance,2025-12-31,2025q4,,2026-03-28,insurance_contract_reserves,0.0,balance.csv,insurance_contract_reserves,quarterly_direct,identity_q1_or_ytd_diff,
601328.XSHG,balance,2025-12-31,2025q4,,2026-03-28,proxy_secu_proceeds,,balance.csv,proxy_secu_proceeds,,identity_q1_or_ytd_diff,missing_raw_value
601328.XSHG,balance,2025-12-31,2025q4,,2026-03-28,non_current_liability_in_one_year,,balance.csv,non_current_liability_in_one_year,,identity_q1_or_ytd_diff,missing_raw_value
601328.XSHG,balance,2025-12-31,2025q4,,2026-03-28,other_current_liability,,balance.csv,other_current_liability,,identity_q1_or_ytd_diff,missing_raw_value
601328.XSHG,balance,2025-12-31,2025q4,,2026-03-28,total_current_liability,,balance.csv,total_current_liability,,identity_q1_or_ytd_diff,missing_raw_value
601328.XSHG,balance,2025-12-31,2025q4,,2026-03-28,longterm_loan,,balance.csv,longterm_loan,,identity_q1_or_ytd_diff,missing_raw_value
601328.XSHG,balance,2025-12-31,2025q4,,2026-03-28,bonds_payable,692085000000.0,balance.csv,bonds_payable,quarterly_direct,identity_q1_or_ytd_diff,
601328.XSHG,balance,2025-12-31,2025q4,,2026-03-28,estimate_liability,10572000000.0,balance.csv,estimate_liability,quarterly_direct,identity_q1_or_ytd_diff,
601328.XSHG,balance,2025-12-31,2025q4,,2026-03-28,deferred_tax_liability,3657000000.0,balance.csv,deferred_tax_liability,quarterly_direct,identity_q1_or_ytd_diff,
601328.XSHG,balance,2025-12-31,2025q4,,2026-03-28,other_non_current_liability,,balance.csv,other_non_current_liability,,identity_q1_or_ytd_diff,missing_raw_value
601328.XSHG,balance,2025-12-31,2025q4,,2026-03-28,total_non_current_liability,,balance.csv,total_non_current_liability,,identity_q1_or_ytd_diff,missing_raw_value
601328.XSHG,balance,2025-12-31,2025q4,,2026-03-28,total_liability,14268106000000.0,balance.csv,total_liability,quarterly_direct,identity_q1_or_ytd_diff,
601328.XSHG,balance,2025-12-31,2025q4,,2026-03-28,paidin_capital,88364000000.0,balance.csv,paidin_capital,quarterly_direct,identity_q1_or_ytd_diff,
601328.XSHG,balance,2025-12-31,2025q4,,2026-03-28,capital_reserve_fund,215762000000.0,balance.csv,capital_reserve_fund,quarterly_direct,identity_q1_or_ytd_diff,
601328.XSHG,balance,2025-12-31,2025q4,,2026-03-28,treasury_stock,,balance.csv,treasury_stock,,identity_q1_or_ytd_diff,missing_raw_value
601328.XSHG,balance,2025-12-31,2025q4,,2026-03-28,surplus_reserve_fund,255545000000.0,balance.csv,surplus_reserve_fund,quarterly_direct,identity_q1_or_ytd_diff,
601328.XSHG,balance,2025-12-31,2025q4,,2026-03-28,ordinary_risk_reserve_fund,187601000000.0,balance.csv,ordinary_risk_reserve_fund,quarterly_direct,identity_q1_or_ytd_diff,
601328.XSHG,balance,2025-12-31,2025q4,,2026-03-28,retained_profit,385572000000.0,balance.csv,retained_profit,quarterly_direct,identity_q1_or_ytd_diff,
601328.XSHG,balance,2025-12-31,2025q4,,2026-03-28,equities_parent_company_owners,1269232000000.0,balance.csv,equities_parent_company_owners,quarterly_direct,identity_q1_or_ytd_diff,
601328.XSHG,balance,2025-12-31,2025q4,,2026-03-28,minority_interests,11050000000.0,balance.csv,minority_interests,quarterly_direct,identity_q1_or_ytd_diff,
601328.XSHG,balance,2025-12-31,2025q4,,2026-03-28,total_owner_equities,1280282000000.0,balance.csv,total_owner_equities,quarterly_direct,identity_q1_or_ytd_diff,
601328.XSHG,balance,2025-12-31,2025q4,,2026-03-28,other_comprehensive_income,9938000000.0,balance.csv,other_comprehensive_income,quarterly_direct,identity_q1_or_ytd_diff,
601328.XSHG,balance,2025-12-31,2025q4,,2026-03-28,contract_assets,,balance.csv,contract_assets,,identity_q1_or_ytd_diff,missing_raw_value
601328.XSHG,balance,2025-12-31,2025q4,,2026-03-28,contract_liability,,balance.csv,contract_liability,,identity_q1_or_ytd_diff,missing_raw_value
601328.XSHG,balance,2025-12-31,2025q4,,2026-03-28,usufruct_assets,,balance.csv,usufruct_assets,,identity_q1_or_ytd_diff,missing_raw_value
601328.XSHG,balance,2026-03-31,2026q1,,2026-04-30,cash_equivalents,902256000000.0,balance.csv,cash_equivalents,quarterly_direct,identity_q1_or_ytd_diff,
601328.XSHG,balance,2026-03-31,2026q1,,2026-04-30,settlement_provi,,balance.csv,settlement_provi,,identity_q1_or_ytd_diff,missing_raw_value
601328.XSHG,balance,2026-03-31,2026q1,,2026-04-30,lend_capital,598127000000.0,balance.csv,lend_capital,quarterly_direct,identity_q1_or_ytd_diff,
601328.XSHG,balance,2026-03-31,2026q1,,2026-04-30,trading_assets,707923000000.0,balance.csv,trading_assets,quarterly_direct,identity_q1_or_ytd_diff,
601328.XSHG,balance,2026-03-31,2026q1,,2026-04-30,bill_receivable,,balance.csv,bill_receivable,,identity_q1_or_ytd_diff,missing_raw_value
601328.XSHG,balance,2026-03-31,2026q1,,2026-04-30,account_receivable,,balance.csv,account_receivable,,identity_q1_or_ytd_diff,missing_raw_value
601328.XSHG,balance,2026-03-31,2026q1,,2026-04-30,advance_payment,,balance.csv,advance_payment,,identity_q1_or_ytd_diff,missing_raw_value
601328.XSHG,balance,2026-03-31,2026q1,,2026-04-30,insurance_receivables,,balance.csv,insurance_receivables,,identity_q1_or_ytd_diff,missing_raw_value
601328.XSHG,balance,2026-03-31,2026q1,,2026-04-30,interest_receivable,,balance.csv,interest_receivable,,identity_q1_or_ytd_diff,missing_raw_value
601328.XSHG,balance,2026-03-31,2026q1,,2026-04-30,other_receivable,,balance.csv,other_receivable,,identity_q1_or_ytd_diff,missing_raw_value
601328.XSHG,balance,2026-03-31,2026q1,,2026-04-30,bought_sellback_assets,367516000000.0,balance.csv,bought_sellback_assets,quarterly_direct,identity_q1_or_ytd_diff,
601328.XSHG,balance,2026-03-31,2026q1,,2026-04-30,inventories,,balance.csv,inventories,,identity_q1_or_ytd_diff,missing_raw_value
601328.XSHG,balance,2026-03-31,2026q1,,2026-04-30,other_current_assets,,balance.csv,other_current_assets,,identity_q1_or_ytd_diff,missing_raw_value
601328.XSHG,balance,2026-03-31,2026q1,,2026-04-30,total_current_assets,,balance.csv,total_current_assets,,identity_q1_or_ytd_diff,missing_raw_value
601328.XSHG,balance,2026-03-31,2026q1,,2026-04-30,loan_and_advance,,balance.csv,loan_and_advance,,identity_q1_or_ytd_diff,missing_raw_value
601328.XSHG,balance,2026-03-31,2026q1,,2026-04-30,hold_for_sale_assets,,balance.csv,hold_for_sale_assets,,identity_q1_or_ytd_diff,missing_raw_value
601328.XSHG,balance,2026-03-31,2026q1,,2026-04-30,hold_to_maturity_investments,,balance.csv,hold_to_maturity_investments,,identity_q1_or_ytd_diff,missing_raw_value
601328.XSHG,balance,2026-03-31,2026q1,,2026-04-30,longterm_equity_invest,16903000000.0,balance.csv,longterm_equity_invest,quarterly_direct,identity_q1_or_ytd_diff,
601328.XSHG,balance,2026-03-31,2026q1,,2026-04-30,investment_property,6054000000.0,balance.csv,investment_property,quarterly_direct,identity_q1_or_ytd_diff,
601328.XSHG,balance,2026-03-31,2026q1,,2026-04-30,fixed_assets,246166000000.0,balance.csv,fixed_assets,quarterly_direct,identity_q1_or_ytd_diff,
601328.XSHG,balance,2026-03-31,2026q1,,2026-04-30,constru_in_process,2371000000.0,balance.csv,constru_in_process,quarterly_direct,identity_q1_or_ytd_diff,
601328.XSHG,balance,2026-03-31,2026q1,,2026-04-30,intangible_assets,4654000000.0,balance.csv,intangible_assets,quarterly_direct,identity_q1_or_ytd_diff,
601328.XSHG,balance,2026-03-31,2026q1,,2026-04-30,good_will,,balance.csv,good_will,,identity_q1_or_ytd_diff,missing_raw_value
601328.XSHG,balance,2026-03-31,2026q1,,2026-04-30,long_deferred_expense,,balance.csv,long_deferred_expense,,identity_q1_or_ytd_diff,missing_raw_value
601328.XSHG,balance,2026-03-31,2026q1,,2026-04-30,deferred_tax_assets,42582000000.0,balance.csv,deferred_tax_assets,quarterly_direct,identity_q1_or_ytd_diff,
601328.XSHG,balance,2026-03-31,2026q1,,2026-04-30,other_non_current_assets,,balance.csv,other_non_current_assets,,identity_q1_or_ytd_diff,missing_raw_value
601328.XSHG,balance,2026-03-31,2026q1,,2026-04-30,total_non_current_assets,,balance.csv,total_non_current_assets,,identity_q1_or_ytd_diff,missing_raw_value
601328.XSHG,balance,2026-03-31,2026q1,,2026-04-30,total_assets,16272960000000.0,balance.csv,total_assets,quarterly_direct,identity_q1_or_ytd_diff,
601328.XSHG,balance,2026-03-31,2026q1,,2026-04-30,shortterm_loan,0.0,balance.csv,shortterm_loan,quarterly_direct,identity_q1_or_ytd_diff,
601328.XSHG,balance,2026-03-31,2026q1,,2026-04-30,borrowing_from_centralbank,296988000000.0,balance.csv,borrowing_from_centralbank,quarterly_direct,identity_q1_or_ytd_diff,
601328.XSHG,balance,2026-03-31,2026q1,,2026-04-30,deposit_in_interbank,11172912000000.0,balance.csv,deposit_in_interbank,quarterly_direct,identity_q1_or_ytd_diff,
601328.XSHG,balance,2026-03-31,2026q1,,2026-04-30,borrowing_capital,508071000000.0,balance.csv,borrowing_capital,quarterly_direct,identity_q1_or_ytd_diff,
601328.XSHG,balance,2026-03-31,2026q1,,2026-04-30,trading_liability,48881000000.0,balance.csv,trading_liability,quarterly_direct,identity_q1_or_ytd_diff,
601328.XSHG,balance,2026-03-31,2026q1,,2026-04-30,notes_payable,,balance.csv,notes_payable,,identity_q1_or_ytd_diff,missing_raw_value
601328.XSHG,balance,2026-03-31,2026q1,,2026-04-30,accounts_payable,,balance.csv,accounts_payable,,identity_q1_or_ytd_diff,missing_raw_value
601328.XSHG,balance,2026-03-31,2026q1,,2026-04-30,advance_peceipts,,balance.csv,advance_peceipts,,identity_q1_or_ytd_diff,missing_raw_value
601328.XSHG,balance,2026-03-31,2026q1,,2026-04-30,sold_buyback_secu_proceeds,542561000000.0,balance.csv,sold_buyback_secu_proceeds,quarterly_direct,identity_q1_or_ytd_diff,
601328.XSHG,balance,2026-03-31,2026q1,,2026-04-30,commission_payable,,balance.csv,commission_payable,,identity_q1_or_ytd_diff,missing_raw_value
601328.XSHG,balance,2026-03-31,2026q1,,2026-04-30,salaries_payable,14562000000.0,balance.csv,salaries_payable,quarterly_direct,identity_q1_or_ytd_diff,
601328.XSHG,balance,2026-03-31,2026q1,,2026-04-30,taxs_payable,14059000000.0,balance.csv,taxs_payable,quarterly_direct,identity_q1_or_ytd_diff,
601328.XSHG,balance,2026-03-31,2026q1,,2026-04-30,interest_payable,,balance.csv,interest_payable,,identity_q1_or_ytd_diff,missing_raw_value
601328.XSHG,balance,2026-03-31,2026q1,,2026-04-30,other_payable,,balance.csv,other_payable,,identity_q1_or_ytd_diff,missing_raw_value
601328.XSHG,balance,2026-03-31,2026q1,,2026-04-30,insurance_contract_reserves,0.0,balance.csv,insurance_contract_reserves,quarterly_direct,identity_q1_or_ytd_diff,
601328.XSHG,balance,2026-03-31,2026q1,,2026-04-30,proxy_secu_proceeds,,balance.csv,proxy_secu_proceeds,,identity_q1_or_ytd_diff,missing_raw_value
601328.XSHG,balance,2026-03-31,2026q1,,2026-04-30,non_current_liability_in_one_year,,balance.csv,non_current_liability_in_one_year,,identity_q1_or_ytd_diff,missing_raw_value
601328.XSHG,balance,2026-03-31,2026q1,,2026-04-30,other_current_liability,,balance.csv,other_current_liability,,identity_q1_or_ytd_diff,missing_raw_value
601328.XSHG,balance,2026-03-31,2026q1,,2026-04-30,total_current_liability,,balance.csv,total_current_liability,,identity_q1_or_ytd_diff,missing_raw_value
601328.XSHG,balance,2026-03-31,2026q1,,2026-04-30,longterm_loan,,balance.csv,longterm_loan,,identity_q1_or_ytd_diff,missing_raw_value
601328.XSHG,balance,2026-03-31,2026q1,,2026-04-30,bonds_payable,655661000000.0,balance.csv,bonds_payable,quarterly_direct,identity_q1_or_ytd_diff,
601328.XSHG,balance,2026-03-31,2026q1,,2026-04-30,estimate_liability,10128000000.0,balance.csv,estimate_liability,quarterly_direct,identity_q1_or_ytd_diff,
601328.XSHG,balance,2026-03-31,2026q1,,2026-04-30,deferred_tax_liability,3431000000.0,balance.csv,deferred_tax_liability,quarterly_direct,identity_q1_or_ytd_diff,
601328.XSHG,balance,2026-03-31,2026q1,,2026-04-30,other_non_current_liability,,balance.csv,other_non_current_liability,,identity_q1_or_ytd_diff,missing_raw_value
601328.XSHG,balance,2026-03-31,2026q1,,2026-04-30,total_non_current_liability,,balance.csv,total_non_current_liability,,identity_q1_or_ytd_diff,missing_raw_value
601328.XSHG,balance,2026-03-31,2026q1,,2026-04-30,total_liability,14971189000000.0,balance.csv,total_liability,quarterly_direct,identity_q1_or_ytd_diff,
601328.XSHG,balance,2026-03-31,2026q1,,2026-04-30,paidin_capital,88364000000.0,balance.csv,paidin_capital,quarterly_direct,identity_q1_or_ytd_diff,
601328.XSHG,balance,2026-03-31,2026q1,,2026-04-30,capital_reserve_fund,215720000000.0,balance.csv,capital_reserve_fund,quarterly_direct,identity_q1_or_ytd_diff,
601328.XSHG,balance,2026-03-31,2026q1,,2026-04-30,treasury_stock,,balance.csv,treasury_stock,,identity_q1_or_ytd_diff,missing_raw_value
601328.XSHG,balance,2026-03-31,2026q1,,2026-04-30,surplus_reserve_fund,255630000000.0,balance.csv,surplus_reserve_fund,quarterly_direct,identity_q1_or_ytd_diff,
601328.XSHG,balance,2026-03-31,2026q1,,2026-04-30,ordinary_risk_reserve_fund,187784000000.0,balance.csv,ordinary_risk_reserve_fund,quarterly_direct,identity_q1_or_ytd_diff,
601328.XSHG,balance,2026-03-31,2026q1,,2026-04-30,retained_profit,411470000000.0,balance.csv,retained_profit,quarterly_direct,identity_q1_or_ytd_diff,
601328.XSHG,balance,2026-03-31,2026q1,,2026-04-30,equities_parent_company_owners,1290674000000.0,balance.csv,equities_parent_company_owners,quarterly_direct,identity_q1_or_ytd_diff,
601328.XSHG,balance,2026-03-31,2026q1,,2026-04-30,minority_interests,11097000000.0,balance.csv,minority_interests,quarterly_direct,identity_q1_or_ytd_diff,
601328.XSHG,balance,2026-03-31,2026q1,,2026-04-30,total_owner_equities,1301771000000.0,balance.csv,total_owner_equities,quarterly_direct,identity_q1_or_ytd_diff,
601328.XSHG,balance,2026-03-31,2026q1,,2026-04-30,other_comprehensive_income,5256000000.0,balance.csv,other_comprehensive_income,quarterly_direct,identity_q1_or_ytd_diff,
601328.XSHG,balance,2026-03-31,2026q1,,2026-04-30,contract_assets,,balance.csv,contract_assets,,identity_q1_or_ytd_diff,missing_raw_value
601328.XSHG,balance,2026-03-31,2026q1,,2026-04-30,contract_liability,,balance.csv,contract_liability,,identity_q1_or_ytd_diff,missing_raw_value
601328.XSHG,balance,2026-03-31,2026q1,,2026-04-30,usufruct_assets,,balance.csv,usufruct_assets,,identity_q1_or_ytd_diff,missing_raw_value
601328.XSHG,balance,2026-06-30,2026q2,,,cash_equivalents,,,cash_equivalents,,identity_q1_or_ytd_diff,outside_current_available_window
601328.XSHG,balance,2026-06-30,2026q2,,,settlement_provi,,,settlement_provi,,identity_q1_or_ytd_diff,outside_current_available_window
601328.XSHG,balance,2026-06-30,2026q2,,,lend_capital,,,lend_capital,,identity_q1_or_ytd_diff,outside_current_available_window
601328.XSHG,balance,2026-06-30,2026q2,,,trading_assets,,,trading_assets,,identity_q1_or_ytd_diff,outside_current_available_window
601328.XSHG,balance,2026-06-30,2026q2,,,bill_receivable,,,bill_receivable,,identity_q1_or_ytd_diff,outside_current_available_window
601328.XSHG,balance,2026-06-30,2026q2,,,account_receivable,,,account_receivable,,identity_q1_or_ytd_diff,outside_current_available_window
601328.XSHG,balance,2026-06-30,2026q2,,,advance_payment,,,advance_payment,,identity_q1_or_ytd_diff,outside_current_available_window
601328.XSHG,balance,2026-06-30,2026q2,,,insurance_receivables,,,insurance_receivables,,identity_q1_or_ytd_diff,outside_current_available_window
601328.XSHG,balance,2026-06-30,2026q2,,,interest_receivable,,,interest_receivable,,identity_q1_or_ytd_diff,outside_current_available_window
601328.XSHG,balance,2026-06-30,2026q2,,,other_receivable,,,other_receivable,,identity_q1_or_ytd_diff,outside_current_available_window
601328.XSHG,balance,2026-06-30,2026q2,,,bought_sellback_assets,,,bought_sellback_assets,,identity_q1_or_ytd_diff,outside_current_available_window
601328.XSHG,balance,2026-06-30,2026q2,,,inventories,,,inventories,,identity_q1_or_ytd_diff,outside_current_available_window
601328.XSHG,balance,2026-06-30,2026q2,,,other_current_assets,,,other_current_assets,,identity_q1_or_ytd_diff,outside_current_available_window
601328.XSHG,balance,2026-06-30,2026q2,,,total_current_assets,,,total_current_assets,,identity_q1_or_ytd_diff,outside_current_available_window
601328.XSHG,balance,2026-06-30,2026q2,,,loan_and_advance,,,loan_and_advance,,identity_q1_or_ytd_diff,outside_current_available_window
601328.XSHG,balance,2026-06-30,2026q2,,,hold_for_sale_assets,,,hold_for_sale_assets,,identity_q1_or_ytd_diff,outside_current_available_window
601328.XSHG,balance,2026-06-30,2026q2,,,hold_to_maturity_investments,,,hold_to_maturity_investments,,identity_q1_or_ytd_diff,outside_current_available_window
601328.XSHG,balance,2026-06-30,2026q2,,,longterm_equity_invest,,,longterm_equity_invest,,identity_q1_or_ytd_diff,outside_current_available_window
601328.XSHG,balance,2026-06-30,2026q2,,,investment_property,,,investment_property,,identity_q1_or_ytd_diff,outside_current_available_window
601328.XSHG,balance,2026-06-30,2026q2,,,fixed_assets,,,fixed_assets,,identity_q1_or_ytd_diff,outside_current_available_window
601328.XSHG,balance,2026-06-30,2026q2,,,constru_in_process,,,constru_in_process,,identity_q1_or_ytd_diff,outside_current_available_window
601328.XSHG,balance,2026-06-30,2026q2,,,intangible_assets,,,intangible_assets,,identity_q1_or_ytd_diff,outside_current_available_window
601328.XSHG,balance,2026-06-30,2026q2,,,good_will,,,good_will,,identity_q1_or_ytd_diff,outside_current_available_window
601328.XSHG,balance,2026-06-30,2026q2,,,long_deferred_expense,,,long_deferred_expense,,identity_q1_or_ytd_diff,outside_current_available_window
601328.XSHG,balance,2026-06-30,2026q2,,,deferred_tax_assets,,,deferred_tax_assets,,identity_q1_or_ytd_diff,outside_current_available_window
601328.XSHG,balance,2026-06-30,2026q2,,,other_non_current_assets,,,other_non_current_assets,,identity_q1_or_ytd_diff,outside_current_available_window
601328.XSHG,balance,2026-06-30,2026q2,,,total_non_current_assets,,,total_non_current_assets,,identity_q1_or_ytd_diff,outside_current_available_window
601328.XSHG,balance,2026-06-30,2026q2,,,total_assets,,,total_assets,,identity_q1_or_ytd_diff,outside_current_available_window
601328.XSHG,balance,2026-06-30,2026q2,,,shortterm_loan,,,shortterm_loan,,identity_q1_or_ytd_diff,outside_current_available_window
601328.XSHG,balance,2026-06-30,2026q2,,,borrowing_from_centralbank,,,borrowing_from_centralbank,,identity_q1_or_ytd_diff,outside_current_available_window
601328.XSHG,balance,2026-06-30,2026q2,,,deposit_in_interbank,,,deposit_in_interbank,,identity_q1_or_ytd_diff,outside_current_available_window
601328.XSHG,balance,2026-06-30,2026q2,,,borrowing_capital,,,borrowing_capital,,identity_q1_or_ytd_diff,outside_current_available_window
601328.XSHG,balance,2026-06-30,2026q2,,,trading_liability,,,trading_liability,,identity_q1_or_ytd_diff,outside_current_available_window
601328.XSHG,balance,2026-06-30,2026q2,,,notes_payable,,,notes_payable,,identity_q1_or_ytd_diff,outside_current_available_window
601328.XSHG,balance,2026-06-30,2026q2,,,accounts_payable,,,accounts_payable,,identity_q1_or_ytd_diff,outside_current_available_window
601328.XSHG,balance,2026-06-30,2026q2,,,advance_peceipts,,,advance_peceipts,,identity_q1_or_ytd_diff,outside_current_available_window
601328.XSHG,balance,2026-06-30,2026q2,,,sold_buyback_secu_proceeds,,,sold_buyback_secu_proceeds,,identity_q1_or_ytd_diff,outside_current_available_window
601328.XSHG,balance,2026-06-30,2026q2,,,commission_payable,,,commission_payable,,identity_q1_or_ytd_diff,outside_current_available_window
601328.XSHG,balance,2026-06-30,2026q2,,,salaries_payable,,,salaries_payable,,identity_q1_or_ytd_diff,outside_current_available_window
601328.XSHG,balance,2026-06-30,2026q2,,,taxs_payable,,,taxs_payable,,identity_q1_or_ytd_diff,outside_current_available_window
601328.XSHG,balance,2026-06-30,2026q2,,,interest_payable,,,interest_payable,,identity_q1_or_ytd_diff,outside_current_available_window
601328.XSHG,balance,2026-06-30,2026q2,,,other_payable,,,other_payable,,identity_q1_or_ytd_diff,outside_current_available_window
601328.XSHG,balance,2026-06-30,2026q2,,,insurance_contract_reserves,,,insurance_contract_reserves,,identity_q1_or_ytd_diff,outside_current_available_window
601328.XSHG,balance,2026-06-30,2026q2,,,proxy_secu_proceeds,,,proxy_secu_proceeds,,identity_q1_or_ytd_diff,outside_current_available_window
601328.XSHG,balance,2026-06-30,2026q2,,,non_current_liability_in_one_year,,,non_current_liability_in_one_year,,identity_q1_or_ytd_diff,outside_current_available_window
601328.XSHG,balance,2026-06-30,2026q2,,,other_current_liability,,,other_current_liability,,identity_q1_or_ytd_diff,outside_current_available_window
601328.XSHG,balance,2026-06-30,2026q2,,,total_current_liability,,,total_current_liability,,identity_q1_or_ytd_diff,outside_current_available_window
601328.XSHG,balance,2026-06-30,2026q2,,,longterm_loan,,,longterm_loan,,identity_q1_or_ytd_diff,outside_current_available_window
601328.XSHG,balance,2026-06-30,2026q2,,,bonds_payable,,,bonds_payable,,identity_q1_or_ytd_diff,outside_current_available_window
601328.XSHG,balance,2026-06-30,2026q2,,,estimate_liability,,,estimate_liability,,identity_q1_or_ytd_diff,outside_current_available_window
601328.XSHG,balance,2026-06-30,2026q2,,,deferred_tax_liability,,,deferred_tax_liability,,identity_q1_or_ytd_diff,outside_current_available_window
601328.XSHG,balance,2026-06-30,2026q2,,,other_non_current_liability,,,other_non_current_liability,,identity_q1_or_ytd_diff,outside_current_available_window
601328.XSHG,balance,2026-06-30,2026q2,,,total_non_current_liability,,,total_non_current_liability,,identity_q1_or_ytd_diff,outside_current_available_window
601328.XSHG,balance,2026-06-30,2026q2,,,total_liability,,,total_liability,,identity_q1_or_ytd_diff,outside_current_available_window
601328.XSHG,balance,2026-06-30,2026q2,,,paidin_capital,,,paidin_capital,,identity_q1_or_ytd_diff,outside_current_available_window
601328.XSHG,balance,2026-06-30,2026q2,,,capital_reserve_fund,,,capital_reserve_fund,,identity_q1_or_ytd_diff,outside_current_available_window
601328.XSHG,balance,2026-06-30,2026q2,,,treasury_stock,,,treasury_stock,,identity_q1_or_ytd_diff,outside_current_available_window
601328.XSHG,balance,2026-06-30,2026q2,,,surplus_reserve_fund,,,surplus_reserve_fund,,identity_q1_or_ytd_diff,outside_current_available_window
601328.XSHG,balance,2026-06-30,2026q2,,,ordinary_risk_reserve_fund,,,ordinary_risk_reserve_fund,,identity_q1_or_ytd_diff,outside_current_available_window
601328.XSHG,balance,2026-06-30,2026q2,,,retained_profit,,,retained_profit,,identity_q1_or_ytd_diff,outside_current_available_window
601328.XSHG,balance,2026-06-30,2026q2,,,equities_parent_company_owners,,,equities_parent_company_owners,,identity_q1_or_ytd_diff,outside_current_available_window
601328.XSHG,balance,2026-06-30,2026q2,,,minority_interests,,,minority_interests,,identity_q1_or_ytd_diff,outside_current_available_window
601328.XSHG,balance,2026-06-30,2026q2,,,total_owner_equities,,,total_owner_equities,,identity_q1_or_ytd_diff,outside_current_available_window
601328.XSHG,balance,2026-06-30,2026q2,,,other_comprehensive_income,,,other_comprehensive_income,,identity_q1_or_ytd_diff,outside_current_available_window
601328.XSHG,balance,2026-06-30,2026q2,,,contract_assets,,,contract_assets,,identity_q1_or_ytd_diff,outside_current_available_window
601328.XSHG,balance,2026-06-30,2026q2,,,contract_liability,,,contract_liability,,identity_q1_or_ytd_diff,outside_current_available_window
601328.XSHG,balance,2026-06-30,2026q2,,,usufruct_assets,,,usufruct_assets,,identity_q1_or_ytd_diff,outside_current_available_window
601328.XSHG,balance,2026-09-30,2026q3,,,cash_equivalents,,,cash_equivalents,,identity_q1_or_ytd_diff,outside_current_available_window
601328.XSHG,balance,2026-09-30,2026q3,,,settlement_provi,,,settlement_provi,,identity_q1_or_ytd_diff,outside_current_available_window
601328.XSHG,balance,2026-09-30,2026q3,,,lend_capital,,,lend_capital,,identity_q1_or_ytd_diff,outside_current_available_window
601328.XSHG,balance,2026-09-30,2026q3,,,trading_assets,,,trading_assets,,identity_q1_or_ytd_diff,outside_current_available_window
601328.XSHG,balance,2026-09-30,2026q3,,,bill_receivable,,,bill_receivable,,identity_q1_or_ytd_diff,outside_current_available_window
601328.XSHG,balance,2026-09-30,2026q3,,,account_receivable,,,account_receivable,,identity_q1_or_ytd_diff,outside_current_available_window
601328.XSHG,balance,2026-09-30,2026q3,,,advance_payment,,,advance_payment,,identity_q1_or_ytd_diff,outside_current_available_window
601328.XSHG,balance,2026-09-30,2026q3,,,insurance_receivables,,,insurance_receivables,,identity_q1_or_ytd_diff,outside_current_available_window
601328.XSHG,balance,2026-09-30,2026q3,,,interest_receivable,,,interest_receivable,,identity_q1_or_ytd_diff,outside_current_available_window
601328.XSHG,balance,2026-09-30,2026q3,,,other_receivable,,,other_receivable,,identity_q1_or_ytd_diff,outside_current_available_window
601328.XSHG,balance,2026-09-30,2026q3,,,bought_sellback_assets,,,bought_sellback_assets,,identity_q1_or_ytd_diff,outside_current_available_window
601328.XSHG,balance,2026-09-30,2026q3,,,inventories,,,inventories,,identity_q1_or_ytd_diff,outside_current_available_window
601328.XSHG,balance,2026-09-30,2026q3,,,other_current_assets,,,other_current_assets,,identity_q1_or_ytd_diff,outside_current_available_window
601328.XSHG,balance,2026-09-30,2026q3,,,total_current_assets,,,total_current_assets,,identity_q1_or_ytd_diff,outside_current_available_window
601328.XSHG,balance,2026-09-30,2026q3,,,loan_and_advance,,,loan_and_advance,,identity_q1_or_ytd_diff,outside_current_available_window
601328.XSHG,balance,2026-09-30,2026q3,,,hold_for_sale_assets,,,hold_for_sale_assets,,identity_q1_or_ytd_diff,outside_current_available_window
601328.XSHG,balance,2026-09-30,2026q3,,,hold_to_maturity_investments,,,hold_to_maturity_investments,,identity_q1_or_ytd_diff,outside_current_available_window
601328.XSHG,balance,2026-09-30,2026q3,,,longterm_equity_invest,,,longterm_equity_invest,,identity_q1_or_ytd_diff,outside_current_available_window
601328.XSHG,balance,2026-09-30,2026q3,,,investment_property,,,investment_property,,identity_q1_or_ytd_diff,outside_current_available_window
601328.XSHG,balance,2026-09-30,2026q3,,,fixed_assets,,,fixed_assets,,identity_q1_or_ytd_diff,outside_current_available_window
601328.XSHG,balance,2026-09-30,2026q3,,,constru_in_process,,,constru_in_process,,identity_q1_or_ytd_diff,outside_current_available_window
601328.XSHG,balance,2026-09-30,2026q3,,,intangible_assets,,,intangible_assets,,identity_q1_or_ytd_diff,outside_current_available_window
601328.XSHG,balance,2026-09-30,2026q3,,,good_will,,,good_will,,identity_q1_or_ytd_diff,outside_current_available_window
601328.XSHG,balance,2026-09-30,2026q3,,,long_deferred_expense,,,long_deferred_expense,,identity_q1_or_ytd_diff,outside_current_available_window
601328.XSHG,balance,2026-09-30,2026q3,,,deferred_tax_assets,,,deferred_tax_assets,,identity_q1_or_ytd_diff,outside_current_available_window
601328.XSHG,balance,2026-09-30,2026q3,,,other_non_current_assets,,,other_non_current_assets,,identity_q1_or_ytd_diff,outside_current_available_window
601328.XSHG,balance,2026-09-30,2026q3,,,total_non_current_assets,,,total_non_current_assets,,identity_q1_or_ytd_diff,outside_current_available_window
601328.XSHG,balance,2026-09-30,2026q3,,,total_assets,,,total_assets,,identity_q1_or_ytd_diff,outside_current_available_window
601328.XSHG,balance,2026-09-30,2026q3,,,shortterm_loan,,,shortterm_loan,,identity_q1_or_ytd_diff,outside_current_available_window
601328.XSHG,balance,2026-09-30,2026q3,,,borrowing_from_centralbank,,,borrowing_from_centralbank,,identity_q1_or_ytd_diff,outside_current_available_window
601328.XSHG,balance,2026-09-30,2026q3,,,deposit_in_interbank,,,deposit_in_interbank,,identity_q1_or_ytd_diff,outside_current_available_window
601328.XSHG,balance,2026-09-30,2026q3,,,borrowing_capital,,,borrowing_capital,,identity_q1_or_ytd_diff,outside_current_available_window
601328.XSHG,balance,2026-09-30,2026q3,,,trading_liability,,,trading_liability,,identity_q1_or_ytd_diff,outside_current_available_window
601328.XSHG,balance,2026-09-30,2026q3,,,notes_payable,,,notes_payable,,identity_q1_or_ytd_diff,outside_current_available_window
601328.XSHG,balance,2026-09-30,2026q3,,,accounts_payable,,,accounts_payable,,identity_q1_or_ytd_diff,outside_current_available_window
601328.XSHG,balance,2026-09-30,2026q3,,,advance_peceipts,,,advance_peceipts,,identity_q1_or_ytd_diff,outside_current_available_window
601328.XSHG,balance,2026-09-30,2026q3,,,sold_buyback_secu_proceeds,,,sold_buyback_secu_proceeds,,identity_q1_or_ytd_diff,outside_current_available_window
601328.XSHG,balance,2026-09-30,2026q3,,,commission_payable,,,commission_payable,,identity_q1_or_ytd_diff,outside_current_available_window
601328.XSHG,balance,2026-09-30,2026q3,,,salaries_payable,,,salaries_payable,,identity_q1_or_ytd_diff,outside_current_available_window
601328.XSHG,balance,2026-09-30,2026q3,,,taxs_payable,,,taxs_payable,,identity_q1_or_ytd_diff,outside_current_available_window
601328.XSHG,balance,2026-09-30,2026q3,,,interest_payable,,,interest_payable,,identity_q1_or_ytd_diff,outside_current_available_window
601328.XSHG,balance,2026-09-30,2026q3,,,other_payable,,,other_payable,,identity_q1_or_ytd_diff,outside_current_available_window
601328.XSHG,balance,2026-09-30,2026q3,,,insurance_contract_reserves,,,insurance_contract_reserves,,identity_q1_or_ytd_diff,outside_current_available_window
601328.XSHG,balance,2026-09-30,2026q3,,,proxy_secu_proceeds,,,proxy_secu_proceeds,,identity_q1_or_ytd_diff,outside_current_available_window
601328.XSHG,balance,2026-09-30,2026q3,,,non_current_liability_in_one_year,,,non_current_liability_in_one_year,,identity_q1_or_ytd_diff,outside_current_available_window
601328.XSHG,balance,2026-09-30,2026q3,,,other_current_liability,,,other_current_liability,,identity_q1_or_ytd_diff,outside_current_available_window
601328.XSHG,balance,2026-09-30,2026q3,,,total_current_liability,,,total_current_liability,,identity_q1_or_ytd_diff,outside_current_available_window
601328.XSHG,balance,2026-09-30,2026q3,,,longterm_loan,,,longterm_loan,,identity_q1_or_ytd_diff,outside_current_available_window
601328.XSHG,balance,2026-09-30,2026q3,,,bonds_payable,,,bonds_payable,,identity_q1_or_ytd_diff,outside_current_available_window
601328.XSHG,balance,2026-09-30,2026q3,,,estimate_liability,,,estimate_liability,,identity_q1_or_ytd_diff,outside_current_available_window
601328.XSHG,balance,2026-09-30,2026q3,,,deferred_tax_liability,,,deferred_tax_liability,,identity_q1_or_ytd_diff,outside_current_available_window
601328.XSHG,balance,2026-09-30,2026q3,,,other_non_current_liability,,,other_non_current_liability,,identity_q1_or_ytd_diff,outside_current_available_window
601328.XSHG,balance,2026-09-30,2026q3,,,total_non_current_liability,,,total_non_current_liability,,identity_q1_or_ytd_diff,outside_current_available_window
601328.XSHG,balance,2026-09-30,2026q3,,,total_liability,,,total_liability,,identity_q1_or_ytd_diff,outside_current_available_window
601328.XSHG,balance,2026-09-30,2026q3,,,paidin_capital,,,paidin_capital,,identity_q1_or_ytd_diff,outside_current_available_window
601328.XSHG,balance,2026-09-30,2026q3,,,capital_reserve_fund,,,capital_reserve_fund,,identity_q1_or_ytd_diff,outside_current_available_window
601328.XSHG,balance,2026-09-30,2026q3,,,treasury_stock,,,treasury_stock,,identity_q1_or_ytd_diff,outside_current_available_window
601328.XSHG,balance,2026-09-30,2026q3,,,surplus_reserve_fund,,,surplus_reserve_fund,,identity_q1_or_ytd_diff,outside_current_available_window
601328.XSHG,balance,2026-09-30,2026q3,,,ordinary_risk_reserve_fund,,,ordinary_risk_reserve_fund,,identity_q1_or_ytd_diff,outside_current_available_window
601328.XSHG,balance,2026-09-30,2026q3,,,retained_profit,,,retained_profit,,identity_q1_or_ytd_diff,outside_current_available_window
601328.XSHG,balance,2026-09-30,2026q3,,,equities_parent_company_owners,,,equities_parent_company_owners,,identity_q1_or_ytd_diff,outside_current_available_window
601328.XSHG,balance,2026-09-30,2026q3,,,minority_interests,,,minority_interests,,identity_q1_or_ytd_diff,outside_current_available_window
601328.XSHG,balance,2026-09-30,2026q3,,,total_owner_equities,,,total_owner_equities,,identity_q1_or_ytd_diff,outside_current_available_window
601328.XSHG,balance,2026-09-30,2026q3,,,other_comprehensive_income,,,other_comprehensive_income,,identity_q1_or_ytd_diff,outside_current_available_window
601328.XSHG,balance,2026-09-30,2026q3,,,contract_assets,,,contract_assets,,identity_q1_or_ytd_diff,outside_current_available_window
601328.XSHG,balance,2026-09-30,2026q3,,,contract_liability,,,contract_liability,,identity_q1_or_ytd_diff,outside_current_available_window
601328.XSHG,balance,2026-09-30,2026q3,,,usufruct_assets,,,usufruct_assets,,identity_q1_or_ytd_diff,outside_current_available_window
601328.XSHG,balance,2026-12-31,2026q4,,,cash_equivalents,,,cash_equivalents,,identity_q1_or_ytd_diff,outside_current_available_window
601328.XSHG,balance,2026-12-31,2026q4,,,settlement_provi,,,settlement_provi,,identity_q1_or_ytd_diff,outside_current_available_window
601328.XSHG,balance,2026-12-31,2026q4,,,lend_capital,,,lend_capital,,identity_q1_or_ytd_diff,outside_current_available_window
601328.XSHG,balance,2026-12-31,2026q4,,,trading_assets,,,trading_assets,,identity_q1_or_ytd_diff,outside_current_available_window
601328.XSHG,balance,2026-12-31,2026q4,,,bill_receivable,,,bill_receivable,,identity_q1_or_ytd_diff,outside_current_available_window
601328.XSHG,balance,2026-12-31,2026q4,,,account_receivable,,,account_receivable,,identity_q1_or_ytd_diff,outside_current_available_window
601328.XSHG,balance,2026-12-31,2026q4,,,advance_payment,,,advance_payment,,identity_q1_or_ytd_diff,outside_current_available_window
601328.XSHG,balance,2026-12-31,2026q4,,,insurance_receivables,,,insurance_receivables,,identity_q1_or_ytd_diff,outside_current_available_window
601328.XSHG,balance,2026-12-31,2026q4,,,interest_receivable,,,interest_receivable,,identity_q1_or_ytd_diff,outside_current_available_window
601328.XSHG,balance,2026-12-31,2026q4,,,other_receivable,,,other_receivable,,identity_q1_or_ytd_diff,outside_current_available_window
601328.XSHG,balance,2026-12-31,2026q4,,,bought_sellback_assets,,,bought_sellback_assets,,identity_q1_or_ytd_diff,outside_current_available_window
601328.XSHG,balance,2026-12-31,2026q4,,,inventories,,,inventories,,identity_q1_or_ytd_diff,outside_current_available_window
601328.XSHG,balance,2026-12-31,2026q4,,,other_current_assets,,,other_current_assets,,identity_q1_or_ytd_diff,outside_current_available_window
601328.XSHG,balance,2026-12-31,2026q4,,,total_current_assets,,,total_current_assets,,identity_q1_or_ytd_diff,outside_current_available_window
601328.XSHG,balance,2026-12-31,2026q4,,,loan_and_advance,,,loan_and_advance,,identity_q1_or_ytd_diff,outside_current_available_window
601328.XSHG,balance,2026-12-31,2026q4,,,hold_for_sale_assets,,,hold_for_sale_assets,,identity_q1_or_ytd_diff,outside_current_available_window
601328.XSHG,balance,2026-12-31,2026q4,,,hold_to_maturity_investments,,,hold_to_maturity_investments,,identity_q1_or_ytd_diff,outside_current_available_window
601328.XSHG,balance,2026-12-31,2026q4,,,longterm_equity_invest,,,longterm_equity_invest,,identity_q1_or_ytd_diff,outside_current_available_window
601328.XSHG,balance,2026-12-31,2026q4,,,investment_property,,,investment_property,,identity_q1_or_ytd_diff,outside_current_available_window
601328.XSHG,balance,2026-12-31,2026q4,,,fixed_assets,,,fixed_assets,,identity_q1_or_ytd_diff,outside_current_available_window
601328.XSHG,balance,2026-12-31,2026q4,,,constru_in_process,,,constru_in_process,,identity_q1_or_ytd_diff,outside_current_available_window
601328.XSHG,balance,2026-12-31,2026q4,,,intangible_assets,,,intangible_assets,,identity_q1_or_ytd_diff,outside_current_available_window
601328.XSHG,balance,2026-12-31,2026q4,,,good_will,,,good_will,,identity_q1_or_ytd_diff,outside_current_available_window
601328.XSHG,balance,2026-12-31,2026q4,,,long_deferred_expense,,,long_deferred_expense,,identity_q1_or_ytd_diff,outside_current_available_window
601328.XSHG,balance,2026-12-31,2026q4,,,deferred_tax_assets,,,deferred_tax_assets,,identity_q1_or_ytd_diff,outside_current_available_window
601328.XSHG,balance,2026-12-31,2026q4,,,other_non_current_assets,,,other_non_current_assets,,identity_q1_or_ytd_diff,outside_current_available_window
601328.XSHG,balance,2026-12-31,2026q4,,,total_non_current_assets,,,total_non_current_assets,,identity_q1_or_ytd_diff,outside_current_available_window
601328.XSHG,balance,2026-12-31,2026q4,,,total_assets,,,total_assets,,identity_q1_or_ytd_diff,outside_current_available_window
601328.XSHG,balance,2026-12-31,2026q4,,,shortterm_loan,,,shortterm_loan,,identity_q1_or_ytd_diff,outside_current_available_window
601328.XSHG,balance,2026-12-31,2026q4,,,borrowing_from_centralbank,,,borrowing_from_centralbank,,identity_q1_or_ytd_diff,outside_current_available_window
601328.XSHG,balance,2026-12-31,2026q4,,,deposit_in_interbank,,,deposit_in_interbank,,identity_q1_or_ytd_diff,outside_current_available_window
601328.XSHG,balance,2026-12-31,2026q4,,,borrowing_capital,,,borrowing_capital,,identity_q1_or_ytd_diff,outside_current_available_window
601328.XSHG,balance,2026-12-31,2026q4,,,trading_liability,,,trading_liability,,identity_q1_or_ytd_diff,outside_current_available_window
601328.XSHG,balance,2026-12-31,2026q4,,,notes_payable,,,notes_payable,,identity_q1_or_ytd_diff,outside_current_available_window
601328.XSHG,balance,2026-12-31,2026q4,,,accounts_payable,,,accounts_payable,,identity_q1_or_ytd_diff,outside_current_available_window
601328.XSHG,balance,2026-12-31,2026q4,,,advance_peceipts,,,advance_peceipts,,identity_q1_or_ytd_diff,outside_current_available_window
601328.XSHG,balance,2026-12-31,2026q4,,,sold_buyback_secu_proceeds,,,sold_buyback_secu_proceeds,,identity_q1_or_ytd_diff,outside_current_available_window
601328.XSHG,balance,2026-12-31,2026q4,,,commission_payable,,,commission_payable,,identity_q1_or_ytd_diff,outside_current_available_window
601328.XSHG,balance,2026-12-31,2026q4,,,salaries_payable,,,salaries_payable,,identity_q1_or_ytd_diff,outside_current_available_window
601328.XSHG,balance,2026-12-31,2026q4,,,taxs_payable,,,taxs_payable,,identity_q1_or_ytd_diff,outside_current_available_window
601328.XSHG,balance,2026-12-31,2026q4,,,interest_payable,,,interest_payable,,identity_q1_or_ytd_diff,outside_current_available_window
601328.XSHG,balance,2026-12-31,2026q4,,,other_payable,,,other_payable,,identity_q1_or_ytd_diff,outside_current_available_window
601328.XSHG,balance,2026-12-31,2026q4,,,insurance_contract_reserves,,,insurance_contract_reserves,,identity_q1_or_ytd_diff,outside_current_available_window
601328.XSHG,balance,2026-12-31,2026q4,,,proxy_secu_proceeds,,,proxy_secu_proceeds,,identity_q1_or_ytd_diff,outside_current_available_window
601328.XSHG,balance,2026-12-31,2026q4,,,non_current_liability_in_one_year,,,non_current_liability_in_one_year,,identity_q1_or_ytd_diff,outside_current_available_window
601328.XSHG,balance,2026-12-31,2026q4,,,other_current_liability,,,other_current_liability,,identity_q1_or_ytd_diff,outside_current_available_window
601328.XSHG,balance,2026-12-31,2026q4,,,total_current_liability,,,total_current_liability,,identity_q1_or_ytd_diff,outside_current_available_window
601328.XSHG,balance,2026-12-31,2026q4,,,longterm_loan,,,longterm_loan,,identity_q1_or_ytd_diff,outside_current_available_window
601328.XSHG,balance,2026-12-31,2026q4,,,bonds_payable,,,bonds_payable,,identity_q1_or_ytd_diff,outside_current_available_window
601328.XSHG,balance,2026-12-31,2026q4,,,estimate_liability,,,estimate_liability,,identity_q1_or_ytd_diff,outside_current_available_window
601328.XSHG,balance,2026-12-31,2026q4,,,deferred_tax_liability,,,deferred_tax_liability,,identity_q1_or_ytd_diff,outside_current_available_window
601328.XSHG,balance,2026-12-31,2026q4,,,other_non_current_liability,,,other_non_current_liability,,identity_q1_or_ytd_diff,outside_current_available_window
601328.XSHG,balance,2026-12-31,2026q4,,,total_non_current_liability,,,total_non_current_liability,,identity_q1_or_ytd_diff,outside_current_available_window
601328.XSHG,balance,2026-12-31,2026q4,,,total_liability,,,total_liability,,identity_q1_or_ytd_diff,outside_current_available_window
601328.XSHG,balance,2026-12-31,2026q4,,,paidin_capital,,,paidin_capital,,identity_q1_or_ytd_diff,outside_current_available_window
601328.XSHG,balance,2026-12-31,2026q4,,,capital_reserve_fund,,,capital_reserve_fund,,identity_q1_or_ytd_diff,outside_current_available_window
601328.XSHG,balance,2026-12-31,2026q4,,,treasury_stock,,,treasury_stock,,identity_q1_or_ytd_diff,outside_current_available_window
601328.XSHG,balance,2026-12-31,2026q4,,,surplus_reserve_fund,,,surplus_reserve_fund,,identity_q1_or_ytd_diff,outside_current_available_window
601328.XSHG,balance,2026-12-31,2026q4,,,ordinary_risk_reserve_fund,,,ordinary_risk_reserve_fund,,identity_q1_or_ytd_diff,outside_current_available_window
601328.XSHG,balance,2026-12-31,2026q4,,,retained_profit,,,retained_profit,,identity_q1_or_ytd_diff,outside_current_available_window
601328.XSHG,balance,2026-12-31,2026q4,,,equities_parent_company_owners,,,equities_parent_company_owners,,identity_q1_or_ytd_diff,outside_current_available_window
601328.XSHG,balance,2026-12-31,2026q4,,,minority_interests,,,minority_interests,,identity_q1_or_ytd_diff,outside_current_available_window
601328.XSHG,balance,2026-12-31,2026q4,,,total_owner_equities,,,total_owner_equities,,identity_q1_or_ytd_diff,outside_current_available_window
601328.XSHG,balance,2026-12-31,2026q4,,,other_comprehensive_income,,,other_comprehensive_income,,identity_q1_or_ytd_diff,outside_current_available_window
601328.XSHG,balance,2026-12-31,2026q4,,,contract_assets,,,contract_assets,,identity_q1_or_ytd_diff,outside_current_available_window
601328.XSHG,balance,2026-12-31,2026q4,,,contract_liability,,,contract_liability,,identity_q1_or_ytd_diff,outside_current_available_window
601328.XSHG,balance,2026-12-31,2026q4,,,usufruct_assets,,,usufruct_assets,,identity_q1_or_ytd_diff,outside_current_available_window
