day,code,turnover_ratio,market_cap,circulating_market_cap,pe_ratio,pb_ratio,field_set
2014-01-02,000001.XSHE,0.8786,1002.5372,681.9328,6.7458,1.0563,"day,code,turnover_ratio,market_cap,circulating_market_cap,pe_ratio,pb_ratio"
2014-01-03,000001.XSHE,0.9884,977.9451,665.2051,6.5803,1.0304,"day,code,turnover_ratio,market_cap,circulating_market_cap,pe_ratio,pb_ratio"
2014-01-06,000001.XSHE,1.044,956.632,650.7077,6.4369,1.0079,"day,code,turnover_ratio,market_cap,circulating_market_cap,pe_ratio,pb_ratio"
2014-01-07,000001.XSHE,0.6069,953.353,648.4774,6.4148,1.0044,"day,code,turnover_ratio,market_cap,circulating_market_cap,pe_ratio,pb_ratio"
2014-01-08,000001.XSHE,0.821,1119.6397,655.7261,7.5337,1.1796,"day,code,turnover_ratio,market_cap,circulating_market_cap,pe_ratio,pb_ratio"
2014-01-09,000001.XSHE,0.8707,1125.3521,659.0716,7.5722,1.1857,"day,code,turnover_ratio,market_cap,circulating_market_cap,pe_ratio,pb_ratio"
2014-01-10,000001.XSHE,0.6837,1125.3521,659.0716,7.5722,1.1857,"day,code,turnover_ratio,market_cap,circulating_market_cap,pe_ratio,pb_ratio"
2014-01-13,000001.XSHE,0.8588,1104.4065,646.8046,7.4312,1.1636,"day,code,turnover_ratio,market_cap,circulating_market_cap,pe_ratio,pb_ratio"
2014-01-14,000001.XSHE,0.65,1115.8314,653.4957,7.5081,1.1756,"day,code,turnover_ratio,market_cap,circulating_market_cap,pe_ratio,pb_ratio"
2014-01-15,000001.XSHE,0.5344,1111.071,650.7077,7.4761,1.1706,"day,code,turnover_ratio,market_cap,circulating_market_cap,pe_ratio,pb_ratio"
2014-01-16,000001.XSHE,0.5373,1112.9752,651.8229,7.4889,1.1726,"day,code,turnover_ratio,market_cap,circulating_market_cap,pe_ratio,pb_ratio"
2014-01-17,000001.XSHE,0.7595,1092.9816,640.1135,7.3544,1.1516,"day,code,turnover_ratio,market_cap,circulating_market_cap,pe_ratio,pb_ratio"
2014-01-20,000001.XSHE,0.551,1075.8443,630.0769,7.239,1.1335,"day,code,turnover_ratio,market_cap,circulating_market_cap,pe_ratio,pb_ratio"
2014-01-21,000001.XSHE,0.4767,1081.5567,633.4225,7.2775,1.1395,"day,code,turnover_ratio,market_cap,circulating_market_cap,pe_ratio,pb_ratio"
2014-01-22,000001.XSHE,1.1103,1122.4959,657.3988,7.5529,1.1827,"day,code,turnover_ratio,market_cap,circulating_market_cap,pe_ratio,pb_ratio"
2014-01-23,000001.XSHE,0.6735,1113.9272,652.3805,7.4953,1.1736,"day,code,turnover_ratio,market_cap,circulating_market_cap,pe_ratio,pb_ratio"
2014-01-24,000001.XSHE,0.8703,1110.1189,650.1502,7.4697,1.1696,"day,code,turnover_ratio,market_cap,circulating_market_cap,pe_ratio,pb_ratio"
2014-01-27,000001.XSHE,0.7945,1084.4129,635.0952,7.2967,1.1425,"day,code,turnover_ratio,market_cap,circulating_market_cap,pe_ratio,pb_ratio"
2014-01-28,000001.XSHE,0.6989,1094.8858,641.2287,7.3672,1.1536,"day,code,turnover_ratio,market_cap,circulating_market_cap,pe_ratio,pb_ratio"
2014-01-29,000001.XSHE,0.5597,1100.5982,644.5743,7.4056,1.1596,"day,code,turnover_ratio,market_cap,circulating_market_cap,pe_ratio,pb_ratio"
2014-01-30,000001.XSHE,0.5226,1085.365,635.6528,7.3031,1.1435,"day,code,turnover_ratio,market_cap,circulating_market_cap,pe_ratio,pb_ratio"
2014-02-07,000001.XSHE,0.751,1083.4609,634.5376,7.2903,1.1415,"day,code,turnover_ratio,market_cap,circulating_market_cap,pe_ratio,pb_ratio"
2014-02-10,000001.XSHE,1.0424,1101.5503,645.1318,7.412,1.1606,"day,code,turnover_ratio,market_cap,circulating_market_cap,pe_ratio,pb_ratio"
2014-02-11,000001.XSHE,2.3502,1142.4895,669.1082,7.6875,1.2037,"day,code,turnover_ratio,market_cap,circulating_market_cap,pe_ratio,pb_ratio"
2014-02-12,000001.XSHE,1.2458,1136.777,665.7627,7.649,1.1977,"day,code,turnover_ratio,market_cap,circulating_market_cap,pe_ratio,pb_ratio"
2014-02-13,000001.XSHE,2.1847,1163.4351,681.3752,7.8284,1.2258,"day,code,turnover_ratio,market_cap,circulating_market_cap,pe_ratio,pb_ratio"
2014-02-14,000001.XSHE,1.0444,1150.1061,673.5689,7.7387,1.2117,"day,code,turnover_ratio,market_cap,circulating_market_cap,pe_ratio,pb_ratio"
2014-02-17,000001.XSHE,1.0921,1139.6333,667.4355,7.6683,1.2007,"day,code,turnover_ratio,market_cap,circulating_market_cap,pe_ratio,pb_ratio"
2014-02-18,000001.XSHE,1.069,1110.1189,650.1502,7.4697,1.1696,"day,code,turnover_ratio,market_cap,circulating_market_cap,pe_ratio,pb_ratio"
2014-02-19,000001.XSHE,1.7722,1142.4895,669.1082,7.6875,1.2037,"day,code,turnover_ratio,market_cap,circulating_market_cap,pe_ratio,pb_ratio"
2014-02-20,000001.XSHE,1.3744,1119.6397,655.7261,7.5337,1.1796,"day,code,turnover_ratio,market_cap,circulating_market_cap,pe_ratio,pb_ratio"
2014-02-21,000001.XSHE,0.8608,1104.4065,646.8046,7.4312,1.1636,"day,code,turnover_ratio,market_cap,circulating_market_cap,pe_ratio,pb_ratio"
2014-02-24,000001.XSHE,1.1977,1062.5152,622.2706,7.1494,1.1195,"day,code,turnover_ratio,market_cap,circulating_market_cap,pe_ratio,pb_ratio"
2014-02-25,000001.XSHE,0.9835,1049.1862,614.4644,7.0597,1.1054,"day,code,turnover_ratio,market_cap,circulating_market_cap,pe_ratio,pb_ratio"
2014-02-26,000001.XSHE,0.7316,1057.7548,619.4827,7.1173,1.1144,"day,code,turnover_ratio,market_cap,circulating_market_cap,pe_ratio,pb_ratio"
2014-02-27,000001.XSHE,0.9955,1070.1318,626.7314,7.2006,1.1275,"day,code,turnover_ratio,market_cap,circulating_market_cap,pe_ratio,pb_ratio"
2014-02-28,000001.XSHE,0.8003,1059.659,620.5979,7.1301,1.1165,"day,code,turnover_ratio,market_cap,circulating_market_cap,pe_ratio,pb_ratio"
2014-03-03,000001.XSHE,0.7666,1051.0903,615.5796,7.0725,1.1074,"day,code,turnover_ratio,market_cap,circulating_market_cap,pe_ratio,pb_ratio"
2014-03-04,000001.XSHE,0.9462,1045.3779,612.234,7.034,1.1014,"day,code,turnover_ratio,market_cap,circulating_market_cap,pe_ratio,pb_ratio"
2014-03-05,000001.XSHE,0.9559,1018.7198,596.6215,6.8547,1.0733,"day,code,turnover_ratio,market_cap,circulating_market_cap,pe_ratio,pb_ratio"
2014-03-06,000001.XSHE,0.9458,1025.3843,600.5246,6.8995,1.0803,"day,code,turnover_ratio,market_cap,circulating_market_cap,pe_ratio,pb_ratio"
2014-03-07,000001.XSHE,0.8764,1028.2405,602.1974,6.751,0.9174,"day,code,turnover_ratio,market_cap,circulating_market_cap,pe_ratio,pb_ratio"
2014-03-10,000001.XSHE,0.9762,981.5889,574.8755,6.4447,0.8758,"day,code,turnover_ratio,market_cap,circulating_market_cap,pe_ratio,pb_ratio"
2014-03-11,000001.XSHE,0.8085,974.9244,570.9724,6.4009,0.8698,"day,code,turnover_ratio,market_cap,circulating_market_cap,pe_ratio,pb_ratio"
2014-03-12,000001.XSHE,0.9238,985.3972,577.1058,6.4697,0.8792,"day,code,turnover_ratio,market_cap,circulating_market_cap,pe_ratio,pb_ratio"
2014-03-13,000001.XSHE,1.1238,1005.3907,588.8152,6.601,0.897,"day,code,turnover_ratio,market_cap,circulating_market_cap,pe_ratio,pb_ratio"
2014-03-14,000001.XSHE,0.8077,982.541,575.4331,6.4509,0.8766,"day,code,turnover_ratio,market_cap,circulating_market_cap,pe_ratio,pb_ratio"
2014-03-17,000001.XSHE,0.6689,996.8221,583.7969,6.5447,0.8894,"day,code,turnover_ratio,market_cap,circulating_market_cap,pe_ratio,pb_ratio"
2014-03-18,000001.XSHE,0.7744,988.2534,578.7786,6.4884,0.8817,"day,code,turnover_ratio,market_cap,circulating_market_cap,pe_ratio,pb_ratio"
2014-03-19,000001.XSHE,0.6511,974.9244,570.9724,6.4009,0.8698,"day,code,turnover_ratio,market_cap,circulating_market_cap,pe_ratio,pb_ratio"
2014-03-20,000001.XSHE,0.8158,961.5953,563.1661,6.3134,0.8579,"day,code,turnover_ratio,market_cap,circulating_market_cap,pe_ratio,pb_ratio"
2014-03-21,000001.XSHE,2.245,1027.2885,601.6398,6.7447,0.9166,"day,code,turnover_ratio,market_cap,circulating_market_cap,pe_ratio,pb_ratio"
2014-03-24,000001.XSHE,1.511,1027.2885,601.6398,6.7447,0.9166,"day,code,turnover_ratio,market_cap,circulating_market_cap,pe_ratio,pb_ratio"
2014-03-25,000001.XSHE,0.7456,1009.199,591.0456,6.626,0.9004,"day,code,turnover_ratio,market_cap,circulating_market_cap,pe_ratio,pb_ratio"
2014-03-26,000001.XSHE,0.646,1018.7198,596.6215,6.6885,0.9089,"day,code,turnover_ratio,market_cap,circulating_market_cap,pe_ratio,pb_ratio"
2014-03-27,000001.XSHE,1.4404,1025.3843,600.5246,6.7322,0.9149,"day,code,turnover_ratio,market_cap,circulating_market_cap,pe_ratio,pb_ratio"
2014-03-28,000001.XSHE,0.9553,1026.3364,601.0822,6.7385,0.9157,"day,code,turnover_ratio,market_cap,circulating_market_cap,pe_ratio,pb_ratio"
2014-03-31,000001.XSHE,0.5759,1025.3843,600.5246,6.7322,0.9149,"day,code,turnover_ratio,market_cap,circulating_market_cap,pe_ratio,pb_ratio"
2014-04-01,000001.XSHE,0.5044,1028.2405,602.1974,6.751,0.9174,"day,code,turnover_ratio,market_cap,circulating_market_cap,pe_ratio,pb_ratio"
2014-04-02,000001.XSHE,0.8257,1038.7134,608.3309,6.8197,0.9268,"day,code,turnover_ratio,market_cap,circulating_market_cap,pe_ratio,pb_ratio"
2014-04-03,000001.XSHE,0.8136,1025.3843,600.5246,6.7322,0.9149,"day,code,turnover_ratio,market_cap,circulating_market_cap,pe_ratio,pb_ratio"
2014-04-04,000001.XSHE,0.6135,1027.2885,601.6398,6.7447,0.9166,"day,code,turnover_ratio,market_cap,circulating_market_cap,pe_ratio,pb_ratio"
2014-04-08,000001.XSHE,2.4084,1073.9401,628.9617,7.051,0.9582,"day,code,turnover_ratio,market_cap,circulating_market_cap,pe_ratio,pb_ratio"
2014-04-09,000001.XSHE,0.9996,1065.3714,623.9434,6.9948,0.9505,"day,code,turnover_ratio,market_cap,circulating_market_cap,pe_ratio,pb_ratio"
2014-04-10,000001.XSHE,1.3811,1081.5567,633.4225,7.101,0.965,"day,code,turnover_ratio,market_cap,circulating_market_cap,pe_ratio,pb_ratio"
2014-04-11,000001.XSHE,1.064,1085.365,635.6528,7.126,0.9684,"day,code,turnover_ratio,market_cap,circulating_market_cap,pe_ratio,pb_ratio"
2014-04-14,000001.XSHE,0.7564,1073.9401,628.9617,7.051,0.9582,"day,code,turnover_ratio,market_cap,circulating_market_cap,pe_ratio,pb_ratio"
2014-04-15,000001.XSHE,0.9589,1044.4258,611.6764,6.8572,0.9318,"day,code,turnover_ratio,market_cap,circulating_market_cap,pe_ratio,pb_ratio"
2014-04-16,000001.XSHE,0.6755,1046.3299,612.7916,6.8697,0.9335,"day,code,turnover_ratio,market_cap,circulating_market_cap,pe_ratio,pb_ratio"
2014-04-17,000001.XSHE,0.5468,1037.7613,607.7733,6.8135,0.9259,"day,code,turnover_ratio,market_cap,circulating_market_cap,pe_ratio,pb_ratio"
2014-04-18,000001.XSHE,0.5803,1028.2405,602.1974,6.751,0.9174,"day,code,turnover_ratio,market_cap,circulating_market_cap,pe_ratio,pb_ratio"
2014-04-21,000001.XSHE,0.5347,1017.7677,596.0639,6.6822,0.9081,"day,code,turnover_ratio,market_cap,circulating_market_cap,pe_ratio,pb_ratio"
2014-04-22,000001.XSHE,0.9385,1052.9945,616.6947,6.9135,0.9395,"day,code,turnover_ratio,market_cap,circulating_market_cap,pe_ratio,pb_ratio"
2014-04-23,000001.XSHE,2.136,1075.8443,630.0769,7.0635,0.9599,"day,code,turnover_ratio,market_cap,circulating_market_cap,pe_ratio,pb_ratio"
2014-04-24,000001.XSHE,1.137,1069.1797,626.1738,6.4038,0.9115,"day,code,turnover_ratio,market_cap,circulating_market_cap,pe_ratio,pb_ratio"
2014-04-25,000001.XSHE,1.2811,1071.0839,627.289,6.4152,0.9131,"day,code,turnover_ratio,market_cap,circulating_market_cap,pe_ratio,pb_ratio"
2014-04-28,000001.XSHE,0.9434,1050.1382,615.022,6.2898,0.8953,"day,code,turnover_ratio,market_cap,circulating_market_cap,pe_ratio,pb_ratio"
2014-04-29,000001.XSHE,0.7418,1062.5152,622.2706,6.3639,0.9058,"day,code,turnover_ratio,market_cap,circulating_market_cap,pe_ratio,pb_ratio"
2014-04-30,000001.XSHE,0.4656,1060.6111,621.1555,6.3525,0.9042,"day,code,turnover_ratio,market_cap,circulating_market_cap,pe_ratio,pb_ratio"
2014-05-05,000001.XSHE,0.7232,1046.3299,612.7916,6.2669,0.892,"day,code,turnover_ratio,market_cap,circulating_market_cap,pe_ratio,pb_ratio"
2014-05-06,000001.XSHE,0.4802,1042.5216,610.5613,6.2441,0.8888,"day,code,turnover_ratio,market_cap,circulating_market_cap,pe_ratio,pb_ratio"
2014-05-07,000001.XSHE,0.4338,1033.0009,604.9854,6.1871,0.8806,"day,code,turnover_ratio,market_cap,circulating_market_cap,pe_ratio,pb_ratio"
2014-05-08,000001.XSHE,0.6808,1040.6175,609.4461,6.2327,0.8871,"day,code,turnover_ratio,market_cap,circulating_market_cap,pe_ratio,pb_ratio"
2014-05-09,000001.XSHE,0.5773,1052.0424,616.1372,6.3012,0.8969,"day,code,turnover_ratio,market_cap,circulating_market_cap,pe_ratio,pb_ratio"
2014-05-12,000001.XSHE,1.0796,1079.6526,632.3073,6.4665,0.9204,"day,code,turnover_ratio,market_cap,circulating_market_cap,pe_ratio,pb_ratio"
2014-05-13,000001.XSHE,0.5485,1069.1797,626.1738,6.4038,0.9115,"day,code,turnover_ratio,market_cap,circulating_market_cap,pe_ratio,pb_ratio"
2014-05-14,000001.XSHE,0.7463,1076.7963,630.6345,6.4494,0.918,"day,code,turnover_ratio,market_cap,circulating_market_cap,pe_ratio,pb_ratio"
2014-05-15,000001.XSHE,0.5607,1065.3714,623.9434,6.381,0.9082,"day,code,turnover_ratio,market_cap,circulating_market_cap,pe_ratio,pb_ratio"
2014-05-16,000001.XSHE,0.5591,1072.988,628.4041,6.4266,0.9147,"day,code,turnover_ratio,market_cap,circulating_market_cap,pe_ratio,pb_ratio"
2014-05-19,000001.XSHE,0.4683,1072.988,628.4041,6.4266,0.9147,"day,code,turnover_ratio,market_cap,circulating_market_cap,pe_ratio,pb_ratio"
2014-05-20,000001.XSHE,0.369,1070.1318,626.7314,6.4095,0.9123,"day,code,turnover_ratio,market_cap,circulating_market_cap,pe_ratio,pb_ratio"
2014-05-21,000001.XSHE,0.472,1078.7005,631.7497,6.4608,0.9196,"day,code,turnover_ratio,market_cap,circulating_market_cap,pe_ratio,pb_ratio"
2014-05-22,000001.XSHE,1.1104,1084.4129,635.0952,6.495,0.9245,"day,code,turnover_ratio,market_cap,circulating_market_cap,pe_ratio,pb_ratio"
2014-05-23,000001.XSHE,0.7449,1102.5023,645.6894,6.6034,0.9399,"day,code,turnover_ratio,market_cap,circulating_market_cap,pe_ratio,pb_ratio"
2014-05-26,000001.XSHE,0.5667,1102.5023,645.6894,6.6034,0.9399,"day,code,turnover_ratio,market_cap,circulating_market_cap,pe_ratio,pb_ratio"
2014-05-27,000001.XSHE,0.5101,1102.5023,645.6894,6.6034,0.9399,"day,code,turnover_ratio,market_cap,circulating_market_cap,pe_ratio,pb_ratio"
2014-05-28,000001.XSHE,0.7659,1104.4065,646.8046,6.6148,0.9415,"day,code,turnover_ratio,market_cap,circulating_market_cap,pe_ratio,pb_ratio"
2014-05-29,000001.XSHE,0.6497,1094.8858,641.2287,6.5578,0.9334,"day,code,turnover_ratio,market_cap,circulating_market_cap,pe_ratio,pb_ratio"
2014-05-30,000001.XSHE,0.5717,1094.8858,641.2287,6.5578,0.9334,"day,code,turnover_ratio,market_cap,circulating_market_cap,pe_ratio,pb_ratio"
2014-06-03,000001.XSHE,0.4988,1095.8378,641.7863,6.5635,0.9342,"day,code,turnover_ratio,market_cap,circulating_market_cap,pe_ratio,pb_ratio"
2014-06-04,000001.XSHE,0.5809,1078.7005,631.7497,6.4608,0.9196,"day,code,turnover_ratio,market_cap,circulating_market_cap,pe_ratio,pb_ratio"
2014-06-05,000001.XSHE,0.4417,1088.2212,637.3256,6.5179,0.9277,"day,code,turnover_ratio,market_cap,circulating_market_cap,pe_ratio,pb_ratio"
2014-06-06,000001.XSHE,0.3344,1083.4609,634.5376,6.4893,0.9237,"day,code,turnover_ratio,market_cap,circulating_market_cap,pe_ratio,pb_ratio"
2014-06-09,000001.XSHE,0.5623,1092.9816,640.1135,6.5464,0.9318,"day,code,turnover_ratio,market_cap,circulating_market_cap,pe_ratio,pb_ratio"
2014-06-10,000001.XSHE,1.1155,1118.6876,655.1685,6.7003,0.9537,"day,code,turnover_ratio,market_cap,circulating_market_cap,pe_ratio,pb_ratio"
2014-06-11,000001.XSHE,0.777,1121.5438,656.8412,6.7174,0.9561,"day,code,turnover_ratio,market_cap,circulating_market_cap,pe_ratio,pb_ratio"
2014-06-12,000001.XSHE,0.5492,1109.3573,649.7018,6.6444,0.9457,"day,code,turnover_ratio,market_cap,circulating_market_cap,pe_ratio,pb_ratio"
2014-06-13,000001.XSHE,1.8525,1156.1994,677.1351,6.925,0.9857,"day,code,turnover_ratio,market_cap,circulating_market_cap,pe_ratio,pb_ratio"
2014-06-16,000001.XSHE,1.3125,1157.3418,677.8042,6.9319,0.9867,"day,code,turnover_ratio,market_cap,circulating_market_cap,pe_ratio,pb_ratio"
2014-06-17,000001.XSHE,0.8098,1147.0594,671.7823,6.8703,0.9779,"day,code,turnover_ratio,market_cap,circulating_market_cap,pe_ratio,pb_ratio"
2014-06-18,000001.XSHE,0.8049,1126.4946,659.7384,6.7471,0.9604,"day,code,turnover_ratio,market_cap,circulating_market_cap,pe_ratio,pb_ratio"
2014-06-19,000001.XSHE,0.722,1117.3547,654.3855,6.6923,0.9526,"day,code,turnover_ratio,market_cap,circulating_market_cap,pe_ratio,pb_ratio"
2014-06-20,000001.XSHE,0.5561,1125.3521,659.0693,6.7402,0.9594,"day,code,turnover_ratio,market_cap,circulating_market_cap,pe_ratio,pb_ratio"
2014-06-23,000001.XSHE,0.6439,1116.2122,653.7164,6.6855,0.9516,"day,code,turnover_ratio,market_cap,circulating_market_cap,pe_ratio,pb_ratio"
2014-06-24,000001.XSHE,0.4253,1119.6397,655.7237,6.706,0.9545,"day,code,turnover_ratio,market_cap,circulating_market_cap,pe_ratio,pb_ratio"
2014-06-25,000001.XSHE,0.4054,1116.2122,653.7164,6.6855,0.9516,"day,code,turnover_ratio,market_cap,circulating_market_cap,pe_ratio,pb_ratio"
2014-06-26,000001.XSHE,0.5125,1121.9247,657.062,6.7197,0.9565,"day,code,turnover_ratio,market_cap,circulating_market_cap,pe_ratio,pb_ratio"
2014-06-27,000001.XSHE,0.5493,1121.9247,657.062,6.7197,0.9565,"day,code,turnover_ratio,market_cap,circulating_market_cap,pe_ratio,pb_ratio"
2014-06-30,000001.XSHE,0.6684,1132.2071,663.0839,6.7813,0.9652,"day,code,turnover_ratio,market_cap,circulating_market_cap,pe_ratio,pb_ratio"
2014-07-01,000001.XSHE,0.4259,1126.4946,659.7384,6.7471,0.9604,"day,code,turnover_ratio,market_cap,circulating_market_cap,pe_ratio,pb_ratio"
2014-07-02,000001.XSHE,0.4275,1129.9221,661.7457,6.7676,0.9633,"day,code,turnover_ratio,market_cap,circulating_market_cap,pe_ratio,pb_ratio"
2014-07-03,000001.XSHE,0.6679,1137.9195,666.4294,6.8155,0.9701,"day,code,turnover_ratio,market_cap,circulating_market_cap,pe_ratio,pb_ratio"
2014-07-04,000001.XSHE,0.5116,1132.2071,663.0839,6.7813,0.9652,"day,code,turnover_ratio,market_cap,circulating_market_cap,pe_ratio,pb_ratio"
2014-07-07,000001.XSHE,0.5127,1126.4946,659.7384,6.7471,0.9604,"day,code,turnover_ratio,market_cap,circulating_market_cap,pe_ratio,pb_ratio"
2014-07-08,000001.XSHE,0.5172,1134.4921,664.4221,6.795,0.9672,"day,code,turnover_ratio,market_cap,circulating_market_cap,pe_ratio,pb_ratio"
2014-07-09,000001.XSHE,0.8786,1102.5023,645.6872,6.6034,0.9399,"day,code,turnover_ratio,market_cap,circulating_market_cap,pe_ratio,pb_ratio"
2014-07-10,000001.XSHE,0.5384,1104.7873,647.0254,6.6171,0.9418,"day,code,turnover_ratio,market_cap,circulating_market_cap,pe_ratio,pb_ratio"
2014-07-11,000001.XSHE,0.4757,1104.7873,647.0254,6.6171,0.9418,"day,code,turnover_ratio,market_cap,circulating_market_cap,pe_ratio,pb_ratio"
2014-07-14,000001.XSHE,0.6921,1110.4998,650.3709,6.6513,0.9467,"day,code,turnover_ratio,market_cap,circulating_market_cap,pe_ratio,pb_ratio"
2014-07-15,000001.XSHE,,1110.4998,650.3709,6.6513,0.9467,"day,code,turnover_ratio,market_cap,circulating_market_cap,pe_ratio,pb_ratio"
2014-07-16,000001.XSHE,0.9232,1097.9324,643.0107,6.576,0.936,"day,code,turnover_ratio,market_cap,circulating_market_cap,pe_ratio,pb_ratio"
2014-07-17,000001.XSHE,0.4784,1095.6474,641.6725,6.5623,0.9341,"day,code,turnover_ratio,market_cap,circulating_market_cap,pe_ratio,pb_ratio"
2014-07-18,000001.XSHE,0.5606,1096.7899,642.3416,6.5692,0.935,"day,code,turnover_ratio,market_cap,circulating_market_cap,pe_ratio,pb_ratio"
2014-07-21,000001.XSHE,0.408,1091.0775,638.9961,6.535,0.9302,"day,code,turnover_ratio,market_cap,circulating_market_cap,pe_ratio,pb_ratio"
2014-07-22,000001.XSHE,0.9172,1111.6423,651.04,6.6581,0.9477,"day,code,turnover_ratio,market_cap,circulating_market_cap,pe_ratio,pb_ratio"
2014-07-23,000001.XSHE,0.8305,1115.0697,653.0473,6.6787,0.9506,"day,code,turnover_ratio,market_cap,circulating_market_cap,pe_ratio,pb_ratio"
2014-07-24,000001.XSHE,2.6989,1160.7693,679.8116,6.9524,0.9896,"day,code,turnover_ratio,market_cap,circulating_market_cap,pe_ratio,pb_ratio"
2014-07-25,000001.XSHE,1.2762,1167.6242,683.8262,6.9934,0.9954,"day,code,turnover_ratio,market_cap,circulating_market_cap,pe_ratio,pb_ratio"
2014-07-28,000001.XSHE,2.7916,1231.6037,721.2961,7.3766,1.05,"day,code,turnover_ratio,market_cap,circulating_market_cap,pe_ratio,pb_ratio"
2014-07-29,000001.XSHE,1.7962,1236.1736,723.9725,7.404,1.0539,"day,code,turnover_ratio,market_cap,circulating_market_cap,pe_ratio,pb_ratio"
2014-07-30,000001.XSHE,1.2106,1228.1762,719.2888,7.3561,1.047,"day,code,turnover_ratio,market_cap,circulating_market_cap,pe_ratio,pb_ratio"
2014-07-31,000001.XSHE,0.9532,1241.8861,727.3181,7.4382,1.0587,"day,code,turnover_ratio,market_cap,circulating_market_cap,pe_ratio,pb_ratio"
2014-08-01,000001.XSHE,1.2771,1222.4637,715.9433,7.3219,1.0422,"day,code,turnover_ratio,market_cap,circulating_market_cap,pe_ratio,pb_ratio"
2014-08-04,000001.XSHE,1.2414,1248.741,731.3327,7.4793,1.0646,"day,code,turnover_ratio,market_cap,circulating_market_cap,pe_ratio,pb_ratio"
2014-08-05,000001.XSHE,1.1241,1236.1736,723.9725,7.404,1.0539,"day,code,turnover_ratio,market_cap,circulating_market_cap,pe_ratio,pb_ratio"
2014-08-06,000001.XSHE,1.2474,1216.7513,712.5977,7.2877,1.0373,"day,code,turnover_ratio,market_cap,circulating_market_cap,pe_ratio,pb_ratio"
2014-08-07,000001.XSHE,0.8914,1199.614,702.5612,7.185,1.0227,"day,code,turnover_ratio,market_cap,circulating_market_cap,pe_ratio,pb_ratio"
2014-08-08,000001.XSHE,0.8304,1204.1839,705.2376,7.2124,1.0266,"day,code,turnover_ratio,market_cap,circulating_market_cap,pe_ratio,pb_ratio"
2014-08-11,000001.XSHE,0.9286,1223.6062,716.6124,7.3287,1.0431,"day,code,turnover_ratio,market_cap,circulating_market_cap,pe_ratio,pb_ratio"
2014-08-12,000001.XSHE,0.7186,1211.0388,709.2522,7.2535,1.0324,"day,code,turnover_ratio,market_cap,circulating_market_cap,pe_ratio,pb_ratio"
2014-08-13,000001.XSHE,0.7971,1216.7513,712.5977,7.2877,1.0373,"day,code,turnover_ratio,market_cap,circulating_market_cap,pe_ratio,pb_ratio"
2014-08-14,000001.XSHE,0.7827,1204.1839,705.2376,6.7757,0.9957,"day,code,turnover_ratio,market_cap,circulating_market_cap,pe_ratio,pb_ratio"
2014-08-15,000001.XSHE,1.0089,1208.7539,707.914,6.8015,0.9995,"day,code,turnover_ratio,market_cap,circulating_market_cap,pe_ratio,pb_ratio"
2014-08-18,000001.XSHE,0.8803,1216.7513,712.5977,6.8465,1.0061,"day,code,turnover_ratio,market_cap,circulating_market_cap,pe_ratio,pb_ratio"
2014-08-19,000001.XSHE,0.8681,1208.7539,707.914,6.8015,0.9995,"day,code,turnover_ratio,market_cap,circulating_market_cap,pe_ratio,pb_ratio"
2014-08-20,000001.XSHE,0.8568,1196.1865,700.5538,6.7307,0.9891,"day,code,turnover_ratio,market_cap,circulating_market_cap,pe_ratio,pb_ratio"
2014-08-21,000001.XSHE,0.9449,1181.3341,691.8555,6.6472,0.9768,"day,code,turnover_ratio,market_cap,circulating_market_cap,pe_ratio,pb_ratio"
2014-08-22,000001.XSHE,0.7197,1182.4766,692.5246,6.6536,0.9777,"day,code,turnover_ratio,market_cap,circulating_market_cap,pe_ratio,pb_ratio"
2014-08-25,000001.XSHE,0.7614,1166.4818,683.1571,6.5636,0.9645,"day,code,turnover_ratio,market_cap,circulating_market_cap,pe_ratio,pb_ratio"
2014-08-26,000001.XSHE,0.6892,1164.1968,681.8189,6.5507,0.9626,"day,code,turnover_ratio,market_cap,circulating_market_cap,pe_ratio,pb_ratio"
2014-08-27,000001.XSHE,0.8566,1169.9092,685.1644,6.5829,0.9673,"day,code,turnover_ratio,market_cap,circulating_market_cap,pe_ratio,pb_ratio"
2014-08-28,000001.XSHE,0.6561,1159.6268,679.1424,6.525,0.9588,"day,code,turnover_ratio,market_cap,circulating_market_cap,pe_ratio,pb_ratio"
2014-08-29,000001.XSHE,0.5137,1171.0517,685.8335,6.5893,0.9683,"day,code,turnover_ratio,market_cap,circulating_market_cap,pe_ratio,pb_ratio"
2014-09-01,000001.XSHE,0.4959,1176.7642,1013.1814,6.6215,0.973,"day,code,turnover_ratio,market_cap,circulating_market_cap,pe_ratio,pb_ratio"
2014-09-02,000001.XSHE,0.8011,1193.9015,1027.9364,6.7179,0.9872,"day,code,turnover_ratio,market_cap,circulating_market_cap,pe_ratio,pb_ratio"
2014-09-03,000001.XSHE,0.7797,1199.614,1032.8548,6.75,0.9919,"day,code,turnover_ratio,market_cap,circulating_market_cap,pe_ratio,pb_ratio"
2014-09-04,000001.XSHE,0.6386,1205.3264,1037.7731,6.7822,0.9966,"day,code,turnover_ratio,market_cap,circulating_market_cap,pe_ratio,pb_ratio"
2014-09-05,000001.XSHE,0.6078,1207.6114,1039.7405,6.795,0.9985,"day,code,turnover_ratio,market_cap,circulating_market_cap,pe_ratio,pb_ratio"
2014-09-09,000001.XSHE,0.5761,1195.044,1028.9201,6.7243,0.9881,"day,code,turnover_ratio,market_cap,circulating_market_cap,pe_ratio,pb_ratio"
2014-09-10,000001.XSHE,0.5404,1180.1916,1016.1324,6.6407,0.9758,"day,code,turnover_ratio,market_cap,circulating_market_cap,pe_ratio,pb_ratio"
2014-09-11,000001.XSHE,0.7253,1184.7616,1020.067,6.6665,0.9796,"day,code,turnover_ratio,market_cap,circulating_market_cap,pe_ratio,pb_ratio"
2014-09-12,000001.XSHE,0.4154,1184.7616,1020.067,6.6665,0.9796,"day,code,turnover_ratio,market_cap,circulating_market_cap,pe_ratio,pb_ratio"
2014-09-15,000001.XSHE,0.524,1177.9067,1014.165,6.6279,0.974,"day,code,turnover_ratio,market_cap,circulating_market_cap,pe_ratio,pb_ratio"
2014-09-16,000001.XSHE,0.8421,1171.0517,1008.263,6.5893,0.9683,"day,code,turnover_ratio,market_cap,circulating_market_cap,pe_ratio,pb_ratio"
2014-09-17,000001.XSHE,0.566,1172.1942,1009.2467,6.5957,0.9692,"day,code,turnover_ratio,market_cap,circulating_market_cap,pe_ratio,pb_ratio"
2014-09-18,000001.XSHE,0.7811,1180.1916,1016.1324,6.6407,0.9758,"day,code,turnover_ratio,market_cap,circulating_market_cap,pe_ratio,pb_ratio"
2014-09-19,000001.XSHE,0.5802,1185.9041,1021.0507,6.6729,0.9806,"day,code,turnover_ratio,market_cap,circulating_market_cap,pe_ratio,pb_ratio"
2014-09-22,000001.XSHE,0.8033,1149.3444,989.5732,6.4672,0.9503,"day,code,turnover_ratio,market_cap,circulating_market_cap,pe_ratio,pb_ratio"
2014-09-23,000001.XSHE,0.4698,1153.9144,993.5079,6.4929,0.9541,"day,code,turnover_ratio,market_cap,circulating_market_cap,pe_ratio,pb_ratio"
2014-09-24,000001.XSHE,0.7732,1174.4792,1011.214,6.6086,0.9711,"day,code,turnover_ratio,market_cap,circulating_market_cap,pe_ratio,pb_ratio"
2014-09-25,000001.XSHE,0.6884,1163.0543,1001.3773,6.5443,0.9617,"day,code,turnover_ratio,market_cap,circulating_market_cap,pe_ratio,pb_ratio"
2014-09-26,000001.XSHE,0.4612,1156.1994,995.4753,6.5057,0.956,"day,code,turnover_ratio,market_cap,circulating_market_cap,pe_ratio,pb_ratio"
2014-09-29,000001.XSHE,0.6154,1156.1994,995.4753,6.5057,0.956,"day,code,turnover_ratio,market_cap,circulating_market_cap,pe_ratio,pb_ratio"
2014-09-30,000001.XSHE,0.492,1158.4843,997.4426,6.5186,0.9579,"day,code,turnover_ratio,market_cap,circulating_market_cap,pe_ratio,pb_ratio"
2014-10-08,000001.XSHE,0.6859,1172.1942,1009.2467,6.5957,0.9692,"day,code,turnover_ratio,market_cap,circulating_market_cap,pe_ratio,pb_ratio"
2014-10-09,000001.XSHE,0.6734,1165.3393,1003.3446,6.5572,0.9636,"day,code,turnover_ratio,market_cap,circulating_market_cap,pe_ratio,pb_ratio"
2014-10-10,000001.XSHE,0.6703,1160.7693,999.41,6.5315,0.9598,"day,code,turnover_ratio,market_cap,circulating_market_cap,pe_ratio,pb_ratio"
2014-10-13,000001.XSHE,0.5285,1153.9144,993.5079,6.4929,0.9541,"day,code,turnover_ratio,market_cap,circulating_market_cap,pe_ratio,pb_ratio"
2014-10-14,000001.XSHE,0.5854,1156.1994,995.4753,6.5057,0.956,"day,code,turnover_ratio,market_cap,circulating_market_cap,pe_ratio,pb_ratio"
2014-10-15,000001.XSHE,0.6076,1160.7693,999.41,6.5315,0.9598,"day,code,turnover_ratio,market_cap,circulating_market_cap,pe_ratio,pb_ratio"
2014-10-16,000001.XSHE,1.3457,1165.3393,1003.3446,6.5572,0.9636,"day,code,turnover_ratio,market_cap,circulating_market_cap,pe_ratio,pb_ratio"
2014-10-17,000001.XSHE,0.7121,1156.1994,995.4753,6.5057,0.956,"day,code,turnover_ratio,market_cap,circulating_market_cap,pe_ratio,pb_ratio"
2014-10-20,000001.XSHE,0.6213,1161.9118,1000.3936,6.5379,0.9607,"day,code,turnover_ratio,market_cap,circulating_market_cap,pe_ratio,pb_ratio"
2014-10-21,000001.XSHE,0.4944,1152.7719,992.5243,6.4864,0.9532,"day,code,turnover_ratio,market_cap,circulating_market_cap,pe_ratio,pb_ratio"
2014-10-22,000001.XSHE,0.5687,1153.9144,993.5079,6.4929,0.9541,"day,code,turnover_ratio,market_cap,circulating_market_cap,pe_ratio,pb_ratio"
2014-10-23,000001.XSHE,1.6118,1169.9092,1007.2793,6.5829,0.9673,"day,code,turnover_ratio,market_cap,circulating_market_cap,pe_ratio,pb_ratio"
2014-10-24,000001.XSHE,0.8346,1163.0543,1001.3773,6.0484,0.9177,"day,code,turnover_ratio,market_cap,circulating_market_cap,pe_ratio,pb_ratio"
2014-10-27,000001.XSHE,0.7417,1144.7745,985.6386,5.9534,0.9033,"day,code,turnover_ratio,market_cap,circulating_market_cap,pe_ratio,pb_ratio"
2014-10-28,000001.XSHE,0.5395,1161.9118,1000.3936,6.0425,0.9168,"day,code,turnover_ratio,market_cap,circulating_market_cap,pe_ratio,pb_ratio"
2014-10-29,000001.XSHE,1.083,1176.7642,1013.1814,6.1197,0.9285,"day,code,turnover_ratio,market_cap,circulating_market_cap,pe_ratio,pb_ratio"
2014-10-30,000001.XSHE,1.5459,1191.6165,1025.9691,6.197,0.9402,"day,code,turnover_ratio,market_cap,circulating_market_cap,pe_ratio,pb_ratio"
2014-10-31,000001.XSHE,3.6527,1260.1659,1084.9894,6.5535,0.9943,"day,code,turnover_ratio,market_cap,circulating_market_cap,pe_ratio,pb_ratio"
2014-11-03,000001.XSHE,1.9487,1269.3058,1092.8587,6.601,1.0015,"day,code,turnover_ratio,market_cap,circulating_market_cap,pe_ratio,pb_ratio"
2014-11-04,000001.XSHE,1.3409,1239.6011,1067.2833,6.4465,0.9781,"day,code,turnover_ratio,market_cap,circulating_market_cap,pe_ratio,pb_ratio"
2014-11-05,000001.XSHE,1.3072,1236.1736,1064.3323,6.4287,0.9754,"day,code,turnover_ratio,market_cap,circulating_market_cap,pe_ratio,pb_ratio"
2014-11-06,000001.XSHE,0.6558,1238.4586,1066.2996,6.4406,0.9772,"day,code,turnover_ratio,market_cap,circulating_market_cap,pe_ratio,pb_ratio"
2014-11-07,000001.XSHE,2.2715,1246.456,1073.1853,6.4822,0.9835,"day,code,turnover_ratio,market_cap,circulating_market_cap,pe_ratio,pb_ratio"
2014-11-10,000001.XSHE,1.6483,1272.7333,1095.8097,6.6188,1.0042,"day,code,turnover_ratio,market_cap,circulating_market_cap,pe_ratio,pb_ratio"
2014-11-11,000001.XSHE,3.0309,1287.5856,1108.5975,6.6961,1.016,"day,code,turnover_ratio,market_cap,circulating_market_cap,pe_ratio,pb_ratio"
2014-11-12,000001.XSHE,1.4125,1279.5882,1101.7118,6.6545,1.0096,"day,code,turnover_ratio,market_cap,circulating_market_cap,pe_ratio,pb_ratio"
2014-11-13,000001.XSHE,1.3626,1262.4509,1086.9567,6.5653,0.9961,"day,code,turnover_ratio,market_cap,circulating_market_cap,pe_ratio,pb_ratio"
2014-11-14,000001.XSHE,0.9165,1248.741,1075.1526,6.4941,0.9853,"day,code,turnover_ratio,market_cap,circulating_market_cap,pe_ratio,pb_ratio"
2014-11-17,000001.XSHE,0.9044,1229.3187,1058.4302,6.393,0.97,"day,code,turnover_ratio,market_cap,circulating_market_cap,pe_ratio,pb_ratio"
2014-11-18,000001.XSHE,0.9457,1212.1813,1043.6752,6.3039,0.9565,"day,code,turnover_ratio,market_cap,circulating_market_cap,pe_ratio,pb_ratio"
2014-11-19,000001.XSHE,0.6015,1214.4663,1045.6425,6.3158,0.9583,"day,code,turnover_ratio,market_cap,circulating_market_cap,pe_ratio,pb_ratio"
2014-11-20,000001.XSHE,0.6949,1214.4663,1045.6425,6.3158,0.9583,"day,code,turnover_ratio,market_cap,circulating_market_cap,pe_ratio,pb_ratio"
2014-11-21,000001.XSHE,1.1658,1233.8886,1062.3649,6.4168,0.9736,"day,code,turnover_ratio,market_cap,circulating_market_cap,pe_ratio,pb_ratio"
2014-11-24,000001.XSHE,2.2643,1231.6037,1060.3976,6.4049,0.9718,"day,code,turnover_ratio,market_cap,circulating_market_cap,pe_ratio,pb_ratio"
2014-11-25,000001.XSHE,1.5938,1254.4534,1080.071,6.5238,0.9898,"day,code,turnover_ratio,market_cap,circulating_market_cap,pe_ratio,pb_ratio"
2014-11-26,000001.XSHE,2.2212,1280.7307,1102.6954,6.6604,1.0106,"day,code,turnover_ratio,market_cap,circulating_market_cap,pe_ratio,pb_ratio"
2014-11-27,000001.XSHE,2.1388,1292.1556,1112.5321,6.7198,1.0196,"day,code,turnover_ratio,market_cap,circulating_market_cap,pe_ratio,pb_ratio"
2014-11-28,000001.XSHE,4.9253,1421.2569,1223.687,7.3912,1.1214,"day,code,turnover_ratio,market_cap,circulating_market_cap,pe_ratio,pb_ratio"
2014-12-01,000001.XSHE,4.5393,1392.6947,1199.0952,7.2427,1.0989,"day,code,turnover_ratio,market_cap,circulating_market_cap,pe_ratio,pb_ratio"
2014-12-02,000001.XSHE,3.5484,1498.9462,1290.5766,7.7952,1.1827,"day,code,turnover_ratio,market_cap,circulating_market_cap,pe_ratio,pb_ratio"
2014-12-03,000001.XSHE,4.0639,1496.6612,1288.6093,7.7834,1.1809,"day,code,turnover_ratio,market_cap,circulating_market_cap,pe_ratio,pb_ratio"
2014-12-04,000001.XSHE,3.5075,1594.9153,1373.205,8.2943,1.2585,"day,code,turnover_ratio,market_cap,circulating_market_cap,pe_ratio,pb_ratio"
2014-12-05,000001.XSHE,4.487,1660.0372,1429.2743,8.633,1.3098,"day,code,turnover_ratio,market_cap,circulating_market_cap,pe_ratio,pb_ratio"
2014-12-08,000001.XSHE,3.9936,1740.0115,1498.1313,9.0489,1.3729,"day,code,turnover_ratio,market_cap,circulating_market_cap,pe_ratio,pb_ratio"
2014-12-09,000001.XSHE,4.1126,1566.3531,1348.6132,8.1458,1.2359,"day,code,turnover_ratio,market_cap,circulating_market_cap,pe_ratio,pb_ratio"
2014-12-10,000001.XSHE,3.5864,1621.1926,1395.8295,8.431,1.2792,"day,code,turnover_ratio,market_cap,circulating_market_cap,pe_ratio,pb_ratio"
2014-12-11,000001.XSHE,2.2751,1590.3454,1369.2703,8.2706,1.2548,"day,code,turnover_ratio,market_cap,circulating_market_cap,pe_ratio,pb_ratio"
2014-12-12,000001.XSHE,1.6712,1592.6303,1371.2377,8.2824,1.2567,"day,code,turnover_ratio,market_cap,circulating_market_cap,pe_ratio,pb_ratio"
2014-12-15,000001.XSHE,1.8308,1551.5007,1335.8255,8.0685,1.2242,"day,code,turnover_ratio,market_cap,circulating_market_cap,pe_ratio,pb_ratio"
2014-12-16,000001.XSHE,2.5101,1644.0424,1415.5029,8.5498,1.2972,"day,code,turnover_ratio,market_cap,circulating_market_cap,pe_ratio,pb_ratio"
2014-12-17,000001.XSHE,4.4732,1754.8638,1510.919,9.1261,1.3847,"day,code,turnover_ratio,market_cap,circulating_market_cap,pe_ratio,pb_ratio"
2014-12-18,000001.XSHE,2.5113,1701.1668,1464.6864,8.8469,1.3423,"day,code,turnover_ratio,market_cap,circulating_market_cap,pe_ratio,pb_ratio"
2014-12-19,000001.XSHE,1.9675,1713.7342,1475.5068,8.9122,1.3522,"day,code,turnover_ratio,market_cap,circulating_market_cap,pe_ratio,pb_ratio"
2014-12-22,000001.XSHE,3.5249,1752.5789,1508.9516,9.1142,1.3829,"day,code,turnover_ratio,market_cap,circulating_market_cap,pe_ratio,pb_ratio"
2014-12-23,000001.XSHE,1.8277,1685.172,1450.915,8.7637,1.3297,"day,code,turnover_ratio,market_cap,circulating_market_cap,pe_ratio,pb_ratio"
2014-12-24,000001.XSHE,2.0436,1607.4827,1384.0254,8.3597,1.2684,"day,code,turnover_ratio,market_cap,circulating_market_cap,pe_ratio,pb_ratio"
2014-12-25,000001.XSHE,2.0304,1678.317,1445.013,8.7281,1.3243,"day,code,turnover_ratio,market_cap,circulating_market_cap,pe_ratio,pb_ratio"
2014-12-26,000001.XSHE,2.4775,1725.1591,1485.3435,8.9717,1.3612,"day,code,turnover_ratio,market_cap,circulating_market_cap,pe_ratio,pb_ratio"
2014-12-29,000001.XSHE,2.6291,1704.5943,1467.6375,8.8647,1.345,"day,code,turnover_ratio,market_cap,circulating_market_cap,pe_ratio,pb_ratio"
2014-12-30,000001.XSHE,2.4054,1770.8587,1524.6904,9.2093,1.3973,"day,code,turnover_ratio,market_cap,circulating_market_cap,pe_ratio,pb_ratio"
2014-12-31,000001.XSHE,2.4399,1809.7033,1558.1352,9.4113,1.4279,"day,code,turnover_ratio,market_cap,circulating_market_cap,pe_ratio,pb_ratio"
2015-01-05,000001.XSHE,2.9079,1830.2681,1575.8413,9.5183,1.4442,"day,code,turnover_ratio,market_cap,circulating_market_cap,pe_ratio,pb_ratio"
2015-01-06,000001.XSHE,2.2024,1802.8484,1552.2332,9.3757,1.4225,"day,code,turnover_ratio,market_cap,circulating_market_cap,pe_ratio,pb_ratio"
2015-01-07,000001.XSHE,1.7283,1768.5737,1522.723,9.1974,1.3955,"day,code,turnover_ratio,market_cap,circulating_market_cap,pe_ratio,pb_ratio"
2015-01-08,000001.XSHE,1.4311,1709.1643,1471.5721,8.8885,1.3486,"day,code,turnover_ratio,market_cap,circulating_market_cap,pe_ratio,pb_ratio"
2015-01-09,000001.XSHE,2.5501,1722.8741,1483.3762,8.9598,1.3594,"day,code,turnover_ratio,market_cap,circulating_market_cap,pe_ratio,pb_ratio"
2015-01-12,000001.XSHE,1.5791,1687.457,1452.8824,8.7756,1.3315,"day,code,turnover_ratio,market_cap,circulating_market_cap,pe_ratio,pb_ratio"
2015-01-13,000001.XSHE,0.8304,1677.1746,1444.0293,8.7221,1.3234,"day,code,turnover_ratio,market_cap,circulating_market_cap,pe_ratio,pb_ratio"
2015-01-14,000001.XSHE,1.284,1692.0269,1456.8171,8.7993,1.3351,"day,code,turnover_ratio,market_cap,circulating_market_cap,pe_ratio,pb_ratio"
2015-01-15,000001.XSHE,1.2628,1753.7213,1509.9353,9.1202,1.3838,"day,code,turnover_ratio,market_cap,circulating_market_cap,pe_ratio,pb_ratio"
2015-01-16,000001.XSHE,1.5817,1756.0063,1511.9027,9.1321,1.3856,"day,code,turnover_ratio,market_cap,circulating_market_cap,pe_ratio,pb_ratio"
2015-01-19,000001.XSHE,2.1726,1580.0629,1360.4173,8.2171,1.2467,"day,code,turnover_ratio,market_cap,circulating_market_cap,pe_ratio,pb_ratio"
2015-01-20,000001.XSHE,1.5158,1580.0629,1360.4173,8.2171,1.2467,"day,code,turnover_ratio,market_cap,circulating_market_cap,pe_ratio,pb_ratio"
2015-01-21,000001.XSHE,1.9727,1647.4698,1418.4539,8.5676,1.2999,"day,code,turnover_ratio,market_cap,circulating_market_cap,pe_ratio,pb_ratio"
2015-01-22,000001.XSHE,1.2758,1633.76,1406.6498,8.4963,1.2891,"day,code,turnover_ratio,market_cap,circulating_market_cap,pe_ratio,pb_ratio"
2015-01-23,000001.XSHE,1.4834,1645.1848,1416.4865,8.5557,1.2981,"day,code,turnover_ratio,market_cap,circulating_market_cap,pe_ratio,pb_ratio"
2015-01-26,000001.XSHE,1.0752,1638.3299,1410.5845,8.5201,1.2927,"day,code,turnover_ratio,market_cap,circulating_market_cap,pe_ratio,pb_ratio"
2015-01-27,000001.XSHE,1.3617,1598.3428,1376.156,8.3121,1.2612,"day,code,turnover_ratio,market_cap,circulating_market_cap,pe_ratio,pb_ratio"
2015-01-28,000001.XSHE,1.2615,1606.3402,1383.0417,8.3537,1.2675,"day,code,turnover_ratio,market_cap,circulating_market_cap,pe_ratio,pb_ratio"
2015-01-29,000001.XSHE,1.0336,1588.0604,1367.303,8.2587,1.253,"day,code,turnover_ratio,market_cap,circulating_market_cap,pe_ratio,pb_ratio"
2015-01-30,000001.XSHE,0.9456,1591.4878,1370.254,8.2765,1.2558,"day,code,turnover_ratio,market_cap,circulating_market_cap,pe_ratio,pb_ratio"
2015-02-02,000001.XSHE,0.8752,1557.2132,1340.7439,8.0983,1.2287,"day,code,turnover_ratio,market_cap,circulating_market_cap,pe_ratio,pb_ratio"
2015-02-03,000001.XSHE,0.898,1593.7728,1372.2213,8.2884,1.2576,"day,code,turnover_ratio,market_cap,circulating_market_cap,pe_ratio,pb_ratio"
2015-02-04,000001.XSHE,0.821,1566.3531,1348.6132,8.1458,1.2359,"day,code,turnover_ratio,market_cap,circulating_market_cap,pe_ratio,pb_ratio"
2015-02-05,000001.XSHE,1.9455,1575.493,1356.4826,8.1933,1.2431,"day,code,turnover_ratio,market_cap,circulating_market_cap,pe_ratio,pb_ratio"
2015-02-06,000001.XSHE,1.0475,1543.5033,1328.9398,8.027,1.2179,"day,code,turnover_ratio,market_cap,circulating_market_cap,pe_ratio,pb_ratio"
2015-02-09,000001.XSHE,0.9623,1544.6458,1329.9235,8.0329,1.2188,"day,code,turnover_ratio,market_cap,circulating_market_cap,pe_ratio,pb_ratio"
2015-02-10,000001.XSHE,0.7369,1573.208,1354.5153,8.1814,1.2413,"day,code,turnover_ratio,market_cap,circulating_market_cap,pe_ratio,pb_ratio"
2015-02-11,000001.XSHE,0.5636,1568.6381,1350.5806,8.1577,1.2377,"day,code,turnover_ratio,market_cap,circulating_market_cap,pe_ratio,pb_ratio"
2015-02-12,000001.XSHE,0.6188,1583.4904,1363.3683,8.2349,1.2494,"day,code,turnover_ratio,market_cap,circulating_market_cap,pe_ratio,pb_ratio"
2015-02-13,000001.XSHE,0.9025,1593.7728,1372.2213,8.2884,1.2576,"day,code,turnover_ratio,market_cap,circulating_market_cap,pe_ratio,pb_ratio"
2015-02-16,000001.XSHE,0.7332,1590.3454,1369.2703,8.2706,1.2548,"day,code,turnover_ratio,market_cap,circulating_market_cap,pe_ratio,pb_ratio"
2015-02-17,000001.XSHE,0.6918,1598.3428,1376.156,8.3121,1.2612,"day,code,turnover_ratio,market_cap,circulating_market_cap,pe_ratio,pb_ratio"
2015-02-25,000001.XSHE,0.587,1576.6355,1357.4663,8.1993,1.244,"day,code,turnover_ratio,market_cap,circulating_market_cap,pe_ratio,pb_ratio"
2015-02-26,000001.XSHE,1.0426,1607.4827,1384.0254,8.3597,1.2684,"day,code,turnover_ratio,market_cap,circulating_market_cap,pe_ratio,pb_ratio"
2015-02-27,000001.XSHE,0.8067,1598.3428,1376.156,8.3121,1.2612,"day,code,turnover_ratio,market_cap,circulating_market_cap,pe_ratio,pb_ratio"
2015-03-02,000001.XSHE,1.0357,1602.9127,1380.0907,8.3359,1.2648,"day,code,turnover_ratio,market_cap,circulating_market_cap,pe_ratio,pb_ratio"
2015-03-03,000001.XSHE,1.0771,1553.7857,1337.7929,8.0804,1.226,"day,code,turnover_ratio,market_cap,circulating_market_cap,pe_ratio,pb_ratio"
2015-03-04,000001.XSHE,0.8285,1550.3582,1334.8418,8.0626,1.2233,"day,code,turnover_ratio,market_cap,circulating_market_cap,pe_ratio,pb_ratio"
2015-03-05,000001.XSHE,0.8424,1528.6509,1316.1521,7.9497,1.2062,"day,code,turnover_ratio,market_cap,circulating_market_cap,pe_ratio,pb_ratio"
2015-03-06,000001.XSHE,0.5663,1535.5059,1322.0541,7.9854,1.2116,"day,code,turnover_ratio,market_cap,circulating_market_cap,pe_ratio,pb_ratio"
2015-03-09,000001.XSHE,2.2419,1616.6226,1391.8948,8.4072,1.2756,"day,code,turnover_ratio,market_cap,circulating_market_cap,pe_ratio,pb_ratio"
2015-03-10,000001.XSHE,1.4087,1573.208,1354.5153,8.1814,1.2413,"day,code,turnover_ratio,market_cap,circulating_market_cap,pe_ratio,pb_ratio"
2015-03-11,000001.XSHE,0.9183,1583.4904,1363.3683,8.2349,1.2494,"day,code,turnover_ratio,market_cap,circulating_market_cap,pe_ratio,pb_ratio"
2015-03-12,000001.XSHE,3.36,1668.0346,1436.16,8.6746,1.3161,"day,code,turnover_ratio,market_cap,circulating_market_cap,pe_ratio,pb_ratio"
2015-03-13,000001.XSHE,3.2165,1712.5917,1474.5232,8.6486,1.3078,"day,code,turnover_ratio,market_cap,circulating_market_cap,pe_ratio,pb_ratio"
2015-03-16,000001.XSHE,2.2553,1760.5763,1515.8373,8.8909,1.3445,"day,code,turnover_ratio,market_cap,circulating_market_cap,pe_ratio,pb_ratio"
2015-03-17,000001.XSHE,1.9924,1759.4338,1514.8537,8.8851,1.3436,"day,code,turnover_ratio,market_cap,circulating_market_cap,pe_ratio,pb_ratio"
2015-03-18,000001.XSHE,1.8614,1772.0012,1525.6741,8.9486,1.3532,"day,code,turnover_ratio,market_cap,circulating_market_cap,pe_ratio,pb_ratio"
2015-03-19,000001.XSHE,1.6065,1735.4415,1494.1966,8.764,1.3253,"day,code,turnover_ratio,market_cap,circulating_market_cap,pe_ratio,pb_ratio"
2015-03-20,000001.XSHE,2.0092,1750.2939,1506.9843,8.839,1.3366,"day,code,turnover_ratio,market_cap,circulating_market_cap,pe_ratio,pb_ratio"
2015-03-23,000001.XSHE,1.8116,1762.8613,1517.8047,8.9024,1.3462,"day,code,turnover_ratio,market_cap,circulating_market_cap,pe_ratio,pb_ratio"
2015-03-24,000001.XSHE,1.5851,1753.7213,1509.9353,8.8563,1.3392,"day,code,turnover_ratio,market_cap,circulating_market_cap,pe_ratio,pb_ratio"
2015-03-25,000001.XSHE,1.6179,1703.4518,1466.6538,8.6024,1.3009,"day,code,turnover_ratio,market_cap,circulating_market_cap,pe_ratio,pb_ratio"
2015-03-26,000001.XSHE,1.5126,1726.3016,1486.3272,8.7178,1.3183,"day,code,turnover_ratio,market_cap,circulating_market_cap,pe_ratio,pb_ratio"
2015-03-27,000001.XSHE,1.065,1722.8741,1483.3762,8.7005,1.3157,"day,code,turnover_ratio,market_cap,circulating_market_cap,pe_ratio,pb_ratio"
2015-03-30,000001.XSHE,2.6255,1789.1385,1540.4291,9.0351,1.3663,"day,code,turnover_ratio,market_cap,circulating_market_cap,pe_ratio,pb_ratio"
2015-03-31,000001.XSHE,2.7786,1799.4209,1549.2822,9.0871,1.3741,"day,code,turnover_ratio,market_cap,circulating_market_cap,pe_ratio,pb_ratio"
2015-04-01,000001.XSHE,1.6706,1823.4132,1569.9393,9.2082,1.3925,"day,code,turnover_ratio,market_cap,circulating_market_cap,pe_ratio,pb_ratio"
2015-04-02,000001.XSHE,1.4292,1805.1334,1554.2005,9.1159,1.3785,"day,code,turnover_ratio,market_cap,circulating_market_cap,pe_ratio,pb_ratio"
2015-04-03,000001.XSHE,1.4588,1810.8458,1559.1189,9.1448,1.3829,"day,code,turnover_ratio,market_cap,circulating_market_cap,pe_ratio,pb_ratio"
2015-04-07,000001.XSHE,3.0096,1920.5248,1653.5513,9.6986,1.4666,"day,code,turnover_ratio,market_cap,circulating_market_cap,pe_ratio,pb_ratio"
2015-04-08,000001.XSHE,3.4276,2047.3411,1762.7388,10.3391,1.5635,"day,code,turnover_ratio,market_cap,circulating_market_cap,pe_ratio,pb_ratio"
2015-04-09,000001.XSHE,3.2257,2056.4811,1770.6082,10.3852,1.5704,"day,code,turnover_ratio,market_cap,circulating_market_cap,pe_ratio,pb_ratio"
2015-04-10,000001.XSHE,3.3957,2262.1292,1947.669,11.4237,1.7275,"day,code,turnover_ratio,market_cap,circulating_market_cap,pe_ratio,pb_ratio"
2015-04-13,000001.XSHE,4.0725,2267.6131,1952.3906,11.4514,1.7317,"day,code,turnover_ratio,market_cap,circulating_market_cap,pe_ratio,pb_ratio"
2015-04-14,000001.XSHE,2.0945,2234.7094,1924.0609,11.2853,1.7065,"day,code,turnover_ratio,market_cap,circulating_market_cap,pe_ratio,pb_ratio"
2015-04-15,000001.XSHE,2.8953,2282.694,1965.3751,11.5276,1.7432,"day,code,turnover_ratio,market_cap,circulating_market_cap,pe_ratio,pb_ratio"
2015-04-16,000001.XSHE,2.0903,2330.6785,2006.6893,11.7699,1.7798,"day,code,turnover_ratio,market_cap,circulating_market_cap,pe_ratio,pb_ratio"
2015-04-17,000001.XSHE,2.2107,2321.0816,1998.4264,11.7215,1.7725,"day,code,turnover_ratio,market_cap,circulating_market_cap,pe_ratio,pb_ratio"
2015-04-20,000001.XSHE,2.9204,2234.7094,1924.0609,11.2853,1.7065,"day,code,turnover_ratio,market_cap,circulating_market_cap,pe_ratio,pb_ratio"
2015-04-21,000001.XSHE,2.0467,2270.3551,1954.7514,11.4653,1.7338,"day,code,turnover_ratio,market_cap,circulating_market_cap,pe_ratio,pb_ratio"
2015-04-22,000001.XSHE,2.3493,2323.8236,2000.7873,11.7353,1.7746,"day,code,turnover_ratio,market_cap,circulating_market_cap,pe_ratio,pb_ratio"
2015-04-23,000001.XSHE,1.9652,2284.065,1966.5555,11.5345,1.7442,"day,code,turnover_ratio,market_cap,circulating_market_cap,pe_ratio,pb_ratio"
2015-04-24,000001.XSHE,2.0695,2212.7736,1905.1744,10.8592,1.6187,"day,code,turnover_ratio,market_cap,circulating_market_cap,pe_ratio,pb_ratio"
2015-04-27,000001.XSHE,2.0845,2251.1613,1938.2258,11.0476,1.6467,"day,code,turnover_ratio,market_cap,circulating_market_cap,pe_ratio,pb_ratio"
2015-04-28,000001.XSHE,4.0355,2289.5489,1971.2771,11.2359,1.6748,"day,code,turnover_ratio,market_cap,circulating_market_cap,pe_ratio,pb_ratio"
2015-04-29,000001.XSHE,1.8224,2282.694,1965.3751,11.2023,1.6698,"day,code,turnover_ratio,market_cap,circulating_market_cap,pe_ratio,pb_ratio"
2015-04-30,000001.XSHE,2.4488,2289.5489,1971.2771,11.2359,1.6748,"day,code,turnover_ratio,market_cap,circulating_market_cap,pe_ratio,pb_ratio"
2015-05-04,000001.XSHE,1.2094,2264.8711,1950.0298,11.1148,1.6568,"day,code,turnover_ratio,market_cap,circulating_market_cap,pe_ratio,pb_ratio"
2015-05-05,000001.XSHE,1.9479,2174.386,1872.1231,10.6708,1.5906,"day,code,turnover_ratio,market_cap,circulating_market_cap,pe_ratio,pb_ratio"
2015-05-06,000001.XSHE,1.6519,2155.1922,1855.5974,10.5766,1.5765,"day,code,turnover_ratio,market_cap,circulating_market_cap,pe_ratio,pb_ratio"
2015-05-07,000001.XSHE,1.0663,2148.3372,1849.6954,10.543,1.5715,"day,code,turnover_ratio,market_cap,circulating_market_cap,pe_ratio,pb_ratio"
2015-05-08,000001.XSHE,1.1644,2173.015,1870.9427,10.6641,1.5896,"day,code,turnover_ratio,market_cap,circulating_market_cap,pe_ratio,pb_ratio"
2015-05-11,000001.XSHE,1.7986,2197.6928,1892.1899,10.7852,1.6076,"day,code,turnover_ratio,market_cap,circulating_market_cap,pe_ratio,pb_ratio"
2015-05-12,000001.XSHE,1.6856,2188.0958,1883.9271,10.7381,1.6006,"day,code,turnover_ratio,market_cap,circulating_market_cap,pe_ratio,pb_ratio"
2015-05-13,000001.XSHE,1.4881,2177.128,1874.4839,10.6842,1.5926,"day,code,turnover_ratio,market_cap,circulating_market_cap,pe_ratio,pb_ratio"
2015-05-14,000001.XSHE,1.2182,2178.4989,1875.6643,10.691,1.5936,"day,code,turnover_ratio,market_cap,circulating_market_cap,pe_ratio,pb_ratio"
2015-05-15,000001.XSHE,1.4848,2118.1755,1823.7264,10.3949,1.5495,"day,code,turnover_ratio,market_cap,circulating_market_cap,pe_ratio,pb_ratio"
2015-05-18,000001.XSHE,1.3022,2081.1588,1791.8555,10.2133,1.5224,"day,code,turnover_ratio,market_cap,circulating_market_cap,pe_ratio,pb_ratio"
2015-05-19,000001.XSHE,1.6247,2137.3693,1840.2521,10.4891,1.5635,"day,code,turnover_ratio,market_cap,circulating_market_cap,pe_ratio,pb_ratio"
2015-05-20,000001.XSHE,2.1939,2252.1856,1857.9582,11.0526,1.6475,"day,code,turnover_ratio,market_cap,circulating_market_cap,pe_ratio,pb_ratio"
2015-05-21,000001.XSHE,1.191,2259.34,1863.8602,11.0877,1.6527,"day,code,turnover_ratio,market_cap,circulating_market_cap,pe_ratio,pb_ratio"
2015-05-22,000001.XSHE,2.2212,2328.0216,1920.5197,11.4248,1.703,"day,code,turnover_ratio,market_cap,circulating_market_cap,pe_ratio,pb_ratio"
2015-05-25,000001.XSHE,2.3131,2375.2402,1959.4731,11.6565,1.7375,"day,code,turnover_ratio,market_cap,circulating_market_cap,pe_ratio,pb_ratio"
2015-05-26,000001.XSHE,2.3655,2378.102,1961.8339,11.6705,1.7396,"day,code,turnover_ratio,market_cap,circulating_market_cap,pe_ratio,pb_ratio"
2015-05-27,000001.XSHE,1.9834,2358.0698,1945.3082,11.5722,1.7249,"day,code,turnover_ratio,market_cap,circulating_market_cap,pe_ratio,pb_ratio"
2015-05-28,000001.XSHE,2.3154,2217.8448,1829.6285,10.8841,1.6224,"day,code,turnover_ratio,market_cap,circulating_market_cap,pe_ratio,pb_ratio"
2015-05-29,000001.XSHE,1.707,2192.0892,1808.3812,10.7577,1.6035,"day,code,turnover_ratio,market_cap,circulating_market_cap,pe_ratio,pb_ratio"
2015-06-01,000001.XSHE,1.8285,2275.0795,1876.8447,11.1649,1.6642,"day,code,turnover_ratio,market_cap,circulating_market_cap,pe_ratio,pb_ratio"
2015-06-02,000001.XSHE,1.6137,2256.4782,1861.4994,11.0737,1.6506,"day,code,turnover_ratio,market_cap,circulating_market_cap,pe_ratio,pb_ratio"
2015-06-03,000001.XSHE,1.6734,2265.0634,1868.5818,11.1158,1.6569,"day,code,turnover_ratio,market_cap,circulating_market_cap,pe_ratio,pb_ratio"
2015-06-04,000001.XSHE,3.1197,2342.3303,1932.3237,11.495,1.7134,"day,code,turnover_ratio,market_cap,circulating_market_cap,pe_ratio,pb_ratio"
2015-06-05,000001.XSHE,2.419,2332.3142,1924.0609,11.4458,1.7061,"day,code,turnover_ratio,market_cap,circulating_market_cap,pe_ratio,pb_ratio"
2015-06-08,000001.XSHE,4.3087,2473.9701,2040.921,12.141,1.8097,"day,code,turnover_ratio,market_cap,circulating_market_cap,pe_ratio,pb_ratio"
2015-06-09,000001.XSHE,2.7846,2429.6132,2004.3285,11.9233,1.7773,"day,code,turnover_ratio,market_cap,circulating_market_cap,pe_ratio,pb_ratio"
2015-06-10,000001.XSHE,1.8624,2386.6872,1968.9163,11.7127,1.7459,"day,code,turnover_ratio,market_cap,circulating_market_cap,pe_ratio,pb_ratio"
2015-06-11,000001.XSHE,1.4461,2358.0698,1945.3082,11.5722,1.7249,"day,code,turnover_ratio,market_cap,circulating_market_cap,pe_ratio,pb_ratio"
2015-06-12,000001.XSHE,1.6125,2362.3624,1948.8494,11.5933,1.7281,"day,code,turnover_ratio,market_cap,circulating_market_cap,pe_ratio,pb_ratio"
2015-06-15,000001.XSHE,1.8571,2277.9412,1879.2055,11.179,1.6663,"day,code,turnover_ratio,market_cap,circulating_market_cap,pe_ratio,pb_ratio"
2015-06-16,000001.XSHE,1.5352,2237.8769,1846.1541,10.9824,1.637,"day,code,turnover_ratio,market_cap,circulating_market_cap,pe_ratio,pb_ratio"
2015-06-17,000001.XSHE,1.4537,2250.7548,1856.7778,11.0456,1.6464,"day,code,turnover_ratio,market_cap,circulating_market_cap,pe_ratio,pb_ratio"
2015-06-18,000001.XSHE,1.3576,2200.6744,1815.4636,10.7998,1.6098,"day,code,turnover_ratio,market_cap,circulating_market_cap,pe_ratio,pb_ratio"
2015-06-19,000001.XSHE,1.3263,2093.3593,1726.9332,10.2731,1.5313,"day,code,turnover_ratio,market_cap,circulating_market_cap,pe_ratio,pb_ratio"
2015-06-23,000001.XSHE,1.5295,2139.1471,1764.7062,10.4979,1.5648,"day,code,turnover_ratio,market_cap,circulating_market_cap,pe_ratio,pb_ratio"
2015-06-24,000001.XSHE,1.2979,2163.4718,1784.7731,10.6172,1.5826,"day,code,turnover_ratio,market_cap,circulating_market_cap,pe_ratio,pb_ratio"
2015-06-25,000001.XSHE,1.7614,2127.7001,1755.2629,10.4417,1.5564,"day,code,turnover_ratio,market_cap,circulating_market_cap,pe_ratio,pb_ratio"
2015-06-26,000001.XSHE,2.1648,1970.3047,1625.4183,9.6693,1.4413,"day,code,turnover_ratio,market_cap,circulating_market_cap,pe_ratio,pb_ratio"
2015-06-29,000001.XSHE,2.2136,1940.2565,1600.6298,9.5218,1.4193,"day,code,turnover_ratio,market_cap,circulating_market_cap,pe_ratio,pb_ratio"
2015-06-30,000001.XSHE,2.1587,2080.4815,1716.3095,10.2099,1.5219,"day,code,turnover_ratio,market_cap,circulating_market_cap,pe_ratio,pb_ratio"
2015-07-01,000001.XSHE,1.5549,1991.7677,1643.1244,9.7746,1.457,"day,code,turnover_ratio,market_cap,circulating_market_cap,pe_ratio,pb_ratio"
2015-07-02,000001.XSHE,1.6798,1967.443,1623.0575,9.6552,1.4392,"day,code,turnover_ratio,market_cap,circulating_market_cap,pe_ratio,pb_ratio"
2015-07-03,000001.XSHE,2.2005,1870.144,1542.7899,9.1777,1.368,"day,code,turnover_ratio,market_cap,circulating_market_cap,pe_ratio,pb_ratio"
2015-07-06,000001.XSHE,2.8647,1986.0442,1638.4028,9.7465,1.4528,"day,code,turnover_ratio,market_cap,circulating_market_cap,pe_ratio,pb_ratio"
2015-07-07,000001.XSHE,4.0734,2096.2211,1729.294,10.2872,1.5334,"day,code,turnover_ratio,market_cap,circulating_market_cap,pe_ratio,pb_ratio"
2015-07-08,000001.XSHE,4.233,1887.3144,1556.9548,9.262,1.3806,"day,code,turnover_ratio,market_cap,circulating_market_cap,pe_ratio,pb_ratio"
2015-07-09,000001.XSHE,3.6804,2040.4172,1683.2582,10.0133,1.4926,"day,code,turnover_ratio,market_cap,circulating_market_cap,pe_ratio,pb_ratio"
2015-07-10,000001.XSHE,3.9402,2126.2693,1754.0825,10.4347,1.5554,"day,code,turnover_ratio,market_cap,circulating_market_cap,pe_ratio,pb_ratio"
2015-07-13,000001.XSHE,2.7687,2066.1728,1704.5055,10.1397,1.5114,"day,code,turnover_ratio,market_cap,circulating_market_cap,pe_ratio,pb_ratio"
2015-07-14,000001.XSHE,2.1859,1984.6134,1637.2224,9.7395,1.4518,"day,code,turnover_ratio,market_cap,circulating_market_cap,pe_ratio,pb_ratio"
2015-07-15,000001.XSHE,1.3779,1943.1182,1602.9906,9.5358,1.4214,"day,code,turnover_ratio,market_cap,circulating_market_cap,pe_ratio,pb_ratio"
2015-07-16,000001.XSHE,1.1767,1945.98,1605.3514,9.5499,1.4235,"day,code,turnover_ratio,market_cap,circulating_market_cap,pe_ratio,pb_ratio"
2015-07-17,000001.XSHE,1.4238,1977.459,1631.3203,9.7044,1.4465,"day,code,turnover_ratio,market_cap,circulating_market_cap,pe_ratio,pb_ratio"
2015-07-20,000001.XSHE,1.151,1945.98,1605.3514,9.5499,1.4235,"day,code,turnover_ratio,market_cap,circulating_market_cap,pe_ratio,pb_ratio"
2015-07-21,000001.XSHE,0.9587,1941.6874,1601.8102,9.5288,1.4204,"day,code,turnover_ratio,market_cap,circulating_market_cap,pe_ratio,pb_ratio"
2015-07-22,000001.XSHE,0.9642,1934.533,1595.9082,9.4937,1.4151,"day,code,turnover_ratio,market_cap,circulating_market_cap,pe_ratio,pb_ratio"
2015-07-23,000001.XSHE,1.2569,1955.996,1613.6143,9.599,1.4308,"day,code,turnover_ratio,market_cap,circulating_market_cap,pe_ratio,pb_ratio"
2015-07-24,000001.XSHE,1.1346,1914.5009,1579.3825,9.3954,1.4005,"day,code,turnover_ratio,market_cap,circulating_market_cap,pe_ratio,pb_ratio"
2015-07-27,000001.XSHE,1.5146,1779.9993,1468.4244,8.7353,1.3021,"day,code,turnover_ratio,market_cap,circulating_market_cap,pe_ratio,pb_ratio"
2015-07-28,000001.XSHE,1.7038,1805.7549,1489.6717,8.8617,1.3209,"day,code,turnover_ratio,market_cap,circulating_market_cap,pe_ratio,pb_ratio"
2015-07-29,000001.XSHE,0.8232,1802.8932,1487.3109,8.8477,1.3188,"day,code,turnover_ratio,market_cap,circulating_market_cap,pe_ratio,pb_ratio"
2015-07-30,000001.XSHE,0.6526,1754.2437,1447.1771,8.6089,1.2832,"day,code,turnover_ratio,market_cap,circulating_market_cap,pe_ratio,pb_ratio"
2015-07-31,000001.XSHE,1.0189,1768.5524,1458.9811,8.6792,1.2937,"day,code,turnover_ratio,market_cap,circulating_market_cap,pe_ratio,pb_ratio"
2015-08-03,000001.XSHE,1.1904,1834.3723,1513.2798,9.0022,1.3419,"day,code,turnover_ratio,market_cap,circulating_market_cap,pe_ratio,pb_ratio"
2015-08-04,000001.XSHE,0.6565,1840.0958,1518.0014,9.0303,1.346,"day,code,turnover_ratio,market_cap,circulating_market_cap,pe_ratio,pb_ratio"
2015-08-05,000001.XSHE,0.4675,1801.4623,1486.1305,8.8407,1.3178,"day,code,turnover_ratio,market_cap,circulating_market_cap,pe_ratio,pb_ratio"
2015-08-06,000001.XSHE,0.3814,1792.8771,1479.048,8.7985,1.3115,"day,code,turnover_ratio,market_cap,circulating_market_cap,pe_ratio,pb_ratio"
2015-08-07,000001.XSHE,0.5269,1804.3241,1488.4913,8.8547,1.3199,"day,code,turnover_ratio,market_cap,circulating_market_cap,pe_ratio,pb_ratio"
2015-08-10,000001.XSHE,0.8922,1848.681,1525.0839,9.0724,1.3523,"day,code,turnover_ratio,market_cap,circulating_market_cap,pe_ratio,pb_ratio"
2015-08-11,000001.XSHE,0.7019,1837.234,1515.6406,9.0162,1.344,"day,code,turnover_ratio,market_cap,circulating_market_cap,pe_ratio,pb_ratio"
2015-08-12,000001.XSHE,0.5819,1798.6006,1483.7697,8.8266,1.3157,"day,code,turnover_ratio,market_cap,circulating_market_cap,pe_ratio,pb_ratio"
2015-08-13,000001.XSHE,0.5137,1798.6006,1483.7697,8.8266,1.3157,"day,code,turnover_ratio,market_cap,circulating_market_cap,pe_ratio,pb_ratio"
2015-08-14,000001.XSHE,0.6979,1808.6167,1492.0325,8.4852,1.1987,"day,code,turnover_ratio,market_cap,circulating_market_cap,pe_ratio,pb_ratio"
2015-08-17,000001.XSHE,0.5758,1794.308,1480.2284,8.4181,1.1892,"day,code,turnover_ratio,market_cap,circulating_market_cap,pe_ratio,pb_ratio"
2015-08-18,000001.XSHE,0.9965,1755.6746,1448.3575,8.2368,1.1636,"day,code,turnover_ratio,market_cap,circulating_market_cap,pe_ratio,pb_ratio"
2015-08-19,000001.XSHE,0.8123,1749.9511,1443.6359,8.21,1.1598,"day,code,turnover_ratio,market_cap,circulating_market_cap,pe_ratio,pb_ratio"
2015-08-20,000001.XSHE,0.5741,1724.1955,1422.3886,8.0891,1.1428,"day,code,turnover_ratio,market_cap,circulating_market_cap,pe_ratio,pb_ratio"
2015-08-21,000001.XSHE,0.7907,1645.4978,1357.4663,7.7199,1.0906,"day,code,turnover_ratio,market_cap,circulating_market_cap,pe_ratio,pb_ratio"
2015-08-24,000001.XSHE,1.286,1480.948,1221.7196,6.9479,0.9815,"day,code,turnover_ratio,market_cap,circulating_market_cap,pe_ratio,pb_ratio"
2015-08-25,000001.XSHE,1.8573,1353.6008,1116.6636,6.3505,0.8971,"day,code,turnover_ratio,market_cap,circulating_market_cap,pe_ratio,pb_ratio"
2015-08-26,000001.XSHE,2.1111,1417.9898,1169.7818,6.6525,0.9398,"day,code,turnover_ratio,market_cap,circulating_market_cap,pe_ratio,pb_ratio"
2015-08-27,000001.XSHE,1.5666,1545.337,1274.8379,7.25,1.0242,"day,code,turnover_ratio,market_cap,circulating_market_cap,pe_ratio,pb_ratio"
2015-08-28,000001.XSHE,1.3623,1549.6296,1278.3791,7.2701,1.0271,"day,code,turnover_ratio,market_cap,circulating_market_cap,pe_ratio,pb_ratio"
2015-08-31,000001.XSHE,1.2405,1583.9704,1306.7088,7.4312,1.0498,"day,code,turnover_ratio,market_cap,circulating_market_cap,pe_ratio,pb_ratio"
2015-09-01,000001.XSHE,2.2515,1655.5138,1365.7291,7.7669,1.0972,"day,code,turnover_ratio,market_cap,circulating_market_cap,pe_ratio,pb_ratio"
2015-09-02,000001.XSHE,2.3854,1694.1473,1397.6001,7.9481,1.1228,"day,code,turnover_ratio,market_cap,circulating_market_cap,pe_ratio,pb_ratio"
2015-09-07,000001.XSHE,1.1658,1558.2148,1285.4615,7.3104,1.0328,"day,code,turnover_ratio,market_cap,circulating_market_cap,pe_ratio,pb_ratio"
2015-09-08,000001.XSHE,0.6331,1573.9544,1298.446,7.3843,1.0432,"day,code,turnover_ratio,market_cap,circulating_market_cap,pe_ratio,pb_ratio"
2015-09-09,000001.XSHE,0.721,1588.2631,1310.2501,7.4514,1.0527,"day,code,turnover_ratio,market_cap,circulating_market_cap,pe_ratio,pb_ratio"
2015-09-10,000001.XSHE,0.3941,1581.1087,1304.348,7.4178,1.0479,"day,code,turnover_ratio,market_cap,circulating_market_cap,pe_ratio,pb_ratio"
2015-09-11,000001.XSHE,0.3613,1568.2309,1293.7244,7.3574,1.0394,"day,code,turnover_ratio,market_cap,circulating_market_cap,pe_ratio,pb_ratio"
2015-09-14,000001.XSHE,0.6408,1555.3531,1283.1007,7.297,1.0309,"day,code,turnover_ratio,market_cap,circulating_market_cap,pe_ratio,pb_ratio"
2015-09-15,000001.XSHE,0.4599,1512.4271,1247.6886,7.0956,1.0024,"day,code,turnover_ratio,market_cap,circulating_market_cap,pe_ratio,pb_ratio"
2015-09-16,000001.XSHE,0.4822,1559.6457,1286.6419,7.3171,1.0337,"day,code,turnover_ratio,market_cap,circulating_market_cap,pe_ratio,pb_ratio"
2015-09-17,000001.XSHE,0.5259,1541.0444,1271.2967,7.2299,1.0214,"day,code,turnover_ratio,market_cap,circulating_market_cap,pe_ratio,pb_ratio"
2015-09-18,000001.XSHE,0.2696,1546.7679,1276.0183,7.2567,1.0252,"day,code,turnover_ratio,market_cap,circulating_market_cap,pe_ratio,pb_ratio"
2015-09-21,000001.XSHE,0.3271,1548.1988,1277.1987,7.2634,1.0261,"day,code,turnover_ratio,market_cap,circulating_market_cap,pe_ratio,pb_ratio"
2015-09-22,000001.XSHE,0.4176,1568.2309,1293.7244,7.3574,1.0394,"day,code,turnover_ratio,market_cap,circulating_market_cap,pe_ratio,pb_ratio"
2015-09-23,000001.XSHE,0.3144,1531.0283,1263.0338,7.1829,1.0147,"day,code,turnover_ratio,market_cap,circulating_market_cap,pe_ratio,pb_ratio"
2015-09-24,000001.XSHE,0.2191,1532.4592,1264.2142,7.1896,1.0157,"day,code,turnover_ratio,market_cap,circulating_market_cap,pe_ratio,pb_ratio"
2015-09-25,000001.XSHE,0.3782,1509.5653,1245.3278,7.0822,1.0005,"day,code,turnover_ratio,market_cap,circulating_market_cap,pe_ratio,pb_ratio"
2015-09-28,000001.XSHE,0.1687,1506.7036,1242.9669,7.0687,0.9986,"day,code,turnover_ratio,market_cap,circulating_market_cap,pe_ratio,pb_ratio"
2015-09-29,000001.XSHE,0.2826,1485.2406,1225.2609,6.9681,0.9844,"day,code,turnover_ratio,market_cap,circulating_market_cap,pe_ratio,pb_ratio"
2015-09-30,000001.XSHE,0.3089,1500.9801,1238.2453,7.0419,0.9948,"day,code,turnover_ratio,market_cap,circulating_market_cap,pe_ratio,pb_ratio"
2015-10-08,000001.XSHE,0.4186,1531.0283,1263.0338,7.1829,1.0147,"day,code,turnover_ratio,market_cap,circulating_market_cap,pe_ratio,pb_ratio"
2015-10-09,000001.XSHE,0.4021,1559.6457,1286.6419,7.3171,1.0337,"day,code,turnover_ratio,market_cap,circulating_market_cap,pe_ratio,pb_ratio"
2015-10-12,000001.XSHE,0.7198,1606.8643,1325.5953,7.5387,1.065,"day,code,turnover_ratio,market_cap,circulating_market_cap,pe_ratio,pb_ratio"
2015-10-13,000001.XSHE,0.3048,1592.5557,1313.7913,7.4715,1.0555,"day,code,turnover_ratio,market_cap,circulating_market_cap,pe_ratio,pb_ratio"
2015-10-14,000001.XSHE,0.3549,1571.0926,1296.0852,7.3708,1.0413,"day,code,turnover_ratio,market_cap,circulating_market_cap,pe_ratio,pb_ratio"
2015-10-15,000001.XSHE,0.4116,1598.2791,1318.5129,7.4984,1.0593,"day,code,turnover_ratio,market_cap,circulating_market_cap,pe_ratio,pb_ratio"
2015-10-16,000001.XSHE,0.4829,1606.8643,1325.5953,7.5387,1.065,"day,code,turnover_ratio,market_cap,circulating_market_cap,pe_ratio,pb_ratio"
2015-10-19,000001.XSHE,0.6128,1611.1569,1329.1365,7.5588,1.0678,"day,code,turnover_ratio,market_cap,circulating_market_cap,pe_ratio,pb_ratio"
2015-10-20,000001.XSHE,0.6059,1619.7421,1336.219,7.5991,1.0735,"day,code,turnover_ratio,market_cap,circulating_market_cap,pe_ratio,pb_ratio"
2015-10-21,000001.XSHE,1.129,1605.4335,1324.4149,7.5319,1.064,"day,code,turnover_ratio,market_cap,circulating_market_cap,pe_ratio,pb_ratio"
2015-10-22,000001.XSHE,0.6971,1621.173,1337.3994,7.6058,1.0745,"day,code,turnover_ratio,market_cap,circulating_market_cap,pe_ratio,pb_ratio"
2015-10-23,000001.XSHE,0.7942,1641.2052,1353.9251,7.5119,1.0444,"day,code,turnover_ratio,market_cap,circulating_market_cap,pe_ratio,pb_ratio"
2015-10-26,000001.XSHE,0.92,1648.3595,1359.8271,7.5447,1.049,"day,code,turnover_ratio,market_cap,circulating_market_cap,pe_ratio,pb_ratio"
2015-10-27,000001.XSHE,0.4917,1642.636,1355.1055,7.5185,1.0454,"day,code,turnover_ratio,market_cap,circulating_market_cap,pe_ratio,pb_ratio"
2015-10-28,000001.XSHE,0.4615,1612.5878,1330.317,7.3809,1.0262,"day,code,turnover_ratio,market_cap,circulating_market_cap,pe_ratio,pb_ratio"
2015-10-29,000001.XSHE,0.2683,1612.5878,1330.317,7.3809,1.0262,"day,code,turnover_ratio,market_cap,circulating_market_cap,pe_ratio,pb_ratio"
2015-10-30,000001.XSHE,0.454,1625.4656,1340.9406,7.4399,1.0344,"day,code,turnover_ratio,market_cap,circulating_market_cap,pe_ratio,pb_ratio"
2015-11-02,000001.XSHE,0.4104,1593.9865,1314.9717,7.2958,1.0144,"day,code,turnover_ratio,market_cap,circulating_market_cap,pe_ratio,pb_ratio"
2015-11-03,000001.XSHE,0.3315,1581.1087,1304.348,7.2369,1.0062,"day,code,turnover_ratio,market_cap,circulating_market_cap,pe_ratio,pb_ratio"
2015-11-04,000001.XSHE,1.1075,1672.6842,1379.894,7.656,1.0645,"day,code,turnover_ratio,market_cap,circulating_market_cap,pe_ratio,pb_ratio"
2015-11-05,000001.XSHE,1.9419,1727.0572,1424.7494,7.9049,1.0991,"day,code,turnover_ratio,market_cap,circulating_market_cap,pe_ratio,pb_ratio"
2015-11-06,000001.XSHE,1.2396,1772.845,1462.5224,8.1144,1.1282,"day,code,turnover_ratio,market_cap,circulating_market_cap,pe_ratio,pb_ratio"
2015-11-09,000001.XSHE,2.045,1851.5427,1527.4447,8.4747,1.1783,"day,code,turnover_ratio,market_cap,circulating_market_cap,pe_ratio,pb_ratio"
2015-11-10,000001.XSHE,0.9531,1824.3562,1505.017,8.3502,1.161,"day,code,turnover_ratio,market_cap,circulating_market_cap,pe_ratio,pb_ratio"
2015-11-11,000001.XSHE,0.8656,1795.7389,1481.4088,8.2192,1.1428,"day,code,turnover_ratio,market_cap,circulating_market_cap,pe_ratio,pb_ratio"
2015-11-12,000001.XSHE,0.5686,1774.2758,1463.7028,8.121,1.1291,"day,code,turnover_ratio,market_cap,circulating_market_cap,pe_ratio,pb_ratio"
2015-11-13,000001.XSHE,0.4978,1751.382,1444.8163,8.0162,1.1146,"day,code,turnover_ratio,market_cap,circulating_market_cap,pe_ratio,pb_ratio"
2015-11-16,000001.XSHE,0.4743,1765.6906,1456.6203,8.0817,1.1237,"day,code,turnover_ratio,market_cap,circulating_market_cap,pe_ratio,pb_ratio"
2015-11-17,000001.XSHE,0.8865,1788.5845,1475.5068,8.1865,1.1382,"day,code,turnover_ratio,market_cap,circulating_market_cap,pe_ratio,pb_ratio"
2015-11-18,000001.XSHE,0.6724,1777.1376,1466.0636,8.1341,1.131,"day,code,turnover_ratio,market_cap,circulating_market_cap,pe_ratio,pb_ratio"
2015-11-19,000001.XSHE,0.3991,1788.5845,1475.5068,8.1865,1.1382,"day,code,turnover_ratio,market_cap,circulating_market_cap,pe_ratio,pb_ratio"
2015-11-20,000001.XSHE,0.5066,1795.7389,1481.4088,8.2192,1.1428,"day,code,turnover_ratio,market_cap,circulating_market_cap,pe_ratio,pb_ratio"
2015-11-23,000001.XSHE,0.5151,1781.4302,1469.6048,8.1537,1.1337,"day,code,turnover_ratio,market_cap,circulating_market_cap,pe_ratio,pb_ratio"
2015-11-24,000001.XSHE,0.5627,1757.1054,1449.5379,8.0424,1.1182,"day,code,turnover_ratio,market_cap,circulating_market_cap,pe_ratio,pb_ratio"
2015-11-25,000001.XSHE,0.435,1762.8289,1454.2595,8.0686,1.1218,"day,code,turnover_ratio,market_cap,circulating_market_cap,pe_ratio,pb_ratio"
2015-11-26,000001.XSHE,0.4678,1749.9511,1443.6359,8.0097,1.1137,"day,code,turnover_ratio,market_cap,circulating_market_cap,pe_ratio,pb_ratio"
2015-11-27,000001.XSHE,0.6168,1678.4077,1384.6156,7.6822,1.0681,"day,code,turnover_ratio,market_cap,circulating_market_cap,pe_ratio,pb_ratio"
2015-11-30,000001.XSHE,0.5579,1679.8386,1385.796,7.6888,1.069,"day,code,turnover_ratio,market_cap,circulating_market_cap,pe_ratio,pb_ratio"
2015-12-01,000001.XSHE,0.5763,1681.2694,1386.9764,7.6953,1.0699,"day,code,turnover_ratio,market_cap,circulating_market_cap,pe_ratio,pb_ratio"
2015-12-02,000001.XSHE,1.3688,1790.0154,1476.6872,8.193,1.1392,"day,code,turnover_ratio,market_cap,circulating_market_cap,pe_ratio,pb_ratio"
2015-12-03,000001.XSHE,1.208,1781.4302,1469.6048,8.1537,1.1337,"day,code,turnover_ratio,market_cap,circulating_market_cap,pe_ratio,pb_ratio"
2015-12-04,000001.XSHE,0.6477,1734.2115,1430.6514,7.9376,1.1036,"day,code,turnover_ratio,market_cap,circulating_market_cap,pe_ratio,pb_ratio"
2015-12-07,000001.XSHE,0.3412,1738.5042,1434.1926,7.9573,1.1064,"day,code,turnover_ratio,market_cap,circulating_market_cap,pe_ratio,pb_ratio"
2015-12-08,000001.XSHE,0.4262,1711.3177,1411.7649,7.8328,1.0891,"day,code,turnover_ratio,market_cap,circulating_market_cap,pe_ratio,pb_ratio"
2015-12-09,000001.XSHE,0.3638,1715.6103,1415.3061,7.8525,1.0918,"day,code,turnover_ratio,market_cap,circulating_market_cap,pe_ratio,pb_ratio"
2015-12-10,000001.XSHE,0.3538,1711.3177,1411.7649,7.8328,1.0891,"day,code,turnover_ratio,market_cap,circulating_market_cap,pe_ratio,pb_ratio"
2015-12-11,000001.XSHE,0.3215,1692.7164,1396.4197,7.7477,1.0772,"day,code,turnover_ratio,market_cap,circulating_market_cap,pe_ratio,pb_ratio"
2015-12-14,000001.XSHE,0.4975,1727.0572,1424.7494,7.9049,1.0991,"day,code,turnover_ratio,market_cap,circulating_market_cap,pe_ratio,pb_ratio"
2015-12-15,000001.XSHE,0.3088,1705.5942,1407.0433,7.8066,1.0854,"day,code,turnover_ratio,market_cap,circulating_market_cap,pe_ratio,pb_ratio"
2015-12-16,000001.XSHE,0.3327,1701.3016,1403.5021,7.787,1.0827,"day,code,turnover_ratio,market_cap,circulating_market_cap,pe_ratio,pb_ratio"
2015-12-17,000001.XSHE,0.5492,1727.0572,1424.7494,7.9049,1.0991,"day,code,turnover_ratio,market_cap,circulating_market_cap,pe_ratio,pb_ratio"
2015-12-18,000001.XSHE,0.8666,1749.9511,1443.6359,8.0097,1.1137,"day,code,turnover_ratio,market_cap,circulating_market_cap,pe_ratio,pb_ratio"
2015-12-21,000001.XSHE,1.0853,1790.0154,1476.6872,8.193,1.1392,"day,code,turnover_ratio,market_cap,circulating_market_cap,pe_ratio,pb_ratio"
2015-12-22,000001.XSHE,0.5914,1778.5684,1467.244,8.1406,1.1319,"day,code,turnover_ratio,market_cap,circulating_market_cap,pe_ratio,pb_ratio"
2015-12-23,000001.XSHE,0.8802,1785.7228,1473.146,8.1734,1.1364,"day,code,turnover_ratio,market_cap,circulating_market_cap,pe_ratio,pb_ratio"
2015-12-24,000001.XSHE,0.5424,1765.6906,1456.6203,8.0817,1.1237,"day,code,turnover_ratio,market_cap,circulating_market_cap,pe_ratio,pb_ratio"
2015-12-25,000001.XSHE,0.3387,1775.7067,1464.8832,8.1275,1.13,"day,code,turnover_ratio,market_cap,circulating_market_cap,pe_ratio,pb_ratio"
2015-12-28,000001.XSHE,0.6967,1714.1794,1414.1257,7.8459,1.0909,"day,code,turnover_ratio,market_cap,circulating_market_cap,pe_ratio,pb_ratio"
2015-12-29,000001.XSHE,0.5251,1729.9189,1427.1102,7.918,1.1009,"day,code,turnover_ratio,market_cap,circulating_market_cap,pe_ratio,pb_ratio"
2015-12-30,000001.XSHE,0.4513,1731.3498,1428.2906,7.9245,1.1018,"day,code,turnover_ratio,market_cap,circulating_market_cap,pe_ratio,pb_ratio"
2015-12-31,000001.XSHE,0.4162,1715.6103,1415.3061,7.8525,1.0918,"day,code,turnover_ratio,market_cap,circulating_market_cap,pe_ratio,pb_ratio"
2016-01-04,000001.XSHE,0.4774,1621.173,1337.3994,7.4202,1.0317,"day,code,turnover_ratio,market_cap,circulating_market_cap,pe_ratio,pb_ratio"
2016-01-05,000001.XSHE,0.5619,1631.1891,1345.6622,7.4661,1.0381,"day,code,turnover_ratio,market_cap,circulating_market_cap,pe_ratio,pb_ratio"
2016-01-06,000001.XSHE,0.4369,1649.7904,1361.0075,7.5512,1.0499,"day,code,turnover_ratio,market_cap,circulating_market_cap,pe_ratio,pb_ratio"
2016-01-07,000001.XSHE,0.1481,1565.3692,1291.3636,7.1648,0.9962,"day,code,turnover_ratio,market_cap,circulating_market_cap,pe_ratio,pb_ratio"
2016-01-08,000001.XSHE,0.6333,1591.1248,1312.6109,7.2827,1.0126,"day,code,turnover_ratio,market_cap,circulating_market_cap,pe_ratio,pb_ratio"
2016-01-11,000001.XSHE,0.6201,1539.6136,1270.1163,7.0469,0.9798,"day,code,turnover_ratio,market_cap,circulating_market_cap,pe_ratio,pb_ratio"
2016-01-12,000001.XSHE,0.4758,1546.7679,1276.0183,7.0797,0.9843,"day,code,turnover_ratio,market_cap,circulating_market_cap,pe_ratio,pb_ratio"
2016-01-13,000001.XSHE,0.3318,1532.4592,1264.2142,7.0142,0.9752,"day,code,turnover_ratio,market_cap,circulating_market_cap,pe_ratio,pb_ratio"
2016-01-14,000001.XSHE,0.5645,1541.0444,1271.2967,7.0535,0.9807,"day,code,turnover_ratio,market_cap,circulating_market_cap,pe_ratio,pb_ratio"
2016-01-15,000001.XSHE,0.3797,1496.6875,1234.7041,6.8505,0.9525,"day,code,turnover_ratio,market_cap,circulating_market_cap,pe_ratio,pb_ratio"
2016-01-18,000001.XSHE,0.3567,1489.5332,1228.8021,6.8177,0.9479,"day,code,turnover_ratio,market_cap,circulating_market_cap,pe_ratio,pb_ratio"
2016-01-19,000001.XSHE,0.4245,1532.4592,1264.2142,7.0142,0.9752,"day,code,turnover_ratio,market_cap,circulating_market_cap,pe_ratio,pb_ratio"
2016-01-20,000001.XSHE,0.5115,1508.1345,1244.1474,6.9028,0.9598,"day,code,turnover_ratio,market_cap,circulating_market_cap,pe_ratio,pb_ratio"
2016-01-21,000001.XSHE,0.5135,1476.6554,1218.1784,6.7588,0.9397,"day,code,turnover_ratio,market_cap,circulating_market_cap,pe_ratio,pb_ratio"
2016-01-22,000001.XSHE,0.3954,1488.1023,1227.6217,6.8112,0.947,"day,code,turnover_ratio,market_cap,circulating_market_cap,pe_ratio,pb_ratio"
2016-01-25,000001.XSHE,0.3189,1483.8097,1224.0805,6.7915,0.9443,"day,code,turnover_ratio,market_cap,circulating_market_cap,pe_ratio,pb_ratio"
2016-01-26,000001.XSHE,0.5489,1412.2663,1165.0602,6.4641,0.8988,"day,code,turnover_ratio,market_cap,circulating_market_cap,pe_ratio,pb_ratio"
2016-01-27,000001.XSHE,0.4821,1413.6972,1166.2406,6.4706,0.8997,"day,code,turnover_ratio,market_cap,circulating_market_cap,pe_ratio,pb_ratio"
2016-01-28,000001.XSHE,0.2563,1386.5107,1143.8129,6.3462,0.8824,"day,code,turnover_ratio,market_cap,circulating_market_cap,pe_ratio,pb_ratio"
2016-01-29,000001.XSHE,0.4612,1430.8676,1180.4055,6.5492,0.9106,"day,code,turnover_ratio,market_cap,circulating_market_cap,pe_ratio,pb_ratio"
2016-02-01,000001.XSHE,0.3539,1402.2503,1156.7973,6.4182,0.8924,"day,code,turnover_ratio,market_cap,circulating_market_cap,pe_ratio,pb_ratio"
2016-02-02,000001.XSHE,0.3127,1423.7133,1174.5034,6.5164,0.906,"day,code,turnover_ratio,market_cap,circulating_market_cap,pe_ratio,pb_ratio"
2016-02-03,000001.XSHE,0.2326,1409.4046,1162.6994,6.451,0.8969,"day,code,turnover_ratio,market_cap,circulating_market_cap,pe_ratio,pb_ratio"
2016-02-04,000001.XSHE,0.3161,1423.7133,1174.5034,6.5164,0.906,"day,code,turnover_ratio,market_cap,circulating_market_cap,pe_ratio,pb_ratio"
2016-02-05,000001.XSHE,0.2295,1419.4207,1170.9622,6.4968,0.9033,"day,code,turnover_ratio,market_cap,circulating_market_cap,pe_ratio,pb_ratio"
2016-02-15,000001.XSHE,0.2359,1400.8194,1155.6169,6.4117,0.8915,"day,code,turnover_ratio,market_cap,circulating_market_cap,pe_ratio,pb_ratio"
2016-02-16,000001.XSHE,0.3629,1432.2985,1181.5859,6.5557,0.9115,"day,code,turnover_ratio,market_cap,circulating_market_cap,pe_ratio,pb_ratio"
2016-02-17,000001.XSHE,0.4957,1452.3306,1198.1115,6.6474,0.9243,"day,code,turnover_ratio,market_cap,circulating_market_cap,pe_ratio,pb_ratio"
2016-02-18,000001.XSHE,0.3441,1443.7454,1191.0291,6.6081,0.9188,"day,code,turnover_ratio,market_cap,circulating_market_cap,pe_ratio,pb_ratio"
2016-02-19,000001.XSHE,0.2702,1436.5911,1185.1271,6.5754,0.9142,"day,code,turnover_ratio,market_cap,circulating_market_cap,pe_ratio,pb_ratio"
2016-02-22,000001.XSHE,0.5233,1472.3628,1214.6372,6.7391,0.937,"day,code,turnover_ratio,market_cap,circulating_market_cap,pe_ratio,pb_ratio"
2016-02-23,000001.XSHE,0.3608,1448.038,1194.5703,6.6278,0.9215,"day,code,turnover_ratio,market_cap,circulating_market_cap,pe_ratio,pb_ratio"
2016-02-24,000001.XSHE,0.2542,1452.3306,1198.1115,6.6474,0.9243,"day,code,turnover_ratio,market_cap,circulating_market_cap,pe_ratio,pb_ratio"
2016-02-25,000001.XSHE,0.527,1383.649,1141.4521,6.3331,0.8805,"day,code,turnover_ratio,market_cap,circulating_market_cap,pe_ratio,pb_ratio"
2016-02-26,000001.XSHE,0.3322,1400.8194,1155.6169,6.4117,0.8915,"day,code,turnover_ratio,market_cap,circulating_market_cap,pe_ratio,pb_ratio"
2016-02-29,000001.XSHE,0.4803,1367.9094,1128.4676,6.261,0.8705,"day,code,turnover_ratio,market_cap,circulating_market_cap,pe_ratio,pb_ratio"
2016-03-01,000001.XSHE,0.3202,1387.9416,1144.9933,6.3527,0.8833,"day,code,turnover_ratio,market_cap,circulating_market_cap,pe_ratio,pb_ratio"
2016-03-02,000001.XSHE,0.5732,1445.1763,1192.2095,6.6147,0.9197,"day,code,turnover_ratio,market_cap,circulating_market_cap,pe_ratio,pb_ratio"
2016-03-03,000001.XSHE,0.4686,1446.6072,1193.3899,6.6212,0.9206,"day,code,turnover_ratio,market_cap,circulating_market_cap,pe_ratio,pb_ratio"
2016-03-04,000001.XSHE,1.1701,1488.1023,1227.6217,6.8112,0.947,"day,code,turnover_ratio,market_cap,circulating_market_cap,pe_ratio,pb_ratio"
2016-03-07,000001.XSHE,0.5137,1479.5171,1220.5392,6.7719,0.9416,"day,code,turnover_ratio,market_cap,circulating_market_cap,pe_ratio,pb_ratio"
2016-03-08,000001.XSHE,0.5449,1470.9319,1213.4568,6.7326,0.9361,"day,code,turnover_ratio,market_cap,circulating_market_cap,pe_ratio,pb_ratio"
2016-03-09,000001.XSHE,0.2761,1455.1924,1200.4724,6.6605,0.9261,"day,code,turnover_ratio,market_cap,circulating_market_cap,pe_ratio,pb_ratio"
2016-03-10,000001.XSHE,0.4016,1452.3306,1198.1115,6.6423,0.8993,"day,code,turnover_ratio,market_cap,circulating_market_cap,pe_ratio,pb_ratio"
2016-03-11,000001.XSHE,0.3251,1453.7615,1199.2919,6.6488,0.9002,"day,code,turnover_ratio,market_cap,circulating_market_cap,pe_ratio,pb_ratio"
2016-03-14,000001.XSHE,0.555,1468.0702,1211.096,6.7142,0.909,"day,code,turnover_ratio,market_cap,circulating_market_cap,pe_ratio,pb_ratio"
2016-03-15,000001.XSHE,0.354,1476.6554,1218.1784,6.7535,0.9143,"day,code,turnover_ratio,market_cap,circulating_market_cap,pe_ratio,pb_ratio"
2016-03-16,000001.XSHE,0.5633,1480.948,1221.7196,6.7731,0.917,"day,code,turnover_ratio,market_cap,circulating_market_cap,pe_ratio,pb_ratio"
2016-03-17,000001.XSHE,0.5176,1490.9641,1229.9825,6.819,0.9232,"day,code,turnover_ratio,market_cap,circulating_market_cap,pe_ratio,pb_ratio"
2016-03-18,000001.XSHE,0.6754,1508.1345,1244.1474,6.8975,0.9338,"day,code,turnover_ratio,market_cap,circulating_market_cap,pe_ratio,pb_ratio"
2016-03-21,000001.XSHE,0.7798,1545.337,1274.8379,7.0676,0.9569,"day,code,turnover_ratio,market_cap,circulating_market_cap,pe_ratio,pb_ratio"
2016-03-22,000001.XSHE,0.5299,1533.8901,1265.3947,7.0153,0.9498,"day,code,turnover_ratio,market_cap,circulating_market_cap,pe_ratio,pb_ratio"
2016-03-23,000001.XSHE,0.3645,1531.0283,1263.0338,7.0022,0.948,"day,code,turnover_ratio,market_cap,circulating_market_cap,pe_ratio,pb_ratio"
2016-03-24,000001.XSHE,0.3155,1505.2727,1241.7865,6.8844,0.9321,"day,code,turnover_ratio,market_cap,circulating_market_cap,pe_ratio,pb_ratio"
2016-03-25,000001.XSHE,0.2008,1515.2888,1250.0494,6.9302,0.9383,"day,code,turnover_ratio,market_cap,circulating_market_cap,pe_ratio,pb_ratio"
2016-03-28,000001.XSHE,0.3038,1499.5493,1237.0649,6.8582,0.9285,"day,code,turnover_ratio,market_cap,circulating_market_cap,pe_ratio,pb_ratio"
2016-03-29,000001.XSHE,0.2697,1492.3949,1231.1629,6.8255,0.9241,"day,code,turnover_ratio,market_cap,circulating_market_cap,pe_ratio,pb_ratio"
2016-03-30,000001.XSHE,0.4572,1531.0283,1263.0338,7.0022,0.948,"day,code,turnover_ratio,market_cap,circulating_market_cap,pe_ratio,pb_ratio"
2016-03-31,000001.XSHE,0.3544,1522.4431,1255.9514,6.9629,0.9427,"day,code,turnover_ratio,market_cap,circulating_market_cap,pe_ratio,pb_ratio"
2016-04-01,000001.XSHE,0.3129,1525.3049,1258.3122,6.976,0.9445,"day,code,turnover_ratio,market_cap,circulating_market_cap,pe_ratio,pb_ratio"
2016-04-05,000001.XSHE,0.5018,1531.0283,1263.0338,7.0022,0.948,"day,code,turnover_ratio,market_cap,circulating_market_cap,pe_ratio,pb_ratio"
2016-04-06,000001.XSHE,0.3687,1533.8901,1265.3947,7.0153,0.9498,"day,code,turnover_ratio,market_cap,circulating_market_cap,pe_ratio,pb_ratio"
2016-04-07,000001.XSHE,0.32,1515.2888,1250.0494,6.9302,0.9383,"day,code,turnover_ratio,market_cap,circulating_market_cap,pe_ratio,pb_ratio"
2016-04-08,000001.XSHE,0.319,1512.4271,1247.6886,6.9171,0.9365,"day,code,turnover_ratio,market_cap,circulating_market_cap,pe_ratio,pb_ratio"
2016-04-11,000001.XSHE,0.6662,1533.8901,1265.3947,7.0153,0.9498,"day,code,turnover_ratio,market_cap,circulating_market_cap,pe_ratio,pb_ratio"
2016-04-12,000001.XSHE,0.253,1526.7357,1259.4926,6.9826,0.9453,"day,code,turnover_ratio,market_cap,circulating_market_cap,pe_ratio,pb_ratio"
2016-04-13,000001.XSHE,0.7258,1546.7679,1276.0183,7.0742,0.9578,"day,code,turnover_ratio,market_cap,circulating_market_cap,pe_ratio,pb_ratio"
2016-04-14,000001.XSHE,0.2742,1551.0605,1279.5595,7.0938,0.9604,"day,code,turnover_ratio,market_cap,circulating_market_cap,pe_ratio,pb_ratio"
2016-04-15,000001.XSHE,0.4212,1556.784,1284.2811,7.12,0.964,"day,code,turnover_ratio,market_cap,circulating_market_cap,pe_ratio,pb_ratio"
2016-04-18,000001.XSHE,0.2971,1535.3209,1266.5751,7.0218,0.9507,"day,code,turnover_ratio,market_cap,circulating_market_cap,pe_ratio,pb_ratio"
2016-04-19,000001.XSHE,0.1849,1541.0444,1271.2967,7.048,0.9542,"day,code,turnover_ratio,market_cap,circulating_market_cap,pe_ratio,pb_ratio"
2016-04-20,000001.XSHE,0.5139,1505.2727,1241.7865,6.8844,0.9321,"day,code,turnover_ratio,market_cap,circulating_market_cap,pe_ratio,pb_ratio"
2016-04-21,000001.XSHE,0.4734,1503.8419,1240.6061,6.737,0.8972,"day,code,turnover_ratio,market_cap,circulating_market_cap,pe_ratio,pb_ratio"
2016-04-22,000001.XSHE,0.3047,1509.5653,1245.3278,6.7627,0.9006,"day,code,turnover_ratio,market_cap,circulating_market_cap,pe_ratio,pb_ratio"
2016-04-25,000001.XSHE,0.2959,1502.411,1239.4257,6.7306,0.8963,"day,code,turnover_ratio,market_cap,circulating_market_cap,pe_ratio,pb_ratio"
2016-04-26,000001.XSHE,0.2471,1515.2888,1250.0494,6.7883,0.904,"day,code,turnover_ratio,market_cap,circulating_market_cap,pe_ratio,pb_ratio"
2016-04-27,000001.XSHE,0.2029,1512.4271,1247.6886,6.7755,0.9023,"day,code,turnover_ratio,market_cap,circulating_market_cap,pe_ratio,pb_ratio"
2016-04-28,000001.XSHE,0.3875,1525.3049,1258.3122,6.8332,0.91,"day,code,turnover_ratio,market_cap,circulating_market_cap,pe_ratio,pb_ratio"
2016-04-29,000001.XSHE,0.3431,1512.4271,1247.6886,6.7755,0.9023,"day,code,turnover_ratio,market_cap,circulating_market_cap,pe_ratio,pb_ratio"
2016-05-03,000001.XSHE,0.4144,1528.1666,1260.673,6.846,0.9117,"day,code,turnover_ratio,market_cap,circulating_market_cap,pe_ratio,pb_ratio"
2016-05-04,000001.XSHE,0.3494,1533.8901,1265.3947,6.8717,0.9151,"day,code,turnover_ratio,market_cap,circulating_market_cap,pe_ratio,pb_ratio"
2016-05-05,000001.XSHE,0.2029,1533.8901,1265.3947,6.8717,0.9151,"day,code,turnover_ratio,market_cap,circulating_market_cap,pe_ratio,pb_ratio"
2016-05-06,000001.XSHE,0.2936,1505.2727,1241.7865,6.7434,0.898,"day,code,turnover_ratio,market_cap,circulating_market_cap,pe_ratio,pb_ratio"
2016-05-09,000001.XSHE,0.3483,1480.948,1221.7196,6.6345,0.8835,"day,code,turnover_ratio,market_cap,circulating_market_cap,pe_ratio,pb_ratio"
2016-05-10,000001.XSHE,0.2479,1470.9319,1213.4568,6.5896,0.8776,"day,code,turnover_ratio,market_cap,circulating_market_cap,pe_ratio,pb_ratio"
2016-05-11,000001.XSHE,0.2773,1483.8097,1224.0805,6.6473,0.8852,"day,code,turnover_ratio,market_cap,circulating_market_cap,pe_ratio,pb_ratio"
2016-05-12,000001.XSHE,0.2761,1485.2406,1225.2609,6.6537,0.8861,"day,code,turnover_ratio,market_cap,circulating_market_cap,pe_ratio,pb_ratio"
2016-05-13,000001.XSHE,0.1561,1480.948,1221.7196,6.6345,0.8835,"day,code,turnover_ratio,market_cap,circulating_market_cap,pe_ratio,pb_ratio"
2016-05-16,000001.XSHE,0.1823,1482.3788,1222.9001,6.6409,0.8844,"day,code,turnover_ratio,market_cap,circulating_market_cap,pe_ratio,pb_ratio"
2016-05-17,000001.XSHE,0.2122,1473.7936,1215.8176,6.6024,0.8793,"day,code,turnover_ratio,market_cap,circulating_market_cap,pe_ratio,pb_ratio"
2016-05-18,000001.XSHE,0.4525,1473.7936,1215.8176,6.6024,0.8793,"day,code,turnover_ratio,market_cap,circulating_market_cap,pe_ratio,pb_ratio"
2016-05-19,000001.XSHE,0.1447,1466.6393,1209.9156,6.5704,0.875,"day,code,turnover_ratio,market_cap,circulating_market_cap,pe_ratio,pb_ratio"
2016-05-20,000001.XSHE,0.1751,1473.7936,1215.8176,6.6024,0.8793,"day,code,turnover_ratio,market_cap,circulating_market_cap,pe_ratio,pb_ratio"
2016-05-23,000001.XSHE,0.2654,1470.9319,1253.4045,6.5896,0.8776,"day,code,turnover_ratio,market_cap,circulating_market_cap,pe_ratio,pb_ratio"
2016-05-24,000001.XSHE,0.2127,1460.9158,1244.8696,6.5447,0.8716,"day,code,turnover_ratio,market_cap,circulating_market_cap,pe_ratio,pb_ratio"
2016-05-25,000001.XSHE,0.1675,1463.7776,1247.3081,6.5576,0.8733,"day,code,turnover_ratio,market_cap,circulating_market_cap,pe_ratio,pb_ratio"
2016-05-26,000001.XSHE,0.2144,1462.3467,1246.0889,6.5511,0.8724,"day,code,turnover_ratio,market_cap,circulating_market_cap,pe_ratio,pb_ratio"
2016-05-27,000001.XSHE,0.1827,1469.501,1252.1852,6.5832,0.8767,"day,code,turnover_ratio,market_cap,circulating_market_cap,pe_ratio,pb_ratio"
2016-05-30,000001.XSHE,0.3124,1470.9319,1253.4045,6.5896,0.8776,"day,code,turnover_ratio,market_cap,circulating_market_cap,pe_ratio,pb_ratio"
2016-05-31,000001.XSHE,0.7763,1509.5653,1286.3246,6.7627,0.9006,"day,code,turnover_ratio,market_cap,circulating_market_cap,pe_ratio,pb_ratio"
2016-06-01,000001.XSHE,0.4566,1499.5493,1277.7898,6.7178,0.8946,"day,code,turnover_ratio,market_cap,circulating_market_cap,pe_ratio,pb_ratio"
2016-06-02,000001.XSHE,0.2403,1496.6875,1275.3512,6.705,0.8929,"day,code,turnover_ratio,market_cap,circulating_market_cap,pe_ratio,pb_ratio"
2016-06-03,000001.XSHE,0.3472,1502.411,1280.2283,6.7306,0.8963,"day,code,turnover_ratio,market_cap,circulating_market_cap,pe_ratio,pb_ratio"
2016-06-06,000001.XSHE,0.2775,1503.8419,1281.4475,6.737,0.8972,"day,code,turnover_ratio,market_cap,circulating_market_cap,pe_ratio,pb_ratio"
2016-06-07,000001.XSHE,0.188,1505.2727,1282.6668,6.7434,0.898,"day,code,turnover_ratio,market_cap,circulating_market_cap,pe_ratio,pb_ratio"
2016-06-08,000001.XSHE,0.22,1502.411,1280.2283,6.7306,0.8963,"day,code,turnover_ratio,market_cap,circulating_market_cap,pe_ratio,pb_ratio"
2016-06-13,000001.XSHE,0.2828,1478.0862,1259.5008,6.6217,0.8818,"day,code,turnover_ratio,market_cap,circulating_market_cap,pe_ratio,pb_ratio"
2016-06-14,000001.XSHE,0.2244,1488.1023,1268.0356,6.6665,0.8878,"day,code,turnover_ratio,market_cap,circulating_market_cap,pe_ratio,pb_ratio"
2016-06-15,000001.XSHE,0.3102,1493.8258,1272.9127,6.6922,0.8912,"day,code,turnover_ratio,market_cap,circulating_market_cap,pe_ratio,pb_ratio"
2016-06-16,000001.XSHE,0.2643,1471.5043,1253.8922,6.5922,0.8779,"day,code,turnover_ratio,market_cap,circulating_market_cap,pe_ratio,pb_ratio"
2016-06-17,000001.XSHE,0.2154,1473.2213,1255.3553,6.5999,0.8789,"day,code,turnover_ratio,market_cap,circulating_market_cap,pe_ratio,pb_ratio"
2016-06-20,000001.XSHE,0.185,1476.6554,1258.2815,6.6152,0.881,"day,code,turnover_ratio,market_cap,circulating_market_cap,pe_ratio,pb_ratio"
2016-06-21,000001.XSHE,0.2602,1478.3724,1259.7446,6.6229,0.882,"day,code,turnover_ratio,market_cap,circulating_market_cap,pe_ratio,pb_ratio"
2016-06-22,000001.XSHE,0.3267,1498.9769,1277.302,6.7152,0.8943,"day,code,turnover_ratio,market_cap,circulating_market_cap,pe_ratio,pb_ratio"
2016-06-23,000001.XSHE,0.2294,1486.9576,1267.0602,6.6614,0.8871,"day,code,turnover_ratio,market_cap,circulating_market_cap,pe_ratio,pb_ratio"
2016-06-24,000001.XSHE,0.2923,1471.5043,1253.8922,6.5922,0.8779,"day,code,turnover_ratio,market_cap,circulating_market_cap,pe_ratio,pb_ratio"
2016-06-27,000001.XSHE,0.2223,1478.3724,1259.7446,6.6229,0.882,"day,code,turnover_ratio,market_cap,circulating_market_cap,pe_ratio,pb_ratio"
2016-06-28,000001.XSHE,0.23,1481.8065,1262.6709,6.6383,0.884,"day,code,turnover_ratio,market_cap,circulating_market_cap,pe_ratio,pb_ratio"
2016-06-29,000001.XSHE,0.2526,1492.1087,1271.4496,6.6845,0.8902,"day,code,turnover_ratio,market_cap,circulating_market_cap,pe_ratio,pb_ratio"
2016-06-30,000001.XSHE,0.2476,1493.8258,1272.9127,6.6922,0.8912,"day,code,turnover_ratio,market_cap,circulating_market_cap,pe_ratio,pb_ratio"
2016-07-01,000001.XSHE,0.2385,1495.5428,1274.3758,6.6999,0.8922,"day,code,turnover_ratio,market_cap,circulating_market_cap,pe_ratio,pb_ratio"
2016-07-04,000001.XSHE,0.4157,1512.7132,1289.007,6.7768,0.9025,"day,code,turnover_ratio,market_cap,circulating_market_cap,pe_ratio,pb_ratio"
2016-07-05,000001.XSHE,0.2885,1512.7132,1289.007,6.7768,0.9025,"day,code,turnover_ratio,market_cap,circulating_market_cap,pe_ratio,pb_ratio"
2016-07-06,000001.XSHE,0.2207,1509.2792,1286.0808,6.7614,0.9004,"day,code,turnover_ratio,market_cap,circulating_market_cap,pe_ratio,pb_ratio"
2016-07-07,000001.XSHE,0.2138,1507.5621,1284.6176,6.7537,0.8994,"day,code,turnover_ratio,market_cap,circulating_market_cap,pe_ratio,pb_ratio"
2016-07-08,000001.XSHE,0.1786,1500.694,1278.7652,6.7229,0.8953,"day,code,turnover_ratio,market_cap,circulating_market_cap,pe_ratio,pb_ratio"
2016-07-11,000001.XSHE,0.2497,1502.411,1280.2283,6.7306,0.8963,"day,code,turnover_ratio,market_cap,circulating_market_cap,pe_ratio,pb_ratio"
2016-07-12,000001.XSHE,0.4865,1524.7325,1299.2488,6.8306,0.9097,"day,code,turnover_ratio,market_cap,circulating_market_cap,pe_ratio,pb_ratio"
2016-07-13,000001.XSHE,0.5456,1543.62,1315.3431,6.9152,0.9209,"day,code,turnover_ratio,market_cap,circulating_market_cap,pe_ratio,pb_ratio"
2016-07-14,000001.XSHE,0.2458,1535.0348,1308.0275,6.8768,0.9158,"day,code,turnover_ratio,market_cap,circulating_market_cap,pe_ratio,pb_ratio"
2016-07-15,000001.XSHE,0.2406,1543.62,1315.3431,6.9152,0.9209,"day,code,turnover_ratio,market_cap,circulating_market_cap,pe_ratio,pb_ratio"
2016-07-18,000001.XSHE,0.3465,1552.2052,1322.6587,6.9537,0.926,"day,code,turnover_ratio,market_cap,circulating_market_cap,pe_ratio,pb_ratio"
2016-07-19,000001.XSHE,0.248,1540.1859,1312.4169,6.8999,0.9189,"day,code,turnover_ratio,market_cap,circulating_market_cap,pe_ratio,pb_ratio"
2016-07-20,000001.XSHE,0.2125,1538.4689,1310.9538,6.8922,0.9179,"day,code,turnover_ratio,market_cap,circulating_market_cap,pe_ratio,pb_ratio"
2016-07-21,000001.XSHE,0.2326,1543.62,1315.3431,6.9152,0.9209,"day,code,turnover_ratio,market_cap,circulating_market_cap,pe_ratio,pb_ratio"
2016-07-22,000001.XSHE,0.202,1535.0348,1308.0275,6.8768,0.9158,"day,code,turnover_ratio,market_cap,circulating_market_cap,pe_ratio,pb_ratio"
2016-07-25,000001.XSHE,0.1809,1541.9029,1313.88,6.9075,0.9199,"day,code,turnover_ratio,market_cap,circulating_market_cap,pe_ratio,pb_ratio"
2016-07-26,000001.XSHE,0.3736,1564.2245,1332.9005,7.0075,0.9332,"day,code,turnover_ratio,market_cap,circulating_market_cap,pe_ratio,pb_ratio"
2016-07-27,000001.XSHE,0.5595,1547.0541,1318.2694,6.9306,0.923,"day,code,turnover_ratio,market_cap,circulating_market_cap,pe_ratio,pb_ratio"
2016-07-28,000001.XSHE,0.328,1559.0734,1328.5112,6.9845,0.9301,"day,code,turnover_ratio,market_cap,circulating_market_cap,pe_ratio,pb_ratio"
2016-07-29,000001.XSHE,0.4589,1579.6778,1346.0686,7.0768,0.9424,"day,code,turnover_ratio,market_cap,circulating_market_cap,pe_ratio,pb_ratio"
2016-08-01,000001.XSHE,0.519,1593.4142,1357.7735,7.1383,0.9506,"day,code,turnover_ratio,market_cap,circulating_market_cap,pe_ratio,pb_ratio"
2016-08-02,000001.XSHE,0.307,1588.2631,1353.3842,7.1152,0.9476,"day,code,turnover_ratio,market_cap,circulating_market_cap,pe_ratio,pb_ratio"
2016-08-03,000001.XSHE,0.2902,1576.2438,1343.1424,7.0614,0.9404,"day,code,turnover_ratio,market_cap,circulating_market_cap,pe_ratio,pb_ratio"
2016-08-04,000001.XSHE,0.9189,1543.62,1315.3431,6.9152,0.9209,"day,code,turnover_ratio,market_cap,circulating_market_cap,pe_ratio,pb_ratio"
2016-08-05,000001.XSHE,0.4962,1552.2052,1322.6587,6.9537,0.926,"day,code,turnover_ratio,market_cap,circulating_market_cap,pe_ratio,pb_ratio"
2016-08-08,000001.XSHE,0.2723,1564.2245,1332.9005,7.0075,0.9332,"day,code,turnover_ratio,market_cap,circulating_market_cap,pe_ratio,pb_ratio"
2016-08-09,000001.XSHE,0.2841,1571.0926,1338.753,7.0383,0.9373,"day,code,turnover_ratio,market_cap,circulating_market_cap,pe_ratio,pb_ratio"
2016-08-10,000001.XSHE,0.2984,1569.3756,1337.2899,7.0306,0.9363,"day,code,turnover_ratio,market_cap,circulating_market_cap,pe_ratio,pb_ratio"
2016-08-11,000001.XSHE,0.6394,1583.1119,1348.9948,7.0922,0.9445,"day,code,turnover_ratio,market_cap,circulating_market_cap,pe_ratio,pb_ratio"
2016-08-12,000001.XSHE,0.9364,1631.1891,1389.9621,7.2266,0.9498,"day,code,turnover_ratio,market_cap,circulating_market_cap,pe_ratio,pb_ratio"
2016-08-15,000001.XSHE,1.2969,1662.0958,1416.2983,7.3635,0.9678,"day,code,turnover_ratio,market_cap,circulating_market_cap,pe_ratio,pb_ratio"
2016-08-16,000001.XSHE,0.7515,1634.6232,1392.8884,7.2418,0.9518,"day,code,turnover_ratio,market_cap,circulating_market_cap,pe_ratio,pb_ratio"
2016-08-17,000001.XSHE,0.3832,1639.7743,1397.2777,7.2646,0.9548,"day,code,turnover_ratio,market_cap,circulating_market_cap,pe_ratio,pb_ratio"
2016-08-18,000001.XSHE,0.4726,1631.1891,1389.9621,7.2266,0.9498,"day,code,turnover_ratio,market_cap,circulating_market_cap,pe_ratio,pb_ratio"
2016-08-19,000001.XSHE,0.3454,1632.9061,1391.4253,7.2342,0.9508,"day,code,turnover_ratio,market_cap,circulating_market_cap,pe_ratio,pb_ratio"
2016-08-22,000001.XSHE,0.6694,1614.0187,1375.331,7.1505,0.9398,"day,code,turnover_ratio,market_cap,circulating_market_cap,pe_ratio,pb_ratio"
2016-08-23,000001.XSHE,0.6087,1614.0187,1375.331,7.1505,0.9398,"day,code,turnover_ratio,market_cap,circulating_market_cap,pe_ratio,pb_ratio"
2016-08-24,000001.XSHE,0.5005,1619.1698,1379.7203,7.1734,0.9428,"day,code,turnover_ratio,market_cap,circulating_market_cap,pe_ratio,pb_ratio"
2016-08-25,000001.XSHE,0.422,1620.8868,1381.1834,7.181,0.9438,"day,code,turnover_ratio,market_cap,circulating_market_cap,pe_ratio,pb_ratio"
2016-08-26,000001.XSHE,0.3433,1622.6039,1382.6465,7.1886,0.9448,"day,code,turnover_ratio,market_cap,circulating_market_cap,pe_ratio,pb_ratio"
2016-08-29,000001.XSHE,0.3863,1617.4528,1378.2572,7.1657,0.9418,"day,code,turnover_ratio,market_cap,circulating_market_cap,pe_ratio,pb_ratio"
2016-08-30,000001.XSHE,0.4067,1626.038,1385.5728,7.2038,0.9468,"day,code,turnover_ratio,market_cap,circulating_market_cap,pe_ratio,pb_ratio"
2016-08-31,000001.XSHE,0.3347,1629.472,1388.499,7.219,0.9488,"day,code,turnover_ratio,market_cap,circulating_market_cap,pe_ratio,pb_ratio"
2016-09-01,000001.XSHE,0.3282,1622.6039,1382.6465,7.1886,0.9448,"day,code,turnover_ratio,market_cap,circulating_market_cap,pe_ratio,pb_ratio"
2016-09-02,000001.XSHE,0.2521,1622.6039,1382.6465,7.1886,0.9448,"day,code,turnover_ratio,market_cap,circulating_market_cap,pe_ratio,pb_ratio"
2016-09-05,000001.XSHE,0.3212,1617.4528,1378.2572,7.1657,0.9418,"day,code,turnover_ratio,market_cap,circulating_market_cap,pe_ratio,pb_ratio"
2016-09-06,000001.XSHE,0.3928,1615.7357,1376.7941,7.1581,0.9408,"day,code,turnover_ratio,market_cap,circulating_market_cap,pe_ratio,pb_ratio"
2016-09-07,000001.XSHE,0.314,1614.0187,1375.331,7.1505,0.9398,"day,code,turnover_ratio,market_cap,circulating_market_cap,pe_ratio,pb_ratio"
2016-09-08,000001.XSHE,0.2018,1614.0187,1375.331,7.1505,0.9398,"day,code,turnover_ratio,market_cap,circulating_market_cap,pe_ratio,pb_ratio"
2016-09-09,000001.XSHE,0.2238,1610.5846,1372.4047,7.1353,0.9378,"day,code,turnover_ratio,market_cap,circulating_market_cap,pe_ratio,pb_ratio"
2016-09-12,000001.XSHE,0.5171,1572.8097,1340.2161,6.968,0.9158,"day,code,turnover_ratio,market_cap,circulating_market_cap,pe_ratio,pb_ratio"
2016-09-13,000001.XSHE,0.315,1577.9608,1344.6055,6.9908,0.9188,"day,code,turnover_ratio,market_cap,circulating_market_cap,pe_ratio,pb_ratio"
2016-09-14,000001.XSHE,0.2881,1555.6393,1325.5849,6.8919,0.9058,"day,code,turnover_ratio,market_cap,circulating_market_cap,pe_ratio,pb_ratio"
2016-09-19,000001.XSHE,0.2422,1565.9415,1334.3637,6.9375,0.9118,"day,code,turnover_ratio,market_cap,circulating_market_cap,pe_ratio,pb_ratio"
2016-09-20,000001.XSHE,0.2985,1559.0734,1328.5112,6.9071,0.9078,"day,code,turnover_ratio,market_cap,circulating_market_cap,pe_ratio,pb_ratio"
2016-09-21,000001.XSHE,0.2773,1559.0734,1328.5112,6.9071,0.9078,"day,code,turnover_ratio,market_cap,circulating_market_cap,pe_ratio,pb_ratio"
2016-09-22,000001.XSHE,0.3381,1572.8097,1340.2161,6.968,0.9158,"day,code,turnover_ratio,market_cap,circulating_market_cap,pe_ratio,pb_ratio"
2016-09-23,000001.XSHE,0.1974,1571.0926,1338.753,6.9604,0.9148,"day,code,turnover_ratio,market_cap,circulating_market_cap,pe_ratio,pb_ratio"
2016-09-26,000001.XSHE,0.3004,1552.2052,1322.6587,6.8767,0.9038,"day,code,turnover_ratio,market_cap,circulating_market_cap,pe_ratio,pb_ratio"
2016-09-27,000001.XSHE,0.2743,1555.6393,1325.5849,6.8919,0.9058,"day,code,turnover_ratio,market_cap,circulating_market_cap,pe_ratio,pb_ratio"
2016-09-28,000001.XSHE,0.1855,1553.9222,1324.1218,6.8843,0.9048,"day,code,turnover_ratio,market_cap,circulating_market_cap,pe_ratio,pb_ratio"
2016-09-29,000001.XSHE,0.2075,1555.6393,1325.5849,6.8919,0.9058,"day,code,turnover_ratio,market_cap,circulating_market_cap,pe_ratio,pb_ratio"
2016-09-30,000001.XSHE,0.2106,1557.3563,1327.0481,6.8995,0.9068,"day,code,turnover_ratio,market_cap,circulating_market_cap,pe_ratio,pb_ratio"
2016-10-10,000001.XSHE,0.4179,1565.9415,1334.3637,6.9375,0.9118,"day,code,turnover_ratio,market_cap,circulating_market_cap,pe_ratio,pb_ratio"
2016-10-11,000001.XSHE,0.2484,1571.0926,1338.753,6.9604,0.9148,"day,code,turnover_ratio,market_cap,circulating_market_cap,pe_ratio,pb_ratio"
2016-10-12,000001.XSHE,0.1848,1567.6586,1335.8268,6.9451,0.9128,"day,code,turnover_ratio,market_cap,circulating_market_cap,pe_ratio,pb_ratio"
2016-10-13,000001.XSHE,0.4322,1557.3563,1327.0481,6.8995,0.9068,"day,code,turnover_ratio,market_cap,circulating_market_cap,pe_ratio,pb_ratio"
2016-10-14,000001.XSHE,0.2292,1560.7904,1329.9743,6.9147,0.9088,"day,code,turnover_ratio,market_cap,circulating_market_cap,pe_ratio,pb_ratio"
2016-10-17,000001.XSHE,0.2455,1553.9222,1324.1218,6.8843,0.9048,"day,code,turnover_ratio,market_cap,circulating_market_cap,pe_ratio,pb_ratio"
2016-10-18,000001.XSHE,0.4058,1560.7904,1329.9743,6.9147,0.9088,"day,code,turnover_ratio,market_cap,circulating_market_cap,pe_ratio,pb_ratio"
2016-10-19,000001.XSHE,0.3299,1559.0734,1328.5112,6.9071,0.9078,"day,code,turnover_ratio,market_cap,circulating_market_cap,pe_ratio,pb_ratio"
2016-10-20,000001.XSHE,0.2343,1557.3563,1327.0481,6.8995,0.9068,"day,code,turnover_ratio,market_cap,circulating_market_cap,pe_ratio,pb_ratio"
2016-10-21,000001.XSHE,0.4674,1567.6586,1335.8268,6.8625,0.8793,"day,code,turnover_ratio,market_cap,circulating_market_cap,pe_ratio,pb_ratio"
2016-10-24,000001.XSHE,0.6258,1586.546,1351.9211,6.9451,0.8899,"day,code,turnover_ratio,market_cap,circulating_market_cap,pe_ratio,pb_ratio"
2016-10-25,000001.XSHE,0.3423,1581.3949,1347.5317,6.9226,0.8871,"day,code,turnover_ratio,market_cap,circulating_market_cap,pe_ratio,pb_ratio"
2016-10-26,000001.XSHE,0.301,1571.0926,1338.753,6.8775,0.8813,"day,code,turnover_ratio,market_cap,circulating_market_cap,pe_ratio,pb_ratio"
2016-10-27,000001.XSHE,0.2215,1572.8097,1340.2161,6.885,0.8822,"day,code,turnover_ratio,market_cap,circulating_market_cap,pe_ratio,pb_ratio"
2016-10-28,000001.XSHE,0.3704,1574.5267,1341.6792,6.8925,0.8832,"day,code,turnover_ratio,market_cap,circulating_market_cap,pe_ratio,pb_ratio"
2016-10-31,000001.XSHE,0.3374,1571.0926,1338.753,6.8775,0.8813,"day,code,turnover_ratio,market_cap,circulating_market_cap,pe_ratio,pb_ratio"
2016-11-01,000001.XSHE,0.3591,1569.3756,1337.2899,6.87,0.8803,"day,code,turnover_ratio,market_cap,circulating_market_cap,pe_ratio,pb_ratio"
2016-11-02,000001.XSHE,0.433,1557.3563,1327.0481,6.8174,0.8736,"day,code,turnover_ratio,market_cap,circulating_market_cap,pe_ratio,pb_ratio"
2016-11-03,000001.XSHE,0.4216,1567.6586,1335.8268,6.8625,0.8793,"day,code,turnover_ratio,market_cap,circulating_market_cap,pe_ratio,pb_ratio"
2016-11-04,000001.XSHE,0.3473,1564.2245,1332.9005,6.8474,0.8774,"day,code,turnover_ratio,market_cap,circulating_market_cap,pe_ratio,pb_ratio"
2016-11-07,000001.XSHE,0.3398,1565.9415,1334.3637,6.8549,0.8784,"day,code,turnover_ratio,market_cap,circulating_market_cap,pe_ratio,pb_ratio"
2016-11-08,000001.XSHE,0.5514,1571.0926,1338.753,6.8775,0.8813,"day,code,turnover_ratio,market_cap,circulating_market_cap,pe_ratio,pb_ratio"
2016-11-09,000001.XSHE,0.4939,1557.3563,1327.0481,6.8174,0.8736,"day,code,turnover_ratio,market_cap,circulating_market_cap,pe_ratio,pb_ratio"
2016-11-10,000001.XSHE,0.432,1569.3756,1337.2899,6.87,0.8803,"day,code,turnover_ratio,market_cap,circulating_market_cap,pe_ratio,pb_ratio"
2016-11-11,000001.XSHE,0.5552,1576.2438,1343.1424,6.9,0.8842,"day,code,turnover_ratio,market_cap,circulating_market_cap,pe_ratio,pb_ratio"
2016-11-14,000001.XSHE,0.6664,1583.1119,1348.9948,6.9301,0.888,"day,code,turnover_ratio,market_cap,circulating_market_cap,pe_ratio,pb_ratio"
2016-11-15,000001.XSHE,0.3789,1584.829,1350.4579,6.9376,0.889,"day,code,turnover_ratio,market_cap,circulating_market_cap,pe_ratio,pb_ratio"
2016-11-16,000001.XSHE,0.2842,1584.829,1350.4579,6.9376,0.889,"day,code,turnover_ratio,market_cap,circulating_market_cap,pe_ratio,pb_ratio"
2016-11-17,000001.XSHE,0.3454,1581.3949,1347.5317,6.9226,0.8871,"day,code,turnover_ratio,market_cap,circulating_market_cap,pe_ratio,pb_ratio"
2016-11-18,000001.XSHE,0.3538,1576.2438,1343.1424,6.9,0.8842,"day,code,turnover_ratio,market_cap,circulating_market_cap,pe_ratio,pb_ratio"
2016-11-21,000001.XSHE,0.5811,1586.546,1351.9211,6.9451,0.8899,"day,code,turnover_ratio,market_cap,circulating_market_cap,pe_ratio,pb_ratio"
2016-11-22,000001.XSHE,0.8067,1607.1505,1369.4785,7.0353,0.9015,"day,code,turnover_ratio,market_cap,circulating_market_cap,pe_ratio,pb_ratio"
2016-11-23,000001.XSHE,1.198,1622.6039,1382.6465,7.103,0.9102,"day,code,turnover_ratio,market_cap,circulating_market_cap,pe_ratio,pb_ratio"
2016-11-24,000001.XSHE,0.5329,1626.038,1385.5728,7.118,0.9121,"day,code,turnover_ratio,market_cap,circulating_market_cap,pe_ratio,pb_ratio"
2016-11-25,000001.XSHE,0.6928,1651.7936,1407.5196,7.2308,0.9265,"day,code,turnover_ratio,market_cap,circulating_market_cap,pe_ratio,pb_ratio"
2016-11-28,000001.XSHE,0.8746,1653.5106,1408.9827,7.2383,0.9275,"day,code,turnover_ratio,market_cap,circulating_market_cap,pe_ratio,pb_ratio"
2016-11-29,000001.XSHE,0.6068,1651.7936,1407.5196,7.2308,0.9265,"day,code,turnover_ratio,market_cap,circulating_market_cap,pe_ratio,pb_ratio"
2016-11-30,000001.XSHE,0.7012,1639.7743,1397.2777,7.1781,0.9198,"day,code,turnover_ratio,market_cap,circulating_market_cap,pe_ratio,pb_ratio"
2016-12-01,000001.XSHE,0.4415,1648.3595,1404.5933,7.2157,0.9246,"day,code,turnover_ratio,market_cap,circulating_market_cap,pe_ratio,pb_ratio"
2016-12-02,000001.XSHE,0.5671,1639.7743,1397.2777,7.1781,0.9198,"day,code,turnover_ratio,market_cap,circulating_market_cap,pe_ratio,pb_ratio"
2016-12-05,000001.XSHE,0.5224,1624.3209,1384.1097,7.1105,0.9111,"day,code,turnover_ratio,market_cap,circulating_market_cap,pe_ratio,pb_ratio"
2016-12-06,000001.XSHE,0.4121,1629.472,1388.499,7.133,0.914,"day,code,turnover_ratio,market_cap,circulating_market_cap,pe_ratio,pb_ratio"
2016-12-07,000001.XSHE,0.3372,1627.755,1387.0359,7.1255,0.9131,"day,code,turnover_ratio,market_cap,circulating_market_cap,pe_ratio,pb_ratio"
2016-12-08,000001.XSHE,0.4589,1634.6232,1392.8884,7.1556,0.9169,"day,code,turnover_ratio,market_cap,circulating_market_cap,pe_ratio,pb_ratio"
2016-12-09,000001.XSHE,1.0349,1656.9447,1411.9089,7.2533,0.9294,"day,code,turnover_ratio,market_cap,circulating_market_cap,pe_ratio,pb_ratio"
2016-12-12,000001.XSHE,0.859,1631.1891,1389.9621,7.1406,0.915,"day,code,turnover_ratio,market_cap,circulating_market_cap,pe_ratio,pb_ratio"
2016-12-13,000001.XSHE,0.4414,1617.4528,1378.2572,7.0804,0.9073,"day,code,turnover_ratio,market_cap,circulating_market_cap,pe_ratio,pb_ratio"
2016-12-14,000001.XSHE,0.4085,1614.0187,1375.331,7.0654,0.9054,"day,code,turnover_ratio,market_cap,circulating_market_cap,pe_ratio,pb_ratio"
2016-12-15,000001.XSHE,0.5657,1588.2631,1353.3842,6.9526,0.8909,"day,code,turnover_ratio,market_cap,circulating_market_cap,pe_ratio,pb_ratio"
2016-12-16,000001.XSHE,0.2712,1588.2631,1353.3842,6.9526,0.8909,"day,code,turnover_ratio,market_cap,circulating_market_cap,pe_ratio,pb_ratio"
2016-12-19,000001.XSHE,0.3376,1579.6778,1346.0686,6.9151,0.8861,"day,code,turnover_ratio,market_cap,circulating_market_cap,pe_ratio,pb_ratio"
2016-12-20,000001.XSHE,0.4351,1564.2245,1332.9005,6.8474,0.8774,"day,code,turnover_ratio,market_cap,circulating_market_cap,pe_ratio,pb_ratio"
2016-12-21,000001.XSHE,0.2528,1572.8097,1340.2161,6.885,0.8822,"day,code,turnover_ratio,market_cap,circulating_market_cap,pe_ratio,pb_ratio"
2016-12-22,000001.XSHE,0.2333,1569.3756,1337.2899,6.87,0.8803,"day,code,turnover_ratio,market_cap,circulating_market_cap,pe_ratio,pb_ratio"
2016-12-23,000001.XSHE,0.2617,1559.0734,1328.5112,6.8249,0.8745,"day,code,turnover_ratio,market_cap,circulating_market_cap,pe_ratio,pb_ratio"
2016-12-26,000001.XSHE,0.2064,1565.9415,1334.3637,6.8549,0.8784,"day,code,turnover_ratio,market_cap,circulating_market_cap,pe_ratio,pb_ratio"
2016-12-27,000001.XSHE,0.1837,1559.0734,1328.5112,6.8249,0.8745,"day,code,turnover_ratio,market_cap,circulating_market_cap,pe_ratio,pb_ratio"
2016-12-28,000001.XSHE,0.2297,1555.6393,1325.5849,6.8098,0.8726,"day,code,turnover_ratio,market_cap,circulating_market_cap,pe_ratio,pb_ratio"
2016-12-29,000001.XSHE,0.2315,1559.0734,1328.5112,6.8249,0.8745,"day,code,turnover_ratio,market_cap,circulating_market_cap,pe_ratio,pb_ratio"
2016-12-30,000001.XSHE,0.2068,1562.5074,1331.4374,6.8399,0.8765,"day,code,turnover_ratio,market_cap,circulating_market_cap,pe_ratio,pb_ratio"
2017-01-03,000001.XSHE,0.3143,1572.8097,1340.2161,6.885,0.8822,"day,code,turnover_ratio,market_cap,circulating_market_cap,pe_ratio,pb_ratio"
2017-01-04,000001.XSHE,0.3071,1572.8097,1340.2161,6.885,0.8822,"day,code,turnover_ratio,market_cap,circulating_market_cap,pe_ratio,pb_ratio"
2017-01-05,000001.XSHE,0.2354,1574.5267,1341.6792,6.8925,0.8832,"day,code,turnover_ratio,market_cap,circulating_market_cap,pe_ratio,pb_ratio"
2017-01-06,000001.XSHE,0.2448,1567.6586,1335.8268,6.8625,0.8793,"day,code,turnover_ratio,market_cap,circulating_market_cap,pe_ratio,pb_ratio"
2017-01-09,000001.XSHE,0.2134,1571.0926,1547.9961,6.8775,0.8813,"day,code,turnover_ratio,market_cap,circulating_market_cap,pe_ratio,pb_ratio"
2017-01-10,000001.XSHE,0.1425,1571.0926,1547.9961,6.8775,0.8813,"day,code,turnover_ratio,market_cap,circulating_market_cap,pe_ratio,pb_ratio"
2017-01-11,000001.XSHE,0.1794,1569.3756,1546.3043,6.87,0.8803,"day,code,turnover_ratio,market_cap,circulating_market_cap,pe_ratio,pb_ratio"
2017-01-12,000001.XSHE,0.253,1571.0926,1547.9961,6.8775,0.8813,"day,code,turnover_ratio,market_cap,circulating_market_cap,pe_ratio,pb_ratio"
2017-01-13,000001.XSHE,0.2567,1572.8097,1549.6879,6.885,0.8822,"day,code,turnover_ratio,market_cap,circulating_market_cap,pe_ratio,pb_ratio"
2017-01-16,000001.XSHE,0.4038,1569.3756,1546.3043,6.87,0.8803,"day,code,turnover_ratio,market_cap,circulating_market_cap,pe_ratio,pb_ratio"
2017-01-17,000001.XSHE,0.3225,1571.0926,1547.9961,6.8775,0.8813,"day,code,turnover_ratio,market_cap,circulating_market_cap,pe_ratio,pb_ratio"
2017-01-18,000001.XSHE,0.3394,1574.5267,1551.3797,6.8925,0.8832,"day,code,turnover_ratio,market_cap,circulating_market_cap,pe_ratio,pb_ratio"
2017-01-19,000001.XSHE,0.2587,1576.2438,1553.0714,6.9,0.8842,"day,code,turnover_ratio,market_cap,circulating_market_cap,pe_ratio,pb_ratio"
2017-01-20,000001.XSHE,0.2325,1583.1119,1559.8386,6.9301,0.888,"day,code,turnover_ratio,market_cap,circulating_market_cap,pe_ratio,pb_ratio"
2017-01-23,000001.XSHE,0.2484,1583.1119,1559.8386,6.9301,0.888,"day,code,turnover_ratio,market_cap,circulating_market_cap,pe_ratio,pb_ratio"
2017-01-24,000001.XSHE,0.278,1591.6971,1568.2976,6.9677,0.8928,"day,code,turnover_ratio,market_cap,circulating_market_cap,pe_ratio,pb_ratio"
2017-01-25,000001.XSHE,0.1799,1589.9801,1566.6058,6.9602,0.8919,"day,code,turnover_ratio,market_cap,circulating_market_cap,pe_ratio,pb_ratio"
2017-01-26,000001.XSHE,0.2487,1601.9994,1578.4484,7.0128,0.8986,"day,code,turnover_ratio,market_cap,circulating_market_cap,pe_ratio,pb_ratio"
2017-02-03,000001.XSHE,0.1865,1589.9801,1566.6058,6.9602,0.8919,"day,code,turnover_ratio,market_cap,circulating_market_cap,pe_ratio,pb_ratio"
2017-02-06,000001.XSHE,0.3055,1598.5653,1575.0648,6.9977,0.8967,"day,code,turnover_ratio,market_cap,circulating_market_cap,pe_ratio,pb_ratio"
2017-02-07,000001.XSHE,0.2346,1596.8483,1573.373,6.9902,0.8957,"day,code,turnover_ratio,market_cap,circulating_market_cap,pe_ratio,pb_ratio"
2017-02-08,000001.XSHE,0.213,1596.8483,1573.373,6.9902,0.8957,"day,code,turnover_ratio,market_cap,circulating_market_cap,pe_ratio,pb_ratio"
2017-02-09,000001.XSHE,0.2027,1598.5653,1575.0648,6.9977,0.8967,"day,code,turnover_ratio,market_cap,circulating_market_cap,pe_ratio,pb_ratio"
2017-02-10,000001.XSHE,0.2853,1601.9994,1578.4484,7.0128,0.8986,"day,code,turnover_ratio,market_cap,circulating_market_cap,pe_ratio,pb_ratio"
2017-02-13,000001.XSHE,0.3773,1615.7357,1591.9828,7.0729,0.9063,"day,code,turnover_ratio,market_cap,circulating_market_cap,pe_ratio,pb_ratio"
2017-02-14,000001.XSHE,0.2142,1614.0187,1590.291,7.0654,0.9054,"day,code,turnover_ratio,market_cap,circulating_market_cap,pe_ratio,pb_ratio"
2017-02-15,000001.XSHE,0.4472,1622.6039,1598.75,7.103,0.9102,"day,code,turnover_ratio,market_cap,circulating_market_cap,pe_ratio,pb_ratio"
2017-02-16,000001.XSHE,0.243,1624.3209,1600.4418,7.1105,0.9111,"day,code,turnover_ratio,market_cap,circulating_market_cap,pe_ratio,pb_ratio"
2017-02-17,000001.XSHE,0.2505,1612.3016,1588.5992,7.0579,0.9044,"day,code,turnover_ratio,market_cap,circulating_market_cap,pe_ratio,pb_ratio"
2017-02-20,000001.XSHE,0.5312,1641.4913,1617.3598,7.1857,0.9208,"day,code,turnover_ratio,market_cap,circulating_market_cap,pe_ratio,pb_ratio"
2017-02-21,000001.XSHE,0.3822,1643.2084,1619.0516,7.1932,0.9217,"day,code,turnover_ratio,market_cap,circulating_market_cap,pe_ratio,pb_ratio"
2017-02-22,000001.XSHE,0.2737,1643.2084,1619.0516,7.1932,0.9217,"day,code,turnover_ratio,market_cap,circulating_market_cap,pe_ratio,pb_ratio"
2017-02-23,000001.XSHE,0.1982,1632.9061,1608.9008,7.1481,0.9159,"day,code,turnover_ratio,market_cap,circulating_market_cap,pe_ratio,pb_ratio"
2017-02-24,000001.XSHE,0.1965,1631.1891,1607.209,7.1406,0.915,"day,code,turnover_ratio,market_cap,circulating_market_cap,pe_ratio,pb_ratio"
2017-02-27,000001.XSHE,0.2408,1619.1698,1595.3664,7.0879,0.9082,"day,code,turnover_ratio,market_cap,circulating_market_cap,pe_ratio,pb_ratio"
2017-02-28,000001.XSHE,0.2185,1627.755,1603.8254,7.1255,0.9131,"day,code,turnover_ratio,market_cap,circulating_market_cap,pe_ratio,pb_ratio"
2017-03-01,000001.XSHE,0.2051,1629.472,1605.5172,7.133,0.914,"day,code,turnover_ratio,market_cap,circulating_market_cap,pe_ratio,pb_ratio"
2017-03-02,000001.XSHE,0.2386,1619.1698,1595.3664,7.0879,0.9082,"day,code,turnover_ratio,market_cap,circulating_market_cap,pe_ratio,pb_ratio"
2017-03-03,000001.XSHE,0.2025,1614.0187,1590.291,7.0654,0.9054,"day,code,turnover_ratio,market_cap,circulating_market_cap,pe_ratio,pb_ratio"
2017-03-06,000001.XSHE,0.2391,1622.6039,1598.75,7.103,0.9102,"day,code,turnover_ratio,market_cap,circulating_market_cap,pe_ratio,pb_ratio"
2017-03-07,000001.XSHE,0.1742,1622.6039,1598.75,7.103,0.9102,"day,code,turnover_ratio,market_cap,circulating_market_cap,pe_ratio,pb_ratio"
2017-03-08,000001.XSHE,0.1445,1617.4528,1593.6746,7.0804,0.9073,"day,code,turnover_ratio,market_cap,circulating_market_cap,pe_ratio,pb_ratio"
2017-03-09,000001.XSHE,0.2235,1610.5846,1586.9074,7.0504,0.9034,"day,code,turnover_ratio,market_cap,circulating_market_cap,pe_ratio,pb_ratio"
2017-03-10,000001.XSHE,0.2306,1614.0187,1590.291,7.0654,0.9054,"day,code,turnover_ratio,market_cap,circulating_market_cap,pe_ratio,pb_ratio"
2017-03-13,000001.XSHE,0.3223,1620.8868,1597.0582,7.0955,0.9092,"day,code,turnover_ratio,market_cap,circulating_market_cap,pe_ratio,pb_ratio"
2017-03-14,000001.XSHE,0.2391,1620.8868,1597.0582,7.0955,0.9092,"day,code,turnover_ratio,market_cap,circulating_market_cap,pe_ratio,pb_ratio"
2017-03-15,000001.XSHE,0.3231,1627.755,1603.8254,7.1255,0.9131,"day,code,turnover_ratio,market_cap,circulating_market_cap,pe_ratio,pb_ratio"
2017-03-16,000001.XSHE,0.3759,1634.6232,1610.5926,7.1556,0.9169,"day,code,turnover_ratio,market_cap,circulating_market_cap,pe_ratio,pb_ratio"
2017-03-17,000001.XSHE,0.9361,1598.5653,1575.0648,7.0736,0.8773,"day,code,turnover_ratio,market_cap,circulating_market_cap,pe_ratio,pb_ratio"
2017-03-20,000001.XSHE,0.4226,1588.2631,1564.914,7.028,0.8716,"day,code,turnover_ratio,market_cap,circulating_market_cap,pe_ratio,pb_ratio"
2017-03-21,000001.XSHE,0.3278,1586.546,1563.2222,7.0204,0.8707,"day,code,turnover_ratio,market_cap,circulating_market_cap,pe_ratio,pb_ratio"
2017-03-22,000001.XSHE,0.3346,1572.8097,1549.6879,6.9596,0.8631,"day,code,turnover_ratio,market_cap,circulating_market_cap,pe_ratio,pb_ratio"
2017-03-23,000001.XSHE,0.2563,1579.6778,1556.455,6.99,0.8669,"day,code,turnover_ratio,market_cap,circulating_market_cap,pe_ratio,pb_ratio"
2017-03-24,000001.XSHE,0.4202,1577.9608,1554.7632,6.9824,0.866,"day,code,turnover_ratio,market_cap,circulating_market_cap,pe_ratio,pb_ratio"
2017-03-27,000001.XSHE,0.5822,1569.3756,1546.3043,6.9444,0.8613,"day,code,turnover_ratio,market_cap,circulating_market_cap,pe_ratio,pb_ratio"
2017-03-28,000001.XSHE,0.2845,1565.9415,1542.9207,6.9293,0.8594,"day,code,turnover_ratio,market_cap,circulating_market_cap,pe_ratio,pb_ratio"
2017-03-29,000001.XSHE,0.3553,1564.2245,1541.2289,6.9217,0.8584,"day,code,turnover_ratio,market_cap,circulating_market_cap,pe_ratio,pb_ratio"
2017-03-30,000001.XSHE,0.4062,1559.0734,1536.1535,6.8989,0.8556,"day,code,turnover_ratio,market_cap,circulating_market_cap,pe_ratio,pb_ratio"
2017-03-31,000001.XSHE,0.3742,1574.5267,1551.3797,6.9672,0.8641,"day,code,turnover_ratio,market_cap,circulating_market_cap,pe_ratio,pb_ratio"
2017-04-05,000001.XSHE,0.295,1581.3949,1558.1468,6.9976,0.8679,"day,code,turnover_ratio,market_cap,circulating_market_cap,pe_ratio,pb_ratio"
2017-04-06,000001.XSHE,0.2568,1579.6778,1556.455,6.99,0.8669,"day,code,turnover_ratio,market_cap,circulating_market_cap,pe_ratio,pb_ratio"
2017-04-07,000001.XSHE,0.3043,1579.6778,1556.455,6.99,0.8669,"day,code,turnover_ratio,market_cap,circulating_market_cap,pe_ratio,pb_ratio"
2017-04-10,000001.XSHE,0.2372,1576.2438,1553.0714,6.9748,0.865,"day,code,turnover_ratio,market_cap,circulating_market_cap,pe_ratio,pb_ratio"
2017-04-11,000001.XSHE,0.362,1571.0926,1547.9961,6.952,0.8622,"day,code,turnover_ratio,market_cap,circulating_market_cap,pe_ratio,pb_ratio"
2017-04-12,000001.XSHE,0.2691,1565.9415,1542.9207,6.9293,0.8594,"day,code,turnover_ratio,market_cap,circulating_market_cap,pe_ratio,pb_ratio"
2017-04-13,000001.XSHE,0.2113,1565.9415,1542.9207,6.9293,0.8594,"day,code,turnover_ratio,market_cap,circulating_market_cap,pe_ratio,pb_ratio"
2017-04-14,000001.XSHE,0.2899,1559.0734,1536.1535,6.8989,0.8556,"day,code,turnover_ratio,market_cap,circulating_market_cap,pe_ratio,pb_ratio"
2017-04-17,000001.XSHE,0.3144,1562.5074,1539.5371,6.9141,0.8575,"day,code,turnover_ratio,market_cap,circulating_market_cap,pe_ratio,pb_ratio"
2017-04-18,000001.XSHE,0.1982,1553.9222,1531.0781,6.8761,0.8528,"day,code,turnover_ratio,market_cap,circulating_market_cap,pe_ratio,pb_ratio"
2017-04-19,000001.XSHE,0.4727,1529.8837,1507.3929,6.7697,0.8396,"day,code,turnover_ratio,market_cap,circulating_market_cap,pe_ratio,pb_ratio"
2017-04-20,000001.XSHE,0.2587,1531.6007,1509.0847,6.7773,0.8405,"day,code,turnover_ratio,market_cap,circulating_market_cap,pe_ratio,pb_ratio"
2017-04-21,000001.XSHE,0.1923,1540.1859,1517.5437,6.8153,0.8452,"day,code,turnover_ratio,market_cap,circulating_market_cap,pe_ratio,pb_ratio"
2017-04-24,000001.XSHE,0.2335,1533.3177,1510.7765,6.7467,0.8165,"day,code,turnover_ratio,market_cap,circulating_market_cap,pe_ratio,pb_ratio"
2017-04-25,000001.XSHE,0.2234,1545.337,1522.6191,6.7996,0.8229,"day,code,turnover_ratio,market_cap,circulating_market_cap,pe_ratio,pb_ratio"
2017-04-26,000001.XSHE,0.2259,1543.62,1520.9273,6.792,0.822,"day,code,turnover_ratio,market_cap,circulating_market_cap,pe_ratio,pb_ratio"
2017-04-27,000001.XSHE,0.229,1540.1859,1517.5437,6.7769,0.8202,"day,code,turnover_ratio,market_cap,circulating_market_cap,pe_ratio,pb_ratio"
2017-04-28,000001.XSHE,0.1693,1543.62,1520.9273,6.792,0.822,"day,code,turnover_ratio,market_cap,circulating_market_cap,pe_ratio,pb_ratio"
2017-05-02,000001.XSHE,0.1838,1535.0348,1512.4683,6.7542,0.8174,"day,code,turnover_ratio,market_cap,circulating_market_cap,pe_ratio,pb_ratio"
2017-05-03,000001.XSHE,0.1657,1529.8837,1507.3929,6.7316,0.8147,"day,code,turnover_ratio,market_cap,circulating_market_cap,pe_ratio,pb_ratio"
2017-05-04,000001.XSHE,0.4117,1500.694,1478.6323,6.6031,0.7992,"day,code,turnover_ratio,market_cap,circulating_market_cap,pe_ratio,pb_ratio"
2017-05-05,000001.XSHE,0.3687,1481.8065,1460.0225,6.52,0.7891,"day,code,turnover_ratio,market_cap,circulating_market_cap,pe_ratio,pb_ratio"
2017-05-08,000001.XSHE,0.272,1471.5043,1449.8717,6.4747,0.7836,"day,code,turnover_ratio,market_cap,circulating_market_cap,pe_ratio,pb_ratio"
2017-05-09,000001.XSHE,0.1916,1483.5235,1461.7143,6.5276,0.79,"day,code,turnover_ratio,market_cap,circulating_market_cap,pe_ratio,pb_ratio"
2017-05-10,000001.XSHE,0.3387,1488.6747,1466.7897,6.5502,0.7928,"day,code,turnover_ratio,market_cap,circulating_market_cap,pe_ratio,pb_ratio"
2017-05-11,000001.XSHE,0.2977,1493.8258,1471.8651,6.5729,0.7955,"day,code,turnover_ratio,market_cap,circulating_market_cap,pe_ratio,pb_ratio"
2017-05-12,000001.XSHE,0.5426,1528.1666,1505.7011,6.724,0.8138,"day,code,turnover_ratio,market_cap,circulating_market_cap,pe_ratio,pb_ratio"
2017-05-15,000001.XSHE,0.3172,1521.2984,1498.9339,6.6938,0.8101,"day,code,turnover_ratio,market_cap,circulating_market_cap,pe_ratio,pb_ratio"
2017-05-16,000001.XSHE,0.3102,1517.8644,1495.5503,6.6787,0.8083,"day,code,turnover_ratio,market_cap,circulating_market_cap,pe_ratio,pb_ratio"
2017-05-17,000001.XSHE,0.2467,1505.8451,1483.7077,6.6258,0.8019,"day,code,turnover_ratio,market_cap,circulating_market_cap,pe_ratio,pb_ratio"
2017-05-18,000001.XSHE,0.1344,1498.9769,1476.9405,6.5956,0.7982,"day,code,turnover_ratio,market_cap,circulating_market_cap,pe_ratio,pb_ratio"
2017-05-19,000001.XSHE,0.1739,1492.1087,1470.1733,6.5654,0.7946,"day,code,turnover_ratio,market_cap,circulating_market_cap,pe_ratio,pb_ratio"
2017-05-22,000001.XSHE,0.4014,1490.3917,1468.4815,6.5578,0.7937,"day,code,turnover_ratio,market_cap,circulating_market_cap,pe_ratio,pb_ratio"
2017-05-23,000001.XSHE,0.4729,1509.2792,1487.0913,6.6409,0.8037,"day,code,turnover_ratio,market_cap,circulating_market_cap,pe_ratio,pb_ratio"
2017-05-24,000001.XSHE,0.3147,1512.7132,1490.4749,6.656,0.8056,"day,code,turnover_ratio,market_cap,circulating_market_cap,pe_ratio,pb_ratio"
2017-05-25,000001.XSHE,0.9585,1562.5074,1539.5371,6.8751,0.8321,"day,code,turnover_ratio,market_cap,circulating_market_cap,pe_ratio,pb_ratio"
2017-05-26,000001.XSHE,0.5292,1562.5074,1539.5371,6.8751,0.8321,"day,code,turnover_ratio,market_cap,circulating_market_cap,pe_ratio,pb_ratio"
2017-05-31,000001.XSHE,0.6107,1579.6778,1556.455,6.9507,0.8412,"day,code,turnover_ratio,market_cap,circulating_market_cap,pe_ratio,pb_ratio"
2017-06-01,000001.XSHE,0.3347,1577.9608,1554.7632,6.9431,0.8403,"day,code,turnover_ratio,market_cap,circulating_market_cap,pe_ratio,pb_ratio"
2017-06-02,000001.XSHE,0.4556,1574.5267,1551.3797,6.928,0.8385,"day,code,turnover_ratio,market_cap,circulating_market_cap,pe_ratio,pb_ratio"
2017-06-05,000001.XSHE,0.3748,1550.4881,1527.6945,6.8222,0.8257,"day,code,turnover_ratio,market_cap,circulating_market_cap,pe_ratio,pb_ratio"
2017-06-06,000001.XSHE,0.21,1552.2052,1529.3863,6.8298,0.8266,"day,code,turnover_ratio,market_cap,circulating_market_cap,pe_ratio,pb_ratio"
2017-06-07,000001.XSHE,0.3817,1567.6586,1544.6125,6.8978,0.8348,"day,code,turnover_ratio,market_cap,circulating_market_cap,pe_ratio,pb_ratio"
2017-06-08,000001.XSHE,0.2264,1567.6586,1544.6125,6.8978,0.8348,"day,code,turnover_ratio,market_cap,circulating_market_cap,pe_ratio,pb_ratio"
2017-06-09,000001.XSHE,0.4052,1571.0926,1547.9961,6.9129,0.8366,"day,code,turnover_ratio,market_cap,circulating_market_cap,pe_ratio,pb_ratio"
2017-06-12,000001.XSHE,0.2982,1564.2245,1541.2289,6.8827,0.833,"day,code,turnover_ratio,market_cap,circulating_market_cap,pe_ratio,pb_ratio"
2017-06-13,000001.XSHE,0.2651,1565.9415,1542.9207,6.8902,0.8339,"day,code,turnover_ratio,market_cap,circulating_market_cap,pe_ratio,pb_ratio"
2017-06-14,000001.XSHE,0.2219,1559.0734,1536.1535,6.86,0.8302,"day,code,turnover_ratio,market_cap,circulating_market_cap,pe_ratio,pb_ratio"
2017-06-15,000001.XSHE,0.1997,1552.2052,1529.3863,6.8298,0.8266,"day,code,turnover_ratio,market_cap,circulating_market_cap,pe_ratio,pb_ratio"
2017-06-16,000001.XSHE,0.169,1548.7711,1526.0027,6.8147,0.8248,"day,code,turnover_ratio,market_cap,circulating_market_cap,pe_ratio,pb_ratio"
2017-06-19,000001.XSHE,0.2895,1567.6586,1544.6125,6.8978,0.8348,"day,code,turnover_ratio,market_cap,circulating_market_cap,pe_ratio,pb_ratio"
2017-06-20,000001.XSHE,0.1854,1565.9415,1542.9207,6.8902,0.8339,"day,code,turnover_ratio,market_cap,circulating_market_cap,pe_ratio,pb_ratio"
2017-06-21,000001.XSHE,0.2937,1571.0926,1547.9961,6.9129,0.8366,"day,code,turnover_ratio,market_cap,circulating_market_cap,pe_ratio,pb_ratio"
2017-06-22,000001.XSHE,0.8435,1588.2631,1564.914,6.9884,0.8458,"day,code,turnover_ratio,market_cap,circulating_market_cap,pe_ratio,pb_ratio"
2017-06-23,000001.XSHE,0.3452,1588.2631,1564.914,6.9884,0.8458,"day,code,turnover_ratio,market_cap,circulating_market_cap,pe_ratio,pb_ratio"
2017-06-26,000001.XSHE,0.4201,1596.8483,1573.373,7.0262,0.8504,"day,code,turnover_ratio,market_cap,circulating_market_cap,pe_ratio,pb_ratio"
2017-06-27,000001.XSHE,0.3227,1607.1505,1583.5238,7.0715,0.8558,"day,code,turnover_ratio,market_cap,circulating_market_cap,pe_ratio,pb_ratio"
2017-06-28,000001.XSHE,0.6909,1619.1698,1595.3664,7.1244,0.8622,"day,code,turnover_ratio,market_cap,circulating_market_cap,pe_ratio,pb_ratio"
2017-06-29,000001.XSHE,0.2889,1619.1698,1595.3664,7.1244,0.8622,"day,code,turnover_ratio,market_cap,circulating_market_cap,pe_ratio,pb_ratio"
2017-06-30,000001.XSHE,0.2953,1612.3016,1588.5992,7.0942,0.8586,"day,code,turnover_ratio,market_cap,circulating_market_cap,pe_ratio,pb_ratio"
2017-07-03,000001.XSHE,0.2295,1614.0187,1590.291,7.1018,0.8595,"day,code,turnover_ratio,market_cap,circulating_market_cap,pe_ratio,pb_ratio"
2017-07-04,000001.XSHE,0.2887,1603.7164,1580.1402,7.0564,0.854,"day,code,turnover_ratio,market_cap,circulating_market_cap,pe_ratio,pb_ratio"
2017-07-05,000001.XSHE,0.3356,1608.8675,1585.2156,7.0791,0.8568,"day,code,turnover_ratio,market_cap,circulating_market_cap,pe_ratio,pb_ratio"
2017-07-06,000001.XSHE,0.4368,1614.0187,1590.291,7.1018,0.8595,"day,code,turnover_ratio,market_cap,circulating_market_cap,pe_ratio,pb_ratio"
2017-07-07,000001.XSHE,0.4494,1626.038,1602.1336,7.1547,0.8659,"day,code,turnover_ratio,market_cap,circulating_market_cap,pe_ratio,pb_ratio"
2017-07-10,000001.XSHE,0.8044,1646.6424,1622.4352,7.2453,0.8769,"day,code,turnover_ratio,market_cap,circulating_market_cap,pe_ratio,pb_ratio"
2017-07-11,000001.XSHE,2.2533,1759.9672,1734.0939,7.7439,0.9372,"day,code,turnover_ratio,market_cap,circulating_market_cap,pe_ratio,pb_ratio"
2017-07-12,000001.XSHE,1.7726,1775.4205,1749.3201,7.8119,0.9454,"day,code,turnover_ratio,market_cap,circulating_market_cap,pe_ratio,pb_ratio"
2017-07-13,000001.XSHE,1.77,1871.5748,1844.0609,8.235,0.9967,"day,code,turnover_ratio,market_cap,circulating_market_cap,pe_ratio,pb_ratio"
2017-07-14,000001.XSHE,1.0182,1871.5748,1844.0609,8.235,0.9967,"day,code,turnover_ratio,market_cap,circulating_market_cap,pe_ratio,pb_ratio"
2017-07-17,000001.XSHE,1.9347,1856.1215,1828.8347,8.167,0.9884,"day,code,turnover_ratio,market_cap,circulating_market_cap,pe_ratio,pb_ratio"
2017-07-18,000001.XSHE,1.3887,1897.3305,1869.4379,8.3484,1.0104,"day,code,turnover_ratio,market_cap,circulating_market_cap,pe_ratio,pb_ratio"
2017-07-19,000001.XSHE,1.1426,1904.1986,1876.2051,8.3786,1.014,"day,code,turnover_ratio,market_cap,circulating_market_cap,pe_ratio,pb_ratio"
2017-07-20,000001.XSHE,0.9087,1883.5941,1855.9035,8.2879,1.0031,"day,code,turnover_ratio,market_cap,circulating_market_cap,pe_ratio,pb_ratio"
2017-07-21,000001.XSHE,0.8872,1869.8578,1842.3691,8.2275,0.9957,"day,code,turnover_ratio,market_cap,circulating_market_cap,pe_ratio,pb_ratio"
2017-07-24,000001.XSHE,1.0005,1880.16,1852.5199,8.2728,1.0012,"day,code,turnover_ratio,market_cap,circulating_market_cap,pe_ratio,pb_ratio"
2017-07-25,000001.XSHE,1.1554,1888.7453,1860.9789,8.3106,1.0058,"day,code,turnover_ratio,market_cap,circulating_market_cap,pe_ratio,pb_ratio"
2017-07-26,000001.XSHE,1.0033,1844.1022,1816.9921,8.1141,0.982,"day,code,turnover_ratio,market_cap,circulating_market_cap,pe_ratio,pb_ratio"
2017-07-27,000001.XSHE,0.706,1818.3466,1791.6151,8.0008,0.9683,"day,code,turnover_ratio,market_cap,circulating_market_cap,pe_ratio,pb_ratio"
2017-07-28,000001.XSHE,0.4842,1844.1022,1816.9921,8.1141,0.982,"day,code,turnover_ratio,market_cap,circulating_market_cap,pe_ratio,pb_ratio"
2017-07-31,000001.XSHE,0.9315,1832.0829,1805.1495,8.0613,0.9756,"day,code,turnover_ratio,market_cap,circulating_market_cap,pe_ratio,pb_ratio"
2017-08-01,000001.XSHE,1.2033,1895.6134,1867.7461,8.3408,1.0095,"day,code,turnover_ratio,market_cap,circulating_market_cap,pe_ratio,pb_ratio"
2017-08-02,000001.XSHE,1.2189,1914.5009,1886.3558,8.4239,1.0195,"day,code,turnover_ratio,market_cap,circulating_market_cap,pe_ratio,pb_ratio"
2017-08-03,000001.XSHE,0.5818,1890.4623,1862.6707,8.3181,1.0067,"day,code,turnover_ratio,market_cap,circulating_market_cap,pe_ratio,pb_ratio"
2017-08-04,000001.XSHE,0.8003,1917.9349,1889.7394,8.439,1.0213,"day,code,turnover_ratio,market_cap,circulating_market_cap,pe_ratio,pb_ratio"
2017-08-07,000001.XSHE,0.5087,1888.7453,1860.9789,8.3106,1.0058,"day,code,turnover_ratio,market_cap,circulating_market_cap,pe_ratio,pb_ratio"
2017-08-08,000001.XSHE,0.4076,1897.3305,1869.4379,8.3484,1.0104,"day,code,turnover_ratio,market_cap,circulating_market_cap,pe_ratio,pb_ratio"
2017-08-09,000001.XSHE,0.6161,1842.3851,1815.3003,8.1066,0.9811,"day,code,turnover_ratio,market_cap,circulating_market_cap,pe_ratio,pb_ratio"
2017-08-10,000001.XSHE,0.5674,1823.4977,1796.6905,8.0235,0.9711,"day,code,turnover_ratio,market_cap,circulating_market_cap,pe_ratio,pb_ratio"
2017-08-11,000001.XSHE,1.4426,1720.4752,1695.1826,7.5258,0.8984,"day,code,turnover_ratio,market_cap,circulating_market_cap,pe_ratio,pb_ratio"
2017-08-14,000001.XSHE,0.6843,1754.816,1729.0185,7.676,0.9163,"day,code,turnover_ratio,market_cap,circulating_market_cap,pe_ratio,pb_ratio"
2017-08-15,000001.XSHE,0.6355,1770.2694,1744.2447,7.7436,0.9244,"day,code,turnover_ratio,market_cap,circulating_market_cap,pe_ratio,pb_ratio"
2017-08-16,000001.XSHE,0.4473,1775.4205,1749.3201,7.7662,0.9271,"day,code,turnover_ratio,market_cap,circulating_market_cap,pe_ratio,pb_ratio"
2017-08-17,000001.XSHE,0.3273,1789.1569,1762.8545,7.8262,0.9343,"day,code,turnover_ratio,market_cap,circulating_market_cap,pe_ratio,pb_ratio"
2017-08-18,000001.XSHE,0.3644,1792.5909,1766.2381,7.8413,0.9361,"day,code,turnover_ratio,market_cap,circulating_market_cap,pe_ratio,pb_ratio"
2017-08-21,000001.XSHE,0.2359,1796.025,1769.6217,7.8563,0.9379,"day,code,turnover_ratio,market_cap,circulating_market_cap,pe_ratio,pb_ratio"
2017-08-22,000001.XSHE,0.5176,1828.6488,1801.7659,7.999,0.9549,"day,code,turnover_ratio,market_cap,circulating_market_cap,pe_ratio,pb_ratio"
2017-08-23,000001.XSHE,0.7797,1871.5748,1844.0609,8.1868,0.9773,"day,code,turnover_ratio,market_cap,circulating_market_cap,pe_ratio,pb_ratio"
2017-08-24,000001.XSHE,0.5463,1876.726,1849.1363,8.2093,0.98,"day,code,turnover_ratio,market_cap,circulating_market_cap,pe_ratio,pb_ratio"
2017-08-25,000001.XSHE,0.5698,1907.6327,1879.5887,8.3445,0.9961,"day,code,turnover_ratio,market_cap,circulating_market_cap,pe_ratio,pb_ratio"
2017-08-28,000001.XSHE,0.9481,1948.8417,1920.1918,8.5247,1.0177,"day,code,turnover_ratio,market_cap,circulating_market_cap,pe_ratio,pb_ratio"
2017-08-29,000001.XSHE,0.8027,2003.787,1974.3294,8.7651,1.0464,"day,code,turnover_ratio,market_cap,circulating_market_cap,pe_ratio,pb_ratio"
2017-08-30,000001.XSHE,0.6482,1962.578,1933.7262,8.5848,1.0248,"day,code,turnover_ratio,market_cap,circulating_market_cap,pe_ratio,pb_ratio"
2017-08-31,000001.XSHE,0.6808,1936.8224,1908.3492,8.4722,1.0114,"day,code,turnover_ratio,market_cap,circulating_market_cap,pe_ratio,pb_ratio"
2017-09-01,000001.XSHE,0.5674,1924.8031,1896.5066,8.4196,1.0051,"day,code,turnover_ratio,market_cap,circulating_market_cap,pe_ratio,pb_ratio"
2017-09-04,000001.XSHE,0.7993,2012.3722,1982.7884,8.8026,1.0508,"day,code,turnover_ratio,market_cap,circulating_market_cap,pe_ratio,pb_ratio"
2017-09-05,000001.XSHE,0.761,1998.6359,1969.254,8.7426,1.0437,"day,code,turnover_ratio,market_cap,circulating_market_cap,pe_ratio,pb_ratio"
2017-09-06,000001.XSHE,0.4679,2008.9381,1979.4048,8.7876,1.049,"day,code,turnover_ratio,market_cap,circulating_market_cap,pe_ratio,pb_ratio"
2017-09-07,000001.XSHE,0.363,1964.2951,1935.418,8.5923,1.0257,"day,code,turnover_ratio,market_cap,circulating_market_cap,pe_ratio,pb_ratio"
2017-09-08,000001.XSHE,0.2845,1972.8803,1943.877,8.6299,1.0302,"day,code,turnover_ratio,market_cap,circulating_market_cap,pe_ratio,pb_ratio"
2017-09-11,000001.XSHE,0.4134,1953.9928,1925.2672,8.5473,1.0204,"day,code,turnover_ratio,market_cap,circulating_market_cap,pe_ratio,pb_ratio"
2017-09-12,000001.XSHE,0.5002,1981.4655,1952.336,8.6674,1.0347,"day,code,turnover_ratio,market_cap,circulating_market_cap,pe_ratio,pb_ratio"
2017-09-13,000001.XSHE,0.395,1962.578,1933.7262,8.5848,1.0248,"day,code,turnover_ratio,market_cap,circulating_market_cap,pe_ratio,pb_ratio"
2017-09-14,000001.XSHE,0.522,1943.6906,1915.1164,8.5022,1.015,"day,code,turnover_ratio,market_cap,circulating_market_cap,pe_ratio,pb_ratio"
2017-09-15,000001.XSHE,0.3819,1938.5394,1910.041,8.4797,1.0123,"day,code,turnover_ratio,market_cap,circulating_market_cap,pe_ratio,pb_ratio"
2017-09-18,000001.XSHE,0.3592,1931.6713,1903.2738,8.4496,1.0087,"day,code,turnover_ratio,market_cap,circulating_market_cap,pe_ratio,pb_ratio"
2017-09-19,000001.XSHE,0.4517,1911.0668,1882.9722,8.3595,0.9979,"day,code,turnover_ratio,market_cap,circulating_market_cap,pe_ratio,pb_ratio"
2017-09-20,000001.XSHE,0.4653,1938.5394,1910.041,8.4797,1.0123,"day,code,turnover_ratio,market_cap,circulating_market_cap,pe_ratio,pb_ratio"
2017-09-21,000001.XSHE,0.4093,1967.7291,1938.8016,8.6074,1.0275,"day,code,turnover_ratio,market_cap,circulating_market_cap,pe_ratio,pb_ratio"
2017-09-22,000001.XSHE,0.3511,1964.2951,1935.418,8.5923,1.0257,"day,code,turnover_ratio,market_cap,circulating_market_cap,pe_ratio,pb_ratio"
2017-09-25,000001.XSHE,0.3147,1938.5394,1910.041,8.4797,1.0123,"day,code,turnover_ratio,market_cap,circulating_market_cap,pe_ratio,pb_ratio"
2017-09-26,000001.XSHE,0.5719,1897.3305,1869.4379,8.2994,0.9908,"day,code,turnover_ratio,market_cap,circulating_market_cap,pe_ratio,pb_ratio"
2017-09-27,000001.XSHE,0.4298,1876.726,1849.1363,8.2093,0.98,"day,code,turnover_ratio,market_cap,circulating_market_cap,pe_ratio,pb_ratio"
2017-09-28,000001.XSHE,0.3057,1868.1408,1840.6773,8.1717,0.9755,"day,code,turnover_ratio,market_cap,circulating_market_cap,pe_ratio,pb_ratio"
2017-09-29,000001.XSHE,0.4033,1907.6327,1879.5887,8.3445,0.9961,"day,code,turnover_ratio,market_cap,circulating_market_cap,pe_ratio,pb_ratio"
2017-10-09,000001.XSHE,0.7833,1940.2565,1911.7328,8.4872,1.0132,"day,code,turnover_ratio,market_cap,circulating_market_cap,pe_ratio,pb_ratio"
2017-10-10,000001.XSHE,0.4421,1969.4462,1940.4934,8.6149,1.0284,"day,code,turnover_ratio,market_cap,circulating_market_cap,pe_ratio,pb_ratio"
2017-10-11,000001.XSHE,0.389,1979.7484,1950.6442,8.6599,1.0338,"day,code,turnover_ratio,market_cap,circulating_market_cap,pe_ratio,pb_ratio"
2017-10-12,000001.XSHE,0.3417,1983.1825,1954.0278,8.675,1.0356,"day,code,turnover_ratio,market_cap,circulating_market_cap,pe_ratio,pb_ratio"
2017-10-13,000001.XSHE,0.4359,1950.5587,1921.8836,8.5323,1.0186,"day,code,turnover_ratio,market_cap,circulating_market_cap,pe_ratio,pb_ratio"
2017-10-16,000001.XSHE,0.6125,1990.0507,1960.795,8.705,1.0392,"day,code,turnover_ratio,market_cap,circulating_market_cap,pe_ratio,pb_ratio"
2017-10-17,000001.XSHE,0.2993,1976.3143,1947.2606,8.6449,1.032,"day,code,turnover_ratio,market_cap,circulating_market_cap,pe_ratio,pb_ratio"
2017-10-18,000001.XSHE,0.5151,2007.2211,1977.713,8.7801,1.0482,"day,code,turnover_ratio,market_cap,circulating_market_cap,pe_ratio,pb_ratio"
2017-10-19,000001.XSHE,0.4272,1996.9188,1967.5622,8.735,1.0428,"day,code,turnover_ratio,market_cap,circulating_market_cap,pe_ratio,pb_ratio"
2017-10-20,000001.XSHE,0.273,1971.1632,1942.1852,8.6224,1.0293,"day,code,turnover_ratio,market_cap,circulating_market_cap,pe_ratio,pb_ratio"
2017-10-23,000001.XSHE,0.6351,1921.369,1893.123,8.3418,0.9696,"day,code,turnover_ratio,market_cap,circulating_market_cap,pe_ratio,pb_ratio"
2017-10-24,000001.XSHE,0.3658,1955.7099,1926.959,8.4909,0.9869,"day,code,turnover_ratio,market_cap,circulating_market_cap,pe_ratio,pb_ratio"
2017-10-25,000001.XSHE,0.2474,1935.1054,1906.6574,8.4014,0.9765,"day,code,turnover_ratio,market_cap,circulating_market_cap,pe_ratio,pb_ratio"
2017-10-26,000001.XSHE,0.5491,1919.652,1891.4312,8.3344,0.9687,"day,code,turnover_ratio,market_cap,circulating_market_cap,pe_ratio,pb_ratio"
2017-10-27,000001.XSHE,0.8039,1984.8996,1955.7196,8.6176,1.0017,"day,code,turnover_ratio,market_cap,circulating_market_cap,pe_ratio,pb_ratio"
2017-10-30,000001.XSHE,0.7556,1984.8996,1955.7196,8.6176,1.0017,"day,code,turnover_ratio,market_cap,circulating_market_cap,pe_ratio,pb_ratio"
2017-10-31,000001.XSHE,0.3709,1981.4655,1952.336,8.6027,0.9999,"day,code,turnover_ratio,market_cap,circulating_market_cap,pe_ratio,pb_ratio"
2017-11-01,000001.XSHE,0.4094,1957.4269,1928.6508,8.4984,0.9878,"day,code,turnover_ratio,market_cap,circulating_market_cap,pe_ratio,pb_ratio"
2017-11-02,000001.XSHE,0.3572,1981.4655,1952.336,8.6027,0.9999,"day,code,turnover_ratio,market_cap,circulating_market_cap,pe_ratio,pb_ratio"
2017-11-03,000001.XSHE,0.4394,1955.7099,1926.959,8.4909,0.9869,"day,code,turnover_ratio,market_cap,circulating_market_cap,pe_ratio,pb_ratio"
2017-11-06,000001.XSHE,0.6088,1936.8224,1908.3492,8.4089,0.9774,"day,code,turnover_ratio,market_cap,circulating_market_cap,pe_ratio,pb_ratio"
2017-11-07,000001.XSHE,1.4642,2046.713,2016.6244,8.886,1.0329,"day,code,turnover_ratio,market_cap,circulating_market_cap,pe_ratio,pb_ratio"
2017-11-08,000001.XSHE,2.5197,2082.7709,2052.1521,9.0426,1.0511,"day,code,turnover_ratio,market_cap,circulating_market_cap,pe_ratio,pb_ratio"
2017-11-09,000001.XSHE,1.3567,2117.1117,2085.9881,9.1916,1.0684,"day,code,turnover_ratio,market_cap,circulating_market_cap,pe_ratio,pb_ratio"
2017-11-10,000001.XSHE,1.0389,2111.9606,2080.9127,9.1693,1.0658,"day,code,turnover_ratio,market_cap,circulating_market_cap,pe_ratio,pb_ratio"
2017-11-13,000001.XSHE,1.5173,2214.9831,2182.4207,9.6166,1.1178,"day,code,turnover_ratio,market_cap,circulating_market_cap,pe_ratio,pb_ratio"
2017-11-14,000001.XSHE,1.0523,2223.5683,2190.8797,9.6538,1.1221,"day,code,turnover_ratio,market_cap,circulating_market_cap,pe_ratio,pb_ratio"
2017-11-15,000001.XSHE,0.7466,2214.9831,2182.4207,9.6166,1.1178,"day,code,turnover_ratio,market_cap,circulating_market_cap,pe_ratio,pb_ratio"
2017-11-16,000001.XSHE,0.7098,2249.3239,2216.2566,9.7657,1.1351,"day,code,turnover_ratio,market_cap,circulating_market_cap,pe_ratio,pb_ratio"
2017-11-17,000001.XSHE,1.2201,2263.0602,2229.791,9.8253,1.142,"day,code,turnover_ratio,market_cap,circulating_market_cap,pe_ratio,pb_ratio"
2017-11-20,000001.XSHE,1.681,2446.7836,2410.8135,10.6229,1.2348,"day,code,turnover_ratio,market_cap,circulating_market_cap,pe_ratio,pb_ratio"
2017-11-21,000001.XSHE,1.475,2481.1244,2444.6495,10.772,1.2521,"day,code,turnover_ratio,market_cap,circulating_market_cap,pe_ratio,pb_ratio"
2017-11-22,000001.XSHE,1.5192,2592.7321,2554.6164,11.2566,1.3084,"day,code,turnover_ratio,market_cap,circulating_market_cap,pe_ratio,pb_ratio"
2017-11-23,000001.XSHE,1.4358,2463.954,2427.7315,10.6975,1.2434,"day,code,turnover_ratio,market_cap,circulating_market_cap,pe_ratio,pb_ratio"
2017-11-24,000001.XSHE,1.5547,2500.0119,2463.2593,10.854,1.2616,"day,code,turnover_ratio,market_cap,circulating_market_cap,pe_ratio,pb_ratio"
2017-11-27,000001.XSHE,1.2201,2391.8383,2356.676,10.3844,1.207,"day,code,turnover_ratio,market_cap,circulating_market_cap,pe_ratio,pb_ratio"
2017-11-28,000001.XSHE,1.0441,2352.3464,2317.7646,10.2129,1.1871,"day,code,turnover_ratio,market_cap,circulating_market_cap,pe_ratio,pb_ratio"
2017-11-29,000001.XSHE,0.9245,2372.9509,2338.0662,10.3024,1.1975,"day,code,turnover_ratio,market_cap,circulating_market_cap,pe_ratio,pb_ratio"
2017-11-30,000001.XSHE,0.8155,2297.401,2263.627,9.9744,1.1594,"day,code,turnover_ratio,market_cap,circulating_market_cap,pe_ratio,pb_ratio"
2017-12-01,000001.XSHE,1.0551,2232.1535,2199.3387,9.6911,1.1265,"day,code,turnover_ratio,market_cap,circulating_market_cap,pe_ratio,pb_ratio"
2017-12-04,000001.XSHE,0.8595,2283.6647,2250.0926,9.9148,1.1524,"day,code,turnover_ratio,market_cap,circulating_market_cap,pe_ratio,pb_ratio"
2017-12-05,000001.XSHE,1.0188,2283.6647,2250.0926,9.9148,1.1524,"day,code,turnover_ratio,market_cap,circulating_market_cap,pe_ratio,pb_ratio"
2017-12-06,000001.XSHE,0.9575,2245.8898,2212.873,9.7507,1.1334,"day,code,turnover_ratio,market_cap,circulating_market_cap,pe_ratio,pb_ratio"
2017-12-07,000001.XSHE,0.6986,2202.9638,2170.5781,9.5644,1.1117,"day,code,turnover_ratio,market_cap,circulating_market_cap,pe_ratio,pb_ratio"
2017-12-08,000001.XSHE,0.7987,2247.6068,2214.5648,9.7582,1.1342,"day,code,turnover_ratio,market_cap,circulating_market_cap,pe_ratio,pb_ratio"
2017-12-11,000001.XSHE,1.337,2318.0055,2283.9286,10.0638,1.1698,"day,code,turnover_ratio,market_cap,circulating_market_cap,pe_ratio,pb_ratio"
2017-12-12,000001.XSHE,1.0305,2235.5876,2202.7223,9.706,1.1282,"day,code,turnover_ratio,market_cap,circulating_market_cap,pe_ratio,pb_ratio"
2017-12-13,000001.XSHE,0.7621,2254.475,2221.332,9.788,1.1377,"day,code,turnover_ratio,market_cap,circulating_market_cap,pe_ratio,pb_ratio"
2017-12-14,000001.XSHE,0.5923,2232.1535,2199.3387,9.6911,1.1265,"day,code,turnover_ratio,market_cap,circulating_market_cap,pe_ratio,pb_ratio"
2017-12-15,000001.XSHE,0.6502,2184.0763,2151.9683,9.4824,1.1022,"day,code,turnover_ratio,market_cap,circulating_market_cap,pe_ratio,pb_ratio"
2017-12-18,000001.XSHE,0.4761,2189.2274,2157.0437,9.5047,1.1048,"day,code,turnover_ratio,market_cap,circulating_market_cap,pe_ratio,pb_ratio"
2017-12-19,000001.XSHE,1.4174,2280.2306,2246.709,9.8998,1.1507,"day,code,turnover_ratio,market_cap,circulating_market_cap,pe_ratio,pb_ratio"
2017-12-20,000001.XSHE,0.6539,2276.7965,2243.3254,9.8849,1.149,"day,code,turnover_ratio,market_cap,circulating_market_cap,pe_ratio,pb_ratio"
2017-12-21,000001.XSHE,0.8779,2324.8737,2290.6958,10.0937,1.1732,"day,code,turnover_ratio,market_cap,circulating_market_cap,pe_ratio,pb_ratio"
2017-12-22,000001.XSHE,0.4391,2321.4396,2287.3122,10.0788,1.1715,"day,code,turnover_ratio,market_cap,circulating_market_cap,pe_ratio,pb_ratio"
2017-12-25,000001.XSHE,0.9372,2275.0795,2241.6336,9.8775,1.1481,"day,code,turnover_ratio,market_cap,circulating_market_cap,pe_ratio,pb_ratio"
2017-12-26,000001.XSHE,0.6642,2345.4782,2310.9974,10.1831,1.1836,"day,code,turnover_ratio,market_cap,circulating_market_cap,pe_ratio,pb_ratio"
2017-12-27,000001.XSHE,0.8078,2281.9477,2248.4008,9.9073,1.1516,"day,code,turnover_ratio,market_cap,circulating_market_cap,pe_ratio,pb_ratio"
2017-12-28,000001.XSHE,0.918,2268.2113,2234.8664,9.8477,1.1446,"day,code,turnover_ratio,market_cap,circulating_market_cap,pe_ratio,pb_ratio"
2017-12-29,000001.XSHE,0.581,2283.6647,2250.0926,9.9148,1.1524,"day,code,turnover_ratio,market_cap,circulating_market_cap,pe_ratio,pb_ratio"
2018-01-02,000001.XSHE,1.2304,2352.3464,2317.7646,10.2129,1.1871,"day,code,turnover_ratio,market_cap,circulating_market_cap,pe_ratio,pb_ratio"
2018-01-03,000001.XSHE,1.7511,2288.8158,2255.168,9.9371,1.155,"day,code,turnover_ratio,market_cap,circulating_market_cap,pe_ratio,pb_ratio"
2018-01-04,000001.XSHE,1.0962,2275.0795,2241.6336,9.8775,1.1481,"day,code,turnover_ratio,market_cap,circulating_market_cap,pe_ratio,pb_ratio"
2018-01-05,000001.XSHE,0.7154,2283.6647,2250.0926,9.9148,1.1524,"day,code,turnover_ratio,market_cap,circulating_market_cap,pe_ratio,pb_ratio"
2018-01-08,000001.XSHE,1.2759,2225.2853,2192.5715,9.6613,1.123,"day,code,turnover_ratio,market_cap,circulating_market_cap,pe_ratio,pb_ratio"
2018-01-09,000001.XSHE,0.7946,2245.8898,2212.873,9.7507,1.1334,"day,code,turnover_ratio,market_cap,circulating_market_cap,pe_ratio,pb_ratio"
2018-01-10,000001.XSHE,1.4205,2312.8544,2278.8532,10.0415,1.1672,"day,code,turnover_ratio,market_cap,circulating_market_cap,pe_ratio,pb_ratio"
2018-01-11,000001.XSHE,0.8535,2300.8351,2267.0106,9.9893,1.1611,"day,code,turnover_ratio,market_cap,circulating_market_cap,pe_ratio,pb_ratio"
2018-01-12,000001.XSHE,0.8003,2326.5907,2292.3876,10.1011,1.1741,"day,code,turnover_ratio,market_cap,circulating_market_cap,pe_ratio,pb_ratio"
2018-01-15,000001.XSHE,1.8456,2438.1984,2402.3545,10.5857,1.2304,"day,code,turnover_ratio,market_cap,circulating_market_cap,pe_ratio,pb_ratio"
2018-01-16,000001.XSHE,1.4449,2438.1984,2402.3545,10.5857,1.2304,"day,code,turnover_ratio,market_cap,circulating_market_cap,pe_ratio,pb_ratio"
2018-01-17,000001.XSHE,1.5701,2443.3495,2407.4299,10.608,1.233,"day,code,turnover_ratio,market_cap,circulating_market_cap,pe_ratio,pb_ratio"
2018-01-18,000001.XSHE,1.2697,2527.4846,2490.3281,10.9733,1.2755,"day,code,turnover_ratio,market_cap,circulating_market_cap,pe_ratio,pb_ratio"
2018-01-19,000001.XSHE,1.5198,2541.2209,2503.8625,11.033,1.2824,"day,code,turnover_ratio,market_cap,circulating_market_cap,pe_ratio,pb_ratio"
2018-01-22,000001.XSHE,1.2258,2479.4074,2442.9577,10.7646,1.2512,"day,code,turnover_ratio,market_cap,circulating_market_cap,pe_ratio,pb_ratio"
2018-01-23,000001.XSHE,1.412,2515.4653,2478.4855,10.9211,1.2694,"day,code,turnover_ratio,market_cap,circulating_market_cap,pe_ratio,pb_ratio"
2018-01-24,000001.XSHE,1.5317,2513.7482,2476.7937,10.9137,1.2686,"day,code,turnover_ratio,market_cap,circulating_market_cap,pe_ratio,pb_ratio"
2018-01-25,000001.XSHE,1.4009,2438.1984,2402.3545,10.5857,1.2304,"day,code,turnover_ratio,market_cap,circulating_market_cap,pe_ratio,pb_ratio"
2018-01-26,000001.XSHE,1.2017,2412.4428,2376.9775,10.4739,1.2174,"day,code,turnover_ratio,market_cap,circulating_market_cap,pe_ratio,pb_ratio"
2018-01-29,000001.XSHE,1.2357,2359.2145,2324.5318,10.2428,1.1906,"day,code,turnover_ratio,market_cap,circulating_market_cap,pe_ratio,pb_ratio"
2018-01-30,000001.XSHE,0.6471,2343.7612,2309.3056,10.1757,1.1828,"day,code,turnover_ratio,market_cap,circulating_market_cap,pe_ratio,pb_ratio"
2018-01-31,000001.XSHE,1.0331,2412.4428,2376.9775,10.4739,1.2174,"day,code,turnover_ratio,market_cap,circulating_market_cap,pe_ratio,pb_ratio"
2018-02-01,000001.XSHE,1.1855,2409.0087,2373.5939,10.4589,1.2157,"day,code,turnover_ratio,market_cap,circulating_market_cap,pe_ratio,pb_ratio"
2018-02-02,000001.XSHE,0.6954,2412.4428,2376.9775,10.4739,1.2174,"day,code,turnover_ratio,market_cap,circulating_market_cap,pe_ratio,pb_ratio"
2018-02-05,000001.XSHE,1.3784,2498.2949,2461.5675,10.8466,1.2608,"day,code,turnover_ratio,market_cap,circulating_market_cap,pe_ratio,pb_ratio"
2018-02-06,000001.XSHE,1.5267,2403.8576,2368.5186,10.4366,1.2131,"day,code,turnover_ratio,market_cap,circulating_market_cap,pe_ratio,pb_ratio"
2018-02-07,000001.XSHE,1.9776,2218.4171,2185.8043,9.6315,1.1195,"day,code,turnover_ratio,market_cap,circulating_market_cap,pe_ratio,pb_ratio"
2018-02-08,000001.XSHE,1.2636,2153.1696,2121.5159,9.3482,1.0866,"day,code,turnover_ratio,market_cap,circulating_market_cap,pe_ratio,pb_ratio"
2018-02-09,000001.XSHE,1.6698,2007.2211,1977.713,8.7145,1.0129,"day,code,turnover_ratio,market_cap,circulating_market_cap,pe_ratio,pb_ratio"
2018-02-12,000001.XSHE,0.7263,2012.3722,1982.7884,8.7369,1.0155,"day,code,turnover_ratio,market_cap,circulating_market_cap,pe_ratio,pb_ratio"
2018-02-13,000001.XSHE,0.7673,2050.1471,2020.008,8.9009,1.0346,"day,code,turnover_ratio,market_cap,circulating_market_cap,pe_ratio,pb_ratio"
2018-02-14,000001.XSHE,0.5108,2060.4494,2030.1588,8.9456,1.0398,"day,code,turnover_ratio,market_cap,circulating_market_cap,pe_ratio,pb_ratio"
2018-02-22,000001.XSHE,0.7497,2139.4333,2107.9815,9.2886,1.0797,"day,code,turnover_ratio,market_cap,circulating_market_cap,pe_ratio,pb_ratio"
2018-02-23,000001.XSHE,0.5992,2165.1889,2133.3585,9.4004,1.0927,"day,code,turnover_ratio,market_cap,circulating_market_cap,pe_ratio,pb_ratio"
2018-02-26,000001.XSHE,0.6181,2168.623,2136.7421,9.4153,1.0944,"day,code,turnover_ratio,market_cap,circulating_market_cap,pe_ratio,pb_ratio"
2018-02-27,000001.XSHE,0.7601,2108.5265,2077.5291,9.1544,1.0641,"day,code,turnover_ratio,market_cap,circulating_market_cap,pe_ratio,pb_ratio"
2018-02-28,000001.XSHE,0.7177,2069.0346,2038.6178,8.9829,1.0441,"day,code,turnover_ratio,market_cap,circulating_market_cap,pe_ratio,pb_ratio"
2018-03-01,000001.XSHE,0.5243,2067.3175,2036.926,8.9755,1.0433,"day,code,turnover_ratio,market_cap,circulating_market_cap,pe_ratio,pb_ratio"
2018-03-02,000001.XSHE,0.392,2051.8642,2021.6998,8.9084,1.0355,"day,code,turnover_ratio,market_cap,circulating_market_cap,pe_ratio,pb_ratio"
2018-03-05,000001.XSHE,0.4458,2036.4108,2006.4736,8.8413,1.0277,"day,code,turnover_ratio,market_cap,circulating_market_cap,pe_ratio,pb_ratio"
2018-03-06,000001.XSHE,0.6798,2077.6198,2047.0767,9.0202,1.0485,"day,code,turnover_ratio,market_cap,circulating_market_cap,pe_ratio,pb_ratio"
2018-03-07,000001.XSHE,0.8438,2069.0346,2038.6178,8.9829,1.0441,"day,code,turnover_ratio,market_cap,circulating_market_cap,pe_ratio,pb_ratio"
2018-03-08,000001.XSHE,0.4077,2079.3368,2048.7685,9.0276,1.0493,"day,code,turnover_ratio,market_cap,circulating_market_cap,pe_ratio,pb_ratio"
2018-03-09,000001.XSHE,0.5579,2075.9027,2045.3849,9.0127,1.0476,"day,code,turnover_ratio,market_cap,circulating_market_cap,pe_ratio,pb_ratio"
2018-03-12,000001.XSHE,0.7499,2065.6005,2035.2342,8.968,1.0424,"day,code,turnover_ratio,market_cap,circulating_market_cap,pe_ratio,pb_ratio"
2018-03-13,000001.XSHE,0.6397,2063.8834,2033.5424,8.9605,1.0415,"day,code,turnover_ratio,market_cap,circulating_market_cap,pe_ratio,pb_ratio"
2018-03-14,000001.XSHE,0.3757,2046.713,2016.6244,8.886,1.0329,"day,code,turnover_ratio,market_cap,circulating_market_cap,pe_ratio,pb_ratio"
2018-03-15,000001.XSHE,0.6831,2010.6552,1981.0959,8.6707,0.9949,"day,code,turnover_ratio,market_cap,circulating_market_cap,pe_ratio,pb_ratio"
2018-03-16,000001.XSHE,0.5692,1998.6359,1969.2533,8.6189,0.9889,"day,code,turnover_ratio,market_cap,circulating_market_cap,pe_ratio,pb_ratio"
2018-03-19,000001.XSHE,0.4779,2031.2597,2001.3974,8.7596,1.0051,"day,code,turnover_ratio,market_cap,circulating_market_cap,pe_ratio,pb_ratio"
2018-03-20,000001.XSHE,0.4588,2029.5426,1999.7056,8.7522,1.0042,"day,code,turnover_ratio,market_cap,circulating_market_cap,pe_ratio,pb_ratio"
2018-03-21,000001.XSHE,0.8542,2043.279,2013.24,8.8114,1.011,"day,code,turnover_ratio,market_cap,circulating_market_cap,pe_ratio,pb_ratio"
2018-03-22,000001.XSHE,0.5818,2002.07,1972.6369,8.6337,0.9906,"day,code,turnover_ratio,market_cap,circulating_market_cap,pe_ratio,pb_ratio"
2018-03-23,000001.XSHE,1.0791,1947.1246,1918.4993,8.3968,0.9634,"day,code,turnover_ratio,market_cap,circulating_market_cap,pe_ratio,pb_ratio"
2018-03-26,000001.XSHE,0.8178,1876.726,1849.1356,8.0932,0.9286,"day,code,turnover_ratio,market_cap,circulating_market_cap,pe_ratio,pb_ratio"
2018-03-27,000001.XSHE,0.6525,1878.443,1850.8274,8.1006,0.9295,"day,code,turnover_ratio,market_cap,circulating_market_cap,pe_ratio,pb_ratio"
2018-03-28,000001.XSHE,0.6496,1869.8578,1842.3684,8.0636,0.9252,"day,code,turnover_ratio,market_cap,circulating_market_cap,pe_ratio,pb_ratio"
2018-03-29,000001.XSHE,0.7865,1897.3305,1869.4372,8.182,0.9388,"day,code,turnover_ratio,market_cap,circulating_market_cap,pe_ratio,pb_ratio"
2018-03-30,000001.XSHE,0.4446,1871.5748,1844.0602,8.071,0.9261,"day,code,turnover_ratio,market_cap,circulating_market_cap,pe_ratio,pb_ratio"
2018-04-02,000001.XSHE,0.6557,1838.9511,1811.916,7.9303,0.9099,"day,code,turnover_ratio,market_cap,circulating_market_cap,pe_ratio,pb_ratio"
2018-04-03,000001.XSHE,0.5265,1813.1954,1786.539,7.8192,0.8972,"day,code,turnover_ratio,market_cap,circulating_market_cap,pe_ratio,pb_ratio"
2018-04-04,000001.XSHE,0.9472,1866.4237,1838.9848,8.0487,0.9235,"day,code,turnover_ratio,market_cap,circulating_market_cap,pe_ratio,pb_ratio"
2018-04-09,000001.XSHE,0.6353,1892.1793,1864.3618,8.1598,0.9363,"day,code,turnover_ratio,market_cap,circulating_market_cap,pe_ratio,pb_ratio"
2018-04-10,000001.XSHE,0.8222,1960.861,1932.0337,8.456,0.9702,"day,code,turnover_ratio,market_cap,circulating_market_cap,pe_ratio,pb_ratio"
2018-04-11,000001.XSHE,1.2389,2031.2597,2001.3974,8.7596,1.0051,"day,code,turnover_ratio,market_cap,circulating_market_cap,pe_ratio,pb_ratio"
2018-04-12,000001.XSHE,0.6934,1978.0314,1948.9517,8.53,0.9787,"day,code,turnover_ratio,market_cap,circulating_market_cap,pe_ratio,pb_ratio"
2018-04-13,000001.XSHE,0.7686,1986.6166,1957.4107,8.5671,0.983,"day,code,turnover_ratio,market_cap,circulating_market_cap,pe_ratio,pb_ratio"
2018-04-16,000001.XSHE,0.8435,1905.9157,1877.8962,8.2191,0.9431,"day,code,turnover_ratio,market_cap,circulating_market_cap,pe_ratio,pb_ratio"
2018-04-17,000001.XSHE,0.7695,1924.8031,1896.5059,8.3005,0.9524,"day,code,turnover_ratio,market_cap,circulating_market_cap,pe_ratio,pb_ratio"
2018-04-18,000001.XSHE,0.8724,1974.5973,1945.5681,8.5152,0.977,"day,code,turnover_ratio,market_cap,circulating_market_cap,pe_ratio,pb_ratio"
2018-04-19,000001.XSHE,0.5019,1969.4462,1940.4927,8.493,0.9745,"day,code,turnover_ratio,market_cap,circulating_market_cap,pe_ratio,pb_ratio"
2018-04-20,000001.XSHE,0.5667,1948.8417,1920.1911,8.2683,0.958,"day,code,turnover_ratio,market_cap,circulating_market_cap,pe_ratio,pb_ratio"
2018-04-23,000001.XSHE,0.6326,1986.6166,1957.4107,8.4286,0.9765,"day,code,turnover_ratio,market_cap,circulating_market_cap,pe_ratio,pb_ratio"
2018-04-24,000001.XSHE,0.8636,2036.4108,2006.4728,8.6398,1.001,"day,code,turnover_ratio,market_cap,circulating_market_cap,pe_ratio,pb_ratio"
2018-04-25,000001.XSHE,0.4317,2005.504,1976.0205,8.5087,0.9858,"day,code,turnover_ratio,market_cap,circulating_market_cap,pe_ratio,pb_ratio"
2018-04-26,000001.XSHE,0.5167,1960.861,1932.0337,8.3193,0.9639,"day,code,turnover_ratio,market_cap,circulating_market_cap,pe_ratio,pb_ratio"
2018-04-27,000001.XSHE,1.6017,1862.9896,1835.6012,7.9041,0.9158,"day,code,turnover_ratio,market_cap,circulating_market_cap,pe_ratio,pb_ratio"
2018-05-02,000001.XSHE,0.7037,1868.1408,1840.6766,7.9259,0.9183,"day,code,turnover_ratio,market_cap,circulating_market_cap,pe_ratio,pb_ratio"
2018-05-03,000001.XSHE,0.7574,1845.8192,1818.6832,7.8312,0.9073,"day,code,turnover_ratio,market_cap,circulating_market_cap,pe_ratio,pb_ratio"
2018-05-04,000001.XSHE,0.42,1833.7999,1806.8406,7.7802,0.9014,"day,code,turnover_ratio,market_cap,circulating_market_cap,pe_ratio,pb_ratio"
2018-05-07,000001.XSHE,0.5759,1856.1215,1828.834,7.8749,0.9124,"day,code,turnover_ratio,market_cap,circulating_market_cap,pe_ratio,pb_ratio"
2018-05-08,000001.XSHE,0.8117,1890.4623,1862.67,8.0206,0.9293,"day,code,turnover_ratio,market_cap,circulating_market_cap,pe_ratio,pb_ratio"
2018-05-09,000001.XSHE,0.371,1883.5941,1855.9028,7.9915,0.9259,"day,code,turnover_ratio,market_cap,circulating_market_cap,pe_ratio,pb_ratio"
2018-05-10,000001.XSHE,0.3267,1890.4623,1862.67,8.0206,0.9293,"day,code,turnover_ratio,market_cap,circulating_market_cap,pe_ratio,pb_ratio"
2018-05-11,000001.XSHE,0.4565,1890.4623,1862.67,8.0206,0.9293,"day,code,turnover_ratio,market_cap,circulating_market_cap,pe_ratio,pb_ratio"
2018-05-14,000001.XSHE,0.6143,1919.652,1891.4305,8.1445,0.9436,"day,code,turnover_ratio,market_cap,circulating_market_cap,pe_ratio,pb_ratio"
2018-05-15,000001.XSHE,0.3956,1909.3497,1881.2798,8.1008,0.9385,"day,code,turnover_ratio,market_cap,circulating_market_cap,pe_ratio,pb_ratio"
2018-05-16,000001.XSHE,0.4223,1871.5748,1844.0602,7.9405,0.92,"day,code,turnover_ratio,market_cap,circulating_market_cap,pe_ratio,pb_ratio"
2018-05-17,000001.XSHE,0.3467,1857.8385,1830.5258,7.8822,0.9132,"day,code,turnover_ratio,market_cap,circulating_market_cap,pe_ratio,pb_ratio"
2018-05-18,000001.XSHE,0.3419,1881.8771,1854.2127,7.9842,0.925,"day,code,turnover_ratio,market_cap,circulating_market_cap,pe_ratio,pb_ratio"
2018-05-21,000001.XSHE,0.4447,1880.16,1880.142,7.9769,0.9242,"day,code,turnover_ratio,market_cap,circulating_market_cap,pe_ratio,pb_ratio"
2018-05-22,000001.XSHE,0.3435,1864.7067,1864.6888,7.9114,0.9166,"day,code,turnover_ratio,market_cap,circulating_market_cap,pe_ratio,pb_ratio"
2018-05-23,000001.XSHE,0.5772,1828.6488,1828.6313,7.7584,0.8989,"day,code,turnover_ratio,market_cap,circulating_market_cap,pe_ratio,pb_ratio"
2018-05-24,000001.XSHE,0.4008,1821.7806,1821.7632,7.7292,0.8955,"day,code,turnover_ratio,market_cap,circulating_market_cap,pe_ratio,pb_ratio"
2018-05-25,000001.XSHE,0.3456,1818.3466,1818.3291,7.7147,0.8938,"day,code,turnover_ratio,market_cap,circulating_market_cap,pe_ratio,pb_ratio"
2018-05-28,000001.XSHE,0.3316,1818.3466,1818.3291,7.7147,0.8938,"day,code,turnover_ratio,market_cap,circulating_market_cap,pe_ratio,pb_ratio"
2018-05-29,000001.XSHE,0.518,1782.2887,1782.2716,7.5617,0.8761,"day,code,turnover_ratio,market_cap,circulating_market_cap,pe_ratio,pb_ratio"
2018-05-30,000001.XSHE,0.6549,1730.7775,1730.7609,7.3431,0.8508,"day,code,turnover_ratio,market_cap,circulating_market_cap,pe_ratio,pb_ratio"
2018-05-31,000001.XSHE,0.575,1747.9479,1747.9311,7.416,0.8592,"day,code,turnover_ratio,market_cap,circulating_market_cap,pe_ratio,pb_ratio"
2018-06-01,000001.XSHE,0.3478,1749.6649,1749.6481,7.4233,0.86,"day,code,turnover_ratio,market_cap,circulating_market_cap,pe_ratio,pb_ratio"
2018-06-04,000001.XSHE,0.3454,1763.4012,1763.3843,7.4815,0.8668,"day,code,turnover_ratio,market_cap,circulating_market_cap,pe_ratio,pb_ratio"
2018-06-05,000001.XSHE,0.3824,1761.6842,1761.6673,7.4743,0.866,"day,code,turnover_ratio,market_cap,circulating_market_cap,pe_ratio,pb_ratio"
2018-06-06,000001.XSHE,0.4151,1741.0797,1741.063,7.3868,0.8558,"day,code,turnover_ratio,market_cap,circulating_market_cap,pe_ratio,pb_ratio"
2018-06-07,000001.XSHE,0.7354,1780.5717,1780.5546,7.5544,0.8752,"day,code,turnover_ratio,market_cap,circulating_market_cap,pe_ratio,pb_ratio"
2018-06-08,000001.XSHE,0.6403,1737.6456,1737.629,7.3723,0.8541,"day,code,turnover_ratio,market_cap,circulating_market_cap,pe_ratio,pb_ratio"
2018-06-11,000001.XSHE,0.4201,1723.9093,1723.8928,7.314,0.8474,"day,code,turnover_ratio,market_cap,circulating_market_cap,pe_ratio,pb_ratio"
2018-06-12,000001.XSHE,0.5319,1727.3434,1727.3268,7.3286,0.8491,"day,code,turnover_ratio,market_cap,circulating_market_cap,pe_ratio,pb_ratio"
2018-06-13,000001.XSHE,0.309,1708.4559,1708.4396,7.2484,0.8398,"day,code,turnover_ratio,market_cap,circulating_market_cap,pe_ratio,pb_ratio"
2018-06-14,000001.XSHE,0.5046,1729.0604,1729.0439,7.3359,0.8499,"day,code,turnover_ratio,market_cap,circulating_market_cap,pe_ratio,pb_ratio"
2018-06-15,000001.XSHE,0.7273,1746.2308,1746.2141,7.4087,0.8584,"day,code,turnover_ratio,market_cap,circulating_market_cap,pe_ratio,pb_ratio"
2018-06-19,000001.XSHE,0.912,1694.7196,1694.7034,7.1902,0.833,"day,code,turnover_ratio,market_cap,circulating_market_cap,pe_ratio,pb_ratio"
2018-06-20,000001.XSHE,0.4447,1701.5878,1701.5715,7.2193,0.8364,"day,code,turnover_ratio,market_cap,circulating_market_cap,pe_ratio,pb_ratio"
2018-06-21,000001.XSHE,0.4893,1693.0026,1692.9863,7.1829,0.8322,"day,code,turnover_ratio,market_cap,circulating_market_cap,pe_ratio,pb_ratio"
2018-06-22,000001.XSHE,0.3831,1691.2855,1691.2693,7.1756,0.8314,"day,code,turnover_ratio,market_cap,circulating_market_cap,pe_ratio,pb_ratio"
2018-06-25,000001.XSHE,0.6961,1624.3209,1624.3053,6.8915,0.7984,"day,code,turnover_ratio,market_cap,circulating_market_cap,pe_ratio,pb_ratio"
2018-06-26,000001.XSHE,0.6547,1607.1505,1607.1351,6.8186,0.79,"day,code,turnover_ratio,market_cap,circulating_market_cap,pe_ratio,pb_ratio"
2018-06-27,000001.XSHE,0.6087,1560.7904,1560.7754,6.6219,0.7672,"day,code,turnover_ratio,market_cap,circulating_market_cap,pe_ratio,pb_ratio"
2018-06-28,000001.XSHE,0.6469,1531.6007,1531.586,6.4981,0.7529,"day,code,turnover_ratio,market_cap,circulating_market_cap,pe_ratio,pb_ratio"
2018-06-29,000001.XSHE,0.3933,1560.7904,1560.7754,6.6219,0.7672,"day,code,turnover_ratio,market_cap,circulating_market_cap,pe_ratio,pb_ratio"
2018-07-02,000001.XSHE,0.7662,1478.3724,1478.3582,6.2723,0.7267,"day,code,turnover_ratio,market_cap,circulating_market_cap,pe_ratio,pb_ratio"
2018-07-03,000001.XSHE,0.7425,1488.6747,1488.6604,6.316,0.7318,"day,code,turnover_ratio,market_cap,circulating_market_cap,pe_ratio,pb_ratio"
2018-07-04,000001.XSHE,0.4142,1478.3724,1478.3582,6.2723,0.7267,"day,code,turnover_ratio,market_cap,circulating_market_cap,pe_ratio,pb_ratio"
2018-07-05,000001.XSHE,0.4868,1476.6554,1476.6412,6.265,0.7259,"day,code,turnover_ratio,market_cap,circulating_market_cap,pe_ratio,pb_ratio"
2018-07-06,000001.XSHE,0.5756,1486.9576,1486.9434,6.3087,0.7309,"day,code,turnover_ratio,market_cap,circulating_market_cap,pe_ratio,pb_ratio"
2018-07-09,000001.XSHE,0.8212,1550.4881,1550.4733,6.5782,0.7621,"day,code,turnover_ratio,market_cap,circulating_market_cap,pe_ratio,pb_ratio"
2018-07-10,000001.XSHE,0.5223,1541.9029,1541.8882,6.5418,0.7579,"day,code,turnover_ratio,market_cap,circulating_market_cap,pe_ratio,pb_ratio"
2018-07-11,000001.XSHE,0.4958,1507.5621,1507.5477,6.3961,0.741,"day,code,turnover_ratio,market_cap,circulating_market_cap,pe_ratio,pb_ratio"
2018-07-12,000001.XSHE,0.6642,1524.7325,1524.7179,6.469,0.7495,"day,code,turnover_ratio,market_cap,circulating_market_cap,pe_ratio,pb_ratio"
2018-07-13,000001.XSHE,0.3514,1524.7325,1524.7179,6.469,0.7495,"day,code,turnover_ratio,market_cap,circulating_market_cap,pe_ratio,pb_ratio"
2018-07-16,000001.XSHE,0.4018,1498.9769,1498.9625,6.3597,0.7368,"day,code,turnover_ratio,market_cap,circulating_market_cap,pe_ratio,pb_ratio"
2018-07-17,000001.XSHE,0.2186,1497.2599,1497.2455,6.3524,0.736,"day,code,turnover_ratio,market_cap,circulating_market_cap,pe_ratio,pb_ratio"
2018-07-18,000001.XSHE,0.3059,1493.8258,1493.8115,6.3378,0.7343,"day,code,turnover_ratio,market_cap,circulating_market_cap,pe_ratio,pb_ratio"
2018-07-19,000001.XSHE,0.2687,1498.9769,1498.9625,6.3597,0.7368,"day,code,turnover_ratio,market_cap,circulating_market_cap,pe_ratio,pb_ratio"
2018-07-20,000001.XSHE,1.0217,1564.2245,1564.2095,6.6365,0.7689,"day,code,turnover_ratio,market_cap,circulating_market_cap,pe_ratio,pb_ratio"
2018-07-23,000001.XSHE,1.0377,1617.4528,1617.4372,6.8623,0.7951,"day,code,turnover_ratio,market_cap,circulating_market_cap,pe_ratio,pb_ratio"
2018-07-24,000001.XSHE,0.8304,1614.0187,1614.0032,6.8478,0.7934,"day,code,turnover_ratio,market_cap,circulating_market_cap,pe_ratio,pb_ratio"
2018-07-25,000001.XSHE,0.3577,1610.5846,1610.5691,6.8332,0.7917,"day,code,turnover_ratio,market_cap,circulating_market_cap,pe_ratio,pb_ratio"
2018-07-26,000001.XSHE,0.4854,1588.2631,1588.2478,6.7385,0.7807,"day,code,turnover_ratio,market_cap,circulating_market_cap,pe_ratio,pb_ratio"
2018-07-27,000001.XSHE,0.3,1588.2631,1588.2478,6.7385,0.7807,"day,code,turnover_ratio,market_cap,circulating_market_cap,pe_ratio,pb_ratio"
2018-07-30,000001.XSHE,0.4114,1612.3016,1612.2862,6.8405,0.7925,"day,code,turnover_ratio,market_cap,circulating_market_cap,pe_ratio,pb_ratio"
2018-07-31,000001.XSHE,0.4194,1617.4528,1617.4372,6.8623,0.7951,"day,code,turnover_ratio,market_cap,circulating_market_cap,pe_ratio,pb_ratio"
2018-08-01,000001.XSHE,0.4741,1571.0926,1571.0776,6.6656,0.7723,"day,code,turnover_ratio,market_cap,circulating_market_cap,pe_ratio,pb_ratio"
2018-08-02,000001.XSHE,0.5425,1535.0348,1535.0201,6.5127,0.7545,"day,code,turnover_ratio,market_cap,circulating_market_cap,pe_ratio,pb_ratio"
2018-08-03,000001.XSHE,0.2775,1529.8837,1529.869,6.4908,0.752,"day,code,turnover_ratio,market_cap,circulating_market_cap,pe_ratio,pb_ratio"
2018-08-06,000001.XSHE,0.3227,1535.0348,1535.0201,6.5127,0.7545,"day,code,turnover_ratio,market_cap,circulating_market_cap,pe_ratio,pb_ratio"
2018-08-07,000001.XSHE,0.4021,1574.5267,1574.5116,6.6802,0.774,"day,code,turnover_ratio,market_cap,circulating_market_cap,pe_ratio,pb_ratio"
2018-08-08,000001.XSHE,0.3372,1553.9222,1553.9073,6.5928,0.7638,"day,code,turnover_ratio,market_cap,circulating_market_cap,pe_ratio,pb_ratio"
2018-08-09,000001.XSHE,0.4699,1595.1312,1595.1159,6.7676,0.7841,"day,code,turnover_ratio,market_cap,circulating_market_cap,pe_ratio,pb_ratio"
2018-08-10,000001.XSHE,0.247,1584.829,1584.8138,6.7239,0.779,"day,code,turnover_ratio,market_cap,circulating_market_cap,pe_ratio,pb_ratio"
2018-08-13,000001.XSHE,0.4767,1553.9222,1553.9073,6.5928,0.7638,"day,code,turnover_ratio,market_cap,circulating_market_cap,pe_ratio,pb_ratio"
2018-08-14,000001.XSHE,0.2506,1545.337,1545.3222,6.5564,0.7596,"day,code,turnover_ratio,market_cap,circulating_market_cap,pe_ratio,pb_ratio"
2018-08-15,000001.XSHE,0.3905,1509.2792,1509.2647,6.4034,0.7419,"day,code,turnover_ratio,market_cap,circulating_market_cap,pe_ratio,pb_ratio"
2018-08-16,000001.XSHE,0.3717,1507.5621,1507.5477,6.2797,0.7241,"day,code,turnover_ratio,market_cap,circulating_market_cap,pe_ratio,pb_ratio"
2018-08-17,000001.XSHE,0.3783,1512.7132,1512.6987,6.3011,0.7266,"day,code,turnover_ratio,market_cap,circulating_market_cap,pe_ratio,pb_ratio"
2018-08-20,000001.XSHE,0.3968,1545.337,1545.3222,6.437,0.7423,"day,code,turnover_ratio,market_cap,circulating_market_cap,pe_ratio,pb_ratio"
2018-08-21,000001.XSHE,0.7364,1584.829,1584.8138,6.6015,0.7612,"day,code,turnover_ratio,market_cap,circulating_market_cap,pe_ratio,pb_ratio"
2018-08-22,000001.XSHE,0.5722,1595.1312,1595.1159,6.6444,0.7662,"day,code,turnover_ratio,market_cap,circulating_market_cap,pe_ratio,pb_ratio"
2018-08-23,000001.XSHE,0.4246,1607.1505,1607.1351,6.6945,0.772,"day,code,turnover_ratio,market_cap,circulating_market_cap,pe_ratio,pb_ratio"
2018-08-24,000001.XSHE,1.7707,1722.1923,1722.1758,7.1737,0.8272,"day,code,turnover_ratio,market_cap,circulating_market_cap,pe_ratio,pb_ratio"
2018-08-27,000001.XSHE,1.292,1790.8739,1790.8567,7.4598,0.8602,"day,code,turnover_ratio,market_cap,circulating_market_cap,pe_ratio,pb_ratio"
2018-08-28,000001.XSHE,0.7512,1766.8353,1766.8184,7.3597,0.8487,"day,code,turnover_ratio,market_cap,circulating_market_cap,pe_ratio,pb_ratio"
2018-08-29,000001.XSHE,0.5253,1763.4012,1763.3843,7.3454,0.847,"day,code,turnover_ratio,market_cap,circulating_market_cap,pe_ratio,pb_ratio"
2018-08-30,000001.XSHE,0.5794,1737.6456,1737.629,7.2381,0.8347,"day,code,turnover_ratio,market_cap,circulating_market_cap,pe_ratio,pb_ratio"
2018-08-31,000001.XSHE,0.7635,1739.3627,1739.346,7.2452,0.8355,"day,code,turnover_ratio,market_cap,circulating_market_cap,pe_ratio,pb_ratio"
2018-09-03,000001.XSHE,0.4145,1749.6649,1749.6481,7.2881,0.8404,"day,code,turnover_ratio,market_cap,circulating_market_cap,pe_ratio,pb_ratio"
2018-09-04,000001.XSHE,0.755,1790.8739,1790.8567,7.4598,0.8602,"day,code,turnover_ratio,market_cap,circulating_market_cap,pe_ratio,pb_ratio"
2018-09-05,000001.XSHE,0.6869,1725.6263,1725.6098,7.188,0.8289,"day,code,turnover_ratio,market_cap,circulating_market_cap,pe_ratio,pb_ratio"
2018-09-06,000001.XSHE,0.4145,1711.89,1711.8736,7.1308,0.8223,"day,code,turnover_ratio,market_cap,circulating_market_cap,pe_ratio,pb_ratio"
2018-09-07,000001.XSHE,0.4712,1718.7582,1718.7417,7.1594,0.8256,"day,code,turnover_ratio,market_cap,circulating_market_cap,pe_ratio,pb_ratio"
2018-09-10,000001.XSHE,0.371,1696.4366,1696.4204,7.0664,0.8149,"day,code,turnover_ratio,market_cap,circulating_market_cap,pe_ratio,pb_ratio"
2018-09-11,000001.XSHE,0.4152,1701.5878,1701.5715,7.0879,0.8173,"day,code,turnover_ratio,market_cap,circulating_market_cap,pe_ratio,pb_ratio"
2018-09-12,000001.XSHE,0.329,1696.4366,1696.4204,7.0664,0.8149,"day,code,turnover_ratio,market_cap,circulating_market_cap,pe_ratio,pb_ratio"
2018-09-13,000001.XSHE,0.5822,1710.173,1710.1566,7.1236,0.8215,"day,code,turnover_ratio,market_cap,circulating_market_cap,pe_ratio,pb_ratio"
2018-09-14,000001.XSHE,0.3609,1689.5685,1689.5523,7.0378,0.8116,"day,code,turnover_ratio,market_cap,circulating_market_cap,pe_ratio,pb_ratio"
2018-09-17,000001.XSHE,0.3012,1663.8129,1663.7969,6.9305,0.7992,"day,code,turnover_ratio,market_cap,circulating_market_cap,pe_ratio,pb_ratio"
2018-09-18,000001.XSHE,0.6563,1730.7775,1730.7609,7.2095,0.8314,"day,code,turnover_ratio,market_cap,circulating_market_cap,pe_ratio,pb_ratio"
2018-09-19,000001.XSHE,0.7173,1758.2501,1758.2333,7.3239,0.8445,"day,code,turnover_ratio,market_cap,circulating_market_cap,pe_ratio,pb_ratio"
2018-09-20,000001.XSHE,0.3613,1756.5331,1756.5162,7.3168,0.8437,"day,code,turnover_ratio,market_cap,circulating_market_cap,pe_ratio,pb_ratio"
2018-09-21,000001.XSHE,0.9461,1832.0829,1832.0653,7.6315,0.88,"day,code,turnover_ratio,market_cap,circulating_market_cap,pe_ratio,pb_ratio"
2018-09-25,000001.XSHE,0.569,1811.4784,1811.461,7.5456,0.8701,"day,code,turnover_ratio,market_cap,circulating_market_cap,pe_ratio,pb_ratio"
2018-09-26,000001.XSHE,0.8681,1838.9511,1838.9334,7.6601,0.8833,"day,code,turnover_ratio,market_cap,circulating_market_cap,pe_ratio,pb_ratio"
2018-09-27,000001.XSHE,0.5127,1844.1022,1844.0845,7.6815,0.8858,"day,code,turnover_ratio,market_cap,circulating_market_cap,pe_ratio,pb_ratio"
2018-09-28,000001.XSHE,1.229,1897.3305,1897.3123,7.9032,0.9114,"day,code,turnover_ratio,market_cap,circulating_market_cap,pe_ratio,pb_ratio"
2018-10-08,000001.XSHE,0.9821,1794.308,1794.2908,7.4741,0.8619,"day,code,turnover_ratio,market_cap,circulating_market_cap,pe_ratio,pb_ratio"
2018-10-09,000001.XSHE,0.6197,1813.1954,1813.1781,7.5528,0.8709,"day,code,turnover_ratio,market_cap,circulating_market_cap,pe_ratio,pb_ratio"
2018-10-10,000001.XSHE,0.5796,1794.308,1794.2908,7.4741,0.8619,"day,code,turnover_ratio,market_cap,circulating_market_cap,pe_ratio,pb_ratio"
2018-10-11,000001.XSHE,1.162,1693.0026,1692.9863,7.0521,0.8132,"day,code,turnover_ratio,market_cap,circulating_market_cap,pe_ratio,pb_ratio"
2018-10-12,000001.XSHE,0.8834,1768.5524,1768.5354,7.3668,0.8495,"day,code,turnover_ratio,market_cap,circulating_market_cap,pe_ratio,pb_ratio"
2018-10-15,000001.XSHE,0.8169,1735.9286,1735.9119,7.2309,0.8338,"day,code,turnover_ratio,market_cap,circulating_market_cap,pe_ratio,pb_ratio"
2018-10-16,000001.XSHE,0.8136,1780.5717,1780.5546,7.4169,0.8553,"day,code,turnover_ratio,market_cap,circulating_market_cap,pe_ratio,pb_ratio"
2018-10-17,000001.XSHE,0.7868,1773.7035,1773.6865,7.3883,0.852,"day,code,turnover_ratio,market_cap,circulating_market_cap,pe_ratio,pb_ratio"
2018-10-18,000001.XSHE,0.5831,1732.4945,1732.4779,7.2166,0.8322,"day,code,turnover_ratio,market_cap,circulating_market_cap,pe_ratio,pb_ratio"
2018-10-19,000001.XSHE,1.2135,1847.5363,1847.5186,7.6958,0.8874,"day,code,turnover_ratio,market_cap,circulating_market_cap,pe_ratio,pb_ratio"
2018-10-22,000001.XSHE,1.5408,1914.5009,1914.4825,7.9748,0.9196,"day,code,turnover_ratio,market_cap,circulating_market_cap,pe_ratio,pb_ratio"
2018-10-23,000001.XSHE,0.9333,1861.2726,1861.2548,7.753,0.894,"day,code,turnover_ratio,market_cap,circulating_market_cap,pe_ratio,pb_ratio"
2018-10-24,000001.XSHE,1.0655,1895.6134,1895.5952,7.7397,0.8805,"day,code,turnover_ratio,market_cap,circulating_market_cap,pe_ratio,pb_ratio"
2018-10-25,000001.XSHE,0.9814,1938.5394,1938.5209,7.915,0.9005,"day,code,turnover_ratio,market_cap,circulating_market_cap,pe_ratio,pb_ratio"
2018-10-26,000001.XSHE,0.7571,1919.652,1919.6336,7.8379,0.8917,"day,code,turnover_ratio,market_cap,circulating_market_cap,pe_ratio,pb_ratio"
2018-10-29,000001.XSHE,0.927,1845.8192,1845.8015,7.5364,0.8574,"day,code,turnover_ratio,market_cap,circulating_market_cap,pe_ratio,pb_ratio"
2018-10-30,000001.XSHE,0.8747,1871.5748,1871.5569,7.6416,0.8694,"day,code,turnover_ratio,market_cap,circulating_market_cap,pe_ratio,pb_ratio"
2018-10-31,000001.XSHE,0.6713,1873.2919,1873.2739,7.6486,0.8702,"day,code,turnover_ratio,market_cap,circulating_market_cap,pe_ratio,pb_ratio"
2018-11-01,000001.XSHE,0.8985,1859.5556,1859.5377,7.5925,0.8638,"day,code,turnover_ratio,market_cap,circulating_market_cap,pe_ratio,pb_ratio"
2018-11-02,000001.XSHE,1.2888,1904.1986,1904.1804,7.7748,0.8845,"day,code,turnover_ratio,market_cap,circulating_market_cap,pe_ratio,pb_ratio"
2018-11-05,000001.XSHE,0.7524,1875.0089,1874.9909,7.6556,0.871,"day,code,turnover_ratio,market_cap,circulating_market_cap,pe_ratio,pb_ratio"
2018-11-06,000001.XSHE,0.4285,1861.2726,1861.2548,7.5995,0.8646,"day,code,turnover_ratio,market_cap,circulating_market_cap,pe_ratio,pb_ratio"
2018-11-07,000001.XSHE,0.4575,1856.1215,1856.1037,7.5785,0.8622,"day,code,turnover_ratio,market_cap,circulating_market_cap,pe_ratio,pb_ratio"
2018-11-08,000001.XSHE,0.4624,1869.8578,1869.8399,7.6346,0.8686,"day,code,turnover_ratio,market_cap,circulating_market_cap,pe_ratio,pb_ratio"
2018-11-09,000001.XSHE,0.9489,1811.4784,1811.461,7.3962,0.8415,"day,code,turnover_ratio,market_cap,circulating_market_cap,pe_ratio,pb_ratio"
2018-11-12,000001.XSHE,0.536,1813.1954,1813.1781,7.4032,0.8423,"day,code,turnover_ratio,market_cap,circulating_market_cap,pe_ratio,pb_ratio"
2018-11-13,000001.XSHE,0.6246,1809.7614,1809.744,7.3892,0.8407,"day,code,turnover_ratio,market_cap,circulating_market_cap,pe_ratio,pb_ratio"
2018-11-14,000001.XSHE,0.4509,1792.5909,1792.5738,7.3191,0.8327,"day,code,turnover_ratio,market_cap,circulating_market_cap,pe_ratio,pb_ratio"
2018-11-15,000001.XSHE,0.525,1823.4977,1823.4802,7.4453,0.847,"day,code,turnover_ratio,market_cap,circulating_market_cap,pe_ratio,pb_ratio"
2018-11-16,000001.XSHE,0.6171,1814.9125,1814.8951,7.4102,0.8431,"day,code,turnover_ratio,market_cap,circulating_market_cap,pe_ratio,pb_ratio"
2018-11-19,000001.XSHE,0.7926,1862.9896,1862.9718,7.6065,0.8654,"day,code,turnover_ratio,market_cap,circulating_market_cap,pe_ratio,pb_ratio"
2018-11-20,000001.XSHE,0.6021,1814.9125,1814.8951,7.4102,0.8431,"day,code,turnover_ratio,market_cap,circulating_market_cap,pe_ratio,pb_ratio"
2018-11-21,000001.XSHE,0.388,1821.7806,1821.7632,7.4383,0.8462,"day,code,turnover_ratio,market_cap,circulating_market_cap,pe_ratio,pb_ratio"
2018-11-22,000001.XSHE,0.2914,1811.4784,1811.461,7.3962,0.8415,"day,code,turnover_ratio,market_cap,circulating_market_cap,pe_ratio,pb_ratio"
2018-11-23,000001.XSHE,0.4079,1771.9865,1771.9695,7.235,0.8231,"day,code,turnover_ratio,market_cap,circulating_market_cap,pe_ratio,pb_ratio"
2018-11-26,000001.XSHE,0.3009,1775.4205,1775.4035,7.249,0.8247,"day,code,turnover_ratio,market_cap,circulating_market_cap,pe_ratio,pb_ratio"
2018-11-27,000001.XSHE,0.4272,1747.9479,1747.9311,7.1368,0.8119,"day,code,turnover_ratio,market_cap,circulating_market_cap,pe_ratio,pb_ratio"
2018-11-28,000001.XSHE,0.3132,1765.1183,1765.1014,7.2069,0.8199,"day,code,turnover_ratio,market_cap,circulating_market_cap,pe_ratio,pb_ratio"
2018-11-29,000001.XSHE,0.2826,1751.382,1751.3652,7.1508,0.8135,"day,code,turnover_ratio,market_cap,circulating_market_cap,pe_ratio,pb_ratio"
2018-11-30,000001.XSHE,0.3464,1778.8546,1778.8376,7.263,0.8263,"day,code,turnover_ratio,market_cap,circulating_market_cap,pe_ratio,pb_ratio"
2018-12-03,000001.XSHE,0.6197,1818.3466,1818.3291,7.4242,0.8447,"day,code,turnover_ratio,market_cap,circulating_market_cap,pe_ratio,pb_ratio"
2018-12-04,000001.XSHE,0.3115,1818.3466,1818.3291,7.4242,0.8447,"day,code,turnover_ratio,market_cap,circulating_market_cap,pe_ratio,pb_ratio"
2018-12-05,000001.XSHE,0.3387,1794.308,1794.2908,7.3261,0.8335,"day,code,turnover_ratio,market_cap,circulating_market_cap,pe_ratio,pb_ratio"
2018-12-06,000001.XSHE,0.3371,1759.9672,1759.9503,7.1859,0.8175,"day,code,turnover_ratio,market_cap,circulating_market_cap,pe_ratio,pb_ratio"
2018-12-07,000001.XSHE,0.1981,1765.1183,1765.1014,7.2069,0.8199,"day,code,turnover_ratio,market_cap,circulating_market_cap,pe_ratio,pb_ratio"
2018-12-10,000001.XSHE,0.2882,1746.2308,1746.2141,7.1298,0.8112,"day,code,turnover_ratio,market_cap,circulating_market_cap,pe_ratio,pb_ratio"
2018-12-11,000001.XSHE,0.1742,1756.5331,1756.5162,7.1719,0.8159,"day,code,turnover_ratio,market_cap,circulating_market_cap,pe_ratio,pb_ratio"
2018-12-12,000001.XSHE,0.2134,1758.2501,1758.2333,7.1789,0.8167,"day,code,turnover_ratio,market_cap,circulating_market_cap,pe_ratio,pb_ratio"
2018-12-13,000001.XSHE,0.4606,1784.0057,1783.9886,7.284,0.8287,"day,code,turnover_ratio,market_cap,circulating_market_cap,pe_ratio,pb_ratio"
2018-12-14,000001.XSHE,0.3067,1746.2308,1746.2141,7.1298,0.8112,"day,code,turnover_ratio,market_cap,circulating_market_cap,pe_ratio,pb_ratio"
2018-12-17,000001.XSHE,0.3327,1766.8353,1766.8184,7.2139,0.8207,"day,code,turnover_ratio,market_cap,circulating_market_cap,pe_ratio,pb_ratio"
2018-12-18,000001.XSHE,0.3132,1737.6456,1737.629,7.0947,0.8072,"day,code,turnover_ratio,market_cap,circulating_market_cap,pe_ratio,pb_ratio"
2018-12-19,000001.XSHE,0.3483,1706.7389,1706.7225,6.9686,0.7928,"day,code,turnover_ratio,market_cap,circulating_market_cap,pe_ratio,pb_ratio"
2018-12-20,000001.XSHE,0.5767,1667.2469,1667.231,6.8073,0.7745,"day,code,turnover_ratio,market_cap,circulating_market_cap,pe_ratio,pb_ratio"
2018-12-21,000001.XSHE,0.5828,1622.6039,1622.5883,6.625,0.7537,"day,code,turnover_ratio,market_cap,circulating_market_cap,pe_ratio,pb_ratio"
2018-12-24,000001.XSHE,0.2965,1617.4528,1617.4372,6.604,0.7513,"day,code,turnover_ratio,market_cap,circulating_market_cap,pe_ratio,pb_ratio"
2018-12-25,000001.XSHE,0.3416,1603.7164,1603.701,6.5479,0.745,"day,code,turnover_ratio,market_cap,circulating_market_cap,pe_ratio,pb_ratio"
2018-12-26,000001.XSHE,0.2453,1596.8483,1596.8329,6.5199,0.7418,"day,code,turnover_ratio,market_cap,circulating_market_cap,pe_ratio,pb_ratio"
2018-12-27,000001.XSHE,0.3638,1593.4142,1593.3989,6.5059,0.7402,"day,code,turnover_ratio,market_cap,circulating_market_cap,pe_ratio,pb_ratio"
2018-12-28,000001.XSHE,0.3358,1610.5846,1610.5691,6.576,0.7481,"day,code,turnover_ratio,market_cap,circulating_market_cap,pe_ratio,pb_ratio"
2019-01-02,000001.XSHE,0.3141,1577.9608,1577.9457,6.4428,0.733,"day,code,turnover_ratio,market_cap,circulating_market_cap,pe_ratio,pb_ratio"
2019-01-03,000001.XSHE,0.242,1593.4142,1593.3989,6.5059,0.7402,"day,code,turnover_ratio,market_cap,circulating_market_cap,pe_ratio,pb_ratio"
2019-01-04,000001.XSHE,0.8626,1674.1151,1674.0991,6.7456,0.7607,"day,code,turnover_ratio,market_cap,circulating_market_cap,pe_ratio,pb_ratio"
2019-01-07,000001.XSHE,0.5042,1672.3981,1672.382,6.7386,0.7599,"day,code,turnover_ratio,market_cap,circulating_market_cap,pe_ratio,pb_ratio"
2019-01-08,000001.XSHE,0.2344,1658.6617,1658.6458,6.6833,0.7536,"day,code,turnover_ratio,market_cap,circulating_market_cap,pe_ratio,pb_ratio"
2019-01-09,000001.XSHE,0.7184,1706.7389,1706.7225,6.877,0.7755,"day,code,turnover_ratio,market_cap,circulating_market_cap,pe_ratio,pb_ratio"
2019-01-10,000001.XSHE,0.6242,1734.2115,1734.1949,6.9877,0.788,"day,code,turnover_ratio,market_cap,circulating_market_cap,pe_ratio,pb_ratio"
2019-01-11,000001.XSHE,0.4056,1751.382,1751.3652,7.0569,0.7958,"day,code,turnover_ratio,market_cap,circulating_market_cap,pe_ratio,pb_ratio"
2019-01-14,000001.XSHE,0.2915,1735.9286,1735.9119,6.9946,0.7887,"day,code,turnover_ratio,market_cap,circulating_market_cap,pe_ratio,pb_ratio"
2019-01-15,000001.XSHE,0.3158,1758.2501,1758.2333,7.0846,0.7989,"day,code,turnover_ratio,market_cap,circulating_market_cap,pe_ratio,pb_ratio"
2019-01-16,000001.XSHE,0.5694,1799.4591,1799.4419,7.2506,0.8176,"day,code,turnover_ratio,market_cap,circulating_market_cap,pe_ratio,pb_ratio"
2019-01-17,000001.XSHE,0.5142,1759.9672,1759.9503,7.0915,0.7997,"day,code,turnover_ratio,market_cap,circulating_market_cap,pe_ratio,pb_ratio"
2019-01-18,000001.XSHE,0.4303,1790.8739,1790.8567,7.216,0.8137,"day,code,turnover_ratio,market_cap,circulating_market_cap,pe_ratio,pb_ratio"
2019-01-21,000001.XSHE,0.384,1775.4205,1775.4035,7.1538,0.8067,"day,code,turnover_ratio,market_cap,circulating_market_cap,pe_ratio,pb_ratio"
2019-01-22,000001.XSHE,0.2472,1765.1183,1765.1014,7.1123,0.802,"day,code,turnover_ratio,market_cap,circulating_market_cap,pe_ratio,pb_ratio"
2019-01-23,000001.XSHE,0.3133,1777.1376,1777.1205,7.1607,0.8075,"day,code,turnover_ratio,market_cap,circulating_market_cap,pe_ratio,pb_ratio"
2019-01-24,000001.XSHE,0.3956,1806.3273,1806.31,7.2783,0.8207,"day,code,turnover_ratio,market_cap,circulating_market_cap,pe_ratio,pb_ratio"
2019-01-25,000001.XSHE,1.2279,1888.7453,1888.7271,7.6104,0.8582,"day,code,turnover_ratio,market_cap,circulating_market_cap,pe_ratio,pb_ratio"
2019-01-28,000001.XSHE,0.6033,1878.443,1878.425,7.5689,0.8535,"day,code,turnover_ratio,market_cap,circulating_market_cap,pe_ratio,pb_ratio"
2019-01-29,000001.XSHE,0.4814,1888.7453,1888.7271,7.6104,0.8582,"day,code,turnover_ratio,market_cap,circulating_market_cap,pe_ratio,pb_ratio"
2019-01-30,000001.XSHE,0.4147,1880.16,1880.142,7.5758,0.8543,"day,code,turnover_ratio,market_cap,circulating_market_cap,pe_ratio,pb_ratio"
2019-01-31,000001.XSHE,0.4843,1905.9157,1905.8974,7.6796,0.866,"day,code,turnover_ratio,market_cap,circulating_market_cap,pe_ratio,pb_ratio"
2019-02-01,000001.XSHE,0.5907,1923.0861,1923.0676,7.7488,0.8738,"day,code,turnover_ratio,market_cap,circulating_market_cap,pe_ratio,pb_ratio"
2019-02-11,000001.XSHE,0.4671,1924.8031,1924.7847,7.7557,0.8746,"day,code,turnover_ratio,market_cap,circulating_market_cap,pe_ratio,pb_ratio"
2019-02-12,000001.XSHE,0.5591,1921.369,1921.3506,7.7418,0.873,"day,code,turnover_ratio,market_cap,circulating_market_cap,pe_ratio,pb_ratio"
2019-02-13,000001.XSHE,0.6624,1953.9928,1953.9741,7.8733,0.8878,"day,code,turnover_ratio,market_cap,circulating_market_cap,pe_ratio,pb_ratio"
2019-02-14,000001.XSHE,0.5062,1931.6713,1931.6528,7.7833,0.8777,"day,code,turnover_ratio,market_cap,circulating_market_cap,pe_ratio,pb_ratio"
2019-02-15,000001.XSHE,0.6407,1880.16,1880.142,7.5758,0.8543,"day,code,turnover_ratio,market_cap,circulating_market_cap,pe_ratio,pb_ratio"
2019-02-18,000001.XSHE,0.7312,1950.5587,1950.54,7.8595,0.8863,"day,code,turnover_ratio,market_cap,circulating_market_cap,pe_ratio,pb_ratio"
2019-02-19,000001.XSHE,0.7402,1935.1054,1935.0868,7.7972,0.8792,"day,code,turnover_ratio,market_cap,circulating_market_cap,pe_ratio,pb_ratio"
2019-02-20,000001.XSHE,0.4849,1959.1439,1959.1252,7.894,0.8902,"day,code,turnover_ratio,market_cap,circulating_market_cap,pe_ratio,pb_ratio"
2019-02-21,000001.XSHE,0.4393,1950.5587,1950.54,7.8595,0.8863,"day,code,turnover_ratio,market_cap,circulating_market_cap,pe_ratio,pb_ratio"
2019-02-22,000001.XSHE,0.6896,1981.4655,1981.4465,7.984,0.9003,"day,code,turnover_ratio,market_cap,circulating_market_cap,pe_ratio,pb_ratio"
2019-02-25,000001.XSHE,1.6453,2154.8866,2154.866,8.6828,0.9791,"day,code,turnover_ratio,market_cap,circulating_market_cap,pe_ratio,pb_ratio"
2019-02-26,000001.XSHE,1.175,2094.7902,2094.7701,8.4406,0.9518,"day,code,turnover_ratio,market_cap,circulating_market_cap,pe_ratio,pb_ratio"
2019-02-27,000001.XSHE,1.1526,2129.131,2129.1106,8.579,0.9674,"day,code,turnover_ratio,market_cap,circulating_market_cap,pe_ratio,pb_ratio"
2019-02-28,000001.XSHE,0.6483,2122.2628,2122.2425,8.5513,0.9643,"day,code,turnover_ratio,market_cap,circulating_market_cap,pe_ratio,pb_ratio"
2019-03-01,000001.XSHE,0.9975,2190.9445,2190.9235,8.828,0.9955,"day,code,turnover_ratio,market_cap,circulating_market_cap,pe_ratio,pb_ratio"
2019-03-04,000001.XSHE,1.4309,2230.4364,2230.4151,8.9872,1.0134,"day,code,turnover_ratio,market_cap,circulating_market_cap,pe_ratio,pb_ratio"
2019-03-05,000001.XSHE,0.8203,2242.4557,2242.4342,9.0356,1.0189,"day,code,turnover_ratio,market_cap,circulating_market_cap,pe_ratio,pb_ratio"
2019-03-06,000001.XSHE,0.7255,2245.8898,2245.8683,9.0494,1.0205,"day,code,turnover_ratio,market_cap,circulating_market_cap,pe_ratio,pb_ratio"
2019-03-07,000001.XSHE,1.0379,2187.5104,2187.4894,8.8142,0.9939,"day,code,turnover_ratio,market_cap,circulating_market_cap,pe_ratio,pb_ratio"
2019-03-08,000001.XSHE,1.0356,2111.9606,2111.9404,8.5098,0.9596,"day,code,turnover_ratio,market_cap,circulating_market_cap,pe_ratio,pb_ratio"
2019-03-11,000001.XSHE,0.6742,2115.3947,2115.3744,8.5236,0.9612,"day,code,turnover_ratio,market_cap,circulating_market_cap,pe_ratio,pb_ratio"
2019-03-12,000001.XSHE,0.8222,2122.2628,2122.2425,8.5513,0.9643,"day,code,turnover_ratio,market_cap,circulating_market_cap,pe_ratio,pb_ratio"
2019-03-13,000001.XSHE,0.7393,2123.9799,2123.9595,8.5582,0.9651,"day,code,turnover_ratio,market_cap,circulating_market_cap,pe_ratio,pb_ratio"
2019-03-14,000001.XSHE,0.6159,2134.2821,2134.2617,8.5997,0.9697,"day,code,turnover_ratio,market_cap,circulating_market_cap,pe_ratio,pb_ratio"
2019-03-15,000001.XSHE,0.6088,2146.3014,2146.2808,8.6482,0.9752,"day,code,turnover_ratio,market_cap,circulating_market_cap,pe_ratio,pb_ratio"
2019-03-18,000001.XSHE,0.8657,2216.7001,2216.6789,8.9318,1.0072,"day,code,turnover_ratio,market_cap,circulating_market_cap,pe_ratio,pb_ratio"
2019-03-19,000001.XSHE,0.5575,2196.0956,2196.0746,8.8488,0.9978,"day,code,turnover_ratio,market_cap,circulating_market_cap,pe_ratio,pb_ratio"
2019-03-20,000001.XSHE,0.5416,2189.2274,2189.2065,8.8211,0.9947,"day,code,turnover_ratio,market_cap,circulating_market_cap,pe_ratio,pb_ratio"
2019-03-21,000001.XSHE,0.5009,2178.9252,2178.9043,8.7796,0.99,"day,code,turnover_ratio,market_cap,circulating_market_cap,pe_ratio,pb_ratio"
2019-03-22,000001.XSHE,0.4155,2161.7548,2161.7341,8.7104,0.9822,"day,code,turnover_ratio,market_cap,circulating_market_cap,pe_ratio,pb_ratio"
2019-03-25,000001.XSHE,0.6872,2079.3368,2079.3169,8.3783,0.9448,"day,code,turnover_ratio,market_cap,circulating_market_cap,pe_ratio,pb_ratio"
2019-03-26,000001.XSHE,0.5448,2077.6198,2077.5999,8.3714,0.944,"day,code,turnover_ratio,market_cap,circulating_market_cap,pe_ratio,pb_ratio"
2019-03-27,000001.XSHE,0.5375,2125.6969,2125.6766,8.5651,0.9658,"day,code,turnover_ratio,market_cap,circulating_market_cap,pe_ratio,pb_ratio"
2019-03-28,000001.XSHE,0.4266,2098.2243,2098.2042,8.4544,0.9534,"day,code,turnover_ratio,market_cap,circulating_market_cap,pe_ratio,pb_ratio"
2019-03-29,000001.XSHE,0.9723,2201.2467,2201.2256,8.8696,1.0002,"day,code,turnover_ratio,market_cap,circulating_market_cap,pe_ratio,pb_ratio"
2019-04-01,000001.XSHE,1.1365,2263.0602,2263.0385,9.1186,1.0282,"day,code,turnover_ratio,market_cap,circulating_market_cap,pe_ratio,pb_ratio"
2019-04-02,000001.XSHE,0.6409,2293.967,2293.945,9.2432,1.0423,"day,code,turnover_ratio,market_cap,circulating_market_cap,pe_ratio,pb_ratio"
2019-04-03,000001.XSHE,0.4618,2307.7033,2307.6812,9.2985,1.0485,"day,code,turnover_ratio,market_cap,circulating_market_cap,pe_ratio,pb_ratio"
2019-04-04,000001.XSHE,1.1848,2379.819,2379.7962,9.5891,1.0813,"day,code,turnover_ratio,market_cap,circulating_market_cap,pe_ratio,pb_ratio"
2019-04-08,000001.XSHE,1.0152,2396.9894,2396.9664,9.6583,1.0891,"day,code,turnover_ratio,market_cap,circulating_market_cap,pe_ratio,pb_ratio"
2019-04-09,000001.XSHE,0.4551,2371.2338,2371.2111,9.5545,1.0774,"day,code,turnover_ratio,market_cap,circulating_market_cap,pe_ratio,pb_ratio"
2019-04-10,000001.XSHE,0.5516,2357.4975,2357.4749,9.4991,1.0712,"day,code,turnover_ratio,market_cap,circulating_market_cap,pe_ratio,pb_ratio"
2019-04-11,000001.XSHE,0.3817,2324.8737,2324.8514,9.3677,1.0563,"day,code,turnover_ratio,market_cap,circulating_market_cap,pe_ratio,pb_ratio"
2019-04-12,000001.XSHE,0.451,2304.2692,2304.2471,9.2847,1.047,"day,code,turnover_ratio,market_cap,circulating_market_cap,pe_ratio,pb_ratio"
2019-04-15,000001.XSHE,0.8933,2350.6293,2350.6068,9.4715,1.068,"day,code,turnover_ratio,market_cap,circulating_market_cap,pe_ratio,pb_ratio"
2019-04-16,000001.XSHE,1.3858,2503.446,2503.422,10.0872,1.1375,"day,code,turnover_ratio,market_cap,circulating_market_cap,pe_ratio,pb_ratio"
2019-04-17,000001.XSHE,0.5848,2463.954,2463.9304,9.9281,1.1195,"day,code,turnover_ratio,market_cap,circulating_market_cap,pe_ratio,pb_ratio"
2019-04-18,000001.XSHE,0.2953,2462.237,2462.2134,9.9212,1.1187,"day,code,turnover_ratio,market_cap,circulating_market_cap,pe_ratio,pb_ratio"
2019-04-19,000001.XSHE,0.7257,2529.2016,2529.1773,10.191,1.1492,"day,code,turnover_ratio,market_cap,circulating_market_cap,pe_ratio,pb_ratio"
2019-04-22,000001.XSHE,0.7701,2429.6132,2429.5899,9.7897,1.1039,"day,code,turnover_ratio,market_cap,circulating_market_cap,pe_ratio,pb_ratio"
2019-04-23,000001.XSHE,0.5479,2415.8769,2415.8537,9.7344,1.0977,"day,code,turnover_ratio,market_cap,circulating_market_cap,pe_ratio,pb_ratio"
2019-04-24,000001.XSHE,1.1355,2479.4074,2479.3836,9.6592,1.091,"day,code,turnover_ratio,market_cap,circulating_market_cap,pe_ratio,pb_ratio"
2019-04-25,000001.XSHE,0.6473,2426.1791,2426.1559,9.4518,1.0676,"day,code,turnover_ratio,market_cap,circulating_market_cap,pe_ratio,pb_ratio"
2019-04-26,000001.XSHE,0.5879,2367.7997,2367.777,9.2244,1.0419,"day,code,turnover_ratio,market_cap,circulating_market_cap,pe_ratio,pb_ratio"
2019-04-29,000001.XSHE,0.6003,2421.028,2421.0048,9.4317,1.0653,"day,code,turnover_ratio,market_cap,circulating_market_cap,pe_ratio,pb_ratio"
2019-04-30,000001.XSHE,0.6503,2378.102,2378.0792,9.2645,1.0464,"day,code,turnover_ratio,market_cap,circulating_market_cap,pe_ratio,pb_ratio"
2019-05-06,000001.XSHE,1.2281,2209.8319,2209.8108,8.609,0.9724,"day,code,turnover_ratio,market_cap,circulating_market_cap,pe_ratio,pb_ratio"
2019-05-07,000001.XSHE,0.6247,2223.5683,2223.547,8.6625,0.9784,"day,code,turnover_ratio,market_cap,circulating_market_cap,pe_ratio,pb_ratio"
2019-05-08,000001.XSHE,0.5681,2163.4718,2163.4511,8.4283,0.952,"day,code,turnover_ratio,market_cap,circulating_market_cap,pe_ratio,pb_ratio"
2019-05-09,000001.XSHE,0.9069,2087.922,2087.902,8.134,0.9187,"day,code,turnover_ratio,market_cap,circulating_market_cap,pe_ratio,pb_ratio"
2019-05-10,000001.XSHE,0.6945,2177.2082,2177.1873,8.4819,0.958,"day,code,turnover_ratio,market_cap,circulating_market_cap,pe_ratio,pb_ratio"
2019-05-13,000001.XSHE,0.4321,2111.9606,2111.9404,8.2277,0.9293,"day,code,turnover_ratio,market_cap,circulating_market_cap,pe_ratio,pb_ratio"
2019-05-14,000001.XSHE,0.6887,2144.5844,2144.5638,8.3548,0.9437,"day,code,turnover_ratio,market_cap,circulating_market_cap,pe_ratio,pb_ratio"
2019-05-15,000001.XSHE,0.643,2218.4171,2218.3959,8.6424,0.9762,"day,code,turnover_ratio,market_cap,circulating_market_cap,pe_ratio,pb_ratio"
2019-05-16,000001.XSHE,0.3698,2206.3979,2206.3767,8.5956,0.9709,"day,code,turnover_ratio,market_cap,circulating_market_cap,pe_ratio,pb_ratio"
2019-05-17,000001.XSHE,0.562,2135.9992,2135.9787,8.3213,0.9399,"day,code,turnover_ratio,market_cap,circulating_market_cap,pe_ratio,pb_ratio"
2019-05-20,000001.XSHE,0.458,2125.6969,2125.6766,8.2812,0.9354,"day,code,turnover_ratio,market_cap,circulating_market_cap,pe_ratio,pb_ratio"
2019-05-21,000001.XSHE,0.4259,2156.6037,2156.583,8.4016,0.949,"day,code,turnover_ratio,market_cap,circulating_market_cap,pe_ratio,pb_ratio"
2019-05-22,000001.XSHE,0.2948,2129.131,2129.1106,8.2946,0.9369,"day,code,turnover_ratio,market_cap,circulating_market_cap,pe_ratio,pb_ratio"
2019-05-23,000001.XSHE,0.3884,2110.2436,2110.2233,8.221,0.9286,"day,code,turnover_ratio,market_cap,circulating_market_cap,pe_ratio,pb_ratio"
2019-05-24,000001.XSHE,0.2886,2120.5458,2120.5255,8.2611,0.9331,"day,code,turnover_ratio,market_cap,circulating_market_cap,pe_ratio,pb_ratio"
2019-05-27,000001.XSHE,0.6106,2123.9799,2123.9595,8.2745,0.9346,"day,code,turnover_ratio,market_cap,circulating_market_cap,pe_ratio,pb_ratio"
2019-05-28,000001.XSHE,0.5129,2144.5844,2144.5638,8.3548,0.9437,"day,code,turnover_ratio,market_cap,circulating_market_cap,pe_ratio,pb_ratio"
2019-05-29,000001.XSHE,0.3881,2129.131,2129.1106,8.2946,0.9369,"day,code,turnover_ratio,market_cap,circulating_market_cap,pe_ratio,pb_ratio"
2019-05-30,000001.XSHE,0.3764,2098.2243,2098.2042,8.1742,0.9233,"day,code,turnover_ratio,market_cap,circulating_market_cap,pe_ratio,pb_ratio"
2019-05-31,000001.XSHE,0.4,2091.3561,2091.3361,8.1474,0.9202,"day,code,turnover_ratio,market_cap,circulating_market_cap,pe_ratio,pb_ratio"
2019-06-03,000001.XSHE,0.881,2043.279,2043.2594,7.9601,0.8991,"day,code,turnover_ratio,market_cap,circulating_market_cap,pe_ratio,pb_ratio"
2019-06-04,000001.XSHE,0.5676,2034.6937,2034.6742,7.9267,0.8953,"day,code,turnover_ratio,market_cap,circulating_market_cap,pe_ratio,pb_ratio"
2019-06-05,000001.XSHE,0.4362,2055.2982,2055.2785,8.0069,0.9044,"day,code,turnover_ratio,market_cap,circulating_market_cap,pe_ratio,pb_ratio"
2019-06-06,000001.XSHE,0.2526,2046.713,2046.6934,7.9735,0.9006,"day,code,turnover_ratio,market_cap,circulating_market_cap,pe_ratio,pb_ratio"
2019-06-10,000001.XSHE,0.6667,2118.8288,2118.8085,8.2544,0.9323,"day,code,turnover_ratio,market_cap,circulating_market_cap,pe_ratio,pb_ratio"
2019-06-11,000001.XSHE,0.7286,2172.057,2172.0362,8.4618,0.9558,"day,code,turnover_ratio,market_cap,circulating_market_cap,pe_ratio,pb_ratio"
2019-06-12,000001.XSHE,0.3828,2158.3207,2158.3,8.4083,0.9497,"day,code,turnover_ratio,market_cap,circulating_market_cap,pe_ratio,pb_ratio"
2019-06-13,000001.XSHE,0.3087,2161.7548,2161.7341,8.4217,0.9512,"day,code,turnover_ratio,market_cap,circulating_market_cap,pe_ratio,pb_ratio"
2019-06-14,000001.XSHE,0.2814,2144.5844,2144.5638,8.3548,0.9437,"day,code,turnover_ratio,market_cap,circulating_market_cap,pe_ratio,pb_ratio"
2019-06-17,000001.XSHE,0.361,2175.4911,2175.4703,8.4752,0.9573,"day,code,turnover_ratio,market_cap,circulating_market_cap,pe_ratio,pb_ratio"
2019-06-18,000001.XSHE,0.2816,2197.8127,2197.7916,8.5621,0.9671,"day,code,turnover_ratio,market_cap,circulating_market_cap,pe_ratio,pb_ratio"
2019-06-19,000001.XSHE,0.6658,2244.1728,2244.1513,8.7427,0.9875,"day,code,turnover_ratio,market_cap,circulating_market_cap,pe_ratio,pb_ratio"
2019-06-20,000001.XSHE,0.8906,2369.5168,2369.4941,9.231,1.0426,"day,code,turnover_ratio,market_cap,circulating_market_cap,pe_ratio,pb_ratio"
2019-06-21,000001.XSHE,0.5889,2342.0441,2342.0217,9.124,1.0306,"day,code,turnover_ratio,market_cap,circulating_market_cap,pe_ratio,pb_ratio"
2019-06-24,000001.XSHE,0.3841,2350.6293,2350.6068,9.1575,1.0343,"day,code,turnover_ratio,market_cap,circulating_market_cap,pe_ratio,pb_ratio"
2019-06-25,000001.XSHE,0.8557,2305.9862,2305.9641,8.9835,1.0147,"day,code,turnover_ratio,market_cap,circulating_market_cap,pe_ratio,pb_ratio"
2019-06-26,000001.XSHE,0.3183,2295.684,2295.662,8.9434,1.0102,"day,code,turnover_ratio,market_cap,circulating_market_cap,pe_ratio,pb_ratio"
2019-06-27,000001.XSHE,0.5388,2354.0634,2354.0408,9.1708,1.0358,"day,code,turnover_ratio,market_cap,circulating_market_cap,pe_ratio,pb_ratio"
2019-06-28,000001.XSHE,0.2901,2366.0827,2366.06,9.2177,1.0411,"day,code,turnover_ratio,market_cap,circulating_market_cap,pe_ratio,pb_ratio"
2019-07-01,000001.XSHE,0.5595,2391.8383,2391.8154,9.318,1.0525,"day,code,turnover_ratio,market_cap,circulating_market_cap,pe_ratio,pb_ratio"
2019-07-02,000001.XSHE,0.6131,2434.7643,2434.741,9.4852,1.0714,"day,code,turnover_ratio,market_cap,circulating_market_cap,pe_ratio,pb_ratio"
2019-07-03,000001.XSHE,0.4479,2405.5746,2405.5516,9.3715,1.0585,"day,code,turnover_ratio,market_cap,circulating_market_cap,pe_ratio,pb_ratio"
2019-07-04,000001.XSHE,0.3618,2402.1406,2402.1175,9.3581,1.057,"day,code,turnover_ratio,market_cap,circulating_market_cap,pe_ratio,pb_ratio"
2019-07-05,000001.XSHE,0.4363,2390.1213,2390.0984,9.3113,1.0517,"day,code,turnover_ratio,market_cap,circulating_market_cap,pe_ratio,pb_ratio"
2019-07-08,000001.XSHE,0.4534,2333.4589,2333.4365,9.0906,1.0268,"day,code,turnover_ratio,market_cap,circulating_market_cap,pe_ratio,pb_ratio"
2019-07-09,000001.XSHE,0.2879,2333.4589,2333.4365,9.0906,1.0268,"day,code,turnover_ratio,market_cap,circulating_market_cap,pe_ratio,pb_ratio"
2019-07-10,000001.XSHE,0.2086,2328.3078,2328.2855,9.0705,1.0245,"day,code,turnover_ratio,market_cap,circulating_market_cap,pe_ratio,pb_ratio"
2019-07-11,000001.XSHE,0.282,2324.8737,2324.8514,9.0571,1.023,"day,code,turnover_ratio,market_cap,circulating_market_cap,pe_ratio,pb_ratio"
2019-07-12,000001.XSHE,0.8534,2424.4621,2424.4388,9.4451,1.0668,"day,code,turnover_ratio,market_cap,circulating_market_cap,pe_ratio,pb_ratio"
2019-07-15,000001.XSHE,0.49,2403.8576,2403.8345,9.3648,1.0578,"day,code,turnover_ratio,market_cap,circulating_market_cap,pe_ratio,pb_ratio"
2019-07-16,000001.XSHE,0.4209,2360.9316,2360.9089,9.1976,1.0389,"day,code,turnover_ratio,market_cap,circulating_market_cap,pe_ratio,pb_ratio"
2019-07-17,000001.XSHE,0.2388,2350.6293,2350.6068,9.1575,1.0343,"day,code,turnover_ratio,market_cap,circulating_market_cap,pe_ratio,pb_ratio"
2019-07-18,000001.XSHE,0.2463,2347.1952,2347.1727,9.1441,1.0328,"day,code,turnover_ratio,market_cap,circulating_market_cap,pe_ratio,pb_ratio"
2019-07-19,000001.XSHE,0.5046,2402.1406,2402.1175,9.3581,1.057,"day,code,turnover_ratio,market_cap,circulating_market_cap,pe_ratio,pb_ratio"
2019-07-22,000001.XSHE,0.3391,2378.102,2378.0792,9.2645,1.0464,"day,code,turnover_ratio,market_cap,circulating_market_cap,pe_ratio,pb_ratio"
2019-07-23,000001.XSHE,0.2935,2362.6486,2362.626,9.2043,1.0396,"day,code,turnover_ratio,market_cap,circulating_market_cap,pe_ratio,pb_ratio"
2019-07-24,000001.XSHE,0.3321,2383.2531,2383.2303,9.2846,1.0487,"day,code,turnover_ratio,market_cap,circulating_market_cap,pe_ratio,pb_ratio"
2019-07-25,000001.XSHE,0.6336,2438.1984,2438.175,9.4986,1.0729,"day,code,turnover_ratio,market_cap,circulating_market_cap,pe_ratio,pb_ratio"
2019-07-26,000001.XSHE,0.37,2443.3495,2443.3261,9.5187,1.0751,"day,code,turnover_ratio,market_cap,circulating_market_cap,pe_ratio,pb_ratio"
2019-07-29,000001.XSHE,0.4168,2453.6518,2453.6283,9.5588,1.0797,"day,code,turnover_ratio,market_cap,circulating_market_cap,pe_ratio,pb_ratio"
2019-07-30,000001.XSHE,0.464,2467.3881,2467.3645,9.6123,1.0857,"day,code,turnover_ratio,market_cap,circulating_market_cap,pe_ratio,pb_ratio"
2019-07-31,000001.XSHE,0.3697,2426.1791,2426.1559,9.4518,1.0676,"day,code,turnover_ratio,market_cap,circulating_market_cap,pe_ratio,pb_ratio"
2019-08-01,000001.XSHE,0.3075,2421.028,2421.0048,9.4317,1.0653,"day,code,turnover_ratio,market_cap,circulating_market_cap,pe_ratio,pb_ratio"
2019-08-02,000001.XSHE,0.5649,2359.2145,2359.1919,9.1909,1.0381,"day,code,turnover_ratio,market_cap,circulating_market_cap,pe_ratio,pb_ratio"
2019-08-05,000001.XSHE,0.5201,2292.2499,2292.2279,8.93,1.0086,"day,code,turnover_ratio,market_cap,circulating_market_cap,pe_ratio,pb_ratio"
2019-08-06,000001.XSHE,0.514,2295.684,2295.662,8.9434,1.0102,"day,code,turnover_ratio,market_cap,circulating_market_cap,pe_ratio,pb_ratio"
2019-08-07,000001.XSHE,0.4619,2324.8737,2324.8514,9.0571,1.023,"day,code,turnover_ratio,market_cap,circulating_market_cap,pe_ratio,pb_ratio"
2019-08-08,000001.XSHE,1.3574,2469.2,2469.1762,9.1966,1.0601,"day,code,turnover_ratio,market_cap,circulating_market_cap,pe_ratio,pb_ratio"
2019-08-09,000001.XSHE,1.2,2493.2395,2493.2154,9.2862,1.0704,"day,code,turnover_ratio,market_cap,circulating_market_cap,pe_ratio,pb_ratio"
2019-08-12,000001.XSHE,1.5919,2596.2659,2596.2409,9.6699,1.1146,"day,code,turnover_ratio,market_cap,circulating_market_cap,pe_ratio,pb_ratio"
2019-08-13,000001.XSHE,0.7534,2556.7724,2556.7478,9.5228,1.0977,"day,code,turnover_ratio,market_cap,circulating_market_cap,pe_ratio,pb_ratio"
2019-08-14,000001.XSHE,0.7924,2570.5093,2570.4845,9.5739,1.1036,"day,code,turnover_ratio,market_cap,circulating_market_cap,pe_ratio,pb_ratio"
2019-08-15,000001.XSHE,0.5226,2565.358,2565.3332,9.5548,1.1014,"day,code,turnover_ratio,market_cap,circulating_market_cap,pe_ratio,pb_ratio"
2019-08-16,000001.XSHE,0.5748,2558.4895,2558.4649,9.5292,1.0984,"day,code,turnover_ratio,market_cap,circulating_market_cap,pe_ratio,pb_ratio"
2019-08-19,000001.XSHE,1.3354,2561.9238,2561.8991,9.542,1.0999,"day,code,turnover_ratio,market_cap,circulating_market_cap,pe_ratio,pb_ratio"
2019-08-20,000001.XSHE,1.1188,2573.9435,2573.9187,9.5867,1.1051,"day,code,turnover_ratio,market_cap,circulating_market_cap,pe_ratio,pb_ratio"
2019-08-21,000001.XSHE,1.159,2481.2197,2481.1958,9.2414,1.0652,"day,code,turnover_ratio,market_cap,circulating_market_cap,pe_ratio,pb_ratio"
2019-08-22,000001.XSHE,0.788,2457.1802,2457.1565,9.1519,1.0549,"day,code,turnover_ratio,market_cap,circulating_market_cap,pe_ratio,pb_ratio"
2019-08-23,000001.XSHE,0.9533,2515.5619,2515.5376,9.3693,1.08,"day,code,turnover_ratio,market_cap,circulating_market_cap,pe_ratio,pb_ratio"
2019-08-26,000001.XSHE,0.8241,2446.8776,2446.854,9.1135,1.0505,"day,code,turnover_ratio,market_cap,circulating_market_cap,pe_ratio,pb_ratio"
2019-08-27,000001.XSHE,0.7901,2457.1802,2457.1565,9.1519,1.0549,"day,code,turnover_ratio,market_cap,circulating_market_cap,pe_ratio,pb_ratio"
2019-08-28,000001.XSHE,0.4832,2450.3118,2450.2882,9.1263,1.052,"day,code,turnover_ratio,market_cap,circulating_market_cap,pe_ratio,pb_ratio"
2019-08-29,000001.XSHE,0.3547,2426.2723,2426.2489,9.0367,1.0417,"day,code,turnover_ratio,market_cap,circulating_market_cap,pe_ratio,pb_ratio"
2019-08-30,000001.XSHE,0.465,2431.4236,2431.4002,9.0559,1.0439,"day,code,turnover_ratio,market_cap,circulating_market_cap,pe_ratio,pb_ratio"
2019-09-02,000001.XSHE,0.7922,2481.2197,2481.1958,9.2414,1.0652,"day,code,turnover_ratio,market_cap,circulating_market_cap,pe_ratio,pb_ratio"
2019-09-03,000001.XSHE,0.5001,2455.4631,2455.4394,9.1455,1.0542,"day,code,turnover_ratio,market_cap,circulating_market_cap,pe_ratio,pb_ratio"
2019-09-04,000001.XSHE,0.5672,2479.5026,2479.4787,9.235,1.0645,"day,code,turnover_ratio,market_cap,circulating_market_cap,pe_ratio,pb_ratio"
2019-09-05,000001.XSHE,1.0297,2503.5421,2503.518,9.3245,1.0748,"day,code,turnover_ratio,market_cap,circulating_market_cap,pe_ratio,pb_ratio"
2019-09-06,000001.XSHE,0.5745,2543.0356,2543.0111,9.4716,1.0918,"day,code,turnover_ratio,market_cap,circulating_market_cap,pe_ratio,pb_ratio"
2019-09-09,000001.XSHE,0.757,2522.4303,2522.406,9.3949,1.0829,"day,code,turnover_ratio,market_cap,circulating_market_cap,pe_ratio,pb_ratio"
2019-09-10,000001.XSHE,0.4641,2498.3908,2498.3667,9.3053,1.0726,"day,code,turnover_ratio,market_cap,circulating_market_cap,pe_ratio,pb_ratio"
2019-09-11,000001.XSHE,0.4767,2500.1079,2500.0838,9.3117,1.0734,"day,code,turnover_ratio,market_cap,circulating_market_cap,pe_ratio,pb_ratio"
2019-09-12,000001.XSHE,0.6701,2520.7132,2520.6889,9.3885,1.0822,"day,code,turnover_ratio,market_cap,circulating_market_cap,pe_ratio,pb_ratio"
2019-09-16,000001.XSHE,0.5416,2481.2197,2481.1958,9.2414,1.0652,"day,code,turnover_ratio,market_cap,circulating_market_cap,pe_ratio,pb_ratio"
2019-09-17,000001.XSHE,0.4672,2690.1611,2690.1375,10.0196,1.1549,"day,code,turnover_ratio,market_cap,circulating_market_cap,pe_ratio,pb_ratio"
2019-09-18,000001.XSHE,0.4343,2722.2768,2722.2529,10.1392,1.1687,"day,code,turnover_ratio,market_cap,circulating_market_cap,pe_ratio,pb_ratio"
2019-09-19,000001.XSHE,0.9973,2803.5106,2803.486,10.4418,1.2036,"day,code,turnover_ratio,market_cap,circulating_market_cap,pe_ratio,pb_ratio"
2019-09-20,000001.XSHE,1.3997,2897.9685,2897.9431,10.7936,1.2442,"day,code,turnover_ratio,market_cap,circulating_market_cap,pe_ratio,pb_ratio"
2019-09-23,000001.XSHE,0.7428,2905.5251,2905.4996,10.8217,1.2474,"day,code,turnover_ratio,market_cap,circulating_market_cap,pe_ratio,pb_ratio"
2019-09-24,000001.XSHE,0.5977,2867.7419,2867.7168,10.681,1.2312,"day,code,turnover_ratio,market_cap,circulating_market_cap,pe_ratio,pb_ratio"
2019-09-25,000001.XSHE,1.0263,2975.4239,2975.3979,11.0821,1.2774,"day,code,turnover_ratio,market_cap,circulating_market_cap,pe_ratio,pb_ratio"
2019-09-26,000001.XSHE,0.8928,2967.8673,2967.8413,11.0539,1.2742,"day,code,turnover_ratio,market_cap,circulating_market_cap,pe_ratio,pb_ratio"
2019-09-27,000001.XSHE,0.5193,3085.541,3085.5147,11.4922,1.3247,"day,code,turnover_ratio,market_cap,circulating_market_cap,pe_ratio,pb_ratio"
2019-09-30,000001.XSHE,0.5392,3025.3826,3025.3568,11.2681,1.2989,"day,code,turnover_ratio,market_cap,circulating_market_cap,pe_ratio,pb_ratio"
2019-10-08,000001.XSHE,0.7146,3143.7587,3143.7319,11.709,1.3497,"day,code,turnover_ratio,market_cap,circulating_market_cap,pe_ratio,pb_ratio"
2019-10-09,000001.XSHE,0.6785,3153.4617,3153.4348,11.7452,1.3539,"day,code,turnover_ratio,market_cap,circulating_market_cap,pe_ratio,pb_ratio"
2019-10-10,000001.XSHE,0.4533,3151.5211,3151.4942,11.7379,1.353,"day,code,turnover_ratio,market_cap,circulating_market_cap,pe_ratio,pb_ratio"
2019-10-11,000001.XSHE,0.7242,3262.1348,3262.107,12.1499,1.4005,"day,code,turnover_ratio,market_cap,circulating_market_cap,pe_ratio,pb_ratio"
2019-10-14,000001.XSHE,0.8027,3341.6991,3341.6706,12.4463,1.4347,"day,code,turnover_ratio,market_cap,circulating_market_cap,pe_ratio,pb_ratio"
2019-10-15,000001.XSHE,0.4545,3333.9367,3333.9083,12.4174,1.4313,"day,code,turnover_ratio,market_cap,circulating_market_cap,pe_ratio,pb_ratio"
2019-10-16,000001.XSHE,0.6532,3258.2537,3258.2259,12.1355,1.3988,"day,code,turnover_ratio,market_cap,circulating_market_cap,pe_ratio,pb_ratio"
2019-10-17,000001.XSHE,0.5803,3240.7883,3240.7607,12.0704,1.3913,"day,code,turnover_ratio,market_cap,circulating_market_cap,pe_ratio,pb_ratio"
2019-10-18,000001.XSHE,0.6167,3203.9171,3203.8898,11.9331,1.3755,"day,code,turnover_ratio,market_cap,circulating_market_cap,pe_ratio,pb_ratio"
2019-10-21,000001.XSHE,0.4875,3277.6596,3277.6316,12.2078,1.4072,"day,code,turnover_ratio,market_cap,circulating_market_cap,pe_ratio,pb_ratio"
2019-10-22,000001.XSHE,0.9706,3186.4518,3186.4246,11.3871,1.1884,"day,code,turnover_ratio,market_cap,circulating_market_cap,pe_ratio,pb_ratio"
2019-10-23,000001.XSHE,0.4986,3192.2735,3192.2463,11.4079,1.1906,"day,code,turnover_ratio,market_cap,circulating_market_cap,pe_ratio,pb_ratio"
2019-10-24,000001.XSHE,0.5716,3273.7784,3273.7505,11.6992,1.221,"day,code,turnover_ratio,market_cap,circulating_market_cap,pe_ratio,pb_ratio"
2019-10-25,000001.XSHE,0.3563,3275.719,3275.6911,11.7061,1.2217,"day,code,turnover_ratio,market_cap,circulating_market_cap,pe_ratio,pb_ratio"
2019-10-28,000001.XSHE,0.5515,3233.026,3232.9984,11.5535,1.2058,"day,code,turnover_ratio,market_cap,circulating_market_cap,pe_ratio,pb_ratio"
2019-10-29,000001.XSHE,0.4065,3281.5408,3281.5128,11.7269,1.2239,"day,code,turnover_ratio,market_cap,circulating_market_cap,pe_ratio,pb_ratio"
2019-10-30,000001.XSHE,0.4402,3188.3924,3188.3652,11.394,1.1892,"day,code,turnover_ratio,market_cap,circulating_market_cap,pe_ratio,pb_ratio"
2019-10-31,000001.XSHE,0.4445,3155.4023,3155.3754,11.2761,1.1769,"day,code,turnover_ratio,market_cap,circulating_market_cap,pe_ratio,pb_ratio"
2019-11-01,000001.XSHE,0.6465,3271.8378,3271.8099,11.6922,1.2203,"day,code,turnover_ratio,market_cap,circulating_market_cap,pe_ratio,pb_ratio"
2019-11-04,000001.XSHE,0.4585,3283.4814,3283.4534,11.7338,1.2246,"day,code,turnover_ratio,market_cap,circulating_market_cap,pe_ratio,pb_ratio"
2019-11-05,000001.XSHE,0.6042,3328.115,3328.0866,11.8933,1.2413,"day,code,turnover_ratio,market_cap,circulating_market_cap,pe_ratio,pb_ratio"
2019-11-06,000001.XSHE,0.4449,3291.2437,3291.2157,11.7616,1.2275,"day,code,turnover_ratio,market_cap,circulating_market_cap,pe_ratio,pb_ratio"
2019-11-07,000001.XSHE,0.3668,3277.6596,3277.6316,11.713,1.2225,"day,code,turnover_ratio,market_cap,circulating_market_cap,pe_ratio,pb_ratio"
2019-11-08,000001.XSHE,0.4376,3231.0854,3231.0578,11.5466,1.2051,"day,code,turnover_ratio,market_cap,circulating_market_cap,pe_ratio,pb_ratio"
2019-11-11,000001.XSHE,0.4914,3159.2835,3159.2565,11.29,1.1783,"day,code,turnover_ratio,market_cap,circulating_market_cap,pe_ratio,pb_ratio"
2019-11-12,000001.XSHE,0.266,3168.9864,3168.9594,11.3247,1.1819,"day,code,turnover_ratio,market_cap,circulating_market_cap,pe_ratio,pb_ratio"
2019-11-13,000001.XSHE,0.3376,3168.9864,3168.9594,11.3247,1.1819,"day,code,turnover_ratio,market_cap,circulating_market_cap,pe_ratio,pb_ratio"
2019-11-14,000001.XSHE,0.2416,3167.0458,3167.0188,11.3177,1.1812,"day,code,turnover_ratio,market_cap,circulating_market_cap,pe_ratio,pb_ratio"
2019-11-15,000001.XSHE,0.2933,3170.927,3170.9,11.3316,1.1827,"day,code,turnover_ratio,market_cap,circulating_market_cap,pe_ratio,pb_ratio"
2019-11-18,000001.XSHE,0.2875,3192.2735,3192.2463,11.4079,1.1906,"day,code,turnover_ratio,market_cap,circulating_market_cap,pe_ratio,pb_ratio"
2019-11-19,000001.XSHE,0.2897,3184.5112,3184.484,11.3802,1.1877,"day,code,turnover_ratio,market_cap,circulating_market_cap,pe_ratio,pb_ratio"
2019-11-20,000001.XSHE,0.8886,3075.838,3075.8118,10.9918,1.1472,"day,code,turnover_ratio,market_cap,circulating_market_cap,pe_ratio,pb_ratio"
2019-11-21,000001.XSHE,0.3981,3077.7786,3077.7524,10.9987,1.1479,"day,code,turnover_ratio,market_cap,circulating_market_cap,pe_ratio,pb_ratio"
2019-11-22,000001.XSHE,0.3986,3025.3826,3025.3568,10.8115,1.1284,"day,code,turnover_ratio,market_cap,circulating_market_cap,pe_ratio,pb_ratio"
2019-11-25,000001.XSHE,0.4036,3066.1351,3066.1089,10.9571,1.1436,"day,code,turnover_ratio,market_cap,circulating_market_cap,pe_ratio,pb_ratio"
2019-11-26,000001.XSHE,0.4201,3031.2044,3031.1786,10.8323,1.1305,"day,code,turnover_ratio,market_cap,circulating_market_cap,pe_ratio,pb_ratio"
2019-11-27,000001.XSHE,0.2454,3002.0955,3002.0699,10.7283,1.1197,"day,code,turnover_ratio,market_cap,circulating_market_cap,pe_ratio,pb_ratio"
2019-11-28,000001.XSHE,0.1948,3005.9767,3005.9511,10.7422,1.1211,"day,code,turnover_ratio,market_cap,circulating_market_cap,pe_ratio,pb_ratio"
2019-11-29,000001.XSHE,0.3369,2967.1649,2967.1396,10.6035,1.1067,"day,code,turnover_ratio,market_cap,circulating_market_cap,pe_ratio,pb_ratio"
2019-12-02,000001.XSHE,0.2854,2980.749,2980.7236,10.652,1.1117,"day,code,turnover_ratio,market_cap,circulating_market_cap,pe_ratio,pb_ratio"
2019-12-03,000001.XSHE,0.2347,2998.2144,2998.1888,10.7144,1.1182,"day,code,turnover_ratio,market_cap,circulating_market_cap,pe_ratio,pb_ratio"
2019-12-04,000001.XSHE,0.2703,2971.0461,2971.0207,10.6173,1.1081,"day,code,turnover_ratio,market_cap,circulating_market_cap,pe_ratio,pb_ratio"
2019-12-05,000001.XSHE,0.2871,2994.3332,2994.3076,10.7005,1.1168,"day,code,turnover_ratio,market_cap,circulating_market_cap,pe_ratio,pb_ratio"
2019-12-06,000001.XSHE,0.3672,3027.3232,3027.2974,10.8184,1.1291,"day,code,turnover_ratio,market_cap,circulating_market_cap,pe_ratio,pb_ratio"
2019-12-09,000001.XSHE,0.3123,2990.452,2990.4265,10.6867,1.1153,"day,code,turnover_ratio,market_cap,circulating_market_cap,pe_ratio,pb_ratio"
2019-12-10,000001.XSHE,0.2867,2974.9273,2974.9019,10.6312,1.1096,"day,code,turnover_ratio,market_cap,circulating_market_cap,pe_ratio,pb_ratio"
2019-12-11,000001.XSHE,0.4491,3038.9668,3038.9409,10.86,1.1334,"day,code,turnover_ratio,market_cap,circulating_market_cap,pe_ratio,pb_ratio"
2019-12-12,000001.XSHE,0.2468,3027.3232,3027.2974,10.8184,1.1291,"day,code,turnover_ratio,market_cap,circulating_market_cap,pe_ratio,pb_ratio"
2019-12-13,000001.XSHE,0.5427,3128.234,3128.2073,11.1791,1.1667,"day,code,turnover_ratio,market_cap,circulating_market_cap,pe_ratio,pb_ratio"
2019-12-16,000001.XSHE,0.406,3130.1746,3130.1479,11.186,1.1675,"day,code,turnover_ratio,market_cap,circulating_market_cap,pe_ratio,pb_ratio"
2019-12-17,000001.XSHE,0.62,3201.9765,3201.9492,11.4426,1.1942,"day,code,turnover_ratio,market_cap,circulating_market_cap,pe_ratio,pb_ratio"
2019-12-18,000001.XSHE,0.4108,3194.2141,3194.1869,11.4148,1.1913,"day,code,turnover_ratio,market_cap,circulating_market_cap,pe_ratio,pb_ratio"
2019-12-19,000001.XSHE,0.3481,3211.6795,3211.6521,11.4773,1.1979,"day,code,turnover_ratio,market_cap,circulating_market_cap,pe_ratio,pb_ratio"
2019-12-20,000001.XSHE,0.3321,3219.4418,3219.4144,11.505,1.2007,"day,code,turnover_ratio,market_cap,circulating_market_cap,pe_ratio,pb_ratio"
2019-12-23,000001.XSHE,0.3689,3151.5211,3151.4942,11.2623,1.1754,"day,code,turnover_ratio,market_cap,circulating_market_cap,pe_ratio,pb_ratio"
2019-12-24,000001.XSHE,0.2366,3182.5706,3182.5434,11.3732,1.187,"day,code,turnover_ratio,market_cap,circulating_market_cap,pe_ratio,pb_ratio"
2019-12-25,000001.XSHE,0.2138,3163.1647,3163.1377,11.3039,1.1798,"day,code,turnover_ratio,market_cap,circulating_market_cap,pe_ratio,pb_ratio"
2019-12-26,000001.XSHE,0.1917,3196.1547,3196.1275,11.4218,1.1921,"day,code,turnover_ratio,market_cap,circulating_market_cap,pe_ratio,pb_ratio"
2019-12-27,000001.XSHE,0.5373,3227.2042,3227.1767,11.5327,1.2036,"day,code,turnover_ratio,market_cap,circulating_market_cap,pe_ratio,pb_ratio"
2019-12-30,000001.XSHE,0.5034,3215.5606,3215.5332,11.4911,1.1993,"day,code,turnover_ratio,market_cap,circulating_market_cap,pe_ratio,pb_ratio"
2019-12-31,000001.XSHE,0.363,3192.2735,3192.2463,11.4079,1.1906,"day,code,turnover_ratio,market_cap,circulating_market_cap,pe_ratio,pb_ratio"
2020-01-02,000001.XSHE,0.7885,3273.7784,3273.7505,11.6992,1.221,"day,code,turnover_ratio,market_cap,circulating_market_cap,pe_ratio,pb_ratio"
2020-01-03,000001.XSHE,0.5752,3333.9367,3333.9083,11.9142,1.2434,"day,code,turnover_ratio,market_cap,circulating_market_cap,pe_ratio,pb_ratio"
2020-01-06,000001.XSHE,0.4442,3312.5902,3312.562,11.8379,1.2355,"day,code,turnover_ratio,market_cap,circulating_market_cap,pe_ratio,pb_ratio"
2020-01-07,000001.XSHE,0.3755,3328.115,3328.0866,11.8933,1.2413,"day,code,turnover_ratio,market_cap,circulating_market_cap,pe_ratio,pb_ratio"
2020-01-08,000001.XSHE,0.4369,3233.026,3232.9984,11.5535,1.2058,"day,code,turnover_ratio,market_cap,circulating_market_cap,pe_ratio,pb_ratio"
2020-01-09,000001.XSHE,0.5316,3258.2537,3258.2259,11.6437,1.2152,"day,code,turnover_ratio,market_cap,circulating_market_cap,pe_ratio,pb_ratio"
2020-01-10,000001.XSHE,0.3017,3238.8477,3238.8201,11.5743,1.208,"day,code,turnover_ratio,market_cap,circulating_market_cap,pe_ratio,pb_ratio"
2020-01-13,000001.XSHE,0.4494,3297.0655,3297.0374,11.7824,1.2297,"day,code,turnover_ratio,market_cap,circulating_market_cap,pe_ratio,pb_ratio"
2020-01-14,000001.XSHE,0.6722,3252.4319,3252.4041,11.5355,1.1912,"day,code,turnover_ratio,market_cap,circulating_market_cap,pe_ratio,pb_ratio"
2020-01-15,000001.XSHE,0.4429,3205.8577,3205.8303,11.3703,1.1742,"day,code,turnover_ratio,market_cap,circulating_market_cap,pe_ratio,pb_ratio"
2020-01-16,000001.XSHE,0.5298,3168.9864,3168.9594,11.2395,1.1607,"day,code,turnover_ratio,market_cap,circulating_market_cap,pe_ratio,pb_ratio"
2020-01-17,000001.XSHE,0.312,3180.63,3180.6029,11.2808,1.1649,"day,code,turnover_ratio,market_cap,circulating_market_cap,pe_ratio,pb_ratio"
2020-01-20,000001.XSHE,0.3845,3192.2735,3192.2463,11.3221,1.1692,"day,code,turnover_ratio,market_cap,circulating_market_cap,pe_ratio,pb_ratio"
2020-01-21,000001.XSHE,0.462,3104.9469,3104.9204,11.0124,1.1372,"day,code,turnover_ratio,market_cap,circulating_market_cap,pe_ratio,pb_ratio"
2020-01-22,000001.XSHE,0.3707,3122.4122,3122.3856,11.0743,1.1436,"day,code,turnover_ratio,market_cap,circulating_market_cap,pe_ratio,pb_ratio"
2020-01-23,000001.XSHE,0.5671,3015.6797,3015.654,10.6958,1.1045,"day,code,turnover_ratio,market_cap,circulating_market_cap,pe_ratio,pb_ratio"
2020-02-03,000001.XSHE,1.1642,2714.888,2714.8648,9.629,0.9943,"day,code,turnover_ratio,market_cap,circulating_market_cap,pe_ratio,pb_ratio"
2020-02-04,000001.XSHE,0.8792,2833.2641,2833.2399,10.0488,1.0377,"day,code,turnover_ratio,market_cap,circulating_market_cap,pe_ratio,pb_ratio"
2020-02-05,000001.XSHE,0.7685,2839.0858,2839.0616,10.0695,1.0398,"day,code,turnover_ratio,market_cap,circulating_market_cap,pe_ratio,pb_ratio"
2020-02-06,000001.XSHE,0.6111,2866.2541,2866.2297,10.1658,1.0498,"day,code,turnover_ratio,market_cap,circulating_market_cap,pe_ratio,pb_ratio"
2020-02-07,000001.XSHE,0.4766,2837.1452,2837.121,10.0626,1.0391,"day,code,turnover_ratio,market_cap,circulating_market_cap,pe_ratio,pb_ratio"
2020-02-10,000001.XSHE,0.6903,2813.8581,2813.8341,9.98,1.0306,"day,code,turnover_ratio,market_cap,circulating_market_cap,pe_ratio,pb_ratio"
2020-02-11,000001.XSHE,0.7253,2870.1353,2870.1108,10.1796,1.0512,"day,code,turnover_ratio,market_cap,circulating_market_cap,pe_ratio,pb_ratio"
2020-02-12,000001.XSHE,0.5516,2866.2541,2866.2297,10.1658,1.0498,"day,code,turnover_ratio,market_cap,circulating_market_cap,pe_ratio,pb_ratio"
2020-02-13,000001.XSHE,0.5221,2842.967,2842.9428,10.0832,1.0412,"day,code,turnover_ratio,market_cap,circulating_market_cap,pe_ratio,pb_ratio"
2020-02-14,000001.XSHE,0.7794,2916.7095,2916.6846,10.3448,1.0683,"day,code,turnover_ratio,market_cap,circulating_market_cap,pe_ratio,pb_ratio"
2020-02-17,000001.XSHE,0.7955,2982.6896,2982.6642,10.5788,1.0924,"day,code,turnover_ratio,market_cap,circulating_market_cap,pe_ratio,pb_ratio"
2020-02-18,000001.XSHE,0.5017,2949.6996,2949.6744,10.4618,1.0803,"day,code,turnover_ratio,market_cap,circulating_market_cap,pe_ratio,pb_ratio"
2020-02-19,000001.XSHE,0.4504,2957.4619,2957.4367,10.4893,1.0832,"day,code,turnover_ratio,market_cap,circulating_market_cap,pe_ratio,pb_ratio"
2020-02-20,000001.XSHE,0.6366,3025.3826,3025.3568,10.7302,1.1081,"day,code,turnover_ratio,market_cap,circulating_market_cap,pe_ratio,pb_ratio"
2020-02-21,000001.XSHE,0.5128,3023.4421,3023.4163,10.7233,1.1073,"day,code,turnover_ratio,market_cap,circulating_market_cap,pe_ratio,pb_ratio"
2020-02-24,000001.XSHE,0.6141,2955.5213,2955.4961,10.4824,1.0825,"day,code,turnover_ratio,market_cap,circulating_market_cap,pe_ratio,pb_ratio"
2020-02-25,000001.XSHE,0.5898,2918.6501,2918.6252,10.3517,1.069,"day,code,turnover_ratio,market_cap,circulating_market_cap,pe_ratio,pb_ratio"
2020-02-26,000001.XSHE,0.6063,2908.9471,2908.9223,10.3172,1.0654,"day,code,turnover_ratio,market_cap,circulating_market_cap,pe_ratio,pb_ratio"
2020-02-27,000001.XSHE,0.5026,2932.2342,2932.2092,10.3998,1.0739,"day,code,turnover_ratio,market_cap,circulating_market_cap,pe_ratio,pb_ratio"
2020-02-28,000001.XSHE,0.6702,2813.8581,2813.8341,9.98,1.0306,"day,code,turnover_ratio,market_cap,circulating_market_cap,pe_ratio,pb_ratio"
2020-03-02,000001.XSHE,0.5754,2870.1353,2870.1108,10.1796,1.0512,"day,code,turnover_ratio,market_cap,circulating_market_cap,pe_ratio,pb_ratio"
2020-03-03,000001.XSHE,0.5945,2856.5512,2856.5268,10.1314,1.0462,"day,code,turnover_ratio,market_cap,circulating_market_cap,pe_ratio,pb_ratio"
2020-03-04,000001.XSHE,0.4445,2850.7294,2850.7051,10.1108,1.0441,"day,code,turnover_ratio,market_cap,circulating_market_cap,pe_ratio,pb_ratio"
2020-03-05,000001.XSHE,1.3844,2986.5708,2986.5453,10.5926,1.0938,"day,code,turnover_ratio,market_cap,circulating_market_cap,pe_ratio,pb_ratio"
2020-03-06,000001.XSHE,0.6331,2916.7095,2916.6846,10.3448,1.0683,"day,code,turnover_ratio,market_cap,circulating_market_cap,pe_ratio,pb_ratio"
2020-03-09,000001.XSHE,0.8584,2804.1552,2804.1313,9.9456,1.027,"day,code,turnover_ratio,market_cap,circulating_market_cap,pe_ratio,pb_ratio"
2020-03-10,000001.XSHE,0.6018,2864.3135,2864.2891,10.1589,1.0491,"day,code,turnover_ratio,market_cap,circulating_market_cap,pe_ratio,pb_ratio"
2020-03-11,000001.XSHE,0.4197,2850.7294,2850.7051,10.1108,1.0441,"day,code,turnover_ratio,market_cap,circulating_market_cap,pe_ratio,pb_ratio"
2020-03-12,000001.XSHE,0.5084,2848.7888,2848.7645,10.1039,1.0434,"day,code,turnover_ratio,market_cap,circulating_market_cap,pe_ratio,pb_ratio"
2020-03-13,000001.XSHE,0.6028,2817.7393,2817.7153,9.9938,1.032,"day,code,turnover_ratio,market_cap,circulating_market_cap,pe_ratio,pb_ratio"
2020-03-16,000001.XSHE,0.7246,2668.3138,2668.291,9.4638,0.9773,"day,code,turnover_ratio,market_cap,circulating_market_cap,pe_ratio,pb_ratio"
2020-03-17,000001.XSHE,0.607,2602.3336,2602.3114,9.2298,0.9531,"day,code,turnover_ratio,market_cap,circulating_market_cap,pe_ratio,pb_ratio"
2020-03-18,000001.XSHE,0.7136,2466.4922,2466.4712,8.748,0.9034,"day,code,turnover_ratio,market_cap,circulating_market_cap,pe_ratio,pb_ratio"
2020-03-19,000001.XSHE,0.9747,2373.3438,2373.3236,8.4176,0.8692,"day,code,turnover_ratio,market_cap,circulating_market_cap,pe_ratio,pb_ratio"
2020-03-20,000001.XSHE,0.8133,2429.621,2429.6002,8.6172,0.8899,"day,code,turnover_ratio,market_cap,circulating_market_cap,pe_ratio,pb_ratio"
2020-03-23,000001.XSHE,0.552,2357.8191,2357.799,8.3625,0.8636,"day,code,turnover_ratio,market_cap,circulating_market_cap,pe_ratio,pb_ratio"
2020-03-24,000001.XSHE,0.6082,2447.0863,2447.0654,8.6791,0.8963,"day,code,turnover_ratio,market_cap,circulating_market_cap,pe_ratio,pb_ratio"
2020-03-25,000001.XSHE,0.5859,2497.5417,2497.5204,8.8581,0.9147,"day,code,turnover_ratio,market_cap,circulating_market_cap,pe_ratio,pb_ratio"
2020-03-26,000001.XSHE,0.5541,2534.4129,2534.3913,8.9889,0.9282,"day,code,turnover_ratio,market_cap,circulating_market_cap,pe_ratio,pb_ratio"
2020-03-27,000001.XSHE,0.3365,2551.8782,2551.8565,9.0508,0.9346,"day,code,turnover_ratio,market_cap,circulating_market_cap,pe_ratio,pb_ratio"
2020-03-30,000001.XSHE,0.341,2511.1258,2511.1044,8.9063,0.9197,"day,code,turnover_ratio,market_cap,circulating_market_cap,pe_ratio,pb_ratio"
2020-03-31,000001.XSHE,0.2645,2483.9575,2483.9363,8.8099,0.9098,"day,code,turnover_ratio,market_cap,circulating_market_cap,pe_ratio,pb_ratio"
2020-04-01,000001.XSHE,0.2684,2501.4229,2501.4015,8.8719,0.9162,"day,code,turnover_ratio,market_cap,circulating_market_cap,pe_ratio,pb_ratio"
2020-04-02,000001.XSHE,0.2671,2516.9476,2516.9261,8.9269,0.9218,"day,code,turnover_ratio,market_cap,circulating_market_cap,pe_ratio,pb_ratio"
2020-04-03,000001.XSHE,0.4253,2447.0863,2447.0654,8.6791,0.8963,"day,code,turnover_ratio,market_cap,circulating_market_cap,pe_ratio,pb_ratio"
2020-04-07,000001.XSHE,0.4485,2499.4823,2499.4609,8.865,0.9154,"day,code,turnover_ratio,market_cap,circulating_market_cap,pe_ratio,pb_ratio"
2020-04-08,000001.XSHE,0.2725,2480.0763,2480.0552,8.7962,0.9083,"day,code,turnover_ratio,market_cap,circulating_market_cap,pe_ratio,pb_ratio"
2020-04-09,000001.XSHE,0.2105,2472.314,2472.2929,8.7686,0.9055,"day,code,turnover_ratio,market_cap,circulating_market_cap,pe_ratio,pb_ratio"
2020-04-10,000001.XSHE,0.3435,2482.0169,2481.9958,8.803,0.909,"day,code,turnover_ratio,market_cap,circulating_market_cap,pe_ratio,pb_ratio"
2020-04-13,000001.XSHE,0.2299,2443.2051,2443.1843,8.6654,0.8948,"day,code,turnover_ratio,market_cap,circulating_market_cap,pe_ratio,pb_ratio"
2020-04-14,000001.XSHE,0.3535,2495.6011,2495.5798,8.8512,0.914,"day,code,turnover_ratio,market_cap,circulating_market_cap,pe_ratio,pb_ratio"
2020-04-15,000001.XSHE,0.3382,2497.5417,2497.5204,8.8581,0.9147,"day,code,turnover_ratio,market_cap,circulating_market_cap,pe_ratio,pb_ratio"
2020-04-16,000001.XSHE,0.4067,2460.6704,2460.6494,8.7273,0.9012,"day,code,turnover_ratio,market_cap,circulating_market_cap,pe_ratio,pb_ratio"
2020-04-17,000001.XSHE,0.686,2501.4229,2501.4015,8.8719,0.9162,"day,code,turnover_ratio,market_cap,circulating_market_cap,pe_ratio,pb_ratio"
2020-04-20,000001.XSHE,0.4218,2520.8288,2520.8073,8.9407,0.9233,"day,code,turnover_ratio,market_cap,circulating_market_cap,pe_ratio,pb_ratio"
2020-04-21,000001.XSHE,1.0937,2610.096,2610.0737,8.9091,0.9242,"day,code,turnover_ratio,market_cap,circulating_market_cap,pe_ratio,pb_ratio"
2020-04-22,000001.XSHE,0.5322,2567.403,2567.3811,8.7634,0.9091,"day,code,turnover_ratio,market_cap,circulating_market_cap,pe_ratio,pb_ratio"
2020-04-23,000001.XSHE,0.3334,2567.403,2567.3811,8.7634,0.9091,"day,code,turnover_ratio,market_cap,circulating_market_cap,pe_ratio,pb_ratio"
2020-04-24,000001.XSHE,0.2917,2569.3436,2569.3217,8.77,0.9098,"day,code,turnover_ratio,market_cap,circulating_market_cap,pe_ratio,pb_ratio"
2020-04-27,000001.XSHE,0.4828,2619.799,2619.7766,8.9422,0.9277,"day,code,turnover_ratio,market_cap,circulating_market_cap,pe_ratio,pb_ratio"
2020-04-28,000001.XSHE,0.3976,2623.6801,2623.6578,8.9555,0.929,"day,code,turnover_ratio,market_cap,circulating_market_cap,pe_ratio,pb_ratio"
2020-04-29,000001.XSHE,0.5713,2720.7097,2720.6865,9.2866,0.9634,"day,code,turnover_ratio,market_cap,circulating_market_cap,pe_ratio,pb_ratio"
2020-04-30,000001.XSHE,0.4223,2703.2444,2703.2213,9.227,0.9572,"day,code,turnover_ratio,market_cap,circulating_market_cap,pe_ratio,pb_ratio"
2020-05-06,000001.XSHE,0.5199,2672.1949,2672.1721,9.1211,0.9462,"day,code,turnover_ratio,market_cap,circulating_market_cap,pe_ratio,pb_ratio"
2020-05-07,000001.XSHE,0.3415,2656.6702,2656.6475,9.0681,0.9407,"day,code,turnover_ratio,market_cap,circulating_market_cap,pe_ratio,pb_ratio"
2020-05-08,000001.XSHE,0.4817,2707.1256,2707.1025,9.2403,0.9586,"day,code,turnover_ratio,market_cap,circulating_market_cap,pe_ratio,pb_ratio"
2020-05-11,000001.XSHE,0.3158,2716.8285,2716.8054,9.2734,0.962,"day,code,turnover_ratio,market_cap,circulating_market_cap,pe_ratio,pb_ratio"
2020-05-12,000001.XSHE,0.2878,2676.0761,2676.0533,9.1343,0.9476,"day,code,turnover_ratio,market_cap,circulating_market_cap,pe_ratio,pb_ratio"
2020-05-13,000001.XSHE,0.33,2645.0267,2645.0041,9.0283,0.9366,"day,code,turnover_ratio,market_cap,circulating_market_cap,pe_ratio,pb_ratio"
2020-05-14,000001.XSHE,0.4868,2580.9871,2580.9651,8.8097,0.9139,"day,code,turnover_ratio,market_cap,circulating_market_cap,pe_ratio,pb_ratio"
2020-05-15,000001.XSHE,0.39,2567.403,2567.3811,8.7634,0.9091,"day,code,turnover_ratio,market_cap,circulating_market_cap,pe_ratio,pb_ratio"
2020-05-18,000001.XSHE,0.3284,2561.5812,2561.5594,8.7435,0.907,"day,code,turnover_ratio,market_cap,circulating_market_cap,pe_ratio,pb_ratio"
2020-05-19,000001.XSHE,0.3094,2592.6307,2592.6086,8.8495,0.918,"day,code,turnover_ratio,market_cap,circulating_market_cap,pe_ratio,pb_ratio"
2020-05-20,000001.XSHE,0.356,2621.7395,2621.7172,8.9488,0.9283,"day,code,turnover_ratio,market_cap,circulating_market_cap,pe_ratio,pb_ratio"
2020-05-21,000001.XSHE,0.2846,2600.393,2600.3709,8.876,0.9208,"day,code,turnover_ratio,market_cap,circulating_market_cap,pe_ratio,pb_ratio"
2020-05-22,000001.XSHE,0.4412,2507.2446,2507.2232,8.558,0.8878,"day,code,turnover_ratio,market_cap,circulating_market_cap,pe_ratio,pb_ratio"
2020-05-25,000001.XSHE,0.2114,2515.007,2514.9855,8.5845,0.8905,"day,code,turnover_ratio,market_cap,circulating_market_cap,pe_ratio,pb_ratio"
2020-05-26,000001.XSHE,0.2042,2530.5317,2530.5101,8.6375,0.896,"day,code,turnover_ratio,market_cap,circulating_market_cap,pe_ratio,pb_ratio"
2020-05-27,000001.XSHE,0.2489,2522.7694,2522.7478,8.611,0.8933,"day,code,turnover_ratio,market_cap,circulating_market_cap,pe_ratio,pb_ratio"
2020-05-28,000001.XSHE,0.4951,2536.3535,2536.3319,8.6574,0.8981,"day,code,turnover_ratio,market_cap,circulating_market_cap,pe_ratio,pb_ratio"
2020-05-29,000001.XSHE,0.2359,2522.7694,2522.7478,8.611,0.8933,"day,code,turnover_ratio,market_cap,circulating_market_cap,pe_ratio,pb_ratio"
2020-06-01,000001.XSHE,0.455,2584.8683,2584.8463,8.823,0.9153,"day,code,turnover_ratio,market_cap,circulating_market_cap,pe_ratio,pb_ratio"
2020-06-02,000001.XSHE,0.4553,2629.5019,2629.4795,8.9753,0.9311,"day,code,turnover_ratio,market_cap,circulating_market_cap,pe_ratio,pb_ratio"
2020-06-03,000001.XSHE,0.4931,2627.5613,2627.5389,8.9687,0.9304,"day,code,turnover_ratio,market_cap,circulating_market_cap,pe_ratio,pb_ratio"
2020-06-04,000001.XSHE,0.3005,2633.3831,2633.3606,8.9886,0.9325,"day,code,turnover_ratio,market_cap,circulating_market_cap,pe_ratio,pb_ratio"
2020-06-05,000001.XSHE,0.1974,2637.2643,2637.2418,9.0018,0.9338,"day,code,turnover_ratio,market_cap,circulating_market_cap,pe_ratio,pb_ratio"
2020-06-08,000001.XSHE,0.302,2643.0861,2643.0635,9.0217,0.9359,"day,code,turnover_ratio,market_cap,circulating_market_cap,pe_ratio,pb_ratio"
2020-06-09,000001.XSHE,0.2444,2652.789,2652.7664,9.0548,0.9393,"day,code,turnover_ratio,market_cap,circulating_market_cap,pe_ratio,pb_ratio"
2020-06-10,000001.XSHE,0.2991,2617.8584,2617.836,8.9356,0.927,"day,code,turnover_ratio,market_cap,circulating_market_cap,pe_ratio,pb_ratio"
2020-06-11,000001.XSHE,0.6952,2538.2941,2538.2725,8.664,0.8988,"day,code,turnover_ratio,market_cap,circulating_market_cap,pe_ratio,pb_ratio"
2020-06-12,000001.XSHE,0.5311,2520.8288,2520.8073,8.6044,0.8926,"day,code,turnover_ratio,market_cap,circulating_market_cap,pe_ratio,pb_ratio"
2020-06-15,000001.XSHE,0.3403,2487.8387,2487.8175,8.4918,0.8809,"day,code,turnover_ratio,market_cap,circulating_market_cap,pe_ratio,pb_ratio"
2020-06-16,000001.XSHE,0.37,2501.4229,2501.4015,8.5382,0.8857,"day,code,turnover_ratio,market_cap,circulating_market_cap,pe_ratio,pb_ratio"
2020-06-17,000001.XSHE,0.3692,2493.6605,2493.6392,8.5117,0.883,"day,code,turnover_ratio,market_cap,circulating_market_cap,pe_ratio,pb_ratio"
2020-06-18,000001.XSHE,0.577,2476.1952,2476.174,8.452,0.8768,"day,code,turnover_ratio,market_cap,circulating_market_cap,pe_ratio,pb_ratio"
2020-06-19,000001.XSHE,0.7933,2483.9575,2483.9363,8.4785,0.8796,"day,code,turnover_ratio,market_cap,circulating_market_cap,pe_ratio,pb_ratio"
2020-06-22,000001.XSHE,0.6797,2452.9081,2452.8871,8.3726,0.8686,"day,code,turnover_ratio,market_cap,circulating_market_cap,pe_ratio,pb_ratio"
2020-06-23,000001.XSHE,0.5106,2445.1457,2445.1248,8.3461,0.8658,"day,code,turnover_ratio,market_cap,circulating_market_cap,pe_ratio,pb_ratio"
2020-06-24,000001.XSHE,0.7849,2483.9575,2483.9363,8.4785,0.8796,"day,code,turnover_ratio,market_cap,circulating_market_cap,pe_ratio,pb_ratio"
2020-06-29,000001.XSHE,0.5351,2483.9575,2483.9363,8.4785,0.8796,"day,code,turnover_ratio,market_cap,circulating_market_cap,pe_ratio,pb_ratio"
2020-06-30,000001.XSHE,0.4833,2483.9575,2483.9363,8.4785,0.8796,"day,code,turnover_ratio,market_cap,circulating_market_cap,pe_ratio,pb_ratio"
2020-07-01,000001.XSHE,0.8747,2546.0565,2546.0348,8.6905,0.9015,"day,code,turnover_ratio,market_cap,circulating_market_cap,pe_ratio,pb_ratio"
2020-07-02,000001.XSHE,1.3349,2606.2148,2606.1926,8.8958,0.9228,"day,code,turnover_ratio,market_cap,circulating_market_cap,pe_ratio,pb_ratio"
2020-07-03,000001.XSHE,1.9419,2765.3433,2765.3198,9.439,0.9792,"day,code,turnover_ratio,market_cap,circulating_market_cap,pe_ratio,pb_ratio"
2020-07-06,000001.XSHE,2.4279,3042.848,3042.822,10.3862,1.0775,"day,code,turnover_ratio,market_cap,circulating_market_cap,pe_ratio,pb_ratio"
2020-07-07,000001.XSHE,2.0429,3004.0361,3004.0105,10.2537,1.0637,"day,code,turnover_ratio,market_cap,circulating_market_cap,pe_ratio,pb_ratio"
2020-07-08,000001.XSHE,1.356,3058.3727,3058.3466,10.4392,1.083,"day,code,turnover_ratio,market_cap,circulating_market_cap,pe_ratio,pb_ratio"
2020-07-09,000001.XSHE,1.1564,3013.7391,3013.7134,10.2869,1.0671,"day,code,turnover_ratio,market_cap,circulating_market_cap,pe_ratio,pb_ratio"
2020-07-10,000001.XSHE,1.1124,2883.7194,2883.6948,9.8431,1.0211,"day,code,turnover_ratio,market_cap,circulating_market_cap,pe_ratio,pb_ratio"
2020-07-13,000001.XSHE,0.9982,2889.5412,2889.5166,9.8629,1.0232,"day,code,turnover_ratio,market_cap,circulating_market_cap,pe_ratio,pb_ratio"
2020-07-14,000001.XSHE,1.0067,2848.7888,2848.7645,9.7238,1.0087,"day,code,turnover_ratio,market_cap,circulating_market_cap,pe_ratio,pb_ratio"
2020-07-15,000001.XSHE,1.0526,2769.2245,2769.2009,9.4522,0.9806,"day,code,turnover_ratio,market_cap,circulating_market_cap,pe_ratio,pb_ratio"
2020-07-16,000001.XSHE,0.995,2745.9374,2745.914,9.3728,0.9723,"day,code,turnover_ratio,market_cap,circulating_market_cap,pe_ratio,pb_ratio"
2020-07-17,000001.XSHE,0.6654,2743.9968,2743.9734,9.3661,0.9716,"day,code,turnover_ratio,market_cap,circulating_market_cap,pe_ratio,pb_ratio"
2020-07-20,000001.XSHE,1.0201,2858.4918,2858.4674,9.7569,1.0122,"day,code,turnover_ratio,market_cap,circulating_market_cap,pe_ratio,pb_ratio"
2020-07-21,000001.XSHE,0.6456,2811.9175,2811.8936,9.598,0.9957,"day,code,turnover_ratio,market_cap,circulating_market_cap,pe_ratio,pb_ratio"
2020-07-22,000001.XSHE,0.6766,2796.3928,2796.369,9.545,0.9902,"day,code,turnover_ratio,market_cap,circulating_market_cap,pe_ratio,pb_ratio"
2020-07-23,000001.XSHE,1.0448,2718.7691,2718.746,9.28,0.9627,"day,code,turnover_ratio,market_cap,circulating_market_cap,pe_ratio,pb_ratio"
2020-07-24,000001.XSHE,0.9435,2619.799,2619.7766,8.9422,0.9277,"day,code,turnover_ratio,market_cap,circulating_market_cap,pe_ratio,pb_ratio"
2020-07-27,000001.XSHE,0.9691,2569.3436,2569.3217,8.77,0.9098,"day,code,turnover_ratio,market_cap,circulating_market_cap,pe_ratio,pb_ratio"
2020-07-28,000001.XSHE,0.6271,2588.7495,2588.7274,8.8362,0.9167,"day,code,turnover_ratio,market_cap,circulating_market_cap,pe_ratio,pb_ratio"
2020-07-29,000001.XSHE,0.7831,2627.5613,2627.5389,8.9687,0.9304,"day,code,turnover_ratio,market_cap,circulating_market_cap,pe_ratio,pb_ratio"
2020-07-30,000001.XSHE,0.4968,2594.5713,2594.5491,8.8561,0.9187,"day,code,turnover_ratio,market_cap,circulating_market_cap,pe_ratio,pb_ratio"
2020-07-31,000001.XSHE,0.6008,2588.7495,2588.7274,8.8362,0.9167,"day,code,turnover_ratio,market_cap,circulating_market_cap,pe_ratio,pb_ratio"
2020-08-03,000001.XSHE,0.7447,2637.2643,2637.2418,9.0018,0.9338,"day,code,turnover_ratio,market_cap,circulating_market_cap,pe_ratio,pb_ratio"
2020-08-04,000001.XSHE,1.2603,2724.5909,2724.5677,9.2999,0.9648,"day,code,turnover_ratio,market_cap,circulating_market_cap,pe_ratio,pb_ratio"
2020-08-05,000001.XSHE,0.7422,2670.2543,2670.2316,9.1144,0.9455,"day,code,turnover_ratio,market_cap,circulating_market_cap,pe_ratio,pb_ratio"
2020-08-06,000001.XSHE,0.697,2697.4226,2697.3996,9.2072,0.9551,"day,code,turnover_ratio,market_cap,circulating_market_cap,pe_ratio,pb_ratio"
2020-08-07,000001.XSHE,0.5095,2658.6108,2658.5881,9.0747,0.9414,"day,code,turnover_ratio,market_cap,circulating_market_cap,pe_ratio,pb_ratio"
2020-08-10,000001.XSHE,0.8182,2707.1256,2707.1025,9.2403,0.9586,"day,code,turnover_ratio,market_cap,circulating_market_cap,pe_ratio,pb_ratio"
2020-08-11,000001.XSHE,1.3415,2742.0562,2742.0329,9.3595,0.9709,"day,code,turnover_ratio,market_cap,circulating_market_cap,pe_ratio,pb_ratio"
2020-08-12,000001.XSHE,0.8229,2790.571,2790.5472,9.5251,0.9881,"day,code,turnover_ratio,market_cap,circulating_market_cap,pe_ratio,pb_ratio"
2020-08-13,000001.XSHE,0.4315,2751.7592,2751.7357,9.3926,0.9744,"day,code,turnover_ratio,market_cap,circulating_market_cap,pe_ratio,pb_ratio"
2020-08-14,000001.XSHE,0.5685,2808.0364,2808.0124,9.5847,0.9943,"day,code,turnover_ratio,market_cap,circulating_market_cap,pe_ratio,pb_ratio"
2020-08-17,000001.XSHE,1.6841,2947.759,2947.7338,10.0616,1.0438,"day,code,turnover_ratio,market_cap,circulating_market_cap,pe_ratio,pb_ratio"
2020-08-18,000001.XSHE,0.6958,2939.9966,2939.9715,10.0351,1.041,"day,code,turnover_ratio,market_cap,circulating_market_cap,pe_ratio,pb_ratio"
2020-08-19,000001.XSHE,0.7322,2930.2936,2930.2687,10.002,1.0376,"day,code,turnover_ratio,market_cap,circulating_market_cap,pe_ratio,pb_ratio"
2020-08-20,000001.XSHE,0.6873,2831.3235,2831.2993,9.6642,1.0026,"day,code,turnover_ratio,market_cap,circulating_market_cap,pe_ratio,pb_ratio"
2020-08-21,000001.XSHE,0.6362,2804.1552,2804.1313,9.5715,0.9929,"day,code,turnover_ratio,market_cap,circulating_market_cap,pe_ratio,pb_ratio"
2020-08-24,000001.XSHE,0.4738,2806.0958,2806.0718,9.5781,0.9936,"day,code,turnover_ratio,market_cap,circulating_market_cap,pe_ratio,pb_ratio"
2020-08-25,000001.XSHE,0.3856,2833.2641,2833.2399,9.6708,1.0032,"day,code,turnover_ratio,market_cap,circulating_market_cap,pe_ratio,pb_ratio"
2020-08-26,000001.XSHE,0.3783,2788.6304,2788.6067,9.5185,0.9874,"day,code,turnover_ratio,market_cap,circulating_market_cap,pe_ratio,pb_ratio"
2020-08-27,000001.XSHE,0.3229,2806.0958,2806.0718,9.5781,0.9936,"day,code,turnover_ratio,market_cap,circulating_market_cap,pe_ratio,pb_ratio"
2020-08-28,000001.XSHE,1.2421,2936.1154,2936.0904,11.0922,1.0432,"day,code,turnover_ratio,market_cap,circulating_market_cap,pe_ratio,pb_ratio"
2020-08-31,000001.XSHE,0.9261,2926.4125,2926.3875,11.0556,1.0398,"day,code,turnover_ratio,market_cap,circulating_market_cap,pe_ratio,pb_ratio"
2020-09-01,000001.XSHE,0.4193,2938.056,2938.031,11.0996,1.0439,"day,code,turnover_ratio,market_cap,circulating_market_cap,pe_ratio,pb_ratio"
2020-09-02,000001.XSHE,0.8654,2972.9867,2972.9613,11.2315,1.0563,"day,code,turnover_ratio,market_cap,circulating_market_cap,pe_ratio,pb_ratio"
2020-09-03,000001.XSHE,0.6595,2891.4818,2891.4571,10.9236,1.0273,"day,code,turnover_ratio,market_cap,circulating_market_cap,pe_ratio,pb_ratio"
2020-09-04,000001.XSHE,0.4689,2903.1254,2903.1006,10.9676,1.0315,"day,code,turnover_ratio,market_cap,circulating_market_cap,pe_ratio,pb_ratio"
2020-09-07,000001.XSHE,0.5315,2899.2442,2899.2195,10.9529,1.0301,"day,code,turnover_ratio,market_cap,circulating_market_cap,pe_ratio,pb_ratio"
2020-09-08,000001.XSHE,0.7254,2994.3332,2994.3076,11.3122,1.0639,"day,code,turnover_ratio,market_cap,circulating_market_cap,pe_ratio,pb_ratio"
2020-09-09,000001.XSHE,0.5223,2951.6402,2951.615,11.1509,1.0487,"day,code,turnover_ratio,market_cap,circulating_market_cap,pe_ratio,pb_ratio"
2020-09-10,000001.XSHE,0.4932,2976.8679,2976.8425,11.2462,1.0577,"day,code,turnover_ratio,market_cap,circulating_market_cap,pe_ratio,pb_ratio"
2020-09-11,000001.XSHE,0.4917,2912.8283,2912.8035,11.0043,1.0349,"day,code,turnover_ratio,market_cap,circulating_market_cap,pe_ratio,pb_ratio"
2020-09-14,000001.XSHE,0.3505,2969.1055,2969.0802,11.2169,1.0549,"day,code,turnover_ratio,market_cap,circulating_market_cap,pe_ratio,pb_ratio"
2020-09-15,000001.XSHE,0.3386,2978.8084,2978.783,11.2535,1.0584,"day,code,turnover_ratio,market_cap,circulating_market_cap,pe_ratio,pb_ratio"
2020-09-16,000001.XSHE,0.3723,2996.2738,2996.2482,11.3195,1.0646,"day,code,turnover_ratio,market_cap,circulating_market_cap,pe_ratio,pb_ratio"
2020-09-17,000001.XSHE,0.5092,3021.5015,3021.4757,11.4148,1.0735,"day,code,turnover_ratio,market_cap,circulating_market_cap,pe_ratio,pb_ratio"
2020-09-18,000001.XSHE,0.7076,3118.5311,3118.5045,11.7814,1.108,"day,code,turnover_ratio,market_cap,circulating_market_cap,pe_ratio,pb_ratio"
2020-09-21,000001.XSHE,0.4618,3077.7786,3077.7524,11.6274,1.0935,"day,code,turnover_ratio,market_cap,circulating_market_cap,pe_ratio,pb_ratio"
2020-09-22,000001.XSHE,0.4472,3021.5015,3021.4757,11.4148,1.0735,"day,code,turnover_ratio,market_cap,circulating_market_cap,pe_ratio,pb_ratio"
2020-09-23,000001.XSHE,0.3088,3033.145,3033.1191,11.4588,1.0777,"day,code,turnover_ratio,market_cap,circulating_market_cap,pe_ratio,pb_ratio"
2020-09-24,000001.XSHE,0.5468,2934.1748,2934.1498,11.0849,1.0425,"day,code,turnover_ratio,market_cap,circulating_market_cap,pe_ratio,pb_ratio"
2020-09-25,000001.XSHE,0.3164,2947.759,2947.7338,11.1362,1.0473,"day,code,turnover_ratio,market_cap,circulating_market_cap,pe_ratio,pb_ratio"
2020-09-28,000001.XSHE,0.3157,2971.0461,2971.0207,11.2242,1.0556,"day,code,turnover_ratio,market_cap,circulating_market_cap,pe_ratio,pb_ratio"
2020-09-29,000001.XSHE,0.6093,2872.0759,2872.0514,10.8503,1.0204,"day,code,turnover_ratio,market_cap,circulating_market_cap,pe_ratio,pb_ratio"
2020-09-30,000001.XSHE,0.6272,2943.8778,2943.8527,11.1216,1.046,"day,code,turnover_ratio,market_cap,circulating_market_cap,pe_ratio,pb_ratio"
2020-10-09,000001.XSHE,0.464,2945.8184,2945.7933,11.1289,1.0466,"day,code,turnover_ratio,market_cap,circulating_market_cap,pe_ratio,pb_ratio"
2020-10-12,000001.XSHE,0.82,3085.541,3085.5147,11.6567,1.0963,"day,code,turnover_ratio,market_cap,circulating_market_cap,pe_ratio,pb_ratio"
2020-10-13,000001.XSHE,0.4683,3116.5905,3116.5639,11.774,1.1073,"day,code,turnover_ratio,market_cap,circulating_market_cap,pe_ratio,pb_ratio"
2020-10-14,000001.XSHE,0.3414,3110.7687,3110.7422,11.7521,1.1053,"day,code,turnover_ratio,market_cap,circulating_market_cap,pe_ratio,pb_ratio"
2020-10-15,000001.XSHE,0.8245,3213.6201,3213.5926,12.1406,1.1418,"day,code,turnover_ratio,market_cap,circulating_market_cap,pe_ratio,pb_ratio"
2020-10-16,000001.XSHE,1.0799,3318.412,3318.3837,12.5365,1.179,"day,code,turnover_ratio,market_cap,circulating_market_cap,pe_ratio,pb_ratio"
2020-10-19,000001.XSHE,1.0389,3392.1545,3392.1256,12.8151,1.2052,"day,code,turnover_ratio,market_cap,circulating_market_cap,pe_ratio,pb_ratio"
2020-10-20,000001.XSHE,0.4947,3403.7981,3403.769,12.8591,1.2094,"day,code,turnover_ratio,market_cap,circulating_market_cap,pe_ratio,pb_ratio"
2020-10-21,000001.XSHE,0.6413,3475.5999,3475.5703,13.1303,1.2349,"day,code,turnover_ratio,market_cap,circulating_market_cap,pe_ratio,pb_ratio"
2020-10-22,000001.XSHE,0.9742,3407.6792,3407.6502,12.6341,1.1798,"day,code,turnover_ratio,market_cap,circulating_market_cap,pe_ratio,pb_ratio"
2020-10-23,000001.XSHE,0.8753,3518.293,3518.263,13.0442,1.2181,"day,code,turnover_ratio,market_cap,circulating_market_cap,pe_ratio,pb_ratio"
2020-10-26,000001.XSHE,0.6058,3434.8475,3434.8182,12.7349,1.1892,"day,code,turnover_ratio,market_cap,circulating_market_cap,pe_ratio,pb_ratio"
2020-10-27,000001.XSHE,0.5333,3446.4911,3446.4617,12.778,1.1933,"day,code,turnover_ratio,market_cap,circulating_market_cap,pe_ratio,pb_ratio"
2020-10-28,000001.XSHE,0.6214,3421.2634,3421.2342,12.6845,1.1845,"day,code,turnover_ratio,market_cap,circulating_market_cap,pe_ratio,pb_ratio"
2020-10-29,000001.XSHE,0.4363,3448.4317,3448.4023,12.7852,1.1939,"day,code,turnover_ratio,market_cap,circulating_market_cap,pe_ratio,pb_ratio"
2020-10-30,000001.XSHE,0.5193,3444.5505,3444.5211,12.7708,1.1926,"day,code,turnover_ratio,market_cap,circulating_market_cap,pe_ratio,pb_ratio"
2020-11-02,000001.XSHE,0.4991,3421.2634,3421.2342,12.6845,1.1845,"day,code,turnover_ratio,market_cap,circulating_market_cap,pe_ratio,pb_ratio"
2020-11-03,000001.XSHE,0.4936,3485.3029,3485.2732,12.9219,1.2067,"day,code,turnover_ratio,market_cap,circulating_market_cap,pe_ratio,pb_ratio"
2020-11-04,000001.XSHE,0.6429,3555.1642,3555.1339,13.1809,1.2309,"day,code,turnover_ratio,market_cap,circulating_market_cap,pe_ratio,pb_ratio"
2020-11-05,000001.XSHE,0.7366,3434.8475,3434.8182,12.7349,1.1892,"day,code,turnover_ratio,market_cap,circulating_market_cap,pe_ratio,pb_ratio"
2020-11-06,000001.XSHE,0.4374,3423.204,3423.1748,12.6917,1.1852,"day,code,turnover_ratio,market_cap,circulating_market_cap,pe_ratio,pb_ratio"
2020-11-09,000001.XSHE,0.4903,3462.0158,3461.9863,12.8356,1.1986,"day,code,turnover_ratio,market_cap,circulating_market_cap,pe_ratio,pb_ratio"
2020-11-10,000001.XSHE,0.5262,3514.4118,3514.3818,13.0299,1.2168,"day,code,turnover_ratio,market_cap,circulating_market_cap,pe_ratio,pb_ratio"
2020-11-11,000001.XSHE,0.4845,3456.194,3456.1646,12.814,1.1966,"day,code,turnover_ratio,market_cap,circulating_market_cap,pe_ratio,pb_ratio"
2020-11-12,000001.XSHE,0.349,3427.0852,3427.0559,12.7061,1.1866,"day,code,turnover_ratio,market_cap,circulating_market_cap,pe_ratio,pb_ratio"
2020-11-13,000001.XSHE,0.6643,3333.9367,3333.9083,12.3607,1.1543,"day,code,turnover_ratio,market_cap,circulating_market_cap,pe_ratio,pb_ratio"
2020-11-16,000001.XSHE,0.3916,3370.808,3370.7792,12.4974,1.1671,"day,code,turnover_ratio,market_cap,circulating_market_cap,pe_ratio,pb_ratio"
2020-11-17,000001.XSHE,0.4395,3460.0752,3460.0457,12.8284,1.198,"day,code,turnover_ratio,market_cap,circulating_market_cap,pe_ratio,pb_ratio"
2020-11-18,000001.XSHE,0.7077,3582.3325,3582.3019,13.2817,1.2403,"day,code,turnover_ratio,market_cap,circulating_market_cap,pe_ratio,pb_ratio"
2020-11-19,000001.XSHE,0.6244,3658.0156,3657.9844,13.5623,1.2665,"day,code,turnover_ratio,market_cap,circulating_market_cap,pe_ratio,pb_ratio"
2020-11-20,000001.XSHE,0.3473,3659.9562,3659.925,13.5695,1.2672,"day,code,turnover_ratio,market_cap,circulating_market_cap,pe_ratio,pb_ratio"
2020-11-23,000001.XSHE,0.6008,3807.4412,3807.4087,14.1163,1.3182,"day,code,turnover_ratio,market_cap,circulating_market_cap,pe_ratio,pb_ratio"
2020-11-24,000001.XSHE,0.3497,3756.9858,3756.9537,13.9292,1.3008,"day,code,turnover_ratio,market_cap,circulating_market_cap,pe_ratio,pb_ratio"
2020-11-25,000001.XSHE,0.2848,3698.768,3698.7365,13.7134,1.2806,"day,code,turnover_ratio,market_cap,circulating_market_cap,pe_ratio,pb_ratio"
2020-11-26,000001.XSHE,0.3296,3784.154,3784.1218,14.0299,1.3102,"day,code,turnover_ratio,market_cap,circulating_market_cap,pe_ratio,pb_ratio"
2020-11-27,000001.XSHE,0.3884,3822.9659,3822.9333,14.1738,1.3236,"day,code,turnover_ratio,market_cap,circulating_market_cap,pe_ratio,pb_ratio"
2020-11-30,000001.XSHE,0.8149,3830.7283,3830.6956,14.2026,1.3263,"day,code,turnover_ratio,market_cap,circulating_market_cap,pe_ratio,pb_ratio"
2020-12-01,000001.XSHE,0.6512,3890.8866,3890.8534,14.4257,1.3471,"day,code,turnover_ratio,market_cap,circulating_market_cap,pe_ratio,pb_ratio"
2020-12-02,000001.XSHE,0.4583,3809.3817,3809.3493,14.1235,1.3189,"day,code,turnover_ratio,market_cap,circulating_market_cap,pe_ratio,pb_ratio"
2020-12-03,000001.XSHE,0.3682,3791.9164,3791.8841,14.0587,1.3129,"day,code,turnover_ratio,market_cap,circulating_market_cap,pe_ratio,pb_ratio"
2020-12-04,000001.XSHE,0.4593,3745.3422,3745.3103,13.886,1.2967,"day,code,turnover_ratio,market_cap,circulating_market_cap,pe_ratio,pb_ratio"
2020-12-07,000001.XSHE,0.4503,3669.6591,3669.6278,13.6054,1.2705,"day,code,turnover_ratio,market_cap,circulating_market_cap,pe_ratio,pb_ratio"
2020-12-08,000001.XSHE,0.3708,3630.8473,3630.8163,13.4615,1.2571,"day,code,turnover_ratio,market_cap,circulating_market_cap,pe_ratio,pb_ratio"
2020-12-09,000001.XSHE,0.349,3630.8473,3630.8163,13.4615,1.2571,"day,code,turnover_ratio,market_cap,circulating_market_cap,pe_ratio,pb_ratio"
2020-12-10,000001.XSHE,0.3132,3619.2037,3619.1729,13.4184,1.2531,"day,code,turnover_ratio,market_cap,circulating_market_cap,pe_ratio,pb_ratio"
2020-12-11,000001.XSHE,0.4575,3593.9761,3593.9454,13.3248,1.2443,"day,code,turnover_ratio,market_cap,circulating_market_cap,pe_ratio,pb_ratio"
2020-12-14,000001.XSHE,0.4308,3663.8374,3663.8061,13.5839,1.2685,"day,code,turnover_ratio,market_cap,circulating_market_cap,pe_ratio,pb_ratio"
2020-12-15,000001.XSHE,0.4065,3636.6691,3636.6381,13.4831,1.2591,"day,code,turnover_ratio,market_cap,circulating_market_cap,pe_ratio,pb_ratio"
2020-12-16,000001.XSHE,0.3551,3689.065,3689.0336,13.6774,1.2773,"day,code,turnover_ratio,market_cap,circulating_market_cap,pe_ratio,pb_ratio"
2020-12-17,000001.XSHE,0.3536,3677.4215,3677.3901,13.6342,1.2732,"day,code,turnover_ratio,market_cap,circulating_market_cap,pe_ratio,pb_ratio"
2020-12-18,000001.XSHE,0.5456,3562.9266,3562.8962,13.2097,1.2336,"day,code,turnover_ratio,market_cap,circulating_market_cap,pe_ratio,pb_ratio"
2020-12-21,000001.XSHE,0.4673,3547.4018,3547.3716,13.1522,1.2282,"day,code,turnover_ratio,market_cap,circulating_market_cap,pe_ratio,pb_ratio"
2020-12-22,000001.XSHE,0.5301,3473.6594,3473.6297,12.8788,1.2027,"day,code,turnover_ratio,market_cap,circulating_market_cap,pe_ratio,pb_ratio"
2020-12-23,000001.XSHE,0.3865,3493.0653,3493.0355,12.9507,1.2094,"day,code,turnover_ratio,market_cap,circulating_market_cap,pe_ratio,pb_ratio"
2020-12-24,000001.XSHE,0.3262,3543.5207,3543.4904,13.1378,1.2269,"day,code,turnover_ratio,market_cap,circulating_market_cap,pe_ratio,pb_ratio"
2020-12-25,000001.XSHE,0.2974,3500.8276,3500.7978,12.9795,1.2121,"day,code,turnover_ratio,market_cap,circulating_market_cap,pe_ratio,pb_ratio"
2020-12-28,000001.XSHE,0.6546,3658.0156,3657.9844,13.5623,1.2665,"day,code,turnover_ratio,market_cap,circulating_market_cap,pe_ratio,pb_ratio"
2020-12-29,000001.XSHE,0.4963,3720.1145,3720.0828,13.7925,1.288,"day,code,turnover_ratio,market_cap,circulating_market_cap,pe_ratio,pb_ratio"
2020-12-30,000001.XSHE,0.5042,3725.9363,3725.9045,13.8141,1.29,"day,code,turnover_ratio,market_cap,circulating_market_cap,pe_ratio,pb_ratio"
2020-12-31,000001.XSHE,0.4764,3753.1046,3753.0726,13.9148,1.2994,"day,code,turnover_ratio,market_cap,circulating_market_cap,pe_ratio,pb_ratio"
2021-01-04,000001.XSHE,0.8009,3609.5008,3609.47,13.3824,1.2497,"day,code,turnover_ratio,market_cap,circulating_market_cap,pe_ratio,pb_ratio"
2021-01-05,000001.XSHE,0.9386,3526.0553,3526.0253,13.073,1.2208,"day,code,turnover_ratio,market_cap,circulating_market_cap,pe_ratio,pb_ratio"
2021-01-06,000001.XSHE,0.9971,3795.7976,3795.7652,14.0731,1.3142,"day,code,turnover_ratio,market_cap,circulating_market_cap,pe_ratio,pb_ratio"
2021-01-07,000001.XSHE,0.8163,3861.7777,3861.7448,14.3177,1.3371,"day,code,turnover_ratio,market_cap,circulating_market_cap,pe_ratio,pb_ratio"
2021-01-08,000001.XSHE,0.616,3852.0748,3852.0419,14.2818,1.3337,"day,code,turnover_ratio,market_cap,circulating_market_cap,pe_ratio,pb_ratio"
2021-01-11,000001.XSHE,0.9226,3954.9261,3954.8924,14.6631,1.3693,"day,code,turnover_ratio,market_cap,circulating_market_cap,pe_ratio,pb_ratio"
2021-01-12,000001.XSHE,0.6638,4075.2428,4075.2081,15.1092,1.411,"day,code,turnover_ratio,market_cap,circulating_market_cap,pe_ratio,pb_ratio"
2021-01-13,000001.XSHE,0.5406,4017.0251,4016.9908,14.8933,1.3908,"day,code,turnover_ratio,market_cap,circulating_market_cap,pe_ratio,pb_ratio"
2021-01-14,000001.XSHE,0.5824,3914.1737,3914.1403,14.512,1.3552,"day,code,turnover_ratio,market_cap,circulating_market_cap,pe_ratio,pb_ratio"
2021-01-15,000001.XSHE,1.2783,4075.2428,4075.2081,15.1092,1.411,"day,code,turnover_ratio,market_cap,circulating_market_cap,pe_ratio,pb_ratio"
2021-01-18,000001.XSHE,1.1117,4405.1434,4405.1059,16.3323,1.5252,"day,code,turnover_ratio,market_cap,circulating_market_cap,pe_ratio,pb_ratio"
2021-01-19,000001.XSHE,0.6401,4335.2821,4335.2451,16.0733,1.501,"day,code,turnover_ratio,market_cap,circulating_market_cap,pe_ratio,pb_ratio"
2021-01-20,000001.XSHE,0.66,4360.5098,4360.4726,16.1668,1.5097,"day,code,turnover_ratio,market_cap,circulating_market_cap,pe_ratio,pb_ratio"
2021-01-21,000001.XSHE,0.4869,4313.9356,4313.8988,15.9941,1.4936,"day,code,turnover_ratio,market_cap,circulating_market_cap,pe_ratio,pb_ratio"
2021-01-22,000001.XSHE,0.4764,4275.1238,4275.0873,15.8502,1.4802,"day,code,turnover_ratio,market_cap,circulating_market_cap,pe_ratio,pb_ratio"
2021-01-25,000001.XSHE,0.5299,4364.391,4364.3538,16.1812,1.5111,"day,code,turnover_ratio,market_cap,circulating_market_cap,pe_ratio,pb_ratio"
2021-01-26,000001.XSHE,0.5806,4341.1039,4341.0669,16.0949,1.503,"day,code,turnover_ratio,market_cap,circulating_market_cap,pe_ratio,pb_ratio"
2021-01-27,000001.XSHE,0.6669,4478.8859,4478.8477,16.6057,1.5507,"day,code,turnover_ratio,market_cap,circulating_market_cap,pe_ratio,pb_ratio"
2021-01-28,000001.XSHE,0.4419,4426.4899,4426.4522,16.4114,1.5326,"day,code,turnover_ratio,market_cap,circulating_market_cap,pe_ratio,pb_ratio"
2021-01-29,000001.XSHE,0.6391,4480.8265,4480.7883,16.6129,1.5514,"day,code,turnover_ratio,market_cap,circulating_market_cap,pe_ratio,pb_ratio"
2021-02-01,000001.XSHE,0.7602,4764.1529,4764.1123,17.6633,1.6495,"day,code,turnover_ratio,market_cap,circulating_market_cap,pe_ratio,pb_ratio"
2021-02-02,000001.XSHE,1.2451,4517.6978,4517.6596,15.617,1.5357,"day,code,turnover_ratio,market_cap,circulating_market_cap,pe_ratio,pb_ratio"
2021-02-03,000001.XSHE,0.9911,4841.7766,4841.7357,16.7373,1.6458,"day,code,turnover_ratio,market_cap,circulating_market_cap,pe_ratio,pb_ratio"
2021-02-04,000001.XSHE,0.6468,4773.8559,4773.8156,16.5025,1.6227,"day,code,turnover_ratio,market_cap,circulating_market_cap,pe_ratio,pb_ratio"
2021-02-05,000001.XSHE,0.5233,4837.8954,4837.8546,16.7239,1.6445,"day,code,turnover_ratio,market_cap,circulating_market_cap,pe_ratio,pb_ratio"
2021-02-08,000001.XSHE,0.5587,4812.6677,4812.6271,16.6367,1.6359,"day,code,turnover_ratio,market_cap,circulating_market_cap,pe_ratio,pb_ratio"
2021-02-09,000001.XSHE,0.4855,4769.9747,4769.9344,16.4891,1.6214,"day,code,turnover_ratio,market_cap,circulating_market_cap,pe_ratio,pb_ratio"
2021-02-10,000001.XSHE,0.9888,4622.4897,4622.4507,15.9793,1.5713,"day,code,turnover_ratio,market_cap,circulating_market_cap,pe_ratio,pb_ratio"
2021-02-18,000001.XSHE,0.7757,4715.6381,4715.5983,16.3013,1.6029,"day,code,turnover_ratio,market_cap,circulating_market_cap,pe_ratio,pb_ratio"
2021-02-19,000001.XSHE,0.4754,4628.3115,4628.2724,15.9994,1.5733,"day,code,turnover_ratio,market_cap,circulating_market_cap,pe_ratio,pb_ratio"
2021-02-22,000001.XSHE,1.0084,4343.0445,4343.0079,15.0133,1.4763,"day,code,turnover_ratio,market_cap,circulating_market_cap,pe_ratio,pb_ratio"
2021-02-23,000001.XSHE,0.9639,4255.7179,4255.682,14.7114,1.4466,"day,code,turnover_ratio,market_cap,circulating_market_cap,pe_ratio,pb_ratio"
2021-02-24,000001.XSHE,0.7361,4300.3515,4300.3152,14.8657,1.4618,"day,code,turnover_ratio,market_cap,circulating_market_cap,pe_ratio,pb_ratio"
2021-02-25,000001.XSHE,0.8211,4286.7673,4286.7312,14.8187,1.4572,"day,code,turnover_ratio,market_cap,circulating_market_cap,pe_ratio,pb_ratio"
2021-02-26,000001.XSHE,0.5797,4148.9853,4148.9503,14.3425,1.4103,"day,code,turnover_ratio,market_cap,circulating_market_cap,pe_ratio,pb_ratio"
2021-03-01,000001.XSHE,0.5799,4162.5695,4162.5343,14.3894,1.4149,"day,code,turnover_ratio,market_cap,circulating_market_cap,pe_ratio,pb_ratio"
2021-03-02,000001.XSHE,0.7593,4201.3813,4201.3458,14.5236,1.4281,"day,code,turnover_ratio,market_cap,circulating_market_cap,pe_ratio,pb_ratio"
2021-03-03,000001.XSHE,0.9892,4465.3018,4465.2641,15.4359,1.5178,"day,code,turnover_ratio,market_cap,circulating_market_cap,pe_ratio,pb_ratio"
2021-03-04,000001.XSHE,0.6254,4447.8365,4447.7989,15.3755,1.5119,"day,code,turnover_ratio,market_cap,circulating_market_cap,pe_ratio,pb_ratio"
2021-03-05,000001.XSHE,0.4536,4335.2821,4335.2455,14.9865,1.4736,"day,code,turnover_ratio,market_cap,circulating_market_cap,pe_ratio,pb_ratio"
2021-03-08,000001.XSHE,0.5121,4191.6783,4191.643,14.49,1.4248,"day,code,turnover_ratio,market_cap,circulating_market_cap,pe_ratio,pb_ratio"
2021-03-09,000001.XSHE,0.7018,4046.1339,4046.0998,13.9869,1.3754,"day,code,turnover_ratio,market_cap,circulating_market_cap,pe_ratio,pb_ratio"
2021-03-10,000001.XSHE,0.5923,3958.8073,3958.7739,13.685,1.3457,"day,code,turnover_ratio,market_cap,circulating_market_cap,pe_ratio,pb_ratio"
2021-03-11,000001.XSHE,0.5404,4127.6388,4127.604,14.2687,1.4031,"day,code,turnover_ratio,market_cap,circulating_market_cap,pe_ratio,pb_ratio"
2021-03-12,000001.XSHE,0.3593,4168.3912,4168.3561,14.4095,1.4169,"day,code,turnover_ratio,market_cap,circulating_market_cap,pe_ratio,pb_ratio"
2021-03-15,000001.XSHE,0.4941,4191.6783,4191.643,14.49,1.4248,"day,code,turnover_ratio,market_cap,circulating_market_cap,pe_ratio,pb_ratio"
2021-03-16,000001.XSHE,0.4842,4203.3219,4203.2864,14.5303,1.4288,"day,code,turnover_ratio,market_cap,circulating_market_cap,pe_ratio,pb_ratio"
2021-03-17,000001.XSHE,0.4233,4114.0547,4114.0199,14.2217,1.3984,"day,code,turnover_ratio,market_cap,circulating_market_cap,pe_ratio,pb_ratio"
2021-03-18,000001.XSHE,0.3564,4216.906,4216.8704,14.5772,1.4334,"day,code,turnover_ratio,market_cap,circulating_market_cap,pe_ratio,pb_ratio"
2021-03-19,000001.XSHE,0.7862,3972.3915,3972.3579,13.732,1.3503,"day,code,turnover_ratio,market_cap,circulating_market_cap,pe_ratio,pb_ratio"
2021-03-22,000001.XSHE,0.7478,4181.9754,4181.9401,14.4565,1.4215,"day,code,turnover_ratio,market_cap,circulating_market_cap,pe_ratio,pb_ratio"
2021-03-23,000001.XSHE,0.3519,4119.8764,4119.8417,14.2418,1.4004,"day,code,turnover_ratio,market_cap,circulating_market_cap,pe_ratio,pb_ratio"
2021-03-24,000001.XSHE,0.4381,3984.035,3984.0014,13.7722,1.3543,"day,code,turnover_ratio,market_cap,circulating_market_cap,pe_ratio,pb_ratio"
2021-03-25,000001.XSHE,0.2539,4026.728,4026.6941,13.9198,1.3688,"day,code,turnover_ratio,market_cap,circulating_market_cap,pe_ratio,pb_ratio"
2021-03-26,000001.XSHE,0.4236,4102.4111,4102.3765,14.1815,1.3945,"day,code,turnover_ratio,market_cap,circulating_market_cap,pe_ratio,pb_ratio"
2021-03-29,000001.XSHE,0.4049,4170.3318,4170.2966,14.4162,1.4176,"day,code,turnover_ratio,market_cap,circulating_market_cap,pe_ratio,pb_ratio"
2021-03-30,000001.XSHE,0.3806,4255.7179,4255.682,14.7114,1.4466,"day,code,turnover_ratio,market_cap,circulating_market_cap,pe_ratio,pb_ratio"
2021-03-31,000001.XSHE,0.4004,4271.2426,4271.2066,14.7651,1.4519,"day,code,turnover_ratio,market_cap,circulating_market_cap,pe_ratio,pb_ratio"
2021-04-01,000001.XSHE,0.2806,4226.609,4226.5733,14.6108,1.4367,"day,code,turnover_ratio,market_cap,circulating_market_cap,pe_ratio,pb_ratio"
2021-04-02,000001.XSHE,0.2994,4172.2724,4172.2372,14.423,1.4182,"day,code,turnover_ratio,market_cap,circulating_market_cap,pe_ratio,pb_ratio"
2021-04-06,000001.XSHE,0.2067,4207.2031,4207.1676,14.5437,1.4301,"day,code,turnover_ratio,market_cap,circulating_market_cap,pe_ratio,pb_ratio"
2021-04-07,000001.XSHE,0.2667,4199.4407,4199.4053,14.5169,1.4275,"day,code,turnover_ratio,market_cap,circulating_market_cap,pe_ratio,pb_ratio"
2021-04-08,000001.XSHE,0.1974,4183.916,4183.8807,14.4632,1.4222,"day,code,turnover_ratio,market_cap,circulating_market_cap,pe_ratio,pb_ratio"
2021-04-09,000001.XSHE,0.2056,4133.4606,4133.4257,14.2888,1.405,"day,code,turnover_ratio,market_cap,circulating_market_cap,pe_ratio,pb_ratio"
2021-04-12,000001.XSHE,0.3065,4017.0251,4016.9912,13.8863,1.3655,"day,code,turnover_ratio,market_cap,circulating_market_cap,pe_ratio,pb_ratio"
2021-04-13,000001.XSHE,0.2576,4032.5498,4032.5158,13.94,1.3707,"day,code,turnover_ratio,market_cap,circulating_market_cap,pe_ratio,pb_ratio"
2021-04-14,000001.XSHE,0.2769,4011.2033,4011.1694,13.8662,1.3635,"day,code,turnover_ratio,market_cap,circulating_market_cap,pe_ratio,pb_ratio"
2021-04-15,000001.XSHE,0.3792,3951.0449,3951.0116,13.6582,1.343,"day,code,turnover_ratio,market_cap,circulating_market_cap,pe_ratio,pb_ratio"
2021-04-16,000001.XSHE,0.3762,3931.639,3931.6059,13.5911,1.3364,"day,code,turnover_ratio,market_cap,circulating_market_cap,pe_ratio,pb_ratio"
2021-04-19,000001.XSHE,0.5732,4104.3517,4104.3171,14.1882,1.3952,"day,code,turnover_ratio,market_cap,circulating_market_cap,pe_ratio,pb_ratio"
2021-04-20,000001.XSHE,0.4302,4209.1437,4209.1081,14.5504,1.4308,"day,code,turnover_ratio,market_cap,circulating_market_cap,pe_ratio,pb_ratio"
2021-04-21,000001.XSHE,0.823,4465.3018,4465.2641,14.6346,1.4753,"day,code,turnover_ratio,market_cap,circulating_market_cap,pe_ratio,pb_ratio"
2021-04-22,000001.XSHE,0.4276,4459.48,4459.4424,14.6155,1.4734,"day,code,turnover_ratio,market_cap,circulating_market_cap,pe_ratio,pb_ratio"
2021-04-23,000001.XSHE,0.4242,4519.6383,4519.6002,14.8127,1.4932,"day,code,turnover_ratio,market_cap,circulating_market_cap,pe_ratio,pb_ratio"
2021-04-26,000001.XSHE,0.4496,4451.7176,4451.6801,14.5901,1.4708,"day,code,turnover_ratio,market_cap,circulating_market_cap,pe_ratio,pb_ratio"
2021-04-27,000001.XSHE,0.2424,4451.7176,4451.6801,14.5901,1.4708,"day,code,turnover_ratio,market_cap,circulating_market_cap,pe_ratio,pb_ratio"
2021-04-28,000001.XSHE,0.306,4531.2819,4531.2437,14.8508,1.4971,"day,code,turnover_ratio,market_cap,circulating_market_cap,pe_ratio,pb_ratio"
2021-04-29,000001.XSHE,0.3168,4577.8561,4577.8175,15.0035,1.5125,"day,code,turnover_ratio,market_cap,circulating_market_cap,pe_ratio,pb_ratio"
2021-04-30,000001.XSHE,0.2896,4519.6383,4519.6002,14.8127,1.4932,"day,code,turnover_ratio,market_cap,circulating_market_cap,pe_ratio,pb_ratio"
2021-05-06,000001.XSHE,0.2578,4560.3908,4560.3523,14.9462,1.5067,"day,code,turnover_ratio,market_cap,circulating_market_cap,pe_ratio,pb_ratio"
2021-05-07,000001.XSHE,0.4134,4667.1233,4667.084,15.296,1.542,"day,code,turnover_ratio,market_cap,circulating_market_cap,pe_ratio,pb_ratio"
2021-05-10,000001.XSHE,0.3408,4630.2521,4630.213,15.1752,1.5298,"day,code,turnover_ratio,market_cap,circulating_market_cap,pe_ratio,pb_ratio"
2021-05-11,000001.XSHE,0.2562,4566.2126,4566.174,14.9653,1.5086,"day,code,turnover_ratio,market_cap,circulating_market_cap,pe_ratio,pb_ratio"
2021-05-12,000001.XSHE,0.2748,4570.0937,4570.0552,14.978,1.5099,"day,code,turnover_ratio,market_cap,circulating_market_cap,pe_ratio,pb_ratio"
2021-05-13,000001.XSHE,0.2832,4476.9453,4476.9076,14.6727,1.4791,"day,code,turnover_ratio,market_cap,circulating_market_cap,pe_ratio,pb_ratio"
2021-05-14,000001.XSHE,0.2905,4525.4601,4525.4219,14.8317,1.4952,"day,code,turnover_ratio,market_cap,circulating_market_cap,pe_ratio,pb_ratio"
2021-05-17,000001.XSHE,0.2719,4579.7967,4579.7581,15.0098,1.5131,"day,code,turnover_ratio,market_cap,circulating_market_cap,pe_ratio,pb_ratio"
2021-05-18,000001.XSHE,0.2038,4638.0144,4637.9753,15.2006,1.5324,"day,code,turnover_ratio,market_cap,circulating_market_cap,pe_ratio,pb_ratio"
2021-05-19,000001.XSHE,0.2213,4579.7967,4579.7581,15.0098,1.5131,"day,code,turnover_ratio,market_cap,circulating_market_cap,pe_ratio,pb_ratio"
2021-05-20,000001.XSHE,0.2091,4622.4897,4622.4507,15.1497,1.5272,"day,code,turnover_ratio,market_cap,circulating_market_cap,pe_ratio,pb_ratio"
2021-05-21,000001.XSHE,0.2779,4558.4502,4558.4117,14.9399,1.5061,"day,code,turnover_ratio,market_cap,circulating_market_cap,pe_ratio,pb_ratio"
2021-05-24,000001.XSHE,0.1772,4556.5096,4556.4712,14.9335,1.5054,"day,code,turnover_ratio,market_cap,circulating_market_cap,pe_ratio,pb_ratio"
2021-05-25,000001.XSHE,0.5011,4773.8559,4773.8156,15.6458,1.5772,"day,code,turnover_ratio,market_cap,circulating_market_cap,pe_ratio,pb_ratio"
2021-05-26,000001.XSHE,0.4737,4853.4201,4853.3792,15.9066,1.6035,"day,code,turnover_ratio,market_cap,circulating_market_cap,pe_ratio,pb_ratio"
2021-05-27,000001.XSHE,0.2598,4810.7271,4810.6865,15.7667,1.5894,"day,code,turnover_ratio,market_cap,circulating_market_cap,pe_ratio,pb_ratio"
2021-05-28,000001.XSHE,0.2537,4754.45,4754.4098,15.5822,1.5708,"day,code,turnover_ratio,market_cap,circulating_market_cap,pe_ratio,pb_ratio"
2021-05-31,000001.XSHE,0.2656,4696.2322,4696.1926,15.3914,1.5516,"day,code,turnover_ratio,market_cap,circulating_market_cap,pe_ratio,pb_ratio"
2021-06-01,000001.XSHE,0.3221,4641.8956,4641.8565,15.2133,1.5336,"day,code,turnover_ratio,market_cap,circulating_market_cap,pe_ratio,pb_ratio"
2021-06-02,000001.XSHE,0.2564,4636.0739,4636.0347,15.1943,1.5317,"day,code,turnover_ratio,market_cap,circulating_market_cap,pe_ratio,pb_ratio"
2021-06-03,000001.XSHE,0.2066,4612.7868,4612.7478,15.1179,1.524,"day,code,turnover_ratio,market_cap,circulating_market_cap,pe_ratio,pb_ratio"
2021-06-04,000001.XSHE,0.39,4762.2123,4762.1721,15.6077,1.5734,"day,code,turnover_ratio,market_cap,circulating_market_cap,pe_ratio,pb_ratio"
2021-06-07,000001.XSHE,0.2308,4715.6381,4715.5983,15.455,1.558,"day,code,turnover_ratio,market_cap,circulating_market_cap,pe_ratio,pb_ratio"
2021-06-08,000001.XSHE,0.2938,4760.2717,4760.2316,15.6013,1.5727,"day,code,turnover_ratio,market_cap,circulating_market_cap,pe_ratio,pb_ratio"
2021-06-09,000001.XSHE,0.2339,4783.5588,4783.5185,15.6776,1.5804,"day,code,turnover_ratio,market_cap,circulating_market_cap,pe_ratio,pb_ratio"
2021-06-10,000001.XSHE,0.2732,4696.2322,4696.1926,15.3914,1.5516,"day,code,turnover_ratio,market_cap,circulating_market_cap,pe_ratio,pb_ratio"
2021-06-11,000001.XSHE,0.4301,4535.1631,4535.1248,14.8635,1.4984,"day,code,turnover_ratio,market_cap,circulating_market_cap,pe_ratio,pb_ratio"
2021-06-15,000001.XSHE,0.3404,4506.0542,4506.0162,14.7681,1.4888,"day,code,turnover_ratio,market_cap,circulating_market_cap,pe_ratio,pb_ratio"
2021-06-16,000001.XSHE,0.1949,4513.8166,4513.7785,14.7936,1.4913,"day,code,turnover_ratio,market_cap,circulating_market_cap,pe_ratio,pb_ratio"
2021-06-17,000001.XSHE,0.2336,4482.7671,4482.7293,14.6918,1.4811,"day,code,turnover_ratio,market_cap,circulating_market_cap,pe_ratio,pb_ratio"
2021-06-18,000001.XSHE,0.3577,4395.4405,4395.4034,14.4056,1.4522,"day,code,turnover_ratio,market_cap,circulating_market_cap,pe_ratio,pb_ratio"
2021-06-21,000001.XSHE,0.3701,4300.3515,4300.3152,14.094,1.4208,"day,code,turnover_ratio,market_cap,circulating_market_cap,pe_ratio,pb_ratio"
2021-06-22,000001.XSHE,0.3905,4457.5394,4457.5018,14.6091,1.4727,"day,code,turnover_ratio,market_cap,circulating_market_cap,pe_ratio,pb_ratio"
2021-06-23,000001.XSHE,0.2308,4490.5295,4490.4916,14.7173,1.4836,"day,code,turnover_ratio,market_cap,circulating_market_cap,pe_ratio,pb_ratio"
2021-06-24,000001.XSHE,0.2011,4478.8859,4478.8481,14.6791,1.4798,"day,code,turnover_ratio,market_cap,circulating_market_cap,pe_ratio,pb_ratio"
2021-06-25,000001.XSHE,0.2886,4533.2225,4533.1842,14.8572,1.4977,"day,code,turnover_ratio,market_cap,circulating_market_cap,pe_ratio,pb_ratio"
2021-06-28,000001.XSHE,0.3227,4420.6682,4420.6309,14.4883,1.4605,"day,code,turnover_ratio,market_cap,circulating_market_cap,pe_ratio,pb_ratio"
2021-06-29,000001.XSHE,0.5409,4335.2821,4335.2455,14.2084,1.4323,"day,code,turnover_ratio,market_cap,circulating_market_cap,pe_ratio,pb_ratio"
2021-06-30,000001.XSHE,0.2079,4389.6187,4389.5817,14.3865,1.4503,"day,code,turnover_ratio,market_cap,circulating_market_cap,pe_ratio,pb_ratio"
2021-07-01,000001.XSHE,0.3426,4502.173,4502.135,14.7554,1.4875,"day,code,turnover_ratio,market_cap,circulating_market_cap,pe_ratio,pb_ratio"
2021-07-02,000001.XSHE,0.5517,4232.4308,4232.3951,13.8714,1.3984,"day,code,turnover_ratio,market_cap,circulating_market_cap,pe_ratio,pb_ratio"
2021-07-05,000001.XSHE,0.4428,4280.9456,4280.9094,14.0304,1.4144,"day,code,turnover_ratio,market_cap,circulating_market_cap,pe_ratio,pb_ratio"
2021-07-06,000001.XSHE,0.4081,4420.6682,4420.6309,14.4883,1.4605,"day,code,turnover_ratio,market_cap,circulating_market_cap,pe_ratio,pb_ratio"
2021-07-07,000001.XSHE,0.2417,4376.0346,4375.9976,14.342,1.4458,"day,code,turnover_ratio,market_cap,circulating_market_cap,pe_ratio,pb_ratio"
2021-07-08,000001.XSHE,0.7508,4174.213,4174.1778,13.6806,1.3791,"day,code,turnover_ratio,market_cap,circulating_market_cap,pe_ratio,pb_ratio"
2021-07-09,000001.XSHE,0.3929,4127.6388,4127.604,13.5279,1.3637,"day,code,turnover_ratio,market_cap,circulating_market_cap,pe_ratio,pb_ratio"
2021-07-12,000001.XSHE,0.4524,4106.2923,4106.2576,13.458,1.3567,"day,code,turnover_ratio,market_cap,circulating_market_cap,pe_ratio,pb_ratio"
2021-07-13,000001.XSHE,0.3389,4098.5299,4098.4953,13.4325,1.3541,"day,code,turnover_ratio,market_cap,circulating_market_cap,pe_ratio,pb_ratio"
2021-07-14,000001.XSHE,0.437,4028.6686,4028.6346,13.2036,1.331,"day,code,turnover_ratio,market_cap,circulating_market_cap,pe_ratio,pb_ratio"
2021-07-15,000001.XSHE,0.4926,4195.5595,4195.5241,13.7505,1.3862,"day,code,turnover_ratio,market_cap,circulating_market_cap,pe_ratio,pb_ratio"
2021-07-16,000001.XSHE,0.2953,4141.2229,4141.188,13.5724,1.3682,"day,code,turnover_ratio,market_cap,circulating_market_cap,pe_ratio,pb_ratio"
2021-07-19,000001.XSHE,0.2691,4115.9952,4115.9605,13.4898,1.3599,"day,code,turnover_ratio,market_cap,circulating_market_cap,pe_ratio,pb_ratio"
2021-07-20,000001.XSHE,0.4143,3997.6191,3997.5854,13.1018,1.3208,"day,code,turnover_ratio,market_cap,circulating_market_cap,pe_ratio,pb_ratio"
2021-07-21,000001.XSHE,0.3881,3968.5103,3968.4768,13.0064,1.3112,"day,code,turnover_ratio,market_cap,circulating_market_cap,pe_ratio,pb_ratio"
2021-07-22,000001.XSHE,0.4476,3954.9261,3954.8928,12.9619,1.3067,"day,code,turnover_ratio,market_cap,circulating_market_cap,pe_ratio,pb_ratio"
2021-07-23,000001.XSHE,0.3748,3900.5896,3900.5566,12.7838,1.2887,"day,code,turnover_ratio,market_cap,circulating_market_cap,pe_ratio,pb_ratio"
2021-07-26,000001.XSHE,0.7479,3648.3126,3648.2818,11.957,1.2054,"day,code,turnover_ratio,market_cap,circulating_market_cap,pe_ratio,pb_ratio"
2021-07-27,000001.XSHE,0.6996,3446.4911,3446.462,11.2955,1.1387,"day,code,turnover_ratio,market_cap,circulating_market_cap,pe_ratio,pb_ratio"
2021-07-28,000001.XSHE,0.5478,3444.5505,3444.5214,11.2892,1.138,"day,code,turnover_ratio,market_cap,circulating_market_cap,pe_ratio,pb_ratio"
2021-07-29,000001.XSHE,0.4495,3485.3029,3485.2735,11.4227,1.1515,"day,code,turnover_ratio,market_cap,circulating_market_cap,pe_ratio,pb_ratio"
2021-07-30,000001.XSHE,0.4896,3432.9069,3432.878,11.251,1.1342,"day,code,turnover_ratio,market_cap,circulating_market_cap,pe_ratio,pb_ratio"
2021-08-02,000001.XSHE,0.5977,3495.0059,3494.9764,11.4545,1.1547,"day,code,turnover_ratio,market_cap,circulating_market_cap,pe_ratio,pb_ratio"
2021-08-03,000001.XSHE,0.4622,3471.7188,3471.6895,11.3782,1.147,"day,code,turnover_ratio,market_cap,circulating_market_cap,pe_ratio,pb_ratio"
2021-08-04,000001.XSHE,0.376,3456.194,3456.1649,11.3273,1.1419,"day,code,turnover_ratio,market_cap,circulating_market_cap,pe_ratio,pb_ratio"
2021-08-05,000001.XSHE,0.3203,3430.9663,3430.9374,11.2446,1.1336,"day,code,turnover_ratio,market_cap,circulating_market_cap,pe_ratio,pb_ratio"
2021-08-06,000001.XSHE,0.2924,3465.897,3465.8677,11.3591,1.1451,"day,code,turnover_ratio,market_cap,circulating_market_cap,pe_ratio,pb_ratio"
2021-08-09,000001.XSHE,0.9032,3698.768,3698.7368,12.1223,1.222,"day,code,turnover_ratio,market_cap,circulating_market_cap,pe_ratio,pb_ratio"
2021-08-10,000001.XSHE,0.6709,3828.7877,3828.7554,12.5485,1.265,"day,code,turnover_ratio,market_cap,circulating_market_cap,pe_ratio,pb_ratio"
2021-08-11,000001.XSHE,0.5402,3844.3124,3844.28,12.5993,1.2701,"day,code,turnover_ratio,market_cap,circulating_market_cap,pe_ratio,pb_ratio"
2021-08-12,000001.XSHE,0.3434,3859.8371,3859.8046,12.6502,1.2752,"day,code,turnover_ratio,market_cap,circulating_market_cap,pe_ratio,pb_ratio"
2021-08-13,000001.XSHE,0.2901,3859.8371,3859.8046,12.6502,1.2752,"day,code,turnover_ratio,market_cap,circulating_market_cap,pe_ratio,pb_ratio"
2021-08-16,000001.XSHE,0.3231,3871.4807,3871.448,12.6884,1.2791,"day,code,turnover_ratio,market_cap,circulating_market_cap,pe_ratio,pb_ratio"
2021-08-17,000001.XSHE,0.2453,3817.1441,3817.1119,12.5103,1.2611,"day,code,turnover_ratio,market_cap,circulating_market_cap,pe_ratio,pb_ratio"
2021-08-18,000001.XSHE,0.6868,4001.5003,4001.4666,13.1145,1.3221,"day,code,turnover_ratio,market_cap,circulating_market_cap,pe_ratio,pb_ratio"
2021-08-19,000001.XSHE,0.3349,3947.1638,3947.1305,12.9364,1.3041,"day,code,turnover_ratio,market_cap,circulating_market_cap,pe_ratio,pb_ratio"
2021-08-20,000001.XSHE,0.832,3768.6293,3768.5975,11.4782,1.2266,"day,code,turnover_ratio,market_cap,circulating_market_cap,pe_ratio,pb_ratio"
2021-08-23,000001.XSHE,0.6142,3745.3422,3745.3106,11.4072,1.219,"day,code,turnover_ratio,market_cap,circulating_market_cap,pe_ratio,pb_ratio"
2021-08-24,000001.XSHE,0.4478,3756.9858,3756.9541,11.4427,1.2228,"day,code,turnover_ratio,market_cap,circulating_market_cap,pe_ratio,pb_ratio"
2021-08-25,000001.XSHE,0.3597,3718.1739,3718.1426,11.3245,1.2102,"day,code,turnover_ratio,market_cap,circulating_market_cap,pe_ratio,pb_ratio"
2021-08-26,000001.XSHE,0.4904,3582.3325,3582.3023,10.9108,1.1659,"day,code,turnover_ratio,market_cap,circulating_market_cap,pe_ratio,pb_ratio"
2021-08-27,000001.XSHE,0.3756,3568.7484,3568.7182,10.8694,1.1615,"day,code,turnover_ratio,market_cap,circulating_market_cap,pe_ratio,pb_ratio"
2021-08-30,000001.XSHE,0.6453,3438.7287,3438.6997,10.4734,1.1192,"day,code,turnover_ratio,market_cap,circulating_market_cap,pe_ratio,pb_ratio"
2021-08-31,000001.XSHE,0.6054,3454.2534,3454.2243,10.5207,1.1243,"day,code,turnover_ratio,market_cap,circulating_market_cap,pe_ratio,pb_ratio"
2021-09-01,000001.XSHE,1.1939,3469.7782,3469.7489,10.568,1.1293,"day,code,turnover_ratio,market_cap,circulating_market_cap,pe_ratio,pb_ratio"
2021-09-02,000001.XSHE,1.2484,3570.6889,3570.6588,10.8753,1.1621,"day,code,turnover_ratio,market_cap,circulating_market_cap,pe_ratio,pb_ratio"
2021-09-03,000001.XSHE,0.7188,3500.8276,3500.7981,10.6625,1.1394,"day,code,turnover_ratio,market_cap,circulating_market_cap,pe_ratio,pb_ratio"
2021-09-06,000001.XSHE,0.7808,3580.3919,3580.3617,10.9049,1.1653,"day,code,turnover_ratio,market_cap,circulating_market_cap,pe_ratio,pb_ratio"
2021-09-07,000001.XSHE,0.836,3733.6987,3733.6672,11.3718,1.2152,"day,code,turnover_ratio,market_cap,circulating_market_cap,pe_ratio,pb_ratio"
2021-09-08,000001.XSHE,0.5288,3731.7581,3731.7266,11.3659,1.2146,"day,code,turnover_ratio,market_cap,circulating_market_cap,pe_ratio,pb_ratio"
2021-09-09,000001.XSHE,0.3811,3687.1245,3687.0934,11.2299,1.2,"day,code,turnover_ratio,market_cap,circulating_market_cap,pe_ratio,pb_ratio"
2021-09-10,000001.XSHE,1.1929,3991.7974,3991.7637,12.1579,1.2992,"day,code,turnover_ratio,market_cap,circulating_market_cap,pe_ratio,pb_ratio"
2021-09-13,000001.XSHE,0.6685,3921.9361,3921.903,11.9451,1.2765,"day,code,turnover_ratio,market_cap,circulating_market_cap,pe_ratio,pb_ratio"
2021-09-14,000001.XSHE,0.5968,3758.9264,3758.8946,11.4486,1.2234,"day,code,turnover_ratio,market_cap,circulating_market_cap,pe_ratio,pb_ratio"
2021-09-15,000001.XSHE,0.4337,3788.0352,3788.0033,11.5373,1.2329,"day,code,turnover_ratio,market_cap,circulating_market_cap,pe_ratio,pb_ratio"
2021-09-16,000001.XSHE,0.6065,3702.6492,3702.618,11.2772,1.2051,"day,code,turnover_ratio,market_cap,circulating_market_cap,pe_ratio,pb_ratio"
2021-09-17,000001.XSHE,0.5797,3595.9166,3595.8863,10.9521,1.1704,"day,code,turnover_ratio,market_cap,circulating_market_cap,pe_ratio,pb_ratio"
2021-09-22,000001.XSHE,0.7592,3489.1841,3489.1547,10.6271,1.1356,"day,code,turnover_ratio,market_cap,circulating_market_cap,pe_ratio,pb_ratio"
2021-09-23,000001.XSHE,0.711,3430.9663,3430.9374,10.4497,1.1167,"day,code,turnover_ratio,market_cap,circulating_market_cap,pe_ratio,pb_ratio"
2021-09-24,000001.XSHE,0.6522,3366.9268,3366.8984,10.2547,1.0958,"day,code,turnover_ratio,market_cap,circulating_market_cap,pe_ratio,pb_ratio"
2021-09-27,000001.XSHE,0.5878,3409.6198,3409.5911,10.3847,1.1097,"day,code,turnover_ratio,market_cap,circulating_market_cap,pe_ratio,pb_ratio"
2021-09-28,000001.XSHE,0.6664,3487.2435,3487.2141,10.6212,1.135,"day,code,turnover_ratio,market_cap,circulating_market_cap,pe_ratio,pb_ratio"
2021-09-29,000001.XSHE,0.6339,3522.1742,3522.1444,10.7275,1.1464,"day,code,turnover_ratio,market_cap,circulating_market_cap,pe_ratio,pb_ratio"
2021-09-30,000001.XSHE,0.41,3479.4811,3479.4518,10.5975,1.1325,"day,code,turnover_ratio,market_cap,circulating_market_cap,pe_ratio,pb_ratio"
2021-10-08,000001.XSHE,0.5973,3617.2632,3617.2326,11.0172,1.1773,"day,code,turnover_ratio,market_cap,circulating_market_cap,pe_ratio,pb_ratio"
2021-10-11,000001.XSHE,0.75,3764.7481,3764.7164,11.4664,1.2253,"day,code,turnover_ratio,market_cap,circulating_market_cap,pe_ratio,pb_ratio"
2021-10-12,000001.XSHE,0.5314,3755.0452,3755.0135,11.4368,1.2222,"day,code,turnover_ratio,market_cap,circulating_market_cap,pe_ratio,pb_ratio"
2021-10-13,000001.XSHE,0.4163,3799.6788,3799.6467,11.5727,1.2367,"day,code,turnover_ratio,market_cap,circulating_market_cap,pe_ratio,pb_ratio"
2021-10-14,000001.XSHE,0.4344,3727.8769,3727.8454,11.3541,1.2133,"day,code,turnover_ratio,market_cap,circulating_market_cap,pe_ratio,pb_ratio"
2021-10-15,000001.XSHE,0.512,3815.2035,3815.1713,11.62,1.2417,"day,code,turnover_ratio,market_cap,circulating_market_cap,pe_ratio,pb_ratio"
2021-10-18,000001.XSHE,0.376,3743.4016,3743.37,11.4013,1.2184,"day,code,turnover_ratio,market_cap,circulating_market_cap,pe_ratio,pb_ratio"
2021-10-19,000001.XSHE,0.3517,3797.7382,3797.7062,11.5668,1.236,"day,code,turnover_ratio,market_cap,circulating_market_cap,pe_ratio,pb_ratio"
2021-10-20,000001.XSHE,0.3416,3733.6987,3733.6672,11.3718,1.2152,"day,code,turnover_ratio,market_cap,circulating_market_cap,pe_ratio,pb_ratio"
2021-10-21,000001.XSHE,0.8357,3881.1836,3881.1509,10.8823,1.217,"day,code,turnover_ratio,market_cap,circulating_market_cap,pe_ratio,pb_ratio"
2021-10-22,000001.XSHE,0.5849,3888.946,3888.9132,10.9041,1.2194,"day,code,turnover_ratio,market_cap,circulating_market_cap,pe_ratio,pb_ratio"
2021-10-25,000001.XSHE,0.3766,3904.4707,3904.4378,10.9476,1.2243,"day,code,turnover_ratio,market_cap,circulating_market_cap,pe_ratio,pb_ratio"
2021-10-26,000001.XSHE,0.3364,3890.8866,3890.8538,10.9095,1.22,"day,code,turnover_ratio,market_cap,circulating_market_cap,pe_ratio,pb_ratio"
2021-10-27,000001.XSHE,0.3543,3865.6589,3865.6263,10.8388,1.2121,"day,code,turnover_ratio,market_cap,circulating_market_cap,pe_ratio,pb_ratio"
2021-10-28,000001.XSHE,0.319,3826.8471,3826.8148,10.73,1.2,"day,code,turnover_ratio,market_cap,circulating_market_cap,pe_ratio,pb_ratio"
2021-10-29,000001.XSHE,0.2782,3784.154,3784.1221,10.6103,1.1866,"day,code,turnover_ratio,market_cap,circulating_market_cap,pe_ratio,pb_ratio"
2021-11-01,000001.XSHE,0.4336,3762.8075,3762.7758,10.5504,1.1799,"day,code,turnover_ratio,market_cap,circulating_market_cap,pe_ratio,pb_ratio"
2021-11-02,000001.XSHE,1.0294,3527.9959,3527.9662,9.892,1.1063,"day,code,turnover_ratio,market_cap,circulating_market_cap,pe_ratio,pb_ratio"
2021-11-03,000001.XSHE,0.5746,3498.8871,3498.8575,9.8104,1.0971,"day,code,turnover_ratio,market_cap,circulating_market_cap,pe_ratio,pb_ratio"
2021-11-04,000001.XSHE,0.5068,3467.8376,3467.8083,9.7234,1.0874,"day,code,turnover_ratio,market_cap,circulating_market_cap,pe_ratio,pb_ratio"
2021-11-05,000001.XSHE,0.5648,3423.204,3423.1751,9.5982,1.0734,"day,code,turnover_ratio,market_cap,circulating_market_cap,pe_ratio,pb_ratio"
2021-11-08,000001.XSHE,0.7095,3380.511,3380.4824,9.4785,1.06,"day,code,turnover_ratio,market_cap,circulating_market_cap,pe_ratio,pb_ratio"
2021-11-09,000001.XSHE,0.6393,3401.8575,3401.8288,9.5384,1.0667,"day,code,turnover_ratio,market_cap,circulating_market_cap,pe_ratio,pb_ratio"
2021-11-10,000001.XSHE,0.6291,3376.6298,3376.6013,9.4676,1.0588,"day,code,turnover_ratio,market_cap,circulating_market_cap,pe_ratio,pb_ratio"
2021-11-11,000001.XSHE,1.0743,3560.986,3560.9559,9.9845,1.1166,"day,code,turnover_ratio,market_cap,circulating_market_cap,pe_ratio,pb_ratio"
2021-11-12,000001.XSHE,0.4934,3545.4613,3545.4313,9.941,1.1117,"day,code,turnover_ratio,market_cap,circulating_market_cap,pe_ratio,pb_ratio"
2021-11-15,000001.XSHE,0.3376,3576.5107,3576.4805,10.0281,1.1215,"day,code,turnover_ratio,market_cap,circulating_market_cap,pe_ratio,pb_ratio"
2021-11-16,000001.XSHE,0.3098,3535.7583,3535.7285,9.9138,1.1087,"day,code,turnover_ratio,market_cap,circulating_market_cap,pe_ratio,pb_ratio"
2021-11-17,000001.XSHE,0.3425,3514.4118,3514.3821,9.854,1.102,"day,code,turnover_ratio,market_cap,circulating_market_cap,pe_ratio,pb_ratio"
2021-11-18,000001.XSHE,0.4122,3454.2534,3454.2243,9.6853,1.0831,"day,code,turnover_ratio,market_cap,circulating_market_cap,pe_ratio,pb_ratio"
2021-11-19,000001.XSHE,0.4052,3522.1742,3522.1444,9.8757,1.1044,"day,code,turnover_ratio,market_cap,circulating_market_cap,pe_ratio,pb_ratio"
2021-11-22,000001.XSHE,0.3806,3516.3524,3516.3227,9.8594,1.1026,"day,code,turnover_ratio,market_cap,circulating_market_cap,pe_ratio,pb_ratio"
2021-11-23,000001.XSHE,0.6369,3469.7782,3469.7489,9.7288,1.088,"day,code,turnover_ratio,market_cap,circulating_market_cap,pe_ratio,pb_ratio"
2021-11-24,000001.XSHE,0.382,3467.8376,3467.8083,9.7234,1.0874,"day,code,turnover_ratio,market_cap,circulating_market_cap,pe_ratio,pb_ratio"
2021-11-25,000001.XSHE,0.311,3430.9663,3430.9374,9.62,1.0758,"day,code,turnover_ratio,market_cap,circulating_market_cap,pe_ratio,pb_ratio"
2021-11-26,000001.XSHE,0.3579,3411.5604,3411.5316,9.5656,1.0697,"day,code,turnover_ratio,market_cap,circulating_market_cap,pe_ratio,pb_ratio"
2021-11-29,000001.XSHE,0.2641,3397.9763,3397.9476,9.5275,1.0655,"day,code,turnover_ratio,market_cap,circulating_market_cap,pe_ratio,pb_ratio"
2021-11-30,000001.XSHE,0.378,3384.3921,3384.3636,9.4894,1.0612,"day,code,turnover_ratio,market_cap,circulating_market_cap,pe_ratio,pb_ratio"
2021-12-01,000001.XSHE,0.3643,3423.204,3423.1751,9.5982,1.0734,"day,code,turnover_ratio,market_cap,circulating_market_cap,pe_ratio,pb_ratio"
2021-12-02,000001.XSHE,0.5126,3413.501,3413.4722,9.571,1.0704,"day,code,turnover_ratio,market_cap,circulating_market_cap,pe_ratio,pb_ratio"
2021-12-03,000001.XSHE,0.3646,3425.1446,3425.1157,9.6037,1.074,"day,code,turnover_ratio,market_cap,circulating_market_cap,pe_ratio,pb_ratio"
2021-12-06,000001.XSHE,1.1057,3512.4712,3512.4416,9.8485,1.1014,"day,code,turnover_ratio,market_cap,circulating_market_cap,pe_ratio,pb_ratio"
2021-12-07,000001.XSHE,0.833,3582.3325,3582.3023,10.0444,1.1233,"day,code,turnover_ratio,market_cap,circulating_market_cap,pe_ratio,pb_ratio"
2021-12-08,000001.XSHE,0.5051,3584.2731,3584.2429,10.0498,1.1239,"day,code,turnover_ratio,market_cap,circulating_market_cap,pe_ratio,pb_ratio"
2021-12-09,000001.XSHE,0.7502,3628.9067,3628.8761,10.175,1.1379,"day,code,turnover_ratio,market_cap,circulating_market_cap,pe_ratio,pb_ratio"
2021-12-10,000001.XSHE,0.5098,3566.8078,3566.7777,10.0009,1.1184,"day,code,turnover_ratio,market_cap,circulating_market_cap,pe_ratio,pb_ratio"
2021-12-13,000001.XSHE,0.6774,3545.4613,3545.4313,9.941,1.1117,"day,code,turnover_ratio,market_cap,circulating_market_cap,pe_ratio,pb_ratio"
2021-12-14,000001.XSHE,0.9983,3411.5604,3411.5316,9.5656,1.0697,"day,code,turnover_ratio,market_cap,circulating_market_cap,pe_ratio,pb_ratio"
2021-12-15,000001.XSHE,0.6671,3405.7386,3405.7099,9.5492,1.0679,"day,code,turnover_ratio,market_cap,circulating_market_cap,pe_ratio,pb_ratio"
2021-12-16,000001.XSHE,0.4223,3438.7287,3438.6997,9.6417,1.0783,"day,code,turnover_ratio,market_cap,circulating_market_cap,pe_ratio,pb_ratio"
2021-12-17,000001.XSHE,0.3104,3409.6198,3409.5911,9.5601,1.0691,"day,code,turnover_ratio,market_cap,circulating_market_cap,pe_ratio,pb_ratio"
2021-12-20,000001.XSHE,0.3846,3399.9169,3399.8882,9.5329,1.0661,"day,code,turnover_ratio,market_cap,circulating_market_cap,pe_ratio,pb_ratio"
2021-12-21,000001.XSHE,0.4606,3413.501,3413.4722,9.571,1.0704,"day,code,turnover_ratio,market_cap,circulating_market_cap,pe_ratio,pb_ratio"
2021-12-22,000001.XSHE,0.5034,3374.6892,3374.6607,9.4622,1.0582,"day,code,turnover_ratio,market_cap,circulating_market_cap,pe_ratio,pb_ratio"
2021-12-23,000001.XSHE,0.546,3361.105,3361.0767,9.4241,1.0539,"day,code,turnover_ratio,market_cap,circulating_market_cap,pe_ratio,pb_ratio"
2021-12-24,000001.XSHE,0.2516,3359.1644,3359.1361,9.4187,1.0533,"day,code,turnover_ratio,market_cap,circulating_market_cap,pe_ratio,pb_ratio"
2021-12-27,000001.XSHE,0.3768,3341.6991,3341.6709,9.3697,1.0478,"day,code,turnover_ratio,market_cap,circulating_market_cap,pe_ratio,pb_ratio"
2021-12-28,000001.XSHE,0.5806,3331.9962,3331.968,9.3425,1.0448,"day,code,turnover_ratio,market_cap,circulating_market_cap,pe_ratio,pb_ratio"
2021-12-29,000001.XSHE,0.7572,3250.4913,3250.4639,9.114,1.0192,"day,code,turnover_ratio,market_cap,circulating_market_cap,pe_ratio,pb_ratio"
2021-12-30,000001.XSHE,0.4105,3264.0754,3264.0479,9.152,1.0235,"day,code,turnover_ratio,market_cap,circulating_market_cap,pe_ratio,pb_ratio"
2021-12-31,000001.XSHE,0.9022,3198.0953,3198.0683,8.967,1.0028,"day,code,turnover_ratio,market_cap,circulating_market_cap,pe_ratio,pb_ratio"
2022-01-04,000001.XSHE,0.6025,3233.026,3232.9987,9.065,1.0138,"day,code,turnover_ratio,market_cap,circulating_market_cap,pe_ratio,pb_ratio"
2022-01-05,000001.XSHE,1.011,3328.115,3328.0869,9.3316,1.0436,"day,code,turnover_ratio,market_cap,circulating_market_cap,pe_ratio,pb_ratio"
2022-01-06,000001.XSHE,0.5709,3322.2932,3322.2652,9.3153,1.0418,"day,code,turnover_ratio,market_cap,circulating_market_cap,pe_ratio,pb_ratio"
2022-01-07,000001.XSHE,0.5806,3337.8179,3337.7898,9.3588,1.0466,"day,code,turnover_ratio,market_cap,circulating_market_cap,pe_ratio,pb_ratio"
2022-01-10,000001.XSHE,0.4688,3335.8773,3335.8492,9.3534,1.046,"day,code,turnover_ratio,market_cap,circulating_market_cap,pe_ratio,pb_ratio"
2022-01-11,000001.XSHE,0.8152,3378.5704,3378.5419,9.4731,1.0594,"day,code,turnover_ratio,market_cap,circulating_market_cap,pe_ratio,pb_ratio"
2022-01-12,000001.XSHE,0.7741,3299.0061,3298.9783,9.25,1.0345,"day,code,turnover_ratio,market_cap,circulating_market_cap,pe_ratio,pb_ratio"
2022-01-13,000001.XSHE,0.4686,3295.1249,3295.0971,9.2391,1.0332,"day,code,turnover_ratio,market_cap,circulating_market_cap,pe_ratio,pb_ratio"
2022-01-14,000001.XSHE,1.0837,3168.9864,3168.9597,8.7213,0.9736,"day,code,turnover_ratio,market_cap,circulating_market_cap,pe_ratio,pb_ratio"
2022-01-17,000001.XSHE,0.5894,3147.6399,3147.6134,8.6626,0.967,"day,code,turnover_ratio,market_cap,circulating_market_cap,pe_ratio,pb_ratio"
2022-01-18,000001.XSHE,0.5941,3205.8577,3205.8306,8.8228,0.9849,"day,code,turnover_ratio,market_cap,circulating_market_cap,pe_ratio,pb_ratio"
2022-01-19,000001.XSHE,0.5093,3201.9765,3201.9495,8.8121,0.9837,"day,code,turnover_ratio,market_cap,circulating_market_cap,pe_ratio,pb_ratio"
2022-01-20,000001.XSHE,1.562,3363.0456,3363.0173,9.2554,1.0332,"day,code,turnover_ratio,market_cap,circulating_market_cap,pe_ratio,pb_ratio"
2022-01-21,000001.XSHE,0.7635,3366.9268,3366.8984,9.2661,1.0344,"day,code,turnover_ratio,market_cap,circulating_market_cap,pe_ratio,pb_ratio"
2022-01-24,000001.XSHE,0.4508,3337.8179,3337.7898,9.186,1.0254,"day,code,turnover_ratio,market_cap,circulating_market_cap,pe_ratio,pb_ratio"
2022-01-25,000001.XSHE,0.5634,3269.8972,3269.8696,8.9991,1.0046,"day,code,turnover_ratio,market_cap,circulating_market_cap,pe_ratio,pb_ratio"
2022-01-26,000001.XSHE,0.5076,3231.0854,3231.0581,8.8922,0.9926,"day,code,turnover_ratio,market_cap,circulating_market_cap,pe_ratio,pb_ratio"
2022-01-27,000001.XSHE,0.528,3163.1647,3163.138,8.7053,0.9718,"day,code,turnover_ratio,market_cap,circulating_market_cap,pe_ratio,pb_ratio"
2022-01-28,000001.XSHE,0.8634,3071.9569,3071.9309,8.4543,0.9438,"day,code,turnover_ratio,market_cap,circulating_market_cap,pe_ratio,pb_ratio"
2022-02-07,000001.XSHE,0.7809,3180.63,3180.6032,8.7534,0.9771,"day,code,turnover_ratio,market_cap,circulating_market_cap,pe_ratio,pb_ratio"
2022-02-08,000001.XSHE,0.9042,3266.016,3265.9885,8.9884,1.0034,"day,code,turnover_ratio,market_cap,circulating_market_cap,pe_ratio,pb_ratio"
2022-02-09,000001.XSHE,0.5417,3271.8378,3271.8102,9.0044,1.0052,"day,code,turnover_ratio,market_cap,circulating_market_cap,pe_ratio,pb_ratio"
2022-02-10,000001.XSHE,0.4043,3297.0655,3297.0377,9.0738,1.0129,"day,code,turnover_ratio,market_cap,circulating_market_cap,pe_ratio,pb_ratio"
2022-02-11,000001.XSHE,0.5556,3318.412,3318.384,9.1326,1.0195,"day,code,turnover_ratio,market_cap,circulating_market_cap,pe_ratio,pb_ratio"
2022-02-14,000001.XSHE,0.5929,3217.5012,3217.4741,8.8549,0.9885,"day,code,turnover_ratio,market_cap,circulating_market_cap,pe_ratio,pb_ratio"
2022-02-15,000001.XSHE,0.6226,3159.2835,3159.2568,8.6946,0.9706,"day,code,turnover_ratio,market_cap,circulating_market_cap,pe_ratio,pb_ratio"
2022-02-16,000001.XSHE,0.4032,3184.5112,3184.4843,8.7641,0.9783,"day,code,turnover_ratio,market_cap,circulating_market_cap,pe_ratio,pb_ratio"
2022-02-17,000001.XSHE,0.4094,3186.4518,3186.4249,8.7694,0.9789,"day,code,turnover_ratio,market_cap,circulating_market_cap,pe_ratio,pb_ratio"
2022-02-18,000001.XSHE,0.4135,3254.3725,3254.345,8.9563,0.9998,"day,code,turnover_ratio,market_cap,circulating_market_cap,pe_ratio,pb_ratio"
2022-02-21,000001.XSHE,0.4128,3203.9171,3203.8901,8.8175,0.9843,"day,code,turnover_ratio,market_cap,circulating_market_cap,pe_ratio,pb_ratio"
2022-02-22,000001.XSHE,0.4612,3149.5805,3149.554,8.6679,0.9676,"day,code,turnover_ratio,market_cap,circulating_market_cap,pe_ratio,pb_ratio"
2022-02-23,000001.XSHE,0.4569,3141.8182,3141.7916,8.6466,0.9652,"day,code,turnover_ratio,market_cap,circulating_market_cap,pe_ratio,pb_ratio"
2022-02-24,000001.XSHE,0.6823,3087.4816,3087.4555,8.497,0.9485,"day,code,turnover_ratio,market_cap,circulating_market_cap,pe_ratio,pb_ratio"
2022-02-25,000001.XSHE,0.3743,3085.541,3085.515,8.4917,0.9479,"day,code,turnover_ratio,market_cap,circulating_market_cap,pe_ratio,pb_ratio"
2022-02-28,000001.XSHE,0.3731,3056.4321,3056.4063,8.4116,0.939,"day,code,turnover_ratio,market_cap,circulating_market_cap,pe_ratio,pb_ratio"
2022-03-01,000001.XSHE,0.4818,3089.4222,3089.3961,8.5024,0.9491,"day,code,turnover_ratio,market_cap,circulating_market_cap,pe_ratio,pb_ratio"
2022-03-02,000001.XSHE,0.392,3042.848,3042.8223,8.3742,0.9348,"day,code,turnover_ratio,market_cap,circulating_market_cap,pe_ratio,pb_ratio"
2022-03-03,000001.XSHE,0.298,3048.6697,3048.644,8.3902,0.9366,"day,code,turnover_ratio,market_cap,circulating_market_cap,pe_ratio,pb_ratio"
2022-03-04,000001.XSHE,0.5106,2974.9273,2974.9022,8.1873,0.9139,"day,code,turnover_ratio,market_cap,circulating_market_cap,pe_ratio,pb_ratio"
2022-03-07,000001.XSHE,0.5736,2856.5512,2856.5271,7.8615,0.8776,"day,code,turnover_ratio,market_cap,circulating_market_cap,pe_ratio,pb_ratio"
2022-03-08,000001.XSHE,0.5169,2776.9869,2776.9635,7.6425,0.8531,"day,code,turnover_ratio,market_cap,circulating_market_cap,pe_ratio,pb_ratio"
2022-03-09,000001.XSHE,0.928,2685.7791,2685.7564,7.3915,0.8251,"day,code,turnover_ratio,market_cap,circulating_market_cap,pe_ratio,pb_ratio"
2022-03-10,000001.XSHE,1.159,2827.4423,2827.3845,7.7814,0.8686,"day,code,turnover_ratio,market_cap,circulating_market_cap,pe_ratio,pb_ratio"
2022-03-11,000001.XSHE,0.7697,2891.4818,2891.4228,7.9576,0.8883,"day,code,turnover_ratio,market_cap,circulating_market_cap,pe_ratio,pb_ratio"
2022-03-14,000001.XSHE,0.5763,2811.9175,2811.8601,7.7387,0.8639,"day,code,turnover_ratio,market_cap,circulating_market_cap,pe_ratio,pb_ratio"
2022-03-15,000001.XSHE,0.918,2654.7296,2654.6754,7.3061,0.8156,"day,code,turnover_ratio,market_cap,circulating_market_cap,pe_ratio,pb_ratio"
2022-03-16,000001.XSHE,0.7894,2776.9869,2776.9302,7.6425,0.8531,"day,code,turnover_ratio,market_cap,circulating_market_cap,pe_ratio,pb_ratio"
2022-03-17,000001.XSHE,0.8915,2804.1552,2804.0979,7.7173,0.8615,"day,code,turnover_ratio,market_cap,circulating_market_cap,pe_ratio,pb_ratio"
2022-03-18,000001.XSHE,0.7878,2852.67,2852.6117,7.8508,0.8764,"day,code,turnover_ratio,market_cap,circulating_market_cap,pe_ratio,pb_ratio"
2022-03-21,000001.XSHE,0.623,2831.3235,2831.2657,7.7921,0.8698,"day,code,turnover_ratio,market_cap,circulating_market_cap,pe_ratio,pb_ratio"
2022-03-22,000001.XSHE,0.8393,2945.8184,2945.7582,8.1072,0.905,"day,code,turnover_ratio,market_cap,circulating_market_cap,pe_ratio,pb_ratio"
2022-03-23,000001.XSHE,0.5411,2910.8877,2910.8283,8.011,0.8943,"day,code,turnover_ratio,market_cap,circulating_market_cap,pe_ratio,pb_ratio"
2022-03-24,000001.XSHE,0.5165,2949.6996,2949.6393,8.1178,0.9062,"day,code,turnover_ratio,market_cap,circulating_market_cap,pe_ratio,pb_ratio"
2022-03-25,000001.XSHE,0.3828,2907.0065,2906.9472,8.0003,0.8931,"day,code,turnover_ratio,market_cap,circulating_market_cap,pe_ratio,pb_ratio"
2022-03-28,000001.XSHE,0.3747,2881.7789,2881.72,7.9309,0.8853,"day,code,turnover_ratio,market_cap,circulating_market_cap,pe_ratio,pb_ratio"
2022-03-29,000001.XSHE,0.3173,2848.7888,2848.7306,7.8401,0.8752,"day,code,turnover_ratio,market_cap,circulating_market_cap,pe_ratio,pb_ratio"
2022-03-30,000001.XSHE,0.6373,2951.6402,2951.5799,8.1232,0.9068,"day,code,turnover_ratio,market_cap,circulating_market_cap,pe_ratio,pb_ratio"
2022-03-31,000001.XSHE,0.5997,2984.6302,2984.5693,8.214,0.9169,"day,code,turnover_ratio,market_cap,circulating_market_cap,pe_ratio,pb_ratio"
2022-04-01,000001.XSHE,0.7652,3056.4321,3056.3697,8.4116,0.939,"day,code,turnover_ratio,market_cap,circulating_market_cap,pe_ratio,pb_ratio"
2022-04-06,000001.XSHE,1.2824,3180.63,3180.565,8.7534,0.9771,"day,code,turnover_ratio,market_cap,circulating_market_cap,pe_ratio,pb_ratio"
2022-04-07,000001.XSHE,0.8549,3159.2835,3159.219,8.6946,0.9706,"day,code,turnover_ratio,market_cap,circulating_market_cap,pe_ratio,pb_ratio"
2022-04-08,000001.XSHE,0.5497,3182.5706,3182.5056,8.7587,0.9777,"day,code,turnover_ratio,market_cap,circulating_market_cap,pe_ratio,pb_ratio"
2022-04-11,000001.XSHE,0.7301,3114.6499,3114.5863,8.5718,0.9569,"day,code,turnover_ratio,market_cap,circulating_market_cap,pe_ratio,pb_ratio"
2022-04-12,000001.XSHE,0.5355,3089.4222,3089.3591,8.5024,0.9491,"day,code,turnover_ratio,market_cap,circulating_market_cap,pe_ratio,pb_ratio"
2022-04-13,000001.XSHE,0.459,3066.1351,3066.0725,8.4383,0.942,"day,code,turnover_ratio,market_cap,circulating_market_cap,pe_ratio,pb_ratio"
2022-04-14,000001.XSHE,0.479,3112.7093,3112.6457,8.5665,0.9563,"day,code,turnover_ratio,market_cap,circulating_market_cap,pe_ratio,pb_ratio"
2022-04-15,000001.XSHE,0.6347,3186.4518,3186.3867,8.7694,0.9789,"day,code,turnover_ratio,market_cap,circulating_market_cap,pe_ratio,pb_ratio"
2022-04-18,000001.XSHE,0.5601,3085.541,3085.478,8.4917,0.9479,"day,code,turnover_ratio,market_cap,circulating_market_cap,pe_ratio,pb_ratio"
2022-04-19,000001.XSHE,0.4235,3068.0757,3068.013,8.4436,0.9426,"day,code,turnover_ratio,market_cap,circulating_market_cap,pe_ratio,pb_ratio"
2022-04-20,000001.XSHE,0.3693,3075.838,3075.7752,8.465,0.9449,"day,code,turnover_ratio,market_cap,circulating_market_cap,pe_ratio,pb_ratio"
2022-04-21,000001.XSHE,0.3658,3068.0757,3068.013,8.4436,0.9426,"day,code,turnover_ratio,market_cap,circulating_market_cap,pe_ratio,pb_ratio"
2022-04-22,000001.XSHE,0.4747,3116.5905,3116.5268,8.5771,0.9575,"day,code,turnover_ratio,market_cap,circulating_market_cap,pe_ratio,pb_ratio"
2022-04-25,000001.XSHE,0.8577,2881.7789,2881.72,7.9309,0.8853,"day,code,turnover_ratio,market_cap,circulating_market_cap,pe_ratio,pb_ratio"
2022-04-26,000001.XSHE,0.5092,2858.4918,2858.4334,7.8668,0.8782,"day,code,turnover_ratio,market_cap,circulating_market_cap,pe_ratio,pb_ratio"
2022-04-27,000001.XSHE,0.768,3037.0262,3036.9642,7.7765,0.9033,"day,code,turnover_ratio,market_cap,circulating_market_cap,pe_ratio,pb_ratio"
2022-04-28,000001.XSHE,0.4699,3037.0262,3036.9642,7.7765,0.9033,"day,code,turnover_ratio,market_cap,circulating_market_cap,pe_ratio,pb_ratio"
2022-04-29,000001.XSHE,0.8477,2972.9867,2972.926,7.6125,0.8842,"day,code,turnover_ratio,market_cap,circulating_market_cap,pe_ratio,pb_ratio"
2022-05-05,000001.XSHE,0.4072,2972.9867,2972.926,7.6125,0.8842,"day,code,turnover_ratio,market_cap,circulating_market_cap,pe_ratio,pb_ratio"
2022-05-06,000001.XSHE,0.429,2903.1254,2903.0661,7.4336,0.8634,"day,code,turnover_ratio,market_cap,circulating_market_cap,pe_ratio,pb_ratio"
2022-05-09,000001.XSHE,0.4218,2823.5611,2823.5034,7.2299,0.8398,"day,code,turnover_ratio,market_cap,circulating_market_cap,pe_ratio,pb_ratio"
2022-05-10,000001.XSHE,0.5113,2831.3235,2831.2657,7.2498,0.8421,"day,code,turnover_ratio,market_cap,circulating_market_cap,pe_ratio,pb_ratio"
2022-05-11,000001.XSHE,0.4373,2839.0858,2839.0279,7.2696,0.8444,"day,code,turnover_ratio,market_cap,circulating_market_cap,pe_ratio,pb_ratio"
2022-05-12,000001.XSHE,0.353,2790.571,2790.5141,7.1454,0.83,"day,code,turnover_ratio,market_cap,circulating_market_cap,pe_ratio,pb_ratio"
2022-05-13,000001.XSHE,0.3485,2835.2046,2835.1468,7.2597,0.8432,"day,code,turnover_ratio,market_cap,circulating_market_cap,pe_ratio,pb_ratio"
2022-05-16,000001.XSHE,0.3443,2796.3928,2796.3357,7.1603,0.8317,"day,code,turnover_ratio,market_cap,circulating_market_cap,pe_ratio,pb_ratio"
2022-05-17,000001.XSHE,0.48,2854.6106,2854.5523,7.3094,0.849,"day,code,turnover_ratio,market_cap,circulating_market_cap,pe_ratio,pb_ratio"
2022-05-18,000001.XSHE,0.4012,2862.3729,2862.3145,7.3293,0.8513,"day,code,turnover_ratio,market_cap,circulating_market_cap,pe_ratio,pb_ratio"
2022-05-19,000001.XSHE,0.3045,2837.1452,2837.0873,7.2647,0.8438,"day,code,turnover_ratio,market_cap,circulating_market_cap,pe_ratio,pb_ratio"
2022-05-20,000001.XSHE,0.4888,2914.7689,2914.7094,7.4634,0.8669,"day,code,turnover_ratio,market_cap,circulating_market_cap,pe_ratio,pb_ratio"
2022-05-23,000001.XSHE,0.3338,2877.8977,2877.8389,7.369,0.8559,"day,code,turnover_ratio,market_cap,circulating_market_cap,pe_ratio,pb_ratio"
2022-05-24,000001.XSHE,0.4811,2794.4522,2794.3952,7.1554,0.8311,"day,code,turnover_ratio,market_cap,circulating_market_cap,pe_ratio,pb_ratio"
2022-05-25,000001.XSHE,0.3109,2792.5116,2792.4546,7.1504,0.8305,"day,code,turnover_ratio,market_cap,circulating_market_cap,pe_ratio,pb_ratio"
2022-05-26,000001.XSHE,0.5211,2753.6998,2753.6436,7.051,0.819,"day,code,turnover_ratio,market_cap,circulating_market_cap,pe_ratio,pb_ratio"
2022-05-27,000001.XSHE,0.3726,2751.7592,2751.703,7.046,0.8184,"day,code,turnover_ratio,market_cap,circulating_market_cap,pe_ratio,pb_ratio"
2022-05-30,000001.XSHE,0.4622,2732.3533,2732.2975,6.9963,0.8126,"day,code,turnover_ratio,market_cap,circulating_market_cap,pe_ratio,pb_ratio"
2022-05-31,000001.XSHE,0.4838,2747.878,2747.8219,7.0361,0.8173,"day,code,turnover_ratio,market_cap,circulating_market_cap,pe_ratio,pb_ratio"
2022-06-01,000001.XSHE,0.4356,2732.3533,2732.2975,6.9963,0.8126,"day,code,turnover_ratio,market_cap,circulating_market_cap,pe_ratio,pb_ratio"
2022-06-02,000001.XSHE,0.5046,2707.1256,2707.0703,6.9317,0.8051,"day,code,turnover_ratio,market_cap,circulating_market_cap,pe_ratio,pb_ratio"
2022-06-06,000001.XSHE,0.8816,2749.8186,2749.7625,7.0411,0.8178,"day,code,turnover_ratio,market_cap,circulating_market_cap,pe_ratio,pb_ratio"
2022-06-07,000001.XSHE,0.6777,2747.878,2747.8219,7.0361,0.8173,"day,code,turnover_ratio,market_cap,circulating_market_cap,pe_ratio,pb_ratio"
2022-06-08,000001.XSHE,0.5903,2747.878,2747.8219,7.0361,0.8173,"day,code,turnover_ratio,market_cap,circulating_market_cap,pe_ratio,pb_ratio"
2022-06-09,000001.XSHE,0.8415,2784.7493,2784.6924,7.1305,0.8282,"day,code,turnover_ratio,market_cap,circulating_market_cap,pe_ratio,pb_ratio"
2022-06-10,000001.XSHE,0.6936,2778.9275,2778.8707,7.1156,0.8265,"day,code,turnover_ratio,market_cap,circulating_market_cap,pe_ratio,pb_ratio"
2022-06-13,000001.XSHE,0.7976,2699.3632,2699.3081,6.9119,0.8028,"day,code,turnover_ratio,market_cap,circulating_market_cap,pe_ratio,pb_ratio"
2022-06-14,000001.XSHE,0.5934,2740.1156,2740.0597,7.0162,0.815,"day,code,turnover_ratio,market_cap,circulating_market_cap,pe_ratio,pb_ratio"
2022-06-15,000001.XSHE,1.7591,2860.4323,2860.3739,7.3243,0.8507,"day,code,turnover_ratio,market_cap,circulating_market_cap,pe_ratio,pb_ratio"
2022-06-16,000001.XSHE,0.6867,2802.2146,2802.1574,7.1752,0.8334,"day,code,turnover_ratio,market_cap,circulating_market_cap,pe_ratio,pb_ratio"
2022-06-17,000001.XSHE,0.543,2804.1552,2804.0979,7.1802,0.834,"day,code,turnover_ratio,market_cap,circulating_market_cap,pe_ratio,pb_ratio"
2022-06-20,000001.XSHE,0.5319,2782.8087,2782.7518,7.1255,0.8276,"day,code,turnover_ratio,market_cap,circulating_market_cap,pe_ratio,pb_ratio"
2022-06-21,000001.XSHE,0.6811,2788.6304,2788.5735,7.1404,0.8294,"day,code,turnover_ratio,market_cap,circulating_market_cap,pe_ratio,pb_ratio"
2022-06-22,000001.XSHE,0.5442,2732.3533,2732.2975,6.9963,0.8126,"day,code,turnover_ratio,market_cap,circulating_market_cap,pe_ratio,pb_ratio"
2022-06-23,000001.XSHE,0.4154,2755.6404,2755.5841,7.056,0.8196,"day,code,turnover_ratio,market_cap,circulating_market_cap,pe_ratio,pb_ratio"
2022-06-24,000001.XSHE,0.4463,2761.4622,2761.4058,7.0709,0.8213,"day,code,turnover_ratio,market_cap,circulating_market_cap,pe_ratio,pb_ratio"
2022-06-27,000001.XSHE,0.7716,2811.9175,2811.8601,7.2001,0.8363,"day,code,turnover_ratio,market_cap,circulating_market_cap,pe_ratio,pb_ratio"
2022-06-28,000001.XSHE,0.5798,2839.0858,2839.0279,7.2696,0.8444,"day,code,turnover_ratio,market_cap,circulating_market_cap,pe_ratio,pb_ratio"
2022-06-29,000001.XSHE,0.6527,2841.0264,2840.9684,7.2746,0.845,"day,code,turnover_ratio,market_cap,circulating_market_cap,pe_ratio,pb_ratio"
2022-06-30,000001.XSHE,0.7981,2907.0065,2906.9472,7.4436,0.8646,"day,code,turnover_ratio,market_cap,circulating_market_cap,pe_ratio,pb_ratio"
2022-07-01,000001.XSHE,0.4016,2895.363,2895.3039,7.4137,0.8611,"day,code,turnover_ratio,market_cap,circulating_market_cap,pe_ratio,pb_ratio"
2022-07-04,000001.XSHE,0.4303,2899.2442,2899.185,7.4237,0.8623,"day,code,turnover_ratio,market_cap,circulating_market_cap,pe_ratio,pb_ratio"
2022-07-05,000001.XSHE,0.5747,2893.4224,2893.3633,7.4088,0.8605,"day,code,turnover_ratio,market_cap,circulating_market_cap,pe_ratio,pb_ratio"
2022-07-06,000001.XSHE,0.5376,2819.6799,2819.6223,7.22,0.8386,"day,code,turnover_ratio,market_cap,circulating_market_cap,pe_ratio,pb_ratio"
2022-07-07,000001.XSHE,0.3763,2798.3334,2798.2763,7.1653,0.8323,"day,code,turnover_ratio,market_cap,circulating_market_cap,pe_ratio,pb_ratio"
2022-07-08,000001.XSHE,0.3296,2821.6205,2821.5629,7.2249,0.8392,"day,code,turnover_ratio,market_cap,circulating_market_cap,pe_ratio,pb_ratio"
2022-07-11,000001.XSHE,0.3152,2806.0958,2806.0385,7.1852,0.8346,"day,code,turnover_ratio,market_cap,circulating_market_cap,pe_ratio,pb_ratio"
2022-07-12,000001.XSHE,0.3828,2798.3334,2798.2763,7.1653,0.8323,"day,code,turnover_ratio,market_cap,circulating_market_cap,pe_ratio,pb_ratio"
2022-07-13,000001.XSHE,1.1213,2711.0068,2710.9514,6.9417,0.8063,"day,code,turnover_ratio,market_cap,circulating_market_cap,pe_ratio,pb_ratio"
2022-07-14,000001.XSHE,1.3564,2594.5713,2594.5183,6.6435,0.7717,"day,code,turnover_ratio,market_cap,circulating_market_cap,pe_ratio,pb_ratio"
2022-07-15,000001.XSHE,0.8238,2569.3436,2569.2911,6.579,0.7642,"day,code,turnover_ratio,market_cap,circulating_market_cap,pe_ratio,pb_ratio"
2022-07-18,000001.XSHE,0.5944,2598.4524,2598.3994,6.6535,0.7728,"day,code,turnover_ratio,market_cap,circulating_market_cap,pe_ratio,pb_ratio"
2022-07-19,000001.XSHE,0.3894,2604.2742,2604.221,6.6684,0.7745,"day,code,turnover_ratio,market_cap,circulating_market_cap,pe_ratio,pb_ratio"
2022-07-20,000001.XSHE,0.413,2598.4524,2598.3994,6.6535,0.7728,"day,code,turnover_ratio,market_cap,circulating_market_cap,pe_ratio,pb_ratio"
2022-07-21,000001.XSHE,1.0154,2524.71,2524.6584,6.4647,0.7509,"day,code,turnover_ratio,market_cap,circulating_market_cap,pe_ratio,pb_ratio"
2022-07-22,000001.XSHE,0.7093,2485.8981,2485.8474,6.3653,0.7393,"day,code,turnover_ratio,market_cap,circulating_market_cap,pe_ratio,pb_ratio"
2022-07-25,000001.XSHE,0.3937,2487.8387,2487.7879,6.3703,0.7399,"day,code,turnover_ratio,market_cap,circulating_market_cap,pe_ratio,pb_ratio"
2022-07-26,000001.XSHE,0.5277,2505.304,2505.2529,6.415,0.7451,"day,code,turnover_ratio,market_cap,circulating_market_cap,pe_ratio,pb_ratio"
2022-07-27,000001.XSHE,0.4761,2482.0169,2481.9663,6.3553,0.7382,"day,code,turnover_ratio,market_cap,circulating_market_cap,pe_ratio,pb_ratio"
2022-07-28,000001.XSHE,0.3867,2499.4823,2499.4312,6.4001,0.7434,"day,code,turnover_ratio,market_cap,circulating_market_cap,pe_ratio,pb_ratio"
2022-07-29,000001.XSHE,0.4285,2460.6704,2460.6202,6.3007,0.7318,"day,code,turnover_ratio,market_cap,circulating_market_cap,pe_ratio,pb_ratio"
2022-08-01,000001.XSHE,0.5286,2410.215,2410.1658,6.1715,0.7168,"day,code,turnover_ratio,market_cap,circulating_market_cap,pe_ratio,pb_ratio"
2022-08-02,000001.XSHE,0.7075,2379.1656,2379.117,6.092,0.7076,"day,code,turnover_ratio,market_cap,circulating_market_cap,pe_ratio,pb_ratio"
2022-08-03,000001.XSHE,0.3845,2334.532,2334.4843,5.9777,0.6943,"day,code,turnover_ratio,market_cap,circulating_market_cap,pe_ratio,pb_ratio"
2022-08-04,000001.XSHE,0.3106,2359.7597,2359.7115,6.0423,0.7018,"day,code,turnover_ratio,market_cap,circulating_market_cap,pe_ratio,pb_ratio"
2022-08-05,000001.XSHE,0.3944,2388.8685,2388.8198,6.1168,0.7105,"day,code,turnover_ratio,market_cap,circulating_market_cap,pe_ratio,pb_ratio"
2022-08-08,000001.XSHE,0.2845,2367.522,2367.4737,6.0622,0.7041,"day,code,turnover_ratio,market_cap,circulating_market_cap,pe_ratio,pb_ratio"
2022-08-09,000001.XSHE,0.2878,2351.9973,2351.9493,6.0224,0.6995,"day,code,turnover_ratio,market_cap,circulating_market_cap,pe_ratio,pb_ratio"
2022-08-10,000001.XSHE,0.352,2340.3537,2340.3059,5.9926,0.6961,"day,code,turnover_ratio,market_cap,circulating_market_cap,pe_ratio,pb_ratio"
2022-08-11,000001.XSHE,0.7211,2396.6309,2396.582,6.1367,0.7128,"day,code,turnover_ratio,market_cap,circulating_market_cap,pe_ratio,pb_ratio"
2022-08-12,000001.XSHE,0.4228,2402.4527,2402.4036,6.1516,0.7145,"day,code,turnover_ratio,market_cap,circulating_market_cap,pe_ratio,pb_ratio"
2022-08-15,000001.XSHE,0.604,2350.0567,2350.0087,6.0175,0.6989,"day,code,turnover_ratio,market_cap,circulating_market_cap,pe_ratio,pb_ratio"
2022-08-16,000001.XSHE,0.3253,2353.9379,2353.8898,6.0274,0.7001,"day,code,turnover_ratio,market_cap,circulating_market_cap,pe_ratio,pb_ratio"
2022-08-17,000001.XSHE,0.6949,2406.3339,2406.2847,6.1616,0.7157,"day,code,turnover_ratio,market_cap,circulating_market_cap,pe_ratio,pb_ratio"
2022-08-18,000001.XSHE,0.6543,2377.225,2377.1795,5.8207,0.6948,"day,code,turnover_ratio,market_cap,circulating_market_cap,pe_ratio,pb_ratio"
2022-08-19,000001.XSHE,1.0855,2439.3239,2439.2773,5.9727,0.7129,"day,code,turnover_ratio,market_cap,circulating_market_cap,pe_ratio,pb_ratio"
2022-08-22,000001.XSHE,0.5865,2425.7398,2425.6934,5.9395,0.709,"day,code,turnover_ratio,market_cap,circulating_market_cap,pe_ratio,pb_ratio"
2022-08-23,000001.XSHE,0.4748,2394.6903,2394.6445,5.8634,0.6999,"day,code,turnover_ratio,market_cap,circulating_market_cap,pe_ratio,pb_ratio"
2022-08-24,000001.XSHE,0.6675,2406.3339,2406.2878,5.892,0.7033,"day,code,turnover_ratio,market_cap,circulating_market_cap,pe_ratio,pb_ratio"
2022-08-25,000001.XSHE,0.5483,2449.0269,2448.98,5.9965,0.7158,"day,code,turnover_ratio,market_cap,circulating_market_cap,pe_ratio,pb_ratio"
2022-08-26,000001.XSHE,0.478,2447.0863,2447.0395,5.9917,0.7152,"day,code,turnover_ratio,market_cap,circulating_market_cap,pe_ratio,pb_ratio"
2022-08-29,000001.XSHE,0.4764,2410.215,2410.1689,5.9015,0.7044,"day,code,turnover_ratio,market_cap,circulating_market_cap,pe_ratio,pb_ratio"
2022-08-30,000001.XSHE,0.4121,2421.8586,2421.8123,5.93,0.7078,"day,code,turnover_ratio,market_cap,circulating_market_cap,pe_ratio,pb_ratio"
2022-08-31,000001.XSHE,0.8518,2474.2546,2474.2072,6.0583,0.7231,"day,code,turnover_ratio,market_cap,circulating_market_cap,pe_ratio,pb_ratio"
2022-09-01,000001.XSHE,0.4442,2447.0863,2447.0395,5.9917,0.7152,"day,code,turnover_ratio,market_cap,circulating_market_cap,pe_ratio,pb_ratio"
2022-09-02,000001.XSHE,0.4052,2427.6804,2427.6339,5.9442,0.7095,"day,code,turnover_ratio,market_cap,circulating_market_cap,pe_ratio,pb_ratio"
2022-09-05,000001.XSHE,0.3257,2439.3239,2439.2773,5.9727,0.7129,"day,code,turnover_ratio,market_cap,circulating_market_cap,pe_ratio,pb_ratio"
2022-09-06,000001.XSHE,0.3768,2425.7398,2425.6934,5.9395,0.709,"day,code,turnover_ratio,market_cap,circulating_market_cap,pe_ratio,pb_ratio"
2022-09-07,000001.XSHE,0.5049,2392.7497,2392.7039,5.8587,0.6993,"day,code,turnover_ratio,market_cap,circulating_market_cap,pe_ratio,pb_ratio"
2022-09-08,000001.XSHE,0.3201,2398.5715,2398.5256,5.8729,0.701,"day,code,turnover_ratio,market_cap,circulating_market_cap,pe_ratio,pb_ratio"
2022-09-09,000001.XSHE,1.0055,2468.4328,2468.3856,6.044,0.7214,"day,code,turnover_ratio,market_cap,circulating_market_cap,pe_ratio,pb_ratio"
2022-09-13,000001.XSHE,0.8877,2513.0664,2513.0183,6.1533,0.7345,"day,code,turnover_ratio,market_cap,circulating_market_cap,pe_ratio,pb_ratio"
2022-09-14,000001.XSHE,0.4422,2470.3734,2470.3261,6.0488,0.722,"day,code,turnover_ratio,market_cap,circulating_market_cap,pe_ratio,pb_ratio"
2022-09-15,000001.XSHE,0.9487,2522.7694,2522.7211,6.1771,0.7373,"day,code,turnover_ratio,market_cap,circulating_market_cap,pe_ratio,pb_ratio"
2022-09-16,000001.XSHE,0.6995,2437.3833,2437.3367,5.968,0.7124,"day,code,turnover_ratio,market_cap,circulating_market_cap,pe_ratio,pb_ratio"
2022-09-19,000001.XSHE,0.3257,2439.3239,2439.2773,5.9727,0.7129,"day,code,turnover_ratio,market_cap,circulating_market_cap,pe_ratio,pb_ratio"
2022-09-20,000001.XSHE,0.4586,2394.6903,2394.6445,5.8634,0.6999,"day,code,turnover_ratio,market_cap,circulating_market_cap,pe_ratio,pb_ratio"
2022-09-21,000001.XSHE,0.3526,2412.1556,2412.1095,5.9062,0.705,"day,code,turnover_ratio,market_cap,circulating_market_cap,pe_ratio,pb_ratio"
2022-09-22,000001.XSHE,0.302,2384.9873,2384.9417,5.8397,0.6971,"day,code,turnover_ratio,market_cap,circulating_market_cap,pe_ratio,pb_ratio"
2022-09-23,000001.XSHE,0.3022,2384.9873,2384.9417,5.8397,0.6971,"day,code,turnover_ratio,market_cap,circulating_market_cap,pe_ratio,pb_ratio"
2022-09-26,000001.XSHE,0.4657,2328.7102,2328.6656,5.7019,0.6806,"day,code,turnover_ratio,market_cap,circulating_market_cap,pe_ratio,pb_ratio"
2022-09-27,000001.XSHE,0.4069,2357.8191,2357.774,5.7732,0.6891,"day,code,turnover_ratio,market_cap,circulating_market_cap,pe_ratio,pb_ratio"
2022-09-28,000001.XSHE,0.4024,2350.0567,2350.0117,5.7542,0.6868,"day,code,turnover_ratio,market_cap,circulating_market_cap,pe_ratio,pb_ratio"
2022-09-29,000001.XSHE,0.4729,2301.5419,2301.4979,5.6354,0.6727,"day,code,turnover_ratio,market_cap,circulating_market_cap,pe_ratio,pb_ratio"
2022-09-30,000001.XSHE,0.2768,2297.6607,2297.6168,5.6259,0.6715,"day,code,turnover_ratio,market_cap,circulating_market_cap,pe_ratio,pb_ratio"
2022-10-10,000001.XSHE,0.4978,2225.8588,2225.8162,5.4501,0.6505,"day,code,turnover_ratio,market_cap,circulating_market_cap,pe_ratio,pb_ratio"
2022-10-11,000001.XSHE,0.214,2227.7994,2227.7568,5.4548,0.6511,"day,code,turnover_ratio,market_cap,circulating_market_cap,pe_ratio,pb_ratio"
2022-10-12,000001.XSHE,0.2884,2251.0865,2251.0434,5.5118,0.6579,"day,code,turnover_ratio,market_cap,circulating_market_cap,pe_ratio,pb_ratio"
2022-10-13,000001.XSHE,0.4394,2200.6311,2200.589,5.3883,0.6432,"day,code,turnover_ratio,market_cap,circulating_market_cap,pe_ratio,pb_ratio"
2022-10-14,000001.XSHE,0.5648,2237.5024,2237.4596,5.4786,0.6539,"day,code,turnover_ratio,market_cap,circulating_market_cap,pe_ratio,pb_ratio"
2022-10-17,000001.XSHE,0.5281,2227.7994,2227.7568,5.4548,0.6511,"day,code,turnover_ratio,market_cap,circulating_market_cap,pe_ratio,pb_ratio"
2022-10-18,000001.XSHE,0.4879,2227.7994,2227.7568,5.4548,0.6511,"day,code,turnover_ratio,market_cap,circulating_market_cap,pe_ratio,pb_ratio"
2022-10-19,000001.XSHE,0.4761,2190.9282,2190.8863,5.3645,0.6403,"day,code,turnover_ratio,market_cap,circulating_market_cap,pe_ratio,pb_ratio"
2022-10-20,000001.XSHE,0.4029,2173.4628,2173.4213,5.3218,0.6352,"day,code,turnover_ratio,market_cap,circulating_market_cap,pe_ratio,pb_ratio"
2022-10-21,000001.XSHE,0.4048,2152.1163,2152.0752,5.2695,0.629,"day,code,turnover_ratio,market_cap,circulating_market_cap,pe_ratio,pb_ratio"
2022-10-24,000001.XSHE,0.7129,2060.9085,2060.8691,5.0462,0.6023,"day,code,turnover_ratio,market_cap,circulating_market_cap,pe_ratio,pb_ratio"
2022-10-25,000001.XSHE,0.6787,2066.7303,2066.6908,4.7121,0.5815,"day,code,turnover_ratio,market_cap,circulating_market_cap,pe_ratio,pb_ratio"
2022-10-26,000001.XSHE,0.5894,2068.6709,2068.6313,4.7165,0.582,"day,code,turnover_ratio,market_cap,circulating_market_cap,pe_ratio,pb_ratio"
2022-10-27,000001.XSHE,0.4934,2072.5521,2072.5124,4.7254,0.5831,"day,code,turnover_ratio,market_cap,circulating_market_cap,pe_ratio,pb_ratio"
2022-10-28,000001.XSHE,0.5452,2022.0967,2022.058,4.6103,0.5689,"day,code,turnover_ratio,market_cap,circulating_market_cap,pe_ratio,pb_ratio"
2022-10-31,000001.XSHE,0.5066,2006.5719,2006.5336,4.5749,0.5645,"day,code,turnover_ratio,market_cap,circulating_market_cap,pe_ratio,pb_ratio"
2022-11-01,000001.XSHE,0.7118,2070.6115,2070.5719,4.721,0.5825,"day,code,turnover_ratio,market_cap,circulating_market_cap,pe_ratio,pb_ratio"
2022-11-02,000001.XSHE,0.6715,2062.8491,2062.8096,4.7033,0.5804,"day,code,turnover_ratio,market_cap,circulating_market_cap,pe_ratio,pb_ratio"
2022-11-03,000001.XSHE,0.5068,2025.9779,2025.9391,4.6192,0.57,"day,code,turnover_ratio,market_cap,circulating_market_cap,pe_ratio,pb_ratio"
2022-11-04,000001.XSHE,0.9153,2099.7203,2099.6802,4.7873,0.5907,"day,code,turnover_ratio,market_cap,circulating_market_cap,pe_ratio,pb_ratio"
2022-11-07,000001.XSHE,0.5092,2111.3639,2111.3235,4.8139,0.594,"day,code,turnover_ratio,market_cap,circulating_market_cap,pe_ratio,pb_ratio"
2022-11-08,000001.XSHE,0.3005,2105.5421,2105.5018,4.8006,0.5924,"day,code,turnover_ratio,market_cap,circulating_market_cap,pe_ratio,pb_ratio"
2022-11-09,000001.XSHE,0.4288,2113.3045,2113.2641,4.8183,0.5946,"day,code,turnover_ratio,market_cap,circulating_market_cap,pe_ratio,pb_ratio"
2022-11-10,000001.XSHE,0.2845,2109.4233,2109.383,4.8094,0.5935,"day,code,turnover_ratio,market_cap,circulating_market_cap,pe_ratio,pb_ratio"
2022-11-11,000001.XSHE,1.3115,2218.0965,2218.054,5.0572,0.624,"day,code,turnover_ratio,market_cap,circulating_market_cap,pe_ratio,pb_ratio"
2022-11-14,000001.XSHE,1.9953,2319.0072,2318.9629,5.2873,0.6524,"day,code,turnover_ratio,market_cap,circulating_market_cap,pe_ratio,pb_ratio"
2022-11-15,000001.XSHE,0.8111,2330.6508,2330.6062,5.3138,0.6557,"day,code,turnover_ratio,market_cap,circulating_market_cap,pe_ratio,pb_ratio"
2022-11-16,000001.XSHE,0.6589,2293.7795,2293.7356,5.2298,0.6453,"day,code,turnover_ratio,market_cap,circulating_market_cap,pe_ratio,pb_ratio"
2022-11-17,000001.XSHE,0.5622,2268.5518,2268.5084,5.1723,0.6382,"day,code,turnover_ratio,market_cap,circulating_market_cap,pe_ratio,pb_ratio"
2022-11-18,000001.XSHE,0.4473,2249.1459,2249.1029,5.128,0.6328,"day,code,turnover_ratio,market_cap,circulating_market_cap,pe_ratio,pb_ratio"
2022-11-21,000001.XSHE,0.5399,2223.9182,2223.8757,5.0705,0.6257,"day,code,turnover_ratio,market_cap,circulating_market_cap,pe_ratio,pb_ratio"
2022-11-22,000001.XSHE,0.7685,2293.7795,2293.7356,5.2298,0.6453,"day,code,turnover_ratio,market_cap,circulating_market_cap,pe_ratio,pb_ratio"
2022-11-23,000001.XSHE,0.6429,2293.7795,2293.7356,5.2298,0.6453,"day,code,turnover_ratio,market_cap,circulating_market_cap,pe_ratio,pb_ratio"
2022-11-24,000001.XSHE,0.4106,2284.0766,2284.0329,5.2077,0.6426,"day,code,turnover_ratio,market_cap,circulating_market_cap,pe_ratio,pb_ratio"
2022-11-25,000001.XSHE,0.9073,2361.7002,2361.6551,5.3846,0.6644,"day,code,turnover_ratio,market_cap,circulating_market_cap,pe_ratio,pb_ratio"
2022-11-28,000001.XSHE,0.6862,2291.8389,2291.7951,5.2254,0.6448,"day,code,turnover_ratio,market_cap,circulating_market_cap,pe_ratio,pb_ratio"
2022-11-29,000001.XSHE,2.4474,2520.8288,2520.7805,5.7474,0.7092,"day,code,turnover_ratio,market_cap,circulating_market_cap,pe_ratio,pb_ratio"
2022-11-30,000001.XSHE,1.654,2528.5911,2528.5428,5.7651,0.7114,"day,code,turnover_ratio,market_cap,circulating_market_cap,pe_ratio,pb_ratio"
2022-12-01,000001.XSHE,1.032,2542.1753,2542.1267,5.7961,0.7152,"day,code,turnover_ratio,market_cap,circulating_market_cap,pe_ratio,pb_ratio"
2022-12-02,000001.XSHE,0.7236,2503.3634,2503.3156,5.7076,0.7043,"day,code,turnover_ratio,market_cap,circulating_market_cap,pe_ratio,pb_ratio"
2022-12-05,000001.XSHE,1.1789,2625.6207,2625.5705,5.9864,0.7387,"day,code,turnover_ratio,market_cap,circulating_market_cap,pe_ratio,pb_ratio"
2022-12-06,000001.XSHE,0.6455,2606.2148,2606.165,5.9421,0.7332,"day,code,turnover_ratio,market_cap,circulating_market_cap,pe_ratio,pb_ratio"
2022-12-07,000001.XSHE,0.7098,2551.8782,2551.8294,5.8182,0.7179,"day,code,turnover_ratio,market_cap,circulating_market_cap,pe_ratio,pb_ratio"
2022-12-08,000001.XSHE,0.5492,2592.6307,2592.5811,5.9112,0.7294,"day,code,turnover_ratio,market_cap,circulating_market_cap,pe_ratio,pb_ratio"
2022-12-09,000001.XSHE,0.8327,2658.6108,2658.5599,6.0616,0.748,"day,code,turnover_ratio,market_cap,circulating_market_cap,pe_ratio,pb_ratio"
2022-12-12,000001.XSHE,0.7176,2544.1159,2544.0672,5.8005,0.7158,"day,code,turnover_ratio,market_cap,circulating_market_cap,pe_ratio,pb_ratio"
2022-12-13,000001.XSHE,0.465,2569.3436,2569.2944,5.8581,0.7229,"day,code,turnover_ratio,market_cap,circulating_market_cap,pe_ratio,pb_ratio"
2022-12-14,000001.XSHE,0.5019,2567.403,2567.3539,5.8536,0.7223,"day,code,turnover_ratio,market_cap,circulating_market_cap,pe_ratio,pb_ratio"
2022-12-15,000001.XSHE,0.4305,2542.1753,2542.1267,5.7961,0.7152,"day,code,turnover_ratio,market_cap,circulating_market_cap,pe_ratio,pb_ratio"
2022-12-16,000001.XSHE,0.4763,2588.7495,2588.7,5.9023,0.7283,"day,code,turnover_ratio,market_cap,circulating_market_cap,pe_ratio,pb_ratio"
2022-12-19,000001.XSHE,0.5312,2530.5317,2530.4833,5.7696,0.7119,"day,code,turnover_ratio,market_cap,circulating_market_cap,pe_ratio,pb_ratio"
2022-12-20,000001.XSHE,0.4618,2476.1952,2476.1478,5.6457,0.6967,"day,code,turnover_ratio,market_cap,circulating_market_cap,pe_ratio,pb_ratio"
2022-12-21,000001.XSHE,0.3167,2501.4229,2501.375,5.7032,0.7038,"day,code,turnover_ratio,market_cap,circulating_market_cap,pe_ratio,pb_ratio"
2022-12-22,000001.XSHE,0.3465,2513.0664,2513.0183,5.7297,0.707,"day,code,turnover_ratio,market_cap,circulating_market_cap,pe_ratio,pb_ratio"
2022-12-23,000001.XSHE,0.2909,2518.8882,2518.84,5.743,0.7087,"day,code,turnover_ratio,market_cap,circulating_market_cap,pe_ratio,pb_ratio"
2022-12-26,000001.XSHE,0.4108,2478.1358,2478.0883,5.6501,0.6972,"day,code,turnover_ratio,market_cap,circulating_market_cap,pe_ratio,pb_ratio"
2022-12-27,000001.XSHE,0.4566,2544.1159,2544.0672,5.8005,0.7158,"day,code,turnover_ratio,market_cap,circulating_market_cap,pe_ratio,pb_ratio"
2022-12-28,000001.XSHE,0.4077,2549.9377,2549.8889,5.8138,0.7174,"day,code,turnover_ratio,market_cap,circulating_market_cap,pe_ratio,pb_ratio"
2022-12-29,000001.XSHE,0.3437,2528.5911,2528.5428,5.7651,0.7114,"day,code,turnover_ratio,market_cap,circulating_market_cap,pe_ratio,pb_ratio"
2022-12-30,000001.XSHE,0.4215,2553.8188,2553.77,5.8227,0.7185,"day,code,turnover_ratio,market_cap,circulating_market_cap,pe_ratio,pb_ratio"
2023-01-03,000001.XSHE,1.1307,2672.1949,2672.1438,6.0926,0.7518,"day,code,turnover_ratio,market_cap,circulating_market_cap,pe_ratio,pb_ratio"
2023-01-04,000001.XSHE,1.1284,2778.9275,2778.8743,6.3359,0.7818,"day,code,turnover_ratio,market_cap,circulating_market_cap,pe_ratio,pb_ratio"
2023-01-05,000001.XSHE,0.8582,2809.977,2809.9232,6.4067,0.7906,"day,code,turnover_ratio,market_cap,circulating_market_cap,pe_ratio,pb_ratio"
2023-01-06,000001.XSHE,0.6162,2837.1452,2837.091,6.4686,0.7982,"day,code,turnover_ratio,market_cap,circulating_market_cap,pe_ratio,pb_ratio"
2023-01-09,000001.XSHE,0.545,2872.0759,2872.0209,6.5483,0.808,"day,code,turnover_ratio,market_cap,circulating_market_cap,pe_ratio,pb_ratio"
2023-01-10,000001.XSHE,0.6542,2802.2146,2802.161,6.389,0.7884,"day,code,turnover_ratio,market_cap,circulating_market_cap,pe_ratio,pb_ratio"
2023-01-11,000001.XSHE,0.428,2846.8482,2846.7937,6.4908,0.8009,"day,code,turnover_ratio,market_cap,circulating_market_cap,pe_ratio,pb_ratio"
2023-01-12,000001.XSHE,0.3224,2846.8482,2846.7937,6.4908,0.8009,"day,code,turnover_ratio,market_cap,circulating_market_cap,pe_ratio,pb_ratio"
2023-01-13,000001.XSHE,0.4891,2901.1848,2901.1293,6.6146,0.8162,"day,code,turnover_ratio,market_cap,circulating_market_cap,pe_ratio,pb_ratio"
2023-01-16,000001.XSHE,0.8039,2926.4125,2926.3565,6.6722,0.8233,"day,code,turnover_ratio,market_cap,circulating_market_cap,pe_ratio,pb_ratio"
2023-01-17,000001.XSHE,0.4823,2905.066,2905.0104,6.3825,0.7965,"day,code,turnover_ratio,market_cap,circulating_market_cap,pe_ratio,pb_ratio"
2023-01-18,000001.XSHE,0.3702,2932.2342,2932.1781,6.4422,0.8039,"day,code,turnover_ratio,market_cap,circulating_market_cap,pe_ratio,pb_ratio"
2023-01-19,000001.XSHE,0.3308,2928.3531,2928.297,6.4337,0.8029,"day,code,turnover_ratio,market_cap,circulating_market_cap,pe_ratio,pb_ratio"
2023-01-20,000001.XSHE,0.3136,2936.1154,2936.0593,6.4507,0.805,"day,code,turnover_ratio,market_cap,circulating_market_cap,pe_ratio,pb_ratio"
2023-01-30,000001.XSHE,0.7082,2939.9966,2939.9404,6.4593,0.8061,"day,code,turnover_ratio,market_cap,circulating_market_cap,pe_ratio,pb_ratio"
2023-01-31,000001.XSHE,0.531,2908.9471,2908.8915,6.391,0.7975,"day,code,turnover_ratio,market_cap,circulating_market_cap,pe_ratio,pb_ratio"
2023-02-01,000001.XSHE,0.852,2852.67,2852.6154,6.2674,0.7821,"day,code,turnover_ratio,market_cap,circulating_market_cap,pe_ratio,pb_ratio"
2023-02-02,000001.XSHE,0.8131,2833.2641,2833.2099,6.2248,0.7768,"day,code,turnover_ratio,market_cap,circulating_market_cap,pe_ratio,pb_ratio"
2023-02-03,000001.XSHE,0.6423,2778.9275,2778.8743,6.1054,0.7619,"day,code,turnover_ratio,market_cap,circulating_market_cap,pe_ratio,pb_ratio"
2023-02-06,000001.XSHE,0.679,2716.8285,2716.7766,5.969,0.7449,"day,code,turnover_ratio,market_cap,circulating_market_cap,pe_ratio,pb_ratio"
2023-02-07,000001.XSHE,0.448,2757.581,2757.5282,6.0585,0.756,"day,code,turnover_ratio,market_cap,circulating_market_cap,pe_ratio,pb_ratio"
2023-02-08,000001.XSHE,0.339,2724.5909,2724.5388,5.986,0.747,"day,code,turnover_ratio,market_cap,circulating_market_cap,pe_ratio,pb_ratio"
2023-02-09,000001.XSHE,0.4279,2742.0562,2742.0038,6.0244,0.7518,"day,code,turnover_ratio,market_cap,circulating_market_cap,pe_ratio,pb_ratio"
2023-02-10,000001.XSHE,0.4366,2712.9474,2712.8955,5.9604,0.7438,"day,code,turnover_ratio,market_cap,circulating_market_cap,pe_ratio,pb_ratio"
2023-02-13,000001.XSHE,0.9276,2681.8979,2681.8466,5.8922,0.7353,"day,code,turnover_ratio,market_cap,circulating_market_cap,pe_ratio,pb_ratio"
2023-02-14,000001.XSHE,0.4689,2709.0662,2709.0144,5.9519,0.7427,"day,code,turnover_ratio,market_cap,circulating_market_cap,pe_ratio,pb_ratio"
2023-02-15,000001.XSHE,0.6443,2652.789,2652.7383,5.8283,0.7273,"day,code,turnover_ratio,market_cap,circulating_market_cap,pe_ratio,pb_ratio"
2023-02-16,000001.XSHE,0.6592,2639.2049,2639.1544,5.7984,0.7236,"day,code,turnover_ratio,market_cap,circulating_market_cap,pe_ratio,pb_ratio"
2023-02-17,000001.XSHE,0.4732,2606.2148,2606.165,5.7259,0.7145,"day,code,turnover_ratio,market_cap,circulating_market_cap,pe_ratio,pb_ratio"
2023-02-20,000001.XSHE,1.0905,2745.9374,2745.8849,6.0329,0.7529,"day,code,turnover_ratio,market_cap,circulating_market_cap,pe_ratio,pb_ratio"
2023-02-21,000001.XSHE,0.5104,2736.2345,2736.1821,6.0116,0.7502,"day,code,turnover_ratio,market_cap,circulating_market_cap,pe_ratio,pb_ratio"
2023-02-22,000001.XSHE,0.3292,2720.7097,2720.6577,5.9775,0.7459,"day,code,turnover_ratio,market_cap,circulating_market_cap,pe_ratio,pb_ratio"
2023-02-23,000001.XSHE,0.4249,2726.5315,2726.4793,5.9903,0.7475,"day,code,turnover_ratio,market_cap,circulating_market_cap,pe_ratio,pb_ratio"
2023-02-24,000001.XSHE,0.3762,2689.6603,2689.6088,5.9093,0.7374,"day,code,turnover_ratio,market_cap,circulating_market_cap,pe_ratio,pb_ratio"
2023-02-27,000001.XSHE,0.3202,2656.6702,2656.6194,5.8368,0.7284,"day,code,turnover_ratio,market_cap,circulating_market_cap,pe_ratio,pb_ratio"
2023-02-28,000001.XSHE,0.3133,2674.1355,2674.0844,5.8752,0.7332,"day,code,turnover_ratio,market_cap,circulating_market_cap,pe_ratio,pb_ratio"
2023-03-01,000001.XSHE,0.6305,2749.8186,2749.766,6.0414,0.7539,"day,code,turnover_ratio,market_cap,circulating_market_cap,pe_ratio,pb_ratio"
2023-03-02,000001.XSHE,0.5235,2763.4028,2763.3499,6.0713,0.7576,"day,code,turnover_ratio,market_cap,circulating_market_cap,pe_ratio,pb_ratio"
2023-03-03,000001.XSHE,0.3561,2773.1057,2773.0527,6.0926,0.7603,"day,code,turnover_ratio,market_cap,circulating_market_cap,pe_ratio,pb_ratio"
2023-03-06,000001.XSHE,0.7502,2687.7197,2687.6683,5.905,0.7369,"day,code,turnover_ratio,market_cap,circulating_market_cap,pe_ratio,pb_ratio"
2023-03-07,000001.XSHE,0.6592,2656.6702,2656.6194,5.8368,0.7284,"day,code,turnover_ratio,market_cap,circulating_market_cap,pe_ratio,pb_ratio"
2023-03-08,000001.XSHE,0.5652,2625.6207,2625.5705,5.7686,0.7199,"day,code,turnover_ratio,market_cap,circulating_market_cap,pe_ratio,pb_ratio"
2023-03-09,000001.XSHE,0.8946,2561.5812,2561.5322,5.6279,0.7023,"day,code,turnover_ratio,market_cap,circulating_market_cap,pe_ratio,pb_ratio"
2023-03-10,000001.XSHE,0.4416,2549.9377,2549.8889,5.6023,0.6991,"day,code,turnover_ratio,market_cap,circulating_market_cap,pe_ratio,pb_ratio"
2023-03-13,000001.XSHE,0.5156,2532.4723,2532.4239,5.5639,0.6943,"day,code,turnover_ratio,market_cap,circulating_market_cap,pe_ratio,pb_ratio"
2023-03-14,000001.XSHE,0.5921,2497.5417,2497.4939,5.4872,0.6848,"day,code,turnover_ratio,market_cap,circulating_market_cap,pe_ratio,pb_ratio"
2023-03-15,000001.XSHE,0.5047,2532.4723,2532.4239,5.5639,0.6943,"day,code,turnover_ratio,market_cap,circulating_market_cap,pe_ratio,pb_ratio"
2023-03-16,000001.XSHE,0.4724,2487.8387,2487.7911,5.4659,0.6821,"day,code,turnover_ratio,market_cap,circulating_market_cap,pe_ratio,pb_ratio"
2023-03-17,000001.XSHE,0.8023,2474.2546,2474.2072,5.436,0.6784,"day,code,turnover_ratio,market_cap,circulating_market_cap,pe_ratio,pb_ratio"
2023-03-20,000001.XSHE,0.6126,2439.3239,2439.2773,5.3593,0.6688,"day,code,turnover_ratio,market_cap,circulating_market_cap,pe_ratio,pb_ratio"
2023-03-21,000001.XSHE,0.4332,2464.5516,2464.5045,5.4147,0.6757,"day,code,turnover_ratio,market_cap,circulating_market_cap,pe_ratio,pb_ratio"
2023-03-22,000001.XSHE,0.4518,2482.0169,2481.9695,5.4531,0.6805,"day,code,turnover_ratio,market_cap,circulating_market_cap,pe_ratio,pb_ratio"
2023-03-23,000001.XSHE,0.4145,2503.3634,2503.3156,5.5,0.6863,"day,code,turnover_ratio,market_cap,circulating_market_cap,pe_ratio,pb_ratio"
2023-03-24,000001.XSHE,0.3203,2487.8387,2487.7911,5.4659,0.6821,"day,code,turnover_ratio,market_cap,circulating_market_cap,pe_ratio,pb_ratio"
2023-03-27,000001.XSHE,0.5197,2445.1457,2445.0989,5.3721,0.6704,"day,code,turnover_ratio,market_cap,circulating_market_cap,pe_ratio,pb_ratio"
2023-03-28,000001.XSHE,0.3473,2452.9081,2452.8611,5.3891,0.6725,"day,code,turnover_ratio,market_cap,circulating_market_cap,pe_ratio,pb_ratio"
2023-03-29,000001.XSHE,0.3072,2431.5616,2431.515,5.3422,0.6667,"day,code,turnover_ratio,market_cap,circulating_market_cap,pe_ratio,pb_ratio"
2023-03-30,000001.XSHE,0.4249,2460.6704,2460.6234,5.4062,0.6746,"day,code,turnover_ratio,market_cap,circulating_market_cap,pe_ratio,pb_ratio"
2023-03-31,000001.XSHE,0.446,2431.5616,2431.515,5.3422,0.6667,"day,code,turnover_ratio,market_cap,circulating_market_cap,pe_ratio,pb_ratio"
2023-04-03,000001.XSHE,0.3816,2458.7298,2458.6828,5.4019,0.6741,"day,code,turnover_ratio,market_cap,circulating_market_cap,pe_ratio,pb_ratio"
2023-04-04,000001.XSHE,0.3336,2454.8487,2454.8017,5.3934,0.673,"day,code,turnover_ratio,market_cap,circulating_market_cap,pe_ratio,pb_ratio"
2023-04-06,000001.XSHE,0.2903,2441.2645,2441.2178,5.3635,0.6693,"day,code,turnover_ratio,market_cap,circulating_market_cap,pe_ratio,pb_ratio"
2023-04-07,000001.XSHE,0.3133,2449.0269,2448.98,5.3806,0.6715,"day,code,turnover_ratio,market_cap,circulating_market_cap,pe_ratio,pb_ratio"
2023-04-10,000001.XSHE,0.3299,2460.6704,2460.6234,5.4062,0.6746,"day,code,turnover_ratio,market_cap,circulating_market_cap,pe_ratio,pb_ratio"
2023-04-11,000001.XSHE,0.4008,2433.5021,2433.4556,5.3465,0.6672,"day,code,turnover_ratio,market_cap,circulating_market_cap,pe_ratio,pb_ratio"
2023-04-12,000001.XSHE,0.4689,2421.8586,2421.8123,5.3209,0.664,"day,code,turnover_ratio,market_cap,circulating_market_cap,pe_ratio,pb_ratio"
2023-04-13,000001.XSHE,0.5831,2437.3833,2437.3367,5.355,0.6683,"day,code,turnover_ratio,market_cap,circulating_market_cap,pe_ratio,pb_ratio"
2023-04-14,000001.XSHE,0.6689,2462.611,2462.5639,5.4104,0.6752,"day,code,turnover_ratio,market_cap,circulating_market_cap,pe_ratio,pb_ratio"
2023-04-17,000001.XSHE,0.6721,2509.1852,2509.1372,5.5128,0.6879,"day,code,turnover_ratio,market_cap,circulating_market_cap,pe_ratio,pb_ratio"
2023-04-18,000001.XSHE,0.793,2522.7694,2522.7211,5.5426,0.6917,"day,code,turnover_ratio,market_cap,circulating_market_cap,pe_ratio,pb_ratio"
2023-04-19,000001.XSHE,0.5227,2493.6605,2493.6128,5.4786,0.6837,"day,code,turnover_ratio,market_cap,circulating_market_cap,pe_ratio,pb_ratio"
2023-04-20,000001.XSHE,0.4183,2474.2546,2474.2072,5.436,0.6784,"day,code,turnover_ratio,market_cap,circulating_market_cap,pe_ratio,pb_ratio"
2023-04-21,000001.XSHE,0.4734,2425.7398,2425.6934,5.3294,0.6651,"day,code,turnover_ratio,market_cap,circulating_market_cap,pe_ratio,pb_ratio"
2023-04-24,000001.XSHE,0.7563,2348.1161,2348.0712,5.1589,0.6438,"day,code,turnover_ratio,market_cap,circulating_market_cap,pe_ratio,pb_ratio"
2023-04-25,000001.XSHE,0.6709,2383.0468,2383.0012,5.0416,0.6324,"day,code,turnover_ratio,market_cap,circulating_market_cap,pe_ratio,pb_ratio"
2023-04-26,000001.XSHE,0.5108,2351.9973,2351.9523,4.9759,0.6242,"day,code,turnover_ratio,market_cap,circulating_market_cap,pe_ratio,pb_ratio"
2023-04-27,000001.XSHE,0.5174,2379.1656,2379.1201,5.0334,0.6314,"day,code,turnover_ratio,market_cap,circulating_market_cap,pe_ratio,pb_ratio"
2023-04-28,000001.XSHE,0.7448,2435.4427,2435.3961,5.1524,0.6463,"day,code,turnover_ratio,market_cap,circulating_market_cap,pe_ratio,pb_ratio"
2023-05-04,000001.XSHE,0.7618,2470.3734,2470.3261,5.2263,0.6556,"day,code,turnover_ratio,market_cap,circulating_market_cap,pe_ratio,pb_ratio"
2023-05-05,000001.XSHE,0.9081,2505.304,2505.2561,5.3002,0.6649,"day,code,turnover_ratio,market_cap,circulating_market_cap,pe_ratio,pb_ratio"
2023-05-08,000001.XSHE,1.3557,2584.8683,2584.8189,5.4685,0.686,"day,code,turnover_ratio,market_cap,circulating_market_cap,pe_ratio,pb_ratio"
2023-05-09,000001.XSHE,1.2484,2553.8188,2553.77,5.4028,0.6778,"day,code,turnover_ratio,market_cap,circulating_market_cap,pe_ratio,pb_ratio"
2023-05-10,000001.XSHE,0.6375,2491.7199,2491.6722,5.2715,0.6613,"day,code,turnover_ratio,market_cap,circulating_market_cap,pe_ratio,pb_ratio"
2023-05-11,000001.XSHE,0.4657,2493.6605,2493.6128,5.2756,0.6618,"day,code,turnover_ratio,market_cap,circulating_market_cap,pe_ratio,pb_ratio"
2023-05-12,000001.XSHE,0.4564,2449.0269,2448.98,5.1812,0.65,"day,code,turnover_ratio,market_cap,circulating_market_cap,pe_ratio,pb_ratio"
2023-05-15,000001.XSHE,0.4784,2489.7793,2489.7317,5.2674,0.6608,"day,code,turnover_ratio,market_cap,circulating_market_cap,pe_ratio,pb_ratio"
2023-05-16,000001.XSHE,0.5144,2449.0269,2448.98,5.1812,0.65,"day,code,turnover_ratio,market_cap,circulating_market_cap,pe_ratio,pb_ratio"
2023-05-17,000001.XSHE,0.3889,2423.7992,2423.7528,5.1278,0.6433,"day,code,turnover_ratio,market_cap,circulating_market_cap,pe_ratio,pb_ratio"
2023-05-18,000001.XSHE,0.3541,2423.7992,2423.7528,5.1278,0.6433,"day,code,turnover_ratio,market_cap,circulating_market_cap,pe_ratio,pb_ratio"
2023-05-19,000001.XSHE,0.3548,2394.6903,2394.6445,5.0662,0.6355,"day,code,turnover_ratio,market_cap,circulating_market_cap,pe_ratio,pb_ratio"
2023-05-22,000001.XSHE,0.2831,2402.4527,2402.4067,5.0826,0.6376,"day,code,turnover_ratio,market_cap,circulating_market_cap,pe_ratio,pb_ratio"
2023-05-23,000001.XSHE,0.3578,2369.4626,2369.4173,5.0128,0.6288,"day,code,turnover_ratio,market_cap,circulating_market_cap,pe_ratio,pb_ratio"
2023-05-24,000001.XSHE,0.4248,2330.6508,2330.6062,4.9307,0.6185,"day,code,turnover_ratio,market_cap,circulating_market_cap,pe_ratio,pb_ratio"
2023-05-25,000001.XSHE,0.4549,2315.126,2315.0818,4.8979,0.6144,"day,code,turnover_ratio,market_cap,circulating_market_cap,pe_ratio,pb_ratio"
2023-05-26,000001.XSHE,0.2635,2348.1161,2348.0712,4.9677,0.6232,"day,code,turnover_ratio,market_cap,circulating_market_cap,pe_ratio,pb_ratio"
2023-05-29,000001.XSHE,0.2917,2324.829,2324.7845,4.9184,0.617,"day,code,turnover_ratio,market_cap,circulating_market_cap,pe_ratio,pb_ratio"
2023-05-30,000001.XSHE,0.3937,2303.4825,2303.4384,4.8732,0.6113,"day,code,turnover_ratio,market_cap,circulating_market_cap,pe_ratio,pb_ratio"
2023-05-31,000001.XSHE,0.6079,2251.0865,2251.0434,4.7624,0.5974,"day,code,turnover_ratio,market_cap,circulating_market_cap,pe_ratio,pb_ratio"
2023-06-01,000001.XSHE,0.3829,2249.1459,2249.1029,4.7583,0.5969,"day,code,turnover_ratio,market_cap,circulating_market_cap,pe_ratio,pb_ratio"
2023-06-02,000001.XSHE,0.6296,2315.126,2315.0818,4.8979,0.6144,"day,code,turnover_ratio,market_cap,circulating_market_cap,pe_ratio,pb_ratio"
2023-06-05,000001.XSHE,0.2689,2311.2449,2311.2006,4.8897,0.6134,"day,code,turnover_ratio,market_cap,circulating_market_cap,pe_ratio,pb_ratio"
2023-06-06,000001.XSHE,0.4294,2297.6607,2297.6168,4.8609,0.6098,"day,code,turnover_ratio,market_cap,circulating_market_cap,pe_ratio,pb_ratio"
2023-06-07,000001.XSHE,0.3317,2317.0666,2317.0223,4.902,0.6149,"day,code,turnover_ratio,market_cap,circulating_market_cap,pe_ratio,pb_ratio"
2023-06-08,000001.XSHE,0.448,2351.9973,2351.9523,4.9759,0.6242,"day,code,turnover_ratio,market_cap,circulating_market_cap,pe_ratio,pb_ratio"
2023-06-09,000001.XSHE,0.6778,2305.4231,2305.379,4.8773,0.6118,"day,code,turnover_ratio,market_cap,circulating_market_cap,pe_ratio,pb_ratio"
2023-06-12,000001.XSHE,0.391,2287.9578,2287.914,4.8404,0.6072,"day,code,turnover_ratio,market_cap,circulating_market_cap,pe_ratio,pb_ratio"
2023-06-13,000001.XSHE,0.438,2284.0766,2284.0329,4.8322,0.6062,"day,code,turnover_ratio,market_cap,circulating_market_cap,pe_ratio,pb_ratio"
2023-06-14,000001.XSHE,0.551,2225.8588,2225.8162,4.709,0.5907,"day,code,turnover_ratio,market_cap,circulating_market_cap,pe_ratio,pb_ratio"
2023-06-15,000001.XSHE,0.4768,2253.0271,2252.984,4.7665,0.5979,"day,code,turnover_ratio,market_cap,circulating_market_cap,pe_ratio,pb_ratio"
2023-06-16,000001.XSHE,0.4339,2256.9083,2256.8651,4.7747,0.599,"day,code,turnover_ratio,market_cap,circulating_market_cap,pe_ratio,pb_ratio"
2023-06-19,000001.XSHE,0.4916,2221.9776,2221.9351,4.7008,0.5897,"day,code,turnover_ratio,market_cap,circulating_market_cap,pe_ratio,pb_ratio"
2023-06-20,000001.XSHE,0.2806,2204.5123,2204.4701,4.6639,0.5851,"day,code,turnover_ratio,market_cap,circulating_market_cap,pe_ratio,pb_ratio"
2023-06-21,000001.XSHE,0.3177,2202.5717,2202.5296,4.6598,0.5845,"day,code,turnover_ratio,market_cap,circulating_market_cap,pe_ratio,pb_ratio"
2023-06-26,000001.XSHE,0.3487,2169.5817,2169.5401,4.59,0.5758,"day,code,turnover_ratio,market_cap,circulating_market_cap,pe_ratio,pb_ratio"
2023-06-27,000001.XSHE,0.2379,2188.9876,2188.9457,4.631,0.5809,"day,code,turnover_ratio,market_cap,circulating_market_cap,pe_ratio,pb_ratio"
2023-06-28,000001.XSHE,0.1883,2192.8688,2192.8268,4.6392,0.582,"day,code,turnover_ratio,market_cap,circulating_market_cap,pe_ratio,pb_ratio"
2023-06-29,000001.XSHE,0.2504,2169.5817,2169.5401,4.59,0.5758,"day,code,turnover_ratio,market_cap,circulating_market_cap,pe_ratio,pb_ratio"
2023-06-30,000001.XSHE,0.2675,2179.2846,2179.2429,4.6105,0.5784,"day,code,turnover_ratio,market_cap,circulating_market_cap,pe_ratio,pb_ratio"
2023-07-03,000001.XSHE,0.4561,2229.74,2229.6973,4.7172,0.5918,"day,code,turnover_ratio,market_cap,circulating_market_cap,pe_ratio,pb_ratio"
2023-07-04,000001.XSHE,0.3176,2212.2747,2212.2324,4.6803,0.5871,"day,code,turnover_ratio,market_cap,circulating_market_cap,pe_ratio,pb_ratio"
2023-07-05,000001.XSHE,0.2182,2200.6311,2200.589,4.6556,0.584,"day,code,turnover_ratio,market_cap,circulating_market_cap,pe_ratio,pb_ratio"
2023-07-06,000001.XSHE,0.3077,2181.2252,2181.1835,4.6146,0.5789,"day,code,turnover_ratio,market_cap,circulating_market_cap,pe_ratio,pb_ratio"
2023-07-07,000001.XSHE,0.2496,2173.4628,2173.4213,4.5982,0.5768,"day,code,turnover_ratio,market_cap,circulating_market_cap,pe_ratio,pb_ratio"
2023-07-10,000001.XSHE,0.2555,2173.4628,2173.4213,4.5982,0.5768,"day,code,turnover_ratio,market_cap,circulating_market_cap,pe_ratio,pb_ratio"
2023-07-11,000001.XSHE,0.2941,2175.4034,2175.3618,4.6023,0.5773,"day,code,turnover_ratio,market_cap,circulating_market_cap,pe_ratio,pb_ratio"
2023-07-12,000001.XSHE,0.3793,2181.2252,2181.1835,4.6146,0.5789,"day,code,turnover_ratio,market_cap,circulating_market_cap,pe_ratio,pb_ratio"
2023-07-13,000001.XSHE,0.5793,2218.0965,2218.054,4.6926,0.5887,"day,code,turnover_ratio,market_cap,circulating_market_cap,pe_ratio,pb_ratio"
2023-07-14,000001.XSHE,0.3706,2223.9182,2223.8757,4.7049,0.5902,"day,code,turnover_ratio,market_cap,circulating_market_cap,pe_ratio,pb_ratio"
2023-07-17,000001.XSHE,0.3135,2194.8093,2194.7674,4.6433,0.5825,"day,code,turnover_ratio,market_cap,circulating_market_cap,pe_ratio,pb_ratio"
2023-07-18,000001.XSHE,0.2432,2183.1658,2183.124,4.6187,0.5794,"day,code,turnover_ratio,market_cap,circulating_market_cap,pe_ratio,pb_ratio"
2023-07-19,000001.XSHE,0.197,2194.8093,2194.7674,4.6433,0.5825,"day,code,turnover_ratio,market_cap,circulating_market_cap,pe_ratio,pb_ratio"
2023-07-20,000001.XSHE,0.2855,2196.7499,2196.7079,4.6474,0.583,"day,code,turnover_ratio,market_cap,circulating_market_cap,pe_ratio,pb_ratio"
2023-07-21,000001.XSHE,0.1943,2200.6311,2200.589,4.6556,0.584,"day,code,turnover_ratio,market_cap,circulating_market_cap,pe_ratio,pb_ratio"
2023-07-24,000001.XSHE,0.22,2185.1064,2185.0646,4.6228,0.5799,"day,code,turnover_ratio,market_cap,circulating_market_cap,pe_ratio,pb_ratio"
2023-07-25,000001.XSHE,1.0476,2274.3736,2274.3301,4.8117,0.6036,"day,code,turnover_ratio,market_cap,circulating_market_cap,pe_ratio,pb_ratio"
2023-07-26,000001.XSHE,0.3873,2264.6707,2264.6273,4.7911,0.601,"day,code,turnover_ratio,market_cap,circulating_market_cap,pe_ratio,pb_ratio"
2023-07-27,000001.XSHE,0.5747,2280.1954,2280.1518,4.824,0.6051,"day,code,turnover_ratio,market_cap,circulating_market_cap,pe_ratio,pb_ratio"
2023-07-28,000001.XSHE,1.2095,2379.1656,2379.1201,5.0334,0.6314,"day,code,turnover_ratio,market_cap,circulating_market_cap,pe_ratio,pb_ratio"
2023-07-31,000001.XSHE,0.9559,2390.8091,2390.7634,5.058,0.6345,"day,code,turnover_ratio,market_cap,circulating_market_cap,pe_ratio,pb_ratio"
2023-08-01,000001.XSHE,0.4935,2359.7597,2359.7145,4.9923,0.6263,"day,code,turnover_ratio,market_cap,circulating_market_cap,pe_ratio,pb_ratio"
2023-08-02,000001.XSHE,0.575,2334.532,2334.4873,4.9389,0.6196,"day,code,turnover_ratio,market_cap,circulating_market_cap,pe_ratio,pb_ratio"
2023-08-03,000001.XSHE,0.6059,2392.7497,2392.7039,5.0621,0.635,"day,code,turnover_ratio,market_cap,circulating_market_cap,pe_ratio,pb_ratio"
2023-08-04,000001.XSHE,0.6715,2386.9279,2386.8823,5.0498,0.6335,"day,code,turnover_ratio,market_cap,circulating_market_cap,pe_ratio,pb_ratio"
2023-08-07,000001.XSHE,0.3334,2359.7597,2359.7145,4.9923,0.6263,"day,code,turnover_ratio,market_cap,circulating_market_cap,pe_ratio,pb_ratio"
2023-08-08,000001.XSHE,0.374,2348.1161,2348.0712,4.9677,0.6232,"day,code,turnover_ratio,market_cap,circulating_market_cap,pe_ratio,pb_ratio"
2023-08-09,000001.XSHE,0.2977,2361.7002,2361.6551,4.9964,0.6268,"day,code,turnover_ratio,market_cap,circulating_market_cap,pe_ratio,pb_ratio"
2023-08-10,000001.XSHE,0.2451,2359.7597,2359.7145,4.9923,0.6263,"day,code,turnover_ratio,market_cap,circulating_market_cap,pe_ratio,pb_ratio"
2023-08-11,000001.XSHE,0.4862,2307.3637,2307.3195,4.8814,0.6124,"day,code,turnover_ratio,market_cap,circulating_market_cap,pe_ratio,pb_ratio"
2023-08-14,000001.XSHE,0.5029,2264.6707,2264.6273,4.7911,0.601,"day,code,turnover_ratio,market_cap,circulating_market_cap,pe_ratio,pb_ratio"
2023-08-15,000001.XSHE,0.3673,2276.3142,2276.2707,4.8158,0.6041,"day,code,turnover_ratio,market_cap,circulating_market_cap,pe_ratio,pb_ratio"
2023-08-16,000001.XSHE,0.2952,2276.3142,2276.2707,4.8158,0.6041,"day,code,turnover_ratio,market_cap,circulating_market_cap,pe_ratio,pb_ratio"
2023-08-17,000001.XSHE,0.4973,2245.2647,2245.2218,4.7501,0.5959,"day,code,turnover_ratio,market_cap,circulating_market_cap,pe_ratio,pb_ratio"
2023-08-18,000001.XSHE,0.34,2243.3241,2243.2812,4.746,0.5954,"day,code,turnover_ratio,market_cap,circulating_market_cap,pe_ratio,pb_ratio"
2023-08-21,000001.XSHE,0.3615,2196.7499,2196.7079,4.6474,0.583,"day,code,turnover_ratio,market_cap,circulating_market_cap,pe_ratio,pb_ratio"
2023-08-22,000001.XSHE,0.3127,2206.4529,2206.4107,4.668,0.5856,"day,code,turnover_ratio,market_cap,circulating_market_cap,pe_ratio,pb_ratio"
2023-08-23,000001.XSHE,0.3565,2183.1658,2183.124,4.6187,0.5794,"day,code,turnover_ratio,market_cap,circulating_market_cap,pe_ratio,pb_ratio"
2023-08-24,000001.XSHE,0.6654,2159.8787,2159.8374,4.4246,0.5652,"day,code,turnover_ratio,market_cap,circulating_market_cap,pe_ratio,pb_ratio"
2023-08-25,000001.XSHE,0.4356,2179.2846,2179.2429,4.4644,0.5703,"day,code,turnover_ratio,market_cap,circulating_market_cap,pe_ratio,pb_ratio"
2023-08-28,000001.XSHE,1.0294,2235.5618,2235.519,4.5797,0.585,"day,code,turnover_ratio,market_cap,circulating_market_cap,pe_ratio,pb_ratio"
2023-08-29,000001.XSHE,1.0126,2194.8093,2194.7674,4.4962,0.5744,"day,code,turnover_ratio,market_cap,circulating_market_cap,pe_ratio,pb_ratio"
2023-08-30,000001.XSHE,0.7089,2159.8787,2159.8374,4.4246,0.5652,"day,code,turnover_ratio,market_cap,circulating_market_cap,pe_ratio,pb_ratio"
2023-08-31,000001.XSHE,0.4156,2159.8787,2159.8374,4.4246,0.5652,"day,code,turnover_ratio,market_cap,circulating_market_cap,pe_ratio,pb_ratio"
2023-09-01,000001.XSHE,0.5868,2196.7499,2196.7079,4.5002,0.5749,"day,code,turnover_ratio,market_cap,circulating_market_cap,pe_ratio,pb_ratio"
2023-09-04,000001.XSHE,0.7266,2243.3241,2243.2812,4.5956,0.5871,"day,code,turnover_ratio,market_cap,circulating_market_cap,pe_ratio,pb_ratio"
2023-09-05,000001.XSHE,0.4144,2210.3341,2210.2918,4.528,0.5784,"day,code,turnover_ratio,market_cap,circulating_market_cap,pe_ratio,pb_ratio"
2023-09-06,000001.XSHE,0.3271,2218.0965,2218.054,4.5439,0.5805,"day,code,turnover_ratio,market_cap,circulating_market_cap,pe_ratio,pb_ratio"
2023-09-07,000001.XSHE,0.2783,2198.6905,2198.6485,4.5041,0.5754,"day,code,turnover_ratio,market_cap,circulating_market_cap,pe_ratio,pb_ratio"
2023-09-08,000001.XSHE,0.2469,2187.047,2187.0051,4.4803,0.5723,"day,code,turnover_ratio,market_cap,circulating_market_cap,pe_ratio,pb_ratio"
2023-09-11,000001.XSHE,0.3373,2200.6311,2200.589,4.5081,0.5759,"day,code,turnover_ratio,market_cap,circulating_market_cap,pe_ratio,pb_ratio"
2023-09-12,000001.XSHE,0.2553,2188.9876,2188.9457,4.4843,0.5728,"day,code,turnover_ratio,market_cap,circulating_market_cap,pe_ratio,pb_ratio"
2023-09-13,000001.XSHE,0.2526,2183.1658,2183.124,4.4723,0.5713,"day,code,turnover_ratio,market_cap,circulating_market_cap,pe_ratio,pb_ratio"
2023-09-14,000001.XSHE,0.2843,2190.9282,2190.8863,4.4882,0.5733,"day,code,turnover_ratio,market_cap,circulating_market_cap,pe_ratio,pb_ratio"
2023-09-15,000001.XSHE,0.4589,2177.344,2177.3024,4.4604,0.5698,"day,code,turnover_ratio,market_cap,circulating_market_cap,pe_ratio,pb_ratio"
2023-09-18,000001.XSHE,0.2583,2179.2846,2179.2429,4.4644,0.5703,"day,code,turnover_ratio,market_cap,circulating_market_cap,pe_ratio,pb_ratio"
2023-09-19,000001.XSHE,0.2595,2175.4034,2175.3618,4.4564,0.5693,"day,code,turnover_ratio,market_cap,circulating_market_cap,pe_ratio,pb_ratio"
2023-09-20,000001.XSHE,0.288,2163.7599,2163.7185,4.4326,0.5662,"day,code,turnover_ratio,market_cap,circulating_market_cap,pe_ratio,pb_ratio"
2023-09-21,000001.XSHE,0.4349,2144.354,2144.3129,4.3928,0.5612,"day,code,turnover_ratio,market_cap,circulating_market_cap,pe_ratio,pb_ratio"
2023-09-22,000001.XSHE,0.4697,2181.2252,2181.1835,4.4684,0.5708,"day,code,turnover_ratio,market_cap,circulating_market_cap,pe_ratio,pb_ratio"
2023-09-25,000001.XSHE,0.3923,2177.344,2177.3024,4.4604,0.5698,"day,code,turnover_ratio,market_cap,circulating_market_cap,pe_ratio,pb_ratio"
2023-09-26,000001.XSHE,0.2293,2165.7005,2165.659,4.4365,0.5667,"day,code,turnover_ratio,market_cap,circulating_market_cap,pe_ratio,pb_ratio"
2023-09-27,000001.XSHE,0.2527,2167.6411,2167.5996,4.4405,0.5673,"day,code,turnover_ratio,market_cap,circulating_market_cap,pe_ratio,pb_ratio"
2023-09-28,000001.XSHE,0.2683,2173.4628,2173.4213,4.4524,0.5688,"day,code,turnover_ratio,market_cap,circulating_market_cap,pe_ratio,pb_ratio"
2023-10-09,000001.XSHE,0.3586,2155.9975,2155.9563,4.4167,0.5642,"day,code,turnover_ratio,market_cap,circulating_market_cap,pe_ratio,pb_ratio"
2023-10-10,000001.XSHE,0.4229,2138.5322,2138.4913,4.3809,0.5596,"day,code,turnover_ratio,market_cap,circulating_market_cap,pe_ratio,pb_ratio"
2023-10-11,000001.XSHE,0.3731,2130.7698,2130.7291,4.365,0.5576,"day,code,turnover_ratio,market_cap,circulating_market_cap,pe_ratio,pb_ratio"
2023-10-12,000001.XSHE,0.4396,2155.9975,2155.9563,4.4167,0.5642,"day,code,turnover_ratio,market_cap,circulating_market_cap,pe_ratio,pb_ratio"
2023-10-13,000001.XSHE,0.3527,2134.651,2134.6102,4.3729,0.5586,"day,code,turnover_ratio,market_cap,circulating_market_cap,pe_ratio,pb_ratio"
2023-10-16,000001.XSHE,0.2585,2136.5916,2136.5507,4.3769,0.5591,"day,code,turnover_ratio,market_cap,circulating_market_cap,pe_ratio,pb_ratio"
2023-10-17,000001.XSHE,0.2543,2138.5322,2138.4913,4.3809,0.5596,"day,code,turnover_ratio,market_cap,circulating_market_cap,pe_ratio,pb_ratio"
2023-10-18,000001.XSHE,0.3359,2124.948,2124.9074,4.3531,0.5561,"day,code,turnover_ratio,market_cap,circulating_market_cap,pe_ratio,pb_ratio"
2023-10-19,000001.XSHE,0.6127,2057.0273,2056.988,4.2139,0.5383,"day,code,turnover_ratio,market_cap,circulating_market_cap,pe_ratio,pb_ratio"
2023-10-20,000001.XSHE,0.2711,2057.0273,2056.988,4.2139,0.5383,"day,code,turnover_ratio,market_cap,circulating_market_cap,pe_ratio,pb_ratio"
2023-10-23,000001.XSHE,0.2733,2037.6214,2037.5824,4.1742,0.5332,"day,code,turnover_ratio,market_cap,circulating_market_cap,pe_ratio,pb_ratio"
2023-10-24,000001.XSHE,0.392,2047.3244,2047.2852,4.194,0.5358,"day,code,turnover_ratio,market_cap,circulating_market_cap,pe_ratio,pb_ratio"
2023-10-25,000001.XSHE,0.7273,2014.3343,2014.2958,4.154,0.5088,"day,code,turnover_ratio,market_cap,circulating_market_cap,pe_ratio,pb_ratio"
2023-10-26,000001.XSHE,0.3092,2020.1561,2020.1174,4.166,0.5102,"day,code,turnover_ratio,market_cap,circulating_market_cap,pe_ratio,pb_ratio"
2023-10-27,000001.XSHE,0.474,2027.9185,2027.8797,4.182,0.5122,"day,code,turnover_ratio,market_cap,circulating_market_cap,pe_ratio,pb_ratio"
2023-10-30,000001.XSHE,0.4152,2027.9185,2027.8797,4.182,0.5122,"day,code,turnover_ratio,market_cap,circulating_market_cap,pe_ratio,pb_ratio"
2023-10-31,000001.XSHE,0.3364,2029.859,2029.8202,4.186,0.5127,"day,code,turnover_ratio,market_cap,circulating_market_cap,pe_ratio,pb_ratio"
2023-11-01,000001.XSHE,0.2923,2033.7402,2033.7013,4.194,0.5137,"day,code,turnover_ratio,market_cap,circulating_market_cap,pe_ratio,pb_ratio"
2023-11-02,000001.XSHE,0.3192,2033.7402,2033.7013,4.194,0.5137,"day,code,turnover_ratio,market_cap,circulating_market_cap,pe_ratio,pb_ratio"
2023-11-03,000001.XSHE,0.3635,2033.7402,2033.7013,4.194,0.5137,"day,code,turnover_ratio,market_cap,circulating_market_cap,pe_ratio,pb_ratio"
2023-11-06,000001.XSHE,0.519,2074.4927,2074.453,4.278,0.524,"day,code,turnover_ratio,market_cap,circulating_market_cap,pe_ratio,pb_ratio"
2023-11-07,000001.XSHE,0.3302,2057.0273,2056.988,4.242,0.5196,"day,code,turnover_ratio,market_cap,circulating_market_cap,pe_ratio,pb_ratio"
2023-11-08,000001.XSHE,0.4524,2037.6214,2037.5824,4.202,0.5147,"day,code,turnover_ratio,market_cap,circulating_market_cap,pe_ratio,pb_ratio"
2023-11-09,000001.XSHE,0.3294,2035.6808,2035.6419,4.198,0.5142,"day,code,turnover_ratio,market_cap,circulating_market_cap,pe_ratio,pb_ratio"
2023-11-10,000001.XSHE,0.5385,1998.8096,1998.7713,4.1219,0.5049,"day,code,turnover_ratio,market_cap,circulating_market_cap,pe_ratio,pb_ratio"
2023-11-13,000001.XSHE,0.3968,1989.1066,1989.0686,4.1019,0.5024,"day,code,turnover_ratio,market_cap,circulating_market_cap,pe_ratio,pb_ratio"
2023-11-14,000001.XSHE,0.3076,1992.9878,1992.9497,4.1099,0.5034,"day,code,turnover_ratio,market_cap,circulating_market_cap,pe_ratio,pb_ratio"
2023-11-15,000001.XSHE,0.5716,2012.3937,2012.3552,4.1499,0.5083,"day,code,turnover_ratio,market_cap,circulating_market_cap,pe_ratio,pb_ratio"
2023-11-16,000001.XSHE,0.4754,1987.166,1987.128,4.0979,0.5019,"day,code,turnover_ratio,market_cap,circulating_market_cap,pe_ratio,pb_ratio"
2023-11-17,000001.XSHE,0.4655,1969.7007,1969.663,4.0619,0.4975,"day,code,turnover_ratio,market_cap,circulating_market_cap,pe_ratio,pb_ratio"
2023-11-20,000001.XSHE,0.3296,1977.4631,1977.4252,4.0779,0.4995,"day,code,turnover_ratio,market_cap,circulating_market_cap,pe_ratio,pb_ratio"
2023-11-21,000001.XSHE,0.5365,1994.9284,1994.8902,4.1139,0.5039,"day,code,turnover_ratio,market_cap,circulating_market_cap,pe_ratio,pb_ratio"
2023-11-22,000001.XSHE,0.38,1971.6413,1971.6036,4.0659,0.498,"day,code,turnover_ratio,market_cap,circulating_market_cap,pe_ratio,pb_ratio"
2023-11-23,000001.XSHE,0.4363,1969.7007,1969.663,4.0619,0.4975,"day,code,turnover_ratio,market_cap,circulating_market_cap,pe_ratio,pb_ratio"
2023-11-24,000001.XSHE,0.3528,1959.9977,1959.9602,4.0419,0.4951,"day,code,turnover_ratio,market_cap,circulating_market_cap,pe_ratio,pb_ratio"
2023-11-27,000001.XSHE,0.4309,1942.5324,1942.4952,4.0059,0.4906,"day,code,turnover_ratio,market_cap,circulating_market_cap,pe_ratio,pb_ratio"
2023-11-28,000001.XSHE,0.4051,1930.8889,1930.8519,3.9819,0.4877,"day,code,turnover_ratio,market_cap,circulating_market_cap,pe_ratio,pb_ratio"
2023-11-29,000001.XSHE,0.7563,1886.2552,1886.2192,3.8898,0.4764,"day,code,turnover_ratio,market_cap,circulating_market_cap,pe_ratio,pb_ratio"
2023-11-30,000001.XSHE,0.4647,1878.4929,1878.4569,3.8738,0.4745,"day,code,turnover_ratio,market_cap,circulating_market_cap,pe_ratio,pb_ratio"
2023-12-01,000001.XSHE,0.4009,1874.6117,1874.5758,3.8658,0.4735,"day,code,turnover_ratio,market_cap,circulating_market_cap,pe_ratio,pb_ratio"
2023-12-04,000001.XSHE,0.312,1868.7899,1868.7542,3.8538,0.472,"day,code,turnover_ratio,market_cap,circulating_market_cap,pe_ratio,pb_ratio"
2023-12-05,000001.XSHE,0.4057,1839.681,1839.6459,3.7938,0.4647,"day,code,turnover_ratio,market_cap,circulating_market_cap,pe_ratio,pb_ratio"
2023-12-06,000001.XSHE,0.3881,1843.5622,1843.527,3.8018,0.4656,"day,code,turnover_ratio,market_cap,circulating_market_cap,pe_ratio,pb_ratio"
2023-12-07,000001.XSHE,0.3017,1831.9187,1831.8836,3.7778,0.4627,"day,code,turnover_ratio,market_cap,circulating_market_cap,pe_ratio,pb_ratio"
2023-12-08,000001.XSHE,0.5262,1804.7504,1804.7159,3.7217,0.4558,"day,code,turnover_ratio,market_cap,circulating_market_cap,pe_ratio,pb_ratio"
2023-12-11,000001.XSHE,0.5842,1814.4534,1814.4186,3.7418,0.4583,"day,code,turnover_ratio,market_cap,circulating_market_cap,pe_ratio,pb_ratio"
2023-12-12,000001.XSHE,0.4406,1828.0375,1828.0025,3.7698,0.4617,"day,code,turnover_ratio,market_cap,circulating_market_cap,pe_ratio,pb_ratio"
2023-12-13,000001.XSHE,0.5469,1777.5821,1777.5481,3.6657,0.449,"day,code,turnover_ratio,market_cap,circulating_market_cap,pe_ratio,pb_ratio"
2023-12-14,000001.XSHE,0.3828,1775.6415,1775.6075,3.6617,0.4485,"day,code,turnover_ratio,market_cap,circulating_market_cap,pe_ratio,pb_ratio"
2023-12-15,000001.XSHE,0.5096,1787.2851,1787.2509,3.6857,0.4514,"day,code,turnover_ratio,market_cap,circulating_market_cap,pe_ratio,pb_ratio"
2023-12-18,000001.XSHE,0.3372,1771.7603,1771.7264,3.6537,0.4475,"day,code,turnover_ratio,market_cap,circulating_market_cap,pe_ratio,pb_ratio"
2023-12-19,000001.XSHE,0.3319,1765.9386,1765.9048,3.6417,0.446,"day,code,turnover_ratio,market_cap,circulating_market_cap,pe_ratio,pb_ratio"
2023-12-20,000001.XSHE,0.3688,1752.3544,1752.3209,3.6137,0.4426,"day,code,turnover_ratio,market_cap,circulating_market_cap,pe_ratio,pb_ratio"
2023-12-21,000001.XSHE,0.5241,1779.5227,1779.4887,3.6697,0.4495,"day,code,turnover_ratio,market_cap,circulating_market_cap,pe_ratio,pb_ratio"
2023-12-22,000001.XSHE,0.5182,1785.3445,1785.3103,3.6817,0.4509,"day,code,turnover_ratio,market_cap,circulating_market_cap,pe_ratio,pb_ratio"
2023-12-25,000001.XSHE,0.2133,1783.4039,1783.3698,3.6777,0.4505,"day,code,turnover_ratio,market_cap,circulating_market_cap,pe_ratio,pb_ratio"
2023-12-26,000001.XSHE,0.2792,1765.9386,1765.9048,3.6417,0.446,"day,code,turnover_ratio,market_cap,circulating_market_cap,pe_ratio,pb_ratio"
2023-12-27,000001.XSHE,0.3306,1769.8197,1769.7859,3.6497,0.447,"day,code,turnover_ratio,market_cap,circulating_market_cap,pe_ratio,pb_ratio"
2023-12-28,000001.XSHE,0.8562,1833.8593,1833.8242,3.7818,0.4632,"day,code,turnover_ratio,market_cap,circulating_market_cap,pe_ratio,pb_ratio"
2023-12-29,000001.XSHE,0.44,1822.2157,1822.1809,3.7578,0.4603,"day,code,turnover_ratio,market_cap,circulating_market_cap,pe_ratio,pb_ratio"
2024-01-02,000001.XSHE,0.5969,1787.2851,1787.2509,3.6857,0.4514,"day,code,turnover_ratio,market_cap,circulating_market_cap,pe_ratio,pb_ratio"
2024-01-03,000001.XSHE,0.378,1785.3445,1785.3103,3.6817,0.4509,"day,code,turnover_ratio,market_cap,circulating_market_cap,pe_ratio,pb_ratio"
2024-01-04,000001.XSHE,0.4453,1767.8791,1767.8453,3.6457,0.4465,"day,code,turnover_ratio,market_cap,circulating_market_cap,pe_ratio,pb_ratio"
2024-01-05,000001.XSHE,1.0263,1798.9286,1798.8942,3.7097,0.4544,"day,code,turnover_ratio,market_cap,circulating_market_cap,pe_ratio,pb_ratio"
2024-01-08,000001.XSHE,0.5778,1775.6415,1775.6075,3.6617,0.4485,"day,code,turnover_ratio,market_cap,circulating_market_cap,pe_ratio,pb_ratio"
2024-01-09,000001.XSHE,0.3948,1781.4633,1781.4292,3.6737,0.45,"day,code,turnover_ratio,market_cap,circulating_market_cap,pe_ratio,pb_ratio"
2024-01-10,000001.XSHE,0.4425,1763.998,1763.9642,3.6377,0.4455,"day,code,turnover_ratio,market_cap,circulating_market_cap,pe_ratio,pb_ratio"
2024-01-11,000001.XSHE,0.4817,1779.5227,1779.4887,3.6697,0.4495,"day,code,turnover_ratio,market_cap,circulating_market_cap,pe_ratio,pb_ratio"
2024-01-12,000001.XSHE,0.3981,1783.4039,1783.3698,3.6777,0.4505,"day,code,turnover_ratio,market_cap,circulating_market_cap,pe_ratio,pb_ratio"
2024-01-15,000001.XSHE,0.384,1787.2851,1787.2509,3.6857,0.4514,"day,code,turnover_ratio,market_cap,circulating_market_cap,pe_ratio,pb_ratio"
2024-01-16,000001.XSHE,0.7412,1812.5128,1812.4781,3.7378,0.4578,"day,code,turnover_ratio,market_cap,circulating_market_cap,pe_ratio,pb_ratio"
2024-01-17,000001.XSHE,0.7639,1791.1662,1791.132,3.6937,0.4524,"day,code,turnover_ratio,market_cap,circulating_market_cap,pe_ratio,pb_ratio"
2024-01-18,000001.XSHE,0.9044,1785.3445,1785.3103,3.6817,0.4509,"day,code,turnover_ratio,market_cap,circulating_market_cap,pe_ratio,pb_ratio"
2024-01-19,000001.XSHE,0.4968,1779.5227,1779.4887,3.6697,0.4495,"day,code,turnover_ratio,market_cap,circulating_market_cap,pe_ratio,pb_ratio"
2024-01-22,000001.XSHE,0.8144,1765.9386,1765.9048,3.6417,0.446,"day,code,turnover_ratio,market_cap,circulating_market_cap,pe_ratio,pb_ratio"
2024-01-23,000001.XSHE,0.5852,1777.5821,1777.5481,3.6657,0.449,"day,code,turnover_ratio,market_cap,circulating_market_cap,pe_ratio,pb_ratio"
2024-01-24,000001.XSHE,0.9065,1810.5722,1810.5375,3.7338,0.4573,"day,code,turnover_ratio,market_cap,circulating_market_cap,pe_ratio,pb_ratio"
2024-01-25,000001.XSHE,1.1144,1843.5622,1843.527,3.8018,0.4656,"day,code,turnover_ratio,market_cap,circulating_market_cap,pe_ratio,pb_ratio"
2024-01-26,000001.XSHE,1.1709,1866.8493,1866.8136,3.8498,0.4715,"day,code,turnover_ratio,market_cap,circulating_market_cap,pe_ratio,pb_ratio"
2024-01-29,000001.XSHE,1.2245,1882.3741,1882.3381,3.8818,0.4754,"day,code,turnover_ratio,market_cap,circulating_market_cap,pe_ratio,pb_ratio"
2024-01-30,000001.XSHE,0.8137,1843.5622,1843.527,3.8018,0.4656,"day,code,turnover_ratio,market_cap,circulating_market_cap,pe_ratio,pb_ratio"
2024-01-31,000001.XSHE,0.6994,1835.7999,1835.7647,3.7858,0.4637,"day,code,turnover_ratio,market_cap,circulating_market_cap,pe_ratio,pb_ratio"
2024-02-01,000001.XSHE,0.5438,1826.0969,1826.062,3.7658,0.4612,"day,code,turnover_ratio,market_cap,circulating_market_cap,pe_ratio,pb_ratio"
2024-02-02,000001.XSHE,0.8421,1798.9286,1798.8942,3.7097,0.4544,"day,code,turnover_ratio,market_cap,circulating_market_cap,pe_ratio,pb_ratio"
2024-02-05,000001.XSHE,0.9294,1820.2751,1820.2403,3.7538,0.4598,"day,code,turnover_ratio,market_cap,circulating_market_cap,pe_ratio,pb_ratio"
2024-02-06,000001.XSHE,1.0283,1878.4929,1878.4569,3.8738,0.4745,"day,code,turnover_ratio,market_cap,circulating_market_cap,pe_ratio,pb_ratio"
2024-02-07,000001.XSHE,1.0626,1864.9087,1864.8731,3.8458,0.471,"day,code,turnover_ratio,market_cap,circulating_market_cap,pe_ratio,pb_ratio"
2024-02-08,000001.XSHE,0.8538,1876.5523,1876.5164,3.8698,0.474,"day,code,turnover_ratio,market_cap,circulating_market_cap,pe_ratio,pb_ratio"
2024-02-19,000001.XSHE,0.8272,1903.7206,1903.6842,3.9258,0.4808,"day,code,turnover_ratio,market_cap,circulating_market_cap,pe_ratio,pb_ratio"
2024-02-20,000001.XSHE,0.579,1905.6612,1905.6247,3.9298,0.4813,"day,code,turnover_ratio,market_cap,circulating_market_cap,pe_ratio,pb_ratio"
2024-02-21,000001.XSHE,2.6051,2095.8392,2095.7991,4.322,0.5294,"day,code,turnover_ratio,market_cap,circulating_market_cap,pe_ratio,pb_ratio"
2024-02-22,000001.XSHE,2.5366,2115.2451,2115.2046,4.362,0.5343,"day,code,turnover_ratio,market_cap,circulating_market_cap,pe_ratio,pb_ratio"
2024-02-23,000001.XSHE,1.8384,2105.5421,2105.5018,4.342,0.5318,"day,code,turnover_ratio,market_cap,circulating_market_cap,pe_ratio,pb_ratio"
2024-02-26,000001.XSHE,1.4751,2043.4432,2043.4041,4.214,0.5161,"day,code,turnover_ratio,market_cap,circulating_market_cap,pe_ratio,pb_ratio"
2024-02-27,000001.XSHE,1.0213,2037.6214,2037.5824,4.202,0.5147,"day,code,turnover_ratio,market_cap,circulating_market_cap,pe_ratio,pb_ratio"
2024-02-28,000001.XSHE,1.5886,2035.6808,2035.6419,4.198,0.5142,"day,code,turnover_ratio,market_cap,circulating_market_cap,pe_ratio,pb_ratio"
2024-02-29,000001.XSHE,0.9509,2055.0867,2055.0474,4.238,0.5191,"day,code,turnover_ratio,market_cap,circulating_market_cap,pe_ratio,pb_ratio"
2024-03-01,000001.XSHE,0.9421,2035.6808,2035.6419,4.198,0.5142,"day,code,turnover_ratio,market_cap,circulating_market_cap,pe_ratio,pb_ratio"
2024-03-04,000001.XSHE,0.8533,2004.6313,2004.593,4.1339,0.5063,"day,code,turnover_ratio,market_cap,circulating_market_cap,pe_ratio,pb_ratio"
2024-03-05,000001.XSHE,0.9365,2024.0373,2023.9985,4.174,0.5112,"day,code,turnover_ratio,market_cap,circulating_market_cap,pe_ratio,pb_ratio"
2024-03-06,000001.XSHE,0.6934,2004.6313,2004.593,4.1339,0.5063,"day,code,turnover_ratio,market_cap,circulating_market_cap,pe_ratio,pb_ratio"
2024-03-07,000001.XSHE,1.039,2014.3343,2014.2958,4.154,0.5088,"day,code,turnover_ratio,market_cap,circulating_market_cap,pe_ratio,pb_ratio"
2024-03-08,000001.XSHE,0.574,2014.3343,2014.2958,4.154,0.5088,"day,code,turnover_ratio,market_cap,circulating_market_cap,pe_ratio,pb_ratio"
2024-03-11,000001.XSHE,0.6239,2031.7996,2031.7608,4.19,0.5132,"day,code,turnover_ratio,market_cap,circulating_market_cap,pe_ratio,pb_ratio"
2024-03-12,000001.XSHE,0.8458,2049.265,2049.2258,4.226,0.5176,"day,code,turnover_ratio,market_cap,circulating_market_cap,pe_ratio,pb_ratio"
2024-03-13,000001.XSHE,0.9111,2004.6313,2004.593,4.1339,0.5063,"day,code,turnover_ratio,market_cap,circulating_market_cap,pe_ratio,pb_ratio"
2024-03-14,000001.XSHE,0.7263,1985.2254,1985.1875,4.0939,0.5014,"day,code,turnover_ratio,market_cap,circulating_market_cap,pe_ratio,pb_ratio"
2024-03-15,000001.XSHE,1.9325,2057.0273,2056.988,4.428,0.5112,"day,code,turnover_ratio,market_cap,circulating_market_cap,pe_ratio,pb_ratio"
2024-03-18,000001.XSHE,0.8613,2045.3838,2045.3446,4.4029,0.5083,"day,code,turnover_ratio,market_cap,circulating_market_cap,pe_ratio,pb_ratio"
2024-03-19,000001.XSHE,0.6664,2018.2155,2018.1769,4.3445,0.5016,"day,code,turnover_ratio,market_cap,circulating_market_cap,pe_ratio,pb_ratio"
2024-03-20,000001.XSHE,0.4497,2027.9185,2027.8797,4.3653,0.504,"day,code,turnover_ratio,market_cap,circulating_market_cap,pe_ratio,pb_ratio"
2024-03-21,000001.XSHE,0.4455,2031.7996,2031.7608,4.3737,0.5049,"day,code,turnover_ratio,market_cap,circulating_market_cap,pe_ratio,pb_ratio"
2024-03-22,000001.XSHE,0.5298,2010.4531,2010.4147,4.3277,0.4996,"day,code,turnover_ratio,market_cap,circulating_market_cap,pe_ratio,pb_ratio"
2024-03-25,000001.XSHE,0.4912,2018.2155,2018.1769,4.3445,0.5016,"day,code,turnover_ratio,market_cap,circulating_market_cap,pe_ratio,pb_ratio"
2024-03-26,000001.XSHE,0.8967,2057.0273,2056.988,4.428,0.5112,"day,code,turnover_ratio,market_cap,circulating_market_cap,pe_ratio,pb_ratio"
2024-03-27,000001.XSHE,0.6566,2043.4432,2043.4041,4.3988,0.5078,"day,code,turnover_ratio,market_cap,circulating_market_cap,pe_ratio,pb_ratio"
2024-03-28,000001.XSHE,0.671,2035.6808,2035.6419,4.382,0.5059,"day,code,turnover_ratio,market_cap,circulating_market_cap,pe_ratio,pb_ratio"
2024-03-29,000001.XSHE,0.4497,2041.5026,2041.4635,4.3946,0.5074,"day,code,turnover_ratio,market_cap,circulating_market_cap,pe_ratio,pb_ratio"
2024-04-01,000001.XSHE,0.6138,2064.7897,2064.7502,4.4447,0.5131,"day,code,turnover_ratio,market_cap,circulating_market_cap,pe_ratio,pb_ratio"
2024-04-02,000001.XSHE,0.5594,2047.3244,2047.2852,4.4071,0.5088,"day,code,turnover_ratio,market_cap,circulating_market_cap,pe_ratio,pb_ratio"
2024-04-03,000001.XSHE,0.506,2029.859,2029.8202,4.3695,0.5045,"day,code,turnover_ratio,market_cap,circulating_market_cap,pe_ratio,pb_ratio"
2024-04-08,000001.XSHE,0.4671,2024.0373,2023.9985,4.357,0.503,"day,code,turnover_ratio,market_cap,circulating_market_cap,pe_ratio,pb_ratio"
2024-04-09,000001.XSHE,0.4417,2018.2155,2018.1769,4.3445,0.5016,"day,code,turnover_ratio,market_cap,circulating_market_cap,pe_ratio,pb_ratio"
2024-04-10,000001.XSHE,0.6423,1994.9284,1994.8902,4.2943,0.4958,"day,code,turnover_ratio,market_cap,circulating_market_cap,pe_ratio,pb_ratio"
2024-04-11,000001.XSHE,0.5206,1989.1066,1989.0686,4.2818,0.4943,"day,code,turnover_ratio,market_cap,circulating_market_cap,pe_ratio,pb_ratio"
2024-04-12,000001.XSHE,0.6727,1952.2354,1952.198,4.2024,0.4852,"day,code,turnover_ratio,market_cap,circulating_market_cap,pe_ratio,pb_ratio"
2024-04-15,000001.XSHE,0.7489,1996.869,1996.8308,4.2985,0.4963,"day,code,turnover_ratio,market_cap,circulating_market_cap,pe_ratio,pb_ratio"
2024-04-16,000001.XSHE,0.7617,1994.9284,1994.8902,4.2943,0.4958,"day,code,turnover_ratio,market_cap,circulating_market_cap,pe_ratio,pb_ratio"
2024-04-17,000001.XSHE,1.1505,2060.9085,2060.8691,4.4364,0.5122,"day,code,turnover_ratio,market_cap,circulating_market_cap,pe_ratio,pb_ratio"
2024-04-18,000001.XSHE,1.6314,2095.8392,2095.7991,4.5115,0.5209,"day,code,turnover_ratio,market_cap,circulating_market_cap,pe_ratio,pb_ratio"
2024-04-19,000001.XSHE,0.7512,2074.4927,2074.453,4.4656,0.5156,"day,code,turnover_ratio,market_cap,circulating_market_cap,pe_ratio,pb_ratio"
2024-04-22,000001.XSHE,1.0357,2037.6214,2037.5824,4.3553,0.4902,"day,code,turnover_ratio,market_cap,circulating_market_cap,pe_ratio,pb_ratio"
2024-04-23,000001.XSHE,0.639,2045.3838,2045.3446,4.3719,0.4921,"day,code,turnover_ratio,market_cap,circulating_market_cap,pe_ratio,pb_ratio"
2024-04-24,000001.XSHE,0.4852,2043.4432,2043.4041,4.3677,0.4916,"day,code,turnover_ratio,market_cap,circulating_market_cap,pe_ratio,pb_ratio"
2024-04-25,000001.XSHE,0.574,2058.9679,2058.9285,4.4009,0.4954,"day,code,turnover_ratio,market_cap,circulating_market_cap,pe_ratio,pb_ratio"
2024-04-26,000001.XSHE,0.8284,2057.0273,2056.988,4.3968,0.4949,"day,code,turnover_ratio,market_cap,circulating_market_cap,pe_ratio,pb_ratio"
2024-04-29,000001.XSHE,1.1178,2097.7798,2097.7396,4.4839,0.5047,"day,code,turnover_ratio,market_cap,circulating_market_cap,pe_ratio,pb_ratio"
2024-04-30,000001.XSHE,0.6826,2093.8986,2093.8585,4.4756,0.5038,"day,code,turnover_ratio,market_cap,circulating_market_cap,pe_ratio,pb_ratio"
2024-05-06,000001.XSHE,0.9194,2113.3045,2113.2641,4.5171,0.5085,"day,code,turnover_ratio,market_cap,circulating_market_cap,pe_ratio,pb_ratio"
2024-05-07,000001.XSHE,0.5602,2111.3639,2111.3235,4.5129,0.508,"day,code,turnover_ratio,market_cap,circulating_market_cap,pe_ratio,pb_ratio"
2024-05-08,000001.XSHE,0.6296,2082.255,2082.2152,4.4507,0.501,"day,code,turnover_ratio,market_cap,circulating_market_cap,pe_ratio,pb_ratio"
2024-05-09,000001.XSHE,0.5511,2088.0768,2088.0369,4.4631,0.5024,"day,code,turnover_ratio,market_cap,circulating_market_cap,pe_ratio,pb_ratio"
2024-05-10,000001.XSHE,0.911,2123.0075,2122.9668,4.5378,0.5108,"day,code,turnover_ratio,market_cap,circulating_market_cap,pe_ratio,pb_ratio"
2024-05-13,000001.XSHE,0.7227,2128.8292,2128.7885,4.5502,0.5122,"day,code,turnover_ratio,market_cap,circulating_market_cap,pe_ratio,pb_ratio"
2024-05-14,000001.XSHE,0.5544,2117.1857,2117.1452,4.5254,0.5094,"day,code,turnover_ratio,market_cap,circulating_market_cap,pe_ratio,pb_ratio"
2024-05-15,000001.XSHE,0.4474,2101.6609,2101.6207,4.4922,0.5057,"day,code,turnover_ratio,market_cap,circulating_market_cap,pe_ratio,pb_ratio"
2024-05-16,000001.XSHE,1.5853,2167.6411,2167.5996,4.6332,0.5215,"day,code,turnover_ratio,market_cap,circulating_market_cap,pe_ratio,pb_ratio"
2024-05-17,000001.XSHE,1.4644,2216.1559,2216.1135,4.7369,0.5332,"day,code,turnover_ratio,market_cap,circulating_market_cap,pe_ratio,pb_ratio"
2024-05-20,000001.XSHE,1.1183,2208.3935,2208.3512,4.7203,0.5313,"day,code,turnover_ratio,market_cap,circulating_market_cap,pe_ratio,pb_ratio"
2024-05-21,000001.XSHE,1.0461,2241.3836,2241.3407,4.7908,0.5393,"day,code,turnover_ratio,market_cap,circulating_market_cap,pe_ratio,pb_ratio"
2024-05-22,000001.XSHE,1.0902,2243.3241,2243.2812,4.795,0.5397,"day,code,turnover_ratio,market_cap,circulating_market_cap,pe_ratio,pb_ratio"
2024-05-23,000001.XSHE,0.949,2212.2747,2212.2324,4.7286,0.5323,"day,code,turnover_ratio,market_cap,circulating_market_cap,pe_ratio,pb_ratio"
2024-05-24,000001.XSHE,0.7206,2194.8093,2194.7674,4.6913,0.5281,"day,code,turnover_ratio,market_cap,circulating_market_cap,pe_ratio,pb_ratio"
2024-05-27,000001.XSHE,0.7495,2233.6212,2233.5785,4.7742,0.5374,"day,code,turnover_ratio,market_cap,circulating_market_cap,pe_ratio,pb_ratio"
2024-05-28,000001.XSHE,0.6206,2212.2747,2212.2324,4.7286,0.5323,"day,code,turnover_ratio,market_cap,circulating_market_cap,pe_ratio,pb_ratio"
2024-05-29,000001.XSHE,0.7445,2185.1064,2185.0646,4.6705,0.5257,"day,code,turnover_ratio,market_cap,circulating_market_cap,pe_ratio,pb_ratio"
2024-05-30,000001.XSHE,0.6831,2157.9381,2157.8968,4.6125,0.5192,"day,code,turnover_ratio,market_cap,circulating_market_cap,pe_ratio,pb_ratio"
2024-05-31,000001.XSHE,0.426,2155.9975,2155.9563,4.6083,0.5187,"day,code,turnover_ratio,market_cap,circulating_market_cap,pe_ratio,pb_ratio"
2024-06-03,000001.XSHE,0.6837,2130.7698,2130.7291,4.5544,0.5127,"day,code,turnover_ratio,market_cap,circulating_market_cap,pe_ratio,pb_ratio"
2024-06-04,000001.XSHE,0.5055,2138.5322,2138.4913,4.571,0.5145,"day,code,turnover_ratio,market_cap,circulating_market_cap,pe_ratio,pb_ratio"
2024-06-05,000001.XSHE,0.5251,2109.4233,2109.383,4.5088,0.5075,"day,code,turnover_ratio,market_cap,circulating_market_cap,pe_ratio,pb_ratio"
2024-06-06,000001.XSHE,0.5407,2115.2451,2115.2046,4.5212,0.5089,"day,code,turnover_ratio,market_cap,circulating_market_cap,pe_ratio,pb_ratio"
2024-06-07,000001.XSHE,0.603,2132.7104,2132.6696,4.5585,0.5131,"day,code,turnover_ratio,market_cap,circulating_market_cap,pe_ratio,pb_ratio"
2024-06-11,000001.XSHE,0.6893,2109.4233,2109.383,4.5088,0.5075,"day,code,turnover_ratio,market_cap,circulating_market_cap,pe_ratio,pb_ratio"
2024-06-12,000001.XSHE,0.4934,2111.3639,2111.3235,4.5129,0.508,"day,code,turnover_ratio,market_cap,circulating_market_cap,pe_ratio,pb_ratio"
2024-06-13,000001.XSHE,0.6202,2095.8392,2095.7991,4.4797,0.5043,"day,code,turnover_ratio,market_cap,circulating_market_cap,pe_ratio,pb_ratio"
2024-06-14,000001.XSHE,0.8441,1975.5225,1975.4847,4.2226,0.4753,"day,code,turnover_ratio,market_cap,circulating_market_cap,pe_ratio,pb_ratio"
2024-06-17,000001.XSHE,0.351,1959.9977,1959.9602,4.1894,0.4716,"day,code,turnover_ratio,market_cap,circulating_market_cap,pe_ratio,pb_ratio"
2024-06-18,000001.XSHE,0.3611,1956.1166,1956.0791,4.1811,0.4706,"day,code,turnover_ratio,market_cap,circulating_market_cap,pe_ratio,pb_ratio"
2024-06-19,000001.XSHE,0.4103,1969.7007,1969.663,4.2101,0.4739,"day,code,turnover_ratio,market_cap,circulating_market_cap,pe_ratio,pb_ratio"
2024-06-20,000001.XSHE,0.3245,1950.2948,1950.2575,4.1686,0.4692,"day,code,turnover_ratio,market_cap,circulating_market_cap,pe_ratio,pb_ratio"
2024-06-21,000001.XSHE,0.428,1940.5918,1940.5547,4.1479,0.4669,"day,code,turnover_ratio,market_cap,circulating_market_cap,pe_ratio,pb_ratio"
2024-06-24,000001.XSHE,0.488,1936.7106,1936.6736,4.1396,0.466,"day,code,turnover_ratio,market_cap,circulating_market_cap,pe_ratio,pb_ratio"
2024-06-25,000001.XSHE,0.3968,1956.1166,1956.0791,4.1811,0.4706,"day,code,turnover_ratio,market_cap,circulating_market_cap,pe_ratio,pb_ratio"
2024-06-26,000001.XSHE,0.3239,1956.1166,1956.0791,4.1811,0.4706,"day,code,turnover_ratio,market_cap,circulating_market_cap,pe_ratio,pb_ratio"
2024-06-27,000001.XSHE,0.4787,1965.8195,1965.7819,4.2018,0.473,"day,code,turnover_ratio,market_cap,circulating_market_cap,pe_ratio,pb_ratio"
2024-06-28,000001.XSHE,0.4731,1969.7007,1969.663,4.2101,0.4739,"day,code,turnover_ratio,market_cap,circulating_market_cap,pe_ratio,pb_ratio"
2024-07-01,000001.XSHE,0.6921,2008.5125,2008.4741,4.2931,0.4832,"day,code,turnover_ratio,market_cap,circulating_market_cap,pe_ratio,pb_ratio"
2024-07-02,000001.XSHE,0.7134,2018.2155,2018.1769,4.3138,0.4856,"day,code,turnover_ratio,market_cap,circulating_market_cap,pe_ratio,pb_ratio"
2024-07-03,000001.XSHE,0.3675,2000.7502,2000.7119,4.2765,0.4814,"day,code,turnover_ratio,market_cap,circulating_market_cap,pe_ratio,pb_ratio"
2024-07-04,000001.XSHE,0.3788,1991.0472,1991.0091,4.2557,0.479,"day,code,turnover_ratio,market_cap,circulating_market_cap,pe_ratio,pb_ratio"
2024-07-05,000001.XSHE,0.8829,1934.77,1934.733,4.1354,0.4655,"day,code,turnover_ratio,market_cap,circulating_market_cap,pe_ratio,pb_ratio"
2024-07-08,000001.XSHE,0.4476,1927.0077,1926.9708,4.1189,0.4636,"day,code,turnover_ratio,market_cap,circulating_market_cap,pe_ratio,pb_ratio"
2024-07-09,000001.XSHE,0.5321,1954.176,1954.1386,4.1769,0.4702,"day,code,turnover_ratio,market_cap,circulating_market_cap,pe_ratio,pb_ratio"
2024-07-10,000001.XSHE,0.4503,1967.7601,1967.7225,4.206,0.4734,"day,code,turnover_ratio,market_cap,circulating_market_cap,pe_ratio,pb_ratio"
2024-07-11,000001.XSHE,0.3717,1965.8195,1965.7819,4.2018,0.473,"day,code,turnover_ratio,market_cap,circulating_market_cap,pe_ratio,pb_ratio"
2024-07-12,000001.XSHE,0.6257,2000.7502,2000.7119,4.2765,0.4814,"day,code,turnover_ratio,market_cap,circulating_market_cap,pe_ratio,pb_ratio"
2024-07-15,000001.XSHE,0.448,2004.6313,2004.593,4.2848,0.4823,"day,code,turnover_ratio,market_cap,circulating_market_cap,pe_ratio,pb_ratio"
2024-07-16,000001.XSHE,0.4859,1998.8096,1998.7713,4.2723,0.4809,"day,code,turnover_ratio,market_cap,circulating_market_cap,pe_ratio,pb_ratio"
2024-07-17,000001.XSHE,0.6288,2018.2155,2018.1769,4.3138,0.4856,"day,code,turnover_ratio,market_cap,circulating_market_cap,pe_ratio,pb_ratio"
2024-07-18,000001.XSHE,0.5602,2020.1561,2020.1174,4.318,0.486,"day,code,turnover_ratio,market_cap,circulating_market_cap,pe_ratio,pb_ratio"
2024-07-19,000001.XSHE,0.4631,2012.3937,2012.3552,4.3014,0.4842,"day,code,turnover_ratio,market_cap,circulating_market_cap,pe_ratio,pb_ratio"
2024-07-22,000001.XSHE,0.5125,1985.2254,1985.1875,4.2433,0.4776,"day,code,turnover_ratio,market_cap,circulating_market_cap,pe_ratio,pb_ratio"
2024-07-23,000001.XSHE,0.5257,1975.5225,1975.4847,4.2226,0.4753,"day,code,turnover_ratio,market_cap,circulating_market_cap,pe_ratio,pb_ratio"
2024-07-24,000001.XSHE,0.3734,1965.8195,1965.7819,4.2018,0.473,"day,code,turnover_ratio,market_cap,circulating_market_cap,pe_ratio,pb_ratio"
2024-07-25,000001.XSHE,0.4413,1958.0571,1958.0197,4.1852,0.4711,"day,code,turnover_ratio,market_cap,circulating_market_cap,pe_ratio,pb_ratio"
2024-07-26,000001.XSHE,0.479,1946.4136,1946.3764,4.1603,0.4683,"day,code,turnover_ratio,market_cap,circulating_market_cap,pe_ratio,pb_ratio"
2024-07-29,000001.XSHE,0.4027,1961.9383,1961.9008,4.1935,0.472,"day,code,turnover_ratio,market_cap,circulating_market_cap,pe_ratio,pb_ratio"
2024-07-30,000001.XSHE,0.316,1956.1166,1956.0791,4.1811,0.4706,"day,code,turnover_ratio,market_cap,circulating_market_cap,pe_ratio,pb_ratio"
2024-07-31,000001.XSHE,0.5653,1992.9878,1992.9497,4.2599,0.4795,"day,code,turnover_ratio,market_cap,circulating_market_cap,pe_ratio,pb_ratio"
2024-08-01,000001.XSHE,0.3782,1992.9878,1992.9497,4.2599,0.4795,"day,code,turnover_ratio,market_cap,circulating_market_cap,pe_ratio,pb_ratio"
2024-08-02,000001.XSHE,0.3042,1967.7601,1967.7225,4.206,0.4734,"day,code,turnover_ratio,market_cap,circulating_market_cap,pe_ratio,pb_ratio"
2024-08-05,000001.XSHE,0.3911,1950.2948,1950.2575,4.1686,0.4692,"day,code,turnover_ratio,market_cap,circulating_market_cap,pe_ratio,pb_ratio"
2024-08-06,000001.XSHE,0.6522,1927.0077,1926.9708,4.1189,0.4636,"day,code,turnover_ratio,market_cap,circulating_market_cap,pe_ratio,pb_ratio"
2024-08-07,000001.XSHE,0.2667,1927.0077,1926.9708,4.1189,0.4636,"day,code,turnover_ratio,market_cap,circulating_market_cap,pe_ratio,pb_ratio"
2024-08-08,000001.XSHE,0.2579,1928.9483,1928.9114,4.123,0.4641,"day,code,turnover_ratio,market_cap,circulating_market_cap,pe_ratio,pb_ratio"
2024-08-09,000001.XSHE,0.3763,1948.3542,1948.3169,4.1645,0.4688,"day,code,turnover_ratio,market_cap,circulating_market_cap,pe_ratio,pb_ratio"
2024-08-12,000001.XSHE,0.1819,1942.5324,1942.4952,4.152,0.4674,"day,code,turnover_ratio,market_cap,circulating_market_cap,pe_ratio,pb_ratio"
2024-08-13,000001.XSHE,0.3206,1930.8889,1930.8519,4.1272,0.4646,"day,code,turnover_ratio,market_cap,circulating_market_cap,pe_ratio,pb_ratio"
2024-08-14,000001.XSHE,0.2249,1925.0671,1925.0303,4.1147,0.4632,"day,code,turnover_ratio,market_cap,circulating_market_cap,pe_ratio,pb_ratio"
2024-08-15,000001.XSHE,0.4,1946.4136,1946.3764,4.1603,0.4683,"day,code,turnover_ratio,market_cap,circulating_market_cap,pe_ratio,pb_ratio"
2024-08-16,000001.XSHE,0.6495,1965.8195,1965.7891,4.1873,0.4772,"day,code,turnover_ratio,market_cap,circulating_market_cap,pe_ratio,pb_ratio"
2024-08-19,000001.XSHE,0.7642,1996.869,1996.838,4.2535,0.4848,"day,code,turnover_ratio,market_cap,circulating_market_cap,pe_ratio,pb_ratio"
2024-08-20,000001.XSHE,0.8086,2006.5719,2006.5409,4.2741,0.4871,"day,code,turnover_ratio,market_cap,circulating_market_cap,pe_ratio,pb_ratio"
2024-08-21,000001.XSHE,0.5333,2008.5125,2008.4814,4.2783,0.4876,"day,code,turnover_ratio,market_cap,circulating_market_cap,pe_ratio,pb_ratio"
2024-08-22,000001.XSHE,0.5715,2014.3343,2014.3031,4.2907,0.489,"day,code,turnover_ratio,market_cap,circulating_market_cap,pe_ratio,pb_ratio"
2024-08-23,000001.XSHE,0.5524,2031.7996,2031.7682,4.3279,0.4932,"day,code,turnover_ratio,market_cap,circulating_market_cap,pe_ratio,pb_ratio"
2024-08-26,000001.XSHE,0.3817,2035.6808,2035.6493,4.3361,0.4942,"day,code,turnover_ratio,market_cap,circulating_market_cap,pe_ratio,pb_ratio"
2024-08-27,000001.XSHE,0.3726,2024.0373,2024.0059,4.3113,0.4914,"day,code,turnover_ratio,market_cap,circulating_market_cap,pe_ratio,pb_ratio"
2024-08-28,000001.XSHE,0.4857,2004.6313,2004.6003,4.27,0.4866,"day,code,turnover_ratio,market_cap,circulating_market_cap,pe_ratio,pb_ratio"
2024-08-29,000001.XSHE,0.6172,1965.8195,1965.7891,4.1873,0.4772,"day,code,turnover_ratio,market_cap,circulating_market_cap,pe_ratio,pb_ratio"
2024-08-30,000001.XSHE,0.6668,1971.6413,1971.6107,4.1997,0.4786,"day,code,turnover_ratio,market_cap,circulating_market_cap,pe_ratio,pb_ratio"
2024-09-02,000001.XSHE,0.4993,1961.9383,1961.9079,4.179,0.4763,"day,code,turnover_ratio,market_cap,circulating_market_cap,pe_ratio,pb_ratio"
2024-09-03,000001.XSHE,0.4723,1956.1166,1956.0862,4.1666,0.4749,"day,code,turnover_ratio,market_cap,circulating_market_cap,pe_ratio,pb_ratio"
2024-09-04,000001.XSHE,0.437,1944.473,1944.4429,4.1418,0.472,"day,code,turnover_ratio,market_cap,circulating_market_cap,pe_ratio,pb_ratio"
2024-09-05,000001.XSHE,0.3062,1954.176,1954.1457,4.1625,0.4744,"day,code,turnover_ratio,market_cap,circulating_market_cap,pe_ratio,pb_ratio"
2024-09-06,000001.XSHE,0.4529,1956.1166,1956.0862,4.1666,0.4749,"day,code,turnover_ratio,market_cap,circulating_market_cap,pe_ratio,pb_ratio"
2024-09-09,000001.XSHE,0.8447,1911.4829,1911.4533,4.0716,0.464,"day,code,turnover_ratio,market_cap,circulating_market_cap,pe_ratio,pb_ratio"
2024-09-10,000001.XSHE,0.3957,1921.1859,1921.1561,4.0922,0.4664,"day,code,turnover_ratio,market_cap,circulating_market_cap,pe_ratio,pb_ratio"
2024-09-11,000001.XSHE,0.5713,1872.6711,1872.6421,3.9889,0.4546,"day,code,turnover_ratio,market_cap,circulating_market_cap,pe_ratio,pb_ratio"
2024-09-12,000001.XSHE,0.2998,1890.1364,1890.1071,4.0261,0.4589,"day,code,turnover_ratio,market_cap,circulating_market_cap,pe_ratio,pb_ratio"
2024-09-13,000001.XSHE,0.2919,1882.3741,1882.3449,4.0096,0.457,"day,code,turnover_ratio,market_cap,circulating_market_cap,pe_ratio,pb_ratio"
2024-09-18,000001.XSHE,0.2286,1895.9582,1895.9288,4.0385,0.4603,"day,code,turnover_ratio,market_cap,circulating_market_cap,pe_ratio,pb_ratio"
2024-09-19,000001.XSHE,0.3526,1903.7206,1903.6911,4.055,0.4622,"day,code,turnover_ratio,market_cap,circulating_market_cap,pe_ratio,pb_ratio"
2024-09-20,000001.XSHE,0.4109,1921.1859,1921.1561,4.0922,0.4664,"day,code,turnover_ratio,market_cap,circulating_market_cap,pe_ratio,pb_ratio"
2024-09-23,000001.XSHE,0.4622,1948.3542,1948.324,4.1501,0.473,"day,code,turnover_ratio,market_cap,circulating_market_cap,pe_ratio,pb_ratio"
2024-09-24,000001.XSHE,0.8442,2012.3937,2012.3625,4.2865,0.4885,"day,code,turnover_ratio,market_cap,circulating_market_cap,pe_ratio,pb_ratio"
2024-09-25,000001.XSHE,1.1134,2037.6214,2037.5898,4.3403,0.4947,"day,code,turnover_ratio,market_cap,circulating_market_cap,pe_ratio,pb_ratio"
2024-09-26,000001.XSHE,1.5905,2163.7599,2163.7264,4.6089,0.5253,"day,code,turnover_ratio,market_cap,circulating_market_cap,pe_ratio,pb_ratio"
2024-09-27,000001.XSHE,1.9788,2216.1559,2216.1215,4.7205,0.538,"day,code,turnover_ratio,market_cap,circulating_market_cap,pe_ratio,pb_ratio"
2024-09-30,000001.XSHE,2.7983,2369.4626,2369.4259,5.0471,0.5752,"day,code,turnover_ratio,market_cap,circulating_market_cap,pe_ratio,pb_ratio"
2024-10-08,000001.XSHE,3.0347,2499.4823,2499.4435,5.3241,0.6068,"day,code,turnover_ratio,market_cap,circulating_market_cap,pe_ratio,pb_ratio"
2024-10-09,000001.XSHE,2.2001,2266.6112,2266.5761,4.828,0.5502,"day,code,turnover_ratio,market_cap,circulating_market_cap,pe_ratio,pb_ratio"
2024-10-10,000001.XSHE,1.7657,2324.829,2324.793,4.952,0.5644,"day,code,turnover_ratio,market_cap,circulating_market_cap,pe_ratio,pb_ratio"
2024-10-11,000001.XSHE,1.0672,2274.3736,2274.3384,4.8446,0.5521,"day,code,turnover_ratio,market_cap,circulating_market_cap,pe_ratio,pb_ratio"
2024-10-14,000001.XSHE,1.2371,2332.5914,2332.5552,4.9686,0.5663,"day,code,turnover_ratio,market_cap,circulating_market_cap,pe_ratio,pb_ratio"
2024-10-15,000001.XSHE,1.0682,2309.3043,2309.2685,4.919,0.5606,"day,code,turnover_ratio,market_cap,circulating_market_cap,pe_ratio,pb_ratio"
2024-10-16,000001.XSHE,0.9866,2340.3537,2340.3175,4.9851,0.5682,"day,code,turnover_ratio,market_cap,circulating_market_cap,pe_ratio,pb_ratio"
2024-10-17,000001.XSHE,0.8522,2319.0072,2318.9713,4.9396,0.563,"day,code,turnover_ratio,market_cap,circulating_market_cap,pe_ratio,pb_ratio"
2024-10-18,000001.XSHE,1.3422,2336.4726,2336.4364,4.9768,0.5672,"day,code,turnover_ratio,market_cap,circulating_market_cap,pe_ratio,pb_ratio"
2024-10-21,000001.XSHE,1.4463,2291.8389,2291.8034,4.9235,0.545,"day,code,turnover_ratio,market_cap,circulating_market_cap,pe_ratio,pb_ratio"
2024-10-22,000001.XSHE,0.8337,2287.9578,2287.9223,4.9152,0.5441,"day,code,turnover_ratio,market_cap,circulating_market_cap,pe_ratio,pb_ratio"
2024-10-23,000001.XSHE,0.7791,2301.5419,2301.5062,4.9443,0.5473,"day,code,turnover_ratio,market_cap,circulating_market_cap,pe_ratio,pb_ratio"
2024-10-24,000001.XSHE,0.4562,2280.1954,2280.1601,4.8985,0.5422,"day,code,turnover_ratio,market_cap,circulating_market_cap,pe_ratio,pb_ratio"
2024-10-25,000001.XSHE,0.5698,2272.433,2272.3978,4.8818,0.5404,"day,code,turnover_ratio,market_cap,circulating_market_cap,pe_ratio,pb_ratio"
2024-10-28,000001.XSHE,0.6027,2258.8489,2258.8139,4.8526,0.5371,"day,code,turnover_ratio,market_cap,circulating_market_cap,pe_ratio,pb_ratio"
2024-10-29,000001.XSHE,0.6174,2239.443,2239.4083,4.8109,0.5325,"day,code,turnover_ratio,market_cap,circulating_market_cap,pe_ratio,pb_ratio"
2024-10-30,000001.XSHE,0.7639,2196.7499,2196.7159,4.7192,0.5224,"day,code,turnover_ratio,market_cap,circulating_market_cap,pe_ratio,pb_ratio"
2024-10-31,000001.XSHE,0.6442,2208.3935,2208.3593,4.7442,0.5252,"day,code,turnover_ratio,market_cap,circulating_market_cap,pe_ratio,pb_ratio"
2024-11-01,000001.XSHE,0.8193,2218.0965,2218.0621,4.7651,0.5275,"day,code,turnover_ratio,market_cap,circulating_market_cap,pe_ratio,pb_ratio"
2024-11-04,000001.XSHE,0.5831,2223.9182,2223.8838,4.7776,0.5288,"day,code,turnover_ratio,market_cap,circulating_market_cap,pe_ratio,pb_ratio"
2024-11-05,000001.XSHE,0.8582,2260.7895,2260.7544,4.8568,0.5376,"day,code,turnover_ratio,market_cap,circulating_market_cap,pe_ratio,pb_ratio"
2024-11-06,000001.XSHE,0.7535,2241.3836,2241.3488,4.8151,0.533,"day,code,turnover_ratio,market_cap,circulating_market_cap,pe_ratio,pb_ratio"
2024-11-07,000001.XSHE,1.1558,2311.2449,2311.209,4.9652,0.5496,"day,code,turnover_ratio,market_cap,circulating_market_cap,pe_ratio,pb_ratio"
2024-11-08,000001.XSHE,0.9766,2274.3736,2274.3384,4.886,0.5408,"day,code,turnover_ratio,market_cap,circulating_market_cap,pe_ratio,pb_ratio"
2024-11-11,000001.XSHE,0.7662,2251.0865,2251.0516,4.836,0.5353,"day,code,turnover_ratio,market_cap,circulating_market_cap,pe_ratio,pb_ratio"
2024-11-12,000001.XSHE,0.8851,2239.443,2239.4083,4.8109,0.5325,"day,code,turnover_ratio,market_cap,circulating_market_cap,pe_ratio,pb_ratio"
2024-11-13,000001.XSHE,0.5598,2253.0271,2252.9922,4.8401,0.5358,"day,code,turnover_ratio,market_cap,circulating_market_cap,pe_ratio,pb_ratio"
2024-11-14,000001.XSHE,0.5977,2239.443,2239.4083,4.8109,0.5325,"day,code,turnover_ratio,market_cap,circulating_market_cap,pe_ratio,pb_ratio"
2024-11-15,000001.XSHE,0.6265,2220.037,2220.0026,4.7692,0.5279,"day,code,turnover_ratio,market_cap,circulating_market_cap,pe_ratio,pb_ratio"
2024-11-18,000001.XSHE,1.9568,2280.1954,2280.1601,4.8985,0.5422,"day,code,turnover_ratio,market_cap,circulating_market_cap,pe_ratio,pb_ratio"
2024-11-19,000001.XSHE,1.2522,2266.6112,2266.5761,4.8693,0.539,"day,code,turnover_ratio,market_cap,circulating_market_cap,pe_ratio,pb_ratio"
2024-11-20,000001.XSHE,0.663,2258.8489,2258.8139,4.8526,0.5371,"day,code,turnover_ratio,market_cap,circulating_market_cap,pe_ratio,pb_ratio"
2024-11-21,000001.XSHE,0.4552,2249.1459,2249.1111,4.8318,0.5348,"day,code,turnover_ratio,market_cap,circulating_market_cap,pe_ratio,pb_ratio"
2024-11-22,000001.XSHE,0.8375,2188.9876,2188.9537,4.7025,0.5205,"day,code,turnover_ratio,market_cap,circulating_market_cap,pe_ratio,pb_ratio"
2024-11-25,000001.XSHE,0.6009,2169.5817,2169.548,4.6609,0.5159,"day,code,turnover_ratio,market_cap,circulating_market_cap,pe_ratio,pb_ratio"
2024-11-26,000001.XSHE,0.4283,2187.047,2187.0131,4.6984,0.5201,"day,code,turnover_ratio,market_cap,circulating_market_cap,pe_ratio,pb_ratio"
2024-11-27,000001.XSHE,0.4613,2210.3341,2210.2998,4.7484,0.5256,"day,code,turnover_ratio,market_cap,circulating_market_cap,pe_ratio,pb_ratio"
2024-11-28,000001.XSHE,0.3778,2200.6311,2200.597,4.7276,0.5233,"day,code,turnover_ratio,market_cap,circulating_market_cap,pe_ratio,pb_ratio"
2024-11-29,000001.XSHE,0.53,2208.3935,2208.3593,4.7442,0.5252,"day,code,turnover_ratio,market_cap,circulating_market_cap,pe_ratio,pb_ratio"
2024-12-02,000001.XSHE,0.5027,2210.3341,2210.2998,4.7484,0.5256,"day,code,turnover_ratio,market_cap,circulating_market_cap,pe_ratio,pb_ratio"
2024-12-03,000001.XSHE,0.5579,2229.74,2229.7055,4.7901,0.5302,"day,code,turnover_ratio,market_cap,circulating_market_cap,pe_ratio,pb_ratio"
2024-12-04,000001.XSHE,0.5192,2223.9182,2223.8838,4.7776,0.5288,"day,code,turnover_ratio,market_cap,circulating_market_cap,pe_ratio,pb_ratio"
2024-12-05,000001.XSHE,0.3541,2220.037,2220.0026,4.7692,0.5279,"day,code,turnover_ratio,market_cap,circulating_market_cap,pe_ratio,pb_ratio"
2024-12-06,000001.XSHE,0.8896,2262.7301,2262.695,4.861,0.5381,"day,code,turnover_ratio,market_cap,circulating_market_cap,pe_ratio,pb_ratio"
2024-12-09,000001.XSHE,0.4968,2264.6707,2264.6356,4.8651,0.5385,"day,code,turnover_ratio,market_cap,circulating_market_cap,pe_ratio,pb_ratio"
2024-12-10,000001.XSHE,1.1171,2287.9578,2287.9223,4.9152,0.5441,"day,code,turnover_ratio,market_cap,circulating_market_cap,pe_ratio,pb_ratio"
2024-12-11,000001.XSHE,0.4987,2276.3142,2276.2789,4.8901,0.5413,"day,code,turnover_ratio,market_cap,circulating_market_cap,pe_ratio,pb_ratio"
2024-12-12,000001.XSHE,0.5082,2299.6013,2299.5657,4.9402,0.5468,"day,code,turnover_ratio,market_cap,circulating_market_cap,pe_ratio,pb_ratio"
2024-12-13,000001.XSHE,0.6925,2243.3241,2243.2894,4.8193,0.5335,"day,code,turnover_ratio,market_cap,circulating_market_cap,pe_ratio,pb_ratio"
2024-12-16,000001.XSHE,0.4152,2245.2647,2245.2299,4.8234,0.5339,"day,code,turnover_ratio,market_cap,circulating_market_cap,pe_ratio,pb_ratio"
2024-12-17,000001.XSHE,0.4133,2237.5024,2237.4677,4.8068,0.5321,"day,code,turnover_ratio,market_cap,circulating_market_cap,pe_ratio,pb_ratio"
2024-12-18,000001.XSHE,0.5239,2260.7895,2260.7544,4.8568,0.5376,"day,code,turnover_ratio,market_cap,circulating_market_cap,pe_ratio,pb_ratio"
2024-12-19,000001.XSHE,0.3594,2249.1459,2249.1111,4.8318,0.5348,"day,code,turnover_ratio,market_cap,circulating_market_cap,pe_ratio,pb_ratio"
2024-12-20,000001.XSHE,0.3683,2254.9677,2254.9328,4.8443,0.5362,"day,code,turnover_ratio,market_cap,circulating_market_cap,pe_ratio,pb_ratio"
2024-12-23,000001.XSHE,0.8551,2276.3142,2276.2789,4.8901,0.5413,"day,code,turnover_ratio,market_cap,circulating_market_cap,pe_ratio,pb_ratio"
2024-12-24,000001.XSHE,0.6961,2301.5419,2301.5062,4.9443,0.5473,"day,code,turnover_ratio,market_cap,circulating_market_cap,pe_ratio,pb_ratio"
2024-12-25,000001.XSHE,0.7602,2313.1854,2313.1496,4.9694,0.5501,"day,code,turnover_ratio,market_cap,circulating_market_cap,pe_ratio,pb_ratio"
2024-12-26,000001.XSHE,0.5154,2301.5419,2301.5062,4.9443,0.5473,"day,code,turnover_ratio,market_cap,circulating_market_cap,pe_ratio,pb_ratio"
2024-12-27,000001.XSHE,0.6648,2295.7201,2295.6846,4.9318,0.5459,"day,code,turnover_ratio,market_cap,circulating_market_cap,pe_ratio,pb_ratio"
2024-12-30,000001.XSHE,0.6966,2319.0072,2318.9713,4.9819,0.5515,"day,code,turnover_ratio,market_cap,circulating_market_cap,pe_ratio,pb_ratio"
2024-12-31,000001.XSHE,0.7603,2270.4924,2270.4573,4.8776,0.5399,"day,code,turnover_ratio,market_cap,circulating_market_cap,pe_ratio,pb_ratio"
2025-01-02,000001.XSHE,0.9377,2218.0965,2218.0621,4.7651,0.5275,"day,code,turnover_ratio,market_cap,circulating_market_cap,pe_ratio,pb_ratio"
2025-01-03,000001.XSHE,0.595,2208.3935,2208.3593,4.7442,0.5252,"day,code,turnover_ratio,market_cap,circulating_market_cap,pe_ratio,pb_ratio"
2025-01-06,000001.XSHE,0.5594,2220.037,2220.0026,4.7692,0.5279,"day,code,turnover_ratio,market_cap,circulating_market_cap,pe_ratio,pb_ratio"
2025-01-07,000001.XSHE,0.3854,2233.6212,2233.5866,4.7984,0.5312,"day,code,turnover_ratio,market_cap,circulating_market_cap,pe_ratio,pb_ratio"
2025-01-08,000001.XSHE,0.5475,2231.6806,2231.646,4.7943,0.5307,"day,code,turnover_ratio,market_cap,circulating_market_cap,pe_ratio,pb_ratio"
2025-01-09,000001.XSHE,0.3873,2212.2747,2212.2404,4.7526,0.5261,"day,code,turnover_ratio,market_cap,circulating_market_cap,pe_ratio,pb_ratio"
2025-01-10,000001.XSHE,0.4113,2192.8688,2192.8348,4.7109,0.5215,"day,code,turnover_ratio,market_cap,circulating_market_cap,pe_ratio,pb_ratio"
2025-01-13,000001.XSHE,0.4818,2173.4628,2173.4292,4.6692,0.5168,"day,code,turnover_ratio,market_cap,circulating_market_cap,pe_ratio,pb_ratio"
2025-01-14,000001.XSHE,0.4249,2208.3935,2208.3593,4.7442,0.5252,"day,code,turnover_ratio,market_cap,circulating_market_cap,pe_ratio,pb_ratio"
2025-01-15,000001.XSHE,0.5316,2227.7994,2227.7649,4.7859,0.5298,"day,code,turnover_ratio,market_cap,circulating_market_cap,pe_ratio,pb_ratio"
2025-01-16,000001.XSHE,0.4499,2245.2647,2245.2299,4.8234,0.5339,"day,code,turnover_ratio,market_cap,circulating_market_cap,pe_ratio,pb_ratio"
2025-01-17,000001.XSHE,0.3554,2221.9776,2221.9432,4.7734,0.5284,"day,code,turnover_ratio,market_cap,circulating_market_cap,pe_ratio,pb_ratio"
2025-01-20,000001.XSHE,0.4288,2216.1559,2216.1215,4.7609,0.527,"day,code,turnover_ratio,market_cap,circulating_market_cap,pe_ratio,pb_ratio"
2025-01-21,000001.XSHE,0.4648,2198.6905,2198.6565,4.7234,0.5228,"day,code,turnover_ratio,market_cap,circulating_market_cap,pe_ratio,pb_ratio"
2025-01-22,000001.XSHE,0.6942,2152.1163,2152.083,4.6233,0.5118,"day,code,turnover_ratio,market_cap,circulating_market_cap,pe_ratio,pb_ratio"
2025-01-23,000001.XSHE,0.7807,2196.7499,2196.7159,4.7192,0.5224,"day,code,turnover_ratio,market_cap,circulating_market_cap,pe_ratio,pb_ratio"
2025-01-24,000001.XSHE,0.4869,2200.6311,2200.597,4.7276,0.5233,"day,code,turnover_ratio,market_cap,circulating_market_cap,pe_ratio,pb_ratio"
2025-01-27,000001.XSHE,0.5936,2225.8588,2225.8243,4.7818,0.5293,"day,code,turnover_ratio,market_cap,circulating_market_cap,pe_ratio,pb_ratio"
2025-02-05,000001.XSHE,0.4346,2206.4529,2206.4187,4.7401,0.5247,"day,code,turnover_ratio,market_cap,circulating_market_cap,pe_ratio,pb_ratio"
2025-02-06,000001.XSHE,0.4924,2204.5123,2204.4782,4.7359,0.5242,"day,code,turnover_ratio,market_cap,circulating_market_cap,pe_ratio,pb_ratio"
2025-02-07,000001.XSHE,0.7253,2208.3935,2208.3593,4.7442,0.5252,"day,code,turnover_ratio,market_cap,circulating_market_cap,pe_ratio,pb_ratio"
2025-02-10,000001.XSHE,0.529,2218.0965,2218.0621,4.7651,0.5275,"day,code,turnover_ratio,market_cap,circulating_market_cap,pe_ratio,pb_ratio"
2025-02-11,000001.XSHE,0.4352,2216.1559,2216.1215,4.7609,0.527,"day,code,turnover_ratio,market_cap,circulating_market_cap,pe_ratio,pb_ratio"
2025-02-12,000001.XSHE,0.5095,2216.1559,2216.1215,4.7609,0.527,"day,code,turnover_ratio,market_cap,circulating_market_cap,pe_ratio,pb_ratio"
2025-02-13,000001.XSHE,0.7001,2231.6806,2231.646,4.7943,0.5307,"day,code,turnover_ratio,market_cap,circulating_market_cap,pe_ratio,pb_ratio"
2025-02-14,000001.XSHE,0.5014,2241.3836,2241.3488,4.8151,0.533,"day,code,turnover_ratio,market_cap,circulating_market_cap,pe_ratio,pb_ratio"
2025-02-17,000001.XSHE,1.0626,2286.0172,2285.9817,4.911,0.5436,"day,code,turnover_ratio,market_cap,circulating_market_cap,pe_ratio,pb_ratio"
2025-02-18,000001.XSHE,1.0289,2291.8389,2291.8034,4.9235,0.545,"day,code,turnover_ratio,market_cap,circulating_market_cap,pe_ratio,pb_ratio"
2025-02-19,000001.XSHE,0.6069,2272.433,2272.3978,4.8818,0.5404,"day,code,turnover_ratio,market_cap,circulating_market_cap,pe_ratio,pb_ratio"
2025-02-20,000001.XSHE,0.4042,2262.7301,2262.695,4.861,0.5381,"day,code,turnover_ratio,market_cap,circulating_market_cap,pe_ratio,pb_ratio"
2025-02-21,000001.XSHE,0.5019,2258.8489,2258.8139,4.8526,0.5371,"day,code,turnover_ratio,market_cap,circulating_market_cap,pe_ratio,pb_ratio"
2025-02-24,000001.XSHE,0.4895,2249.1459,2249.1111,4.8318,0.5348,"day,code,turnover_ratio,market_cap,circulating_market_cap,pe_ratio,pb_ratio"
2025-02-25,000001.XSHE,0.4726,2225.8588,2225.8243,4.7818,0.5293,"day,code,turnover_ratio,market_cap,circulating_market_cap,pe_ratio,pb_ratio"
2025-02-26,000001.XSHE,0.4337,2235.5618,2235.5271,4.8026,0.5316,"day,code,turnover_ratio,market_cap,circulating_market_cap,pe_ratio,pb_ratio"
2025-02-27,000001.XSHE,0.5036,2254.9677,2254.9328,4.8443,0.5362,"day,code,turnover_ratio,market_cap,circulating_market_cap,pe_ratio,pb_ratio"
2025-02-28,000001.XSHE,0.4891,2237.5024,2237.4677,4.8068,0.5321,"day,code,turnover_ratio,market_cap,circulating_market_cap,pe_ratio,pb_ratio"
2025-03-03,000001.XSHE,0.4279,2233.6212,2233.5866,4.7984,0.5312,"day,code,turnover_ratio,market_cap,circulating_market_cap,pe_ratio,pb_ratio"
2025-03-04,000001.XSHE,0.3521,2233.6212,2233.5866,4.7984,0.5312,"day,code,turnover_ratio,market_cap,circulating_market_cap,pe_ratio,pb_ratio"
2025-03-05,000001.XSHE,0.5569,2262.7301,2262.695,4.861,0.5381,"day,code,turnover_ratio,market_cap,circulating_market_cap,pe_ratio,pb_ratio"
2025-03-06,000001.XSHE,0.4521,2256.9083,2256.8733,4.8485,0.5367,"day,code,turnover_ratio,market_cap,circulating_market_cap,pe_ratio,pb_ratio"
2025-03-07,000001.XSHE,0.4306,2264.6707,2264.6356,4.8651,0.5385,"day,code,turnover_ratio,market_cap,circulating_market_cap,pe_ratio,pb_ratio"
2025-03-10,000001.XSHE,0.3421,2249.1459,2249.1111,4.8318,0.5348,"day,code,turnover_ratio,market_cap,circulating_market_cap,pe_ratio,pb_ratio"
2025-03-11,000001.XSHE,0.3138,2253.0271,2252.9922,4.8401,0.5358,"day,code,turnover_ratio,market_cap,circulating_market_cap,pe_ratio,pb_ratio"
2025-03-12,000001.XSHE,0.9674,2299.6013,2299.5657,4.9402,0.5468,"day,code,turnover_ratio,market_cap,circulating_market_cap,pe_ratio,pb_ratio"
2025-03-13,000001.XSHE,0.6763,2297.6607,2297.6251,4.936,0.5464,"day,code,turnover_ratio,market_cap,circulating_market_cap,pe_ratio,pb_ratio"
2025-03-14,000001.XSHE,0.8876,2322.8884,2322.8524,4.9902,0.5524,"day,code,turnover_ratio,market_cap,circulating_market_cap,pe_ratio,pb_ratio"
2025-03-17,000001.XSHE,2.3723,2231.6806,2231.6408,5.0141,0.5252,"day,code,turnover_ratio,market_cap,circulating_market_cap,pe_ratio,pb_ratio"
2025-03-18,000001.XSHE,0.8272,2229.74,2229.7002,5.0098,0.5248,"day,code,turnover_ratio,market_cap,circulating_market_cap,pe_ratio,pb_ratio"
2025-03-19,000001.XSHE,0.7021,2235.5618,2235.5219,5.0228,0.5261,"day,code,turnover_ratio,market_cap,circulating_market_cap,pe_ratio,pb_ratio"
2025-03-20,000001.XSHE,0.5674,2229.74,2229.7002,5.0098,0.5248,"day,code,turnover_ratio,market_cap,circulating_market_cap,pe_ratio,pb_ratio"
2025-03-21,000001.XSHE,0.7093,2216.1559,2216.1163,4.9792,0.5216,"day,code,turnover_ratio,market_cap,circulating_market_cap,pe_ratio,pb_ratio"
2025-03-24,000001.XSHE,0.6001,2208.3935,2208.3541,4.9618,0.5198,"day,code,turnover_ratio,market_cap,circulating_market_cap,pe_ratio,pb_ratio"
2025-03-25,000001.XSHE,0.3791,2218.0965,2218.0569,4.9836,0.522,"day,code,turnover_ratio,market_cap,circulating_market_cap,pe_ratio,pb_ratio"
2025-03-26,000001.XSHE,0.3818,2208.3935,2208.3541,4.9618,0.5198,"day,code,turnover_ratio,market_cap,circulating_market_cap,pe_ratio,pb_ratio"
2025-03-27,000001.XSHE,0.2851,2210.3341,2210.2946,4.9662,0.5202,"day,code,turnover_ratio,market_cap,circulating_market_cap,pe_ratio,pb_ratio"
2025-03-28,000001.XSHE,0.3324,2202.5717,2202.5324,4.9487,0.5184,"day,code,turnover_ratio,market_cap,circulating_market_cap,pe_ratio,pb_ratio"
2025-03-31,000001.XSHE,0.5752,2185.1064,2185.0674,4.9095,0.5143,"day,code,turnover_ratio,market_cap,circulating_market_cap,pe_ratio,pb_ratio"
2025-04-01,000001.XSHE,0.3512,2187.047,2187.0079,4.9138,0.5147,"day,code,turnover_ratio,market_cap,circulating_market_cap,pe_ratio,pb_ratio"
2025-04-02,000001.XSHE,0.4806,2206.4529,2206.4135,4.9574,0.5193,"day,code,turnover_ratio,market_cap,circulating_market_cap,pe_ratio,pb_ratio"
2025-04-03,000001.XSHE,0.3318,2200.6311,2200.5918,4.9443,0.5179,"day,code,turnover_ratio,market_cap,circulating_market_cap,pe_ratio,pb_ratio"
2025-04-07,000001.XSHE,1.3118,2076.4332,2076.3962,4.6653,0.4887,"day,code,turnover_ratio,market_cap,circulating_market_cap,pe_ratio,pb_ratio"
2025-04-08,000001.XSHE,0.7544,2099.7203,2099.6829,4.7176,0.4942,"day,code,turnover_ratio,market_cap,circulating_market_cap,pe_ratio,pb_ratio"
2025-04-09,000001.XSHE,0.5485,2095.8392,2095.8018,4.7089,0.4933,"day,code,turnover_ratio,market_cap,circulating_market_cap,pe_ratio,pb_ratio"
2025-04-10,000001.XSHE,0.4465,2115.2451,2115.2073,4.7525,0.4978,"day,code,turnover_ratio,market_cap,circulating_market_cap,pe_ratio,pb_ratio"
2025-04-11,000001.XSHE,0.3009,2113.3045,2113.2668,4.7481,0.4974,"day,code,turnover_ratio,market_cap,circulating_market_cap,pe_ratio,pb_ratio"
2025-04-14,000001.XSHE,0.405,2121.0669,2121.029,4.7656,0.4992,"day,code,turnover_ratio,market_cap,circulating_market_cap,pe_ratio,pb_ratio"
2025-04-15,000001.XSHE,0.3724,2124.948,2124.9101,4.7743,0.5001,"day,code,turnover_ratio,market_cap,circulating_market_cap,pe_ratio,pb_ratio"
2025-04-16,000001.XSHE,0.4343,2134.651,2134.6129,4.7961,0.5024,"day,code,turnover_ratio,market_cap,circulating_market_cap,pe_ratio,pb_ratio"
2025-04-17,000001.XSHE,0.4246,2146.2946,2146.2562,4.8223,0.5051,"day,code,turnover_ratio,market_cap,circulating_market_cap,pe_ratio,pb_ratio"
2025-04-18,000001.XSHE,0.3747,2169.5817,2169.5429,4.8746,0.5106,"day,code,turnover_ratio,market_cap,circulating_market_cap,pe_ratio,pb_ratio"
2025-04-21,000001.XSHE,0.5742,2138.5322,2138.494,4.8968,0.4903,"day,code,turnover_ratio,market_cap,circulating_market_cap,pe_ratio,pb_ratio"
2025-04-22,000001.XSHE,0.4283,2142.4134,2142.3751,4.9057,0.4912,"day,code,turnover_ratio,market_cap,circulating_market_cap,pe_ratio,pb_ratio"
2025-04-23,000001.XSHE,0.3022,2136.5916,2136.5535,4.8924,0.4899,"day,code,turnover_ratio,market_cap,circulating_market_cap,pe_ratio,pb_ratio"
2025-04-24,000001.XSHE,0.3552,2140.4728,2140.4346,4.9012,0.4908,"day,code,turnover_ratio,market_cap,circulating_market_cap,pe_ratio,pb_ratio"
2025-04-25,000001.XSHE,0.3285,2136.5916,2136.5535,4.8924,0.4899,"day,code,turnover_ratio,market_cap,circulating_market_cap,pe_ratio,pb_ratio"
2025-04-28,000001.XSHE,0.3308,2134.651,2134.6129,4.8879,0.4894,"day,code,turnover_ratio,market_cap,circulating_market_cap,pe_ratio,pb_ratio"
2025-04-29,000001.XSHE,0.3345,2130.7698,2130.7318,4.879,0.4885,"day,code,turnover_ratio,market_cap,circulating_market_cap,pe_ratio,pb_ratio"
2025-04-30,000001.XSHE,0.4482,2117.1857,2117.1479,4.8479,0.4854,"day,code,turnover_ratio,market_cap,circulating_market_cap,pe_ratio,pb_ratio"
2025-05-06,000001.XSHE,0.4404,2126.8886,2126.8507,4.8701,0.4876,"day,code,turnover_ratio,market_cap,circulating_market_cap,pe_ratio,pb_ratio"
2025-05-07,000001.XSHE,0.5804,2140.4728,2140.4346,4.9012,0.4908,"day,code,turnover_ratio,market_cap,circulating_market_cap,pe_ratio,pb_ratio"
2025-05-08,000001.XSHE,0.5445,2150.1757,2150.1374,4.9235,0.493,"day,code,turnover_ratio,market_cap,circulating_market_cap,pe_ratio,pb_ratio"
2025-05-09,000001.XSHE,0.5153,2163.7599,2163.7213,4.9546,0.4961,"day,code,turnover_ratio,market_cap,circulating_market_cap,pe_ratio,pb_ratio"
2025-05-12,000001.XSHE,0.4615,2165.7005,2165.6618,4.959,0.4965,"day,code,turnover_ratio,market_cap,circulating_market_cap,pe_ratio,pb_ratio"
2025-05-13,000001.XSHE,0.6498,2190.9282,2190.8891,5.0168,0.5023,"day,code,turnover_ratio,market_cap,circulating_market_cap,pe_ratio,pb_ratio"
2025-05-14,000001.XSHE,0.8675,2218.0965,2218.0569,5.079,0.5086,"day,code,turnover_ratio,market_cap,circulating_market_cap,pe_ratio,pb_ratio"
2025-05-15,000001.XSHE,0.5336,2210.3341,2210.2946,5.0612,0.5068,"day,code,turnover_ratio,market_cap,circulating_market_cap,pe_ratio,pb_ratio"
2025-05-16,000001.XSHE,0.4714,2208.3935,2208.3541,5.0568,0.5063,"day,code,turnover_ratio,market_cap,circulating_market_cap,pe_ratio,pb_ratio"
2025-05-19,000001.XSHE,0.4284,2206.4529,2206.4135,5.0523,0.5059,"day,code,turnover_ratio,market_cap,circulating_market_cap,pe_ratio,pb_ratio"
2025-05-20,000001.XSHE,0.3317,2210.3341,2210.2946,5.0612,0.5068,"day,code,turnover_ratio,market_cap,circulating_market_cap,pe_ratio,pb_ratio"
2025-05-21,000001.XSHE,0.6845,2227.7994,2227.7596,5.1012,0.5108,"day,code,turnover_ratio,market_cap,circulating_market_cap,pe_ratio,pb_ratio"
2025-05-22,000001.XSHE,0.5168,2241.3836,2241.3435,5.1323,0.5139,"day,code,turnover_ratio,market_cap,circulating_market_cap,pe_ratio,pb_ratio"
2025-05-23,000001.XSHE,0.4961,2223.9182,2223.8785,5.0923,0.5099,"day,code,turnover_ratio,market_cap,circulating_market_cap,pe_ratio,pb_ratio"
2025-05-26,000001.XSHE,0.3603,2216.1559,2216.1163,5.0745,0.5081,"day,code,turnover_ratio,market_cap,circulating_market_cap,pe_ratio,pb_ratio"
2025-05-27,000001.XSHE,0.4132,2229.74,2229.7002,5.1057,0.5112,"day,code,turnover_ratio,market_cap,circulating_market_cap,pe_ratio,pb_ratio"
2025-05-28,000001.XSHE,0.3392,2237.5024,2237.4624,5.1234,0.513,"day,code,turnover_ratio,market_cap,circulating_market_cap,pe_ratio,pb_ratio"
2025-05-29,000001.XSHE,0.474,2223.9182,2223.8785,5.0923,0.5099,"day,code,turnover_ratio,market_cap,circulating_market_cap,pe_ratio,pb_ratio"
2025-05-30,000001.XSHE,0.5827,2243.3241,2243.2841,5.1368,0.5143,"day,code,turnover_ratio,market_cap,circulating_market_cap,pe_ratio,pb_ratio"
2025-06-03,000001.XSHE,1.1298,2291.8389,2291.798,5.2478,0.5255,"day,code,turnover_ratio,market_cap,circulating_market_cap,pe_ratio,pb_ratio"
2025-06-04,000001.XSHE,0.6019,2297.6607,2297.6197,5.2612,0.5268,"day,code,turnover_ratio,market_cap,circulating_market_cap,pe_ratio,pb_ratio"
2025-06-05,000001.XSHE,0.6013,2264.6707,2264.6302,5.1856,0.5192,"day,code,turnover_ratio,market_cap,circulating_market_cap,pe_ratio,pb_ratio"
2025-06-06,000001.XSHE,0.3516,2270.4924,2270.4519,5.199,0.5206,"day,code,turnover_ratio,market_cap,circulating_market_cap,pe_ratio,pb_ratio"
2025-06-09,000001.XSHE,0.3985,2272.433,2272.3925,5.2034,0.521,"day,code,turnover_ratio,market_cap,circulating_market_cap,pe_ratio,pb_ratio"
2025-06-10,000001.XSHE,0.7359,2291.8389,2291.798,5.2478,0.5255,"day,code,turnover_ratio,market_cap,circulating_market_cap,pe_ratio,pb_ratio"
2025-06-11,000001.XSHE,0.5641,2299.6013,2299.5603,5.2656,0.5272,"day,code,turnover_ratio,market_cap,circulating_market_cap,pe_ratio,pb_ratio"
2025-06-12,000001.XSHE,0.6649,2266.6112,2266.5708,5.1901,0.5197,"day,code,turnover_ratio,market_cap,circulating_market_cap,pe_ratio,pb_ratio"
2025-06-13,000001.XSHE,0.5645,2247.2053,2247.1652,5.1456,0.5152,"day,code,turnover_ratio,market_cap,circulating_market_cap,pe_ratio,pb_ratio"
2025-06-16,000001.XSHE,0.6052,2287.9578,2287.9169,5.239,0.5246,"day,code,turnover_ratio,market_cap,circulating_market_cap,pe_ratio,pb_ratio"
2025-06-17,000001.XSHE,0.4586,2282.136,2282.0952,5.2256,0.5232,"day,code,turnover_ratio,market_cap,circulating_market_cap,pe_ratio,pb_ratio"
2025-06-18,000001.XSHE,0.3522,2284.0766,2284.0358,5.2301,0.5237,"day,code,turnover_ratio,market_cap,circulating_market_cap,pe_ratio,pb_ratio"
2025-06-19,000001.XSHE,0.4289,2270.4924,2270.4519,5.199,0.5206,"day,code,turnover_ratio,market_cap,circulating_market_cap,pe_ratio,pb_ratio"
2025-06-20,000001.XSHE,0.6747,2297.6607,2297.6197,5.2612,0.5268,"day,code,turnover_ratio,market_cap,circulating_market_cap,pe_ratio,pb_ratio"
2025-06-23,000001.XSHE,0.7159,2315.126,2315.0847,5.3012,0.5308,"day,code,turnover_ratio,market_cap,circulating_market_cap,pe_ratio,pb_ratio"
2025-06-24,000001.XSHE,0.6743,2315.126,2315.0847,5.3012,0.5308,"day,code,turnover_ratio,market_cap,circulating_market_cap,pe_ratio,pb_ratio"
2025-06-25,000001.XSHE,0.8632,2340.3537,2340.312,5.3589,0.5366,"day,code,turnover_ratio,market_cap,circulating_market_cap,pe_ratio,pb_ratio"
2025-06-26,000001.XSHE,1.1206,2408.2744,2408.2315,5.5145,0.5522,"day,code,turnover_ratio,market_cap,circulating_market_cap,pe_ratio,pb_ratio"
2025-06-27,000001.XSHE,1.2252,2367.522,2367.4798,5.4211,0.5428,"day,code,turnover_ratio,market_cap,circulating_market_cap,pe_ratio,pb_ratio"
2025-06-30,000001.XSHE,0.7755,2342.2943,2342.2525,5.3634,0.537,"day,code,turnover_ratio,market_cap,circulating_market_cap,pe_ratio,pb_ratio"
2025-07-01,000001.XSHE,0.6979,2386.9279,2386.8853,5.4656,0.5473,"day,code,turnover_ratio,market_cap,circulating_market_cap,pe_ratio,pb_ratio"
2025-07-02,000001.XSHE,0.6186,2390.8091,2390.7665,5.4745,0.5482,"day,code,turnover_ratio,market_cap,circulating_market_cap,pe_ratio,pb_ratio"
2025-07-03,000001.XSHE,0.4092,2396.6309,2396.5881,5.4878,0.5495,"day,code,turnover_ratio,market_cap,circulating_market_cap,pe_ratio,pb_ratio"
2025-07-04,000001.XSHE,0.9149,2445.1457,2445.1021,5.5989,0.5606,"day,code,turnover_ratio,market_cap,circulating_market_cap,pe_ratio,pb_ratio"
2025-07-07,000001.XSHE,0.7706,2480.0763,2480.0321,5.6789,0.5686,"day,code,turnover_ratio,market_cap,circulating_market_cap,pe_ratio,pb_ratio"
2025-07-08,000001.XSHE,0.5622,2462.611,2462.5671,5.6389,0.5646,"day,code,turnover_ratio,market_cap,circulating_market_cap,pe_ratio,pb_ratio"
2025-07-09,000001.XSHE,0.6215,2491.7199,2491.6754,5.7055,0.5713,"day,code,turnover_ratio,market_cap,circulating_market_cap,pe_ratio,pb_ratio"
2025-07-10,000001.XSHE,1.2787,2557.7,2557.6544,5.8566,0.5864,"day,code,turnover_ratio,market_cap,circulating_market_cap,pe_ratio,pb_ratio"
2025-07-11,000001.XSHE,1.2593,2505.304,2505.2593,5.7366,0.5744,"day,code,turnover_ratio,market_cap,circulating_market_cap,pe_ratio,pb_ratio"
2025-07-14,000001.XSHE,0.9651,2518.8882,2518.8432,5.7677,0.5775,"day,code,turnover_ratio,market_cap,circulating_market_cap,pe_ratio,pb_ratio"
2025-07-15,000001.XSHE,0.933,2470.3734,2470.3293,5.6567,0.5664,"day,code,turnover_ratio,market_cap,circulating_market_cap,pe_ratio,pb_ratio"
2025-07-16,000001.XSHE,0.9935,2452.9081,2452.8643,5.6167,0.5624,"day,code,turnover_ratio,market_cap,circulating_market_cap,pe_ratio,pb_ratio"
2025-07-17,000001.XSHE,0.4868,2443.2051,2443.1615,5.5944,0.5602,"day,code,turnover_ratio,market_cap,circulating_market_cap,pe_ratio,pb_ratio"
2025-07-18,000001.XSHE,0.6396,2464.5516,2464.5076,5.6433,0.5651,"day,code,turnover_ratio,market_cap,circulating_market_cap,pe_ratio,pb_ratio"
2025-07-21,000001.XSHE,0.556,2447.0863,2447.0426,5.6033,0.5611,"day,code,turnover_ratio,market_cap,circulating_market_cap,pe_ratio,pb_ratio"
2025-07-22,000001.XSHE,0.9973,2423.7992,2423.7559,5.55,0.5557,"day,code,turnover_ratio,market_cap,circulating_market_cap,pe_ratio,pb_ratio"
2025-07-23,000001.XSHE,0.7063,2431.5616,2431.5182,5.5678,0.5575,"day,code,turnover_ratio,market_cap,circulating_market_cap,pe_ratio,pb_ratio"
2025-07-24,000001.XSHE,1.0097,2396.6309,2396.5881,5.4878,0.5495,"day,code,turnover_ratio,market_cap,circulating_market_cap,pe_ratio,pb_ratio"
2025-07-25,000001.XSHE,0.5711,2396.6309,2396.5881,5.4878,0.5495,"day,code,turnover_ratio,market_cap,circulating_market_cap,pe_ratio,pb_ratio"
2025-07-28,000001.XSHE,0.6381,2417.9774,2417.9343,5.5367,0.5544,"day,code,turnover_ratio,market_cap,circulating_market_cap,pe_ratio,pb_ratio"
2025-07-29,000001.XSHE,0.5219,2394.6903,2394.6476,5.4834,0.549,"day,code,turnover_ratio,market_cap,circulating_market_cap,pe_ratio,pb_ratio"
2025-07-30,000001.XSHE,0.8839,2423.7992,2423.7559,5.55,0.5557,"day,code,turnover_ratio,market_cap,circulating_market_cap,pe_ratio,pb_ratio"
2025-07-31,000001.XSHE,0.8709,2373.3438,2373.3014,5.4345,0.5441,"day,code,turnover_ratio,market_cap,circulating_market_cap,pe_ratio,pb_ratio"
2025-08-01,000001.XSHE,0.5216,2383.0468,2383.0042,5.4567,0.5464,"day,code,turnover_ratio,market_cap,circulating_market_cap,pe_ratio,pb_ratio"
2025-08-04,000001.XSHE,0.5322,2386.9279,2386.8853,5.4656,0.5473,"day,code,turnover_ratio,market_cap,circulating_market_cap,pe_ratio,pb_ratio"
2025-08-05,000001.XSHE,0.5834,2419.918,2419.8748,5.5411,0.5548,"day,code,turnover_ratio,market_cap,circulating_market_cap,pe_ratio,pb_ratio"
2025-08-06,000001.XSHE,0.3558,2417.9774,2417.9343,5.5367,0.5544,"day,code,turnover_ratio,market_cap,circulating_market_cap,pe_ratio,pb_ratio"
2025-08-07,000001.XSHE,0.3721,2419.918,2419.8748,5.5411,0.5548,"day,code,turnover_ratio,market_cap,circulating_market_cap,pe_ratio,pb_ratio"
2025-08-08,000001.XSHE,0.4276,2406.3339,2406.2909,5.51,0.5517,"day,code,turnover_ratio,market_cap,circulating_market_cap,pe_ratio,pb_ratio"
2025-08-11,000001.XSHE,0.4815,2386.9279,2386.8853,5.4656,0.5473,"day,code,turnover_ratio,market_cap,circulating_market_cap,pe_ratio,pb_ratio"
2025-08-12,000001.XSHE,0.3504,2392.7497,2392.707,5.4789,0.5486,"day,code,turnover_ratio,market_cap,circulating_market_cap,pe_ratio,pb_ratio"
2025-08-13,000001.XSHE,0.5771,2379.1656,2379.1231,5.4478,0.5455,"day,code,turnover_ratio,market_cap,circulating_market_cap,pe_ratio,pb_ratio"
2025-08-14,000001.XSHE,0.6395,2367.522,2367.4798,5.4211,0.5428,"day,code,turnover_ratio,market_cap,circulating_market_cap,pe_ratio,pb_ratio"
2025-08-15,000001.XSHE,1.0041,2344.2349,2344.1931,5.3678,0.5375,"day,code,turnover_ratio,market_cap,circulating_market_cap,pe_ratio,pb_ratio"
2025-08-18,000001.XSHE,0.6385,2344.2349,2344.1931,5.3678,0.5375,"day,code,turnover_ratio,market_cap,circulating_market_cap,pe_ratio,pb_ratio"
2025-08-19,000001.XSHE,0.4601,2340.3537,2340.312,5.3589,0.5366,"day,code,turnover_ratio,market_cap,circulating_market_cap,pe_ratio,pb_ratio"
2025-08-20,000001.XSHE,0.5404,2342.2943,2342.2525,5.3634,0.537,"day,code,turnover_ratio,market_cap,circulating_market_cap,pe_ratio,pb_ratio"
2025-08-21,000001.XSHE,0.6274,2357.8191,2357.777,5.3989,0.5406,"day,code,turnover_ratio,market_cap,circulating_market_cap,pe_ratio,pb_ratio"
2025-08-22,000001.XSHE,0.8473,2340.3537,2340.312,5.3589,0.5366,"day,code,turnover_ratio,market_cap,circulating_market_cap,pe_ratio,pb_ratio"
2025-08-25,000001.XSHE,1.5692,2416.0368,2415.9973,5.5542,0.549,"day,code,turnover_ratio,market_cap,circulating_market_cap,pe_ratio,pb_ratio"
2025-08-26,000001.XSHE,0.713,2398.5715,2398.5322,5.5141,0.545,"day,code,turnover_ratio,market_cap,circulating_market_cap,pe_ratio,pb_ratio"
2025-08-27,000001.XSHE,0.9585,2340.3537,2340.3154,5.3802,0.5318,"day,code,turnover_ratio,market_cap,circulating_market_cap,pe_ratio,pb_ratio"
2025-08-28,000001.XSHE,0.8521,2344.2349,2344.1966,5.3892,0.5326,"day,code,turnover_ratio,market_cap,circulating_market_cap,pe_ratio,pb_ratio"
2025-08-29,000001.XSHE,0.9302,2338.4131,2338.3749,5.3758,0.5313,"day,code,turnover_ratio,market_cap,circulating_market_cap,pe_ratio,pb_ratio"
2025-09-01,000001.XSHE,0.9577,2307.3637,2307.3259,5.3044,0.5243,"day,code,turnover_ratio,market_cap,circulating_market_cap,pe_ratio,pb_ratio"
2025-09-02,000001.XSHE,0.7692,2324.829,2324.791,5.3446,0.5282,"day,code,turnover_ratio,market_cap,circulating_market_cap,pe_ratio,pb_ratio"
2025-09-03,000001.XSHE,0.7046,2280.1954,2280.1581,5.2419,0.5181,"day,code,turnover_ratio,market_cap,circulating_market_cap,pe_ratio,pb_ratio"
2025-09-04,000001.XSHE,0.6675,2278.2548,2278.2175,5.2375,0.5177,"day,code,turnover_ratio,market_cap,circulating_market_cap,pe_ratio,pb_ratio"
2025-09-05,000001.XSHE,0.4224,2274.3736,2274.3364,5.2286,0.5168,"day,code,turnover_ratio,market_cap,circulating_market_cap,pe_ratio,pb_ratio"
2025-09-08,000001.XSHE,0.4764,2270.4924,2270.4553,5.2196,0.5159,"day,code,turnover_ratio,market_cap,circulating_market_cap,pe_ratio,pb_ratio"
2025-09-09,000001.XSHE,0.4434,2280.1954,2280.1581,5.2419,0.5181,"day,code,turnover_ratio,market_cap,circulating_market_cap,pe_ratio,pb_ratio"
2025-09-10,000001.XSHE,0.4085,2284.0766,2284.0392,5.2509,0.519,"day,code,turnover_ratio,market_cap,circulating_market_cap,pe_ratio,pb_ratio"
2025-09-11,000001.XSHE,0.4967,2299.6013,2299.5637,5.2866,0.5225,"day,code,turnover_ratio,market_cap,circulating_market_cap,pe_ratio,pb_ratio"
2025-09-12,000001.XSHE,0.4846,2274.3736,2274.3364,5.2286,0.5168,"day,code,turnover_ratio,market_cap,circulating_market_cap,pe_ratio,pb_ratio"
2025-09-15,000001.XSHE,0.4331,2260.7895,2260.7525,5.1973,0.5137,"day,code,turnover_ratio,market_cap,circulating_market_cap,pe_ratio,pb_ratio"
2025-09-16,000001.XSHE,0.3649,2258.8489,2258.8119,5.1929,0.5132,"day,code,turnover_ratio,market_cap,circulating_market_cap,pe_ratio,pb_ratio"
2025-09-17,000001.XSHE,0.3974,2258.8489,2258.8119,5.1929,0.5132,"day,code,turnover_ratio,market_cap,circulating_market_cap,pe_ratio,pb_ratio"
2025-09-18,000001.XSHE,0.7143,2214.2153,2214.179,5.0903,0.5031,"day,code,turnover_ratio,market_cap,circulating_market_cap,pe_ratio,pb_ratio"
2025-09-19,000001.XSHE,0.4301,2221.9776,2221.9413,5.1081,0.5049,"day,code,turnover_ratio,market_cap,circulating_market_cap,pe_ratio,pb_ratio"
2025-09-22,000001.XSHE,0.3073,2208.3935,2208.3574,5.0769,0.5018,"day,code,turnover_ratio,market_cap,circulating_market_cap,pe_ratio,pb_ratio"
2025-09-23,000001.XSHE,0.6913,2235.5618,2235.5252,5.1393,0.508,"day,code,turnover_ratio,market_cap,circulating_market_cap,pe_ratio,pb_ratio"
2025-09-24,000001.XSHE,0.5872,2223.9182,2223.8818,5.1126,0.5053,"day,code,turnover_ratio,market_cap,circulating_market_cap,pe_ratio,pb_ratio"
2025-09-25,000001.XSHE,0.3985,2212.2747,2212.2385,5.0858,0.5027,"day,code,turnover_ratio,market_cap,circulating_market_cap,pe_ratio,pb_ratio"
2025-09-26,000001.XSHE,0.3882,2212.2747,2212.2385,5.0858,0.5027,"day,code,turnover_ratio,market_cap,circulating_market_cap,pe_ratio,pb_ratio"
2025-09-29,000001.XSHE,0.606,2206.4529,2206.4168,5.0724,0.5013,"day,code,turnover_ratio,market_cap,circulating_market_cap,pe_ratio,pb_ratio"
2025-09-30,000001.XSHE,0.429,2200.6311,2200.5951,5.059,0.5,"day,code,turnover_ratio,market_cap,circulating_market_cap,pe_ratio,pb_ratio"
2025-10-09,000001.XSHE,0.5398,2212.2747,2212.2385,5.0858,0.5027,"day,code,turnover_ratio,market_cap,circulating_market_cap,pe_ratio,pb_ratio"
2025-10-10,000001.XSHE,0.5606,2218.0965,2218.0602,5.0992,0.504,"day,code,turnover_ratio,market_cap,circulating_market_cap,pe_ratio,pb_ratio"
2025-10-13,000001.XSHE,0.6023,2212.2747,2212.2385,5.0858,0.5027,"day,code,turnover_ratio,market_cap,circulating_market_cap,pe_ratio,pb_ratio"
2025-10-14,000001.XSHE,0.9499,2245.2647,2245.228,5.1616,0.5102,"day,code,turnover_ratio,market_cap,circulating_market_cap,pe_ratio,pb_ratio"
2025-10-15,000001.XSHE,0.655,2212.2747,2212.2385,5.0858,0.5027,"day,code,turnover_ratio,market_cap,circulating_market_cap,pe_ratio,pb_ratio"
2025-10-16,000001.XSHE,0.6503,2239.443,2239.4063,5.1483,0.5088,"day,code,turnover_ratio,market_cap,circulating_market_cap,pe_ratio,pb_ratio"
2025-10-17,000001.XSHE,0.5358,2212.2747,2212.2385,5.0858,0.5027,"day,code,turnover_ratio,market_cap,circulating_market_cap,pe_ratio,pb_ratio"
2025-10-20,000001.XSHE,0.4909,2216.1559,2216.1196,5.0947,0.5035,"day,code,turnover_ratio,market_cap,circulating_market_cap,pe_ratio,pb_ratio"
2025-10-21,000001.XSHE,0.3922,2218.0965,2218.0602,5.0992,0.504,"day,code,turnover_ratio,market_cap,circulating_market_cap,pe_ratio,pb_ratio"
2025-10-22,000001.XSHE,0.4296,2235.5618,2235.5252,5.1393,0.508,"day,code,turnover_ratio,market_cap,circulating_market_cap,pe_ratio,pb_ratio"
2025-10-23,000001.XSHE,0.7076,2256.9083,2256.8714,5.1884,0.5128,"day,code,turnover_ratio,market_cap,circulating_market_cap,pe_ratio,pb_ratio"
2025-10-24,000001.XSHE,0.5053,2243.3241,2243.2874,5.1572,0.5097,"day,code,turnover_ratio,market_cap,circulating_market_cap,pe_ratio,pb_ratio"
2025-10-27,000001.XSHE,0.6387,2235.5618,2235.5252,5.1848,0.499,"day,code,turnover_ratio,market_cap,circulating_market_cap,pe_ratio,pb_ratio"
2025-10-28,000001.XSHE,0.4234,2225.8588,2225.8224,5.1622,0.4969,"day,code,turnover_ratio,market_cap,circulating_market_cap,pe_ratio,pb_ratio"
2025-10-29,000001.XSHE,0.4979,2210.3341,2210.2979,5.1262,0.4934,"day,code,turnover_ratio,market_cap,circulating_market_cap,pe_ratio,pb_ratio"
2025-10-30,000001.XSHE,0.4863,2208.3935,2208.3574,5.1217,0.493,"day,code,turnover_ratio,market_cap,circulating_market_cap,pe_ratio,pb_ratio"
2025-10-31,000001.XSHE,0.5,2196.7499,2196.714,5.0947,0.4904,"day,code,turnover_ratio,market_cap,circulating_market_cap,pe_ratio,pb_ratio"
2025-11-03,000001.XSHE,0.4907,2218.0965,2218.0602,5.1442,0.4951,"day,code,turnover_ratio,market_cap,circulating_market_cap,pe_ratio,pb_ratio"
2025-11-04,000001.XSHE,0.7745,2249.1459,2249.1091,5.2163,0.5021,"day,code,turnover_ratio,market_cap,circulating_market_cap,pe_ratio,pb_ratio"
2025-11-05,000001.XSHE,0.4096,2235.5618,2235.5252,5.1848,0.499,"day,code,turnover_ratio,market_cap,circulating_market_cap,pe_ratio,pb_ratio"
2025-11-06,000001.XSHE,0.395,2233.6212,2233.5846,5.1803,0.4986,"day,code,turnover_ratio,market_cap,circulating_market_cap,pe_ratio,pb_ratio"
2025-11-07,000001.XSHE,0.3787,2241.3836,2241.3469,5.1983,0.5003,"day,code,turnover_ratio,market_cap,circulating_market_cap,pe_ratio,pb_ratio"
2025-11-10,000001.XSHE,0.4263,2256.9083,2256.8714,5.2343,0.5038,"day,code,turnover_ratio,market_cap,circulating_market_cap,pe_ratio,pb_ratio"
2025-11-11,000001.XSHE,0.4568,2264.6707,2264.6336,5.2523,0.5055,"day,code,turnover_ratio,market_cap,circulating_market_cap,pe_ratio,pb_ratio"
2025-11-12,000001.XSHE,0.5881,2266.6112,2266.5742,5.2568,0.506,"day,code,turnover_ratio,market_cap,circulating_market_cap,pe_ratio,pb_ratio"
2025-11-13,000001.XSHE,0.5045,2270.4924,2270.4553,5.2658,0.5068,"day,code,turnover_ratio,market_cap,circulating_market_cap,pe_ratio,pb_ratio"
2025-11-14,000001.XSHE,0.6787,2280.1954,2280.1581,5.2883,0.509,"day,code,turnover_ratio,market_cap,circulating_market_cap,pe_ratio,pb_ratio"
2025-11-17,000001.XSHE,0.5129,2264.6707,2264.6336,5.2523,0.5055,"day,code,turnover_ratio,market_cap,circulating_market_cap,pe_ratio,pb_ratio"
2025-11-18,000001.XSHE,0.3453,2249.1459,2249.1091,5.2163,0.5021,"day,code,turnover_ratio,market_cap,circulating_market_cap,pe_ratio,pb_ratio"
2025-11-19,000001.XSHE,0.6879,2289.8983,2289.8609,5.3108,0.5112,"day,code,turnover_ratio,market_cap,circulating_market_cap,pe_ratio,pb_ratio"
2025-11-20,000001.XSHE,0.8436,2299.6013,2299.5637,5.3333,0.5133,"day,code,turnover_ratio,market_cap,circulating_market_cap,pe_ratio,pb_ratio"
2025-11-21,000001.XSHE,0.7551,2268.5518,2268.5147,5.2613,0.5064,"day,code,turnover_ratio,market_cap,circulating_market_cap,pe_ratio,pb_ratio"
2025-11-24,000001.XSHE,0.5757,2251.0865,2251.0497,5.2208,0.5025,"day,code,turnover_ratio,market_cap,circulating_market_cap,pe_ratio,pb_ratio"
2025-11-25,000001.XSHE,0.5298,2289.8983,2289.8609,5.3108,0.5112,"day,code,turnover_ratio,market_cap,circulating_market_cap,pe_ratio,pb_ratio"
2025-11-26,000001.XSHE,0.4232,2268.5518,2268.5147,5.2613,0.5064,"day,code,turnover_ratio,market_cap,circulating_market_cap,pe_ratio,pb_ratio"
2025-11-27,000001.XSHE,0.5214,2272.433,2272.3958,5.2703,0.5073,"day,code,turnover_ratio,market_cap,circulating_market_cap,pe_ratio,pb_ratio"
2025-11-28,000001.XSHE,0.4557,2253.0271,2252.9902,5.2253,0.5029,"day,code,turnover_ratio,market_cap,circulating_market_cap,pe_ratio,pb_ratio"
2025-12-01,000001.XSHE,0.5345,2268.5518,2268.5147,5.2613,0.5064,"day,code,turnover_ratio,market_cap,circulating_market_cap,pe_ratio,pb_ratio"
2025-12-02,000001.XSHE,0.3958,2258.8489,2258.8119,5.2388,0.5042,"day,code,turnover_ratio,market_cap,circulating_market_cap,pe_ratio,pb_ratio"
2025-12-03,000001.XSHE,0.4868,2241.3836,2241.3469,5.1983,0.5003,"day,code,turnover_ratio,market_cap,circulating_market_cap,pe_ratio,pb_ratio"
2025-12-04,000001.XSHE,0.4566,2229.74,2229.7035,5.1713,0.4977,"day,code,turnover_ratio,market_cap,circulating_market_cap,pe_ratio,pb_ratio"
2025-12-05,000001.XSHE,0.459,2237.5024,2237.4658,5.1893,0.4995,"day,code,turnover_ratio,market_cap,circulating_market_cap,pe_ratio,pb_ratio"
2025-12-08,000001.XSHE,0.4411,2235.5618,2235.5252,5.1848,0.499,"day,code,turnover_ratio,market_cap,circulating_market_cap,pe_ratio,pb_ratio"
2025-12-09,000001.XSHE,0.3782,2218.0965,2218.0602,5.1442,0.4951,"day,code,turnover_ratio,market_cap,circulating_market_cap,pe_ratio,pb_ratio"
2025-12-10,000001.XSHE,0.538,2198.6905,2198.6546,5.0992,0.4908,"day,code,turnover_ratio,market_cap,circulating_market_cap,pe_ratio,pb_ratio"
2025-12-11,000001.XSHE,0.4768,2206.4529,2206.4168,5.1172,0.4925,"day,code,turnover_ratio,market_cap,circulating_market_cap,pe_ratio,pb_ratio"
2025-12-12,000001.XSHE,0.6142,2202.5717,2202.5357,5.1082,0.4917,"day,code,turnover_ratio,market_cap,circulating_market_cap,pe_ratio,pb_ratio"
2025-12-15,000001.XSHE,0.4848,2233.6212,2233.5846,5.1803,0.4986,"day,code,turnover_ratio,market_cap,circulating_market_cap,pe_ratio,pb_ratio"
2025-12-16,000001.XSHE,0.3336,2227.7994,2227.763,5.1668,0.4973,"day,code,turnover_ratio,market_cap,circulating_market_cap,pe_ratio,pb_ratio"
2025-12-17,000001.XSHE,0.3615,2237.5024,2237.4658,5.1893,0.4995,"day,code,turnover_ratio,market_cap,circulating_market_cap,pe_ratio,pb_ratio"
2025-12-18,000001.XSHE,0.4073,2258.8489,2258.8119,5.2388,0.5042,"day,code,turnover_ratio,market_cap,circulating_market_cap,pe_ratio,pb_ratio"
2025-12-19,000001.XSHE,0.3349,2254.9677,2254.9308,5.2298,0.5034,"day,code,turnover_ratio,market_cap,circulating_market_cap,pe_ratio,pb_ratio"
2025-12-22,000001.XSHE,0.3826,2235.5618,2235.5252,5.1848,0.499,"day,code,turnover_ratio,market_cap,circulating_market_cap,pe_ratio,pb_ratio"
2025-12-23,000001.XSHE,0.3433,2243.3241,2243.2874,5.2028,0.5008,"day,code,turnover_ratio,market_cap,circulating_market_cap,pe_ratio,pb_ratio"
2025-12-24,000001.XSHE,0.2604,2239.443,2239.4063,5.1938,0.4999,"day,code,turnover_ratio,market_cap,circulating_market_cap,pe_ratio,pb_ratio"
2025-12-25,000001.XSHE,0.2821,2243.3241,2243.2874,5.2028,0.5008,"day,code,turnover_ratio,market_cap,circulating_market_cap,pe_ratio,pb_ratio"
2025-12-26,000001.XSHE,0.2249,2239.443,2239.4063,5.1938,0.4999,"day,code,turnover_ratio,market_cap,circulating_market_cap,pe_ratio,pb_ratio"
2025-12-29,000001.XSHE,0.3341,2243.3241,2243.2874,5.2028,0.5008,"day,code,turnover_ratio,market_cap,circulating_market_cap,pe_ratio,pb_ratio"
2025-12-30,000001.XSHE,0.3002,2227.7994,2227.763,5.1668,0.4973,"day,code,turnover_ratio,market_cap,circulating_market_cap,pe_ratio,pb_ratio"
2025-12-31,000001.XSHE,0.3044,2214.2153,2214.179,5.1352,0.4943,"day,code,turnover_ratio,market_cap,circulating_market_cap,pe_ratio,pb_ratio"
2026-01-05,000001.XSHE,0.4512,2231.6806,2231.6441,5.1758,0.4982,"day,code,turnover_ratio,market_cap,circulating_market_cap,pe_ratio,pb_ratio"
2026-01-06,000001.XSHE,0.6723,2264.6707,2264.6336,5.2523,0.5055,"day,code,turnover_ratio,market_cap,circulating_market_cap,pe_ratio,pb_ratio"
2026-01-07,000001.XSHE,0.4979,2258.8489,2258.8119,5.2388,0.5042,"day,code,turnover_ratio,market_cap,circulating_market_cap,pe_ratio,pb_ratio"
2026-01-08,000001.XSHE,0.5669,2233.6212,2233.5846,5.1803,0.4986,"day,code,turnover_ratio,market_cap,circulating_market_cap,pe_ratio,pb_ratio"
2026-01-09,000001.XSHE,0.5068,2223.9182,2223.8818,5.1577,0.4964,"day,code,turnover_ratio,market_cap,circulating_market_cap,pe_ratio,pb_ratio"
2026-01-12,000001.XSHE,0.4407,2227.7994,2227.763,5.1668,0.4973,"day,code,turnover_ratio,market_cap,circulating_market_cap,pe_ratio,pb_ratio"
2026-01-13,000001.XSHE,0.547,2225.8588,2225.8224,5.1622,0.4969,"day,code,turnover_ratio,market_cap,circulating_market_cap,pe_ratio,pb_ratio"
2026-01-14,000001.XSHE,0.6569,2204.5123,2204.4762,5.1127,0.4921,"day,code,turnover_ratio,market_cap,circulating_market_cap,pe_ratio,pb_ratio"
2026-01-15,000001.XSHE,0.456,2194.8093,2194.7734,5.0902,0.4899,"day,code,turnover_ratio,market_cap,circulating_market_cap,pe_ratio,pb_ratio"
2026-01-16,000001.XSHE,0.5769,2171.5222,2171.4867,5.0362,0.4847,"day,code,turnover_ratio,market_cap,circulating_market_cap,pe_ratio,pb_ratio"
2026-01-19,000001.XSHE,0.4147,2157.9381,2157.9028,5.0047,0.4817,"day,code,turnover_ratio,market_cap,circulating_market_cap,pe_ratio,pb_ratio"
2026-01-20,000001.XSHE,0.398,2165.7005,2165.665,5.0227,0.4834,"day,code,turnover_ratio,market_cap,circulating_market_cap,pe_ratio,pb_ratio"
2026-01-21,000001.XSHE,0.4638,2148.2351,2148.2,4.9822,0.4795,"day,code,turnover_ratio,market_cap,circulating_market_cap,pe_ratio,pb_ratio"
2026-01-22,000001.XSHE,0.4064,2148.2351,2148.2,4.9822,0.4795,"day,code,turnover_ratio,market_cap,circulating_market_cap,pe_ratio,pb_ratio"
2026-01-23,000001.XSHE,0.572,2132.7104,2132.6755,4.9462,0.4761,"day,code,turnover_ratio,market_cap,circulating_market_cap,pe_ratio,pb_ratio"
2026-01-26,000001.XSHE,0.5701,2126.8886,2126.8538,4.9327,0.4748,"day,code,turnover_ratio,market_cap,circulating_market_cap,pe_ratio,pb_ratio"
2026-01-27,000001.XSHE,0.4607,2123.0075,2122.9727,4.9237,0.4739,"day,code,turnover_ratio,market_cap,circulating_market_cap,pe_ratio,pb_ratio"
2026-01-28,000001.XSHE,0.7414,2103.6015,2103.5671,4.8787,0.4696,"day,code,turnover_ratio,market_cap,circulating_market_cap,pe_ratio,pb_ratio"
2026-01-29,000001.XSHE,0.9549,2126.8886,2126.8538,4.9327,0.4748,"day,code,turnover_ratio,market_cap,circulating_market_cap,pe_ratio,pb_ratio"
2026-01-30,000001.XSHE,0.5626,2101.6609,2101.6266,4.8742,0.4691,"day,code,turnover_ratio,market_cap,circulating_market_cap,pe_ratio,pb_ratio"
2026-02-02,000001.XSHE,0.6303,2107.4827,2107.4482,4.8877,0.4704,"day,code,turnover_ratio,market_cap,circulating_market_cap,pe_ratio,pb_ratio"
2026-02-03,000001.XSHE,0.4157,2103.6015,2103.5671,4.8787,0.4696,"day,code,turnover_ratio,market_cap,circulating_market_cap,pe_ratio,pb_ratio"
2026-02-04,000001.XSHE,0.3584,2128.8292,2128.7944,4.9372,0.4752,"day,code,turnover_ratio,market_cap,circulating_market_cap,pe_ratio,pb_ratio"
2026-02-05,000001.XSHE,0.6068,2152.1163,2152.0811,4.9912,0.4804,"day,code,turnover_ratio,market_cap,circulating_market_cap,pe_ratio,pb_ratio"
2026-02-06,000001.XSHE,0.375,2144.354,2144.3189,4.9732,0.4787,"day,code,turnover_ratio,market_cap,circulating_market_cap,pe_ratio,pb_ratio"
2026-02-09,000001.XSHE,0.3193,2148.2351,2148.2,4.9822,0.4795,"day,code,turnover_ratio,market_cap,circulating_market_cap,pe_ratio,pb_ratio"
2026-02-10,000001.XSHE,0.3094,2146.2946,2146.2594,4.9777,0.4791,"day,code,turnover_ratio,market_cap,circulating_market_cap,pe_ratio,pb_ratio"
2026-02-11,000001.XSHE,0.2221,2148.2351,2148.2,4.9822,0.4795,"day,code,turnover_ratio,market_cap,circulating_market_cap,pe_ratio,pb_ratio"
2026-02-12,000001.XSHE,0.3511,2126.8886,2126.8538,4.9327,0.4748,"day,code,turnover_ratio,market_cap,circulating_market_cap,pe_ratio,pb_ratio"
2026-02-13,000001.XSHE,0.286,2117.1857,2117.151,4.9102,0.4726,"day,code,turnover_ratio,market_cap,circulating_market_cap,pe_ratio,pb_ratio"
2026-02-24,000001.XSHE,0.3105,2117.1857,2117.151,4.9102,0.4726,"day,code,turnover_ratio,market_cap,circulating_market_cap,pe_ratio,pb_ratio"
2026-02-25,000001.XSHE,0.5478,2107.4827,2107.4482,4.8877,0.4704,"day,code,turnover_ratio,market_cap,circulating_market_cap,pe_ratio,pb_ratio"
2026-02-26,000001.XSHE,0.3673,2109.4233,2109.3888,4.8922,0.4709,"day,code,turnover_ratio,market_cap,circulating_market_cap,pe_ratio,pb_ratio"
2026-02-27,000001.XSHE,0.3155,2115.2451,2115.2105,4.9057,0.4722,"day,code,turnover_ratio,market_cap,circulating_market_cap,pe_ratio,pb_ratio"
2026-03-02,000001.XSHE,0.4323,2105.5421,2105.5077,4.8832,0.47,"day,code,turnover_ratio,market_cap,circulating_market_cap,pe_ratio,pb_ratio"
2026-03-03,000001.XSHE,0.5301,2111.3639,2111.3294,4.8967,0.4713,"day,code,turnover_ratio,market_cap,circulating_market_cap,pe_ratio,pb_ratio"
2026-03-04,000001.XSHE,0.5615,2078.3738,2078.3398,4.8202,0.4639,"day,code,turnover_ratio,market_cap,circulating_market_cap,pe_ratio,pb_ratio"
2026-03-05,000001.XSHE,0.3672,2097.7798,2097.7454,4.8652,0.4683,"day,code,turnover_ratio,market_cap,circulating_market_cap,pe_ratio,pb_ratio"
2026-03-06,000001.XSHE,0.2456,2099.7203,2099.686,4.8697,0.4687,"day,code,turnover_ratio,market_cap,circulating_market_cap,pe_ratio,pb_ratio"
2026-03-09,000001.XSHE,0.4307,2088.0768,2088.0426,4.8427,0.4661,"day,code,turnover_ratio,market_cap,circulating_market_cap,pe_ratio,pb_ratio"
2026-03-10,000001.XSHE,0.4072,2097.7798,2097.7454,4.8652,0.4683,"day,code,turnover_ratio,market_cap,circulating_market_cap,pe_ratio,pb_ratio"
2026-03-11,000001.XSHE,0.3713,2113.3045,2113.2699,4.9012,0.4717,"day,code,turnover_ratio,market_cap,circulating_market_cap,pe_ratio,pb_ratio"
2026-03-12,000001.XSHE,0.389,2123.0075,2122.9727,4.9237,0.4739,"day,code,turnover_ratio,market_cap,circulating_market_cap,pe_ratio,pb_ratio"
2026-03-13,000001.XSHE,0.4339,2121.0669,2121.0322,4.9192,0.4735,"day,code,turnover_ratio,market_cap,circulating_market_cap,pe_ratio,pb_ratio"
2026-03-16,000001.XSHE,0.3688,2119.1263,2119.0916,4.9147,0.473,"day,code,turnover_ratio,market_cap,circulating_market_cap,pe_ratio,pb_ratio"
2026-03-17,000001.XSHE,0.5548,2140.4728,2140.4378,4.9642,0.4778,"day,code,turnover_ratio,market_cap,circulating_market_cap,pe_ratio,pb_ratio"
2026-03-18,000001.XSHE,0.4077,2126.8886,2126.8538,4.9327,0.4748,"day,code,turnover_ratio,market_cap,circulating_market_cap,pe_ratio,pb_ratio"
2026-03-19,000001.XSHE,0.3217,2111.3639,2111.3294,4.8967,0.4713,"day,code,turnover_ratio,market_cap,circulating_market_cap,pe_ratio,pb_ratio"
2026-03-20,000001.XSHE,0.4298,2090.0174,2089.9832,4.8472,0.4665,"day,code,turnover_ratio,market_cap,circulating_market_cap,pe_ratio,pb_ratio"
2026-03-23,000001.XSHE,0.8142,2027.9185,2027.8853,4.7567,0.4494,"day,code,turnover_ratio,market_cap,circulating_market_cap,pe_ratio,pb_ratio"
2026-03-24,000001.XSHE,0.836,2111.3639,2111.3294,4.9524,0.4679,"day,code,turnover_ratio,market_cap,circulating_market_cap,pe_ratio,pb_ratio"
2026-03-25,000001.XSHE,0.3838,2123.0075,2122.9727,4.9797,0.4705,"day,code,turnover_ratio,market_cap,circulating_market_cap,pe_ratio,pb_ratio"
2026-03-26,000001.XSHE,0.4265,2123.0075,2122.9727,4.9797,0.4705,"day,code,turnover_ratio,market_cap,circulating_market_cap,pe_ratio,pb_ratio"
2026-03-27,000001.XSHE,0.4556,2138.5322,2138.4972,5.0161,0.4739,"day,code,turnover_ratio,market_cap,circulating_market_cap,pe_ratio,pb_ratio"
2026-03-30,000001.XSHE,0.3259,2132.7104,2132.6755,5.0025,0.4726,"day,code,turnover_ratio,market_cap,circulating_market_cap,pe_ratio,pb_ratio"
2026-03-31,000001.XSHE,0.6001,2150.1757,2150.1406,5.0435,0.4765,"day,code,turnover_ratio,market_cap,circulating_market_cap,pe_ratio,pb_ratio"
2026-04-01,000001.XSHE,0.4735,2163.7599,2163.7245,5.0753,0.4795,"day,code,turnover_ratio,market_cap,circulating_market_cap,pe_ratio,pb_ratio"
2026-04-02,000001.XSHE,0.592,2187.047,2187.0112,5.1299,0.4847,"day,code,turnover_ratio,market_cap,circulating_market_cap,pe_ratio,pb_ratio"
2026-04-03,000001.XSHE,0.3905,2157.9381,2157.9028,5.0617,0.4782,"day,code,turnover_ratio,market_cap,circulating_market_cap,pe_ratio,pb_ratio"
2026-04-07,000001.XSHE,0.3133,2140.4728,2140.4378,5.0207,0.4744,"day,code,turnover_ratio,market_cap,circulating_market_cap,pe_ratio,pb_ratio"
2026-04-08,000001.XSHE,0.4189,2177.344,2177.3084,5.1072,0.4825,"day,code,turnover_ratio,market_cap,circulating_market_cap,pe_ratio,pb_ratio"
2026-04-09,000001.XSHE,0.3104,2154.0569,2154.0217,5.0526,0.4774,"day,code,turnover_ratio,market_cap,circulating_market_cap,pe_ratio,pb_ratio"
2026-04-10,000001.XSHE,0.2479,2152.1163,2152.0811,5.048,0.4769,"day,code,turnover_ratio,market_cap,circulating_market_cap,pe_ratio,pb_ratio"
2026-04-13,000001.XSHE,0.2093,2148.2351,2148.2,5.0389,0.4761,"day,code,turnover_ratio,market_cap,circulating_market_cap,pe_ratio,pb_ratio"
2026-04-14,000001.XSHE,0.2557,2167.6411,2167.6056,5.0844,0.4804,"day,code,turnover_ratio,market_cap,circulating_market_cap,pe_ratio,pb_ratio"
2026-04-15,000001.XSHE,0.2597,2175.4034,2175.3678,5.1026,0.4821,"day,code,turnover_ratio,market_cap,circulating_market_cap,pe_ratio,pb_ratio"
2026-04-16,000001.XSHE,0.3509,2152.1163,2152.0811,5.048,0.4769,"day,code,turnover_ratio,market_cap,circulating_market_cap,pe_ratio,pb_ratio"
2026-04-17,000001.XSHE,0.3723,2136.5916,2136.5566,5.0116,0.4735,"day,code,turnover_ratio,market_cap,circulating_market_cap,pe_ratio,pb_ratio"
2026-04-20,000001.XSHE,0.3247,2146.2946,2146.2594,5.0344,0.4757,"day,code,turnover_ratio,market_cap,circulating_market_cap,pe_ratio,pb_ratio"
2026-04-21,000001.XSHE,0.4158,2150.1757,2150.1406,5.0435,0.4765,"day,code,turnover_ratio,market_cap,circulating_market_cap,pe_ratio,pb_ratio"
2026-04-22,000001.XSHE,0.4324,2130.7698,2130.735,4.9979,0.4722,"day,code,turnover_ratio,market_cap,circulating_market_cap,pe_ratio,pb_ratio"
2026-04-23,000001.XSHE,0.334,2134.651,2134.6161,5.007,0.4731,"day,code,turnover_ratio,market_cap,circulating_market_cap,pe_ratio,pb_ratio"
2026-04-24,000001.XSHE,0.3003,2134.651,2134.6161,5.007,0.4731,"day,code,turnover_ratio,market_cap,circulating_market_cap,pe_ratio,pb_ratio"
2026-04-27,000001.XSHE,1.7527,2208.3935,2208.3574,5.1286,0.4759,"day,code,turnover_ratio,market_cap,circulating_market_cap,pe_ratio,pb_ratio"
2026-04-28,000001.XSHE,0.8628,2223.9182,2223.8818,5.1647,0.4792,"day,code,turnover_ratio,market_cap,circulating_market_cap,pe_ratio,pb_ratio"
2026-04-29,000001.XSHE,0.7103,2235.5618,2235.5252,5.1917,0.4817,"day,code,turnover_ratio,market_cap,circulating_market_cap,pe_ratio,pb_ratio"
2026-04-30,000001.XSHE,0.5871,2229.74,2229.7035,5.1782,0.4805,"day,code,turnover_ratio,market_cap,circulating_market_cap,pe_ratio,pb_ratio"
