code,statement_family,report_period_end,quarter_key,year_key,pub_date,standard_field_name,standard_value,source_table,source_field,period_basis,transformation_rule,missing_reason
002958.XSHE,parent_balance,2019-06-30,2019q2,,2019-08-22,deposit_in_ib,5817778000.0,finance_balance_sheet_parent_current_only.csv,deposit_in_ib,quarterly_direct,identity_q1_or_ytd_diff,
002958.XSHE,parent_balance,2019-06-30,2019q2,,2019-08-22,cash_equivalents,,finance_balance_sheet_parent_current_only.csv,cash_equivalents,,identity_q1_or_ytd_diff,missing_raw_value
002958.XSHE,parent_balance,2019-06-30,2019q2,,2019-08-22,deposit_client,,finance_balance_sheet_parent_current_only.csv,deposit_client,,identity_q1_or_ytd_diff,missing_raw_value
002958.XSHE,parent_balance,2019-06-30,2019q2,,2019-08-22,cash_in_cb,24388394000.0,finance_balance_sheet_parent_current_only.csv,cash_in_cb,quarterly_direct,identity_q1_or_ytd_diff,
002958.XSHE,parent_balance,2019-06-30,2019q2,,2019-08-22,settlement_provi,,finance_balance_sheet_parent_current_only.csv,settlement_provi,,identity_q1_or_ytd_diff,missing_raw_value
002958.XSHE,parent_balance,2019-06-30,2019q2,,2019-08-22,settlement_provi_client,,finance_balance_sheet_parent_current_only.csv,settlement_provi_client,,identity_q1_or_ytd_diff,missing_raw_value
002958.XSHE,parent_balance,2019-06-30,2019q2,,2019-08-22,lend_capital,4996395000.0,finance_balance_sheet_parent_current_only.csv,lend_capital,quarterly_direct,identity_q1_or_ytd_diff,
002958.XSHE,parent_balance,2019-06-30,2019q2,,2019-08-22,bought_sellback_assets,598594000.0,finance_balance_sheet_parent_current_only.csv,bought_sellback_assets,quarterly_direct,identity_q1_or_ytd_diff,
002958.XSHE,parent_balance,2019-06-30,2019q2,,2019-08-22,interest_receivable,,finance_balance_sheet_parent_current_only.csv,interest_receivable,,identity_q1_or_ytd_diff,missing_raw_value
002958.XSHE,parent_balance,2019-06-30,2019q2,,2019-08-22,insurance_receivables,,finance_balance_sheet_parent_current_only.csv,insurance_receivables,,identity_q1_or_ytd_diff,missing_raw_value
002958.XSHE,parent_balance,2019-06-30,2019q2,,2019-08-22,loan_and_advance,157315723000.0,finance_balance_sheet_parent_current_only.csv,loan_and_advance,quarterly_direct,identity_q1_or_ytd_diff,
002958.XSHE,parent_balance,2019-06-30,2019q2,,2019-08-22,advance_payment,,finance_balance_sheet_parent_current_only.csv,advance_payment,,identity_q1_or_ytd_diff,missing_raw_value
002958.XSHE,parent_balance,2019-06-30,2019q2,,2019-08-22,hold_for_sale_assets,,finance_balance_sheet_parent_current_only.csv,hold_for_sale_assets,,identity_q1_or_ytd_diff,missing_raw_value
002958.XSHE,parent_balance,2019-06-30,2019q2,,2019-08-22,hold_to_maturity_investments,,finance_balance_sheet_parent_current_only.csv,hold_to_maturity_investments,,identity_q1_or_ytd_diff,missing_raw_value
002958.XSHE,parent_balance,2019-06-30,2019q2,,2019-08-22,longterm_equity_invest,357000000.0,finance_balance_sheet_parent_current_only.csv,longterm_equity_invest,quarterly_direct,identity_q1_or_ytd_diff,
002958.XSHE,parent_balance,2019-06-30,2019q2,,2019-08-22,investment_property,203000.0,finance_balance_sheet_parent_current_only.csv,investment_property,quarterly_direct,identity_q1_or_ytd_diff,
002958.XSHE,parent_balance,2019-06-30,2019q2,,2019-08-22,inventories,,finance_balance_sheet_parent_current_only.csv,inventories,,identity_q1_or_ytd_diff,missing_raw_value
002958.XSHE,parent_balance,2019-06-30,2019q2,,2019-08-22,fixed_assets,3063757000.0,finance_balance_sheet_parent_current_only.csv,fixed_assets,quarterly_direct,identity_q1_or_ytd_diff,
002958.XSHE,parent_balance,2019-06-30,2019q2,,2019-08-22,constru_in_process,573064000.0,finance_balance_sheet_parent_current_only.csv,constru_in_process,quarterly_direct,identity_q1_or_ytd_diff,
002958.XSHE,parent_balance,2019-06-30,2019q2,,2019-08-22,intangible_assets,87881000.0,finance_balance_sheet_parent_current_only.csv,intangible_assets,quarterly_direct,identity_q1_or_ytd_diff,
002958.XSHE,parent_balance,2019-06-30,2019q2,,2019-08-22,long_deferred_expense,,finance_balance_sheet_parent_current_only.csv,long_deferred_expense,,identity_q1_or_ytd_diff,missing_raw_value
002958.XSHE,parent_balance,2019-06-30,2019q2,,2019-08-22,deferred_tax_assets,1325423000.0,finance_balance_sheet_parent_current_only.csv,deferred_tax_assets,quarterly_direct,identity_q1_or_ytd_diff,
002958.XSHE,parent_balance,2019-06-30,2019q2,,2019-08-22,other_asset,1103277000.0,finance_balance_sheet_parent_current_only.csv,other_asset,quarterly_direct,identity_q1_or_ytd_diff,
002958.XSHE,parent_balance,2019-06-30,2019q2,,2019-08-22,total_assets,313843002000.0,finance_balance_sheet_parent_current_only.csv,total_assets,quarterly_direct,identity_q1_or_ytd_diff,
002958.XSHE,parent_balance,2019-06-30,2019q2,,2019-08-22,borrowing_from_centralbank,3102490000.0,finance_balance_sheet_parent_current_only.csv,borrowing_from_centralbank,quarterly_direct,identity_q1_or_ytd_diff,
002958.XSHE,parent_balance,2019-06-30,2019q2,,2019-08-22,shortterm_loan,,finance_balance_sheet_parent_current_only.csv,shortterm_loan,,identity_q1_or_ytd_diff,missing_raw_value
002958.XSHE,parent_balance,2019-06-30,2019q2,,2019-08-22,borrowing_capital,4336765000.0,finance_balance_sheet_parent_current_only.csv,borrowing_capital,quarterly_direct,identity_q1_or_ytd_diff,
002958.XSHE,parent_balance,2019-06-30,2019q2,,2019-08-22,sold_buyback_secu_proceeds,14056484000.0,finance_balance_sheet_parent_current_only.csv,sold_buyback_secu_proceeds,quarterly_direct,identity_q1_or_ytd_diff,
002958.XSHE,parent_balance,2019-06-30,2019q2,,2019-08-22,proxy_secu_proceeds,,finance_balance_sheet_parent_current_only.csv,proxy_secu_proceeds,,identity_q1_or_ytd_diff,missing_raw_value
002958.XSHE,parent_balance,2019-06-30,2019q2,,2019-08-22,notes_payable,,finance_balance_sheet_parent_current_only.csv,notes_payable,,identity_q1_or_ytd_diff,missing_raw_value
002958.XSHE,parent_balance,2019-06-30,2019q2,,2019-08-22,advance_peceipts,,finance_balance_sheet_parent_current_only.csv,advance_peceipts,,identity_q1_or_ytd_diff,missing_raw_value
002958.XSHE,parent_balance,2019-06-30,2019q2,,2019-08-22,commission_payable,,finance_balance_sheet_parent_current_only.csv,commission_payable,,identity_q1_or_ytd_diff,missing_raw_value
002958.XSHE,parent_balance,2019-06-30,2019q2,,2019-08-22,salaries_payable,1345319000.0,finance_balance_sheet_parent_current_only.csv,salaries_payable,quarterly_direct,identity_q1_or_ytd_diff,
002958.XSHE,parent_balance,2019-06-30,2019q2,,2019-08-22,taxs_payable,503802000.0,finance_balance_sheet_parent_current_only.csv,taxs_payable,quarterly_direct,identity_q1_or_ytd_diff,
002958.XSHE,parent_balance,2019-06-30,2019q2,,2019-08-22,interest_payable,,finance_balance_sheet_parent_current_only.csv,interest_payable,,identity_q1_or_ytd_diff,missing_raw_value
002958.XSHE,parent_balance,2019-06-30,2019q2,,2019-08-22,estimate_liability,191756000.0,finance_balance_sheet_parent_current_only.csv,estimate_liability,quarterly_direct,identity_q1_or_ytd_diff,
002958.XSHE,parent_balance,2019-06-30,2019q2,,2019-08-22,longterm_loan,,finance_balance_sheet_parent_current_only.csv,longterm_loan,,identity_q1_or_ytd_diff,missing_raw_value
002958.XSHE,parent_balance,2019-06-30,2019q2,,2019-08-22,bonds_payable,55826902000.0,finance_balance_sheet_parent_current_only.csv,bonds_payable,quarterly_direct,identity_q1_or_ytd_diff,
002958.XSHE,parent_balance,2019-06-30,2019q2,,2019-08-22,deferred_tax_liability,,finance_balance_sheet_parent_current_only.csv,deferred_tax_liability,,identity_q1_or_ytd_diff,missing_raw_value
002958.XSHE,parent_balance,2019-06-30,2019q2,,2019-08-22,other_liability,1484662000.0,finance_balance_sheet_parent_current_only.csv,other_liability,quarterly_direct,identity_q1_or_ytd_diff,
002958.XSHE,parent_balance,2019-06-30,2019q2,,2019-08-22,total_liability,291025172000.0,finance_balance_sheet_parent_current_only.csv,total_liability,quarterly_direct,identity_q1_or_ytd_diff,
002958.XSHE,parent_balance,2019-06-30,2019q2,,2019-08-22,paidin_capital,5555556000.0,finance_balance_sheet_parent_current_only.csv,paidin_capital,quarterly_direct,identity_q1_or_ytd_diff,
002958.XSHE,parent_balance,2019-06-30,2019q2,,2019-08-22,capital_reserve_fund,3817959000.0,finance_balance_sheet_parent_current_only.csv,capital_reserve_fund,quarterly_direct,identity_q1_or_ytd_diff,
002958.XSHE,parent_balance,2019-06-30,2019q2,,2019-08-22,treasury_stock,,finance_balance_sheet_parent_current_only.csv,treasury_stock,,identity_q1_or_ytd_diff,missing_raw_value
002958.XSHE,parent_balance,2019-06-30,2019q2,,2019-08-22,surplus_reserve_fund,2399638000.0,finance_balance_sheet_parent_current_only.csv,surplus_reserve_fund,quarterly_direct,identity_q1_or_ytd_diff,
002958.XSHE,parent_balance,2019-06-30,2019q2,,2019-08-22,equities_parent_company_owners,22817830000.0,finance_balance_sheet_parent_current_only.csv,equities_parent_company_owners,quarterly_direct,identity_q1_or_ytd_diff,
002958.XSHE,parent_balance,2019-06-30,2019q2,,2019-08-22,retained_profit,6036338000.0,finance_balance_sheet_parent_current_only.csv,retained_profit,quarterly_direct,identity_q1_or_ytd_diff,
002958.XSHE,parent_balance,2019-06-30,2019q2,,2019-08-22,minority_interests,,finance_balance_sheet_parent_current_only.csv,minority_interests,,identity_q1_or_ytd_diff,missing_raw_value
002958.XSHE,parent_balance,2019-06-30,2019q2,,2019-08-22,total_owner_equities,22817830000.0,finance_balance_sheet_parent_current_only.csv,total_owner_equities,quarterly_direct,identity_q1_or_ytd_diff,
002958.XSHE,parent_balance,2019-06-30,2019q2,,2019-08-22,other_comprehensive_income,471274000.0,finance_balance_sheet_parent_current_only.csv,other_comprehensive_income,quarterly_direct,identity_q1_or_ytd_diff,
002958.XSHE,parent_balance,2019-09-30,2019q3,,2019-10-29,deposit_in_ib,4297819000.0,finance_balance_sheet_parent_current_only.csv,deposit_in_ib,quarterly_direct,identity_q1_or_ytd_diff,
002958.XSHE,parent_balance,2019-09-30,2019q3,,2019-10-29,cash_equivalents,0.0,finance_balance_sheet_parent_current_only.csv,cash_equivalents,quarterly_direct,identity_q1_or_ytd_diff,
002958.XSHE,parent_balance,2019-09-30,2019q3,,2019-10-29,deposit_client,,finance_balance_sheet_parent_current_only.csv,deposit_client,,identity_q1_or_ytd_diff,missing_raw_value
002958.XSHE,parent_balance,2019-09-30,2019q3,,2019-10-29,cash_in_cb,24174602000.0,finance_balance_sheet_parent_current_only.csv,cash_in_cb,quarterly_direct,identity_q1_or_ytd_diff,
002958.XSHE,parent_balance,2019-09-30,2019q3,,2019-10-29,settlement_provi,0.0,finance_balance_sheet_parent_current_only.csv,settlement_provi,quarterly_direct,identity_q1_or_ytd_diff,
002958.XSHE,parent_balance,2019-09-30,2019q3,,2019-10-29,settlement_provi_client,,finance_balance_sheet_parent_current_only.csv,settlement_provi_client,,identity_q1_or_ytd_diff,missing_raw_value
002958.XSHE,parent_balance,2019-09-30,2019q3,,2019-10-29,lend_capital,6037582000.0,finance_balance_sheet_parent_current_only.csv,lend_capital,quarterly_direct,identity_q1_or_ytd_diff,
002958.XSHE,parent_balance,2019-09-30,2019q3,,2019-10-29,bought_sellback_assets,1194367000.0,finance_balance_sheet_parent_current_only.csv,bought_sellback_assets,quarterly_direct,identity_q1_or_ytd_diff,
002958.XSHE,parent_balance,2019-09-30,2019q3,,2019-10-29,interest_receivable,,finance_balance_sheet_parent_current_only.csv,interest_receivable,,identity_q1_or_ytd_diff,missing_raw_value
002958.XSHE,parent_balance,2019-09-30,2019q3,,2019-10-29,insurance_receivables,,finance_balance_sheet_parent_current_only.csv,insurance_receivables,,identity_q1_or_ytd_diff,missing_raw_value
002958.XSHE,parent_balance,2019-09-30,2019q3,,2019-10-29,loan_and_advance,162357476000.0,finance_balance_sheet_parent_current_only.csv,loan_and_advance,quarterly_direct,identity_q1_or_ytd_diff,
002958.XSHE,parent_balance,2019-09-30,2019q3,,2019-10-29,advance_payment,,finance_balance_sheet_parent_current_only.csv,advance_payment,,identity_q1_or_ytd_diff,missing_raw_value
002958.XSHE,parent_balance,2019-09-30,2019q3,,2019-10-29,hold_for_sale_assets,0.0,finance_balance_sheet_parent_current_only.csv,hold_for_sale_assets,quarterly_direct,identity_q1_or_ytd_diff,
002958.XSHE,parent_balance,2019-09-30,2019q3,,2019-10-29,hold_to_maturity_investments,0.0,finance_balance_sheet_parent_current_only.csv,hold_to_maturity_investments,quarterly_direct,identity_q1_or_ytd_diff,
002958.XSHE,parent_balance,2019-09-30,2019q3,,2019-10-29,longterm_equity_invest,357000000.0,finance_balance_sheet_parent_current_only.csv,longterm_equity_invest,quarterly_direct,identity_q1_or_ytd_diff,
002958.XSHE,parent_balance,2019-09-30,2019q3,,2019-10-29,investment_property,203000.0,finance_balance_sheet_parent_current_only.csv,investment_property,quarterly_direct,identity_q1_or_ytd_diff,
002958.XSHE,parent_balance,2019-09-30,2019q3,,2019-10-29,inventories,,finance_balance_sheet_parent_current_only.csv,inventories,,identity_q1_or_ytd_diff,missing_raw_value
002958.XSHE,parent_balance,2019-09-30,2019q3,,2019-10-29,fixed_assets,3034750000.0,finance_balance_sheet_parent_current_only.csv,fixed_assets,quarterly_direct,identity_q1_or_ytd_diff,
002958.XSHE,parent_balance,2019-09-30,2019q3,,2019-10-29,constru_in_process,608937000.0,finance_balance_sheet_parent_current_only.csv,constru_in_process,quarterly_direct,identity_q1_or_ytd_diff,
002958.XSHE,parent_balance,2019-09-30,2019q3,,2019-10-29,intangible_assets,85963000.0,finance_balance_sheet_parent_current_only.csv,intangible_assets,quarterly_direct,identity_q1_or_ytd_diff,
002958.XSHE,parent_balance,2019-09-30,2019q3,,2019-10-29,long_deferred_expense,,finance_balance_sheet_parent_current_only.csv,long_deferred_expense,,identity_q1_or_ytd_diff,missing_raw_value
002958.XSHE,parent_balance,2019-09-30,2019q3,,2019-10-29,deferred_tax_assets,1512411000.0,finance_balance_sheet_parent_current_only.csv,deferred_tax_assets,quarterly_direct,identity_q1_or_ytd_diff,
002958.XSHE,parent_balance,2019-09-30,2019q3,,2019-10-29,other_asset,1029413000.0,finance_balance_sheet_parent_current_only.csv,other_asset,quarterly_direct,identity_q1_or_ytd_diff,
002958.XSHE,parent_balance,2019-09-30,2019q3,,2019-10-29,total_assets,323821328000.0,finance_balance_sheet_parent_current_only.csv,total_assets,quarterly_direct,identity_q1_or_ytd_diff,
002958.XSHE,parent_balance,2019-09-30,2019q3,,2019-10-29,borrowing_from_centralbank,3902796000.0,finance_balance_sheet_parent_current_only.csv,borrowing_from_centralbank,quarterly_direct,identity_q1_or_ytd_diff,
002958.XSHE,parent_balance,2019-09-30,2019q3,,2019-10-29,shortterm_loan,0.0,finance_balance_sheet_parent_current_only.csv,shortterm_loan,quarterly_direct,identity_q1_or_ytd_diff,
002958.XSHE,parent_balance,2019-09-30,2019q3,,2019-10-29,borrowing_capital,7707608000.0,finance_balance_sheet_parent_current_only.csv,borrowing_capital,quarterly_direct,identity_q1_or_ytd_diff,
002958.XSHE,parent_balance,2019-09-30,2019q3,,2019-10-29,sold_buyback_secu_proceeds,15406715000.0,finance_balance_sheet_parent_current_only.csv,sold_buyback_secu_proceeds,quarterly_direct,identity_q1_or_ytd_diff,
002958.XSHE,parent_balance,2019-09-30,2019q3,,2019-10-29,proxy_secu_proceeds,,finance_balance_sheet_parent_current_only.csv,proxy_secu_proceeds,,identity_q1_or_ytd_diff,missing_raw_value
002958.XSHE,parent_balance,2019-09-30,2019q3,,2019-10-29,notes_payable,,finance_balance_sheet_parent_current_only.csv,notes_payable,,identity_q1_or_ytd_diff,missing_raw_value
002958.XSHE,parent_balance,2019-09-30,2019q3,,2019-10-29,advance_peceipts,,finance_balance_sheet_parent_current_only.csv,advance_peceipts,,identity_q1_or_ytd_diff,missing_raw_value
002958.XSHE,parent_balance,2019-09-30,2019q3,,2019-10-29,commission_payable,,finance_balance_sheet_parent_current_only.csv,commission_payable,,identity_q1_or_ytd_diff,missing_raw_value
002958.XSHE,parent_balance,2019-09-30,2019q3,,2019-10-29,salaries_payable,1360890000.0,finance_balance_sheet_parent_current_only.csv,salaries_payable,quarterly_direct,identity_q1_or_ytd_diff,
002958.XSHE,parent_balance,2019-09-30,2019q3,,2019-10-29,taxs_payable,750295000.0,finance_balance_sheet_parent_current_only.csv,taxs_payable,quarterly_direct,identity_q1_or_ytd_diff,
002958.XSHE,parent_balance,2019-09-30,2019q3,,2019-10-29,interest_payable,,finance_balance_sheet_parent_current_only.csv,interest_payable,,identity_q1_or_ytd_diff,missing_raw_value
002958.XSHE,parent_balance,2019-09-30,2019q3,,2019-10-29,estimate_liability,257503000.0,finance_balance_sheet_parent_current_only.csv,estimate_liability,quarterly_direct,identity_q1_or_ytd_diff,
002958.XSHE,parent_balance,2019-09-30,2019q3,,2019-10-29,longterm_loan,0.0,finance_balance_sheet_parent_current_only.csv,longterm_loan,quarterly_direct,identity_q1_or_ytd_diff,
002958.XSHE,parent_balance,2019-09-30,2019q3,,2019-10-29,bonds_payable,59973333000.0,finance_balance_sheet_parent_current_only.csv,bonds_payable,quarterly_direct,identity_q1_or_ytd_diff,
002958.XSHE,parent_balance,2019-09-30,2019q3,,2019-10-29,deferred_tax_liability,0.0,finance_balance_sheet_parent_current_only.csv,deferred_tax_liability,quarterly_direct,identity_q1_or_ytd_diff,
002958.XSHE,parent_balance,2019-09-30,2019q3,,2019-10-29,other_liability,1542848000.0,finance_balance_sheet_parent_current_only.csv,other_liability,quarterly_direct,identity_q1_or_ytd_diff,
002958.XSHE,parent_balance,2019-09-30,2019q3,,2019-10-29,total_liability,300022483000.0,finance_balance_sheet_parent_current_only.csv,total_liability,quarterly_direct,identity_q1_or_ytd_diff,
002958.XSHE,parent_balance,2019-09-30,2019q3,,2019-10-29,paidin_capital,5555556000.0,finance_balance_sheet_parent_current_only.csv,paidin_capital,quarterly_direct,identity_q1_or_ytd_diff,
002958.XSHE,parent_balance,2019-09-30,2019q3,,2019-10-29,capital_reserve_fund,3817959000.0,finance_balance_sheet_parent_current_only.csv,capital_reserve_fund,quarterly_direct,identity_q1_or_ytd_diff,
002958.XSHE,parent_balance,2019-09-30,2019q3,,2019-10-29,treasury_stock,0.0,finance_balance_sheet_parent_current_only.csv,treasury_stock,quarterly_direct,identity_q1_or_ytd_diff,
002958.XSHE,parent_balance,2019-09-30,2019q3,,2019-10-29,surplus_reserve_fund,2399638000.0,finance_balance_sheet_parent_current_only.csv,surplus_reserve_fund,quarterly_direct,identity_q1_or_ytd_diff,
002958.XSHE,parent_balance,2019-09-30,2019q3,,2019-10-29,equities_parent_company_owners,23798845000.0,finance_balance_sheet_parent_current_only.csv,equities_parent_company_owners,quarterly_direct,identity_q1_or_ytd_diff,
002958.XSHE,parent_balance,2019-09-30,2019q3,,2019-10-29,retained_profit,6975188000.0,finance_balance_sheet_parent_current_only.csv,retained_profit,quarterly_direct,identity_q1_or_ytd_diff,
002958.XSHE,parent_balance,2019-09-30,2019q3,,2019-10-29,minority_interests,,finance_balance_sheet_parent_current_only.csv,minority_interests,,identity_q1_or_ytd_diff,missing_raw_value
002958.XSHE,parent_balance,2019-09-30,2019q3,,2019-10-29,total_owner_equities,23798845000.0,finance_balance_sheet_parent_current_only.csv,total_owner_equities,quarterly_direct,identity_q1_or_ytd_diff,
002958.XSHE,parent_balance,2019-09-30,2019q3,,2019-10-29,other_comprehensive_income,513439000.0,finance_balance_sheet_parent_current_only.csv,other_comprehensive_income,quarterly_direct,identity_q1_or_ytd_diff,
002958.XSHE,parent_balance,2019-12-31,2019q4,,2020-04-27,deposit_in_ib,4761599000.0,finance_balance_sheet_parent_current_only.csv,deposit_in_ib,quarterly_direct,identity_q1_or_ytd_diff,
002958.XSHE,parent_balance,2019-12-31,2019q4,,2020-04-27,cash_equivalents,,finance_balance_sheet_parent_current_only.csv,cash_equivalents,,identity_q1_or_ytd_diff,missing_raw_value
002958.XSHE,parent_balance,2019-12-31,2019q4,,2020-04-27,deposit_client,,finance_balance_sheet_parent_current_only.csv,deposit_client,,identity_q1_or_ytd_diff,missing_raw_value
002958.XSHE,parent_balance,2019-12-31,2019q4,,2020-04-27,cash_in_cb,25676118000.0,finance_balance_sheet_parent_current_only.csv,cash_in_cb,quarterly_direct,identity_q1_or_ytd_diff,
002958.XSHE,parent_balance,2019-12-31,2019q4,,2020-04-27,settlement_provi,,finance_balance_sheet_parent_current_only.csv,settlement_provi,,identity_q1_or_ytd_diff,missing_raw_value
002958.XSHE,parent_balance,2019-12-31,2019q4,,2020-04-27,settlement_provi_client,,finance_balance_sheet_parent_current_only.csv,settlement_provi_client,,identity_q1_or_ytd_diff,missing_raw_value
002958.XSHE,parent_balance,2019-12-31,2019q4,,2020-04-27,lend_capital,6762843000.0,finance_balance_sheet_parent_current_only.csv,lend_capital,quarterly_direct,identity_q1_or_ytd_diff,
002958.XSHE,parent_balance,2019-12-31,2019q4,,2020-04-27,bought_sellback_assets,2262669000.0,finance_balance_sheet_parent_current_only.csv,bought_sellback_assets,quarterly_direct,identity_q1_or_ytd_diff,
002958.XSHE,parent_balance,2019-12-31,2019q4,,2020-04-27,interest_receivable,,finance_balance_sheet_parent_current_only.csv,interest_receivable,,identity_q1_or_ytd_diff,missing_raw_value
002958.XSHE,parent_balance,2019-12-31,2019q4,,2020-04-27,insurance_receivables,,finance_balance_sheet_parent_current_only.csv,insurance_receivables,,identity_q1_or_ytd_diff,missing_raw_value
002958.XSHE,parent_balance,2019-12-31,2019q4,,2020-04-27,loan_and_advance,167757503000.0,finance_balance_sheet_parent_current_only.csv,loan_and_advance,quarterly_direct,identity_q1_or_ytd_diff,
002958.XSHE,parent_balance,2019-12-31,2019q4,,2020-04-27,advance_payment,,finance_balance_sheet_parent_current_only.csv,advance_payment,,identity_q1_or_ytd_diff,missing_raw_value
002958.XSHE,parent_balance,2019-12-31,2019q4,,2020-04-27,hold_for_sale_assets,,finance_balance_sheet_parent_current_only.csv,hold_for_sale_assets,,identity_q1_or_ytd_diff,missing_raw_value
002958.XSHE,parent_balance,2019-12-31,2019q4,,2020-04-27,hold_to_maturity_investments,,finance_balance_sheet_parent_current_only.csv,hold_to_maturity_investments,,identity_q1_or_ytd_diff,missing_raw_value
002958.XSHE,parent_balance,2019-12-31,2019q4,,2020-04-27,longterm_equity_invest,357000000.0,finance_balance_sheet_parent_current_only.csv,longterm_equity_invest,quarterly_direct,identity_q1_or_ytd_diff,
002958.XSHE,parent_balance,2019-12-31,2019q4,,2020-04-27,investment_property,203000.0,finance_balance_sheet_parent_current_only.csv,investment_property,quarterly_direct,identity_q1_or_ytd_diff,
002958.XSHE,parent_balance,2019-12-31,2019q4,,2020-04-27,inventories,,finance_balance_sheet_parent_current_only.csv,inventories,,identity_q1_or_ytd_diff,missing_raw_value
002958.XSHE,parent_balance,2019-12-31,2019q4,,2020-04-27,fixed_assets,3015737000.0,finance_balance_sheet_parent_current_only.csv,fixed_assets,quarterly_direct,identity_q1_or_ytd_diff,
002958.XSHE,parent_balance,2019-12-31,2019q4,,2020-04-27,constru_in_process,617878000.0,finance_balance_sheet_parent_current_only.csv,constru_in_process,quarterly_direct,identity_q1_or_ytd_diff,
002958.XSHE,parent_balance,2019-12-31,2019q4,,2020-04-27,intangible_assets,85358000.0,finance_balance_sheet_parent_current_only.csv,intangible_assets,quarterly_direct,identity_q1_or_ytd_diff,
002958.XSHE,parent_balance,2019-12-31,2019q4,,2020-04-27,long_deferred_expense,,finance_balance_sheet_parent_current_only.csv,long_deferred_expense,,identity_q1_or_ytd_diff,missing_raw_value
002958.XSHE,parent_balance,2019-12-31,2019q4,,2020-04-27,deferred_tax_assets,1641095000.0,finance_balance_sheet_parent_current_only.csv,deferred_tax_assets,quarterly_direct,identity_q1_or_ytd_diff,
002958.XSHE,parent_balance,2019-12-31,2019q4,,2020-04-27,other_asset,981583000.0,finance_balance_sheet_parent_current_only.csv,other_asset,quarterly_direct,identity_q1_or_ytd_diff,
002958.XSHE,parent_balance,2019-12-31,2019q4,,2020-04-27,total_assets,336362956000.0,finance_balance_sheet_parent_current_only.csv,total_assets,quarterly_direct,identity_q1_or_ytd_diff,
002958.XSHE,parent_balance,2019-12-31,2019q4,,2020-04-27,borrowing_from_centralbank,2303128000.0,finance_balance_sheet_parent_current_only.csv,borrowing_from_centralbank,quarterly_direct,identity_q1_or_ytd_diff,
002958.XSHE,parent_balance,2019-12-31,2019q4,,2020-04-27,shortterm_loan,,finance_balance_sheet_parent_current_only.csv,shortterm_loan,,identity_q1_or_ytd_diff,missing_raw_value
002958.XSHE,parent_balance,2019-12-31,2019q4,,2020-04-27,borrowing_capital,5010613000.0,finance_balance_sheet_parent_current_only.csv,borrowing_capital,quarterly_direct,identity_q1_or_ytd_diff,
002958.XSHE,parent_balance,2019-12-31,2019q4,,2020-04-27,sold_buyback_secu_proceeds,17371888000.0,finance_balance_sheet_parent_current_only.csv,sold_buyback_secu_proceeds,quarterly_direct,identity_q1_or_ytd_diff,
002958.XSHE,parent_balance,2019-12-31,2019q4,,2020-04-27,proxy_secu_proceeds,,finance_balance_sheet_parent_current_only.csv,proxy_secu_proceeds,,identity_q1_or_ytd_diff,missing_raw_value
002958.XSHE,parent_balance,2019-12-31,2019q4,,2020-04-27,notes_payable,,finance_balance_sheet_parent_current_only.csv,notes_payable,,identity_q1_or_ytd_diff,missing_raw_value
002958.XSHE,parent_balance,2019-12-31,2019q4,,2020-04-27,advance_peceipts,,finance_balance_sheet_parent_current_only.csv,advance_peceipts,,identity_q1_or_ytd_diff,missing_raw_value
002958.XSHE,parent_balance,2019-12-31,2019q4,,2020-04-27,commission_payable,,finance_balance_sheet_parent_current_only.csv,commission_payable,,identity_q1_or_ytd_diff,missing_raw_value
002958.XSHE,parent_balance,2019-12-31,2019q4,,2020-04-27,salaries_payable,1585826000.0,finance_balance_sheet_parent_current_only.csv,salaries_payable,quarterly_direct,identity_q1_or_ytd_diff,
002958.XSHE,parent_balance,2019-12-31,2019q4,,2020-04-27,taxs_payable,805078000.0,finance_balance_sheet_parent_current_only.csv,taxs_payable,quarterly_direct,identity_q1_or_ytd_diff,
002958.XSHE,parent_balance,2019-12-31,2019q4,,2020-04-27,interest_payable,,finance_balance_sheet_parent_current_only.csv,interest_payable,,identity_q1_or_ytd_diff,missing_raw_value
002958.XSHE,parent_balance,2019-12-31,2019q4,,2020-04-27,estimate_liability,205224000.0,finance_balance_sheet_parent_current_only.csv,estimate_liability,quarterly_direct,identity_q1_or_ytd_diff,
002958.XSHE,parent_balance,2019-12-31,2019q4,,2020-04-27,longterm_loan,,finance_balance_sheet_parent_current_only.csv,longterm_loan,,identity_q1_or_ytd_diff,missing_raw_value
002958.XSHE,parent_balance,2019-12-31,2019q4,,2020-04-27,bonds_payable,66190861000.0,finance_balance_sheet_parent_current_only.csv,bonds_payable,quarterly_direct,identity_q1_or_ytd_diff,
002958.XSHE,parent_balance,2019-12-31,2019q4,,2020-04-27,deferred_tax_liability,,finance_balance_sheet_parent_current_only.csv,deferred_tax_liability,,identity_q1_or_ytd_diff,missing_raw_value
002958.XSHE,parent_balance,2019-12-31,2019q4,,2020-04-27,other_liability,1295709000.0,finance_balance_sheet_parent_current_only.csv,other_liability,quarterly_direct,identity_q1_or_ytd_diff,
002958.XSHE,parent_balance,2019-12-31,2019q4,,2020-04-27,total_liability,311959432000.0,finance_balance_sheet_parent_current_only.csv,total_liability,quarterly_direct,identity_q1_or_ytd_diff,
002958.XSHE,parent_balance,2019-12-31,2019q4,,2020-04-27,paidin_capital,5555556000.0,finance_balance_sheet_parent_current_only.csv,paidin_capital,quarterly_direct,identity_q1_or_ytd_diff,
002958.XSHE,parent_balance,2019-12-31,2019q4,,2020-04-27,capital_reserve_fund,3817959000.0,finance_balance_sheet_parent_current_only.csv,capital_reserve_fund,quarterly_direct,identity_q1_or_ytd_diff,
002958.XSHE,parent_balance,2019-12-31,2019q4,,2020-04-27,treasury_stock,,finance_balance_sheet_parent_current_only.csv,treasury_stock,,identity_q1_or_ytd_diff,missing_raw_value
002958.XSHE,parent_balance,2019-12-31,2019q4,,2020-04-27,surplus_reserve_fund,2680911000.0,finance_balance_sheet_parent_current_only.csv,surplus_reserve_fund,quarterly_direct,identity_q1_or_ytd_diff,
002958.XSHE,parent_balance,2019-12-31,2019q4,,2020-04-27,equities_parent_company_owners,24403524000.0,finance_balance_sheet_parent_current_only.csv,equities_parent_company_owners,quarterly_direct,identity_q1_or_ytd_diff,
002958.XSHE,parent_balance,2019-12-31,2019q4,,2020-04-27,retained_profit,7156579000.0,finance_balance_sheet_parent_current_only.csv,retained_profit,quarterly_direct,identity_q1_or_ytd_diff,
002958.XSHE,parent_balance,2019-12-31,2019q4,,2020-04-27,minority_interests,,finance_balance_sheet_parent_current_only.csv,minority_interests,,identity_q1_or_ytd_diff,missing_raw_value
002958.XSHE,parent_balance,2019-12-31,2019q4,,2020-04-27,total_owner_equities,24403524000.0,finance_balance_sheet_parent_current_only.csv,total_owner_equities,quarterly_direct,identity_q1_or_ytd_diff,
002958.XSHE,parent_balance,2019-12-31,2019q4,,2020-04-27,other_comprehensive_income,655454000.0,finance_balance_sheet_parent_current_only.csv,other_comprehensive_income,quarterly_direct,identity_q1_or_ytd_diff,
002958.XSHE,parent_balance,2020-03-31,2020q1,,2020-04-27,deposit_in_ib,4233530000.0,finance_balance_sheet_parent_current_only.csv,deposit_in_ib,quarterly_direct,identity_q1_or_ytd_diff,
002958.XSHE,parent_balance,2020-03-31,2020q1,,2020-04-27,cash_equivalents,,finance_balance_sheet_parent_current_only.csv,cash_equivalents,,identity_q1_or_ytd_diff,missing_raw_value
002958.XSHE,parent_balance,2020-03-31,2020q1,,2020-04-27,deposit_client,,finance_balance_sheet_parent_current_only.csv,deposit_client,,identity_q1_or_ytd_diff,missing_raw_value
002958.XSHE,parent_balance,2020-03-31,2020q1,,2020-04-27,cash_in_cb,22012952000.0,finance_balance_sheet_parent_current_only.csv,cash_in_cb,quarterly_direct,identity_q1_or_ytd_diff,
002958.XSHE,parent_balance,2020-03-31,2020q1,,2020-04-27,settlement_provi,,finance_balance_sheet_parent_current_only.csv,settlement_provi,,identity_q1_or_ytd_diff,missing_raw_value
002958.XSHE,parent_balance,2020-03-31,2020q1,,2020-04-27,settlement_provi_client,,finance_balance_sheet_parent_current_only.csv,settlement_provi_client,,identity_q1_or_ytd_diff,missing_raw_value
002958.XSHE,parent_balance,2020-03-31,2020q1,,2020-04-27,lend_capital,6705598000.0,finance_balance_sheet_parent_current_only.csv,lend_capital,quarterly_direct,identity_q1_or_ytd_diff,
002958.XSHE,parent_balance,2020-03-31,2020q1,,2020-04-27,bought_sellback_assets,,finance_balance_sheet_parent_current_only.csv,bought_sellback_assets,,identity_q1_or_ytd_diff,missing_raw_value
002958.XSHE,parent_balance,2020-03-31,2020q1,,2020-04-27,interest_receivable,,finance_balance_sheet_parent_current_only.csv,interest_receivable,,identity_q1_or_ytd_diff,missing_raw_value
002958.XSHE,parent_balance,2020-03-31,2020q1,,2020-04-27,insurance_receivables,,finance_balance_sheet_parent_current_only.csv,insurance_receivables,,identity_q1_or_ytd_diff,missing_raw_value
002958.XSHE,parent_balance,2020-03-31,2020q1,,2020-04-27,loan_and_advance,182453902000.0,finance_balance_sheet_parent_current_only.csv,loan_and_advance,quarterly_direct,identity_q1_or_ytd_diff,
002958.XSHE,parent_balance,2020-03-31,2020q1,,2020-04-27,advance_payment,,finance_balance_sheet_parent_current_only.csv,advance_payment,,identity_q1_or_ytd_diff,missing_raw_value
002958.XSHE,parent_balance,2020-03-31,2020q1,,2020-04-27,hold_for_sale_assets,,finance_balance_sheet_parent_current_only.csv,hold_for_sale_assets,,identity_q1_or_ytd_diff,missing_raw_value
002958.XSHE,parent_balance,2020-03-31,2020q1,,2020-04-27,hold_to_maturity_investments,,finance_balance_sheet_parent_current_only.csv,hold_to_maturity_investments,,identity_q1_or_ytd_diff,missing_raw_value
002958.XSHE,parent_balance,2020-03-31,2020q1,,2020-04-27,longterm_equity_invest,357000000.0,finance_balance_sheet_parent_current_only.csv,longterm_equity_invest,quarterly_direct,identity_q1_or_ytd_diff,
002958.XSHE,parent_balance,2020-03-31,2020q1,,2020-04-27,investment_property,203000.0,finance_balance_sheet_parent_current_only.csv,investment_property,quarterly_direct,identity_q1_or_ytd_diff,
002958.XSHE,parent_balance,2020-03-31,2020q1,,2020-04-27,inventories,,finance_balance_sheet_parent_current_only.csv,inventories,,identity_q1_or_ytd_diff,missing_raw_value
002958.XSHE,parent_balance,2020-03-31,2020q1,,2020-04-27,fixed_assets,2969629000.0,finance_balance_sheet_parent_current_only.csv,fixed_assets,quarterly_direct,identity_q1_or_ytd_diff,
002958.XSHE,parent_balance,2020-03-31,2020q1,,2020-04-27,constru_in_process,671358000.0,finance_balance_sheet_parent_current_only.csv,constru_in_process,quarterly_direct,identity_q1_or_ytd_diff,
002958.XSHE,parent_balance,2020-03-31,2020q1,,2020-04-27,intangible_assets,84784000.0,finance_balance_sheet_parent_current_only.csv,intangible_assets,quarterly_direct,identity_q1_or_ytd_diff,
002958.XSHE,parent_balance,2020-03-31,2020q1,,2020-04-27,long_deferred_expense,,finance_balance_sheet_parent_current_only.csv,long_deferred_expense,,identity_q1_or_ytd_diff,missing_raw_value
002958.XSHE,parent_balance,2020-03-31,2020q1,,2020-04-27,deferred_tax_assets,1763784000.0,finance_balance_sheet_parent_current_only.csv,deferred_tax_assets,quarterly_direct,identity_q1_or_ytd_diff,
002958.XSHE,parent_balance,2020-03-31,2020q1,,2020-04-27,other_asset,904320000.0,finance_balance_sheet_parent_current_only.csv,other_asset,quarterly_direct,identity_q1_or_ytd_diff,
002958.XSHE,parent_balance,2020-03-31,2020q1,,2020-04-27,total_assets,344234944000.0,finance_balance_sheet_parent_current_only.csv,total_assets,quarterly_direct,identity_q1_or_ytd_diff,
002958.XSHE,parent_balance,2020-03-31,2020q1,,2020-04-27,borrowing_from_centralbank,2275514000.0,finance_balance_sheet_parent_current_only.csv,borrowing_from_centralbank,quarterly_direct,identity_q1_or_ytd_diff,
002958.XSHE,parent_balance,2020-03-31,2020q1,,2020-04-27,shortterm_loan,,finance_balance_sheet_parent_current_only.csv,shortterm_loan,,identity_q1_or_ytd_diff,missing_raw_value
002958.XSHE,parent_balance,2020-03-31,2020q1,,2020-04-27,borrowing_capital,5675904000.0,finance_balance_sheet_parent_current_only.csv,borrowing_capital,quarterly_direct,identity_q1_or_ytd_diff,
002958.XSHE,parent_balance,2020-03-31,2020q1,,2020-04-27,sold_buyback_secu_proceeds,15507003000.0,finance_balance_sheet_parent_current_only.csv,sold_buyback_secu_proceeds,quarterly_direct,identity_q1_or_ytd_diff,
002958.XSHE,parent_balance,2020-03-31,2020q1,,2020-04-27,proxy_secu_proceeds,,finance_balance_sheet_parent_current_only.csv,proxy_secu_proceeds,,identity_q1_or_ytd_diff,missing_raw_value
002958.XSHE,parent_balance,2020-03-31,2020q1,,2020-04-27,notes_payable,,finance_balance_sheet_parent_current_only.csv,notes_payable,,identity_q1_or_ytd_diff,missing_raw_value
002958.XSHE,parent_balance,2020-03-31,2020q1,,2020-04-27,advance_peceipts,,finance_balance_sheet_parent_current_only.csv,advance_peceipts,,identity_q1_or_ytd_diff,missing_raw_value
002958.XSHE,parent_balance,2020-03-31,2020q1,,2020-04-27,commission_payable,,finance_balance_sheet_parent_current_only.csv,commission_payable,,identity_q1_or_ytd_diff,missing_raw_value
002958.XSHE,parent_balance,2020-03-31,2020q1,,2020-04-27,salaries_payable,1369892000.0,finance_balance_sheet_parent_current_only.csv,salaries_payable,quarterly_direct,identity_q1_or_ytd_diff,
002958.XSHE,parent_balance,2020-03-31,2020q1,,2020-04-27,taxs_payable,616010000.0,finance_balance_sheet_parent_current_only.csv,taxs_payable,quarterly_direct,identity_q1_or_ytd_diff,
002958.XSHE,parent_balance,2020-03-31,2020q1,,2020-04-27,interest_payable,,finance_balance_sheet_parent_current_only.csv,interest_payable,,identity_q1_or_ytd_diff,missing_raw_value
002958.XSHE,parent_balance,2020-03-31,2020q1,,2020-04-27,estimate_liability,256770000.0,finance_balance_sheet_parent_current_only.csv,estimate_liability,quarterly_direct,identity_q1_or_ytd_diff,
002958.XSHE,parent_balance,2020-03-31,2020q1,,2020-04-27,longterm_loan,,finance_balance_sheet_parent_current_only.csv,longterm_loan,,identity_q1_or_ytd_diff,missing_raw_value
002958.XSHE,parent_balance,2020-03-31,2020q1,,2020-04-27,bonds_payable,67686569000.0,finance_balance_sheet_parent_current_only.csv,bonds_payable,quarterly_direct,identity_q1_or_ytd_diff,
002958.XSHE,parent_balance,2020-03-31,2020q1,,2020-04-27,deferred_tax_liability,,finance_balance_sheet_parent_current_only.csv,deferred_tax_liability,,identity_q1_or_ytd_diff,missing_raw_value
002958.XSHE,parent_balance,2020-03-31,2020q1,,2020-04-27,other_liability,1456177000.0,finance_balance_sheet_parent_current_only.csv,other_liability,quarterly_direct,identity_q1_or_ytd_diff,
002958.XSHE,parent_balance,2020-03-31,2020q1,,2020-04-27,total_liability,318864100000.0,finance_balance_sheet_parent_current_only.csv,total_liability,quarterly_direct,identity_q1_or_ytd_diff,
002958.XSHE,parent_balance,2020-03-31,2020q1,,2020-04-27,paidin_capital,5555556000.0,finance_balance_sheet_parent_current_only.csv,paidin_capital,quarterly_direct,identity_q1_or_ytd_diff,
002958.XSHE,parent_balance,2020-03-31,2020q1,,2020-04-27,capital_reserve_fund,3817959000.0,finance_balance_sheet_parent_current_only.csv,capital_reserve_fund,quarterly_direct,identity_q1_or_ytd_diff,
002958.XSHE,parent_balance,2020-03-31,2020q1,,2020-04-27,treasury_stock,,finance_balance_sheet_parent_current_only.csv,treasury_stock,,identity_q1_or_ytd_diff,missing_raw_value
002958.XSHE,parent_balance,2020-03-31,2020q1,,2020-04-27,surplus_reserve_fund,2680911000.0,finance_balance_sheet_parent_current_only.csv,surplus_reserve_fund,quarterly_direct,identity_q1_or_ytd_diff,
002958.XSHE,parent_balance,2020-03-31,2020q1,,2020-04-27,equities_parent_company_owners,25370844000.0,finance_balance_sheet_parent_current_only.csv,equities_parent_company_owners,quarterly_direct,identity_q1_or_ytd_diff,
002958.XSHE,parent_balance,2020-03-31,2020q1,,2020-04-27,retained_profit,8008981000.0,finance_balance_sheet_parent_current_only.csv,retained_profit,quarterly_direct,identity_q1_or_ytd_diff,
002958.XSHE,parent_balance,2020-03-31,2020q1,,2020-04-27,minority_interests,,finance_balance_sheet_parent_current_only.csv,minority_interests,,identity_q1_or_ytd_diff,missing_raw_value
002958.XSHE,parent_balance,2020-03-31,2020q1,,2020-04-27,total_owner_equities,25370844000.0,finance_balance_sheet_parent_current_only.csv,total_owner_equities,quarterly_direct,identity_q1_or_ytd_diff,
002958.XSHE,parent_balance,2020-03-31,2020q1,,2020-04-27,other_comprehensive_income,770372000.0,finance_balance_sheet_parent_current_only.csv,other_comprehensive_income,quarterly_direct,identity_q1_or_ytd_diff,
002958.XSHE,parent_balance,2020-06-30,2020q2,,2020-08-25,deposit_in_ib,4616061000.0,finance_balance_sheet_parent_current_only.csv,deposit_in_ib,quarterly_direct,identity_q1_or_ytd_diff,
002958.XSHE,parent_balance,2020-06-30,2020q2,,2020-08-25,cash_equivalents,,finance_balance_sheet_parent_current_only.csv,cash_equivalents,,identity_q1_or_ytd_diff,missing_raw_value
002958.XSHE,parent_balance,2020-06-30,2020q2,,2020-08-25,deposit_client,,finance_balance_sheet_parent_current_only.csv,deposit_client,,identity_q1_or_ytd_diff,missing_raw_value
002958.XSHE,parent_balance,2020-06-30,2020q2,,2020-08-25,cash_in_cb,22091755000.0,finance_balance_sheet_parent_current_only.csv,cash_in_cb,quarterly_direct,identity_q1_or_ytd_diff,
002958.XSHE,parent_balance,2020-06-30,2020q2,,2020-08-25,settlement_provi,,finance_balance_sheet_parent_current_only.csv,settlement_provi,,identity_q1_or_ytd_diff,missing_raw_value
002958.XSHE,parent_balance,2020-06-30,2020q2,,2020-08-25,settlement_provi_client,,finance_balance_sheet_parent_current_only.csv,settlement_provi_client,,identity_q1_or_ytd_diff,missing_raw_value
002958.XSHE,parent_balance,2020-06-30,2020q2,,2020-08-25,lend_capital,6664593000.0,finance_balance_sheet_parent_current_only.csv,lend_capital,quarterly_direct,identity_q1_or_ytd_diff,
002958.XSHE,parent_balance,2020-06-30,2020q2,,2020-08-25,bought_sellback_assets,5761311000.0,finance_balance_sheet_parent_current_only.csv,bought_sellback_assets,quarterly_direct,identity_q1_or_ytd_diff,
002958.XSHE,parent_balance,2020-06-30,2020q2,,2020-08-25,interest_receivable,,finance_balance_sheet_parent_current_only.csv,interest_receivable,,identity_q1_or_ytd_diff,missing_raw_value
002958.XSHE,parent_balance,2020-06-30,2020q2,,2020-08-25,insurance_receivables,,finance_balance_sheet_parent_current_only.csv,insurance_receivables,,identity_q1_or_ytd_diff,missing_raw_value
002958.XSHE,parent_balance,2020-06-30,2020q2,,2020-08-25,loan_and_advance,189344264000.0,finance_balance_sheet_parent_current_only.csv,loan_and_advance,quarterly_direct,identity_q1_or_ytd_diff,
002958.XSHE,parent_balance,2020-06-30,2020q2,,2020-08-25,advance_payment,,finance_balance_sheet_parent_current_only.csv,advance_payment,,identity_q1_or_ytd_diff,missing_raw_value
002958.XSHE,parent_balance,2020-06-30,2020q2,,2020-08-25,hold_for_sale_assets,,finance_balance_sheet_parent_current_only.csv,hold_for_sale_assets,,identity_q1_or_ytd_diff,missing_raw_value
002958.XSHE,parent_balance,2020-06-30,2020q2,,2020-08-25,hold_to_maturity_investments,,finance_balance_sheet_parent_current_only.csv,hold_to_maturity_investments,,identity_q1_or_ytd_diff,missing_raw_value
002958.XSHE,parent_balance,2020-06-30,2020q2,,2020-08-25,longterm_equity_invest,357000000.0,finance_balance_sheet_parent_current_only.csv,longterm_equity_invest,quarterly_direct,identity_q1_or_ytd_diff,
002958.XSHE,parent_balance,2020-06-30,2020q2,,2020-08-25,investment_property,203000.0,finance_balance_sheet_parent_current_only.csv,investment_property,quarterly_direct,identity_q1_or_ytd_diff,
002958.XSHE,parent_balance,2020-06-30,2020q2,,2020-08-25,inventories,,finance_balance_sheet_parent_current_only.csv,inventories,,identity_q1_or_ytd_diff,missing_raw_value
002958.XSHE,parent_balance,2020-06-30,2020q2,,2020-08-25,fixed_assets,3047683000.0,finance_balance_sheet_parent_current_only.csv,fixed_assets,quarterly_direct,identity_q1_or_ytd_diff,
002958.XSHE,parent_balance,2020-06-30,2020q2,,2020-08-25,constru_in_process,573055000.0,finance_balance_sheet_parent_current_only.csv,constru_in_process,quarterly_direct,identity_q1_or_ytd_diff,
002958.XSHE,parent_balance,2020-06-30,2020q2,,2020-08-25,intangible_assets,84211000.0,finance_balance_sheet_parent_current_only.csv,intangible_assets,quarterly_direct,identity_q1_or_ytd_diff,
002958.XSHE,parent_balance,2020-06-30,2020q2,,2020-08-25,long_deferred_expense,,finance_balance_sheet_parent_current_only.csv,long_deferred_expense,,identity_q1_or_ytd_diff,missing_raw_value
002958.XSHE,parent_balance,2020-06-30,2020q2,,2020-08-25,deferred_tax_assets,2145646000.0,finance_balance_sheet_parent_current_only.csv,deferred_tax_assets,quarterly_direct,identity_q1_or_ytd_diff,
002958.XSHE,parent_balance,2020-06-30,2020q2,,2020-08-25,other_asset,894109000.0,finance_balance_sheet_parent_current_only.csv,other_asset,quarterly_direct,identity_q1_or_ytd_diff,
002958.XSHE,parent_balance,2020-06-30,2020q2,,2020-08-25,total_assets,369140751000.0,finance_balance_sheet_parent_current_only.csv,total_assets,quarterly_direct,identity_q1_or_ytd_diff,
002958.XSHE,parent_balance,2020-06-30,2020q2,,2020-08-25,borrowing_from_centralbank,5093016000.0,finance_balance_sheet_parent_current_only.csv,borrowing_from_centralbank,quarterly_direct,identity_q1_or_ytd_diff,
002958.XSHE,parent_balance,2020-06-30,2020q2,,2020-08-25,shortterm_loan,,finance_balance_sheet_parent_current_only.csv,shortterm_loan,,identity_q1_or_ytd_diff,missing_raw_value
002958.XSHE,parent_balance,2020-06-30,2020q2,,2020-08-25,borrowing_capital,5703474000.0,finance_balance_sheet_parent_current_only.csv,borrowing_capital,quarterly_direct,identity_q1_or_ytd_diff,
002958.XSHE,parent_balance,2020-06-30,2020q2,,2020-08-25,sold_buyback_secu_proceeds,14606797000.0,finance_balance_sheet_parent_current_only.csv,sold_buyback_secu_proceeds,quarterly_direct,identity_q1_or_ytd_diff,
002958.XSHE,parent_balance,2020-06-30,2020q2,,2020-08-25,proxy_secu_proceeds,,finance_balance_sheet_parent_current_only.csv,proxy_secu_proceeds,,identity_q1_or_ytd_diff,missing_raw_value
002958.XSHE,parent_balance,2020-06-30,2020q2,,2020-08-25,notes_payable,,finance_balance_sheet_parent_current_only.csv,notes_payable,,identity_q1_or_ytd_diff,missing_raw_value
002958.XSHE,parent_balance,2020-06-30,2020q2,,2020-08-25,advance_peceipts,,finance_balance_sheet_parent_current_only.csv,advance_peceipts,,identity_q1_or_ytd_diff,missing_raw_value
002958.XSHE,parent_balance,2020-06-30,2020q2,,2020-08-25,commission_payable,,finance_balance_sheet_parent_current_only.csv,commission_payable,,identity_q1_or_ytd_diff,missing_raw_value
002958.XSHE,parent_balance,2020-06-30,2020q2,,2020-08-25,salaries_payable,1407390000.0,finance_balance_sheet_parent_current_only.csv,salaries_payable,quarterly_direct,identity_q1_or_ytd_diff,
002958.XSHE,parent_balance,2020-06-30,2020q2,,2020-08-25,taxs_payable,553157000.0,finance_balance_sheet_parent_current_only.csv,taxs_payable,quarterly_direct,identity_q1_or_ytd_diff,
002958.XSHE,parent_balance,2020-06-30,2020q2,,2020-08-25,interest_payable,,finance_balance_sheet_parent_current_only.csv,interest_payable,,identity_q1_or_ytd_diff,missing_raw_value
002958.XSHE,parent_balance,2020-06-30,2020q2,,2020-08-25,estimate_liability,260630000.0,finance_balance_sheet_parent_current_only.csv,estimate_liability,quarterly_direct,identity_q1_or_ytd_diff,
002958.XSHE,parent_balance,2020-06-30,2020q2,,2020-08-25,longterm_loan,,finance_balance_sheet_parent_current_only.csv,longterm_loan,,identity_q1_or_ytd_diff,missing_raw_value
002958.XSHE,parent_balance,2020-06-30,2020q2,,2020-08-25,bonds_payable,75094625000.0,finance_balance_sheet_parent_current_only.csv,bonds_payable,quarterly_direct,identity_q1_or_ytd_diff,
002958.XSHE,parent_balance,2020-06-30,2020q2,,2020-08-25,deferred_tax_liability,,finance_balance_sheet_parent_current_only.csv,deferred_tax_liability,,identity_q1_or_ytd_diff,missing_raw_value
002958.XSHE,parent_balance,2020-06-30,2020q2,,2020-08-25,other_liability,1873772000.0,finance_balance_sheet_parent_current_only.csv,other_liability,quarterly_direct,identity_q1_or_ytd_diff,
002958.XSHE,parent_balance,2020-06-30,2020q2,,2020-08-25,total_liability,344119078000.0,finance_balance_sheet_parent_current_only.csv,total_liability,quarterly_direct,identity_q1_or_ytd_diff,
002958.XSHE,parent_balance,2020-06-30,2020q2,,2020-08-25,paidin_capital,5555556000.0,finance_balance_sheet_parent_current_only.csv,paidin_capital,quarterly_direct,identity_q1_or_ytd_diff,
002958.XSHE,parent_balance,2020-06-30,2020q2,,2020-08-25,capital_reserve_fund,3817959000.0,finance_balance_sheet_parent_current_only.csv,capital_reserve_fund,quarterly_direct,identity_q1_or_ytd_diff,
002958.XSHE,parent_balance,2020-06-30,2020q2,,2020-08-25,treasury_stock,,finance_balance_sheet_parent_current_only.csv,treasury_stock,,identity_q1_or_ytd_diff,missing_raw_value
002958.XSHE,parent_balance,2020-06-30,2020q2,,2020-08-25,surplus_reserve_fund,2962185000.0,finance_balance_sheet_parent_current_only.csv,surplus_reserve_fund,quarterly_direct,identity_q1_or_ytd_diff,
002958.XSHE,parent_balance,2020-06-30,2020q2,,2020-08-25,equities_parent_company_owners,25021673000.0,finance_balance_sheet_parent_current_only.csv,equities_parent_company_owners,quarterly_direct,identity_q1_or_ytd_diff,
002958.XSHE,parent_balance,2020-06-30,2020q2,,2020-08-25,retained_profit,7047341000.0,finance_balance_sheet_parent_current_only.csv,retained_profit,quarterly_direct,identity_q1_or_ytd_diff,
002958.XSHE,parent_balance,2020-06-30,2020q2,,2020-08-25,minority_interests,,finance_balance_sheet_parent_current_only.csv,minority_interests,,identity_q1_or_ytd_diff,missing_raw_value
002958.XSHE,parent_balance,2020-06-30,2020q2,,2020-08-25,total_owner_equities,25021673000.0,finance_balance_sheet_parent_current_only.csv,total_owner_equities,quarterly_direct,identity_q1_or_ytd_diff,
002958.XSHE,parent_balance,2020-06-30,2020q2,,2020-08-25,other_comprehensive_income,625863000.0,finance_balance_sheet_parent_current_only.csv,other_comprehensive_income,quarterly_direct,identity_q1_or_ytd_diff,
002958.XSHE,parent_balance,2020-09-30,2020q3,,2020-10-27,deposit_in_ib,6402480000.0,finance_balance_sheet_parent_current_only.csv,deposit_in_ib,quarterly_direct,identity_q1_or_ytd_diff,
002958.XSHE,parent_balance,2020-09-30,2020q3,,2020-10-27,cash_equivalents,0.0,finance_balance_sheet_parent_current_only.csv,cash_equivalents,quarterly_direct,identity_q1_or_ytd_diff,
002958.XSHE,parent_balance,2020-09-30,2020q3,,2020-10-27,deposit_client,,finance_balance_sheet_parent_current_only.csv,deposit_client,,identity_q1_or_ytd_diff,missing_raw_value
002958.XSHE,parent_balance,2020-09-30,2020q3,,2020-10-27,cash_in_cb,25289203000.0,finance_balance_sheet_parent_current_only.csv,cash_in_cb,quarterly_direct,identity_q1_or_ytd_diff,
002958.XSHE,parent_balance,2020-09-30,2020q3,,2020-10-27,settlement_provi,0.0,finance_balance_sheet_parent_current_only.csv,settlement_provi,quarterly_direct,identity_q1_or_ytd_diff,
002958.XSHE,parent_balance,2020-09-30,2020q3,,2020-10-27,settlement_provi_client,,finance_balance_sheet_parent_current_only.csv,settlement_provi_client,,identity_q1_or_ytd_diff,missing_raw_value
002958.XSHE,parent_balance,2020-09-30,2020q3,,2020-10-27,lend_capital,7177041000.0,finance_balance_sheet_parent_current_only.csv,lend_capital,quarterly_direct,identity_q1_or_ytd_diff,
002958.XSHE,parent_balance,2020-09-30,2020q3,,2020-10-27,bought_sellback_assets,9391969000.0,finance_balance_sheet_parent_current_only.csv,bought_sellback_assets,quarterly_direct,identity_q1_or_ytd_diff,
002958.XSHE,parent_balance,2020-09-30,2020q3,,2020-10-27,interest_receivable,,finance_balance_sheet_parent_current_only.csv,interest_receivable,,identity_q1_or_ytd_diff,missing_raw_value
002958.XSHE,parent_balance,2020-09-30,2020q3,,2020-10-27,insurance_receivables,,finance_balance_sheet_parent_current_only.csv,insurance_receivables,,identity_q1_or_ytd_diff,missing_raw_value
002958.XSHE,parent_balance,2020-09-30,2020q3,,2020-10-27,loan_and_advance,198638770000.0,finance_balance_sheet_parent_current_only.csv,loan_and_advance,quarterly_direct,identity_q1_or_ytd_diff,
002958.XSHE,parent_balance,2020-09-30,2020q3,,2020-10-27,advance_payment,,finance_balance_sheet_parent_current_only.csv,advance_payment,,identity_q1_or_ytd_diff,missing_raw_value
002958.XSHE,parent_balance,2020-09-30,2020q3,,2020-10-27,hold_for_sale_assets,,finance_balance_sheet_parent_current_only.csv,hold_for_sale_assets,,identity_q1_or_ytd_diff,missing_raw_value
002958.XSHE,parent_balance,2020-09-30,2020q3,,2020-10-27,hold_to_maturity_investments,,finance_balance_sheet_parent_current_only.csv,hold_to_maturity_investments,,identity_q1_or_ytd_diff,missing_raw_value
002958.XSHE,parent_balance,2020-09-30,2020q3,,2020-10-27,longterm_equity_invest,357000000.0,finance_balance_sheet_parent_current_only.csv,longterm_equity_invest,quarterly_direct,identity_q1_or_ytd_diff,
002958.XSHE,parent_balance,2020-09-30,2020q3,,2020-10-27,investment_property,203000.0,finance_balance_sheet_parent_current_only.csv,investment_property,quarterly_direct,identity_q1_or_ytd_diff,
002958.XSHE,parent_balance,2020-09-30,2020q3,,2020-10-27,inventories,,finance_balance_sheet_parent_current_only.csv,inventories,,identity_q1_or_ytd_diff,missing_raw_value
002958.XSHE,parent_balance,2020-09-30,2020q3,,2020-10-27,fixed_assets,3025148000.0,finance_balance_sheet_parent_current_only.csv,fixed_assets,quarterly_direct,identity_q1_or_ytd_diff,
002958.XSHE,parent_balance,2020-09-30,2020q3,,2020-10-27,constru_in_process,654094000.0,finance_balance_sheet_parent_current_only.csv,constru_in_process,quarterly_direct,identity_q1_or_ytd_diff,
002958.XSHE,parent_balance,2020-09-30,2020q3,,2020-10-27,intangible_assets,83637000.0,finance_balance_sheet_parent_current_only.csv,intangible_assets,quarterly_direct,identity_q1_or_ytd_diff,
002958.XSHE,parent_balance,2020-09-30,2020q3,,2020-10-27,long_deferred_expense,,finance_balance_sheet_parent_current_only.csv,long_deferred_expense,,identity_q1_or_ytd_diff,missing_raw_value
002958.XSHE,parent_balance,2020-09-30,2020q3,,2020-10-27,deferred_tax_assets,2326855000.0,finance_balance_sheet_parent_current_only.csv,deferred_tax_assets,quarterly_direct,identity_q1_or_ytd_diff,
002958.XSHE,parent_balance,2020-09-30,2020q3,,2020-10-27,other_asset,782499000.0,finance_balance_sheet_parent_current_only.csv,other_asset,quarterly_direct,identity_q1_or_ytd_diff,
002958.XSHE,parent_balance,2020-09-30,2020q3,,2020-10-27,total_assets,385101097000.0,finance_balance_sheet_parent_current_only.csv,total_assets,quarterly_direct,identity_q1_or_ytd_diff,
002958.XSHE,parent_balance,2020-09-30,2020q3,,2020-10-27,borrowing_from_centralbank,5514478000.0,finance_balance_sheet_parent_current_only.csv,borrowing_from_centralbank,quarterly_direct,identity_q1_or_ytd_diff,
002958.XSHE,parent_balance,2020-09-30,2020q3,,2020-10-27,shortterm_loan,0.0,finance_balance_sheet_parent_current_only.csv,shortterm_loan,quarterly_direct,identity_q1_or_ytd_diff,
002958.XSHE,parent_balance,2020-09-30,2020q3,,2020-10-27,borrowing_capital,6529787000.0,finance_balance_sheet_parent_current_only.csv,borrowing_capital,quarterly_direct,identity_q1_or_ytd_diff,
002958.XSHE,parent_balance,2020-09-30,2020q3,,2020-10-27,sold_buyback_secu_proceeds,16362065000.0,finance_balance_sheet_parent_current_only.csv,sold_buyback_secu_proceeds,quarterly_direct,identity_q1_or_ytd_diff,
002958.XSHE,parent_balance,2020-09-30,2020q3,,2020-10-27,proxy_secu_proceeds,,finance_balance_sheet_parent_current_only.csv,proxy_secu_proceeds,,identity_q1_or_ytd_diff,missing_raw_value
002958.XSHE,parent_balance,2020-09-30,2020q3,,2020-10-27,notes_payable,,finance_balance_sheet_parent_current_only.csv,notes_payable,,identity_q1_or_ytd_diff,missing_raw_value
002958.XSHE,parent_balance,2020-09-30,2020q3,,2020-10-27,advance_peceipts,,finance_balance_sheet_parent_current_only.csv,advance_peceipts,,identity_q1_or_ytd_diff,missing_raw_value
002958.XSHE,parent_balance,2020-09-30,2020q3,,2020-10-27,commission_payable,,finance_balance_sheet_parent_current_only.csv,commission_payable,,identity_q1_or_ytd_diff,missing_raw_value
002958.XSHE,parent_balance,2020-09-30,2020q3,,2020-10-27,salaries_payable,1449622000.0,finance_balance_sheet_parent_current_only.csv,salaries_payable,quarterly_direct,identity_q1_or_ytd_diff,
002958.XSHE,parent_balance,2020-09-30,2020q3,,2020-10-27,taxs_payable,736679000.0,finance_balance_sheet_parent_current_only.csv,taxs_payable,quarterly_direct,identity_q1_or_ytd_diff,
002958.XSHE,parent_balance,2020-09-30,2020q3,,2020-10-27,interest_payable,,finance_balance_sheet_parent_current_only.csv,interest_payable,,identity_q1_or_ytd_diff,missing_raw_value
002958.XSHE,parent_balance,2020-09-30,2020q3,,2020-10-27,estimate_liability,279645000.0,finance_balance_sheet_parent_current_only.csv,estimate_liability,quarterly_direct,identity_q1_or_ytd_diff,
002958.XSHE,parent_balance,2020-09-30,2020q3,,2020-10-27,longterm_loan,0.0,finance_balance_sheet_parent_current_only.csv,longterm_loan,quarterly_direct,identity_q1_or_ytd_diff,
002958.XSHE,parent_balance,2020-09-30,2020q3,,2020-10-27,bonds_payable,70735271000.0,finance_balance_sheet_parent_current_only.csv,bonds_payable,quarterly_direct,identity_q1_or_ytd_diff,
002958.XSHE,parent_balance,2020-09-30,2020q3,,2020-10-27,deferred_tax_liability,0.0,finance_balance_sheet_parent_current_only.csv,deferred_tax_liability,quarterly_direct,identity_q1_or_ytd_diff,
002958.XSHE,parent_balance,2020-09-30,2020q3,,2020-10-27,other_liability,1397995000.0,finance_balance_sheet_parent_current_only.csv,other_liability,quarterly_direct,identity_q1_or_ytd_diff,
002958.XSHE,parent_balance,2020-09-30,2020q3,,2020-10-27,total_liability,358851797000.0,finance_balance_sheet_parent_current_only.csv,total_liability,quarterly_direct,identity_q1_or_ytd_diff,
002958.XSHE,parent_balance,2020-09-30,2020q3,,2020-10-27,paidin_capital,5555556000.0,finance_balance_sheet_parent_current_only.csv,paidin_capital,quarterly_direct,identity_q1_or_ytd_diff,
002958.XSHE,parent_balance,2020-09-30,2020q3,,2020-10-27,capital_reserve_fund,3817959000.0,finance_balance_sheet_parent_current_only.csv,capital_reserve_fund,quarterly_direct,identity_q1_or_ytd_diff,
002958.XSHE,parent_balance,2020-09-30,2020q3,,2020-10-27,treasury_stock,0.0,finance_balance_sheet_parent_current_only.csv,treasury_stock,quarterly_direct,identity_q1_or_ytd_diff,
002958.XSHE,parent_balance,2020-09-30,2020q3,,2020-10-27,surplus_reserve_fund,2962185000.0,finance_balance_sheet_parent_current_only.csv,surplus_reserve_fund,quarterly_direct,identity_q1_or_ytd_diff,
002958.XSHE,parent_balance,2020-09-30,2020q3,,2020-10-27,equities_parent_company_owners,26249300000.0,finance_balance_sheet_parent_current_only.csv,equities_parent_company_owners,quarterly_direct,identity_q1_or_ytd_diff,
002958.XSHE,parent_balance,2020-09-30,2020q3,,2020-10-27,retained_profit,8035766000.0,finance_balance_sheet_parent_current_only.csv,retained_profit,quarterly_direct,identity_q1_or_ytd_diff,
002958.XSHE,parent_balance,2020-09-30,2020q3,,2020-10-27,minority_interests,,finance_balance_sheet_parent_current_only.csv,minority_interests,,identity_q1_or_ytd_diff,missing_raw_value
002958.XSHE,parent_balance,2020-09-30,2020q3,,2020-10-27,total_owner_equities,26249300000.0,finance_balance_sheet_parent_current_only.csv,total_owner_equities,quarterly_direct,identity_q1_or_ytd_diff,
002958.XSHE,parent_balance,2020-09-30,2020q3,,2020-10-27,other_comprehensive_income,386443000.0,finance_balance_sheet_parent_current_only.csv,other_comprehensive_income,quarterly_direct,identity_q1_or_ytd_diff,
002958.XSHE,parent_balance,2020-12-31,2020q4,,2021-04-27,deposit_in_ib,6227379000.0,finance_balance_sheet_parent_current_only.csv,deposit_in_ib,quarterly_direct,identity_q1_or_ytd_diff,
002958.XSHE,parent_balance,2020-12-31,2020q4,,2021-04-27,cash_equivalents,,finance_balance_sheet_parent_current_only.csv,cash_equivalents,,identity_q1_or_ytd_diff,missing_raw_value
002958.XSHE,parent_balance,2020-12-31,2020q4,,2021-04-27,deposit_client,,finance_balance_sheet_parent_current_only.csv,deposit_client,,identity_q1_or_ytd_diff,missing_raw_value
002958.XSHE,parent_balance,2020-12-31,2020q4,,2021-04-27,cash_in_cb,23940328000.0,finance_balance_sheet_parent_current_only.csv,cash_in_cb,quarterly_direct,identity_q1_or_ytd_diff,
002958.XSHE,parent_balance,2020-12-31,2020q4,,2021-04-27,settlement_provi,,finance_balance_sheet_parent_current_only.csv,settlement_provi,,identity_q1_or_ytd_diff,missing_raw_value
002958.XSHE,parent_balance,2020-12-31,2020q4,,2021-04-27,settlement_provi_client,,finance_balance_sheet_parent_current_only.csv,settlement_provi_client,,identity_q1_or_ytd_diff,missing_raw_value
002958.XSHE,parent_balance,2020-12-31,2020q4,,2021-04-27,lend_capital,7323505000.0,finance_balance_sheet_parent_current_only.csv,lend_capital,quarterly_direct,identity_q1_or_ytd_diff,
002958.XSHE,parent_balance,2020-12-31,2020q4,,2021-04-27,bought_sellback_assets,11426520000.0,finance_balance_sheet_parent_current_only.csv,bought_sellback_assets,quarterly_direct,identity_q1_or_ytd_diff,
002958.XSHE,parent_balance,2020-12-31,2020q4,,2021-04-27,interest_receivable,,finance_balance_sheet_parent_current_only.csv,interest_receivable,,identity_q1_or_ytd_diff,missing_raw_value
002958.XSHE,parent_balance,2020-12-31,2020q4,,2021-04-27,insurance_receivables,,finance_balance_sheet_parent_current_only.csv,insurance_receivables,,identity_q1_or_ytd_diff,missing_raw_value
002958.XSHE,parent_balance,2020-12-31,2020q4,,2021-04-27,loan_and_advance,205113999000.0,finance_balance_sheet_parent_current_only.csv,loan_and_advance,quarterly_direct,identity_q1_or_ytd_diff,
002958.XSHE,parent_balance,2020-12-31,2020q4,,2021-04-27,advance_payment,,finance_balance_sheet_parent_current_only.csv,advance_payment,,identity_q1_or_ytd_diff,missing_raw_value
002958.XSHE,parent_balance,2020-12-31,2020q4,,2021-04-27,hold_for_sale_assets,,finance_balance_sheet_parent_current_only.csv,hold_for_sale_assets,,identity_q1_or_ytd_diff,missing_raw_value
002958.XSHE,parent_balance,2020-12-31,2020q4,,2021-04-27,hold_to_maturity_investments,,finance_balance_sheet_parent_current_only.csv,hold_to_maturity_investments,,identity_q1_or_ytd_diff,missing_raw_value
002958.XSHE,parent_balance,2020-12-31,2020q4,,2021-04-27,longterm_equity_invest,357000000.0,finance_balance_sheet_parent_current_only.csv,longterm_equity_invest,quarterly_direct,identity_q1_or_ytd_diff,
002958.XSHE,parent_balance,2020-12-31,2020q4,,2021-04-27,investment_property,203000.0,finance_balance_sheet_parent_current_only.csv,investment_property,quarterly_direct,identity_q1_or_ytd_diff,
002958.XSHE,parent_balance,2020-12-31,2020q4,,2021-04-27,inventories,,finance_balance_sheet_parent_current_only.csv,inventories,,identity_q1_or_ytd_diff,missing_raw_value
002958.XSHE,parent_balance,2020-12-31,2020q4,,2021-04-27,fixed_assets,3163857000.0,finance_balance_sheet_parent_current_only.csv,fixed_assets,quarterly_direct,identity_q1_or_ytd_diff,
002958.XSHE,parent_balance,2020-12-31,2020q4,,2021-04-27,constru_in_process,573208000.0,finance_balance_sheet_parent_current_only.csv,constru_in_process,quarterly_direct,identity_q1_or_ytd_diff,
002958.XSHE,parent_balance,2020-12-31,2020q4,,2021-04-27,intangible_assets,83063000.0,finance_balance_sheet_parent_current_only.csv,intangible_assets,quarterly_direct,identity_q1_or_ytd_diff,
002958.XSHE,parent_balance,2020-12-31,2020q4,,2021-04-27,long_deferred_expense,,finance_balance_sheet_parent_current_only.csv,long_deferred_expense,,identity_q1_or_ytd_diff,missing_raw_value
002958.XSHE,parent_balance,2020-12-31,2020q4,,2021-04-27,deferred_tax_assets,2531712000.0,finance_balance_sheet_parent_current_only.csv,deferred_tax_assets,quarterly_direct,identity_q1_or_ytd_diff,
002958.XSHE,parent_balance,2020-12-31,2020q4,,2021-04-27,other_asset,799700000.0,finance_balance_sheet_parent_current_only.csv,other_asset,quarterly_direct,identity_q1_or_ytd_diff,
002958.XSHE,parent_balance,2020-12-31,2020q4,,2021-04-27,total_assets,399400184000.0,finance_balance_sheet_parent_current_only.csv,total_assets,quarterly_direct,identity_q1_or_ytd_diff,
002958.XSHE,parent_balance,2020-12-31,2020q4,,2021-04-27,borrowing_from_centralbank,7848379000.0,finance_balance_sheet_parent_current_only.csv,borrowing_from_centralbank,quarterly_direct,identity_q1_or_ytd_diff,
002958.XSHE,parent_balance,2020-12-31,2020q4,,2021-04-27,shortterm_loan,,finance_balance_sheet_parent_current_only.csv,shortterm_loan,,identity_q1_or_ytd_diff,missing_raw_value
002958.XSHE,parent_balance,2020-12-31,2020q4,,2021-04-27,borrowing_capital,9921799000.0,finance_balance_sheet_parent_current_only.csv,borrowing_capital,quarterly_direct,identity_q1_or_ytd_diff,
002958.XSHE,parent_balance,2020-12-31,2020q4,,2021-04-27,sold_buyback_secu_proceeds,19591897000.0,finance_balance_sheet_parent_current_only.csv,sold_buyback_secu_proceeds,quarterly_direct,identity_q1_or_ytd_diff,
002958.XSHE,parent_balance,2020-12-31,2020q4,,2021-04-27,proxy_secu_proceeds,,finance_balance_sheet_parent_current_only.csv,proxy_secu_proceeds,,identity_q1_or_ytd_diff,missing_raw_value
002958.XSHE,parent_balance,2020-12-31,2020q4,,2021-04-27,notes_payable,,finance_balance_sheet_parent_current_only.csv,notes_payable,,identity_q1_or_ytd_diff,missing_raw_value
002958.XSHE,parent_balance,2020-12-31,2020q4,,2021-04-27,advance_peceipts,,finance_balance_sheet_parent_current_only.csv,advance_peceipts,,identity_q1_or_ytd_diff,missing_raw_value
002958.XSHE,parent_balance,2020-12-31,2020q4,,2021-04-27,commission_payable,,finance_balance_sheet_parent_current_only.csv,commission_payable,,identity_q1_or_ytd_diff,missing_raw_value
002958.XSHE,parent_balance,2020-12-31,2020q4,,2021-04-27,salaries_payable,1604257000.0,finance_balance_sheet_parent_current_only.csv,salaries_payable,quarterly_direct,identity_q1_or_ytd_diff,
002958.XSHE,parent_balance,2020-12-31,2020q4,,2021-04-27,taxs_payable,778497000.0,finance_balance_sheet_parent_current_only.csv,taxs_payable,quarterly_direct,identity_q1_or_ytd_diff,
002958.XSHE,parent_balance,2020-12-31,2020q4,,2021-04-27,interest_payable,,finance_balance_sheet_parent_current_only.csv,interest_payable,,identity_q1_or_ytd_diff,missing_raw_value
002958.XSHE,parent_balance,2020-12-31,2020q4,,2021-04-27,estimate_liability,273601000.0,finance_balance_sheet_parent_current_only.csv,estimate_liability,quarterly_direct,identity_q1_or_ytd_diff,
002958.XSHE,parent_balance,2020-12-31,2020q4,,2021-04-27,longterm_loan,,finance_balance_sheet_parent_current_only.csv,longterm_loan,,identity_q1_or_ytd_diff,missing_raw_value
002958.XSHE,parent_balance,2020-12-31,2020q4,,2021-04-27,bonds_payable,76115320000.0,finance_balance_sheet_parent_current_only.csv,bonds_payable,quarterly_direct,identity_q1_or_ytd_diff,
002958.XSHE,parent_balance,2020-12-31,2020q4,,2021-04-27,deferred_tax_liability,,finance_balance_sheet_parent_current_only.csv,deferred_tax_liability,,identity_q1_or_ytd_diff,missing_raw_value
002958.XSHE,parent_balance,2020-12-31,2020q4,,2021-04-27,other_liability,1551382000.0,finance_balance_sheet_parent_current_only.csv,other_liability,quarterly_direct,identity_q1_or_ytd_diff,
002958.XSHE,parent_balance,2020-12-31,2020q4,,2021-04-27,total_liability,370576837000.0,finance_balance_sheet_parent_current_only.csv,total_liability,quarterly_direct,identity_q1_or_ytd_diff,
002958.XSHE,parent_balance,2020-12-31,2020q4,,2021-04-27,paidin_capital,5555556000.0,finance_balance_sheet_parent_current_only.csv,paidin_capital,quarterly_direct,identity_q1_or_ytd_diff,
002958.XSHE,parent_balance,2020-12-31,2020q4,,2021-04-27,capital_reserve_fund,3817959000.0,finance_balance_sheet_parent_current_only.csv,capital_reserve_fund,quarterly_direct,identity_q1_or_ytd_diff,
002958.XSHE,parent_balance,2020-12-31,2020q4,,2021-04-27,treasury_stock,,finance_balance_sheet_parent_current_only.csv,treasury_stock,,identity_q1_or_ytd_diff,missing_raw_value
002958.XSHE,parent_balance,2020-12-31,2020q4,,2021-04-27,surplus_reserve_fund,3257488000.0,finance_balance_sheet_parent_current_only.csv,surplus_reserve_fund,quarterly_direct,identity_q1_or_ytd_diff,
002958.XSHE,parent_balance,2020-12-31,2020q4,,2021-04-27,equities_parent_company_owners,28823347000.0,finance_balance_sheet_parent_current_only.csv,equities_parent_company_owners,quarterly_direct,identity_q1_or_ytd_diff,
002958.XSHE,parent_balance,2020-12-31,2020q4,,2021-04-27,retained_profit,8224000000.0,finance_balance_sheet_parent_current_only.csv,retained_profit,quarterly_direct,identity_q1_or_ytd_diff,
002958.XSHE,parent_balance,2020-12-31,2020q4,,2021-04-27,minority_interests,,finance_balance_sheet_parent_current_only.csv,minority_interests,,identity_q1_or_ytd_diff,missing_raw_value
002958.XSHE,parent_balance,2020-12-31,2020q4,,2021-04-27,total_owner_equities,28823347000.0,finance_balance_sheet_parent_current_only.csv,total_owner_equities,quarterly_direct,identity_q1_or_ytd_diff,
002958.XSHE,parent_balance,2020-12-31,2020q4,,2021-04-27,other_comprehensive_income,479962000.0,finance_balance_sheet_parent_current_only.csv,other_comprehensive_income,quarterly_direct,identity_q1_or_ytd_diff,
002958.XSHE,parent_balance,2021-03-31,2021q1,,2021-04-27,deposit_in_ib,4099074000.0,finance_balance_sheet_parent_current_only.csv,deposit_in_ib,quarterly_direct,identity_q1_or_ytd_diff,
002958.XSHE,parent_balance,2021-03-31,2021q1,,2021-04-27,cash_equivalents,0.0,finance_balance_sheet_parent_current_only.csv,cash_equivalents,quarterly_direct,identity_q1_or_ytd_diff,
002958.XSHE,parent_balance,2021-03-31,2021q1,,2021-04-27,deposit_client,,finance_balance_sheet_parent_current_only.csv,deposit_client,,identity_q1_or_ytd_diff,missing_raw_value
002958.XSHE,parent_balance,2021-03-31,2021q1,,2021-04-27,cash_in_cb,23563270000.0,finance_balance_sheet_parent_current_only.csv,cash_in_cb,quarterly_direct,identity_q1_or_ytd_diff,
002958.XSHE,parent_balance,2021-03-31,2021q1,,2021-04-27,settlement_provi,0.0,finance_balance_sheet_parent_current_only.csv,settlement_provi,quarterly_direct,identity_q1_or_ytd_diff,
002958.XSHE,parent_balance,2021-03-31,2021q1,,2021-04-27,settlement_provi_client,,finance_balance_sheet_parent_current_only.csv,settlement_provi_client,,identity_q1_or_ytd_diff,missing_raw_value
002958.XSHE,parent_balance,2021-03-31,2021q1,,2021-04-27,lend_capital,7684371000.0,finance_balance_sheet_parent_current_only.csv,lend_capital,quarterly_direct,identity_q1_or_ytd_diff,
002958.XSHE,parent_balance,2021-03-31,2021q1,,2021-04-27,bought_sellback_assets,7021310000.0,finance_balance_sheet_parent_current_only.csv,bought_sellback_assets,quarterly_direct,identity_q1_or_ytd_diff,
002958.XSHE,parent_balance,2021-03-31,2021q1,,2021-04-27,interest_receivable,,finance_balance_sheet_parent_current_only.csv,interest_receivable,,identity_q1_or_ytd_diff,missing_raw_value
002958.XSHE,parent_balance,2021-03-31,2021q1,,2021-04-27,insurance_receivables,,finance_balance_sheet_parent_current_only.csv,insurance_receivables,,identity_q1_or_ytd_diff,missing_raw_value
002958.XSHE,parent_balance,2021-03-31,2021q1,,2021-04-27,loan_and_advance,218985637000.0,finance_balance_sheet_parent_current_only.csv,loan_and_advance,quarterly_direct,identity_q1_or_ytd_diff,
002958.XSHE,parent_balance,2021-03-31,2021q1,,2021-04-27,advance_payment,,finance_balance_sheet_parent_current_only.csv,advance_payment,,identity_q1_or_ytd_diff,missing_raw_value
002958.XSHE,parent_balance,2021-03-31,2021q1,,2021-04-27,hold_for_sale_assets,,finance_balance_sheet_parent_current_only.csv,hold_for_sale_assets,,identity_q1_or_ytd_diff,missing_raw_value
002958.XSHE,parent_balance,2021-03-31,2021q1,,2021-04-27,hold_to_maturity_investments,,finance_balance_sheet_parent_current_only.csv,hold_to_maturity_investments,,identity_q1_or_ytd_diff,missing_raw_value
002958.XSHE,parent_balance,2021-03-31,2021q1,,2021-04-27,longterm_equity_invest,357000000.0,finance_balance_sheet_parent_current_only.csv,longterm_equity_invest,quarterly_direct,identity_q1_or_ytd_diff,
002958.XSHE,parent_balance,2021-03-31,2021q1,,2021-04-27,investment_property,203000.0,finance_balance_sheet_parent_current_only.csv,investment_property,quarterly_direct,identity_q1_or_ytd_diff,
002958.XSHE,parent_balance,2021-03-31,2021q1,,2021-04-27,inventories,,finance_balance_sheet_parent_current_only.csv,inventories,,identity_q1_or_ytd_diff,missing_raw_value
002958.XSHE,parent_balance,2021-03-31,2021q1,,2021-04-27,fixed_assets,3120152000.0,finance_balance_sheet_parent_current_only.csv,fixed_assets,quarterly_direct,identity_q1_or_ytd_diff,
002958.XSHE,parent_balance,2021-03-31,2021q1,,2021-04-27,constru_in_process,562066000.0,finance_balance_sheet_parent_current_only.csv,constru_in_process,quarterly_direct,identity_q1_or_ytd_diff,
002958.XSHE,parent_balance,2021-03-31,2021q1,,2021-04-27,intangible_assets,82489000.0,finance_balance_sheet_parent_current_only.csv,intangible_assets,quarterly_direct,identity_q1_or_ytd_diff,
002958.XSHE,parent_balance,2021-03-31,2021q1,,2021-04-27,long_deferred_expense,,finance_balance_sheet_parent_current_only.csv,long_deferred_expense,,identity_q1_or_ytd_diff,missing_raw_value
002958.XSHE,parent_balance,2021-03-31,2021q1,,2021-04-27,deferred_tax_assets,2689756000.0,finance_balance_sheet_parent_current_only.csv,deferred_tax_assets,quarterly_direct,identity_q1_or_ytd_diff,
002958.XSHE,parent_balance,2021-03-31,2021q1,,2021-04-27,other_asset,378366000.0,finance_balance_sheet_parent_current_only.csv,other_asset,quarterly_direct,identity_q1_or_ytd_diff,
002958.XSHE,parent_balance,2021-03-31,2021q1,,2021-04-27,total_assets,414767532000.0,finance_balance_sheet_parent_current_only.csv,total_assets,quarterly_direct,identity_q1_or_ytd_diff,
002958.XSHE,parent_balance,2021-03-31,2021q1,,2021-04-27,borrowing_from_centralbank,8932562000.0,finance_balance_sheet_parent_current_only.csv,borrowing_from_centralbank,quarterly_direct,identity_q1_or_ytd_diff,
002958.XSHE,parent_balance,2021-03-31,2021q1,,2021-04-27,shortterm_loan,0.0,finance_balance_sheet_parent_current_only.csv,shortterm_loan,quarterly_direct,identity_q1_or_ytd_diff,
002958.XSHE,parent_balance,2021-03-31,2021q1,,2021-04-27,borrowing_capital,8804790000.0,finance_balance_sheet_parent_current_only.csv,borrowing_capital,quarterly_direct,identity_q1_or_ytd_diff,
002958.XSHE,parent_balance,2021-03-31,2021q1,,2021-04-27,sold_buyback_secu_proceeds,12400424000.0,finance_balance_sheet_parent_current_only.csv,sold_buyback_secu_proceeds,quarterly_direct,identity_q1_or_ytd_diff,
002958.XSHE,parent_balance,2021-03-31,2021q1,,2021-04-27,proxy_secu_proceeds,,finance_balance_sheet_parent_current_only.csv,proxy_secu_proceeds,,identity_q1_or_ytd_diff,missing_raw_value
002958.XSHE,parent_balance,2021-03-31,2021q1,,2021-04-27,notes_payable,,finance_balance_sheet_parent_current_only.csv,notes_payable,,identity_q1_or_ytd_diff,missing_raw_value
002958.XSHE,parent_balance,2021-03-31,2021q1,,2021-04-27,advance_peceipts,,finance_balance_sheet_parent_current_only.csv,advance_peceipts,,identity_q1_or_ytd_diff,missing_raw_value
002958.XSHE,parent_balance,2021-03-31,2021q1,,2021-04-27,commission_payable,,finance_balance_sheet_parent_current_only.csv,commission_payable,,identity_q1_or_ytd_diff,missing_raw_value
002958.XSHE,parent_balance,2021-03-31,2021q1,,2021-04-27,salaries_payable,1343253000.0,finance_balance_sheet_parent_current_only.csv,salaries_payable,quarterly_direct,identity_q1_or_ytd_diff,
002958.XSHE,parent_balance,2021-03-31,2021q1,,2021-04-27,taxs_payable,565157000.0,finance_balance_sheet_parent_current_only.csv,taxs_payable,quarterly_direct,identity_q1_or_ytd_diff,
002958.XSHE,parent_balance,2021-03-31,2021q1,,2021-04-27,interest_payable,,finance_balance_sheet_parent_current_only.csv,interest_payable,,identity_q1_or_ytd_diff,missing_raw_value
002958.XSHE,parent_balance,2021-03-31,2021q1,,2021-04-27,estimate_liability,354153000.0,finance_balance_sheet_parent_current_only.csv,estimate_liability,quarterly_direct,identity_q1_or_ytd_diff,
002958.XSHE,parent_balance,2021-03-31,2021q1,,2021-04-27,longterm_loan,0.0,finance_balance_sheet_parent_current_only.csv,longterm_loan,quarterly_direct,identity_q1_or_ytd_diff,
002958.XSHE,parent_balance,2021-03-31,2021q1,,2021-04-27,bonds_payable,83480093000.0,finance_balance_sheet_parent_current_only.csv,bonds_payable,quarterly_direct,identity_q1_or_ytd_diff,
002958.XSHE,parent_balance,2021-03-31,2021q1,,2021-04-27,deferred_tax_liability,0.0,finance_balance_sheet_parent_current_only.csv,deferred_tax_liability,quarterly_direct,identity_q1_or_ytd_diff,
002958.XSHE,parent_balance,2021-03-31,2021q1,,2021-04-27,other_liability,1600458000.0,finance_balance_sheet_parent_current_only.csv,other_liability,quarterly_direct,identity_q1_or_ytd_diff,
002958.XSHE,parent_balance,2021-03-31,2021q1,,2021-04-27,total_liability,383000046000.0,finance_balance_sheet_parent_current_only.csv,total_liability,quarterly_direct,identity_q1_or_ytd_diff,
002958.XSHE,parent_balance,2021-03-31,2021q1,,2021-04-27,paidin_capital,5555573000.0,finance_balance_sheet_parent_current_only.csv,paidin_capital,quarterly_direct,identity_q1_or_ytd_diff,
002958.XSHE,parent_balance,2021-03-31,2021q1,,2021-04-27,capital_reserve_fund,3818044000.0,finance_balance_sheet_parent_current_only.csv,capital_reserve_fund,quarterly_direct,identity_q1_or_ytd_diff,
002958.XSHE,parent_balance,2021-03-31,2021q1,,2021-04-27,treasury_stock,0.0,finance_balance_sheet_parent_current_only.csv,treasury_stock,quarterly_direct,identity_q1_or_ytd_diff,
002958.XSHE,parent_balance,2021-03-31,2021q1,,2021-04-27,surplus_reserve_fund,3257488000.0,finance_balance_sheet_parent_current_only.csv,surplus_reserve_fund,quarterly_direct,identity_q1_or_ytd_diff,
002958.XSHE,parent_balance,2021-03-31,2021q1,,2021-04-27,equities_parent_company_owners,31767486000.0,finance_balance_sheet_parent_current_only.csv,equities_parent_company_owners,quarterly_direct,identity_q1_or_ytd_diff,
002958.XSHE,parent_balance,2021-03-31,2021q1,,2021-04-27,retained_profit,9132414000.0,finance_balance_sheet_parent_current_only.csv,retained_profit,quarterly_direct,identity_q1_or_ytd_diff,
002958.XSHE,parent_balance,2021-03-31,2021q1,,2021-04-27,minority_interests,,finance_balance_sheet_parent_current_only.csv,minority_interests,,identity_q1_or_ytd_diff,missing_raw_value
002958.XSHE,parent_balance,2021-03-31,2021q1,,2021-04-27,total_owner_equities,31767486000.0,finance_balance_sheet_parent_current_only.csv,total_owner_equities,quarterly_direct,identity_q1_or_ytd_diff,
002958.XSHE,parent_balance,2021-03-31,2021q1,,2021-04-27,other_comprehensive_income,518274000.0,finance_balance_sheet_parent_current_only.csv,other_comprehensive_income,quarterly_direct,identity_q1_or_ytd_diff,
002958.XSHE,parent_balance,2021-06-30,2021q2,,2021-08-28,deposit_in_ib,3886869000.0,finance_balance_sheet_parent_current_only.csv,deposit_in_ib,quarterly_direct,identity_q1_or_ytd_diff,
002958.XSHE,parent_balance,2021-06-30,2021q2,,2021-08-28,cash_equivalents,,finance_balance_sheet_parent_current_only.csv,cash_equivalents,,identity_q1_or_ytd_diff,missing_raw_value
002958.XSHE,parent_balance,2021-06-30,2021q2,,2021-08-28,deposit_client,,finance_balance_sheet_parent_current_only.csv,deposit_client,,identity_q1_or_ytd_diff,missing_raw_value
002958.XSHE,parent_balance,2021-06-30,2021q2,,2021-08-28,cash_in_cb,24105402000.0,finance_balance_sheet_parent_current_only.csv,cash_in_cb,quarterly_direct,identity_q1_or_ytd_diff,
002958.XSHE,parent_balance,2021-06-30,2021q2,,2021-08-28,settlement_provi,,finance_balance_sheet_parent_current_only.csv,settlement_provi,,identity_q1_or_ytd_diff,missing_raw_value
002958.XSHE,parent_balance,2021-06-30,2021q2,,2021-08-28,settlement_provi_client,,finance_balance_sheet_parent_current_only.csv,settlement_provi_client,,identity_q1_or_ytd_diff,missing_raw_value
002958.XSHE,parent_balance,2021-06-30,2021q2,,2021-08-28,lend_capital,10388021000.0,finance_balance_sheet_parent_current_only.csv,lend_capital,quarterly_direct,identity_q1_or_ytd_diff,
002958.XSHE,parent_balance,2021-06-30,2021q2,,2021-08-28,bought_sellback_assets,6935034000.0,finance_balance_sheet_parent_current_only.csv,bought_sellback_assets,quarterly_direct,identity_q1_or_ytd_diff,
002958.XSHE,parent_balance,2021-06-30,2021q2,,2021-08-28,interest_receivable,,finance_balance_sheet_parent_current_only.csv,interest_receivable,,identity_q1_or_ytd_diff,missing_raw_value
002958.XSHE,parent_balance,2021-06-30,2021q2,,2021-08-28,insurance_receivables,,finance_balance_sheet_parent_current_only.csv,insurance_receivables,,identity_q1_or_ytd_diff,missing_raw_value
002958.XSHE,parent_balance,2021-06-30,2021q2,,2021-08-28,loan_and_advance,219407947000.0,finance_balance_sheet_parent_current_only.csv,loan_and_advance,quarterly_direct,identity_q1_or_ytd_diff,
002958.XSHE,parent_balance,2021-06-30,2021q2,,2021-08-28,advance_payment,,finance_balance_sheet_parent_current_only.csv,advance_payment,,identity_q1_or_ytd_diff,missing_raw_value
002958.XSHE,parent_balance,2021-06-30,2021q2,,2021-08-28,hold_for_sale_assets,,finance_balance_sheet_parent_current_only.csv,hold_for_sale_assets,,identity_q1_or_ytd_diff,missing_raw_value
002958.XSHE,parent_balance,2021-06-30,2021q2,,2021-08-28,hold_to_maturity_investments,,finance_balance_sheet_parent_current_only.csv,hold_to_maturity_investments,,identity_q1_or_ytd_diff,missing_raw_value
002958.XSHE,parent_balance,2021-06-30,2021q2,,2021-08-28,longterm_equity_invest,357000000.0,finance_balance_sheet_parent_current_only.csv,longterm_equity_invest,quarterly_direct,identity_q1_or_ytd_diff,
002958.XSHE,parent_balance,2021-06-30,2021q2,,2021-08-28,investment_property,71000.0,finance_balance_sheet_parent_current_only.csv,investment_property,quarterly_direct,identity_q1_or_ytd_diff,
002958.XSHE,parent_balance,2021-06-30,2021q2,,2021-08-28,inventories,,finance_balance_sheet_parent_current_only.csv,inventories,,identity_q1_or_ytd_diff,missing_raw_value
002958.XSHE,parent_balance,2021-06-30,2021q2,,2021-08-28,fixed_assets,3090003000.0,finance_balance_sheet_parent_current_only.csv,fixed_assets,quarterly_direct,identity_q1_or_ytd_diff,
002958.XSHE,parent_balance,2021-06-30,2021q2,,2021-08-28,constru_in_process,538313000.0,finance_balance_sheet_parent_current_only.csv,constru_in_process,quarterly_direct,identity_q1_or_ytd_diff,
002958.XSHE,parent_balance,2021-06-30,2021q2,,2021-08-28,intangible_assets,81915000.0,finance_balance_sheet_parent_current_only.csv,intangible_assets,quarterly_direct,identity_q1_or_ytd_diff,
002958.XSHE,parent_balance,2021-06-30,2021q2,,2021-08-28,long_deferred_expense,,finance_balance_sheet_parent_current_only.csv,long_deferred_expense,,identity_q1_or_ytd_diff,missing_raw_value
002958.XSHE,parent_balance,2021-06-30,2021q2,,2021-08-28,deferred_tax_assets,3035197000.0,finance_balance_sheet_parent_current_only.csv,deferred_tax_assets,quarterly_direct,identity_q1_or_ytd_diff,
002958.XSHE,parent_balance,2021-06-30,2021q2,,2021-08-28,other_asset,352965000.0,finance_balance_sheet_parent_current_only.csv,other_asset,quarterly_direct,identity_q1_or_ytd_diff,
002958.XSHE,parent_balance,2021-06-30,2021q2,,2021-08-28,total_assets,422206152000.0,finance_balance_sheet_parent_current_only.csv,total_assets,quarterly_direct,identity_q1_or_ytd_diff,
002958.XSHE,parent_balance,2021-06-30,2021q2,,2021-08-28,borrowing_from_centralbank,9026032000.0,finance_balance_sheet_parent_current_only.csv,borrowing_from_centralbank,quarterly_direct,identity_q1_or_ytd_diff,
002958.XSHE,parent_balance,2021-06-30,2021q2,,2021-08-28,shortterm_loan,,finance_balance_sheet_parent_current_only.csv,shortterm_loan,,identity_q1_or_ytd_diff,missing_raw_value
002958.XSHE,parent_balance,2021-06-30,2021q2,,2021-08-28,borrowing_capital,11732659000.0,finance_balance_sheet_parent_current_only.csv,borrowing_capital,quarterly_direct,identity_q1_or_ytd_diff,
002958.XSHE,parent_balance,2021-06-30,2021q2,,2021-08-28,sold_buyback_secu_proceeds,15799124000.0,finance_balance_sheet_parent_current_only.csv,sold_buyback_secu_proceeds,quarterly_direct,identity_q1_or_ytd_diff,
002958.XSHE,parent_balance,2021-06-30,2021q2,,2021-08-28,proxy_secu_proceeds,,finance_balance_sheet_parent_current_only.csv,proxy_secu_proceeds,,identity_q1_or_ytd_diff,missing_raw_value
002958.XSHE,parent_balance,2021-06-30,2021q2,,2021-08-28,notes_payable,,finance_balance_sheet_parent_current_only.csv,notes_payable,,identity_q1_or_ytd_diff,missing_raw_value
002958.XSHE,parent_balance,2021-06-30,2021q2,,2021-08-28,advance_peceipts,,finance_balance_sheet_parent_current_only.csv,advance_peceipts,,identity_q1_or_ytd_diff,missing_raw_value
002958.XSHE,parent_balance,2021-06-30,2021q2,,2021-08-28,commission_payable,,finance_balance_sheet_parent_current_only.csv,commission_payable,,identity_q1_or_ytd_diff,missing_raw_value
002958.XSHE,parent_balance,2021-06-30,2021q2,,2021-08-28,salaries_payable,1389680000.0,finance_balance_sheet_parent_current_only.csv,salaries_payable,quarterly_direct,identity_q1_or_ytd_diff,
002958.XSHE,parent_balance,2021-06-30,2021q2,,2021-08-28,taxs_payable,641430000.0,finance_balance_sheet_parent_current_only.csv,taxs_payable,quarterly_direct,identity_q1_or_ytd_diff,
002958.XSHE,parent_balance,2021-06-30,2021q2,,2021-08-28,interest_payable,,finance_balance_sheet_parent_current_only.csv,interest_payable,,identity_q1_or_ytd_diff,missing_raw_value
002958.XSHE,parent_balance,2021-06-30,2021q2,,2021-08-28,estimate_liability,405397000.0,finance_balance_sheet_parent_current_only.csv,estimate_liability,quarterly_direct,identity_q1_or_ytd_diff,
002958.XSHE,parent_balance,2021-06-30,2021q2,,2021-08-28,longterm_loan,,finance_balance_sheet_parent_current_only.csv,longterm_loan,,identity_q1_or_ytd_diff,missing_raw_value
002958.XSHE,parent_balance,2021-06-30,2021q2,,2021-08-28,bonds_payable,76825278000.0,finance_balance_sheet_parent_current_only.csv,bonds_payable,quarterly_direct,identity_q1_or_ytd_diff,
002958.XSHE,parent_balance,2021-06-30,2021q2,,2021-08-28,deferred_tax_liability,,finance_balance_sheet_parent_current_only.csv,deferred_tax_liability,,identity_q1_or_ytd_diff,missing_raw_value
002958.XSHE,parent_balance,2021-06-30,2021q2,,2021-08-28,other_liability,2679232000.0,finance_balance_sheet_parent_current_only.csv,other_liability,quarterly_direct,identity_q1_or_ytd_diff,
002958.XSHE,parent_balance,2021-06-30,2021q2,,2021-08-28,total_liability,389448843000.0,finance_balance_sheet_parent_current_only.csv,total_liability,quarterly_direct,identity_q1_or_ytd_diff,
002958.XSHE,parent_balance,2021-06-30,2021q2,,2021-08-28,paidin_capital,5555593000.0,finance_balance_sheet_parent_current_only.csv,paidin_capital,quarterly_direct,identity_q1_or_ytd_diff,
002958.XSHE,parent_balance,2021-06-30,2021q2,,2021-08-28,capital_reserve_fund,3818123000.0,finance_balance_sheet_parent_current_only.csv,capital_reserve_fund,quarterly_direct,identity_q1_or_ytd_diff,
002958.XSHE,parent_balance,2021-06-30,2021q2,,2021-08-28,treasury_stock,,finance_balance_sheet_parent_current_only.csv,treasury_stock,,identity_q1_or_ytd_diff,missing_raw_value
002958.XSHE,parent_balance,2021-06-30,2021q2,,2021-08-28,surplus_reserve_fund,3552792000.0,finance_balance_sheet_parent_current_only.csv,surplus_reserve_fund,quarterly_direct,identity_q1_or_ytd_diff,
002958.XSHE,parent_balance,2021-06-30,2021q2,,2021-08-28,equities_parent_company_owners,32757309000.0,finance_balance_sheet_parent_current_only.csv,equities_parent_company_owners,quarterly_direct,identity_q1_or_ytd_diff,
002958.XSHE,parent_balance,2021-06-30,2021q2,,2021-08-28,retained_profit,8214542000.0,finance_balance_sheet_parent_current_only.csv,retained_profit,quarterly_direct,identity_q1_or_ytd_diff,
002958.XSHE,parent_balance,2021-06-30,2021q2,,2021-08-28,minority_interests,,finance_balance_sheet_parent_current_only.csv,minority_interests,,identity_q1_or_ytd_diff,missing_raw_value
002958.XSHE,parent_balance,2021-06-30,2021q2,,2021-08-28,total_owner_equities,32757309000.0,finance_balance_sheet_parent_current_only.csv,total_owner_equities,quarterly_direct,identity_q1_or_ytd_diff,
002958.XSHE,parent_balance,2021-06-30,2021q2,,2021-08-28,other_comprehensive_income,595492000.0,finance_balance_sheet_parent_current_only.csv,other_comprehensive_income,quarterly_direct,identity_q1_or_ytd_diff,
002958.XSHE,parent_balance,2021-09-30,2021q3,,2021-10-30,deposit_in_ib,3862384000.0,finance_balance_sheet_parent_current_only.csv,deposit_in_ib,quarterly_direct,identity_q1_or_ytd_diff,
002958.XSHE,parent_balance,2021-09-30,2021q3,,2021-10-30,cash_equivalents,,finance_balance_sheet_parent_current_only.csv,cash_equivalents,,identity_q1_or_ytd_diff,missing_raw_value
002958.XSHE,parent_balance,2021-09-30,2021q3,,2021-10-30,deposit_client,,finance_balance_sheet_parent_current_only.csv,deposit_client,,identity_q1_or_ytd_diff,missing_raw_value
002958.XSHE,parent_balance,2021-09-30,2021q3,,2021-10-30,cash_in_cb,22793527000.0,finance_balance_sheet_parent_current_only.csv,cash_in_cb,quarterly_direct,identity_q1_or_ytd_diff,
002958.XSHE,parent_balance,2021-09-30,2021q3,,2021-10-30,settlement_provi,,finance_balance_sheet_parent_current_only.csv,settlement_provi,,identity_q1_or_ytd_diff,missing_raw_value
002958.XSHE,parent_balance,2021-09-30,2021q3,,2021-10-30,settlement_provi_client,,finance_balance_sheet_parent_current_only.csv,settlement_provi_client,,identity_q1_or_ytd_diff,missing_raw_value
002958.XSHE,parent_balance,2021-09-30,2021q3,,2021-10-30,lend_capital,13702073000.0,finance_balance_sheet_parent_current_only.csv,lend_capital,quarterly_direct,identity_q1_or_ytd_diff,
002958.XSHE,parent_balance,2021-09-30,2021q3,,2021-10-30,bought_sellback_assets,1387311000.0,finance_balance_sheet_parent_current_only.csv,bought_sellback_assets,quarterly_direct,identity_q1_or_ytd_diff,
002958.XSHE,parent_balance,2021-09-30,2021q3,,2021-10-30,interest_receivable,,finance_balance_sheet_parent_current_only.csv,interest_receivable,,identity_q1_or_ytd_diff,missing_raw_value
002958.XSHE,parent_balance,2021-09-30,2021q3,,2021-10-30,insurance_receivables,,finance_balance_sheet_parent_current_only.csv,insurance_receivables,,identity_q1_or_ytd_diff,missing_raw_value
002958.XSHE,parent_balance,2021-09-30,2021q3,,2021-10-30,loan_and_advance,216517163000.0,finance_balance_sheet_parent_current_only.csv,loan_and_advance,quarterly_direct,identity_q1_or_ytd_diff,
002958.XSHE,parent_balance,2021-09-30,2021q3,,2021-10-30,advance_payment,,finance_balance_sheet_parent_current_only.csv,advance_payment,,identity_q1_or_ytd_diff,missing_raw_value
002958.XSHE,parent_balance,2021-09-30,2021q3,,2021-10-30,hold_for_sale_assets,,finance_balance_sheet_parent_current_only.csv,hold_for_sale_assets,,identity_q1_or_ytd_diff,missing_raw_value
002958.XSHE,parent_balance,2021-09-30,2021q3,,2021-10-30,hold_to_maturity_investments,,finance_balance_sheet_parent_current_only.csv,hold_to_maturity_investments,,identity_q1_or_ytd_diff,missing_raw_value
002958.XSHE,parent_balance,2021-09-30,2021q3,,2021-10-30,longterm_equity_invest,357000000.0,finance_balance_sheet_parent_current_only.csv,longterm_equity_invest,quarterly_direct,identity_q1_or_ytd_diff,
002958.XSHE,parent_balance,2021-09-30,2021q3,,2021-10-30,investment_property,71000.0,finance_balance_sheet_parent_current_only.csv,investment_property,quarterly_direct,identity_q1_or_ytd_diff,
002958.XSHE,parent_balance,2021-09-30,2021q3,,2021-10-30,inventories,,finance_balance_sheet_parent_current_only.csv,inventories,,identity_q1_or_ytd_diff,missing_raw_value
002958.XSHE,parent_balance,2021-09-30,2021q3,,2021-10-30,fixed_assets,3091506000.0,finance_balance_sheet_parent_current_only.csv,fixed_assets,quarterly_direct,identity_q1_or_ytd_diff,
002958.XSHE,parent_balance,2021-09-30,2021q3,,2021-10-30,constru_in_process,604693000.0,finance_balance_sheet_parent_current_only.csv,constru_in_process,quarterly_direct,identity_q1_or_ytd_diff,
002958.XSHE,parent_balance,2021-09-30,2021q3,,2021-10-30,intangible_assets,81341000.0,finance_balance_sheet_parent_current_only.csv,intangible_assets,quarterly_direct,identity_q1_or_ytd_diff,
002958.XSHE,parent_balance,2021-09-30,2021q3,,2021-10-30,long_deferred_expense,,finance_balance_sheet_parent_current_only.csv,long_deferred_expense,,identity_q1_or_ytd_diff,missing_raw_value
002958.XSHE,parent_balance,2021-09-30,2021q3,,2021-10-30,deferred_tax_assets,3225928000.0,finance_balance_sheet_parent_current_only.csv,deferred_tax_assets,quarterly_direct,identity_q1_or_ytd_diff,
002958.XSHE,parent_balance,2021-09-30,2021q3,,2021-10-30,other_asset,344211000.0,finance_balance_sheet_parent_current_only.csv,other_asset,quarterly_direct,identity_q1_or_ytd_diff,
002958.XSHE,parent_balance,2021-09-30,2021q3,,2021-10-30,total_assets,420545199000.0,finance_balance_sheet_parent_current_only.csv,total_assets,quarterly_direct,identity_q1_or_ytd_diff,
002958.XSHE,parent_balance,2021-09-30,2021q3,,2021-10-30,borrowing_from_centralbank,8571523000.0,finance_balance_sheet_parent_current_only.csv,borrowing_from_centralbank,quarterly_direct,identity_q1_or_ytd_diff,
002958.XSHE,parent_balance,2021-09-30,2021q3,,2021-10-30,shortterm_loan,,finance_balance_sheet_parent_current_only.csv,shortterm_loan,,identity_q1_or_ytd_diff,missing_raw_value
002958.XSHE,parent_balance,2021-09-30,2021q3,,2021-10-30,borrowing_capital,11576971000.0,finance_balance_sheet_parent_current_only.csv,borrowing_capital,quarterly_direct,identity_q1_or_ytd_diff,
002958.XSHE,parent_balance,2021-09-30,2021q3,,2021-10-30,sold_buyback_secu_proceeds,14242302000.0,finance_balance_sheet_parent_current_only.csv,sold_buyback_secu_proceeds,quarterly_direct,identity_q1_or_ytd_diff,
002958.XSHE,parent_balance,2021-09-30,2021q3,,2021-10-30,proxy_secu_proceeds,,finance_balance_sheet_parent_current_only.csv,proxy_secu_proceeds,,identity_q1_or_ytd_diff,missing_raw_value
002958.XSHE,parent_balance,2021-09-30,2021q3,,2021-10-30,notes_payable,,finance_balance_sheet_parent_current_only.csv,notes_payable,,identity_q1_or_ytd_diff,missing_raw_value
002958.XSHE,parent_balance,2021-09-30,2021q3,,2021-10-30,advance_peceipts,,finance_balance_sheet_parent_current_only.csv,advance_peceipts,,identity_q1_or_ytd_diff,missing_raw_value
002958.XSHE,parent_balance,2021-09-30,2021q3,,2021-10-30,commission_payable,,finance_balance_sheet_parent_current_only.csv,commission_payable,,identity_q1_or_ytd_diff,missing_raw_value
002958.XSHE,parent_balance,2021-09-30,2021q3,,2021-10-30,salaries_payable,1448787000.0,finance_balance_sheet_parent_current_only.csv,salaries_payable,quarterly_direct,identity_q1_or_ytd_diff,
002958.XSHE,parent_balance,2021-09-30,2021q3,,2021-10-30,taxs_payable,863848000.0,finance_balance_sheet_parent_current_only.csv,taxs_payable,quarterly_direct,identity_q1_or_ytd_diff,
002958.XSHE,parent_balance,2021-09-30,2021q3,,2021-10-30,interest_payable,,finance_balance_sheet_parent_current_only.csv,interest_payable,,identity_q1_or_ytd_diff,missing_raw_value
002958.XSHE,parent_balance,2021-09-30,2021q3,,2021-10-30,estimate_liability,353655000.0,finance_balance_sheet_parent_current_only.csv,estimate_liability,quarterly_direct,identity_q1_or_ytd_diff,
002958.XSHE,parent_balance,2021-09-30,2021q3,,2021-10-30,longterm_loan,,finance_balance_sheet_parent_current_only.csv,longterm_loan,,identity_q1_or_ytd_diff,missing_raw_value
002958.XSHE,parent_balance,2021-09-30,2021q3,,2021-10-30,bonds_payable,77389234000.0,finance_balance_sheet_parent_current_only.csv,bonds_payable,quarterly_direct,identity_q1_or_ytd_diff,
002958.XSHE,parent_balance,2021-09-30,2021q3,,2021-10-30,deferred_tax_liability,,finance_balance_sheet_parent_current_only.csv,deferred_tax_liability,,identity_q1_or_ytd_diff,missing_raw_value
002958.XSHE,parent_balance,2021-09-30,2021q3,,2021-10-30,other_liability,1030596000.0,finance_balance_sheet_parent_current_only.csv,other_liability,quarterly_direct,identity_q1_or_ytd_diff,
002958.XSHE,parent_balance,2021-09-30,2021q3,,2021-10-30,total_liability,386647259000.0,finance_balance_sheet_parent_current_only.csv,total_liability,quarterly_direct,identity_q1_or_ytd_diff,
002958.XSHE,parent_balance,2021-09-30,2021q3,,2021-10-30,paidin_capital,5555598000.0,finance_balance_sheet_parent_current_only.csv,paidin_capital,quarterly_direct,identity_q1_or_ytd_diff,
002958.XSHE,parent_balance,2021-09-30,2021q3,,2021-10-30,capital_reserve_fund,3818140000.0,finance_balance_sheet_parent_current_only.csv,capital_reserve_fund,quarterly_direct,identity_q1_or_ytd_diff,
002958.XSHE,parent_balance,2021-09-30,2021q3,,2021-10-30,treasury_stock,,finance_balance_sheet_parent_current_only.csv,treasury_stock,,identity_q1_or_ytd_diff,missing_raw_value
002958.XSHE,parent_balance,2021-09-30,2021q3,,2021-10-30,surplus_reserve_fund,3552791000.0,finance_balance_sheet_parent_current_only.csv,surplus_reserve_fund,quarterly_direct,identity_q1_or_ytd_diff,
002958.XSHE,parent_balance,2021-09-30,2021q3,,2021-10-30,equities_parent_company_owners,33897940000.0,finance_balance_sheet_parent_current_only.csv,equities_parent_company_owners,quarterly_direct,identity_q1_or_ytd_diff,
002958.XSHE,parent_balance,2021-09-30,2021q3,,2021-10-30,retained_profit,9276031000.0,finance_balance_sheet_parent_current_only.csv,retained_profit,quarterly_direct,identity_q1_or_ytd_diff,
002958.XSHE,parent_balance,2021-09-30,2021q3,,2021-10-30,minority_interests,,finance_balance_sheet_parent_current_only.csv,minority_interests,,identity_q1_or_ytd_diff,missing_raw_value
002958.XSHE,parent_balance,2021-09-30,2021q3,,2021-10-30,total_owner_equities,33897940000.0,finance_balance_sheet_parent_current_only.csv,total_owner_equities,quarterly_direct,identity_q1_or_ytd_diff,
002958.XSHE,parent_balance,2021-09-30,2021q3,,2021-10-30,other_comprehensive_income,674616000.0,finance_balance_sheet_parent_current_only.csv,other_comprehensive_income,quarterly_direct,identity_q1_or_ytd_diff,
002958.XSHE,parent_balance,2021-12-31,2021q4,,2022-04-29,deposit_in_ib,3823115000.0,finance_balance_sheet_parent_current_only.csv,deposit_in_ib,quarterly_direct,identity_q1_or_ytd_diff,
002958.XSHE,parent_balance,2021-12-31,2021q4,,2022-04-29,cash_equivalents,,finance_balance_sheet_parent_current_only.csv,cash_equivalents,,identity_q1_or_ytd_diff,missing_raw_value
002958.XSHE,parent_balance,2021-12-31,2021q4,,2022-04-29,deposit_client,,finance_balance_sheet_parent_current_only.csv,deposit_client,,identity_q1_or_ytd_diff,missing_raw_value
002958.XSHE,parent_balance,2021-12-31,2021q4,,2022-04-29,cash_in_cb,21816652000.0,finance_balance_sheet_parent_current_only.csv,cash_in_cb,quarterly_direct,identity_q1_or_ytd_diff,
002958.XSHE,parent_balance,2021-12-31,2021q4,,2022-04-29,settlement_provi,,finance_balance_sheet_parent_current_only.csv,settlement_provi,,identity_q1_or_ytd_diff,missing_raw_value
002958.XSHE,parent_balance,2021-12-31,2021q4,,2022-04-29,settlement_provi_client,,finance_balance_sheet_parent_current_only.csv,settlement_provi_client,,identity_q1_or_ytd_diff,missing_raw_value
002958.XSHE,parent_balance,2021-12-31,2021q4,,2022-04-29,lend_capital,13893386000.0,finance_balance_sheet_parent_current_only.csv,lend_capital,quarterly_direct,identity_q1_or_ytd_diff,
002958.XSHE,parent_balance,2021-12-31,2021q4,,2022-04-29,bought_sellback_assets,453706000.0,finance_balance_sheet_parent_current_only.csv,bought_sellback_assets,quarterly_direct,identity_q1_or_ytd_diff,
002958.XSHE,parent_balance,2021-12-31,2021q4,,2022-04-29,interest_receivable,,finance_balance_sheet_parent_current_only.csv,interest_receivable,,identity_q1_or_ytd_diff,missing_raw_value
002958.XSHE,parent_balance,2021-12-31,2021q4,,2022-04-29,insurance_receivables,,finance_balance_sheet_parent_current_only.csv,insurance_receivables,,identity_q1_or_ytd_diff,missing_raw_value
002958.XSHE,parent_balance,2021-12-31,2021q4,,2022-04-29,loan_and_advance,217968510000.0,finance_balance_sheet_parent_current_only.csv,loan_and_advance,quarterly_direct,identity_q1_or_ytd_diff,
002958.XSHE,parent_balance,2021-12-31,2021q4,,2022-04-29,advance_payment,,finance_balance_sheet_parent_current_only.csv,advance_payment,,identity_q1_or_ytd_diff,missing_raw_value
002958.XSHE,parent_balance,2021-12-31,2021q4,,2022-04-29,hold_for_sale_assets,,finance_balance_sheet_parent_current_only.csv,hold_for_sale_assets,,identity_q1_or_ytd_diff,missing_raw_value
002958.XSHE,parent_balance,2021-12-31,2021q4,,2022-04-29,hold_to_maturity_investments,,finance_balance_sheet_parent_current_only.csv,hold_to_maturity_investments,,identity_q1_or_ytd_diff,missing_raw_value
002958.XSHE,parent_balance,2021-12-31,2021q4,,2022-04-29,longterm_equity_invest,357000000.0,finance_balance_sheet_parent_current_only.csv,longterm_equity_invest,quarterly_direct,identity_q1_or_ytd_diff,
002958.XSHE,parent_balance,2021-12-31,2021q4,,2022-04-29,investment_property,71000.0,finance_balance_sheet_parent_current_only.csv,investment_property,quarterly_direct,identity_q1_or_ytd_diff,
002958.XSHE,parent_balance,2021-12-31,2021q4,,2022-04-29,inventories,,finance_balance_sheet_parent_current_only.csv,inventories,,identity_q1_or_ytd_diff,missing_raw_value
002958.XSHE,parent_balance,2021-12-31,2021q4,,2022-04-29,fixed_assets,3048606000.0,finance_balance_sheet_parent_current_only.csv,fixed_assets,quarterly_direct,identity_q1_or_ytd_diff,
002958.XSHE,parent_balance,2021-12-31,2021q4,,2022-04-29,constru_in_process,643462000.0,finance_balance_sheet_parent_current_only.csv,constru_in_process,quarterly_direct,identity_q1_or_ytd_diff,
002958.XSHE,parent_balance,2021-12-31,2021q4,,2022-04-29,intangible_assets,80514000.0,finance_balance_sheet_parent_current_only.csv,intangible_assets,quarterly_direct,identity_q1_or_ytd_diff,
002958.XSHE,parent_balance,2021-12-31,2021q4,,2022-04-29,long_deferred_expense,,finance_balance_sheet_parent_current_only.csv,long_deferred_expense,,identity_q1_or_ytd_diff,missing_raw_value
002958.XSHE,parent_balance,2021-12-31,2021q4,,2022-04-29,deferred_tax_assets,3243915000.0,finance_balance_sheet_parent_current_only.csv,deferred_tax_assets,quarterly_direct,identity_q1_or_ytd_diff,
002958.XSHE,parent_balance,2021-12-31,2021q4,,2022-04-29,other_asset,387995000.0,finance_balance_sheet_parent_current_only.csv,other_asset,quarterly_direct,identity_q1_or_ytd_diff,
002958.XSHE,parent_balance,2021-12-31,2021q4,,2022-04-29,total_assets,421461258000.0,finance_balance_sheet_parent_current_only.csv,total_assets,quarterly_direct,identity_q1_or_ytd_diff,
002958.XSHE,parent_balance,2021-12-31,2021q4,,2022-04-29,borrowing_from_centralbank,9770128000.0,finance_balance_sheet_parent_current_only.csv,borrowing_from_centralbank,quarterly_direct,identity_q1_or_ytd_diff,
002958.XSHE,parent_balance,2021-12-31,2021q4,,2022-04-29,shortterm_loan,,finance_balance_sheet_parent_current_only.csv,shortterm_loan,,identity_q1_or_ytd_diff,missing_raw_value
002958.XSHE,parent_balance,2021-12-31,2021q4,,2022-04-29,borrowing_capital,10268186000.0,finance_balance_sheet_parent_current_only.csv,borrowing_capital,quarterly_direct,identity_q1_or_ytd_diff,
002958.XSHE,parent_balance,2021-12-31,2021q4,,2022-04-29,sold_buyback_secu_proceeds,11050124000.0,finance_balance_sheet_parent_current_only.csv,sold_buyback_secu_proceeds,quarterly_direct,identity_q1_or_ytd_diff,
002958.XSHE,parent_balance,2021-12-31,2021q4,,2022-04-29,proxy_secu_proceeds,,finance_balance_sheet_parent_current_only.csv,proxy_secu_proceeds,,identity_q1_or_ytd_diff,missing_raw_value
002958.XSHE,parent_balance,2021-12-31,2021q4,,2022-04-29,notes_payable,,finance_balance_sheet_parent_current_only.csv,notes_payable,,identity_q1_or_ytd_diff,missing_raw_value
002958.XSHE,parent_balance,2021-12-31,2021q4,,2022-04-29,advance_peceipts,,finance_balance_sheet_parent_current_only.csv,advance_peceipts,,identity_q1_or_ytd_diff,missing_raw_value
002958.XSHE,parent_balance,2021-12-31,2021q4,,2022-04-29,commission_payable,,finance_balance_sheet_parent_current_only.csv,commission_payable,,identity_q1_or_ytd_diff,missing_raw_value
002958.XSHE,parent_balance,2021-12-31,2021q4,,2022-04-29,salaries_payable,1697939000.0,finance_balance_sheet_parent_current_only.csv,salaries_payable,quarterly_direct,identity_q1_or_ytd_diff,
002958.XSHE,parent_balance,2021-12-31,2021q4,,2022-04-29,taxs_payable,812476000.0,finance_balance_sheet_parent_current_only.csv,taxs_payable,quarterly_direct,identity_q1_or_ytd_diff,
002958.XSHE,parent_balance,2021-12-31,2021q4,,2022-04-29,interest_payable,,finance_balance_sheet_parent_current_only.csv,interest_payable,,identity_q1_or_ytd_diff,missing_raw_value
002958.XSHE,parent_balance,2021-12-31,2021q4,,2022-04-29,estimate_liability,294920000.0,finance_balance_sheet_parent_current_only.csv,estimate_liability,quarterly_direct,identity_q1_or_ytd_diff,
002958.XSHE,parent_balance,2021-12-31,2021q4,,2022-04-29,longterm_loan,,finance_balance_sheet_parent_current_only.csv,longterm_loan,,identity_q1_or_ytd_diff,missing_raw_value
002958.XSHE,parent_balance,2021-12-31,2021q4,,2022-04-29,bonds_payable,83769939000.0,finance_balance_sheet_parent_current_only.csv,bonds_payable,quarterly_direct,identity_q1_or_ytd_diff,
002958.XSHE,parent_balance,2021-12-31,2021q4,,2022-04-29,deferred_tax_liability,,finance_balance_sheet_parent_current_only.csv,deferred_tax_liability,,identity_q1_or_ytd_diff,missing_raw_value
002958.XSHE,parent_balance,2021-12-31,2021q4,,2022-04-29,other_liability,1099886000.0,finance_balance_sheet_parent_current_only.csv,other_liability,quarterly_direct,identity_q1_or_ytd_diff,
002958.XSHE,parent_balance,2021-12-31,2021q4,,2022-04-29,total_liability,387330097000.0,finance_balance_sheet_parent_current_only.csv,total_liability,quarterly_direct,identity_q1_or_ytd_diff,
002958.XSHE,parent_balance,2021-12-31,2021q4,,2022-04-29,paidin_capital,5555601000.0,finance_balance_sheet_parent_current_only.csv,paidin_capital,quarterly_direct,identity_q1_or_ytd_diff,
002958.XSHE,parent_balance,2021-12-31,2021q4,,2022-04-29,capital_reserve_fund,3818151000.0,finance_balance_sheet_parent_current_only.csv,capital_reserve_fund,quarterly_direct,identity_q1_or_ytd_diff,
002958.XSHE,parent_balance,2021-12-31,2021q4,,2022-04-29,treasury_stock,,finance_balance_sheet_parent_current_only.csv,treasury_stock,,identity_q1_or_ytd_diff,missing_raw_value
002958.XSHE,parent_balance,2021-12-31,2021q4,,2022-04-29,surplus_reserve_fund,3857841000.0,finance_balance_sheet_parent_current_only.csv,surplus_reserve_fund,quarterly_direct,identity_q1_or_ytd_diff,
002958.XSHE,parent_balance,2021-12-31,2021q4,,2022-04-29,equities_parent_company_owners,34131161000.0,finance_balance_sheet_parent_current_only.csv,equities_parent_company_owners,quarterly_direct,identity_q1_or_ytd_diff,
002958.XSHE,parent_balance,2021-12-31,2021q4,,2022-04-29,retained_profit,9208266000.0,finance_balance_sheet_parent_current_only.csv,retained_profit,quarterly_direct,identity_q1_or_ytd_diff,
002958.XSHE,parent_balance,2021-12-31,2021q4,,2022-04-29,minority_interests,,finance_balance_sheet_parent_current_only.csv,minority_interests,,identity_q1_or_ytd_diff,missing_raw_value
002958.XSHE,parent_balance,2021-12-31,2021q4,,2022-04-29,total_owner_equities,34131161000.0,finance_balance_sheet_parent_current_only.csv,total_owner_equities,quarterly_direct,identity_q1_or_ytd_diff,
002958.XSHE,parent_balance,2021-12-31,2021q4,,2022-04-29,other_comprehensive_income,670538000.0,finance_balance_sheet_parent_current_only.csv,other_comprehensive_income,quarterly_direct,identity_q1_or_ytd_diff,
002958.XSHE,parent_balance,2022-03-31,2022q1,,2022-04-29,deposit_in_ib,4092965000.0,finance_balance_sheet_parent_current_only.csv,deposit_in_ib,quarterly_direct,identity_q1_or_ytd_diff,
002958.XSHE,parent_balance,2022-03-31,2022q1,,2022-04-29,cash_equivalents,,finance_balance_sheet_parent_current_only.csv,cash_equivalents,,identity_q1_or_ytd_diff,missing_raw_value
002958.XSHE,parent_balance,2022-03-31,2022q1,,2022-04-29,deposit_client,,finance_balance_sheet_parent_current_only.csv,deposit_client,,identity_q1_or_ytd_diff,missing_raw_value
002958.XSHE,parent_balance,2022-03-31,2022q1,,2022-04-29,cash_in_cb,22284538000.0,finance_balance_sheet_parent_current_only.csv,cash_in_cb,quarterly_direct,identity_q1_or_ytd_diff,
002958.XSHE,parent_balance,2022-03-31,2022q1,,2022-04-29,settlement_provi,,finance_balance_sheet_parent_current_only.csv,settlement_provi,,identity_q1_or_ytd_diff,missing_raw_value
002958.XSHE,parent_balance,2022-03-31,2022q1,,2022-04-29,settlement_provi_client,,finance_balance_sheet_parent_current_only.csv,settlement_provi_client,,identity_q1_or_ytd_diff,missing_raw_value
002958.XSHE,parent_balance,2022-03-31,2022q1,,2022-04-29,lend_capital,12392441000.0,finance_balance_sheet_parent_current_only.csv,lend_capital,quarterly_direct,identity_q1_or_ytd_diff,
002958.XSHE,parent_balance,2022-03-31,2022q1,,2022-04-29,bought_sellback_assets,11178882000.0,finance_balance_sheet_parent_current_only.csv,bought_sellback_assets,quarterly_direct,identity_q1_or_ytd_diff,
002958.XSHE,parent_balance,2022-03-31,2022q1,,2022-04-29,interest_receivable,,finance_balance_sheet_parent_current_only.csv,interest_receivable,,identity_q1_or_ytd_diff,missing_raw_value
002958.XSHE,parent_balance,2022-03-31,2022q1,,2022-04-29,insurance_receivables,,finance_balance_sheet_parent_current_only.csv,insurance_receivables,,identity_q1_or_ytd_diff,missing_raw_value
002958.XSHE,parent_balance,2022-03-31,2022q1,,2022-04-29,loan_and_advance,223176601000.0,finance_balance_sheet_parent_current_only.csv,loan_and_advance,quarterly_direct,identity_q1_or_ytd_diff,
002958.XSHE,parent_balance,2022-03-31,2022q1,,2022-04-29,advance_payment,,finance_balance_sheet_parent_current_only.csv,advance_payment,,identity_q1_or_ytd_diff,missing_raw_value
002958.XSHE,parent_balance,2022-03-31,2022q1,,2022-04-29,hold_for_sale_assets,,finance_balance_sheet_parent_current_only.csv,hold_for_sale_assets,,identity_q1_or_ytd_diff,missing_raw_value
002958.XSHE,parent_balance,2022-03-31,2022q1,,2022-04-29,hold_to_maturity_investments,,finance_balance_sheet_parent_current_only.csv,hold_to_maturity_investments,,identity_q1_or_ytd_diff,missing_raw_value
002958.XSHE,parent_balance,2022-03-31,2022q1,,2022-04-29,longterm_equity_invest,357000000.0,finance_balance_sheet_parent_current_only.csv,longterm_equity_invest,quarterly_direct,identity_q1_or_ytd_diff,
002958.XSHE,parent_balance,2022-03-31,2022q1,,2022-04-29,investment_property,71000.0,finance_balance_sheet_parent_current_only.csv,investment_property,quarterly_direct,identity_q1_or_ytd_diff,
002958.XSHE,parent_balance,2022-03-31,2022q1,,2022-04-29,inventories,,finance_balance_sheet_parent_current_only.csv,inventories,,identity_q1_or_ytd_diff,missing_raw_value
002958.XSHE,parent_balance,2022-03-31,2022q1,,2022-04-29,fixed_assets,3005368000.0,finance_balance_sheet_parent_current_only.csv,fixed_assets,quarterly_direct,identity_q1_or_ytd_diff,
002958.XSHE,parent_balance,2022-03-31,2022q1,,2022-04-29,constru_in_process,657319000.0,finance_balance_sheet_parent_current_only.csv,constru_in_process,quarterly_direct,identity_q1_or_ytd_diff,
002958.XSHE,parent_balance,2022-03-31,2022q1,,2022-04-29,intangible_assets,81378000.0,finance_balance_sheet_parent_current_only.csv,intangible_assets,quarterly_direct,identity_q1_or_ytd_diff,
002958.XSHE,parent_balance,2022-03-31,2022q1,,2022-04-29,long_deferred_expense,,finance_balance_sheet_parent_current_only.csv,long_deferred_expense,,identity_q1_or_ytd_diff,missing_raw_value
002958.XSHE,parent_balance,2022-03-31,2022q1,,2022-04-29,deferred_tax_assets,3448293000.0,finance_balance_sheet_parent_current_only.csv,deferred_tax_assets,quarterly_direct,identity_q1_or_ytd_diff,
002958.XSHE,parent_balance,2022-03-31,2022q1,,2022-04-29,other_asset,348728000.0,finance_balance_sheet_parent_current_only.csv,other_asset,quarterly_direct,identity_q1_or_ytd_diff,
002958.XSHE,parent_balance,2022-03-31,2022q1,,2022-04-29,total_assets,433074581000.0,finance_balance_sheet_parent_current_only.csv,total_assets,quarterly_direct,identity_q1_or_ytd_diff,
002958.XSHE,parent_balance,2022-03-31,2022q1,,2022-04-29,borrowing_from_centralbank,8561088000.0,finance_balance_sheet_parent_current_only.csv,borrowing_from_centralbank,quarterly_direct,identity_q1_or_ytd_diff,
002958.XSHE,parent_balance,2022-03-31,2022q1,,2022-04-29,shortterm_loan,,finance_balance_sheet_parent_current_only.csv,shortterm_loan,,identity_q1_or_ytd_diff,missing_raw_value
002958.XSHE,parent_balance,2022-03-31,2022q1,,2022-04-29,borrowing_capital,13235632000.0,finance_balance_sheet_parent_current_only.csv,borrowing_capital,quarterly_direct,identity_q1_or_ytd_diff,
002958.XSHE,parent_balance,2022-03-31,2022q1,,2022-04-29,sold_buyback_secu_proceeds,4840675000.0,finance_balance_sheet_parent_current_only.csv,sold_buyback_secu_proceeds,quarterly_direct,identity_q1_or_ytd_diff,
002958.XSHE,parent_balance,2022-03-31,2022q1,,2022-04-29,proxy_secu_proceeds,,finance_balance_sheet_parent_current_only.csv,proxy_secu_proceeds,,identity_q1_or_ytd_diff,missing_raw_value
002958.XSHE,parent_balance,2022-03-31,2022q1,,2022-04-29,notes_payable,,finance_balance_sheet_parent_current_only.csv,notes_payable,,identity_q1_or_ytd_diff,missing_raw_value
002958.XSHE,parent_balance,2022-03-31,2022q1,,2022-04-29,advance_peceipts,,finance_balance_sheet_parent_current_only.csv,advance_peceipts,,identity_q1_or_ytd_diff,missing_raw_value
002958.XSHE,parent_balance,2022-03-31,2022q1,,2022-04-29,commission_payable,,finance_balance_sheet_parent_current_only.csv,commission_payable,,identity_q1_or_ytd_diff,missing_raw_value
002958.XSHE,parent_balance,2022-03-31,2022q1,,2022-04-29,salaries_payable,1433009000.0,finance_balance_sheet_parent_current_only.csv,salaries_payable,quarterly_direct,identity_q1_or_ytd_diff,
002958.XSHE,parent_balance,2022-03-31,2022q1,,2022-04-29,taxs_payable,616928000.0,finance_balance_sheet_parent_current_only.csv,taxs_payable,quarterly_direct,identity_q1_or_ytd_diff,
002958.XSHE,parent_balance,2022-03-31,2022q1,,2022-04-29,interest_payable,,finance_balance_sheet_parent_current_only.csv,interest_payable,,identity_q1_or_ytd_diff,missing_raw_value
002958.XSHE,parent_balance,2022-03-31,2022q1,,2022-04-29,estimate_liability,306356000.0,finance_balance_sheet_parent_current_only.csv,estimate_liability,quarterly_direct,identity_q1_or_ytd_diff,
002958.XSHE,parent_balance,2022-03-31,2022q1,,2022-04-29,longterm_loan,,finance_balance_sheet_parent_current_only.csv,longterm_loan,,identity_q1_or_ytd_diff,missing_raw_value
002958.XSHE,parent_balance,2022-03-31,2022q1,,2022-04-29,bonds_payable,85952479000.0,finance_balance_sheet_parent_current_only.csv,bonds_payable,quarterly_direct,identity_q1_or_ytd_diff,
002958.XSHE,parent_balance,2022-03-31,2022q1,,2022-04-29,deferred_tax_liability,,finance_balance_sheet_parent_current_only.csv,deferred_tax_liability,,identity_q1_or_ytd_diff,missing_raw_value
002958.XSHE,parent_balance,2022-03-31,2022q1,,2022-04-29,other_liability,1071473000.0,finance_balance_sheet_parent_current_only.csv,other_liability,quarterly_direct,identity_q1_or_ytd_diff,
002958.XSHE,parent_balance,2022-03-31,2022q1,,2022-04-29,total_liability,398143037000.0,finance_balance_sheet_parent_current_only.csv,total_liability,quarterly_direct,identity_q1_or_ytd_diff,
002958.XSHE,parent_balance,2022-03-31,2022q1,,2022-04-29,paidin_capital,5555604000.0,finance_balance_sheet_parent_current_only.csv,paidin_capital,quarterly_direct,identity_q1_or_ytd_diff,
002958.XSHE,parent_balance,2022-03-31,2022q1,,2022-04-29,capital_reserve_fund,3818162000.0,finance_balance_sheet_parent_current_only.csv,capital_reserve_fund,quarterly_direct,identity_q1_or_ytd_diff,
002958.XSHE,parent_balance,2022-03-31,2022q1,,2022-04-29,treasury_stock,,finance_balance_sheet_parent_current_only.csv,treasury_stock,,identity_q1_or_ytd_diff,missing_raw_value
002958.XSHE,parent_balance,2022-03-31,2022q1,,2022-04-29,surplus_reserve_fund,3857841000.0,finance_balance_sheet_parent_current_only.csv,surplus_reserve_fund,quarterly_direct,identity_q1_or_ytd_diff,
002958.XSHE,parent_balance,2022-03-31,2022q1,,2022-04-29,equities_parent_company_owners,34931544000.0,finance_balance_sheet_parent_current_only.csv,equities_parent_company_owners,quarterly_direct,identity_q1_or_ytd_diff,
002958.XSHE,parent_balance,2022-03-31,2022q1,,2022-04-29,retained_profit,10054818000.0,finance_balance_sheet_parent_current_only.csv,retained_profit,quarterly_direct,identity_q1_or_ytd_diff,
002958.XSHE,parent_balance,2022-03-31,2022q1,,2022-04-29,minority_interests,,finance_balance_sheet_parent_current_only.csv,minority_interests,,identity_q1_or_ytd_diff,missing_raw_value
002958.XSHE,parent_balance,2022-03-31,2022q1,,2022-04-29,total_owner_equities,34931544000.0,finance_balance_sheet_parent_current_only.csv,total_owner_equities,quarterly_direct,identity_q1_or_ytd_diff,
002958.XSHE,parent_balance,2022-03-31,2022q1,,2022-04-29,other_comprehensive_income,624356000.0,finance_balance_sheet_parent_current_only.csv,other_comprehensive_income,quarterly_direct,identity_q1_or_ytd_diff,
002958.XSHE,parent_balance,2022-06-30,2022q2,,2022-08-27,deposit_in_ib,4880734000.0,finance_balance_sheet_parent_current_only.csv,deposit_in_ib,quarterly_direct,identity_q1_or_ytd_diff,
002958.XSHE,parent_balance,2022-06-30,2022q2,,2022-08-27,cash_equivalents,,finance_balance_sheet_parent_current_only.csv,cash_equivalents,,identity_q1_or_ytd_diff,missing_raw_value
002958.XSHE,parent_balance,2022-06-30,2022q2,,2022-08-27,deposit_client,,finance_balance_sheet_parent_current_only.csv,deposit_client,,identity_q1_or_ytd_diff,missing_raw_value
002958.XSHE,parent_balance,2022-06-30,2022q2,,2022-08-27,cash_in_cb,22193199000.0,finance_balance_sheet_parent_current_only.csv,cash_in_cb,quarterly_direct,identity_q1_or_ytd_diff,
002958.XSHE,parent_balance,2022-06-30,2022q2,,2022-08-27,settlement_provi,,finance_balance_sheet_parent_current_only.csv,settlement_provi,,identity_q1_or_ytd_diff,missing_raw_value
002958.XSHE,parent_balance,2022-06-30,2022q2,,2022-08-27,settlement_provi_client,,finance_balance_sheet_parent_current_only.csv,settlement_provi_client,,identity_q1_or_ytd_diff,missing_raw_value
002958.XSHE,parent_balance,2022-06-30,2022q2,,2022-08-27,lend_capital,11804177000.0,finance_balance_sheet_parent_current_only.csv,lend_capital,quarterly_direct,identity_q1_or_ytd_diff,
002958.XSHE,parent_balance,2022-06-30,2022q2,,2022-08-27,bought_sellback_assets,9070779000.0,finance_balance_sheet_parent_current_only.csv,bought_sellback_assets,quarterly_direct,identity_q1_or_ytd_diff,
002958.XSHE,parent_balance,2022-06-30,2022q2,,2022-08-27,interest_receivable,,finance_balance_sheet_parent_current_only.csv,interest_receivable,,identity_q1_or_ytd_diff,missing_raw_value
002958.XSHE,parent_balance,2022-06-30,2022q2,,2022-08-27,insurance_receivables,,finance_balance_sheet_parent_current_only.csv,insurance_receivables,,identity_q1_or_ytd_diff,missing_raw_value
002958.XSHE,parent_balance,2022-06-30,2022q2,,2022-08-27,loan_and_advance,227772394000.0,finance_balance_sheet_parent_current_only.csv,loan_and_advance,quarterly_direct,identity_q1_or_ytd_diff,
002958.XSHE,parent_balance,2022-06-30,2022q2,,2022-08-27,advance_payment,,finance_balance_sheet_parent_current_only.csv,advance_payment,,identity_q1_or_ytd_diff,missing_raw_value
002958.XSHE,parent_balance,2022-06-30,2022q2,,2022-08-27,hold_for_sale_assets,,finance_balance_sheet_parent_current_only.csv,hold_for_sale_assets,,identity_q1_or_ytd_diff,missing_raw_value
002958.XSHE,parent_balance,2022-06-30,2022q2,,2022-08-27,hold_to_maturity_investments,,finance_balance_sheet_parent_current_only.csv,hold_to_maturity_investments,,identity_q1_or_ytd_diff,missing_raw_value
002958.XSHE,parent_balance,2022-06-30,2022q2,,2022-08-27,longterm_equity_invest,357000000.0,finance_balance_sheet_parent_current_only.csv,longterm_equity_invest,quarterly_direct,identity_q1_or_ytd_diff,
002958.XSHE,parent_balance,2022-06-30,2022q2,,2022-08-27,investment_property,71000.0,finance_balance_sheet_parent_current_only.csv,investment_property,quarterly_direct,identity_q1_or_ytd_diff,
002958.XSHE,parent_balance,2022-06-30,2022q2,,2022-08-27,inventories,,finance_balance_sheet_parent_current_only.csv,inventories,,identity_q1_or_ytd_diff,missing_raw_value
002958.XSHE,parent_balance,2022-06-30,2022q2,,2022-08-27,fixed_assets,2952774000.0,finance_balance_sheet_parent_current_only.csv,fixed_assets,quarterly_direct,identity_q1_or_ytd_diff,
002958.XSHE,parent_balance,2022-06-30,2022q2,,2022-08-27,constru_in_process,665445000.0,finance_balance_sheet_parent_current_only.csv,constru_in_process,quarterly_direct,identity_q1_or_ytd_diff,
002958.XSHE,parent_balance,2022-06-30,2022q2,,2022-08-27,intangible_assets,80797000.0,finance_balance_sheet_parent_current_only.csv,intangible_assets,quarterly_direct,identity_q1_or_ytd_diff,
002958.XSHE,parent_balance,2022-06-30,2022q2,,2022-08-27,long_deferred_expense,,finance_balance_sheet_parent_current_only.csv,long_deferred_expense,,identity_q1_or_ytd_diff,missing_raw_value
002958.XSHE,parent_balance,2022-06-30,2022q2,,2022-08-27,deferred_tax_assets,3707809000.0,finance_balance_sheet_parent_current_only.csv,deferred_tax_assets,quarterly_direct,identity_q1_or_ytd_diff,
002958.XSHE,parent_balance,2022-06-30,2022q2,,2022-08-27,other_asset,349184000.0,finance_balance_sheet_parent_current_only.csv,other_asset,quarterly_direct,identity_q1_or_ytd_diff,
002958.XSHE,parent_balance,2022-06-30,2022q2,,2022-08-27,total_assets,434729244000.0,finance_balance_sheet_parent_current_only.csv,total_assets,quarterly_direct,identity_q1_or_ytd_diff,
002958.XSHE,parent_balance,2022-06-30,2022q2,,2022-08-27,borrowing_from_centralbank,7211636000.0,finance_balance_sheet_parent_current_only.csv,borrowing_from_centralbank,quarterly_direct,identity_q1_or_ytd_diff,
002958.XSHE,parent_balance,2022-06-30,2022q2,,2022-08-27,shortterm_loan,,finance_balance_sheet_parent_current_only.csv,shortterm_loan,,identity_q1_or_ytd_diff,missing_raw_value
002958.XSHE,parent_balance,2022-06-30,2022q2,,2022-08-27,borrowing_capital,11926103000.0,finance_balance_sheet_parent_current_only.csv,borrowing_capital,quarterly_direct,identity_q1_or_ytd_diff,
002958.XSHE,parent_balance,2022-06-30,2022q2,,2022-08-27,sold_buyback_secu_proceeds,19055619000.0,finance_balance_sheet_parent_current_only.csv,sold_buyback_secu_proceeds,quarterly_direct,identity_q1_or_ytd_diff,
002958.XSHE,parent_balance,2022-06-30,2022q2,,2022-08-27,proxy_secu_proceeds,,finance_balance_sheet_parent_current_only.csv,proxy_secu_proceeds,,identity_q1_or_ytd_diff,missing_raw_value
002958.XSHE,parent_balance,2022-06-30,2022q2,,2022-08-27,notes_payable,,finance_balance_sheet_parent_current_only.csv,notes_payable,,identity_q1_or_ytd_diff,missing_raw_value
002958.XSHE,parent_balance,2022-06-30,2022q2,,2022-08-27,advance_peceipts,,finance_balance_sheet_parent_current_only.csv,advance_peceipts,,identity_q1_or_ytd_diff,missing_raw_value
002958.XSHE,parent_balance,2022-06-30,2022q2,,2022-08-27,commission_payable,,finance_balance_sheet_parent_current_only.csv,commission_payable,,identity_q1_or_ytd_diff,missing_raw_value
002958.XSHE,parent_balance,2022-06-30,2022q2,,2022-08-27,salaries_payable,1482247000.0,finance_balance_sheet_parent_current_only.csv,salaries_payable,quarterly_direct,identity_q1_or_ytd_diff,
002958.XSHE,parent_balance,2022-06-30,2022q2,,2022-08-27,taxs_payable,554683000.0,finance_balance_sheet_parent_current_only.csv,taxs_payable,quarterly_direct,identity_q1_or_ytd_diff,
002958.XSHE,parent_balance,2022-06-30,2022q2,,2022-08-27,interest_payable,,finance_balance_sheet_parent_current_only.csv,interest_payable,,identity_q1_or_ytd_diff,missing_raw_value
002958.XSHE,parent_balance,2022-06-30,2022q2,,2022-08-27,estimate_liability,297533000.0,finance_balance_sheet_parent_current_only.csv,estimate_liability,quarterly_direct,identity_q1_or_ytd_diff,
002958.XSHE,parent_balance,2022-06-30,2022q2,,2022-08-27,longterm_loan,,finance_balance_sheet_parent_current_only.csv,longterm_loan,,identity_q1_or_ytd_diff,missing_raw_value
002958.XSHE,parent_balance,2022-06-30,2022q2,,2022-08-27,bonds_payable,70509044000.0,finance_balance_sheet_parent_current_only.csv,bonds_payable,quarterly_direct,identity_q1_or_ytd_diff,
002958.XSHE,parent_balance,2022-06-30,2022q2,,2022-08-27,deferred_tax_liability,,finance_balance_sheet_parent_current_only.csv,deferred_tax_liability,,identity_q1_or_ytd_diff,missing_raw_value
002958.XSHE,parent_balance,2022-06-30,2022q2,,2022-08-27,other_liability,1732307000.0,finance_balance_sheet_parent_current_only.csv,other_liability,quarterly_direct,identity_q1_or_ytd_diff,
002958.XSHE,parent_balance,2022-06-30,2022q2,,2022-08-27,total_liability,399553941000.0,finance_balance_sheet_parent_current_only.csv,total_liability,quarterly_direct,identity_q1_or_ytd_diff,
002958.XSHE,parent_balance,2022-06-30,2022q2,,2022-08-27,paidin_capital,5555606000.0,finance_balance_sheet_parent_current_only.csv,paidin_capital,quarterly_direct,identity_q1_or_ytd_diff,
002958.XSHE,parent_balance,2022-06-30,2022q2,,2022-08-27,capital_reserve_fund,3818168000.0,finance_balance_sheet_parent_current_only.csv,capital_reserve_fund,quarterly_direct,identity_q1_or_ytd_diff,
002958.XSHE,parent_balance,2022-06-30,2022q2,,2022-08-27,treasury_stock,,finance_balance_sheet_parent_current_only.csv,treasury_stock,,identity_q1_or_ytd_diff,missing_raw_value
002958.XSHE,parent_balance,2022-06-30,2022q2,,2022-08-27,surplus_reserve_fund,4162891000.0,finance_balance_sheet_parent_current_only.csv,surplus_reserve_fund,quarterly_direct,identity_q1_or_ytd_diff,
002958.XSHE,parent_balance,2022-06-30,2022q2,,2022-08-27,equities_parent_company_owners,35175303000.0,finance_balance_sheet_parent_current_only.csv,equities_parent_company_owners,quarterly_direct,identity_q1_or_ytd_diff,
002958.XSHE,parent_balance,2022-06-30,2022q2,,2022-08-27,retained_profit,9375101000.0,finance_balance_sheet_parent_current_only.csv,retained_profit,quarterly_direct,identity_q1_or_ytd_diff,
002958.XSHE,parent_balance,2022-06-30,2022q2,,2022-08-27,minority_interests,,finance_balance_sheet_parent_current_only.csv,minority_interests,,identity_q1_or_ytd_diff,missing_raw_value
002958.XSHE,parent_balance,2022-06-30,2022q2,,2022-08-27,total_owner_equities,35175303000.0,finance_balance_sheet_parent_current_only.csv,total_owner_equities,quarterly_direct,identity_q1_or_ytd_diff,
002958.XSHE,parent_balance,2022-06-30,2022q2,,2022-08-27,other_comprehensive_income,664918000.0,finance_balance_sheet_parent_current_only.csv,other_comprehensive_income,quarterly_direct,identity_q1_or_ytd_diff,
002958.XSHE,parent_balance,2022-09-30,2022q3,,2022-10-29,deposit_in_ib,5669889000.0,finance_balance_sheet_parent_current_only.csv,deposit_in_ib,quarterly_direct,identity_q1_or_ytd_diff,
002958.XSHE,parent_balance,2022-09-30,2022q3,,2022-10-29,cash_equivalents,,finance_balance_sheet_parent_current_only.csv,cash_equivalents,,identity_q1_or_ytd_diff,missing_raw_value
002958.XSHE,parent_balance,2022-09-30,2022q3,,2022-10-29,deposit_client,,finance_balance_sheet_parent_current_only.csv,deposit_client,,identity_q1_or_ytd_diff,missing_raw_value
002958.XSHE,parent_balance,2022-09-30,2022q3,,2022-10-29,cash_in_cb,19071297000.0,finance_balance_sheet_parent_current_only.csv,cash_in_cb,quarterly_direct,identity_q1_or_ytd_diff,
002958.XSHE,parent_balance,2022-09-30,2022q3,,2022-10-29,settlement_provi,,finance_balance_sheet_parent_current_only.csv,settlement_provi,,identity_q1_or_ytd_diff,missing_raw_value
002958.XSHE,parent_balance,2022-09-30,2022q3,,2022-10-29,settlement_provi_client,,finance_balance_sheet_parent_current_only.csv,settlement_provi_client,,identity_q1_or_ytd_diff,missing_raw_value
002958.XSHE,parent_balance,2022-09-30,2022q3,,2022-10-29,lend_capital,11898014000.0,finance_balance_sheet_parent_current_only.csv,lend_capital,quarterly_direct,identity_q1_or_ytd_diff,
002958.XSHE,parent_balance,2022-09-30,2022q3,,2022-10-29,bought_sellback_assets,8931826000.0,finance_balance_sheet_parent_current_only.csv,bought_sellback_assets,quarterly_direct,identity_q1_or_ytd_diff,
002958.XSHE,parent_balance,2022-09-30,2022q3,,2022-10-29,interest_receivable,,finance_balance_sheet_parent_current_only.csv,interest_receivable,,identity_q1_or_ytd_diff,missing_raw_value
002958.XSHE,parent_balance,2022-09-30,2022q3,,2022-10-29,insurance_receivables,,finance_balance_sheet_parent_current_only.csv,insurance_receivables,,identity_q1_or_ytd_diff,missing_raw_value
002958.XSHE,parent_balance,2022-09-30,2022q3,,2022-10-29,loan_and_advance,222535834000.0,finance_balance_sheet_parent_current_only.csv,loan_and_advance,quarterly_direct,identity_q1_or_ytd_diff,
002958.XSHE,parent_balance,2022-09-30,2022q3,,2022-10-29,advance_payment,,finance_balance_sheet_parent_current_only.csv,advance_payment,,identity_q1_or_ytd_diff,missing_raw_value
002958.XSHE,parent_balance,2022-09-30,2022q3,,2022-10-29,hold_for_sale_assets,,finance_balance_sheet_parent_current_only.csv,hold_for_sale_assets,,identity_q1_or_ytd_diff,missing_raw_value
002958.XSHE,parent_balance,2022-09-30,2022q3,,2022-10-29,hold_to_maturity_investments,,finance_balance_sheet_parent_current_only.csv,hold_to_maturity_investments,,identity_q1_or_ytd_diff,missing_raw_value
002958.XSHE,parent_balance,2022-09-30,2022q3,,2022-10-29,longterm_equity_invest,357000000.0,finance_balance_sheet_parent_current_only.csv,longterm_equity_invest,quarterly_direct,identity_q1_or_ytd_diff,
002958.XSHE,parent_balance,2022-09-30,2022q3,,2022-10-29,investment_property,71000.0,finance_balance_sheet_parent_current_only.csv,investment_property,quarterly_direct,identity_q1_or_ytd_diff,
002958.XSHE,parent_balance,2022-09-30,2022q3,,2022-10-29,inventories,,finance_balance_sheet_parent_current_only.csv,inventories,,identity_q1_or_ytd_diff,missing_raw_value
002958.XSHE,parent_balance,2022-09-30,2022q3,,2022-10-29,fixed_assets,2971373000.0,finance_balance_sheet_parent_current_only.csv,fixed_assets,quarterly_direct,identity_q1_or_ytd_diff,
002958.XSHE,parent_balance,2022-09-30,2022q3,,2022-10-29,constru_in_process,598652000.0,finance_balance_sheet_parent_current_only.csv,constru_in_process,quarterly_direct,identity_q1_or_ytd_diff,
002958.XSHE,parent_balance,2022-09-30,2022q3,,2022-10-29,intangible_assets,80216000.0,finance_balance_sheet_parent_current_only.csv,intangible_assets,quarterly_direct,identity_q1_or_ytd_diff,
002958.XSHE,parent_balance,2022-09-30,2022q3,,2022-10-29,long_deferred_expense,,finance_balance_sheet_parent_current_only.csv,long_deferred_expense,,identity_q1_or_ytd_diff,missing_raw_value
002958.XSHE,parent_balance,2022-09-30,2022q3,,2022-10-29,deferred_tax_assets,3863943000.0,finance_balance_sheet_parent_current_only.csv,deferred_tax_assets,quarterly_direct,identity_q1_or_ytd_diff,
002958.XSHE,parent_balance,2022-09-30,2022q3,,2022-10-29,other_asset,346322000.0,finance_balance_sheet_parent_current_only.csv,other_asset,quarterly_direct,identity_q1_or_ytd_diff,
002958.XSHE,parent_balance,2022-09-30,2022q3,,2022-10-29,total_assets,426842917000.0,finance_balance_sheet_parent_current_only.csv,total_assets,quarterly_direct,identity_q1_or_ytd_diff,
002958.XSHE,parent_balance,2022-09-30,2022q3,,2022-10-29,borrowing_from_centralbank,6788824000.0,finance_balance_sheet_parent_current_only.csv,borrowing_from_centralbank,quarterly_direct,identity_q1_or_ytd_diff,
002958.XSHE,parent_balance,2022-09-30,2022q3,,2022-10-29,shortterm_loan,,finance_balance_sheet_parent_current_only.csv,shortterm_loan,,identity_q1_or_ytd_diff,missing_raw_value
002958.XSHE,parent_balance,2022-09-30,2022q3,,2022-10-29,borrowing_capital,10289609000.0,finance_balance_sheet_parent_current_only.csv,borrowing_capital,quarterly_direct,identity_q1_or_ytd_diff,
002958.XSHE,parent_balance,2022-09-30,2022q3,,2022-10-29,sold_buyback_secu_proceeds,12036091000.0,finance_balance_sheet_parent_current_only.csv,sold_buyback_secu_proceeds,quarterly_direct,identity_q1_or_ytd_diff,
002958.XSHE,parent_balance,2022-09-30,2022q3,,2022-10-29,proxy_secu_proceeds,,finance_balance_sheet_parent_current_only.csv,proxy_secu_proceeds,,identity_q1_or_ytd_diff,missing_raw_value
002958.XSHE,parent_balance,2022-09-30,2022q3,,2022-10-29,notes_payable,,finance_balance_sheet_parent_current_only.csv,notes_payable,,identity_q1_or_ytd_diff,missing_raw_value
002958.XSHE,parent_balance,2022-09-30,2022q3,,2022-10-29,advance_peceipts,,finance_balance_sheet_parent_current_only.csv,advance_peceipts,,identity_q1_or_ytd_diff,missing_raw_value
002958.XSHE,parent_balance,2022-09-30,2022q3,,2022-10-29,commission_payable,,finance_balance_sheet_parent_current_only.csv,commission_payable,,identity_q1_or_ytd_diff,missing_raw_value
002958.XSHE,parent_balance,2022-09-30,2022q3,,2022-10-29,salaries_payable,1545441000.0,finance_balance_sheet_parent_current_only.csv,salaries_payable,quarterly_direct,identity_q1_or_ytd_diff,
002958.XSHE,parent_balance,2022-09-30,2022q3,,2022-10-29,taxs_payable,724179000.0,finance_balance_sheet_parent_current_only.csv,taxs_payable,quarterly_direct,identity_q1_or_ytd_diff,
002958.XSHE,parent_balance,2022-09-30,2022q3,,2022-10-29,interest_payable,,finance_balance_sheet_parent_current_only.csv,interest_payable,,identity_q1_or_ytd_diff,missing_raw_value
002958.XSHE,parent_balance,2022-09-30,2022q3,,2022-10-29,estimate_liability,316004000.0,finance_balance_sheet_parent_current_only.csv,estimate_liability,quarterly_direct,identity_q1_or_ytd_diff,
002958.XSHE,parent_balance,2022-09-30,2022q3,,2022-10-29,longterm_loan,,finance_balance_sheet_parent_current_only.csv,longterm_loan,,identity_q1_or_ytd_diff,missing_raw_value
002958.XSHE,parent_balance,2022-09-30,2022q3,,2022-10-29,bonds_payable,76932702000.0,finance_balance_sheet_parent_current_only.csv,bonds_payable,quarterly_direct,identity_q1_or_ytd_diff,
002958.XSHE,parent_balance,2022-09-30,2022q3,,2022-10-29,deferred_tax_liability,,finance_balance_sheet_parent_current_only.csv,deferred_tax_liability,,identity_q1_or_ytd_diff,missing_raw_value
002958.XSHE,parent_balance,2022-09-30,2022q3,,2022-10-29,other_liability,1097091000.0,finance_balance_sheet_parent_current_only.csv,other_liability,quarterly_direct,identity_q1_or_ytd_diff,
002958.XSHE,parent_balance,2022-09-30,2022q3,,2022-10-29,total_liability,390629458000.0,finance_balance_sheet_parent_current_only.csv,total_liability,quarterly_direct,identity_q1_or_ytd_diff,
002958.XSHE,parent_balance,2022-09-30,2022q3,,2022-10-29,paidin_capital,5555608000.0,finance_balance_sheet_parent_current_only.csv,paidin_capital,quarterly_direct,identity_q1_or_ytd_diff,
002958.XSHE,parent_balance,2022-09-30,2022q3,,2022-10-29,capital_reserve_fund,3818173000.0,finance_balance_sheet_parent_current_only.csv,capital_reserve_fund,quarterly_direct,identity_q1_or_ytd_diff,
002958.XSHE,parent_balance,2022-09-30,2022q3,,2022-10-29,treasury_stock,,finance_balance_sheet_parent_current_only.csv,treasury_stock,,identity_q1_or_ytd_diff,missing_raw_value
002958.XSHE,parent_balance,2022-09-30,2022q3,,2022-10-29,surplus_reserve_fund,4162892000.0,finance_balance_sheet_parent_current_only.csv,surplus_reserve_fund,quarterly_direct,identity_q1_or_ytd_diff,
002958.XSHE,parent_balance,2022-09-30,2022q3,,2022-10-29,equities_parent_company_owners,36213459000.0,finance_balance_sheet_parent_current_only.csv,equities_parent_company_owners,quarterly_direct,identity_q1_or_ytd_diff,
002958.XSHE,parent_balance,2022-09-30,2022q3,,2022-10-29,retained_profit,10420048000.0,finance_balance_sheet_parent_current_only.csv,retained_profit,quarterly_direct,identity_q1_or_ytd_diff,
002958.XSHE,parent_balance,2022-09-30,2022q3,,2022-10-29,minority_interests,,finance_balance_sheet_parent_current_only.csv,minority_interests,,identity_q1_or_ytd_diff,missing_raw_value
002958.XSHE,parent_balance,2022-09-30,2022q3,,2022-10-29,total_owner_equities,36213459000.0,finance_balance_sheet_parent_current_only.csv,total_owner_equities,quarterly_direct,identity_q1_or_ytd_diff,
002958.XSHE,parent_balance,2022-09-30,2022q3,,2022-10-29,other_comprehensive_income,658120000.0,finance_balance_sheet_parent_current_only.csv,other_comprehensive_income,quarterly_direct,identity_q1_or_ytd_diff,
002958.XSHE,parent_balance,2022-12-31,2022q4,,2023-04-29,deposit_in_ib,4221694000.0,finance_balance_sheet_parent_current_only.csv,deposit_in_ib,quarterly_direct,identity_q1_or_ytd_diff,
002958.XSHE,parent_balance,2022-12-31,2022q4,,2023-04-29,cash_equivalents,,finance_balance_sheet_parent_current_only.csv,cash_equivalents,,identity_q1_or_ytd_diff,missing_raw_value
002958.XSHE,parent_balance,2022-12-31,2022q4,,2023-04-29,deposit_client,,finance_balance_sheet_parent_current_only.csv,deposit_client,,identity_q1_or_ytd_diff,missing_raw_value
002958.XSHE,parent_balance,2022-12-31,2022q4,,2023-04-29,cash_in_cb,20787161000.0,finance_balance_sheet_parent_current_only.csv,cash_in_cb,quarterly_direct,identity_q1_or_ytd_diff,
002958.XSHE,parent_balance,2022-12-31,2022q4,,2023-04-29,settlement_provi,,finance_balance_sheet_parent_current_only.csv,settlement_provi,,identity_q1_or_ytd_diff,missing_raw_value
002958.XSHE,parent_balance,2022-12-31,2022q4,,2023-04-29,settlement_provi_client,,finance_balance_sheet_parent_current_only.csv,settlement_provi_client,,identity_q1_or_ytd_diff,missing_raw_value
002958.XSHE,parent_balance,2022-12-31,2022q4,,2023-04-29,lend_capital,11609087000.0,finance_balance_sheet_parent_current_only.csv,lend_capital,quarterly_direct,identity_q1_or_ytd_diff,
002958.XSHE,parent_balance,2022-12-31,2022q4,,2023-04-29,bought_sellback_assets,4312918000.0,finance_balance_sheet_parent_current_only.csv,bought_sellback_assets,quarterly_direct,identity_q1_or_ytd_diff,
002958.XSHE,parent_balance,2022-12-31,2022q4,,2023-04-29,interest_receivable,,finance_balance_sheet_parent_current_only.csv,interest_receivable,,identity_q1_or_ytd_diff,missing_raw_value
002958.XSHE,parent_balance,2022-12-31,2022q4,,2023-04-29,insurance_receivables,,finance_balance_sheet_parent_current_only.csv,insurance_receivables,,identity_q1_or_ytd_diff,missing_raw_value
002958.XSHE,parent_balance,2022-12-31,2022q4,,2023-04-29,loan_and_advance,223457740000.0,finance_balance_sheet_parent_current_only.csv,loan_and_advance,quarterly_direct,identity_q1_or_ytd_diff,
002958.XSHE,parent_balance,2022-12-31,2022q4,,2023-04-29,advance_payment,,finance_balance_sheet_parent_current_only.csv,advance_payment,,identity_q1_or_ytd_diff,missing_raw_value
002958.XSHE,parent_balance,2022-12-31,2022q4,,2023-04-29,hold_for_sale_assets,,finance_balance_sheet_parent_current_only.csv,hold_for_sale_assets,,identity_q1_or_ytd_diff,missing_raw_value
002958.XSHE,parent_balance,2022-12-31,2022q4,,2023-04-29,hold_to_maturity_investments,,finance_balance_sheet_parent_current_only.csv,hold_to_maturity_investments,,identity_q1_or_ytd_diff,missing_raw_value
002958.XSHE,parent_balance,2022-12-31,2022q4,,2023-04-29,longterm_equity_invest,357000000.0,finance_balance_sheet_parent_current_only.csv,longterm_equity_invest,quarterly_direct,identity_q1_or_ytd_diff,
002958.XSHE,parent_balance,2022-12-31,2022q4,,2023-04-29,investment_property,71000.0,finance_balance_sheet_parent_current_only.csv,investment_property,quarterly_direct,identity_q1_or_ytd_diff,
002958.XSHE,parent_balance,2022-12-31,2022q4,,2023-04-29,inventories,,finance_balance_sheet_parent_current_only.csv,inventories,,identity_q1_or_ytd_diff,missing_raw_value
002958.XSHE,parent_balance,2022-12-31,2022q4,,2023-04-29,fixed_assets,2988300000.0,finance_balance_sheet_parent_current_only.csv,fixed_assets,quarterly_direct,identity_q1_or_ytd_diff,
002958.XSHE,parent_balance,2022-12-31,2022q4,,2023-04-29,constru_in_process,539292000.0,finance_balance_sheet_parent_current_only.csv,constru_in_process,quarterly_direct,identity_q1_or_ytd_diff,
002958.XSHE,parent_balance,2022-12-31,2022q4,,2023-04-29,intangible_assets,79534000.0,finance_balance_sheet_parent_current_only.csv,intangible_assets,quarterly_direct,identity_q1_or_ytd_diff,
002958.XSHE,parent_balance,2022-12-31,2022q4,,2023-04-29,long_deferred_expense,,finance_balance_sheet_parent_current_only.csv,long_deferred_expense,,identity_q1_or_ytd_diff,missing_raw_value
002958.XSHE,parent_balance,2022-12-31,2022q4,,2023-04-29,deferred_tax_assets,4178919000.0,finance_balance_sheet_parent_current_only.csv,deferred_tax_assets,quarterly_direct,identity_q1_or_ytd_diff,
002958.XSHE,parent_balance,2022-12-31,2022q4,,2023-04-29,other_asset,368336000.0,finance_balance_sheet_parent_current_only.csv,other_asset,quarterly_direct,identity_q1_or_ytd_diff,
002958.XSHE,parent_balance,2022-12-31,2022q4,,2023-04-29,total_assets,425495110000.0,finance_balance_sheet_parent_current_only.csv,total_assets,quarterly_direct,identity_q1_or_ytd_diff,
002958.XSHE,parent_balance,2022-12-31,2022q4,,2023-04-29,borrowing_from_centralbank,4664199000.0,finance_balance_sheet_parent_current_only.csv,borrowing_from_centralbank,quarterly_direct,identity_q1_or_ytd_diff,
002958.XSHE,parent_balance,2022-12-31,2022q4,,2023-04-29,shortterm_loan,,finance_balance_sheet_parent_current_only.csv,shortterm_loan,,identity_q1_or_ytd_diff,missing_raw_value
002958.XSHE,parent_balance,2022-12-31,2022q4,,2023-04-29,borrowing_capital,9490259000.0,finance_balance_sheet_parent_current_only.csv,borrowing_capital,quarterly_direct,identity_q1_or_ytd_diff,
002958.XSHE,parent_balance,2022-12-31,2022q4,,2023-04-29,sold_buyback_secu_proceeds,11354137000.0,finance_balance_sheet_parent_current_only.csv,sold_buyback_secu_proceeds,quarterly_direct,identity_q1_or_ytd_diff,
002958.XSHE,parent_balance,2022-12-31,2022q4,,2023-04-29,proxy_secu_proceeds,,finance_balance_sheet_parent_current_only.csv,proxy_secu_proceeds,,identity_q1_or_ytd_diff,missing_raw_value
002958.XSHE,parent_balance,2022-12-31,2022q4,,2023-04-29,notes_payable,,finance_balance_sheet_parent_current_only.csv,notes_payable,,identity_q1_or_ytd_diff,missing_raw_value
002958.XSHE,parent_balance,2022-12-31,2022q4,,2023-04-29,advance_peceipts,,finance_balance_sheet_parent_current_only.csv,advance_peceipts,,identity_q1_or_ytd_diff,missing_raw_value
002958.XSHE,parent_balance,2022-12-31,2022q4,,2023-04-29,commission_payable,,finance_balance_sheet_parent_current_only.csv,commission_payable,,identity_q1_or_ytd_diff,missing_raw_value
002958.XSHE,parent_balance,2022-12-31,2022q4,,2023-04-29,salaries_payable,1802388000.0,finance_balance_sheet_parent_current_only.csv,salaries_payable,quarterly_direct,identity_q1_or_ytd_diff,
002958.XSHE,parent_balance,2022-12-31,2022q4,,2023-04-29,taxs_payable,464374000.0,finance_balance_sheet_parent_current_only.csv,taxs_payable,quarterly_direct,identity_q1_or_ytd_diff,
002958.XSHE,parent_balance,2022-12-31,2022q4,,2023-04-29,interest_payable,,finance_balance_sheet_parent_current_only.csv,interest_payable,,identity_q1_or_ytd_diff,missing_raw_value
002958.XSHE,parent_balance,2022-12-31,2022q4,,2023-04-29,estimate_liability,237194000.0,finance_balance_sheet_parent_current_only.csv,estimate_liability,quarterly_direct,identity_q1_or_ytd_diff,
002958.XSHE,parent_balance,2022-12-31,2022q4,,2023-04-29,longterm_loan,,finance_balance_sheet_parent_current_only.csv,longterm_loan,,identity_q1_or_ytd_diff,missing_raw_value
002958.XSHE,parent_balance,2022-12-31,2022q4,,2023-04-29,bonds_payable,75744470000.0,finance_balance_sheet_parent_current_only.csv,bonds_payable,quarterly_direct,identity_q1_or_ytd_diff,
002958.XSHE,parent_balance,2022-12-31,2022q4,,2023-04-29,deferred_tax_liability,,finance_balance_sheet_parent_current_only.csv,deferred_tax_liability,,identity_q1_or_ytd_diff,missing_raw_value
002958.XSHE,parent_balance,2022-12-31,2022q4,,2023-04-29,other_liability,1366696000.0,finance_balance_sheet_parent_current_only.csv,other_liability,quarterly_direct,identity_q1_or_ytd_diff,
002958.XSHE,parent_balance,2022-12-31,2022q4,,2023-04-29,total_liability,389968130000.0,finance_balance_sheet_parent_current_only.csv,total_liability,quarterly_direct,identity_q1_or_ytd_diff,
002958.XSHE,parent_balance,2022-12-31,2022q4,,2023-04-29,paidin_capital,5555610000.0,finance_balance_sheet_parent_current_only.csv,paidin_capital,quarterly_direct,identity_q1_or_ytd_diff,
002958.XSHE,parent_balance,2022-12-31,2022q4,,2023-04-29,capital_reserve_fund,3818183000.0,finance_balance_sheet_parent_current_only.csv,capital_reserve_fund,quarterly_direct,identity_q1_or_ytd_diff,
002958.XSHE,parent_balance,2022-12-31,2022q4,,2023-04-29,treasury_stock,,finance_balance_sheet_parent_current_only.csv,treasury_stock,,identity_q1_or_ytd_diff,missing_raw_value
002958.XSHE,parent_balance,2022-12-31,2022q4,,2023-04-29,surplus_reserve_fund,4393164000.0,finance_balance_sheet_parent_current_only.csv,surplus_reserve_fund,quarterly_direct,identity_q1_or_ytd_diff,
002958.XSHE,parent_balance,2022-12-31,2022q4,,2023-04-29,equities_parent_company_owners,35526980000.0,finance_balance_sheet_parent_current_only.csv,equities_parent_company_owners,quarterly_direct,identity_q1_or_ytd_diff,
002958.XSHE,parent_balance,2022-12-31,2022q4,,2023-04-29,retained_profit,9601246000.0,finance_balance_sheet_parent_current_only.csv,retained_profit,quarterly_direct,identity_q1_or_ytd_diff,
002958.XSHE,parent_balance,2022-12-31,2022q4,,2023-04-29,minority_interests,,finance_balance_sheet_parent_current_only.csv,minority_interests,,identity_q1_or_ytd_diff,missing_raw_value
002958.XSHE,parent_balance,2022-12-31,2022q4,,2023-04-29,total_owner_equities,35526980000.0,finance_balance_sheet_parent_current_only.csv,total_owner_equities,quarterly_direct,identity_q1_or_ytd_diff,
002958.XSHE,parent_balance,2022-12-31,2022q4,,2023-04-29,other_comprehensive_income,560160000.0,finance_balance_sheet_parent_current_only.csv,other_comprehensive_income,quarterly_direct,identity_q1_or_ytd_diff,
002958.XSHE,parent_balance,2023-03-31,2023q1,,2023-04-29,deposit_in_ib,6078551000.0,finance_balance_sheet_parent_current_only.csv,deposit_in_ib,quarterly_direct,identity_q1_or_ytd_diff,
002958.XSHE,parent_balance,2023-03-31,2023q1,,2023-04-29,cash_equivalents,,finance_balance_sheet_parent_current_only.csv,cash_equivalents,,identity_q1_or_ytd_diff,missing_raw_value
002958.XSHE,parent_balance,2023-03-31,2023q1,,2023-04-29,deposit_client,,finance_balance_sheet_parent_current_only.csv,deposit_client,,identity_q1_or_ytd_diff,missing_raw_value
002958.XSHE,parent_balance,2023-03-31,2023q1,,2023-04-29,cash_in_cb,22459876000.0,finance_balance_sheet_parent_current_only.csv,cash_in_cb,quarterly_direct,identity_q1_or_ytd_diff,
002958.XSHE,parent_balance,2023-03-31,2023q1,,2023-04-29,settlement_provi,,finance_balance_sheet_parent_current_only.csv,settlement_provi,,identity_q1_or_ytd_diff,missing_raw_value
002958.XSHE,parent_balance,2023-03-31,2023q1,,2023-04-29,settlement_provi_client,,finance_balance_sheet_parent_current_only.csv,settlement_provi_client,,identity_q1_or_ytd_diff,missing_raw_value
002958.XSHE,parent_balance,2023-03-31,2023q1,,2023-04-29,lend_capital,13174857000.0,finance_balance_sheet_parent_current_only.csv,lend_capital,quarterly_direct,identity_q1_or_ytd_diff,
002958.XSHE,parent_balance,2023-03-31,2023q1,,2023-04-29,bought_sellback_assets,4173589000.0,finance_balance_sheet_parent_current_only.csv,bought_sellback_assets,quarterly_direct,identity_q1_or_ytd_diff,
002958.XSHE,parent_balance,2023-03-31,2023q1,,2023-04-29,interest_receivable,,finance_balance_sheet_parent_current_only.csv,interest_receivable,,identity_q1_or_ytd_diff,missing_raw_value
002958.XSHE,parent_balance,2023-03-31,2023q1,,2023-04-29,insurance_receivables,,finance_balance_sheet_parent_current_only.csv,insurance_receivables,,identity_q1_or_ytd_diff,missing_raw_value
002958.XSHE,parent_balance,2023-03-31,2023q1,,2023-04-29,loan_and_advance,227107978000.0,finance_balance_sheet_parent_current_only.csv,loan_and_advance,quarterly_direct,identity_q1_or_ytd_diff,
002958.XSHE,parent_balance,2023-03-31,2023q1,,2023-04-29,advance_payment,,finance_balance_sheet_parent_current_only.csv,advance_payment,,identity_q1_or_ytd_diff,missing_raw_value
002958.XSHE,parent_balance,2023-03-31,2023q1,,2023-04-29,hold_for_sale_assets,,finance_balance_sheet_parent_current_only.csv,hold_for_sale_assets,,identity_q1_or_ytd_diff,missing_raw_value
002958.XSHE,parent_balance,2023-03-31,2023q1,,2023-04-29,hold_to_maturity_investments,,finance_balance_sheet_parent_current_only.csv,hold_to_maturity_investments,,identity_q1_or_ytd_diff,missing_raw_value
002958.XSHE,parent_balance,2023-03-31,2023q1,,2023-04-29,longterm_equity_invest,357000000.0,finance_balance_sheet_parent_current_only.csv,longterm_equity_invest,quarterly_direct,identity_q1_or_ytd_diff,
002958.XSHE,parent_balance,2023-03-31,2023q1,,2023-04-29,investment_property,71000.0,finance_balance_sheet_parent_current_only.csv,investment_property,quarterly_direct,identity_q1_or_ytd_diff,
002958.XSHE,parent_balance,2023-03-31,2023q1,,2023-04-29,inventories,,finance_balance_sheet_parent_current_only.csv,inventories,,identity_q1_or_ytd_diff,missing_raw_value
002958.XSHE,parent_balance,2023-03-31,2023q1,,2023-04-29,fixed_assets,3234053000.0,finance_balance_sheet_parent_current_only.csv,fixed_assets,quarterly_direct,identity_q1_or_ytd_diff,
002958.XSHE,parent_balance,2023-03-31,2023q1,,2023-04-29,constru_in_process,258447000.0,finance_balance_sheet_parent_current_only.csv,constru_in_process,quarterly_direct,identity_q1_or_ytd_diff,
002958.XSHE,parent_balance,2023-03-31,2023q1,,2023-04-29,intangible_assets,78954000.0,finance_balance_sheet_parent_current_only.csv,intangible_assets,quarterly_direct,identity_q1_or_ytd_diff,
002958.XSHE,parent_balance,2023-03-31,2023q1,,2023-04-29,long_deferred_expense,,finance_balance_sheet_parent_current_only.csv,long_deferred_expense,,identity_q1_or_ytd_diff,missing_raw_value
002958.XSHE,parent_balance,2023-03-31,2023q1,,2023-04-29,deferred_tax_assets,4327231000.0,finance_balance_sheet_parent_current_only.csv,deferred_tax_assets,quarterly_direct,identity_q1_or_ytd_diff,
002958.XSHE,parent_balance,2023-03-31,2023q1,,2023-04-29,other_asset,342105000.0,finance_balance_sheet_parent_current_only.csv,other_asset,quarterly_direct,identity_q1_or_ytd_diff,
002958.XSHE,parent_balance,2023-03-31,2023q1,,2023-04-29,total_assets,453440611000.0,finance_balance_sheet_parent_current_only.csv,total_assets,quarterly_direct,identity_q1_or_ytd_diff,
002958.XSHE,parent_balance,2023-03-31,2023q1,,2023-04-29,borrowing_from_centralbank,5315102000.0,finance_balance_sheet_parent_current_only.csv,borrowing_from_centralbank,quarterly_direct,identity_q1_or_ytd_diff,
002958.XSHE,parent_balance,2023-03-31,2023q1,,2023-04-29,shortterm_loan,,finance_balance_sheet_parent_current_only.csv,shortterm_loan,,identity_q1_or_ytd_diff,missing_raw_value
002958.XSHE,parent_balance,2023-03-31,2023q1,,2023-04-29,borrowing_capital,12714560000.0,finance_balance_sheet_parent_current_only.csv,borrowing_capital,quarterly_direct,identity_q1_or_ytd_diff,
002958.XSHE,parent_balance,2023-03-31,2023q1,,2023-04-29,sold_buyback_secu_proceeds,7320428000.0,finance_balance_sheet_parent_current_only.csv,sold_buyback_secu_proceeds,quarterly_direct,identity_q1_or_ytd_diff,
002958.XSHE,parent_balance,2023-03-31,2023q1,,2023-04-29,proxy_secu_proceeds,,finance_balance_sheet_parent_current_only.csv,proxy_secu_proceeds,,identity_q1_or_ytd_diff,missing_raw_value
002958.XSHE,parent_balance,2023-03-31,2023q1,,2023-04-29,notes_payable,,finance_balance_sheet_parent_current_only.csv,notes_payable,,identity_q1_or_ytd_diff,missing_raw_value
002958.XSHE,parent_balance,2023-03-31,2023q1,,2023-04-29,advance_peceipts,,finance_balance_sheet_parent_current_only.csv,advance_peceipts,,identity_q1_or_ytd_diff,missing_raw_value
002958.XSHE,parent_balance,2023-03-31,2023q1,,2023-04-29,commission_payable,,finance_balance_sheet_parent_current_only.csv,commission_payable,,identity_q1_or_ytd_diff,missing_raw_value
002958.XSHE,parent_balance,2023-03-31,2023q1,,2023-04-29,salaries_payable,1663499000.0,finance_balance_sheet_parent_current_only.csv,salaries_payable,quarterly_direct,identity_q1_or_ytd_diff,
002958.XSHE,parent_balance,2023-03-31,2023q1,,2023-04-29,taxs_payable,437438000.0,finance_balance_sheet_parent_current_only.csv,taxs_payable,quarterly_direct,identity_q1_or_ytd_diff,
002958.XSHE,parent_balance,2023-03-31,2023q1,,2023-04-29,interest_payable,,finance_balance_sheet_parent_current_only.csv,interest_payable,,identity_q1_or_ytd_diff,missing_raw_value
002958.XSHE,parent_balance,2023-03-31,2023q1,,2023-04-29,estimate_liability,279032000.0,finance_balance_sheet_parent_current_only.csv,estimate_liability,quarterly_direct,identity_q1_or_ytd_diff,
002958.XSHE,parent_balance,2023-03-31,2023q1,,2023-04-29,longterm_loan,,finance_balance_sheet_parent_current_only.csv,longterm_loan,,identity_q1_or_ytd_diff,missing_raw_value
002958.XSHE,parent_balance,2023-03-31,2023q1,,2023-04-29,bonds_payable,85260634000.0,finance_balance_sheet_parent_current_only.csv,bonds_payable,quarterly_direct,identity_q1_or_ytd_diff,
002958.XSHE,parent_balance,2023-03-31,2023q1,,2023-04-29,deferred_tax_liability,,finance_balance_sheet_parent_current_only.csv,deferred_tax_liability,,identity_q1_or_ytd_diff,missing_raw_value
002958.XSHE,parent_balance,2023-03-31,2023q1,,2023-04-29,other_liability,1287673000.0,finance_balance_sheet_parent_current_only.csv,other_liability,quarterly_direct,identity_q1_or_ytd_diff,
002958.XSHE,parent_balance,2023-03-31,2023q1,,2023-04-29,total_liability,417021508000.0,finance_balance_sheet_parent_current_only.csv,total_liability,quarterly_direct,identity_q1_or_ytd_diff,
002958.XSHE,parent_balance,2023-03-31,2023q1,,2023-04-29,paidin_capital,5555612000.0,finance_balance_sheet_parent_current_only.csv,paidin_capital,quarterly_direct,identity_q1_or_ytd_diff,
002958.XSHE,parent_balance,2023-03-31,2023q1,,2023-04-29,capital_reserve_fund,3818189000.0,finance_balance_sheet_parent_current_only.csv,capital_reserve_fund,quarterly_direct,identity_q1_or_ytd_diff,
002958.XSHE,parent_balance,2023-03-31,2023q1,,2023-04-29,treasury_stock,,finance_balance_sheet_parent_current_only.csv,treasury_stock,,identity_q1_or_ytd_diff,missing_raw_value
002958.XSHE,parent_balance,2023-03-31,2023q1,,2023-04-29,surplus_reserve_fund,4393164000.0,finance_balance_sheet_parent_current_only.csv,surplus_reserve_fund,quarterly_direct,identity_q1_or_ytd_diff,
002958.XSHE,parent_balance,2023-03-31,2023q1,,2023-04-29,equities_parent_company_owners,36419103000.0,finance_balance_sheet_parent_current_only.csv,equities_parent_company_owners,quarterly_direct,identity_q1_or_ytd_diff,
002958.XSHE,parent_balance,2023-03-31,2023q1,,2023-04-29,retained_profit,10500361000.0,finance_balance_sheet_parent_current_only.csv,retained_profit,quarterly_direct,identity_q1_or_ytd_diff,
002958.XSHE,parent_balance,2023-03-31,2023q1,,2023-04-29,minority_interests,,finance_balance_sheet_parent_current_only.csv,minority_interests,,identity_q1_or_ytd_diff,missing_raw_value
002958.XSHE,parent_balance,2023-03-31,2023q1,,2023-04-29,total_owner_equities,36419103000.0,finance_balance_sheet_parent_current_only.csv,total_owner_equities,quarterly_direct,identity_q1_or_ytd_diff,
002958.XSHE,parent_balance,2023-03-31,2023q1,,2023-04-29,other_comprehensive_income,553160000.0,finance_balance_sheet_parent_current_only.csv,other_comprehensive_income,quarterly_direct,identity_q1_or_ytd_diff,
002958.XSHE,parent_balance,2023-06-30,2023q2,,2023-08-29,deposit_in_ib,5212078000.0,finance_balance_sheet_parent_current_only.csv,deposit_in_ib,quarterly_direct,identity_q1_or_ytd_diff,
002958.XSHE,parent_balance,2023-06-30,2023q2,,2023-08-29,cash_equivalents,,finance_balance_sheet_parent_current_only.csv,cash_equivalents,,identity_q1_or_ytd_diff,missing_raw_value
002958.XSHE,parent_balance,2023-06-30,2023q2,,2023-08-29,deposit_client,,finance_balance_sheet_parent_current_only.csv,deposit_client,,identity_q1_or_ytd_diff,missing_raw_value
002958.XSHE,parent_balance,2023-06-30,2023q2,,2023-08-29,cash_in_cb,21371914000.0,finance_balance_sheet_parent_current_only.csv,cash_in_cb,quarterly_direct,identity_q1_or_ytd_diff,
002958.XSHE,parent_balance,2023-06-30,2023q2,,2023-08-29,settlement_provi,,finance_balance_sheet_parent_current_only.csv,settlement_provi,,identity_q1_or_ytd_diff,missing_raw_value
002958.XSHE,parent_balance,2023-06-30,2023q2,,2023-08-29,settlement_provi_client,,finance_balance_sheet_parent_current_only.csv,settlement_provi_client,,identity_q1_or_ytd_diff,missing_raw_value
002958.XSHE,parent_balance,2023-06-30,2023q2,,2023-08-29,lend_capital,13565090000.0,finance_balance_sheet_parent_current_only.csv,lend_capital,quarterly_direct,identity_q1_or_ytd_diff,
002958.XSHE,parent_balance,2023-06-30,2023q2,,2023-08-29,bought_sellback_assets,2240171000.0,finance_balance_sheet_parent_current_only.csv,bought_sellback_assets,quarterly_direct,identity_q1_or_ytd_diff,
002958.XSHE,parent_balance,2023-06-30,2023q2,,2023-08-29,interest_receivable,,finance_balance_sheet_parent_current_only.csv,interest_receivable,,identity_q1_or_ytd_diff,missing_raw_value
002958.XSHE,parent_balance,2023-06-30,2023q2,,2023-08-29,insurance_receivables,,finance_balance_sheet_parent_current_only.csv,insurance_receivables,,identity_q1_or_ytd_diff,missing_raw_value
002958.XSHE,parent_balance,2023-06-30,2023q2,,2023-08-29,loan_and_advance,233886437000.0,finance_balance_sheet_parent_current_only.csv,loan_and_advance,quarterly_direct,identity_q1_or_ytd_diff,
002958.XSHE,parent_balance,2023-06-30,2023q2,,2023-08-29,advance_payment,,finance_balance_sheet_parent_current_only.csv,advance_payment,,identity_q1_or_ytd_diff,missing_raw_value
002958.XSHE,parent_balance,2023-06-30,2023q2,,2023-08-29,hold_for_sale_assets,,finance_balance_sheet_parent_current_only.csv,hold_for_sale_assets,,identity_q1_or_ytd_diff,missing_raw_value
002958.XSHE,parent_balance,2023-06-30,2023q2,,2023-08-29,hold_to_maturity_investments,,finance_balance_sheet_parent_current_only.csv,hold_to_maturity_investments,,identity_q1_or_ytd_diff,missing_raw_value
002958.XSHE,parent_balance,2023-06-30,2023q2,,2023-08-29,longterm_equity_invest,357000000.0,finance_balance_sheet_parent_current_only.csv,longterm_equity_invest,quarterly_direct,identity_q1_or_ytd_diff,
002958.XSHE,parent_balance,2023-06-30,2023q2,,2023-08-29,investment_property,71000.0,finance_balance_sheet_parent_current_only.csv,investment_property,quarterly_direct,identity_q1_or_ytd_diff,
002958.XSHE,parent_balance,2023-06-30,2023q2,,2023-08-29,inventories,,finance_balance_sheet_parent_current_only.csv,inventories,,identity_q1_or_ytd_diff,missing_raw_value
002958.XSHE,parent_balance,2023-06-30,2023q2,,2023-08-29,fixed_assets,3201792000.0,finance_balance_sheet_parent_current_only.csv,fixed_assets,quarterly_direct,identity_q1_or_ytd_diff,
002958.XSHE,parent_balance,2023-06-30,2023q2,,2023-08-29,constru_in_process,232413000.0,finance_balance_sheet_parent_current_only.csv,constru_in_process,quarterly_direct,identity_q1_or_ytd_diff,
002958.XSHE,parent_balance,2023-06-30,2023q2,,2023-08-29,intangible_assets,78373000.0,finance_balance_sheet_parent_current_only.csv,intangible_assets,quarterly_direct,identity_q1_or_ytd_diff,
002958.XSHE,parent_balance,2023-06-30,2023q2,,2023-08-29,long_deferred_expense,,finance_balance_sheet_parent_current_only.csv,long_deferred_expense,,identity_q1_or_ytd_diff,missing_raw_value
002958.XSHE,parent_balance,2023-06-30,2023q2,,2023-08-29,deferred_tax_assets,4605866000.0,finance_balance_sheet_parent_current_only.csv,deferred_tax_assets,quarterly_direct,identity_q1_or_ytd_diff,
002958.XSHE,parent_balance,2023-06-30,2023q2,,2023-08-29,other_asset,356989000.0,finance_balance_sheet_parent_current_only.csv,other_asset,quarterly_direct,identity_q1_or_ytd_diff,
002958.XSHE,parent_balance,2023-06-30,2023q2,,2023-08-29,total_assets,455340870000.0,finance_balance_sheet_parent_current_only.csv,total_assets,quarterly_direct,identity_q1_or_ytd_diff,
002958.XSHE,parent_balance,2023-06-30,2023q2,,2023-08-29,borrowing_from_centralbank,6830837000.0,finance_balance_sheet_parent_current_only.csv,borrowing_from_centralbank,quarterly_direct,identity_q1_or_ytd_diff,
002958.XSHE,parent_balance,2023-06-30,2023q2,,2023-08-29,shortterm_loan,,finance_balance_sheet_parent_current_only.csv,shortterm_loan,,identity_q1_or_ytd_diff,missing_raw_value
002958.XSHE,parent_balance,2023-06-30,2023q2,,2023-08-29,borrowing_capital,14886965000.0,finance_balance_sheet_parent_current_only.csv,borrowing_capital,quarterly_direct,identity_q1_or_ytd_diff,
002958.XSHE,parent_balance,2023-06-30,2023q2,,2023-08-29,sold_buyback_secu_proceeds,11309577000.0,finance_balance_sheet_parent_current_only.csv,sold_buyback_secu_proceeds,quarterly_direct,identity_q1_or_ytd_diff,
002958.XSHE,parent_balance,2023-06-30,2023q2,,2023-08-29,proxy_secu_proceeds,,finance_balance_sheet_parent_current_only.csv,proxy_secu_proceeds,,identity_q1_or_ytd_diff,missing_raw_value
002958.XSHE,parent_balance,2023-06-30,2023q2,,2023-08-29,notes_payable,,finance_balance_sheet_parent_current_only.csv,notes_payable,,identity_q1_or_ytd_diff,missing_raw_value
002958.XSHE,parent_balance,2023-06-30,2023q2,,2023-08-29,advance_peceipts,,finance_balance_sheet_parent_current_only.csv,advance_peceipts,,identity_q1_or_ytd_diff,missing_raw_value
002958.XSHE,parent_balance,2023-06-30,2023q2,,2023-08-29,commission_payable,,finance_balance_sheet_parent_current_only.csv,commission_payable,,identity_q1_or_ytd_diff,missing_raw_value
002958.XSHE,parent_balance,2023-06-30,2023q2,,2023-08-29,salaries_payable,1553951000.0,finance_balance_sheet_parent_current_only.csv,salaries_payable,quarterly_direct,identity_q1_or_ytd_diff,
002958.XSHE,parent_balance,2023-06-30,2023q2,,2023-08-29,taxs_payable,494788000.0,finance_balance_sheet_parent_current_only.csv,taxs_payable,quarterly_direct,identity_q1_or_ytd_diff,
002958.XSHE,parent_balance,2023-06-30,2023q2,,2023-08-29,interest_payable,,finance_balance_sheet_parent_current_only.csv,interest_payable,,identity_q1_or_ytd_diff,missing_raw_value
002958.XSHE,parent_balance,2023-06-30,2023q2,,2023-08-29,estimate_liability,215783000.0,finance_balance_sheet_parent_current_only.csv,estimate_liability,quarterly_direct,identity_q1_or_ytd_diff,
002958.XSHE,parent_balance,2023-06-30,2023q2,,2023-08-29,longterm_loan,,finance_balance_sheet_parent_current_only.csv,longterm_loan,,identity_q1_or_ytd_diff,missing_raw_value
002958.XSHE,parent_balance,2023-06-30,2023q2,,2023-08-29,bonds_payable,77653730000.0,finance_balance_sheet_parent_current_only.csv,bonds_payable,quarterly_direct,identity_q1_or_ytd_diff,
002958.XSHE,parent_balance,2023-06-30,2023q2,,2023-08-29,deferred_tax_liability,,finance_balance_sheet_parent_current_only.csv,deferred_tax_liability,,identity_q1_or_ytd_diff,missing_raw_value
002958.XSHE,parent_balance,2023-06-30,2023q2,,2023-08-29,other_liability,1204692000.0,finance_balance_sheet_parent_current_only.csv,other_liability,quarterly_direct,identity_q1_or_ytd_diff,
002958.XSHE,parent_balance,2023-06-30,2023q2,,2023-08-29,total_liability,417978306000.0,finance_balance_sheet_parent_current_only.csv,total_liability,quarterly_direct,identity_q1_or_ytd_diff,
002958.XSHE,parent_balance,2023-06-30,2023q2,,2023-08-29,paidin_capital,5555615000.0,finance_balance_sheet_parent_current_only.csv,paidin_capital,quarterly_direct,identity_q1_or_ytd_diff,
002958.XSHE,parent_balance,2023-06-30,2023q2,,2023-08-29,capital_reserve_fund,3818199000.0,finance_balance_sheet_parent_current_only.csv,capital_reserve_fund,quarterly_direct,identity_q1_or_ytd_diff,
002958.XSHE,parent_balance,2023-06-30,2023q2,,2023-08-29,treasury_stock,,finance_balance_sheet_parent_current_only.csv,treasury_stock,,identity_q1_or_ytd_diff,missing_raw_value
002958.XSHE,parent_balance,2023-06-30,2023q2,,2023-08-29,surplus_reserve_fund,4623436000.0,finance_balance_sheet_parent_current_only.csv,surplus_reserve_fund,quarterly_direct,identity_q1_or_ytd_diff,
002958.XSHE,parent_balance,2023-06-30,2023q2,,2023-08-29,equities_parent_company_owners,37362564000.0,finance_balance_sheet_parent_current_only.csv,equities_parent_company_owners,quarterly_direct,identity_q1_or_ytd_diff,
002958.XSHE,parent_balance,2023-06-30,2023q2,,2023-08-29,retained_profit,10982187000.0,finance_balance_sheet_parent_current_only.csv,retained_profit,quarterly_direct,identity_q1_or_ytd_diff,
002958.XSHE,parent_balance,2023-06-30,2023q2,,2023-08-29,minority_interests,,finance_balance_sheet_parent_current_only.csv,minority_interests,,identity_q1_or_ytd_diff,missing_raw_value
002958.XSHE,parent_balance,2023-06-30,2023q2,,2023-08-29,total_owner_equities,37362564000.0,finance_balance_sheet_parent_current_only.csv,total_owner_equities,quarterly_direct,identity_q1_or_ytd_diff,
002958.XSHE,parent_balance,2023-06-30,2023q2,,2023-08-29,other_comprehensive_income,656009000.0,finance_balance_sheet_parent_current_only.csv,other_comprehensive_income,quarterly_direct,identity_q1_or_ytd_diff,
002958.XSHE,parent_balance,2023-09-30,2023q3,,2023-10-28,deposit_in_ib,6163227000.0,finance_balance_sheet_parent_current_only.csv,deposit_in_ib,quarterly_direct,identity_q1_or_ytd_diff,
002958.XSHE,parent_balance,2023-09-30,2023q3,,2023-10-28,cash_equivalents,,finance_balance_sheet_parent_current_only.csv,cash_equivalents,,identity_q1_or_ytd_diff,missing_raw_value
002958.XSHE,parent_balance,2023-09-30,2023q3,,2023-10-28,deposit_client,,finance_balance_sheet_parent_current_only.csv,deposit_client,,identity_q1_or_ytd_diff,missing_raw_value
002958.XSHE,parent_balance,2023-09-30,2023q3,,2023-10-28,cash_in_cb,19117747000.0,finance_balance_sheet_parent_current_only.csv,cash_in_cb,quarterly_direct,identity_q1_or_ytd_diff,
002958.XSHE,parent_balance,2023-09-30,2023q3,,2023-10-28,settlement_provi,,finance_balance_sheet_parent_current_only.csv,settlement_provi,,identity_q1_or_ytd_diff,missing_raw_value
002958.XSHE,parent_balance,2023-09-30,2023q3,,2023-10-28,settlement_provi_client,,finance_balance_sheet_parent_current_only.csv,settlement_provi_client,,identity_q1_or_ytd_diff,missing_raw_value
002958.XSHE,parent_balance,2023-09-30,2023q3,,2023-10-28,lend_capital,11411248000.0,finance_balance_sheet_parent_current_only.csv,lend_capital,quarterly_direct,identity_q1_or_ytd_diff,
002958.XSHE,parent_balance,2023-09-30,2023q3,,2023-10-28,bought_sellback_assets,359766000.0,finance_balance_sheet_parent_current_only.csv,bought_sellback_assets,quarterly_direct,identity_q1_or_ytd_diff,
002958.XSHE,parent_balance,2023-09-30,2023q3,,2023-10-28,interest_receivable,,finance_balance_sheet_parent_current_only.csv,interest_receivable,,identity_q1_or_ytd_diff,missing_raw_value
002958.XSHE,parent_balance,2023-09-30,2023q3,,2023-10-28,insurance_receivables,,finance_balance_sheet_parent_current_only.csv,insurance_receivables,,identity_q1_or_ytd_diff,missing_raw_value
002958.XSHE,parent_balance,2023-09-30,2023q3,,2023-10-28,loan_and_advance,235695841000.0,finance_balance_sheet_parent_current_only.csv,loan_and_advance,quarterly_direct,identity_q1_or_ytd_diff,
002958.XSHE,parent_balance,2023-09-30,2023q3,,2023-10-28,advance_payment,,finance_balance_sheet_parent_current_only.csv,advance_payment,,identity_q1_or_ytd_diff,missing_raw_value
002958.XSHE,parent_balance,2023-09-30,2023q3,,2023-10-28,hold_for_sale_assets,,finance_balance_sheet_parent_current_only.csv,hold_for_sale_assets,,identity_q1_or_ytd_diff,missing_raw_value
002958.XSHE,parent_balance,2023-09-30,2023q3,,2023-10-28,hold_to_maturity_investments,,finance_balance_sheet_parent_current_only.csv,hold_to_maturity_investments,,identity_q1_or_ytd_diff,missing_raw_value
002958.XSHE,parent_balance,2023-09-30,2023q3,,2023-10-28,longterm_equity_invest,357000000.0,finance_balance_sheet_parent_current_only.csv,longterm_equity_invest,quarterly_direct,identity_q1_or_ytd_diff,
002958.XSHE,parent_balance,2023-09-30,2023q3,,2023-10-28,investment_property,71000.0,finance_balance_sheet_parent_current_only.csv,investment_property,quarterly_direct,identity_q1_or_ytd_diff,
002958.XSHE,parent_balance,2023-09-30,2023q3,,2023-10-28,inventories,,finance_balance_sheet_parent_current_only.csv,inventories,,identity_q1_or_ytd_diff,missing_raw_value
002958.XSHE,parent_balance,2023-09-30,2023q3,,2023-10-28,fixed_assets,3145478000.0,finance_balance_sheet_parent_current_only.csv,fixed_assets,quarterly_direct,identity_q1_or_ytd_diff,
002958.XSHE,parent_balance,2023-09-30,2023q3,,2023-10-28,constru_in_process,236594000.0,finance_balance_sheet_parent_current_only.csv,constru_in_process,quarterly_direct,identity_q1_or_ytd_diff,
002958.XSHE,parent_balance,2023-09-30,2023q3,,2023-10-28,intangible_assets,77711000.0,finance_balance_sheet_parent_current_only.csv,intangible_assets,quarterly_direct,identity_q1_or_ytd_diff,
002958.XSHE,parent_balance,2023-09-30,2023q3,,2023-10-28,long_deferred_expense,,finance_balance_sheet_parent_current_only.csv,long_deferred_expense,,identity_q1_or_ytd_diff,missing_raw_value
002958.XSHE,parent_balance,2023-09-30,2023q3,,2023-10-28,deferred_tax_assets,4778614000.0,finance_balance_sheet_parent_current_only.csv,deferred_tax_assets,quarterly_direct,identity_q1_or_ytd_diff,
002958.XSHE,parent_balance,2023-09-30,2023q3,,2023-10-28,other_asset,439640000.0,finance_balance_sheet_parent_current_only.csv,other_asset,quarterly_direct,identity_q1_or_ytd_diff,
002958.XSHE,parent_balance,2023-09-30,2023q3,,2023-10-28,total_assets,457811133000.0,finance_balance_sheet_parent_current_only.csv,total_assets,quarterly_direct,identity_q1_or_ytd_diff,
002958.XSHE,parent_balance,2023-09-30,2023q3,,2023-10-28,borrowing_from_centralbank,8339208000.0,finance_balance_sheet_parent_current_only.csv,borrowing_from_centralbank,quarterly_direct,identity_q1_or_ytd_diff,
002958.XSHE,parent_balance,2023-09-30,2023q3,,2023-10-28,shortterm_loan,,finance_balance_sheet_parent_current_only.csv,shortterm_loan,,identity_q1_or_ytd_diff,missing_raw_value
002958.XSHE,parent_balance,2023-09-30,2023q3,,2023-10-28,borrowing_capital,13952359000.0,finance_balance_sheet_parent_current_only.csv,borrowing_capital,quarterly_direct,identity_q1_or_ytd_diff,
002958.XSHE,parent_balance,2023-09-30,2023q3,,2023-10-28,sold_buyback_secu_proceeds,12376451000.0,finance_balance_sheet_parent_current_only.csv,sold_buyback_secu_proceeds,quarterly_direct,identity_q1_or_ytd_diff,
002958.XSHE,parent_balance,2023-09-30,2023q3,,2023-10-28,proxy_secu_proceeds,,finance_balance_sheet_parent_current_only.csv,proxy_secu_proceeds,,identity_q1_or_ytd_diff,missing_raw_value
002958.XSHE,parent_balance,2023-09-30,2023q3,,2023-10-28,notes_payable,,finance_balance_sheet_parent_current_only.csv,notes_payable,,identity_q1_or_ytd_diff,missing_raw_value
002958.XSHE,parent_balance,2023-09-30,2023q3,,2023-10-28,advance_peceipts,,finance_balance_sheet_parent_current_only.csv,advance_peceipts,,identity_q1_or_ytd_diff,missing_raw_value
002958.XSHE,parent_balance,2023-09-30,2023q3,,2023-10-28,commission_payable,,finance_balance_sheet_parent_current_only.csv,commission_payable,,identity_q1_or_ytd_diff,missing_raw_value
002958.XSHE,parent_balance,2023-09-30,2023q3,,2023-10-28,salaries_payable,1620993000.0,finance_balance_sheet_parent_current_only.csv,salaries_payable,quarterly_direct,identity_q1_or_ytd_diff,
002958.XSHE,parent_balance,2023-09-30,2023q3,,2023-10-28,taxs_payable,632041000.0,finance_balance_sheet_parent_current_only.csv,taxs_payable,quarterly_direct,identity_q1_or_ytd_diff,
002958.XSHE,parent_balance,2023-09-30,2023q3,,2023-10-28,interest_payable,,finance_balance_sheet_parent_current_only.csv,interest_payable,,identity_q1_or_ytd_diff,missing_raw_value
002958.XSHE,parent_balance,2023-09-30,2023q3,,2023-10-28,estimate_liability,160608000.0,finance_balance_sheet_parent_current_only.csv,estimate_liability,quarterly_direct,identity_q1_or_ytd_diff,
002958.XSHE,parent_balance,2023-09-30,2023q3,,2023-10-28,longterm_loan,,finance_balance_sheet_parent_current_only.csv,longterm_loan,,identity_q1_or_ytd_diff,missing_raw_value
002958.XSHE,parent_balance,2023-09-30,2023q3,,2023-10-28,bonds_payable,78369484000.0,finance_balance_sheet_parent_current_only.csv,bonds_payable,quarterly_direct,identity_q1_or_ytd_diff,
002958.XSHE,parent_balance,2023-09-30,2023q3,,2023-10-28,deferred_tax_liability,,finance_balance_sheet_parent_current_only.csv,deferred_tax_liability,,identity_q1_or_ytd_diff,missing_raw_value
002958.XSHE,parent_balance,2023-09-30,2023q3,,2023-10-28,other_liability,1177195000.0,finance_balance_sheet_parent_current_only.csv,other_liability,quarterly_direct,identity_q1_or_ytd_diff,
002958.XSHE,parent_balance,2023-09-30,2023q3,,2023-10-28,total_liability,419373539000.0,finance_balance_sheet_parent_current_only.csv,total_liability,quarterly_direct,identity_q1_or_ytd_diff,
002958.XSHE,parent_balance,2023-09-30,2023q3,,2023-10-28,paidin_capital,5555616000.0,finance_balance_sheet_parent_current_only.csv,paidin_capital,quarterly_direct,identity_q1_or_ytd_diff,
002958.XSHE,parent_balance,2023-09-30,2023q3,,2023-10-28,capital_reserve_fund,3818201000.0,finance_balance_sheet_parent_current_only.csv,capital_reserve_fund,quarterly_direct,identity_q1_or_ytd_diff,
002958.XSHE,parent_balance,2023-09-30,2023q3,,2023-10-28,treasury_stock,,finance_balance_sheet_parent_current_only.csv,treasury_stock,,identity_q1_or_ytd_diff,missing_raw_value
002958.XSHE,parent_balance,2023-09-30,2023q3,,2023-10-28,surplus_reserve_fund,4623436000.0,finance_balance_sheet_parent_current_only.csv,surplus_reserve_fund,quarterly_direct,identity_q1_or_ytd_diff,
002958.XSHE,parent_balance,2023-09-30,2023q3,,2023-10-28,equities_parent_company_owners,38437594000.0,finance_balance_sheet_parent_current_only.csv,equities_parent_company_owners,quarterly_direct,identity_q1_or_ytd_diff,
002958.XSHE,parent_balance,2023-09-30,2023q3,,2023-10-28,retained_profit,12129287000.0,finance_balance_sheet_parent_current_only.csv,retained_profit,quarterly_direct,identity_q1_or_ytd_diff,
002958.XSHE,parent_balance,2023-09-30,2023q3,,2023-10-28,minority_interests,,finance_balance_sheet_parent_current_only.csv,minority_interests,,identity_q1_or_ytd_diff,missing_raw_value
002958.XSHE,parent_balance,2023-09-30,2023q3,,2023-10-28,total_owner_equities,38437594000.0,finance_balance_sheet_parent_current_only.csv,total_owner_equities,quarterly_direct,identity_q1_or_ytd_diff,
002958.XSHE,parent_balance,2023-09-30,2023q3,,2023-10-28,other_comprehensive_income,583937000.0,finance_balance_sheet_parent_current_only.csv,other_comprehensive_income,quarterly_direct,identity_q1_or_ytd_diff,
002958.XSHE,parent_balance,2023-12-31,2023q4,,2024-04-27,deposit_in_ib,4180664000.0,finance_balance_sheet_parent_current_only.csv,deposit_in_ib,quarterly_direct,identity_q1_or_ytd_diff,
002958.XSHE,parent_balance,2023-12-31,2023q4,,2024-04-27,cash_equivalents,,finance_balance_sheet_parent_current_only.csv,cash_equivalents,,identity_q1_or_ytd_diff,missing_raw_value
002958.XSHE,parent_balance,2023-12-31,2023q4,,2024-04-27,deposit_client,,finance_balance_sheet_parent_current_only.csv,deposit_client,,identity_q1_or_ytd_diff,missing_raw_value
002958.XSHE,parent_balance,2023-12-31,2023q4,,2024-04-27,cash_in_cb,20974546000.0,finance_balance_sheet_parent_current_only.csv,cash_in_cb,quarterly_direct,identity_q1_or_ytd_diff,
002958.XSHE,parent_balance,2023-12-31,2023q4,,2024-04-27,settlement_provi,,finance_balance_sheet_parent_current_only.csv,settlement_provi,,identity_q1_or_ytd_diff,missing_raw_value
002958.XSHE,parent_balance,2023-12-31,2023q4,,2024-04-27,settlement_provi_client,,finance_balance_sheet_parent_current_only.csv,settlement_provi_client,,identity_q1_or_ytd_diff,missing_raw_value
002958.XSHE,parent_balance,2023-12-31,2023q4,,2024-04-27,lend_capital,10627219000.0,finance_balance_sheet_parent_current_only.csv,lend_capital,quarterly_direct,identity_q1_or_ytd_diff,
002958.XSHE,parent_balance,2023-12-31,2023q4,,2024-04-27,bought_sellback_assets,4272037000.0,finance_balance_sheet_parent_current_only.csv,bought_sellback_assets,quarterly_direct,identity_q1_or_ytd_diff,
002958.XSHE,parent_balance,2023-12-31,2023q4,,2024-04-27,interest_receivable,,finance_balance_sheet_parent_current_only.csv,interest_receivable,,identity_q1_or_ytd_diff,missing_raw_value
002958.XSHE,parent_balance,2023-12-31,2023q4,,2024-04-27,insurance_receivables,,finance_balance_sheet_parent_current_only.csv,insurance_receivables,,identity_q1_or_ytd_diff,missing_raw_value
002958.XSHE,parent_balance,2023-12-31,2023q4,,2024-04-27,loan_and_advance,238278264000.0,finance_balance_sheet_parent_current_only.csv,loan_and_advance,quarterly_direct,identity_q1_or_ytd_diff,
002958.XSHE,parent_balance,2023-12-31,2023q4,,2024-04-27,advance_payment,,finance_balance_sheet_parent_current_only.csv,advance_payment,,identity_q1_or_ytd_diff,missing_raw_value
002958.XSHE,parent_balance,2023-12-31,2023q4,,2024-04-27,hold_for_sale_assets,,finance_balance_sheet_parent_current_only.csv,hold_for_sale_assets,,identity_q1_or_ytd_diff,missing_raw_value
002958.XSHE,parent_balance,2023-12-31,2023q4,,2024-04-27,hold_to_maturity_investments,,finance_balance_sheet_parent_current_only.csv,hold_to_maturity_investments,,identity_q1_or_ytd_diff,missing_raw_value
002958.XSHE,parent_balance,2023-12-31,2023q4,,2024-04-27,longterm_equity_invest,357000000.0,finance_balance_sheet_parent_current_only.csv,longterm_equity_invest,quarterly_direct,identity_q1_or_ytd_diff,
002958.XSHE,parent_balance,2023-12-31,2023q4,,2024-04-27,investment_property,19000.0,finance_balance_sheet_parent_current_only.csv,investment_property,quarterly_direct,identity_q1_or_ytd_diff,
002958.XSHE,parent_balance,2023-12-31,2023q4,,2024-04-27,inventories,,finance_balance_sheet_parent_current_only.csv,inventories,,identity_q1_or_ytd_diff,missing_raw_value
002958.XSHE,parent_balance,2023-12-31,2023q4,,2024-04-27,fixed_assets,3096266000.0,finance_balance_sheet_parent_current_only.csv,fixed_assets,quarterly_direct,identity_q1_or_ytd_diff,
002958.XSHE,parent_balance,2023-12-31,2023q4,,2024-04-27,constru_in_process,236531000.0,finance_balance_sheet_parent_current_only.csv,constru_in_process,quarterly_direct,identity_q1_or_ytd_diff,
002958.XSHE,parent_balance,2023-12-31,2023q4,,2024-04-27,intangible_assets,77247000.0,finance_balance_sheet_parent_current_only.csv,intangible_assets,quarterly_direct,identity_q1_or_ytd_diff,
002958.XSHE,parent_balance,2023-12-31,2023q4,,2024-04-27,long_deferred_expense,,finance_balance_sheet_parent_current_only.csv,long_deferred_expense,,identity_q1_or_ytd_diff,missing_raw_value
002958.XSHE,parent_balance,2023-12-31,2023q4,,2024-04-27,deferred_tax_assets,4930301000.0,finance_balance_sheet_parent_current_only.csv,deferred_tax_assets,quarterly_direct,identity_q1_or_ytd_diff,
002958.XSHE,parent_balance,2023-12-31,2023q4,,2024-04-27,other_asset,391302000.0,finance_balance_sheet_parent_current_only.csv,other_asset,quarterly_direct,identity_q1_or_ytd_diff,
002958.XSHE,parent_balance,2023-12-31,2023q4,,2024-04-27,total_assets,457895791000.0,finance_balance_sheet_parent_current_only.csv,total_assets,quarterly_direct,identity_q1_or_ytd_diff,
002958.XSHE,parent_balance,2023-12-31,2023q4,,2024-04-27,borrowing_from_centralbank,10714288000.0,finance_balance_sheet_parent_current_only.csv,borrowing_from_centralbank,quarterly_direct,identity_q1_or_ytd_diff,
002958.XSHE,parent_balance,2023-12-31,2023q4,,2024-04-27,shortterm_loan,,finance_balance_sheet_parent_current_only.csv,shortterm_loan,,identity_q1_or_ytd_diff,missing_raw_value
002958.XSHE,parent_balance,2023-12-31,2023q4,,2024-04-27,borrowing_capital,10622039000.0,finance_balance_sheet_parent_current_only.csv,borrowing_capital,quarterly_direct,identity_q1_or_ytd_diff,
002958.XSHE,parent_balance,2023-12-31,2023q4,,2024-04-27,sold_buyback_secu_proceeds,14814579000.0,finance_balance_sheet_parent_current_only.csv,sold_buyback_secu_proceeds,quarterly_direct,identity_q1_or_ytd_diff,
002958.XSHE,parent_balance,2023-12-31,2023q4,,2024-04-27,proxy_secu_proceeds,,finance_balance_sheet_parent_current_only.csv,proxy_secu_proceeds,,identity_q1_or_ytd_diff,missing_raw_value
002958.XSHE,parent_balance,2023-12-31,2023q4,,2024-04-27,notes_payable,,finance_balance_sheet_parent_current_only.csv,notes_payable,,identity_q1_or_ytd_diff,missing_raw_value
002958.XSHE,parent_balance,2023-12-31,2023q4,,2024-04-27,advance_peceipts,,finance_balance_sheet_parent_current_only.csv,advance_peceipts,,identity_q1_or_ytd_diff,missing_raw_value
002958.XSHE,parent_balance,2023-12-31,2023q4,,2024-04-27,commission_payable,,finance_balance_sheet_parent_current_only.csv,commission_payable,,identity_q1_or_ytd_diff,missing_raw_value
002958.XSHE,parent_balance,2023-12-31,2023q4,,2024-04-27,salaries_payable,1979564000.0,finance_balance_sheet_parent_current_only.csv,salaries_payable,quarterly_direct,identity_q1_or_ytd_diff,
002958.XSHE,parent_balance,2023-12-31,2023q4,,2024-04-27,taxs_payable,280693000.0,finance_balance_sheet_parent_current_only.csv,taxs_payable,quarterly_direct,identity_q1_or_ytd_diff,
002958.XSHE,parent_balance,2023-12-31,2023q4,,2024-04-27,interest_payable,,finance_balance_sheet_parent_current_only.csv,interest_payable,,identity_q1_or_ytd_diff,missing_raw_value
002958.XSHE,parent_balance,2023-12-31,2023q4,,2024-04-27,estimate_liability,433128000.0,finance_balance_sheet_parent_current_only.csv,estimate_liability,quarterly_direct,identity_q1_or_ytd_diff,
002958.XSHE,parent_balance,2023-12-31,2023q4,,2024-04-27,longterm_loan,,finance_balance_sheet_parent_current_only.csv,longterm_loan,,identity_q1_or_ytd_diff,missing_raw_value
002958.XSHE,parent_balance,2023-12-31,2023q4,,2024-04-27,bonds_payable,78924284000.0,finance_balance_sheet_parent_current_only.csv,bonds_payable,quarterly_direct,identity_q1_or_ytd_diff,
002958.XSHE,parent_balance,2023-12-31,2023q4,,2024-04-27,deferred_tax_liability,,finance_balance_sheet_parent_current_only.csv,deferred_tax_liability,,identity_q1_or_ytd_diff,missing_raw_value
002958.XSHE,parent_balance,2023-12-31,2023q4,,2024-04-27,other_liability,1181206000.0,finance_balance_sheet_parent_current_only.csv,other_liability,quarterly_direct,identity_q1_or_ytd_diff,
002958.XSHE,parent_balance,2023-12-31,2023q4,,2024-04-27,total_liability,419850778000.0,finance_balance_sheet_parent_current_only.csv,total_liability,quarterly_direct,identity_q1_or_ytd_diff,
002958.XSHE,parent_balance,2023-12-31,2023q4,,2024-04-27,paidin_capital,5555616000.0,finance_balance_sheet_parent_current_only.csv,paidin_capital,quarterly_direct,identity_q1_or_ytd_diff,
002958.XSHE,parent_balance,2023-12-31,2023q4,,2024-04-27,capital_reserve_fund,3818201000.0,finance_balance_sheet_parent_current_only.csv,capital_reserve_fund,quarterly_direct,identity_q1_or_ytd_diff,
002958.XSHE,parent_balance,2023-12-31,2023q4,,2024-04-27,treasury_stock,,finance_balance_sheet_parent_current_only.csv,treasury_stock,,identity_q1_or_ytd_diff,missing_raw_value
002958.XSHE,parent_balance,2023-12-31,2023q4,,2024-04-27,surplus_reserve_fund,4878480000.0,finance_balance_sheet_parent_current_only.csv,surplus_reserve_fund,quarterly_direct,identity_q1_or_ytd_diff,
002958.XSHE,parent_balance,2023-12-31,2023q4,,2024-04-27,equities_parent_company_owners,38045013000.0,finance_balance_sheet_parent_current_only.csv,equities_parent_company_owners,quarterly_direct,identity_q1_or_ytd_diff,
002958.XSHE,parent_balance,2023-12-31,2023q4,,2024-04-27,retained_profit,11296869000.0,finance_balance_sheet_parent_current_only.csv,retained_profit,quarterly_direct,identity_q1_or_ytd_diff,
002958.XSHE,parent_balance,2023-12-31,2023q4,,2024-04-27,minority_interests,,finance_balance_sheet_parent_current_only.csv,minority_interests,,identity_q1_or_ytd_diff,missing_raw_value
002958.XSHE,parent_balance,2023-12-31,2023q4,,2024-04-27,total_owner_equities,38045013000.0,finance_balance_sheet_parent_current_only.csv,total_owner_equities,quarterly_direct,identity_q1_or_ytd_diff,
002958.XSHE,parent_balance,2023-12-31,2023q4,,2024-04-27,other_comprehensive_income,768731000.0,finance_balance_sheet_parent_current_only.csv,other_comprehensive_income,quarterly_direct,identity_q1_or_ytd_diff,
002958.XSHE,parent_balance,2024-03-31,2024q1,,2024-04-27,deposit_in_ib,5366129000.0,finance_balance_sheet_parent_current_only.csv,deposit_in_ib,quarterly_direct,identity_q1_or_ytd_diff,
002958.XSHE,parent_balance,2024-03-31,2024q1,,2024-04-27,cash_equivalents,,finance_balance_sheet_parent_current_only.csv,cash_equivalents,,identity_q1_or_ytd_diff,missing_raw_value
002958.XSHE,parent_balance,2024-03-31,2024q1,,2024-04-27,deposit_client,,finance_balance_sheet_parent_current_only.csv,deposit_client,,identity_q1_or_ytd_diff,missing_raw_value
002958.XSHE,parent_balance,2024-03-31,2024q1,,2024-04-27,cash_in_cb,21585456000.0,finance_balance_sheet_parent_current_only.csv,cash_in_cb,quarterly_direct,identity_q1_or_ytd_diff,
002958.XSHE,parent_balance,2024-03-31,2024q1,,2024-04-27,settlement_provi,,finance_balance_sheet_parent_current_only.csv,settlement_provi,,identity_q1_or_ytd_diff,missing_raw_value
002958.XSHE,parent_balance,2024-03-31,2024q1,,2024-04-27,settlement_provi_client,,finance_balance_sheet_parent_current_only.csv,settlement_provi_client,,identity_q1_or_ytd_diff,missing_raw_value
002958.XSHE,parent_balance,2024-03-31,2024q1,,2024-04-27,lend_capital,9877105000.0,finance_balance_sheet_parent_current_only.csv,lend_capital,quarterly_direct,identity_q1_or_ytd_diff,
002958.XSHE,parent_balance,2024-03-31,2024q1,,2024-04-27,bought_sellback_assets,4893992000.0,finance_balance_sheet_parent_current_only.csv,bought_sellback_assets,quarterly_direct,identity_q1_or_ytd_diff,
002958.XSHE,parent_balance,2024-03-31,2024q1,,2024-04-27,interest_receivable,,finance_balance_sheet_parent_current_only.csv,interest_receivable,,identity_q1_or_ytd_diff,missing_raw_value
002958.XSHE,parent_balance,2024-03-31,2024q1,,2024-04-27,insurance_receivables,,finance_balance_sheet_parent_current_only.csv,insurance_receivables,,identity_q1_or_ytd_diff,missing_raw_value
002958.XSHE,parent_balance,2024-03-31,2024q1,,2024-04-27,loan_and_advance,241749409000.0,finance_balance_sheet_parent_current_only.csv,loan_and_advance,quarterly_direct,identity_q1_or_ytd_diff,
002958.XSHE,parent_balance,2024-03-31,2024q1,,2024-04-27,advance_payment,,finance_balance_sheet_parent_current_only.csv,advance_payment,,identity_q1_or_ytd_diff,missing_raw_value
002958.XSHE,parent_balance,2024-03-31,2024q1,,2024-04-27,hold_for_sale_assets,,finance_balance_sheet_parent_current_only.csv,hold_for_sale_assets,,identity_q1_or_ytd_diff,missing_raw_value
002958.XSHE,parent_balance,2024-03-31,2024q1,,2024-04-27,hold_to_maturity_investments,,finance_balance_sheet_parent_current_only.csv,hold_to_maturity_investments,,identity_q1_or_ytd_diff,missing_raw_value
002958.XSHE,parent_balance,2024-03-31,2024q1,,2024-04-27,longterm_equity_invest,357000000.0,finance_balance_sheet_parent_current_only.csv,longterm_equity_invest,quarterly_direct,identity_q1_or_ytd_diff,
002958.XSHE,parent_balance,2024-03-31,2024q1,,2024-04-27,investment_property,19000.0,finance_balance_sheet_parent_current_only.csv,investment_property,quarterly_direct,identity_q1_or_ytd_diff,
002958.XSHE,parent_balance,2024-03-31,2024q1,,2024-04-27,inventories,,finance_balance_sheet_parent_current_only.csv,inventories,,identity_q1_or_ytd_diff,missing_raw_value
002958.XSHE,parent_balance,2024-03-31,2024q1,,2024-04-27,fixed_assets,3042709000.0,finance_balance_sheet_parent_current_only.csv,fixed_assets,quarterly_direct,identity_q1_or_ytd_diff,
002958.XSHE,parent_balance,2024-03-31,2024q1,,2024-04-27,constru_in_process,239521000.0,finance_balance_sheet_parent_current_only.csv,constru_in_process,quarterly_direct,identity_q1_or_ytd_diff,
002958.XSHE,parent_balance,2024-03-31,2024q1,,2024-04-27,intangible_assets,76737000.0,finance_balance_sheet_parent_current_only.csv,intangible_assets,quarterly_direct,identity_q1_or_ytd_diff,
002958.XSHE,parent_balance,2024-03-31,2024q1,,2024-04-27,long_deferred_expense,,finance_balance_sheet_parent_current_only.csv,long_deferred_expense,,identity_q1_or_ytd_diff,missing_raw_value
002958.XSHE,parent_balance,2024-03-31,2024q1,,2024-04-27,deferred_tax_assets,5061014000.0,finance_balance_sheet_parent_current_only.csv,deferred_tax_assets,quarterly_direct,identity_q1_or_ytd_diff,
002958.XSHE,parent_balance,2024-03-31,2024q1,,2024-04-27,other_asset,431877000.0,finance_balance_sheet_parent_current_only.csv,other_asset,quarterly_direct,identity_q1_or_ytd_diff,
002958.XSHE,parent_balance,2024-03-31,2024q1,,2024-04-27,total_assets,463293350000.0,finance_balance_sheet_parent_current_only.csv,total_assets,quarterly_direct,identity_q1_or_ytd_diff,
002958.XSHE,parent_balance,2024-03-31,2024q1,,2024-04-27,borrowing_from_centralbank,12489823000.0,finance_balance_sheet_parent_current_only.csv,borrowing_from_centralbank,quarterly_direct,identity_q1_or_ytd_diff,
002958.XSHE,parent_balance,2024-03-31,2024q1,,2024-04-27,shortterm_loan,,finance_balance_sheet_parent_current_only.csv,shortterm_loan,,identity_q1_or_ytd_diff,missing_raw_value
002958.XSHE,parent_balance,2024-03-31,2024q1,,2024-04-27,borrowing_capital,7116073000.0,finance_balance_sheet_parent_current_only.csv,borrowing_capital,quarterly_direct,identity_q1_or_ytd_diff,
002958.XSHE,parent_balance,2024-03-31,2024q1,,2024-04-27,sold_buyback_secu_proceeds,16848675000.0,finance_balance_sheet_parent_current_only.csv,sold_buyback_secu_proceeds,quarterly_direct,identity_q1_or_ytd_diff,
002958.XSHE,parent_balance,2024-03-31,2024q1,,2024-04-27,proxy_secu_proceeds,,finance_balance_sheet_parent_current_only.csv,proxy_secu_proceeds,,identity_q1_or_ytd_diff,missing_raw_value
002958.XSHE,parent_balance,2024-03-31,2024q1,,2024-04-27,notes_payable,,finance_balance_sheet_parent_current_only.csv,notes_payable,,identity_q1_or_ytd_diff,missing_raw_value
002958.XSHE,parent_balance,2024-03-31,2024q1,,2024-04-27,advance_peceipts,,finance_balance_sheet_parent_current_only.csv,advance_peceipts,,identity_q1_or_ytd_diff,missing_raw_value
002958.XSHE,parent_balance,2024-03-31,2024q1,,2024-04-27,commission_payable,,finance_balance_sheet_parent_current_only.csv,commission_payable,,identity_q1_or_ytd_diff,missing_raw_value
002958.XSHE,parent_balance,2024-03-31,2024q1,,2024-04-27,salaries_payable,1745509000.0,finance_balance_sheet_parent_current_only.csv,salaries_payable,quarterly_direct,identity_q1_or_ytd_diff,
002958.XSHE,parent_balance,2024-03-31,2024q1,,2024-04-27,taxs_payable,399688000.0,finance_balance_sheet_parent_current_only.csv,taxs_payable,quarterly_direct,identity_q1_or_ytd_diff,
002958.XSHE,parent_balance,2024-03-31,2024q1,,2024-04-27,interest_payable,,finance_balance_sheet_parent_current_only.csv,interest_payable,,identity_q1_or_ytd_diff,missing_raw_value
002958.XSHE,parent_balance,2024-03-31,2024q1,,2024-04-27,estimate_liability,285383000.0,finance_balance_sheet_parent_current_only.csv,estimate_liability,quarterly_direct,identity_q1_or_ytd_diff,
002958.XSHE,parent_balance,2024-03-31,2024q1,,2024-04-27,longterm_loan,,finance_balance_sheet_parent_current_only.csv,longterm_loan,,identity_q1_or_ytd_diff,missing_raw_value
002958.XSHE,parent_balance,2024-03-31,2024q1,,2024-04-27,bonds_payable,73145149000.0,finance_balance_sheet_parent_current_only.csv,bonds_payable,quarterly_direct,identity_q1_or_ytd_diff,
002958.XSHE,parent_balance,2024-03-31,2024q1,,2024-04-27,deferred_tax_liability,,finance_balance_sheet_parent_current_only.csv,deferred_tax_liability,,identity_q1_or_ytd_diff,missing_raw_value
002958.XSHE,parent_balance,2024-03-31,2024q1,,2024-04-27,other_liability,1241250000.0,finance_balance_sheet_parent_current_only.csv,other_liability,quarterly_direct,identity_q1_or_ytd_diff,
002958.XSHE,parent_balance,2024-03-31,2024q1,,2024-04-27,total_liability,424166400000.0,finance_balance_sheet_parent_current_only.csv,total_liability,quarterly_direct,identity_q1_or_ytd_diff,
002958.XSHE,parent_balance,2024-03-31,2024q1,,2024-04-27,paidin_capital,5555617000.0,finance_balance_sheet_parent_current_only.csv,paidin_capital,quarterly_direct,identity_q1_or_ytd_diff,
002958.XSHE,parent_balance,2024-03-31,2024q1,,2024-04-27,capital_reserve_fund,3818204000.0,finance_balance_sheet_parent_current_only.csv,capital_reserve_fund,quarterly_direct,identity_q1_or_ytd_diff,
002958.XSHE,parent_balance,2024-03-31,2024q1,,2024-04-27,treasury_stock,,finance_balance_sheet_parent_current_only.csv,treasury_stock,,identity_q1_or_ytd_diff,missing_raw_value
002958.XSHE,parent_balance,2024-03-31,2024q1,,2024-04-27,surplus_reserve_fund,4878480000.0,finance_balance_sheet_parent_current_only.csv,surplus_reserve_fund,quarterly_direct,identity_q1_or_ytd_diff,
002958.XSHE,parent_balance,2024-03-31,2024q1,,2024-04-27,equities_parent_company_owners,39126950000.0,finance_balance_sheet_parent_current_only.csv,equities_parent_company_owners,quarterly_direct,identity_q1_or_ytd_diff,
002958.XSHE,parent_balance,2024-03-31,2024q1,,2024-04-27,retained_profit,12300320000.0,finance_balance_sheet_parent_current_only.csv,retained_profit,quarterly_direct,identity_q1_or_ytd_diff,
002958.XSHE,parent_balance,2024-03-31,2024q1,,2024-04-27,minority_interests,,finance_balance_sheet_parent_current_only.csv,minority_interests,,identity_q1_or_ytd_diff,missing_raw_value
002958.XSHE,parent_balance,2024-03-31,2024q1,,2024-04-27,total_owner_equities,39126950000.0,finance_balance_sheet_parent_current_only.csv,total_owner_equities,quarterly_direct,identity_q1_or_ytd_diff,
002958.XSHE,parent_balance,2024-03-31,2024q1,,2024-04-27,other_comprehensive_income,847213000.0,finance_balance_sheet_parent_current_only.csv,other_comprehensive_income,quarterly_direct,identity_q1_or_ytd_diff,
002958.XSHE,parent_balance,2024-06-30,2024q2,,2024-08-31,deposit_in_ib,5703306000.0,finance_balance_sheet_parent_current_only.csv,deposit_in_ib,quarterly_direct,identity_q1_or_ytd_diff,
002958.XSHE,parent_balance,2024-06-30,2024q2,,2024-08-31,cash_equivalents,,finance_balance_sheet_parent_current_only.csv,cash_equivalents,,identity_q1_or_ytd_diff,missing_raw_value
002958.XSHE,parent_balance,2024-06-30,2024q2,,2024-08-31,deposit_client,,finance_balance_sheet_parent_current_only.csv,deposit_client,,identity_q1_or_ytd_diff,missing_raw_value
002958.XSHE,parent_balance,2024-06-30,2024q2,,2024-08-31,cash_in_cb,21798667000.0,finance_balance_sheet_parent_current_only.csv,cash_in_cb,quarterly_direct,identity_q1_or_ytd_diff,
002958.XSHE,parent_balance,2024-06-30,2024q2,,2024-08-31,settlement_provi,,finance_balance_sheet_parent_current_only.csv,settlement_provi,,identity_q1_or_ytd_diff,missing_raw_value
002958.XSHE,parent_balance,2024-06-30,2024q2,,2024-08-31,settlement_provi_client,,finance_balance_sheet_parent_current_only.csv,settlement_provi_client,,identity_q1_or_ytd_diff,missing_raw_value
002958.XSHE,parent_balance,2024-06-30,2024q2,,2024-08-31,lend_capital,10804985000.0,finance_balance_sheet_parent_current_only.csv,lend_capital,quarterly_direct,identity_q1_or_ytd_diff,
002958.XSHE,parent_balance,2024-06-30,2024q2,,2024-08-31,bought_sellback_assets,2296993000.0,finance_balance_sheet_parent_current_only.csv,bought_sellback_assets,quarterly_direct,identity_q1_or_ytd_diff,
002958.XSHE,parent_balance,2024-06-30,2024q2,,2024-08-31,interest_receivable,,finance_balance_sheet_parent_current_only.csv,interest_receivable,,identity_q1_or_ytd_diff,missing_raw_value
002958.XSHE,parent_balance,2024-06-30,2024q2,,2024-08-31,insurance_receivables,,finance_balance_sheet_parent_current_only.csv,insurance_receivables,,identity_q1_or_ytd_diff,missing_raw_value
002958.XSHE,parent_balance,2024-06-30,2024q2,,2024-08-31,loan_and_advance,242957349000.0,finance_balance_sheet_parent_current_only.csv,loan_and_advance,quarterly_direct,identity_q1_or_ytd_diff,
002958.XSHE,parent_balance,2024-06-30,2024q2,,2024-08-31,advance_payment,,finance_balance_sheet_parent_current_only.csv,advance_payment,,identity_q1_or_ytd_diff,missing_raw_value
002958.XSHE,parent_balance,2024-06-30,2024q2,,2024-08-31,hold_for_sale_assets,,finance_balance_sheet_parent_current_only.csv,hold_for_sale_assets,,identity_q1_or_ytd_diff,missing_raw_value
002958.XSHE,parent_balance,2024-06-30,2024q2,,2024-08-31,hold_to_maturity_investments,,finance_balance_sheet_parent_current_only.csv,hold_to_maturity_investments,,identity_q1_or_ytd_diff,missing_raw_value
002958.XSHE,parent_balance,2024-06-30,2024q2,,2024-08-31,longterm_equity_invest,357000000.0,finance_balance_sheet_parent_current_only.csv,longterm_equity_invest,quarterly_direct,identity_q1_or_ytd_diff,
002958.XSHE,parent_balance,2024-06-30,2024q2,,2024-08-31,investment_property,19000.0,finance_balance_sheet_parent_current_only.csv,investment_property,quarterly_direct,identity_q1_or_ytd_diff,
002958.XSHE,parent_balance,2024-06-30,2024q2,,2024-08-31,inventories,,finance_balance_sheet_parent_current_only.csv,inventories,,identity_q1_or_ytd_diff,missing_raw_value
002958.XSHE,parent_balance,2024-06-30,2024q2,,2024-08-31,fixed_assets,3006195000.0,finance_balance_sheet_parent_current_only.csv,fixed_assets,quarterly_direct,identity_q1_or_ytd_diff,
002958.XSHE,parent_balance,2024-06-30,2024q2,,2024-08-31,constru_in_process,177813000.0,finance_balance_sheet_parent_current_only.csv,constru_in_process,quarterly_direct,identity_q1_or_ytd_diff,
002958.XSHE,parent_balance,2024-06-30,2024q2,,2024-08-31,intangible_assets,72086000.0,finance_balance_sheet_parent_current_only.csv,intangible_assets,quarterly_direct,identity_q1_or_ytd_diff,
002958.XSHE,parent_balance,2024-06-30,2024q2,,2024-08-31,long_deferred_expense,,finance_balance_sheet_parent_current_only.csv,long_deferred_expense,,identity_q1_or_ytd_diff,missing_raw_value
002958.XSHE,parent_balance,2024-06-30,2024q2,,2024-08-31,deferred_tax_assets,5188046000.0,finance_balance_sheet_parent_current_only.csv,deferred_tax_assets,quarterly_direct,identity_q1_or_ytd_diff,
002958.XSHE,parent_balance,2024-06-30,2024q2,,2024-08-31,other_asset,400624000.0,finance_balance_sheet_parent_current_only.csv,other_asset,quarterly_direct,identity_q1_or_ytd_diff,
002958.XSHE,parent_balance,2024-06-30,2024q2,,2024-08-31,total_assets,464759167000.0,finance_balance_sheet_parent_current_only.csv,total_assets,quarterly_direct,identity_q1_or_ytd_diff,
002958.XSHE,parent_balance,2024-06-30,2024q2,,2024-08-31,borrowing_from_centralbank,14358327000.0,finance_balance_sheet_parent_current_only.csv,borrowing_from_centralbank,quarterly_direct,identity_q1_or_ytd_diff,
002958.XSHE,parent_balance,2024-06-30,2024q2,,2024-08-31,shortterm_loan,,finance_balance_sheet_parent_current_only.csv,shortterm_loan,,identity_q1_or_ytd_diff,missing_raw_value
002958.XSHE,parent_balance,2024-06-30,2024q2,,2024-08-31,borrowing_capital,8078244000.0,finance_balance_sheet_parent_current_only.csv,borrowing_capital,quarterly_direct,identity_q1_or_ytd_diff,
002958.XSHE,parent_balance,2024-06-30,2024q2,,2024-08-31,sold_buyback_secu_proceeds,17226783000.0,finance_balance_sheet_parent_current_only.csv,sold_buyback_secu_proceeds,quarterly_direct,identity_q1_or_ytd_diff,
002958.XSHE,parent_balance,2024-06-30,2024q2,,2024-08-31,proxy_secu_proceeds,,finance_balance_sheet_parent_current_only.csv,proxy_secu_proceeds,,identity_q1_or_ytd_diff,missing_raw_value
002958.XSHE,parent_balance,2024-06-30,2024q2,,2024-08-31,notes_payable,,finance_balance_sheet_parent_current_only.csv,notes_payable,,identity_q1_or_ytd_diff,missing_raw_value
002958.XSHE,parent_balance,2024-06-30,2024q2,,2024-08-31,advance_peceipts,,finance_balance_sheet_parent_current_only.csv,advance_peceipts,,identity_q1_or_ytd_diff,missing_raw_value
002958.XSHE,parent_balance,2024-06-30,2024q2,,2024-08-31,commission_payable,,finance_balance_sheet_parent_current_only.csv,commission_payable,,identity_q1_or_ytd_diff,missing_raw_value
002958.XSHE,parent_balance,2024-06-30,2024q2,,2024-08-31,salaries_payable,1776908000.0,finance_balance_sheet_parent_current_only.csv,salaries_payable,quarterly_direct,identity_q1_or_ytd_diff,
002958.XSHE,parent_balance,2024-06-30,2024q2,,2024-08-31,taxs_payable,429650000.0,finance_balance_sheet_parent_current_only.csv,taxs_payable,quarterly_direct,identity_q1_or_ytd_diff,
002958.XSHE,parent_balance,2024-06-30,2024q2,,2024-08-31,interest_payable,,finance_balance_sheet_parent_current_only.csv,interest_payable,,identity_q1_or_ytd_diff,missing_raw_value
002958.XSHE,parent_balance,2024-06-30,2024q2,,2024-08-31,estimate_liability,248648000.0,finance_balance_sheet_parent_current_only.csv,estimate_liability,quarterly_direct,identity_q1_or_ytd_diff,
002958.XSHE,parent_balance,2024-06-30,2024q2,,2024-08-31,longterm_loan,,finance_balance_sheet_parent_current_only.csv,longterm_loan,,identity_q1_or_ytd_diff,missing_raw_value
002958.XSHE,parent_balance,2024-06-30,2024q2,,2024-08-31,bonds_payable,73324488000.0,finance_balance_sheet_parent_current_only.csv,bonds_payable,quarterly_direct,identity_q1_or_ytd_diff,
002958.XSHE,parent_balance,2024-06-30,2024q2,,2024-08-31,deferred_tax_liability,,finance_balance_sheet_parent_current_only.csv,deferred_tax_liability,,identity_q1_or_ytd_diff,missing_raw_value
002958.XSHE,parent_balance,2024-06-30,2024q2,,2024-08-31,other_liability,1615426000.0,finance_balance_sheet_parent_current_only.csv,other_liability,quarterly_direct,identity_q1_or_ytd_diff,
002958.XSHE,parent_balance,2024-06-30,2024q2,,2024-08-31,total_liability,425142602000.0,finance_balance_sheet_parent_current_only.csv,total_liability,quarterly_direct,identity_q1_or_ytd_diff,
002958.XSHE,parent_balance,2024-06-30,2024q2,,2024-08-31,paidin_capital,5555617000.0,finance_balance_sheet_parent_current_only.csv,paidin_capital,quarterly_direct,identity_q1_or_ytd_diff,
002958.XSHE,parent_balance,2024-06-30,2024q2,,2024-08-31,capital_reserve_fund,3818206000.0,finance_balance_sheet_parent_current_only.csv,capital_reserve_fund,quarterly_direct,identity_q1_or_ytd_diff,
002958.XSHE,parent_balance,2024-06-30,2024q2,,2024-08-31,treasury_stock,,finance_balance_sheet_parent_current_only.csv,treasury_stock,,identity_q1_or_ytd_diff,missing_raw_value
002958.XSHE,parent_balance,2024-06-30,2024q2,,2024-08-31,surplus_reserve_fund,5133524000.0,finance_balance_sheet_parent_current_only.csv,surplus_reserve_fund,quarterly_direct,identity_q1_or_ytd_diff,
002958.XSHE,parent_balance,2024-06-30,2024q2,,2024-08-31,equities_parent_company_owners,39616565000.0,finance_balance_sheet_parent_current_only.csv,equities_parent_company_owners,quarterly_direct,identity_q1_or_ytd_diff,
002958.XSHE,parent_balance,2024-06-30,2024q2,,2024-08-31,retained_profit,11972547000.0,finance_balance_sheet_parent_current_only.csv,retained_profit,quarterly_direct,identity_q1_or_ytd_diff,
002958.XSHE,parent_balance,2024-06-30,2024q2,,2024-08-31,minority_interests,,finance_balance_sheet_parent_current_only.csv,minority_interests,,identity_q1_or_ytd_diff,missing_raw_value
002958.XSHE,parent_balance,2024-06-30,2024q2,,2024-08-31,total_owner_equities,39616565000.0,finance_balance_sheet_parent_current_only.csv,total_owner_equities,quarterly_direct,identity_q1_or_ytd_diff,
002958.XSHE,parent_balance,2024-06-30,2024q2,,2024-08-31,other_comprehensive_income,1007194000.0,finance_balance_sheet_parent_current_only.csv,other_comprehensive_income,quarterly_direct,identity_q1_or_ytd_diff,
002958.XSHE,parent_balance,2024-09-30,2024q3,,2024-10-31,deposit_in_ib,6300365000.0,finance_balance_sheet_parent_current_only.csv,deposit_in_ib,quarterly_direct,identity_q1_or_ytd_diff,
002958.XSHE,parent_balance,2024-09-30,2024q3,,2024-10-31,cash_equivalents,,finance_balance_sheet_parent_current_only.csv,cash_equivalents,,identity_q1_or_ytd_diff,missing_raw_value
002958.XSHE,parent_balance,2024-09-30,2024q3,,2024-10-31,deposit_client,,finance_balance_sheet_parent_current_only.csv,deposit_client,,identity_q1_or_ytd_diff,missing_raw_value
002958.XSHE,parent_balance,2024-09-30,2024q3,,2024-10-31,cash_in_cb,22822919000.0,finance_balance_sheet_parent_current_only.csv,cash_in_cb,quarterly_direct,identity_q1_or_ytd_diff,
002958.XSHE,parent_balance,2024-09-30,2024q3,,2024-10-31,settlement_provi,,finance_balance_sheet_parent_current_only.csv,settlement_provi,,identity_q1_or_ytd_diff,missing_raw_value
002958.XSHE,parent_balance,2024-09-30,2024q3,,2024-10-31,settlement_provi_client,,finance_balance_sheet_parent_current_only.csv,settlement_provi_client,,identity_q1_or_ytd_diff,missing_raw_value
002958.XSHE,parent_balance,2024-09-30,2024q3,,2024-10-31,lend_capital,10729057000.0,finance_balance_sheet_parent_current_only.csv,lend_capital,quarterly_direct,identity_q1_or_ytd_diff,
002958.XSHE,parent_balance,2024-09-30,2024q3,,2024-10-31,bought_sellback_assets,2973133000.0,finance_balance_sheet_parent_current_only.csv,bought_sellback_assets,quarterly_direct,identity_q1_or_ytd_diff,
002958.XSHE,parent_balance,2024-09-30,2024q3,,2024-10-31,interest_receivable,,finance_balance_sheet_parent_current_only.csv,interest_receivable,,identity_q1_or_ytd_diff,missing_raw_value
002958.XSHE,parent_balance,2024-09-30,2024q3,,2024-10-31,insurance_receivables,,finance_balance_sheet_parent_current_only.csv,insurance_receivables,,identity_q1_or_ytd_diff,missing_raw_value
002958.XSHE,parent_balance,2024-09-30,2024q3,,2024-10-31,loan_and_advance,244822771000.0,finance_balance_sheet_parent_current_only.csv,loan_and_advance,quarterly_direct,identity_q1_or_ytd_diff,
002958.XSHE,parent_balance,2024-09-30,2024q3,,2024-10-31,advance_payment,,finance_balance_sheet_parent_current_only.csv,advance_payment,,identity_q1_or_ytd_diff,missing_raw_value
002958.XSHE,parent_balance,2024-09-30,2024q3,,2024-10-31,hold_for_sale_assets,,finance_balance_sheet_parent_current_only.csv,hold_for_sale_assets,,identity_q1_or_ytd_diff,missing_raw_value
002958.XSHE,parent_balance,2024-09-30,2024q3,,2024-10-31,hold_to_maturity_investments,,finance_balance_sheet_parent_current_only.csv,hold_to_maturity_investments,,identity_q1_or_ytd_diff,missing_raw_value
002958.XSHE,parent_balance,2024-09-30,2024q3,,2024-10-31,longterm_equity_invest,391656000.0,finance_balance_sheet_parent_current_only.csv,longterm_equity_invest,quarterly_direct,identity_q1_or_ytd_diff,
002958.XSHE,parent_balance,2024-09-30,2024q3,,2024-10-31,investment_property,19000.0,finance_balance_sheet_parent_current_only.csv,investment_property,quarterly_direct,identity_q1_or_ytd_diff,
002958.XSHE,parent_balance,2024-09-30,2024q3,,2024-10-31,inventories,,finance_balance_sheet_parent_current_only.csv,inventories,,identity_q1_or_ytd_diff,missing_raw_value
002958.XSHE,parent_balance,2024-09-30,2024q3,,2024-10-31,fixed_assets,2973712000.0,finance_balance_sheet_parent_current_only.csv,fixed_assets,quarterly_direct,identity_q1_or_ytd_diff,
002958.XSHE,parent_balance,2024-09-30,2024q3,,2024-10-31,constru_in_process,170535000.0,finance_balance_sheet_parent_current_only.csv,constru_in_process,quarterly_direct,identity_q1_or_ytd_diff,
002958.XSHE,parent_balance,2024-09-30,2024q3,,2024-10-31,intangible_assets,71094000.0,finance_balance_sheet_parent_current_only.csv,intangible_assets,quarterly_direct,identity_q1_or_ytd_diff,
002958.XSHE,parent_balance,2024-09-30,2024q3,,2024-10-31,long_deferred_expense,,finance_balance_sheet_parent_current_only.csv,long_deferred_expense,,identity_q1_or_ytd_diff,missing_raw_value
002958.XSHE,parent_balance,2024-09-30,2024q3,,2024-10-31,deferred_tax_assets,5372084000.0,finance_balance_sheet_parent_current_only.csv,deferred_tax_assets,quarterly_direct,identity_q1_or_ytd_diff,
002958.XSHE,parent_balance,2024-09-30,2024q3,,2024-10-31,other_asset,270862000.0,finance_balance_sheet_parent_current_only.csv,other_asset,quarterly_direct,identity_q1_or_ytd_diff,
002958.XSHE,parent_balance,2024-09-30,2024q3,,2024-10-31,total_assets,468074328000.0,finance_balance_sheet_parent_current_only.csv,total_assets,quarterly_direct,identity_q1_or_ytd_diff,
002958.XSHE,parent_balance,2024-09-30,2024q3,,2024-10-31,borrowing_from_centralbank,17349988000.0,finance_balance_sheet_parent_current_only.csv,borrowing_from_centralbank,quarterly_direct,identity_q1_or_ytd_diff,
002958.XSHE,parent_balance,2024-09-30,2024q3,,2024-10-31,shortterm_loan,,finance_balance_sheet_parent_current_only.csv,shortterm_loan,,identity_q1_or_ytd_diff,missing_raw_value
002958.XSHE,parent_balance,2024-09-30,2024q3,,2024-10-31,borrowing_capital,6503722000.0,finance_balance_sheet_parent_current_only.csv,borrowing_capital,quarterly_direct,identity_q1_or_ytd_diff,
002958.XSHE,parent_balance,2024-09-30,2024q3,,2024-10-31,sold_buyback_secu_proceeds,10366330000.0,finance_balance_sheet_parent_current_only.csv,sold_buyback_secu_proceeds,quarterly_direct,identity_q1_or_ytd_diff,
002958.XSHE,parent_balance,2024-09-30,2024q3,,2024-10-31,proxy_secu_proceeds,,finance_balance_sheet_parent_current_only.csv,proxy_secu_proceeds,,identity_q1_or_ytd_diff,missing_raw_value
002958.XSHE,parent_balance,2024-09-30,2024q3,,2024-10-31,notes_payable,,finance_balance_sheet_parent_current_only.csv,notes_payable,,identity_q1_or_ytd_diff,missing_raw_value
002958.XSHE,parent_balance,2024-09-30,2024q3,,2024-10-31,advance_peceipts,,finance_balance_sheet_parent_current_only.csv,advance_peceipts,,identity_q1_or_ytd_diff,missing_raw_value
002958.XSHE,parent_balance,2024-09-30,2024q3,,2024-10-31,commission_payable,,finance_balance_sheet_parent_current_only.csv,commission_payable,,identity_q1_or_ytd_diff,missing_raw_value
002958.XSHE,parent_balance,2024-09-30,2024q3,,2024-10-31,salaries_payable,1835964000.0,finance_balance_sheet_parent_current_only.csv,salaries_payable,quarterly_direct,identity_q1_or_ytd_diff,
002958.XSHE,parent_balance,2024-09-30,2024q3,,2024-10-31,taxs_payable,537054000.0,finance_balance_sheet_parent_current_only.csv,taxs_payable,quarterly_direct,identity_q1_or_ytd_diff,
002958.XSHE,parent_balance,2024-09-30,2024q3,,2024-10-31,interest_payable,,finance_balance_sheet_parent_current_only.csv,interest_payable,,identity_q1_or_ytd_diff,missing_raw_value
002958.XSHE,parent_balance,2024-09-30,2024q3,,2024-10-31,estimate_liability,185257000.0,finance_balance_sheet_parent_current_only.csv,estimate_liability,quarterly_direct,identity_q1_or_ytd_diff,
002958.XSHE,parent_balance,2024-09-30,2024q3,,2024-10-31,longterm_loan,,finance_balance_sheet_parent_current_only.csv,longterm_loan,,identity_q1_or_ytd_diff,missing_raw_value
002958.XSHE,parent_balance,2024-09-30,2024q3,,2024-10-31,bonds_payable,79809123000.0,finance_balance_sheet_parent_current_only.csv,bonds_payable,quarterly_direct,identity_q1_or_ytd_diff,
002958.XSHE,parent_balance,2024-09-30,2024q3,,2024-10-31,deferred_tax_liability,,finance_balance_sheet_parent_current_only.csv,deferred_tax_liability,,identity_q1_or_ytd_diff,missing_raw_value
002958.XSHE,parent_balance,2024-09-30,2024q3,,2024-10-31,other_liability,1052396000.0,finance_balance_sheet_parent_current_only.csv,other_liability,quarterly_direct,identity_q1_or_ytd_diff,
002958.XSHE,parent_balance,2024-09-30,2024q3,,2024-10-31,total_liability,427422854000.0,finance_balance_sheet_parent_current_only.csv,total_liability,quarterly_direct,identity_q1_or_ytd_diff,
002958.XSHE,parent_balance,2024-09-30,2024q3,,2024-10-31,paidin_capital,5555617000.0,finance_balance_sheet_parent_current_only.csv,paidin_capital,quarterly_direct,identity_q1_or_ytd_diff,
002958.XSHE,parent_balance,2024-09-30,2024q3,,2024-10-31,capital_reserve_fund,3818206000.0,finance_balance_sheet_parent_current_only.csv,capital_reserve_fund,quarterly_direct,identity_q1_or_ytd_diff,
002958.XSHE,parent_balance,2024-09-30,2024q3,,2024-10-31,treasury_stock,,finance_balance_sheet_parent_current_only.csv,treasury_stock,,identity_q1_or_ytd_diff,missing_raw_value
002958.XSHE,parent_balance,2024-09-30,2024q3,,2024-10-31,surplus_reserve_fund,5133524000.0,finance_balance_sheet_parent_current_only.csv,surplus_reserve_fund,quarterly_direct,identity_q1_or_ytd_diff,
002958.XSHE,parent_balance,2024-09-30,2024q3,,2024-10-31,equities_parent_company_owners,40651474000.0,finance_balance_sheet_parent_current_only.csv,equities_parent_company_owners,quarterly_direct,identity_q1_or_ytd_diff,
002958.XSHE,parent_balance,2024-09-30,2024q3,,2024-10-31,retained_profit,13143063000.0,finance_balance_sheet_parent_current_only.csv,retained_profit,quarterly_direct,identity_q1_or_ytd_diff,
002958.XSHE,parent_balance,2024-09-30,2024q3,,2024-10-31,minority_interests,,finance_balance_sheet_parent_current_only.csv,minority_interests,,identity_q1_or_ytd_diff,missing_raw_value
002958.XSHE,parent_balance,2024-09-30,2024q3,,2024-10-31,total_owner_equities,40651474000.0,finance_balance_sheet_parent_current_only.csv,total_owner_equities,quarterly_direct,identity_q1_or_ytd_diff,
002958.XSHE,parent_balance,2024-09-30,2024q3,,2024-10-31,other_comprehensive_income,871587000.0,finance_balance_sheet_parent_current_only.csv,other_comprehensive_income,quarterly_direct,identity_q1_or_ytd_diff,
002958.XSHE,parent_balance,2024-12-31,2024q4,,2025-04-25,deposit_in_ib,4345335000.0,finance_balance_sheet_parent_current_only.csv,deposit_in_ib,quarterly_direct,identity_q1_or_ytd_diff,
002958.XSHE,parent_balance,2024-12-31,2024q4,,2025-04-25,cash_equivalents,,finance_balance_sheet_parent_current_only.csv,cash_equivalents,,identity_q1_or_ytd_diff,missing_raw_value
002958.XSHE,parent_balance,2024-12-31,2024q4,,2025-04-25,deposit_client,,finance_balance_sheet_parent_current_only.csv,deposit_client,,identity_q1_or_ytd_diff,missing_raw_value
002958.XSHE,parent_balance,2024-12-31,2024q4,,2025-04-25,cash_in_cb,25083580000.0,finance_balance_sheet_parent_current_only.csv,cash_in_cb,quarterly_direct,identity_q1_or_ytd_diff,
002958.XSHE,parent_balance,2024-12-31,2024q4,,2025-04-25,settlement_provi,,finance_balance_sheet_parent_current_only.csv,settlement_provi,,identity_q1_or_ytd_diff,missing_raw_value
002958.XSHE,parent_balance,2024-12-31,2024q4,,2025-04-25,settlement_provi_client,,finance_balance_sheet_parent_current_only.csv,settlement_provi_client,,identity_q1_or_ytd_diff,missing_raw_value
002958.XSHE,parent_balance,2024-12-31,2024q4,,2025-04-25,lend_capital,11312656000.0,finance_balance_sheet_parent_current_only.csv,lend_capital,quarterly_direct,identity_q1_or_ytd_diff,
002958.XSHE,parent_balance,2024-12-31,2024q4,,2025-04-25,bought_sellback_assets,12659440000.0,finance_balance_sheet_parent_current_only.csv,bought_sellback_assets,quarterly_direct,identity_q1_or_ytd_diff,
002958.XSHE,parent_balance,2024-12-31,2024q4,,2025-04-25,interest_receivable,,finance_balance_sheet_parent_current_only.csv,interest_receivable,,identity_q1_or_ytd_diff,missing_raw_value
002958.XSHE,parent_balance,2024-12-31,2024q4,,2025-04-25,insurance_receivables,,finance_balance_sheet_parent_current_only.csv,insurance_receivables,,identity_q1_or_ytd_diff,missing_raw_value
002958.XSHE,parent_balance,2024-12-31,2024q4,,2025-04-25,loan_and_advance,246727462000.0,finance_balance_sheet_parent_current_only.csv,loan_and_advance,quarterly_direct,identity_q1_or_ytd_diff,
002958.XSHE,parent_balance,2024-12-31,2024q4,,2025-04-25,advance_payment,,finance_balance_sheet_parent_current_only.csv,advance_payment,,identity_q1_or_ytd_diff,missing_raw_value
002958.XSHE,parent_balance,2024-12-31,2024q4,,2025-04-25,hold_for_sale_assets,,finance_balance_sheet_parent_current_only.csv,hold_for_sale_assets,,identity_q1_or_ytd_diff,missing_raw_value
002958.XSHE,parent_balance,2024-12-31,2024q4,,2025-04-25,hold_to_maturity_investments,,finance_balance_sheet_parent_current_only.csv,hold_to_maturity_investments,,identity_q1_or_ytd_diff,missing_raw_value
002958.XSHE,parent_balance,2024-12-31,2024q4,,2025-04-25,longterm_equity_invest,980007000.0,finance_balance_sheet_parent_current_only.csv,longterm_equity_invest,quarterly_direct,identity_q1_or_ytd_diff,
002958.XSHE,parent_balance,2024-12-31,2024q4,,2025-04-25,investment_property,5000.0,finance_balance_sheet_parent_current_only.csv,investment_property,quarterly_direct,identity_q1_or_ytd_diff,
002958.XSHE,parent_balance,2024-12-31,2024q4,,2025-04-25,inventories,,finance_balance_sheet_parent_current_only.csv,inventories,,identity_q1_or_ytd_diff,missing_raw_value
002958.XSHE,parent_balance,2024-12-31,2024q4,,2025-04-25,fixed_assets,3042487000.0,finance_balance_sheet_parent_current_only.csv,fixed_assets,quarterly_direct,identity_q1_or_ytd_diff,
002958.XSHE,parent_balance,2024-12-31,2024q4,,2025-04-25,constru_in_process,80193000.0,finance_balance_sheet_parent_current_only.csv,constru_in_process,quarterly_direct,identity_q1_or_ytd_diff,
002958.XSHE,parent_balance,2024-12-31,2024q4,,2025-04-25,intangible_assets,70541000.0,finance_balance_sheet_parent_current_only.csv,intangible_assets,quarterly_direct,identity_q1_or_ytd_diff,
002958.XSHE,parent_balance,2024-12-31,2024q4,,2025-04-25,long_deferred_expense,,finance_balance_sheet_parent_current_only.csv,long_deferred_expense,,identity_q1_or_ytd_diff,missing_raw_value
002958.XSHE,parent_balance,2024-12-31,2024q4,,2025-04-25,deferred_tax_assets,5430712000.0,finance_balance_sheet_parent_current_only.csv,deferred_tax_assets,quarterly_direct,identity_q1_or_ytd_diff,
002958.XSHE,parent_balance,2024-12-31,2024q4,,2025-04-25,other_asset,311128000.0,finance_balance_sheet_parent_current_only.csv,other_asset,quarterly_direct,identity_q1_or_ytd_diff,
002958.XSHE,parent_balance,2024-12-31,2024q4,,2025-04-25,total_assets,481982201000.0,finance_balance_sheet_parent_current_only.csv,total_assets,quarterly_direct,identity_q1_or_ytd_diff,
002958.XSHE,parent_balance,2024-12-31,2024q4,,2025-04-25,borrowing_from_centralbank,17818640000.0,finance_balance_sheet_parent_current_only.csv,borrowing_from_centralbank,quarterly_direct,identity_q1_or_ytd_diff,
002958.XSHE,parent_balance,2024-12-31,2024q4,,2025-04-25,shortterm_loan,,finance_balance_sheet_parent_current_only.csv,shortterm_loan,,identity_q1_or_ytd_diff,missing_raw_value
002958.XSHE,parent_balance,2024-12-31,2024q4,,2025-04-25,borrowing_capital,7261103000.0,finance_balance_sheet_parent_current_only.csv,borrowing_capital,quarterly_direct,identity_q1_or_ytd_diff,
002958.XSHE,parent_balance,2024-12-31,2024q4,,2025-04-25,sold_buyback_secu_proceeds,18157678000.0,finance_balance_sheet_parent_current_only.csv,sold_buyback_secu_proceeds,quarterly_direct,identity_q1_or_ytd_diff,
002958.XSHE,parent_balance,2024-12-31,2024q4,,2025-04-25,proxy_secu_proceeds,,finance_balance_sheet_parent_current_only.csv,proxy_secu_proceeds,,identity_q1_or_ytd_diff,missing_raw_value
002958.XSHE,parent_balance,2024-12-31,2024q4,,2025-04-25,notes_payable,,finance_balance_sheet_parent_current_only.csv,notes_payable,,identity_q1_or_ytd_diff,missing_raw_value
002958.XSHE,parent_balance,2024-12-31,2024q4,,2025-04-25,advance_peceipts,,finance_balance_sheet_parent_current_only.csv,advance_peceipts,,identity_q1_or_ytd_diff,missing_raw_value
002958.XSHE,parent_balance,2024-12-31,2024q4,,2025-04-25,commission_payable,,finance_balance_sheet_parent_current_only.csv,commission_payable,,identity_q1_or_ytd_diff,missing_raw_value
002958.XSHE,parent_balance,2024-12-31,2024q4,,2025-04-25,salaries_payable,2163069000.0,finance_balance_sheet_parent_current_only.csv,salaries_payable,quarterly_direct,identity_q1_or_ytd_diff,
002958.XSHE,parent_balance,2024-12-31,2024q4,,2025-04-25,taxs_payable,211031000.0,finance_balance_sheet_parent_current_only.csv,taxs_payable,quarterly_direct,identity_q1_or_ytd_diff,
002958.XSHE,parent_balance,2024-12-31,2024q4,,2025-04-25,interest_payable,,finance_balance_sheet_parent_current_only.csv,interest_payable,,identity_q1_or_ytd_diff,missing_raw_value
002958.XSHE,parent_balance,2024-12-31,2024q4,,2025-04-25,estimate_liability,305541000.0,finance_balance_sheet_parent_current_only.csv,estimate_liability,quarterly_direct,identity_q1_or_ytd_diff,
002958.XSHE,parent_balance,2024-12-31,2024q4,,2025-04-25,longterm_loan,,finance_balance_sheet_parent_current_only.csv,longterm_loan,,identity_q1_or_ytd_diff,missing_raw_value
002958.XSHE,parent_balance,2024-12-31,2024q4,,2025-04-25,bonds_payable,76572630000.0,finance_balance_sheet_parent_current_only.csv,bonds_payable,quarterly_direct,identity_q1_or_ytd_diff,
002958.XSHE,parent_balance,2024-12-31,2024q4,,2025-04-25,deferred_tax_liability,,finance_balance_sheet_parent_current_only.csv,deferred_tax_liability,,identity_q1_or_ytd_diff,missing_raw_value
002958.XSHE,parent_balance,2024-12-31,2024q4,,2025-04-25,other_liability,948502000.0,finance_balance_sheet_parent_current_only.csv,other_liability,quarterly_direct,identity_q1_or_ytd_diff,
002958.XSHE,parent_balance,2024-12-31,2024q4,,2025-04-25,total_liability,441379192000.0,finance_balance_sheet_parent_current_only.csv,total_liability,quarterly_direct,identity_q1_or_ytd_diff,
002958.XSHE,parent_balance,2024-12-31,2024q4,,2025-04-25,paidin_capital,5555617000.0,finance_balance_sheet_parent_current_only.csv,paidin_capital,quarterly_direct,identity_q1_or_ytd_diff,
002958.XSHE,parent_balance,2024-12-31,2024q4,,2025-04-25,capital_reserve_fund,3818206000.0,finance_balance_sheet_parent_current_only.csv,capital_reserve_fund,quarterly_direct,identity_q1_or_ytd_diff,
002958.XSHE,parent_balance,2024-12-31,2024q4,,2025-04-25,treasury_stock,,finance_balance_sheet_parent_current_only.csv,treasury_stock,,identity_q1_or_ytd_diff,missing_raw_value
002958.XSHE,parent_balance,2024-12-31,2024q4,,2025-04-25,surplus_reserve_fund,5412113000.0,finance_balance_sheet_parent_current_only.csv,surplus_reserve_fund,quarterly_direct,identity_q1_or_ytd_diff,
002958.XSHE,parent_balance,2024-12-31,2024q4,,2025-04-25,equities_parent_company_owners,40603009000.0,finance_balance_sheet_parent_current_only.csv,equities_parent_company_owners,quarterly_direct,identity_q1_or_ytd_diff,
002958.XSHE,parent_balance,2024-12-31,2024q4,,2025-04-25,retained_profit,12350200000.0,finance_balance_sheet_parent_current_only.csv,retained_profit,quarterly_direct,identity_q1_or_ytd_diff,
002958.XSHE,parent_balance,2024-12-31,2024q4,,2025-04-25,minority_interests,,finance_balance_sheet_parent_current_only.csv,minority_interests,,identity_q1_or_ytd_diff,missing_raw_value
002958.XSHE,parent_balance,2024-12-31,2024q4,,2025-04-25,total_owner_equities,40603009000.0,finance_balance_sheet_parent_current_only.csv,total_owner_equities,quarterly_direct,identity_q1_or_ytd_diff,
002958.XSHE,parent_balance,2024-12-31,2024q4,,2025-04-25,other_comprehensive_income,1337397000.0,finance_balance_sheet_parent_current_only.csv,other_comprehensive_income,quarterly_direct,identity_q1_or_ytd_diff,
002958.XSHE,parent_balance,2025-03-31,2025q1,,2025-04-25,deposit_in_ib,5322952000.0,finance_balance_sheet_parent_current_only.csv,deposit_in_ib,quarterly_direct,identity_q1_or_ytd_diff,
002958.XSHE,parent_balance,2025-03-31,2025q1,,2025-04-25,cash_equivalents,,finance_balance_sheet_parent_current_only.csv,cash_equivalents,,identity_q1_or_ytd_diff,missing_raw_value
002958.XSHE,parent_balance,2025-03-31,2025q1,,2025-04-25,deposit_client,,finance_balance_sheet_parent_current_only.csv,deposit_client,,identity_q1_or_ytd_diff,missing_raw_value
002958.XSHE,parent_balance,2025-03-31,2025q1,,2025-04-25,cash_in_cb,27249872000.0,finance_balance_sheet_parent_current_only.csv,cash_in_cb,quarterly_direct,identity_q1_or_ytd_diff,
002958.XSHE,parent_balance,2025-03-31,2025q1,,2025-04-25,settlement_provi,,finance_balance_sheet_parent_current_only.csv,settlement_provi,,identity_q1_or_ytd_diff,missing_raw_value
002958.XSHE,parent_balance,2025-03-31,2025q1,,2025-04-25,settlement_provi_client,,finance_balance_sheet_parent_current_only.csv,settlement_provi_client,,identity_q1_or_ytd_diff,missing_raw_value
002958.XSHE,parent_balance,2025-03-31,2025q1,,2025-04-25,lend_capital,13578688000.0,finance_balance_sheet_parent_current_only.csv,lend_capital,quarterly_direct,identity_q1_or_ytd_diff,
002958.XSHE,parent_balance,2025-03-31,2025q1,,2025-04-25,bought_sellback_assets,10856617000.0,finance_balance_sheet_parent_current_only.csv,bought_sellback_assets,quarterly_direct,identity_q1_or_ytd_diff,
002958.XSHE,parent_balance,2025-03-31,2025q1,,2025-04-25,interest_receivable,,finance_balance_sheet_parent_current_only.csv,interest_receivable,,identity_q1_or_ytd_diff,missing_raw_value
002958.XSHE,parent_balance,2025-03-31,2025q1,,2025-04-25,insurance_receivables,,finance_balance_sheet_parent_current_only.csv,insurance_receivables,,identity_q1_or_ytd_diff,missing_raw_value
002958.XSHE,parent_balance,2025-03-31,2025q1,,2025-04-25,loan_and_advance,254468483000.0,finance_balance_sheet_parent_current_only.csv,loan_and_advance,quarterly_direct,identity_q1_or_ytd_diff,
002958.XSHE,parent_balance,2025-03-31,2025q1,,2025-04-25,advance_payment,,finance_balance_sheet_parent_current_only.csv,advance_payment,,identity_q1_or_ytd_diff,missing_raw_value
002958.XSHE,parent_balance,2025-03-31,2025q1,,2025-04-25,hold_for_sale_assets,,finance_balance_sheet_parent_current_only.csv,hold_for_sale_assets,,identity_q1_or_ytd_diff,missing_raw_value
002958.XSHE,parent_balance,2025-03-31,2025q1,,2025-04-25,hold_to_maturity_investments,,finance_balance_sheet_parent_current_only.csv,hold_to_maturity_investments,,identity_q1_or_ytd_diff,missing_raw_value
002958.XSHE,parent_balance,2025-03-31,2025q1,,2025-04-25,longterm_equity_invest,1081763000.0,finance_balance_sheet_parent_current_only.csv,longterm_equity_invest,quarterly_direct,identity_q1_or_ytd_diff,
002958.XSHE,parent_balance,2025-03-31,2025q1,,2025-04-25,investment_property,5000.0,finance_balance_sheet_parent_current_only.csv,investment_property,quarterly_direct,identity_q1_or_ytd_diff,
002958.XSHE,parent_balance,2025-03-31,2025q1,,2025-04-25,inventories,,finance_balance_sheet_parent_current_only.csv,inventories,,identity_q1_or_ytd_diff,missing_raw_value
002958.XSHE,parent_balance,2025-03-31,2025q1,,2025-04-25,fixed_assets,2996956000.0,finance_balance_sheet_parent_current_only.csv,fixed_assets,quarterly_direct,identity_q1_or_ytd_diff,
002958.XSHE,parent_balance,2025-03-31,2025q1,,2025-04-25,constru_in_process,79073000.0,finance_balance_sheet_parent_current_only.csv,constru_in_process,quarterly_direct,identity_q1_or_ytd_diff,
002958.XSHE,parent_balance,2025-03-31,2025q1,,2025-04-25,intangible_assets,69989000.0,finance_balance_sheet_parent_current_only.csv,intangible_assets,quarterly_direct,identity_q1_or_ytd_diff,
002958.XSHE,parent_balance,2025-03-31,2025q1,,2025-04-25,long_deferred_expense,,finance_balance_sheet_parent_current_only.csv,long_deferred_expense,,identity_q1_or_ytd_diff,missing_raw_value
002958.XSHE,parent_balance,2025-03-31,2025q1,,2025-04-25,deferred_tax_assets,5778977000.0,finance_balance_sheet_parent_current_only.csv,deferred_tax_assets,quarterly_direct,identity_q1_or_ytd_diff,
002958.XSHE,parent_balance,2025-03-31,2025q1,,2025-04-25,other_asset,245952000.0,finance_balance_sheet_parent_current_only.csv,other_asset,quarterly_direct,identity_q1_or_ytd_diff,
002958.XSHE,parent_balance,2025-03-31,2025q1,,2025-04-25,total_assets,498384664000.0,finance_balance_sheet_parent_current_only.csv,total_assets,quarterly_direct,identity_q1_or_ytd_diff,
002958.XSHE,parent_balance,2025-03-31,2025q1,,2025-04-25,borrowing_from_centralbank,18822666000.0,finance_balance_sheet_parent_current_only.csv,borrowing_from_centralbank,quarterly_direct,identity_q1_or_ytd_diff,
002958.XSHE,parent_balance,2025-03-31,2025q1,,2025-04-25,shortterm_loan,,finance_balance_sheet_parent_current_only.csv,shortterm_loan,,identity_q1_or_ytd_diff,missing_raw_value
002958.XSHE,parent_balance,2025-03-31,2025q1,,2025-04-25,borrowing_capital,10028278000.0,finance_balance_sheet_parent_current_only.csv,borrowing_capital,quarterly_direct,identity_q1_or_ytd_diff,
002958.XSHE,parent_balance,2025-03-31,2025q1,,2025-04-25,sold_buyback_secu_proceeds,11481975000.0,finance_balance_sheet_parent_current_only.csv,sold_buyback_secu_proceeds,quarterly_direct,identity_q1_or_ytd_diff,
002958.XSHE,parent_balance,2025-03-31,2025q1,,2025-04-25,proxy_secu_proceeds,,finance_balance_sheet_parent_current_only.csv,proxy_secu_proceeds,,identity_q1_or_ytd_diff,missing_raw_value
002958.XSHE,parent_balance,2025-03-31,2025q1,,2025-04-25,notes_payable,,finance_balance_sheet_parent_current_only.csv,notes_payable,,identity_q1_or_ytd_diff,missing_raw_value
002958.XSHE,parent_balance,2025-03-31,2025q1,,2025-04-25,advance_peceipts,,finance_balance_sheet_parent_current_only.csv,advance_peceipts,,identity_q1_or_ytd_diff,missing_raw_value
002958.XSHE,parent_balance,2025-03-31,2025q1,,2025-04-25,commission_payable,,finance_balance_sheet_parent_current_only.csv,commission_payable,,identity_q1_or_ytd_diff,missing_raw_value
002958.XSHE,parent_balance,2025-03-31,2025q1,,2025-04-25,salaries_payable,1882622000.0,finance_balance_sheet_parent_current_only.csv,salaries_payable,quarterly_direct,identity_q1_or_ytd_diff,
002958.XSHE,parent_balance,2025-03-31,2025q1,,2025-04-25,taxs_payable,487015000.0,finance_balance_sheet_parent_current_only.csv,taxs_payable,quarterly_direct,identity_q1_or_ytd_diff,
002958.XSHE,parent_balance,2025-03-31,2025q1,,2025-04-25,interest_payable,,finance_balance_sheet_parent_current_only.csv,interest_payable,,identity_q1_or_ytd_diff,missing_raw_value
002958.XSHE,parent_balance,2025-03-31,2025q1,,2025-04-25,estimate_liability,317843000.0,finance_balance_sheet_parent_current_only.csv,estimate_liability,quarterly_direct,identity_q1_or_ytd_diff,
002958.XSHE,parent_balance,2025-03-31,2025q1,,2025-04-25,longterm_loan,,finance_balance_sheet_parent_current_only.csv,longterm_loan,,identity_q1_or_ytd_diff,missing_raw_value
002958.XSHE,parent_balance,2025-03-31,2025q1,,2025-04-25,bonds_payable,75617448000.0,finance_balance_sheet_parent_current_only.csv,bonds_payable,quarterly_direct,identity_q1_or_ytd_diff,
002958.XSHE,parent_balance,2025-03-31,2025q1,,2025-04-25,deferred_tax_liability,,finance_balance_sheet_parent_current_only.csv,deferred_tax_liability,,identity_q1_or_ytd_diff,missing_raw_value
002958.XSHE,parent_balance,2025-03-31,2025q1,,2025-04-25,other_liability,1260574000.0,finance_balance_sheet_parent_current_only.csv,other_liability,quarterly_direct,identity_q1_or_ytd_diff,
002958.XSHE,parent_balance,2025-03-31,2025q1,,2025-04-25,total_liability,457301208000.0,finance_balance_sheet_parent_current_only.csv,total_liability,quarterly_direct,identity_q1_or_ytd_diff,
002958.XSHE,parent_balance,2025-03-31,2025q1,,2025-04-25,paidin_capital,5555619000.0,finance_balance_sheet_parent_current_only.csv,paidin_capital,quarterly_direct,identity_q1_or_ytd_diff,
002958.XSHE,parent_balance,2025-03-31,2025q1,,2025-04-25,capital_reserve_fund,3818213000.0,finance_balance_sheet_parent_current_only.csv,capital_reserve_fund,quarterly_direct,identity_q1_or_ytd_diff,
002958.XSHE,parent_balance,2025-03-31,2025q1,,2025-04-25,treasury_stock,,finance_balance_sheet_parent_current_only.csv,treasury_stock,,identity_q1_or_ytd_diff,missing_raw_value
002958.XSHE,parent_balance,2025-03-31,2025q1,,2025-04-25,surplus_reserve_fund,5412113000.0,finance_balance_sheet_parent_current_only.csv,surplus_reserve_fund,quarterly_direct,identity_q1_or_ytd_diff,
002958.XSHE,parent_balance,2025-03-31,2025q1,,2025-04-25,equities_parent_company_owners,41083456000.0,finance_balance_sheet_parent_current_only.csv,equities_parent_company_owners,quarterly_direct,identity_q1_or_ytd_diff,
002958.XSHE,parent_balance,2025-03-31,2025q1,,2025-04-25,retained_profit,13457108000.0,finance_balance_sheet_parent_current_only.csv,retained_profit,quarterly_direct,identity_q1_or_ytd_diff,
002958.XSHE,parent_balance,2025-03-31,2025q1,,2025-04-25,minority_interests,,finance_balance_sheet_parent_current_only.csv,minority_interests,,identity_q1_or_ytd_diff,missing_raw_value
002958.XSHE,parent_balance,2025-03-31,2025q1,,2025-04-25,total_owner_equities,41083456000.0,finance_balance_sheet_parent_current_only.csv,total_owner_equities,quarterly_direct,identity_q1_or_ytd_diff,
002958.XSHE,parent_balance,2025-03-31,2025q1,,2025-04-25,other_comprehensive_income,710926000.0,finance_balance_sheet_parent_current_only.csv,other_comprehensive_income,quarterly_direct,identity_q1_or_ytd_diff,
002958.XSHE,parent_balance,2025-06-30,2025q2,,2025-08-28,deposit_in_ib,5446124000.0,finance_balance_sheet_parent_current_only.csv,deposit_in_ib,quarterly_direct,identity_q1_or_ytd_diff,
002958.XSHE,parent_balance,2025-06-30,2025q2,,2025-08-28,cash_equivalents,,finance_balance_sheet_parent_current_only.csv,cash_equivalents,,identity_q1_or_ytd_diff,missing_raw_value
002958.XSHE,parent_balance,2025-06-30,2025q2,,2025-08-28,deposit_client,,finance_balance_sheet_parent_current_only.csv,deposit_client,,identity_q1_or_ytd_diff,missing_raw_value
002958.XSHE,parent_balance,2025-06-30,2025q2,,2025-08-28,cash_in_cb,23569073000.0,finance_balance_sheet_parent_current_only.csv,cash_in_cb,quarterly_direct,identity_q1_or_ytd_diff,
002958.XSHE,parent_balance,2025-06-30,2025q2,,2025-08-28,settlement_provi,,finance_balance_sheet_parent_current_only.csv,settlement_provi,,identity_q1_or_ytd_diff,missing_raw_value
002958.XSHE,parent_balance,2025-06-30,2025q2,,2025-08-28,settlement_provi_client,,finance_balance_sheet_parent_current_only.csv,settlement_provi_client,,identity_q1_or_ytd_diff,missing_raw_value
002958.XSHE,parent_balance,2025-06-30,2025q2,,2025-08-28,lend_capital,15757473000.0,finance_balance_sheet_parent_current_only.csv,lend_capital,quarterly_direct,identity_q1_or_ytd_diff,
002958.XSHE,parent_balance,2025-06-30,2025q2,,2025-08-28,bought_sellback_assets,4789546000.0,finance_balance_sheet_parent_current_only.csv,bought_sellback_assets,quarterly_direct,identity_q1_or_ytd_diff,
002958.XSHE,parent_balance,2025-06-30,2025q2,,2025-08-28,interest_receivable,,finance_balance_sheet_parent_current_only.csv,interest_receivable,,identity_q1_or_ytd_diff,missing_raw_value
002958.XSHE,parent_balance,2025-06-30,2025q2,,2025-08-28,insurance_receivables,,finance_balance_sheet_parent_current_only.csv,insurance_receivables,,identity_q1_or_ytd_diff,missing_raw_value
002958.XSHE,parent_balance,2025-06-30,2025q2,,2025-08-28,loan_and_advance,252472306000.0,finance_balance_sheet_parent_current_only.csv,loan_and_advance,quarterly_direct,identity_q1_or_ytd_diff,
002958.XSHE,parent_balance,2025-06-30,2025q2,,2025-08-28,advance_payment,,finance_balance_sheet_parent_current_only.csv,advance_payment,,identity_q1_or_ytd_diff,missing_raw_value
002958.XSHE,parent_balance,2025-06-30,2025q2,,2025-08-28,hold_for_sale_assets,,finance_balance_sheet_parent_current_only.csv,hold_for_sale_assets,,identity_q1_or_ytd_diff,missing_raw_value
002958.XSHE,parent_balance,2025-06-30,2025q2,,2025-08-28,hold_to_maturity_investments,,finance_balance_sheet_parent_current_only.csv,hold_to_maturity_investments,,identity_q1_or_ytd_diff,missing_raw_value
002958.XSHE,parent_balance,2025-06-30,2025q2,,2025-08-28,longterm_equity_invest,1195763000.0,finance_balance_sheet_parent_current_only.csv,longterm_equity_invest,quarterly_direct,identity_q1_or_ytd_diff,
002958.XSHE,parent_balance,2025-06-30,2025q2,,2025-08-28,investment_property,5000.0,finance_balance_sheet_parent_current_only.csv,investment_property,quarterly_direct,identity_q1_or_ytd_diff,
002958.XSHE,parent_balance,2025-06-30,2025q2,,2025-08-28,inventories,,finance_balance_sheet_parent_current_only.csv,inventories,,identity_q1_or_ytd_diff,missing_raw_value
002958.XSHE,parent_balance,2025-06-30,2025q2,,2025-08-28,fixed_assets,2943975000.0,finance_balance_sheet_parent_current_only.csv,fixed_assets,quarterly_direct,identity_q1_or_ytd_diff,
002958.XSHE,parent_balance,2025-06-30,2025q2,,2025-08-28,constru_in_process,74094000.0,finance_balance_sheet_parent_current_only.csv,constru_in_process,quarterly_direct,identity_q1_or_ytd_diff,
002958.XSHE,parent_balance,2025-06-30,2025q2,,2025-08-28,intangible_assets,69344000.0,finance_balance_sheet_parent_current_only.csv,intangible_assets,quarterly_direct,identity_q1_or_ytd_diff,
002958.XSHE,parent_balance,2025-06-30,2025q2,,2025-08-28,long_deferred_expense,,finance_balance_sheet_parent_current_only.csv,long_deferred_expense,,identity_q1_or_ytd_diff,missing_raw_value
002958.XSHE,parent_balance,2025-06-30,2025q2,,2025-08-28,deferred_tax_assets,5694108000.0,finance_balance_sheet_parent_current_only.csv,deferred_tax_assets,quarterly_direct,identity_q1_or_ytd_diff,
002958.XSHE,parent_balance,2025-06-30,2025q2,,2025-08-28,other_asset,255112000.0,finance_balance_sheet_parent_current_only.csv,other_asset,quarterly_direct,identity_q1_or_ytd_diff,
002958.XSHE,parent_balance,2025-06-30,2025q2,,2025-08-28,total_assets,492198695000.0,finance_balance_sheet_parent_current_only.csv,total_assets,quarterly_direct,identity_q1_or_ytd_diff,
002958.XSHE,parent_balance,2025-06-30,2025q2,,2025-08-28,borrowing_from_centralbank,17830537000.0,finance_balance_sheet_parent_current_only.csv,borrowing_from_centralbank,quarterly_direct,identity_q1_or_ytd_diff,
002958.XSHE,parent_balance,2025-06-30,2025q2,,2025-08-28,shortterm_loan,,finance_balance_sheet_parent_current_only.csv,shortterm_loan,,identity_q1_or_ytd_diff,missing_raw_value
002958.XSHE,parent_balance,2025-06-30,2025q2,,2025-08-28,borrowing_capital,9792667000.0,finance_balance_sheet_parent_current_only.csv,borrowing_capital,quarterly_direct,identity_q1_or_ytd_diff,
002958.XSHE,parent_balance,2025-06-30,2025q2,,2025-08-28,sold_buyback_secu_proceeds,16057666000.0,finance_balance_sheet_parent_current_only.csv,sold_buyback_secu_proceeds,quarterly_direct,identity_q1_or_ytd_diff,
002958.XSHE,parent_balance,2025-06-30,2025q2,,2025-08-28,proxy_secu_proceeds,,finance_balance_sheet_parent_current_only.csv,proxy_secu_proceeds,,identity_q1_or_ytd_diff,missing_raw_value
002958.XSHE,parent_balance,2025-06-30,2025q2,,2025-08-28,notes_payable,,finance_balance_sheet_parent_current_only.csv,notes_payable,,identity_q1_or_ytd_diff,missing_raw_value
002958.XSHE,parent_balance,2025-06-30,2025q2,,2025-08-28,advance_peceipts,,finance_balance_sheet_parent_current_only.csv,advance_peceipts,,identity_q1_or_ytd_diff,missing_raw_value
002958.XSHE,parent_balance,2025-06-30,2025q2,,2025-08-28,commission_payable,,finance_balance_sheet_parent_current_only.csv,commission_payable,,identity_q1_or_ytd_diff,missing_raw_value
002958.XSHE,parent_balance,2025-06-30,2025q2,,2025-08-28,salaries_payable,1915123000.0,finance_balance_sheet_parent_current_only.csv,salaries_payable,quarterly_direct,identity_q1_or_ytd_diff,
002958.XSHE,parent_balance,2025-06-30,2025q2,,2025-08-28,taxs_payable,417306000.0,finance_balance_sheet_parent_current_only.csv,taxs_payable,quarterly_direct,identity_q1_or_ytd_diff,
002958.XSHE,parent_balance,2025-06-30,2025q2,,2025-08-28,interest_payable,,finance_balance_sheet_parent_current_only.csv,interest_payable,,identity_q1_or_ytd_diff,missing_raw_value
002958.XSHE,parent_balance,2025-06-30,2025q2,,2025-08-28,estimate_liability,325556000.0,finance_balance_sheet_parent_current_only.csv,estimate_liability,quarterly_direct,identity_q1_or_ytd_diff,
002958.XSHE,parent_balance,2025-06-30,2025q2,,2025-08-28,longterm_loan,,finance_balance_sheet_parent_current_only.csv,longterm_loan,,identity_q1_or_ytd_diff,missing_raw_value
002958.XSHE,parent_balance,2025-06-30,2025q2,,2025-08-28,bonds_payable,77608187000.0,finance_balance_sheet_parent_current_only.csv,bonds_payable,quarterly_direct,identity_q1_or_ytd_diff,
002958.XSHE,parent_balance,2025-06-30,2025q2,,2025-08-28,deferred_tax_liability,,finance_balance_sheet_parent_current_only.csv,deferred_tax_liability,,identity_q1_or_ytd_diff,missing_raw_value
002958.XSHE,parent_balance,2025-06-30,2025q2,,2025-08-28,other_liability,1491632000.0,finance_balance_sheet_parent_current_only.csv,other_liability,quarterly_direct,identity_q1_or_ytd_diff,
002958.XSHE,parent_balance,2025-06-30,2025q2,,2025-08-28,total_liability,450545658000.0,finance_balance_sheet_parent_current_only.csv,total_liability,quarterly_direct,identity_q1_or_ytd_diff,
002958.XSHE,parent_balance,2025-06-30,2025q2,,2025-08-28,paidin_capital,5555619000.0,finance_balance_sheet_parent_current_only.csv,paidin_capital,quarterly_direct,identity_q1_or_ytd_diff,
002958.XSHE,parent_balance,2025-06-30,2025q2,,2025-08-28,capital_reserve_fund,3818214000.0,finance_balance_sheet_parent_current_only.csv,capital_reserve_fund,quarterly_direct,identity_q1_or_ytd_diff,
002958.XSHE,parent_balance,2025-06-30,2025q2,,2025-08-28,treasury_stock,,finance_balance_sheet_parent_current_only.csv,treasury_stock,,identity_q1_or_ytd_diff,missing_raw_value
002958.XSHE,parent_balance,2025-06-30,2025q2,,2025-08-28,surplus_reserve_fund,5690702000.0,finance_balance_sheet_parent_current_only.csv,surplus_reserve_fund,quarterly_direct,identity_q1_or_ytd_diff,
002958.XSHE,parent_balance,2025-06-30,2025q2,,2025-08-28,equities_parent_company_owners,41653037000.0,finance_balance_sheet_parent_current_only.csv,equities_parent_company_owners,quarterly_direct,identity_q1_or_ytd_diff,
002958.XSHE,parent_balance,2025-06-30,2025q2,,2025-08-28,retained_profit,13266007000.0,finance_balance_sheet_parent_current_only.csv,retained_profit,quarterly_direct,identity_q1_or_ytd_diff,
002958.XSHE,parent_balance,2025-06-30,2025q2,,2025-08-28,minority_interests,,finance_balance_sheet_parent_current_only.csv,minority_interests,,identity_q1_or_ytd_diff,missing_raw_value
002958.XSHE,parent_balance,2025-06-30,2025q2,,2025-08-28,total_owner_equities,41653037000.0,finance_balance_sheet_parent_current_only.csv,total_owner_equities,quarterly_direct,identity_q1_or_ytd_diff,
002958.XSHE,parent_balance,2025-06-30,2025q2,,2025-08-28,other_comprehensive_income,1029707000.0,finance_balance_sheet_parent_current_only.csv,other_comprehensive_income,quarterly_direct,identity_q1_or_ytd_diff,
002958.XSHE,parent_balance,2025-09-30,2025q3,,2025-10-31,deposit_in_ib,8336422000.0,finance_balance_sheet_parent_current_only.csv,deposit_in_ib,quarterly_direct,identity_q1_or_ytd_diff,
002958.XSHE,parent_balance,2025-09-30,2025q3,,2025-10-31,cash_equivalents,,finance_balance_sheet_parent_current_only.csv,cash_equivalents,,identity_q1_or_ytd_diff,missing_raw_value
002958.XSHE,parent_balance,2025-09-30,2025q3,,2025-10-31,deposit_client,,finance_balance_sheet_parent_current_only.csv,deposit_client,,identity_q1_or_ytd_diff,missing_raw_value
002958.XSHE,parent_balance,2025-09-30,2025q3,,2025-10-31,cash_in_cb,26980014000.0,finance_balance_sheet_parent_current_only.csv,cash_in_cb,quarterly_direct,identity_q1_or_ytd_diff,
002958.XSHE,parent_balance,2025-09-30,2025q3,,2025-10-31,settlement_provi,,finance_balance_sheet_parent_current_only.csv,settlement_provi,,identity_q1_or_ytd_diff,missing_raw_value
002958.XSHE,parent_balance,2025-09-30,2025q3,,2025-10-31,settlement_provi_client,,finance_balance_sheet_parent_current_only.csv,settlement_provi_client,,identity_q1_or_ytd_diff,missing_raw_value
002958.XSHE,parent_balance,2025-09-30,2025q3,,2025-10-31,lend_capital,16831590000.0,finance_balance_sheet_parent_current_only.csv,lend_capital,quarterly_direct,identity_q1_or_ytd_diff,
002958.XSHE,parent_balance,2025-09-30,2025q3,,2025-10-31,bought_sellback_assets,3981759000.0,finance_balance_sheet_parent_current_only.csv,bought_sellback_assets,quarterly_direct,identity_q1_or_ytd_diff,
002958.XSHE,parent_balance,2025-09-30,2025q3,,2025-10-31,interest_receivable,,finance_balance_sheet_parent_current_only.csv,interest_receivable,,identity_q1_or_ytd_diff,missing_raw_value
002958.XSHE,parent_balance,2025-09-30,2025q3,,2025-10-31,insurance_receivables,,finance_balance_sheet_parent_current_only.csv,insurance_receivables,,identity_q1_or_ytd_diff,missing_raw_value
002958.XSHE,parent_balance,2025-09-30,2025q3,,2025-10-31,loan_and_advance,248960109000.0,finance_balance_sheet_parent_current_only.csv,loan_and_advance,quarterly_direct,identity_q1_or_ytd_diff,
002958.XSHE,parent_balance,2025-09-30,2025q3,,2025-10-31,advance_payment,,finance_balance_sheet_parent_current_only.csv,advance_payment,,identity_q1_or_ytd_diff,missing_raw_value
002958.XSHE,parent_balance,2025-09-30,2025q3,,2025-10-31,hold_for_sale_assets,,finance_balance_sheet_parent_current_only.csv,hold_for_sale_assets,,identity_q1_or_ytd_diff,missing_raw_value
002958.XSHE,parent_balance,2025-09-30,2025q3,,2025-10-31,hold_to_maturity_investments,,finance_balance_sheet_parent_current_only.csv,hold_to_maturity_investments,,identity_q1_or_ytd_diff,missing_raw_value
002958.XSHE,parent_balance,2025-09-30,2025q3,,2025-10-31,longterm_equity_invest,1331392000.0,finance_balance_sheet_parent_current_only.csv,longterm_equity_invest,quarterly_direct,identity_q1_or_ytd_diff,
002958.XSHE,parent_balance,2025-09-30,2025q3,,2025-10-31,investment_property,5000.0,finance_balance_sheet_parent_current_only.csv,investment_property,quarterly_direct,identity_q1_or_ytd_diff,
002958.XSHE,parent_balance,2025-09-30,2025q3,,2025-10-31,inventories,,finance_balance_sheet_parent_current_only.csv,inventories,,identity_q1_or_ytd_diff,missing_raw_value
002958.XSHE,parent_balance,2025-09-30,2025q3,,2025-10-31,fixed_assets,2945385000.0,finance_balance_sheet_parent_current_only.csv,fixed_assets,quarterly_direct,identity_q1_or_ytd_diff,
002958.XSHE,parent_balance,2025-09-30,2025q3,,2025-10-31,constru_in_process,80854000.0,finance_balance_sheet_parent_current_only.csv,constru_in_process,quarterly_direct,identity_q1_or_ytd_diff,
002958.XSHE,parent_balance,2025-09-30,2025q3,,2025-10-31,intangible_assets,69394000.0,finance_balance_sheet_parent_current_only.csv,intangible_assets,quarterly_direct,identity_q1_or_ytd_diff,
002958.XSHE,parent_balance,2025-09-30,2025q3,,2025-10-31,long_deferred_expense,,finance_balance_sheet_parent_current_only.csv,long_deferred_expense,,identity_q1_or_ytd_diff,missing_raw_value
002958.XSHE,parent_balance,2025-09-30,2025q3,,2025-10-31,deferred_tax_assets,5898204000.0,finance_balance_sheet_parent_current_only.csv,deferred_tax_assets,quarterly_direct,identity_q1_or_ytd_diff,
002958.XSHE,parent_balance,2025-09-30,2025q3,,2025-10-31,other_asset,255853000.0,finance_balance_sheet_parent_current_only.csv,other_asset,quarterly_direct,identity_q1_or_ytd_diff,
002958.XSHE,parent_balance,2025-09-30,2025q3,,2025-10-31,total_assets,499272410000.0,finance_balance_sheet_parent_current_only.csv,total_assets,quarterly_direct,identity_q1_or_ytd_diff,
002958.XSHE,parent_balance,2025-09-30,2025q3,,2025-10-31,borrowing_from_centralbank,16067855000.0,finance_balance_sheet_parent_current_only.csv,borrowing_from_centralbank,quarterly_direct,identity_q1_or_ytd_diff,
002958.XSHE,parent_balance,2025-09-30,2025q3,,2025-10-31,shortterm_loan,,finance_balance_sheet_parent_current_only.csv,shortterm_loan,,identity_q1_or_ytd_diff,missing_raw_value
002958.XSHE,parent_balance,2025-09-30,2025q3,,2025-10-31,borrowing_capital,11243525000.0,finance_balance_sheet_parent_current_only.csv,borrowing_capital,quarterly_direct,identity_q1_or_ytd_diff,
002958.XSHE,parent_balance,2025-09-30,2025q3,,2025-10-31,sold_buyback_secu_proceeds,14032547000.0,finance_balance_sheet_parent_current_only.csv,sold_buyback_secu_proceeds,quarterly_direct,identity_q1_or_ytd_diff,
002958.XSHE,parent_balance,2025-09-30,2025q3,,2025-10-31,proxy_secu_proceeds,,finance_balance_sheet_parent_current_only.csv,proxy_secu_proceeds,,identity_q1_or_ytd_diff,missing_raw_value
002958.XSHE,parent_balance,2025-09-30,2025q3,,2025-10-31,notes_payable,,finance_balance_sheet_parent_current_only.csv,notes_payable,,identity_q1_or_ytd_diff,missing_raw_value
002958.XSHE,parent_balance,2025-09-30,2025q3,,2025-10-31,advance_peceipts,,finance_balance_sheet_parent_current_only.csv,advance_peceipts,,identity_q1_or_ytd_diff,missing_raw_value
002958.XSHE,parent_balance,2025-09-30,2025q3,,2025-10-31,commission_payable,,finance_balance_sheet_parent_current_only.csv,commission_payable,,identity_q1_or_ytd_diff,missing_raw_value
002958.XSHE,parent_balance,2025-09-30,2025q3,,2025-10-31,salaries_payable,1970862000.0,finance_balance_sheet_parent_current_only.csv,salaries_payable,quarterly_direct,identity_q1_or_ytd_diff,
002958.XSHE,parent_balance,2025-09-30,2025q3,,2025-10-31,taxs_payable,587551000.0,finance_balance_sheet_parent_current_only.csv,taxs_payable,quarterly_direct,identity_q1_or_ytd_diff,
002958.XSHE,parent_balance,2025-09-30,2025q3,,2025-10-31,interest_payable,,finance_balance_sheet_parent_current_only.csv,interest_payable,,identity_q1_or_ytd_diff,missing_raw_value
002958.XSHE,parent_balance,2025-09-30,2025q3,,2025-10-31,estimate_liability,278214000.0,finance_balance_sheet_parent_current_only.csv,estimate_liability,quarterly_direct,identity_q1_or_ytd_diff,
002958.XSHE,parent_balance,2025-09-30,2025q3,,2025-10-31,longterm_loan,,finance_balance_sheet_parent_current_only.csv,longterm_loan,,identity_q1_or_ytd_diff,missing_raw_value
002958.XSHE,parent_balance,2025-09-30,2025q3,,2025-10-31,bonds_payable,77900414000.0,finance_balance_sheet_parent_current_only.csv,bonds_payable,quarterly_direct,identity_q1_or_ytd_diff,
002958.XSHE,parent_balance,2025-09-30,2025q3,,2025-10-31,deferred_tax_liability,,finance_balance_sheet_parent_current_only.csv,deferred_tax_liability,,identity_q1_or_ytd_diff,missing_raw_value
002958.XSHE,parent_balance,2025-09-30,2025q3,,2025-10-31,other_liability,1166357000.0,finance_balance_sheet_parent_current_only.csv,other_liability,quarterly_direct,identity_q1_or_ytd_diff,
002958.XSHE,parent_balance,2025-09-30,2025q3,,2025-10-31,total_liability,452084063000.0,finance_balance_sheet_parent_current_only.csv,total_liability,quarterly_direct,identity_q1_or_ytd_diff,
002958.XSHE,parent_balance,2025-09-30,2025q3,,2025-10-31,paidin_capital,5555621000.0,finance_balance_sheet_parent_current_only.csv,paidin_capital,quarterly_direct,identity_q1_or_ytd_diff,
002958.XSHE,parent_balance,2025-09-30,2025q3,,2025-10-31,capital_reserve_fund,3819916000.0,finance_balance_sheet_parent_current_only.csv,capital_reserve_fund,quarterly_direct,identity_q1_or_ytd_diff,
002958.XSHE,parent_balance,2025-09-30,2025q3,,2025-10-31,treasury_stock,,finance_balance_sheet_parent_current_only.csv,treasury_stock,,identity_q1_or_ytd_diff,missing_raw_value
002958.XSHE,parent_balance,2025-09-30,2025q3,,2025-10-31,surplus_reserve_fund,5690702000.0,finance_balance_sheet_parent_current_only.csv,surplus_reserve_fund,quarterly_direct,identity_q1_or_ytd_diff,
002958.XSHE,parent_balance,2025-09-30,2025q3,,2025-10-31,equities_parent_company_owners,47188347000.0,finance_balance_sheet_parent_current_only.csv,equities_parent_company_owners,quarterly_direct,identity_q1_or_ytd_diff,
002958.XSHE,parent_balance,2025-09-30,2025q3,,2025-10-31,retained_profit,14537667000.0,finance_balance_sheet_parent_current_only.csv,retained_profit,quarterly_direct,identity_q1_or_ytd_diff,
002958.XSHE,parent_balance,2025-09-30,2025q3,,2025-10-31,minority_interests,,finance_balance_sheet_parent_current_only.csv,minority_interests,,identity_q1_or_ytd_diff,missing_raw_value
002958.XSHE,parent_balance,2025-09-30,2025q3,,2025-10-31,total_owner_equities,47188347000.0,finance_balance_sheet_parent_current_only.csv,total_owner_equities,quarterly_direct,identity_q1_or_ytd_diff,
002958.XSHE,parent_balance,2025-09-30,2025q3,,2025-10-31,other_comprehensive_income,294786000.0,finance_balance_sheet_parent_current_only.csv,other_comprehensive_income,quarterly_direct,identity_q1_or_ytd_diff,
002958.XSHE,parent_balance,2025-12-31,2025q4,,2026-04-29,deposit_in_ib,5577734000.0,finance_balance_sheet_parent_current_only.csv,deposit_in_ib,quarterly_direct,identity_q1_or_ytd_diff,
002958.XSHE,parent_balance,2025-12-31,2025q4,,2026-04-29,cash_equivalents,,finance_balance_sheet_parent_current_only.csv,cash_equivalents,,identity_q1_or_ytd_diff,missing_raw_value
002958.XSHE,parent_balance,2025-12-31,2025q4,,2026-04-29,deposit_client,,finance_balance_sheet_parent_current_only.csv,deposit_client,,identity_q1_or_ytd_diff,missing_raw_value
002958.XSHE,parent_balance,2025-12-31,2025q4,,2026-04-29,cash_in_cb,23438797000.0,finance_balance_sheet_parent_current_only.csv,cash_in_cb,quarterly_direct,identity_q1_or_ytd_diff,
002958.XSHE,parent_balance,2025-12-31,2025q4,,2026-04-29,settlement_provi,,finance_balance_sheet_parent_current_only.csv,settlement_provi,,identity_q1_or_ytd_diff,missing_raw_value
002958.XSHE,parent_balance,2025-12-31,2025q4,,2026-04-29,settlement_provi_client,,finance_balance_sheet_parent_current_only.csv,settlement_provi_client,,identity_q1_or_ytd_diff,missing_raw_value
002958.XSHE,parent_balance,2025-12-31,2025q4,,2026-04-29,lend_capital,15410153000.0,finance_balance_sheet_parent_current_only.csv,lend_capital,quarterly_direct,identity_q1_or_ytd_diff,
002958.XSHE,parent_balance,2025-12-31,2025q4,,2026-04-29,bought_sellback_assets,8687491000.0,finance_balance_sheet_parent_current_only.csv,bought_sellback_assets,quarterly_direct,identity_q1_or_ytd_diff,
002958.XSHE,parent_balance,2025-12-31,2025q4,,2026-04-29,interest_receivable,,finance_balance_sheet_parent_current_only.csv,interest_receivable,,identity_q1_or_ytd_diff,missing_raw_value
002958.XSHE,parent_balance,2025-12-31,2025q4,,2026-04-29,insurance_receivables,,finance_balance_sheet_parent_current_only.csv,insurance_receivables,,identity_q1_or_ytd_diff,missing_raw_value
002958.XSHE,parent_balance,2025-12-31,2025q4,,2026-04-29,loan_and_advance,263498824000.0,finance_balance_sheet_parent_current_only.csv,loan_and_advance,quarterly_direct,identity_q1_or_ytd_diff,
002958.XSHE,parent_balance,2025-12-31,2025q4,,2026-04-29,advance_payment,,finance_balance_sheet_parent_current_only.csv,advance_payment,,identity_q1_or_ytd_diff,missing_raw_value
002958.XSHE,parent_balance,2025-12-31,2025q4,,2026-04-29,hold_for_sale_assets,,finance_balance_sheet_parent_current_only.csv,hold_for_sale_assets,,identity_q1_or_ytd_diff,missing_raw_value
002958.XSHE,parent_balance,2025-12-31,2025q4,,2026-04-29,hold_to_maturity_investments,,finance_balance_sheet_parent_current_only.csv,hold_to_maturity_investments,,identity_q1_or_ytd_diff,missing_raw_value
002958.XSHE,parent_balance,2025-12-31,2025q4,,2026-04-29,longterm_equity_invest,837787000.0,finance_balance_sheet_parent_current_only.csv,longterm_equity_invest,quarterly_direct,identity_q1_or_ytd_diff,
002958.XSHE,parent_balance,2025-12-31,2025q4,,2026-04-29,investment_property,5000.0,finance_balance_sheet_parent_current_only.csv,investment_property,quarterly_direct,identity_q1_or_ytd_diff,
002958.XSHE,parent_balance,2025-12-31,2025q4,,2026-04-29,inventories,,finance_balance_sheet_parent_current_only.csv,inventories,,identity_q1_or_ytd_diff,missing_raw_value
002958.XSHE,parent_balance,2025-12-31,2025q4,,2026-04-29,fixed_assets,2971057000.0,finance_balance_sheet_parent_current_only.csv,fixed_assets,quarterly_direct,identity_q1_or_ytd_diff,
002958.XSHE,parent_balance,2025-12-31,2025q4,,2026-04-29,constru_in_process,87223000.0,finance_balance_sheet_parent_current_only.csv,constru_in_process,quarterly_direct,identity_q1_or_ytd_diff,
002958.XSHE,parent_balance,2025-12-31,2025q4,,2026-04-29,intangible_assets,68834000.0,finance_balance_sheet_parent_current_only.csv,intangible_assets,quarterly_direct,identity_q1_or_ytd_diff,
002958.XSHE,parent_balance,2025-12-31,2025q4,,2026-04-29,long_deferred_expense,,finance_balance_sheet_parent_current_only.csv,long_deferred_expense,,identity_q1_or_ytd_diff,missing_raw_value
002958.XSHE,parent_balance,2025-12-31,2025q4,,2026-04-29,deferred_tax_assets,6121645000.0,finance_balance_sheet_parent_current_only.csv,deferred_tax_assets,quarterly_direct,identity_q1_or_ytd_diff,
002958.XSHE,parent_balance,2025-12-31,2025q4,,2026-04-29,other_asset,280653000.0,finance_balance_sheet_parent_current_only.csv,other_asset,quarterly_direct,identity_q1_or_ytd_diff,
002958.XSHE,parent_balance,2025-12-31,2025q4,,2026-04-29,total_assets,498789328000.0,finance_balance_sheet_parent_current_only.csv,total_assets,quarterly_direct,identity_q1_or_ytd_diff,
002958.XSHE,parent_balance,2025-12-31,2025q4,,2026-04-29,borrowing_from_centralbank,15789528000.0,finance_balance_sheet_parent_current_only.csv,borrowing_from_centralbank,quarterly_direct,identity_q1_or_ytd_diff,
002958.XSHE,parent_balance,2025-12-31,2025q4,,2026-04-29,shortterm_loan,,finance_balance_sheet_parent_current_only.csv,shortterm_loan,,identity_q1_or_ytd_diff,missing_raw_value
002958.XSHE,parent_balance,2025-12-31,2025q4,,2026-04-29,borrowing_capital,7596905000.0,finance_balance_sheet_parent_current_only.csv,borrowing_capital,quarterly_direct,identity_q1_or_ytd_diff,
002958.XSHE,parent_balance,2025-12-31,2025q4,,2026-04-29,sold_buyback_secu_proceeds,11731594000.0,finance_balance_sheet_parent_current_only.csv,sold_buyback_secu_proceeds,quarterly_direct,identity_q1_or_ytd_diff,
002958.XSHE,parent_balance,2025-12-31,2025q4,,2026-04-29,proxy_secu_proceeds,,finance_balance_sheet_parent_current_only.csv,proxy_secu_proceeds,,identity_q1_or_ytd_diff,missing_raw_value
002958.XSHE,parent_balance,2025-12-31,2025q4,,2026-04-29,notes_payable,,finance_balance_sheet_parent_current_only.csv,notes_payable,,identity_q1_or_ytd_diff,missing_raw_value
002958.XSHE,parent_balance,2025-12-31,2025q4,,2026-04-29,advance_peceipts,,finance_balance_sheet_parent_current_only.csv,advance_peceipts,,identity_q1_or_ytd_diff,missing_raw_value
002958.XSHE,parent_balance,2025-12-31,2025q4,,2026-04-29,commission_payable,,finance_balance_sheet_parent_current_only.csv,commission_payable,,identity_q1_or_ytd_diff,missing_raw_value
002958.XSHE,parent_balance,2025-12-31,2025q4,,2026-04-29,salaries_payable,2419634000.0,finance_balance_sheet_parent_current_only.csv,salaries_payable,quarterly_direct,identity_q1_or_ytd_diff,
002958.XSHE,parent_balance,2025-12-31,2025q4,,2026-04-29,taxs_payable,178900000.0,finance_balance_sheet_parent_current_only.csv,taxs_payable,quarterly_direct,identity_q1_or_ytd_diff,
002958.XSHE,parent_balance,2025-12-31,2025q4,,2026-04-29,interest_payable,,finance_balance_sheet_parent_current_only.csv,interest_payable,,identity_q1_or_ytd_diff,missing_raw_value
002958.XSHE,parent_balance,2025-12-31,2025q4,,2026-04-29,estimate_liability,224489000.0,finance_balance_sheet_parent_current_only.csv,estimate_liability,quarterly_direct,identity_q1_or_ytd_diff,
002958.XSHE,parent_balance,2025-12-31,2025q4,,2026-04-29,longterm_loan,,finance_balance_sheet_parent_current_only.csv,longterm_loan,,identity_q1_or_ytd_diff,missing_raw_value
002958.XSHE,parent_balance,2025-12-31,2025q4,,2026-04-29,bonds_payable,72951952000.0,finance_balance_sheet_parent_current_only.csv,bonds_payable,quarterly_direct,identity_q1_or_ytd_diff,
002958.XSHE,parent_balance,2025-12-31,2025q4,,2026-04-29,deferred_tax_liability,,finance_balance_sheet_parent_current_only.csv,deferred_tax_liability,,identity_q1_or_ytd_diff,missing_raw_value
002958.XSHE,parent_balance,2025-12-31,2025q4,,2026-04-29,other_liability,840158000.0,finance_balance_sheet_parent_current_only.csv,other_liability,quarterly_direct,identity_q1_or_ytd_diff,
002958.XSHE,parent_balance,2025-12-31,2025q4,,2026-04-29,total_liability,453834106000.0,finance_balance_sheet_parent_current_only.csv,total_liability,quarterly_direct,identity_q1_or_ytd_diff,
002958.XSHE,parent_balance,2025-12-31,2025q4,,2026-04-29,paidin_capital,5555622000.0,finance_balance_sheet_parent_current_only.csv,paidin_capital,quarterly_direct,identity_q1_or_ytd_diff,
002958.XSHE,parent_balance,2025-12-31,2025q4,,2026-04-29,capital_reserve_fund,3700401000.0,finance_balance_sheet_parent_current_only.csv,capital_reserve_fund,quarterly_direct,identity_q1_or_ytd_diff,
002958.XSHE,parent_balance,2025-12-31,2025q4,,2026-04-29,treasury_stock,,finance_balance_sheet_parent_current_only.csv,treasury_stock,,identity_q1_or_ytd_diff,missing_raw_value
002958.XSHE,parent_balance,2025-12-31,2025q4,,2026-04-29,surplus_reserve_fund,5690702000.0,finance_balance_sheet_parent_current_only.csv,surplus_reserve_fund,quarterly_direct,identity_q1_or_ytd_diff,
002958.XSHE,parent_balance,2025-12-31,2025q4,,2026-04-29,equities_parent_company_owners,44955222000.0,finance_balance_sheet_parent_current_only.csv,equities_parent_company_owners,quarterly_direct,identity_q1_or_ytd_diff,
002958.XSHE,parent_balance,2025-12-31,2025q4,,2026-04-29,retained_profit,14084192000.0,finance_balance_sheet_parent_current_only.csv,retained_profit,quarterly_direct,identity_q1_or_ytd_diff,
002958.XSHE,parent_balance,2025-12-31,2025q4,,2026-04-29,minority_interests,,finance_balance_sheet_parent_current_only.csv,minority_interests,,identity_q1_or_ytd_diff,missing_raw_value
002958.XSHE,parent_balance,2025-12-31,2025q4,,2026-04-29,total_owner_equities,44955222000.0,finance_balance_sheet_parent_current_only.csv,total_owner_equities,quarterly_direct,identity_q1_or_ytd_diff,
002958.XSHE,parent_balance,2025-12-31,2025q4,,2026-04-29,other_comprehensive_income,555902000.0,finance_balance_sheet_parent_current_only.csv,other_comprehensive_income,quarterly_direct,identity_q1_or_ytd_diff,
002958.XSHE,parent_balance,2026-03-31,2026q1,,2026-04-29,deposit_in_ib,6026227000.0,finance_balance_sheet_parent_current_only.csv,deposit_in_ib,quarterly_direct,identity_q1_or_ytd_diff,
002958.XSHE,parent_balance,2026-03-31,2026q1,,2026-04-29,cash_equivalents,,finance_balance_sheet_parent_current_only.csv,cash_equivalents,,identity_q1_or_ytd_diff,missing_raw_value
002958.XSHE,parent_balance,2026-03-31,2026q1,,2026-04-29,deposit_client,,finance_balance_sheet_parent_current_only.csv,deposit_client,,identity_q1_or_ytd_diff,missing_raw_value
002958.XSHE,parent_balance,2026-03-31,2026q1,,2026-04-29,cash_in_cb,30140608000.0,finance_balance_sheet_parent_current_only.csv,cash_in_cb,quarterly_direct,identity_q1_or_ytd_diff,
002958.XSHE,parent_balance,2026-03-31,2026q1,,2026-04-29,settlement_provi,,finance_balance_sheet_parent_current_only.csv,settlement_provi,,identity_q1_or_ytd_diff,missing_raw_value
002958.XSHE,parent_balance,2026-03-31,2026q1,,2026-04-29,settlement_provi_client,,finance_balance_sheet_parent_current_only.csv,settlement_provi_client,,identity_q1_or_ytd_diff,missing_raw_value
002958.XSHE,parent_balance,2026-03-31,2026q1,,2026-04-29,lend_capital,16242705000.0,finance_balance_sheet_parent_current_only.csv,lend_capital,quarterly_direct,identity_q1_or_ytd_diff,
002958.XSHE,parent_balance,2026-03-31,2026q1,,2026-04-29,bought_sellback_assets,5034541000.0,finance_balance_sheet_parent_current_only.csv,bought_sellback_assets,quarterly_direct,identity_q1_or_ytd_diff,
002958.XSHE,parent_balance,2026-03-31,2026q1,,2026-04-29,interest_receivable,,finance_balance_sheet_parent_current_only.csv,interest_receivable,,identity_q1_or_ytd_diff,missing_raw_value
002958.XSHE,parent_balance,2026-03-31,2026q1,,2026-04-29,insurance_receivables,,finance_balance_sheet_parent_current_only.csv,insurance_receivables,,identity_q1_or_ytd_diff,missing_raw_value
002958.XSHE,parent_balance,2026-03-31,2026q1,,2026-04-29,loan_and_advance,271113948000.0,finance_balance_sheet_parent_current_only.csv,loan_and_advance,quarterly_direct,identity_q1_or_ytd_diff,
002958.XSHE,parent_balance,2026-03-31,2026q1,,2026-04-29,advance_payment,,finance_balance_sheet_parent_current_only.csv,advance_payment,,identity_q1_or_ytd_diff,missing_raw_value
002958.XSHE,parent_balance,2026-03-31,2026q1,,2026-04-29,hold_for_sale_assets,,finance_balance_sheet_parent_current_only.csv,hold_for_sale_assets,,identity_q1_or_ytd_diff,missing_raw_value
002958.XSHE,parent_balance,2026-03-31,2026q1,,2026-04-29,hold_to_maturity_investments,,finance_balance_sheet_parent_current_only.csv,hold_to_maturity_investments,,identity_q1_or_ytd_diff,missing_raw_value
002958.XSHE,parent_balance,2026-03-31,2026q1,,2026-04-29,longterm_equity_invest,837787000.0,finance_balance_sheet_parent_current_only.csv,longterm_equity_invest,quarterly_direct,identity_q1_or_ytd_diff,
002958.XSHE,parent_balance,2026-03-31,2026q1,,2026-04-29,investment_property,5000.0,finance_balance_sheet_parent_current_only.csv,investment_property,quarterly_direct,identity_q1_or_ytd_diff,
002958.XSHE,parent_balance,2026-03-31,2026q1,,2026-04-29,inventories,,finance_balance_sheet_parent_current_only.csv,inventories,,identity_q1_or_ytd_diff,missing_raw_value
002958.XSHE,parent_balance,2026-03-31,2026q1,,2026-04-29,fixed_assets,2919807000.0,finance_balance_sheet_parent_current_only.csv,fixed_assets,quarterly_direct,identity_q1_or_ytd_diff,
002958.XSHE,parent_balance,2026-03-31,2026q1,,2026-04-29,constru_in_process,95593000.0,finance_balance_sheet_parent_current_only.csv,constru_in_process,quarterly_direct,identity_q1_or_ytd_diff,
002958.XSHE,parent_balance,2026-03-31,2026q1,,2026-04-29,intangible_assets,68274000.0,finance_balance_sheet_parent_current_only.csv,intangible_assets,quarterly_direct,identity_q1_or_ytd_diff,
002958.XSHE,parent_balance,2026-03-31,2026q1,,2026-04-29,long_deferred_expense,,finance_balance_sheet_parent_current_only.csv,long_deferred_expense,,identity_q1_or_ytd_diff,missing_raw_value
002958.XSHE,parent_balance,2026-03-31,2026q1,,2026-04-29,deferred_tax_assets,6140438000.0,finance_balance_sheet_parent_current_only.csv,deferred_tax_assets,quarterly_direct,identity_q1_or_ytd_diff,
002958.XSHE,parent_balance,2026-03-31,2026q1,,2026-04-29,other_asset,225642000.0,finance_balance_sheet_parent_current_only.csv,other_asset,quarterly_direct,identity_q1_or_ytd_diff,
002958.XSHE,parent_balance,2026-03-31,2026q1,,2026-04-29,total_assets,505104963000.0,finance_balance_sheet_parent_current_only.csv,total_assets,quarterly_direct,identity_q1_or_ytd_diff,
002958.XSHE,parent_balance,2026-03-31,2026q1,,2026-04-29,borrowing_from_centralbank,16966217000.0,finance_balance_sheet_parent_current_only.csv,borrowing_from_centralbank,quarterly_direct,identity_q1_or_ytd_diff,
002958.XSHE,parent_balance,2026-03-31,2026q1,,2026-04-29,shortterm_loan,,finance_balance_sheet_parent_current_only.csv,shortterm_loan,,identity_q1_or_ytd_diff,missing_raw_value
002958.XSHE,parent_balance,2026-03-31,2026q1,,2026-04-29,borrowing_capital,5699116000.0,finance_balance_sheet_parent_current_only.csv,borrowing_capital,quarterly_direct,identity_q1_or_ytd_diff,
002958.XSHE,parent_balance,2026-03-31,2026q1,,2026-04-29,sold_buyback_secu_proceeds,13708522000.0,finance_balance_sheet_parent_current_only.csv,sold_buyback_secu_proceeds,quarterly_direct,identity_q1_or_ytd_diff,
002958.XSHE,parent_balance,2026-03-31,2026q1,,2026-04-29,proxy_secu_proceeds,,finance_balance_sheet_parent_current_only.csv,proxy_secu_proceeds,,identity_q1_or_ytd_diff,missing_raw_value
002958.XSHE,parent_balance,2026-03-31,2026q1,,2026-04-29,notes_payable,,finance_balance_sheet_parent_current_only.csv,notes_payable,,identity_q1_or_ytd_diff,missing_raw_value
002958.XSHE,parent_balance,2026-03-31,2026q1,,2026-04-29,advance_peceipts,,finance_balance_sheet_parent_current_only.csv,advance_peceipts,,identity_q1_or_ytd_diff,missing_raw_value
002958.XSHE,parent_balance,2026-03-31,2026q1,,2026-04-29,commission_payable,,finance_balance_sheet_parent_current_only.csv,commission_payable,,identity_q1_or_ytd_diff,missing_raw_value
002958.XSHE,parent_balance,2026-03-31,2026q1,,2026-04-29,salaries_payable,2016054000.0,finance_balance_sheet_parent_current_only.csv,salaries_payable,quarterly_direct,identity_q1_or_ytd_diff,
002958.XSHE,parent_balance,2026-03-31,2026q1,,2026-04-29,taxs_payable,447878000.0,finance_balance_sheet_parent_current_only.csv,taxs_payable,quarterly_direct,identity_q1_or_ytd_diff,
002958.XSHE,parent_balance,2026-03-31,2026q1,,2026-04-29,interest_payable,,finance_balance_sheet_parent_current_only.csv,interest_payable,,identity_q1_or_ytd_diff,missing_raw_value
002958.XSHE,parent_balance,2026-03-31,2026q1,,2026-04-29,estimate_liability,204017000.0,finance_balance_sheet_parent_current_only.csv,estimate_liability,quarterly_direct,identity_q1_or_ytd_diff,
002958.XSHE,parent_balance,2026-03-31,2026q1,,2026-04-29,longterm_loan,,finance_balance_sheet_parent_current_only.csv,longterm_loan,,identity_q1_or_ytd_diff,missing_raw_value
002958.XSHE,parent_balance,2026-03-31,2026q1,,2026-04-29,bonds_payable,69326030000.0,finance_balance_sheet_parent_current_only.csv,bonds_payable,quarterly_direct,identity_q1_or_ytd_diff,
002958.XSHE,parent_balance,2026-03-31,2026q1,,2026-04-29,deferred_tax_liability,,finance_balance_sheet_parent_current_only.csv,deferred_tax_liability,,identity_q1_or_ytd_diff,missing_raw_value
002958.XSHE,parent_balance,2026-03-31,2026q1,,2026-04-29,other_liability,1204113000.0,finance_balance_sheet_parent_current_only.csv,other_liability,quarterly_direct,identity_q1_or_ytd_diff,
002958.XSHE,parent_balance,2026-03-31,2026q1,,2026-04-29,total_liability,460915343000.0,finance_balance_sheet_parent_current_only.csv,total_liability,quarterly_direct,identity_q1_or_ytd_diff,
002958.XSHE,parent_balance,2026-03-31,2026q1,,2026-04-29,paidin_capital,5555623000.0,finance_balance_sheet_parent_current_only.csv,paidin_capital,quarterly_direct,identity_q1_or_ytd_diff,
002958.XSHE,parent_balance,2026-03-31,2026q1,,2026-04-29,capital_reserve_fund,3697724000.0,finance_balance_sheet_parent_current_only.csv,capital_reserve_fund,quarterly_direct,identity_q1_or_ytd_diff,
002958.XSHE,parent_balance,2026-03-31,2026q1,,2026-04-29,treasury_stock,,finance_balance_sheet_parent_current_only.csv,treasury_stock,,identity_q1_or_ytd_diff,missing_raw_value
002958.XSHE,parent_balance,2026-03-31,2026q1,,2026-04-29,surplus_reserve_fund,5690702000.0,finance_balance_sheet_parent_current_only.csv,surplus_reserve_fund,quarterly_direct,identity_q1_or_ytd_diff,
002958.XSHE,parent_balance,2026-03-31,2026q1,,2026-04-29,equities_parent_company_owners,44189620000.0,finance_balance_sheet_parent_current_only.csv,equities_parent_company_owners,quarterly_direct,identity_q1_or_ytd_diff,
002958.XSHE,parent_balance,2026-03-31,2026q1,,2026-04-29,retained_profit,15235855000.0,finance_balance_sheet_parent_current_only.csv,retained_profit,quarterly_direct,identity_q1_or_ytd_diff,
002958.XSHE,parent_balance,2026-03-31,2026q1,,2026-04-29,minority_interests,,finance_balance_sheet_parent_current_only.csv,minority_interests,,identity_q1_or_ytd_diff,missing_raw_value
002958.XSHE,parent_balance,2026-03-31,2026q1,,2026-04-29,total_owner_equities,44189620000.0,finance_balance_sheet_parent_current_only.csv,total_owner_equities,quarterly_direct,identity_q1_or_ytd_diff,
002958.XSHE,parent_balance,2026-03-31,2026q1,,2026-04-29,other_comprehensive_income,638634000.0,finance_balance_sheet_parent_current_only.csv,other_comprehensive_income,quarterly_direct,identity_q1_or_ytd_diff,
002958.XSHE,parent_balance,2026-06-30,2026q2,,,deposit_in_ib,,,deposit_in_ib,,identity_q1_or_ytd_diff,outside_current_available_window
002958.XSHE,parent_balance,2026-06-30,2026q2,,,cash_equivalents,,,cash_equivalents,,identity_q1_or_ytd_diff,outside_current_available_window
002958.XSHE,parent_balance,2026-06-30,2026q2,,,deposit_client,,,deposit_client,,identity_q1_or_ytd_diff,outside_current_available_window
002958.XSHE,parent_balance,2026-06-30,2026q2,,,cash_in_cb,,,cash_in_cb,,identity_q1_or_ytd_diff,outside_current_available_window
002958.XSHE,parent_balance,2026-06-30,2026q2,,,settlement_provi,,,settlement_provi,,identity_q1_or_ytd_diff,outside_current_available_window
002958.XSHE,parent_balance,2026-06-30,2026q2,,,settlement_provi_client,,,settlement_provi_client,,identity_q1_or_ytd_diff,outside_current_available_window
002958.XSHE,parent_balance,2026-06-30,2026q2,,,lend_capital,,,lend_capital,,identity_q1_or_ytd_diff,outside_current_available_window
002958.XSHE,parent_balance,2026-06-30,2026q2,,,bought_sellback_assets,,,bought_sellback_assets,,identity_q1_or_ytd_diff,outside_current_available_window
002958.XSHE,parent_balance,2026-06-30,2026q2,,,interest_receivable,,,interest_receivable,,identity_q1_or_ytd_diff,outside_current_available_window
002958.XSHE,parent_balance,2026-06-30,2026q2,,,insurance_receivables,,,insurance_receivables,,identity_q1_or_ytd_diff,outside_current_available_window
002958.XSHE,parent_balance,2026-06-30,2026q2,,,loan_and_advance,,,loan_and_advance,,identity_q1_or_ytd_diff,outside_current_available_window
002958.XSHE,parent_balance,2026-06-30,2026q2,,,advance_payment,,,advance_payment,,identity_q1_or_ytd_diff,outside_current_available_window
002958.XSHE,parent_balance,2026-06-30,2026q2,,,hold_for_sale_assets,,,hold_for_sale_assets,,identity_q1_or_ytd_diff,outside_current_available_window
002958.XSHE,parent_balance,2026-06-30,2026q2,,,hold_to_maturity_investments,,,hold_to_maturity_investments,,identity_q1_or_ytd_diff,outside_current_available_window
002958.XSHE,parent_balance,2026-06-30,2026q2,,,longterm_equity_invest,,,longterm_equity_invest,,identity_q1_or_ytd_diff,outside_current_available_window
002958.XSHE,parent_balance,2026-06-30,2026q2,,,investment_property,,,investment_property,,identity_q1_or_ytd_diff,outside_current_available_window
002958.XSHE,parent_balance,2026-06-30,2026q2,,,inventories,,,inventories,,identity_q1_or_ytd_diff,outside_current_available_window
002958.XSHE,parent_balance,2026-06-30,2026q2,,,fixed_assets,,,fixed_assets,,identity_q1_or_ytd_diff,outside_current_available_window
002958.XSHE,parent_balance,2026-06-30,2026q2,,,constru_in_process,,,constru_in_process,,identity_q1_or_ytd_diff,outside_current_available_window
002958.XSHE,parent_balance,2026-06-30,2026q2,,,intangible_assets,,,intangible_assets,,identity_q1_or_ytd_diff,outside_current_available_window
002958.XSHE,parent_balance,2026-06-30,2026q2,,,long_deferred_expense,,,long_deferred_expense,,identity_q1_or_ytd_diff,outside_current_available_window
002958.XSHE,parent_balance,2026-06-30,2026q2,,,deferred_tax_assets,,,deferred_tax_assets,,identity_q1_or_ytd_diff,outside_current_available_window
002958.XSHE,parent_balance,2026-06-30,2026q2,,,other_asset,,,other_asset,,identity_q1_or_ytd_diff,outside_current_available_window
002958.XSHE,parent_balance,2026-06-30,2026q2,,,total_assets,,,total_assets,,identity_q1_or_ytd_diff,outside_current_available_window
002958.XSHE,parent_balance,2026-06-30,2026q2,,,borrowing_from_centralbank,,,borrowing_from_centralbank,,identity_q1_or_ytd_diff,outside_current_available_window
002958.XSHE,parent_balance,2026-06-30,2026q2,,,shortterm_loan,,,shortterm_loan,,identity_q1_or_ytd_diff,outside_current_available_window
002958.XSHE,parent_balance,2026-06-30,2026q2,,,borrowing_capital,,,borrowing_capital,,identity_q1_or_ytd_diff,outside_current_available_window
002958.XSHE,parent_balance,2026-06-30,2026q2,,,sold_buyback_secu_proceeds,,,sold_buyback_secu_proceeds,,identity_q1_or_ytd_diff,outside_current_available_window
002958.XSHE,parent_balance,2026-06-30,2026q2,,,proxy_secu_proceeds,,,proxy_secu_proceeds,,identity_q1_or_ytd_diff,outside_current_available_window
002958.XSHE,parent_balance,2026-06-30,2026q2,,,notes_payable,,,notes_payable,,identity_q1_or_ytd_diff,outside_current_available_window
002958.XSHE,parent_balance,2026-06-30,2026q2,,,advance_peceipts,,,advance_peceipts,,identity_q1_or_ytd_diff,outside_current_available_window
002958.XSHE,parent_balance,2026-06-30,2026q2,,,commission_payable,,,commission_payable,,identity_q1_or_ytd_diff,outside_current_available_window
002958.XSHE,parent_balance,2026-06-30,2026q2,,,salaries_payable,,,salaries_payable,,identity_q1_or_ytd_diff,outside_current_available_window
002958.XSHE,parent_balance,2026-06-30,2026q2,,,taxs_payable,,,taxs_payable,,identity_q1_or_ytd_diff,outside_current_available_window
002958.XSHE,parent_balance,2026-06-30,2026q2,,,interest_payable,,,interest_payable,,identity_q1_or_ytd_diff,outside_current_available_window
002958.XSHE,parent_balance,2026-06-30,2026q2,,,estimate_liability,,,estimate_liability,,identity_q1_or_ytd_diff,outside_current_available_window
002958.XSHE,parent_balance,2026-06-30,2026q2,,,longterm_loan,,,longterm_loan,,identity_q1_or_ytd_diff,outside_current_available_window
002958.XSHE,parent_balance,2026-06-30,2026q2,,,bonds_payable,,,bonds_payable,,identity_q1_or_ytd_diff,outside_current_available_window
002958.XSHE,parent_balance,2026-06-30,2026q2,,,deferred_tax_liability,,,deferred_tax_liability,,identity_q1_or_ytd_diff,outside_current_available_window
002958.XSHE,parent_balance,2026-06-30,2026q2,,,other_liability,,,other_liability,,identity_q1_or_ytd_diff,outside_current_available_window
002958.XSHE,parent_balance,2026-06-30,2026q2,,,total_liability,,,total_liability,,identity_q1_or_ytd_diff,outside_current_available_window
002958.XSHE,parent_balance,2026-06-30,2026q2,,,paidin_capital,,,paidin_capital,,identity_q1_or_ytd_diff,outside_current_available_window
002958.XSHE,parent_balance,2026-06-30,2026q2,,,capital_reserve_fund,,,capital_reserve_fund,,identity_q1_or_ytd_diff,outside_current_available_window
002958.XSHE,parent_balance,2026-06-30,2026q2,,,treasury_stock,,,treasury_stock,,identity_q1_or_ytd_diff,outside_current_available_window
002958.XSHE,parent_balance,2026-06-30,2026q2,,,surplus_reserve_fund,,,surplus_reserve_fund,,identity_q1_or_ytd_diff,outside_current_available_window
002958.XSHE,parent_balance,2026-06-30,2026q2,,,equities_parent_company_owners,,,equities_parent_company_owners,,identity_q1_or_ytd_diff,outside_current_available_window
002958.XSHE,parent_balance,2026-06-30,2026q2,,,retained_profit,,,retained_profit,,identity_q1_or_ytd_diff,outside_current_available_window
002958.XSHE,parent_balance,2026-06-30,2026q2,,,minority_interests,,,minority_interests,,identity_q1_or_ytd_diff,outside_current_available_window
002958.XSHE,parent_balance,2026-06-30,2026q2,,,total_owner_equities,,,total_owner_equities,,identity_q1_or_ytd_diff,outside_current_available_window
002958.XSHE,parent_balance,2026-06-30,2026q2,,,other_comprehensive_income,,,other_comprehensive_income,,identity_q1_or_ytd_diff,outside_current_available_window
002958.XSHE,parent_balance,2026-09-30,2026q3,,,deposit_in_ib,,,deposit_in_ib,,identity_q1_or_ytd_diff,outside_current_available_window
002958.XSHE,parent_balance,2026-09-30,2026q3,,,cash_equivalents,,,cash_equivalents,,identity_q1_or_ytd_diff,outside_current_available_window
002958.XSHE,parent_balance,2026-09-30,2026q3,,,deposit_client,,,deposit_client,,identity_q1_or_ytd_diff,outside_current_available_window
002958.XSHE,parent_balance,2026-09-30,2026q3,,,cash_in_cb,,,cash_in_cb,,identity_q1_or_ytd_diff,outside_current_available_window
002958.XSHE,parent_balance,2026-09-30,2026q3,,,settlement_provi,,,settlement_provi,,identity_q1_or_ytd_diff,outside_current_available_window
002958.XSHE,parent_balance,2026-09-30,2026q3,,,settlement_provi_client,,,settlement_provi_client,,identity_q1_or_ytd_diff,outside_current_available_window
002958.XSHE,parent_balance,2026-09-30,2026q3,,,lend_capital,,,lend_capital,,identity_q1_or_ytd_diff,outside_current_available_window
002958.XSHE,parent_balance,2026-09-30,2026q3,,,bought_sellback_assets,,,bought_sellback_assets,,identity_q1_or_ytd_diff,outside_current_available_window
002958.XSHE,parent_balance,2026-09-30,2026q3,,,interest_receivable,,,interest_receivable,,identity_q1_or_ytd_diff,outside_current_available_window
002958.XSHE,parent_balance,2026-09-30,2026q3,,,insurance_receivables,,,insurance_receivables,,identity_q1_or_ytd_diff,outside_current_available_window
002958.XSHE,parent_balance,2026-09-30,2026q3,,,loan_and_advance,,,loan_and_advance,,identity_q1_or_ytd_diff,outside_current_available_window
002958.XSHE,parent_balance,2026-09-30,2026q3,,,advance_payment,,,advance_payment,,identity_q1_or_ytd_diff,outside_current_available_window
002958.XSHE,parent_balance,2026-09-30,2026q3,,,hold_for_sale_assets,,,hold_for_sale_assets,,identity_q1_or_ytd_diff,outside_current_available_window
002958.XSHE,parent_balance,2026-09-30,2026q3,,,hold_to_maturity_investments,,,hold_to_maturity_investments,,identity_q1_or_ytd_diff,outside_current_available_window
002958.XSHE,parent_balance,2026-09-30,2026q3,,,longterm_equity_invest,,,longterm_equity_invest,,identity_q1_or_ytd_diff,outside_current_available_window
002958.XSHE,parent_balance,2026-09-30,2026q3,,,investment_property,,,investment_property,,identity_q1_or_ytd_diff,outside_current_available_window
002958.XSHE,parent_balance,2026-09-30,2026q3,,,inventories,,,inventories,,identity_q1_or_ytd_diff,outside_current_available_window
002958.XSHE,parent_balance,2026-09-30,2026q3,,,fixed_assets,,,fixed_assets,,identity_q1_or_ytd_diff,outside_current_available_window
002958.XSHE,parent_balance,2026-09-30,2026q3,,,constru_in_process,,,constru_in_process,,identity_q1_or_ytd_diff,outside_current_available_window
002958.XSHE,parent_balance,2026-09-30,2026q3,,,intangible_assets,,,intangible_assets,,identity_q1_or_ytd_diff,outside_current_available_window
002958.XSHE,parent_balance,2026-09-30,2026q3,,,long_deferred_expense,,,long_deferred_expense,,identity_q1_or_ytd_diff,outside_current_available_window
002958.XSHE,parent_balance,2026-09-30,2026q3,,,deferred_tax_assets,,,deferred_tax_assets,,identity_q1_or_ytd_diff,outside_current_available_window
002958.XSHE,parent_balance,2026-09-30,2026q3,,,other_asset,,,other_asset,,identity_q1_or_ytd_diff,outside_current_available_window
002958.XSHE,parent_balance,2026-09-30,2026q3,,,total_assets,,,total_assets,,identity_q1_or_ytd_diff,outside_current_available_window
002958.XSHE,parent_balance,2026-09-30,2026q3,,,borrowing_from_centralbank,,,borrowing_from_centralbank,,identity_q1_or_ytd_diff,outside_current_available_window
002958.XSHE,parent_balance,2026-09-30,2026q3,,,shortterm_loan,,,shortterm_loan,,identity_q1_or_ytd_diff,outside_current_available_window
002958.XSHE,parent_balance,2026-09-30,2026q3,,,borrowing_capital,,,borrowing_capital,,identity_q1_or_ytd_diff,outside_current_available_window
002958.XSHE,parent_balance,2026-09-30,2026q3,,,sold_buyback_secu_proceeds,,,sold_buyback_secu_proceeds,,identity_q1_or_ytd_diff,outside_current_available_window
002958.XSHE,parent_balance,2026-09-30,2026q3,,,proxy_secu_proceeds,,,proxy_secu_proceeds,,identity_q1_or_ytd_diff,outside_current_available_window
002958.XSHE,parent_balance,2026-09-30,2026q3,,,notes_payable,,,notes_payable,,identity_q1_or_ytd_diff,outside_current_available_window
002958.XSHE,parent_balance,2026-09-30,2026q3,,,advance_peceipts,,,advance_peceipts,,identity_q1_or_ytd_diff,outside_current_available_window
002958.XSHE,parent_balance,2026-09-30,2026q3,,,commission_payable,,,commission_payable,,identity_q1_or_ytd_diff,outside_current_available_window
002958.XSHE,parent_balance,2026-09-30,2026q3,,,salaries_payable,,,salaries_payable,,identity_q1_or_ytd_diff,outside_current_available_window
002958.XSHE,parent_balance,2026-09-30,2026q3,,,taxs_payable,,,taxs_payable,,identity_q1_or_ytd_diff,outside_current_available_window
002958.XSHE,parent_balance,2026-09-30,2026q3,,,interest_payable,,,interest_payable,,identity_q1_or_ytd_diff,outside_current_available_window
002958.XSHE,parent_balance,2026-09-30,2026q3,,,estimate_liability,,,estimate_liability,,identity_q1_or_ytd_diff,outside_current_available_window
002958.XSHE,parent_balance,2026-09-30,2026q3,,,longterm_loan,,,longterm_loan,,identity_q1_or_ytd_diff,outside_current_available_window
002958.XSHE,parent_balance,2026-09-30,2026q3,,,bonds_payable,,,bonds_payable,,identity_q1_or_ytd_diff,outside_current_available_window
002958.XSHE,parent_balance,2026-09-30,2026q3,,,deferred_tax_liability,,,deferred_tax_liability,,identity_q1_or_ytd_diff,outside_current_available_window
002958.XSHE,parent_balance,2026-09-30,2026q3,,,other_liability,,,other_liability,,identity_q1_or_ytd_diff,outside_current_available_window
002958.XSHE,parent_balance,2026-09-30,2026q3,,,total_liability,,,total_liability,,identity_q1_or_ytd_diff,outside_current_available_window
002958.XSHE,parent_balance,2026-09-30,2026q3,,,paidin_capital,,,paidin_capital,,identity_q1_or_ytd_diff,outside_current_available_window
002958.XSHE,parent_balance,2026-09-30,2026q3,,,capital_reserve_fund,,,capital_reserve_fund,,identity_q1_or_ytd_diff,outside_current_available_window
002958.XSHE,parent_balance,2026-09-30,2026q3,,,treasury_stock,,,treasury_stock,,identity_q1_or_ytd_diff,outside_current_available_window
002958.XSHE,parent_balance,2026-09-30,2026q3,,,surplus_reserve_fund,,,surplus_reserve_fund,,identity_q1_or_ytd_diff,outside_current_available_window
002958.XSHE,parent_balance,2026-09-30,2026q3,,,equities_parent_company_owners,,,equities_parent_company_owners,,identity_q1_or_ytd_diff,outside_current_available_window
002958.XSHE,parent_balance,2026-09-30,2026q3,,,retained_profit,,,retained_profit,,identity_q1_or_ytd_diff,outside_current_available_window
002958.XSHE,parent_balance,2026-09-30,2026q3,,,minority_interests,,,minority_interests,,identity_q1_or_ytd_diff,outside_current_available_window
002958.XSHE,parent_balance,2026-09-30,2026q3,,,total_owner_equities,,,total_owner_equities,,identity_q1_or_ytd_diff,outside_current_available_window
002958.XSHE,parent_balance,2026-09-30,2026q3,,,other_comprehensive_income,,,other_comprehensive_income,,identity_q1_or_ytd_diff,outside_current_available_window
002958.XSHE,parent_balance,2026-12-31,2026q4,,,deposit_in_ib,,,deposit_in_ib,,identity_q1_or_ytd_diff,outside_current_available_window
002958.XSHE,parent_balance,2026-12-31,2026q4,,,cash_equivalents,,,cash_equivalents,,identity_q1_or_ytd_diff,outside_current_available_window
002958.XSHE,parent_balance,2026-12-31,2026q4,,,deposit_client,,,deposit_client,,identity_q1_or_ytd_diff,outside_current_available_window
002958.XSHE,parent_balance,2026-12-31,2026q4,,,cash_in_cb,,,cash_in_cb,,identity_q1_or_ytd_diff,outside_current_available_window
002958.XSHE,parent_balance,2026-12-31,2026q4,,,settlement_provi,,,settlement_provi,,identity_q1_or_ytd_diff,outside_current_available_window
002958.XSHE,parent_balance,2026-12-31,2026q4,,,settlement_provi_client,,,settlement_provi_client,,identity_q1_or_ytd_diff,outside_current_available_window
002958.XSHE,parent_balance,2026-12-31,2026q4,,,lend_capital,,,lend_capital,,identity_q1_or_ytd_diff,outside_current_available_window
002958.XSHE,parent_balance,2026-12-31,2026q4,,,bought_sellback_assets,,,bought_sellback_assets,,identity_q1_or_ytd_diff,outside_current_available_window
002958.XSHE,parent_balance,2026-12-31,2026q4,,,interest_receivable,,,interest_receivable,,identity_q1_or_ytd_diff,outside_current_available_window
002958.XSHE,parent_balance,2026-12-31,2026q4,,,insurance_receivables,,,insurance_receivables,,identity_q1_or_ytd_diff,outside_current_available_window
002958.XSHE,parent_balance,2026-12-31,2026q4,,,loan_and_advance,,,loan_and_advance,,identity_q1_or_ytd_diff,outside_current_available_window
002958.XSHE,parent_balance,2026-12-31,2026q4,,,advance_payment,,,advance_payment,,identity_q1_or_ytd_diff,outside_current_available_window
002958.XSHE,parent_balance,2026-12-31,2026q4,,,hold_for_sale_assets,,,hold_for_sale_assets,,identity_q1_or_ytd_diff,outside_current_available_window
002958.XSHE,parent_balance,2026-12-31,2026q4,,,hold_to_maturity_investments,,,hold_to_maturity_investments,,identity_q1_or_ytd_diff,outside_current_available_window
002958.XSHE,parent_balance,2026-12-31,2026q4,,,longterm_equity_invest,,,longterm_equity_invest,,identity_q1_or_ytd_diff,outside_current_available_window
002958.XSHE,parent_balance,2026-12-31,2026q4,,,investment_property,,,investment_property,,identity_q1_or_ytd_diff,outside_current_available_window
002958.XSHE,parent_balance,2026-12-31,2026q4,,,inventories,,,inventories,,identity_q1_or_ytd_diff,outside_current_available_window
002958.XSHE,parent_balance,2026-12-31,2026q4,,,fixed_assets,,,fixed_assets,,identity_q1_or_ytd_diff,outside_current_available_window
002958.XSHE,parent_balance,2026-12-31,2026q4,,,constru_in_process,,,constru_in_process,,identity_q1_or_ytd_diff,outside_current_available_window
002958.XSHE,parent_balance,2026-12-31,2026q4,,,intangible_assets,,,intangible_assets,,identity_q1_or_ytd_diff,outside_current_available_window
002958.XSHE,parent_balance,2026-12-31,2026q4,,,long_deferred_expense,,,long_deferred_expense,,identity_q1_or_ytd_diff,outside_current_available_window
002958.XSHE,parent_balance,2026-12-31,2026q4,,,deferred_tax_assets,,,deferred_tax_assets,,identity_q1_or_ytd_diff,outside_current_available_window
002958.XSHE,parent_balance,2026-12-31,2026q4,,,other_asset,,,other_asset,,identity_q1_or_ytd_diff,outside_current_available_window
002958.XSHE,parent_balance,2026-12-31,2026q4,,,total_assets,,,total_assets,,identity_q1_or_ytd_diff,outside_current_available_window
002958.XSHE,parent_balance,2026-12-31,2026q4,,,borrowing_from_centralbank,,,borrowing_from_centralbank,,identity_q1_or_ytd_diff,outside_current_available_window
002958.XSHE,parent_balance,2026-12-31,2026q4,,,shortterm_loan,,,shortterm_loan,,identity_q1_or_ytd_diff,outside_current_available_window
002958.XSHE,parent_balance,2026-12-31,2026q4,,,borrowing_capital,,,borrowing_capital,,identity_q1_or_ytd_diff,outside_current_available_window
002958.XSHE,parent_balance,2026-12-31,2026q4,,,sold_buyback_secu_proceeds,,,sold_buyback_secu_proceeds,,identity_q1_or_ytd_diff,outside_current_available_window
002958.XSHE,parent_balance,2026-12-31,2026q4,,,proxy_secu_proceeds,,,proxy_secu_proceeds,,identity_q1_or_ytd_diff,outside_current_available_window
002958.XSHE,parent_balance,2026-12-31,2026q4,,,notes_payable,,,notes_payable,,identity_q1_or_ytd_diff,outside_current_available_window
002958.XSHE,parent_balance,2026-12-31,2026q4,,,advance_peceipts,,,advance_peceipts,,identity_q1_or_ytd_diff,outside_current_available_window
002958.XSHE,parent_balance,2026-12-31,2026q4,,,commission_payable,,,commission_payable,,identity_q1_or_ytd_diff,outside_current_available_window
002958.XSHE,parent_balance,2026-12-31,2026q4,,,salaries_payable,,,salaries_payable,,identity_q1_or_ytd_diff,outside_current_available_window
002958.XSHE,parent_balance,2026-12-31,2026q4,,,taxs_payable,,,taxs_payable,,identity_q1_or_ytd_diff,outside_current_available_window
002958.XSHE,parent_balance,2026-12-31,2026q4,,,interest_payable,,,interest_payable,,identity_q1_or_ytd_diff,outside_current_available_window
002958.XSHE,parent_balance,2026-12-31,2026q4,,,estimate_liability,,,estimate_liability,,identity_q1_or_ytd_diff,outside_current_available_window
002958.XSHE,parent_balance,2026-12-31,2026q4,,,longterm_loan,,,longterm_loan,,identity_q1_or_ytd_diff,outside_current_available_window
002958.XSHE,parent_balance,2026-12-31,2026q4,,,bonds_payable,,,bonds_payable,,identity_q1_or_ytd_diff,outside_current_available_window
002958.XSHE,parent_balance,2026-12-31,2026q4,,,deferred_tax_liability,,,deferred_tax_liability,,identity_q1_or_ytd_diff,outside_current_available_window
002958.XSHE,parent_balance,2026-12-31,2026q4,,,other_liability,,,other_liability,,identity_q1_or_ytd_diff,outside_current_available_window
002958.XSHE,parent_balance,2026-12-31,2026q4,,,total_liability,,,total_liability,,identity_q1_or_ytd_diff,outside_current_available_window
002958.XSHE,parent_balance,2026-12-31,2026q4,,,paidin_capital,,,paidin_capital,,identity_q1_or_ytd_diff,outside_current_available_window
002958.XSHE,parent_balance,2026-12-31,2026q4,,,capital_reserve_fund,,,capital_reserve_fund,,identity_q1_or_ytd_diff,outside_current_available_window
002958.XSHE,parent_balance,2026-12-31,2026q4,,,treasury_stock,,,treasury_stock,,identity_q1_or_ytd_diff,outside_current_available_window
002958.XSHE,parent_balance,2026-12-31,2026q4,,,surplus_reserve_fund,,,surplus_reserve_fund,,identity_q1_or_ytd_diff,outside_current_available_window
002958.XSHE,parent_balance,2026-12-31,2026q4,,,equities_parent_company_owners,,,equities_parent_company_owners,,identity_q1_or_ytd_diff,outside_current_available_window
002958.XSHE,parent_balance,2026-12-31,2026q4,,,retained_profit,,,retained_profit,,identity_q1_or_ytd_diff,outside_current_available_window
002958.XSHE,parent_balance,2026-12-31,2026q4,,,minority_interests,,,minority_interests,,identity_q1_or_ytd_diff,outside_current_available_window
002958.XSHE,parent_balance,2026-12-31,2026q4,,,total_owner_equities,,,total_owner_equities,,identity_q1_or_ytd_diff,outside_current_available_window
002958.XSHE,parent_balance,2026-12-31,2026q4,,,other_comprehensive_income,,,other_comprehensive_income,,identity_q1_or_ytd_diff,outside_current_available_window
