day,code,turnover_ratio,market_cap,circulating_market_cap,pe_ratio,pb_ratio,field_set
2018-09-19,002936.XSHE,0.2775,391.4397,39.66,8.9468,1.5127,"day,code,turnover_ratio,market_cap,circulating_market_cap,pe_ratio,pb_ratio"
2018-09-20,002936.XSHE,0.2133,430.5244,43.62,9.8402,1.6638,"day,code,turnover_ratio,market_cap,circulating_market_cap,pe_ratio,pb_ratio"
2018-09-21,002936.XSHE,0.97,473.7546,48.0,10.8282,1.8308,"day,code,turnover_ratio,market_cap,circulating_market_cap,pe_ratio,pb_ratio"
2018-09-25,002936.XSHE,45.4887,442.9605,44.88,10.1244,1.7118,"day,code,turnover_ratio,market_cap,circulating_market_cap,pe_ratio,pb_ratio"
2018-09-26,002936.XSHE,32.7662,437.6308,44.34,10.0026,1.6912,"day,code,turnover_ratio,market_cap,circulating_market_cap,pe_ratio,pb_ratio"
2018-09-27,002936.XSHE,30.4943,409.2055,41.46,9.3529,1.5814,"day,code,turnover_ratio,market_cap,circulating_market_cap,pe_ratio,pb_ratio"
2018-09-28,002936.XSHE,15.3697,406.8367,41.22,9.2987,1.5722,"day,code,turnover_ratio,market_cap,circulating_market_cap,pe_ratio,pb_ratio"
2018-10-08,002936.XSHE,15.2932,376.6349,38.16,8.6084,1.4555,"day,code,turnover_ratio,market_cap,circulating_market_cap,pe_ratio,pb_ratio"
2018-10-09,002936.XSHE,10.9737,370.1207,37.5,8.4596,1.4303,"day,code,turnover_ratio,market_cap,circulating_market_cap,pe_ratio,pb_ratio"
2018-10-10,002936.XSHE,8.1267,365.9754,37.08,8.3648,1.4143,"day,code,turnover_ratio,market_cap,circulating_market_cap,pe_ratio,pb_ratio"
2018-10-11,002936.XSHE,16.4251,331.6282,33.6,7.5798,1.2816,"day,code,turnover_ratio,market_cap,circulating_market_cap,pe_ratio,pb_ratio"
2018-10-12,002936.XSHE,16.7732,342.2877,34.68,7.8234,1.3228,"day,code,turnover_ratio,market_cap,circulating_market_cap,pe_ratio,pb_ratio"
2018-10-15,002936.XSHE,8.54,332.2204,33.66,7.5933,1.2839,"day,code,turnover_ratio,market_cap,circulating_market_cap,pe_ratio,pb_ratio"
2018-10-16,002936.XSHE,6.6307,326.2984,33.06,7.4579,1.261,"day,code,turnover_ratio,market_cap,circulating_market_cap,pe_ratio,pb_ratio"
2018-10-17,002936.XSHE,10.8583,320.9687,32.52,7.3361,1.2404,"day,code,turnover_ratio,market_cap,circulating_market_cap,pe_ratio,pb_ratio"
2018-10-18,002936.XSHE,7.7352,306.7561,31.08,7.0113,1.1855,"day,code,turnover_ratio,market_cap,circulating_market_cap,pe_ratio,pb_ratio"
2018-10-19,002936.XSHE,9.4112,312.0858,31.62,7.1331,1.2061,"day,code,turnover_ratio,market_cap,circulating_market_cap,pe_ratio,pb_ratio"
2018-10-22,002936.XSHE,20.9175,338.7345,34.32,7.762,1.1427,"day,code,turnover_ratio,market_cap,circulating_market_cap,pe_ratio,pb_ratio"
2018-10-23,002936.XSHE,13.8575,324.5219,32.88,7.4363,1.0948,"day,code,turnover_ratio,market_cap,circulating_market_cap,pe_ratio,pb_ratio"
2018-10-24,002936.XSHE,23.4436,335.7735,34.02,7.6942,1.1327,"day,code,turnover_ratio,market_cap,circulating_market_cap,pe_ratio,pb_ratio"
2018-10-25,002936.XSHE,18.5444,344.0642,34.86,7.8841,1.1607,"day,code,turnover_ratio,market_cap,circulating_market_cap,pe_ratio,pb_ratio"
2018-10-26,002936.XSHE,11.2606,338.1423,34.26,7.7484,1.1407,"day,code,turnover_ratio,market_cap,circulating_market_cap,pe_ratio,pb_ratio"
2018-10-29,002936.XSHE,8.0441,327.4828,33.18,7.5042,1.1048,"day,code,turnover_ratio,market_cap,circulating_market_cap,pe_ratio,pb_ratio"
2018-10-30,002936.XSHE,13.3603,336.9579,34.14,7.7213,1.1367,"day,code,turnover_ratio,market_cap,circulating_market_cap,pe_ratio,pb_ratio"
2018-10-31,002936.XSHE,18.9887,344.6564,34.92,7.8977,1.1627,"day,code,turnover_ratio,market_cap,circulating_market_cap,pe_ratio,pb_ratio"
2018-11-01,002936.XSHE,14.0166,339.3267,34.38,7.7756,1.1447,"day,code,turnover_ratio,market_cap,circulating_market_cap,pe_ratio,pb_ratio"
2018-11-02,002936.XSHE,15.142,347.0252,35.16,7.952,1.1707,"day,code,turnover_ratio,market_cap,circulating_market_cap,pe_ratio,pb_ratio"
2018-11-05,002936.XSHE,11.626,344.6564,34.92,7.8977,1.1627,"day,code,turnover_ratio,market_cap,circulating_market_cap,pe_ratio,pb_ratio"
2018-11-06,002936.XSHE,10.7485,335.7735,34.02,7.6942,1.1327,"day,code,turnover_ratio,market_cap,circulating_market_cap,pe_ratio,pb_ratio"
2018-11-07,002936.XSHE,6.1461,332.2204,33.66,7.6127,1.1207,"day,code,turnover_ratio,market_cap,circulating_market_cap,pe_ratio,pb_ratio"
2018-11-08,002936.XSHE,5.4062,329.8516,33.42,7.5585,1.1127,"day,code,turnover_ratio,market_cap,circulating_market_cap,pe_ratio,pb_ratio"
2018-11-09,002936.XSHE,5.6923,322.7453,32.7,7.3956,1.0888,"day,code,turnover_ratio,market_cap,circulating_market_cap,pe_ratio,pb_ratio"
2018-11-12,002936.XSHE,4.6949,326.8906,33.12,7.4906,1.1028,"day,code,turnover_ratio,market_cap,circulating_market_cap,pe_ratio,pb_ratio"
2018-11-13,002936.XSHE,9.1638,332.2204,33.66,7.6127,1.1207,"day,code,turnover_ratio,market_cap,circulating_market_cap,pe_ratio,pb_ratio"
2018-11-14,002936.XSHE,6.9295,329.2594,33.36,7.5449,1.1107,"day,code,turnover_ratio,market_cap,circulating_market_cap,pe_ratio,pb_ratio"
2018-11-15,002936.XSHE,7.2845,333.997,33.84,7.6535,1.1267,"day,code,turnover_ratio,market_cap,circulating_market_cap,pe_ratio,pb_ratio"
2018-11-16,002936.XSHE,11.7763,337.5501,34.2,7.7349,1.1387,"day,code,turnover_ratio,market_cap,circulating_market_cap,pe_ratio,pb_ratio"
2018-11-19,002936.XSHE,16.5753,347.0252,35.16,7.952,1.1707,"day,code,turnover_ratio,market_cap,circulating_market_cap,pe_ratio,pb_ratio"
2018-11-20,002936.XSHE,11.2404,333.4048,33.78,7.6399,1.1247,"day,code,turnover_ratio,market_cap,circulating_market_cap,pe_ratio,pb_ratio"
2018-11-21,002936.XSHE,5.2927,332.2204,33.66,7.6127,1.1207,"day,code,turnover_ratio,market_cap,circulating_market_cap,pe_ratio,pb_ratio"
2018-11-22,002936.XSHE,5.5692,328.075,33.24,7.5178,1.1068,"day,code,turnover_ratio,market_cap,circulating_market_cap,pe_ratio,pb_ratio"
2018-11-23,002936.XSHE,6.7779,318.0077,32.22,7.2871,1.0728,"day,code,turnover_ratio,market_cap,circulating_market_cap,pe_ratio,pb_ratio"
2018-11-26,002936.XSHE,3.0992,318.5999,32.28,7.3006,1.0748,"day,code,turnover_ratio,market_cap,circulating_market_cap,pe_ratio,pb_ratio"
2018-11-27,002936.XSHE,3.242,317.4155,32.16,7.2735,1.0708,"day,code,turnover_ratio,market_cap,circulating_market_cap,pe_ratio,pb_ratio"
2018-11-28,002936.XSHE,3.4299,319.7843,32.4,7.3278,1.0788,"day,code,turnover_ratio,market_cap,circulating_market_cap,pe_ratio,pb_ratio"
2018-11-29,002936.XSHE,4.4871,312.0858,31.62,7.1514,1.0528,"day,code,turnover_ratio,market_cap,circulating_market_cap,pe_ratio,pb_ratio"
2018-11-30,002936.XSHE,3.2237,313.2702,31.74,7.1785,1.0568,"day,code,turnover_ratio,market_cap,circulating_market_cap,pe_ratio,pb_ratio"
2018-12-03,002936.XSHE,6.3773,319.1921,32.34,7.3142,1.0768,"day,code,turnover_ratio,market_cap,circulating_market_cap,pe_ratio,pb_ratio"
2018-12-04,002936.XSHE,3.6239,319.7843,32.4,7.3278,1.0788,"day,code,turnover_ratio,market_cap,circulating_market_cap,pe_ratio,pb_ratio"
2018-12-05,002936.XSHE,3.3088,315.639,31.98,7.2328,1.0648,"day,code,turnover_ratio,market_cap,circulating_market_cap,pe_ratio,pb_ratio"
2018-12-06,002936.XSHE,3.32,311.4936,31.56,7.1378,1.0508,"day,code,turnover_ratio,market_cap,circulating_market_cap,pe_ratio,pb_ratio"
2018-12-07,002936.XSHE,1.8677,311.4936,31.56,7.1378,1.0508,"day,code,turnover_ratio,market_cap,circulating_market_cap,pe_ratio,pb_ratio"
2018-12-10,002936.XSHE,2.7817,306.7561,31.08,7.0292,1.0348,"day,code,turnover_ratio,market_cap,circulating_market_cap,pe_ratio,pb_ratio"
2018-12-11,002936.XSHE,2.922,310.3092,31.44,7.1107,1.0468,"day,code,turnover_ratio,market_cap,circulating_market_cap,pe_ratio,pb_ratio"
2018-12-12,002936.XSHE,2.0128,309.717,31.38,7.0971,1.0448,"day,code,turnover_ratio,market_cap,circulating_market_cap,pe_ratio,pb_ratio"
2018-12-13,002936.XSHE,4.6657,313.8624,31.8,7.1921,1.0588,"day,code,turnover_ratio,market_cap,circulating_market_cap,pe_ratio,pb_ratio"
2018-12-14,002936.XSHE,3.226,307.3483,31.14,7.0428,1.0368,"day,code,turnover_ratio,market_cap,circulating_market_cap,pe_ratio,pb_ratio"
2018-12-17,002936.XSHE,1.937,307.9405,31.2,7.0564,1.0388,"day,code,turnover_ratio,market_cap,circulating_market_cap,pe_ratio,pb_ratio"
2018-12-18,002936.XSHE,1.864,306.1639,31.02,7.0157,1.0328,"day,code,turnover_ratio,market_cap,circulating_market_cap,pe_ratio,pb_ratio"
2018-12-19,002936.XSHE,1.9265,304.3873,30.84,6.975,1.0268,"day,code,turnover_ratio,market_cap,circulating_market_cap,pe_ratio,pb_ratio"
2018-12-20,002936.XSHE,2.3852,304.3873,30.84,6.975,1.0268,"day,code,turnover_ratio,market_cap,circulating_market_cap,pe_ratio,pb_ratio"
2018-12-21,002936.XSHE,2.1022,303.7951,30.78,6.9614,1.0248,"day,code,turnover_ratio,market_cap,circulating_market_cap,pe_ratio,pb_ratio"
2018-12-24,002936.XSHE,1.8261,304.3873,30.84,6.975,1.0268,"day,code,turnover_ratio,market_cap,circulating_market_cap,pe_ratio,pb_ratio"
2018-12-25,002936.XSHE,3.3852,300.8341,30.48,6.8935,1.0149,"day,code,turnover_ratio,market_cap,circulating_market_cap,pe_ratio,pb_ratio"
2018-12-26,002936.XSHE,1.7045,299.0576,30.3,6.8528,1.0089,"day,code,turnover_ratio,market_cap,circulating_market_cap,pe_ratio,pb_ratio"
2018-12-27,002936.XSHE,2.711,297.8732,30.18,6.8257,1.0049,"day,code,turnover_ratio,market_cap,circulating_market_cap,pe_ratio,pb_ratio"
2018-12-28,002936.XSHE,2.3149,300.2419,30.42,6.88,1.0129,"day,code,turnover_ratio,market_cap,circulating_market_cap,pe_ratio,pb_ratio"
2019-01-02,002936.XSHE,1.9806,298.4654,30.24,6.8393,1.0069,"day,code,turnover_ratio,market_cap,circulating_market_cap,pe_ratio,pb_ratio"
2019-01-03,002936.XSHE,2.4491,299.0576,30.3,6.8528,1.0089,"day,code,turnover_ratio,market_cap,circulating_market_cap,pe_ratio,pb_ratio"
2019-01-04,002936.XSHE,8.6724,309.717,31.38,7.0971,1.0448,"day,code,turnover_ratio,market_cap,circulating_market_cap,pe_ratio,pb_ratio"
2019-01-07,002936.XSHE,5.9084,307.9405,31.2,7.0564,1.0388,"day,code,turnover_ratio,market_cap,circulating_market_cap,pe_ratio,pb_ratio"
2019-01-08,002936.XSHE,3.0559,305.5717,30.96,7.0021,1.0308,"day,code,turnover_ratio,market_cap,circulating_market_cap,pe_ratio,pb_ratio"
2019-01-09,002936.XSHE,4.7128,306.7561,31.08,7.0292,1.0348,"day,code,turnover_ratio,market_cap,circulating_market_cap,pe_ratio,pb_ratio"
2019-01-10,002936.XSHE,3.3533,303.2029,30.72,6.9478,1.0228,"day,code,turnover_ratio,market_cap,circulating_market_cap,pe_ratio,pb_ratio"
2019-01-11,002936.XSHE,3.703,306.7561,31.08,7.0292,1.0348,"day,code,turnover_ratio,market_cap,circulating_market_cap,pe_ratio,pb_ratio"
2019-01-14,002936.XSHE,3.3887,303.2029,30.72,6.9478,1.0228,"day,code,turnover_ratio,market_cap,circulating_market_cap,pe_ratio,pb_ratio"
2019-01-15,002936.XSHE,4.0021,306.7561,31.08,7.0292,1.0348,"day,code,turnover_ratio,market_cap,circulating_market_cap,pe_ratio,pb_ratio"
2019-01-16,002936.XSHE,2.3933,304.3873,30.84,6.975,1.0268,"day,code,turnover_ratio,market_cap,circulating_market_cap,pe_ratio,pb_ratio"
2019-01-17,002936.XSHE,2.463,303.2029,30.72,6.9478,1.0228,"day,code,turnover_ratio,market_cap,circulating_market_cap,pe_ratio,pb_ratio"
2019-01-18,002936.XSHE,5.3422,306.7561,31.08,7.0292,1.0348,"day,code,turnover_ratio,market_cap,circulating_market_cap,pe_ratio,pb_ratio"
2019-01-21,002936.XSHE,3.5945,304.9795,30.9,6.9885,1.0288,"day,code,turnover_ratio,market_cap,circulating_market_cap,pe_ratio,pb_ratio"
2019-01-22,002936.XSHE,2.4095,302.6107,30.66,6.9342,1.0209,"day,code,turnover_ratio,market_cap,circulating_market_cap,pe_ratio,pb_ratio"
2019-01-23,002936.XSHE,1.8633,302.6107,30.66,6.9342,1.0209,"day,code,turnover_ratio,market_cap,circulating_market_cap,pe_ratio,pb_ratio"
2019-01-24,002936.XSHE,2.4236,303.7951,30.78,6.9614,1.0248,"day,code,turnover_ratio,market_cap,circulating_market_cap,pe_ratio,pb_ratio"
2019-01-25,002936.XSHE,4.1873,304.3873,30.84,6.975,1.0268,"day,code,turnover_ratio,market_cap,circulating_market_cap,pe_ratio,pb_ratio"
2019-01-28,002936.XSHE,10.709,291.359,29.52,9.6017,1.0114,"day,code,turnover_ratio,market_cap,circulating_market_cap,pe_ratio,pb_ratio"
2019-01-29,002936.XSHE,3.8448,285.4371,28.92,9.4065,0.9909,"day,code,turnover_ratio,market_cap,circulating_market_cap,pe_ratio,pb_ratio"
2019-01-30,002936.XSHE,2.1858,283.0683,28.68,9.3285,0.9827,"day,code,turnover_ratio,market_cap,circulating_market_cap,pe_ratio,pb_ratio"
2019-01-31,002936.XSHE,3.1,280.6996,28.44,9.2504,0.9744,"day,code,turnover_ratio,market_cap,circulating_market_cap,pe_ratio,pb_ratio"
2019-02-01,002936.XSHE,2.1252,284.8449,28.86,9.387,0.9888,"day,code,turnover_ratio,market_cap,circulating_market_cap,pe_ratio,pb_ratio"
2019-02-11,002936.XSHE,3.176,288.3981,29.22,9.5041,1.0012,"day,code,turnover_ratio,market_cap,circulating_market_cap,pe_ratio,pb_ratio"
2019-02-12,002936.XSHE,3.7442,289.5825,29.34,9.5431,1.0053,"day,code,turnover_ratio,market_cap,circulating_market_cap,pe_ratio,pb_ratio"
2019-02-13,002936.XSHE,6.5346,294.32,29.82,9.6993,1.0217,"day,code,turnover_ratio,market_cap,circulating_market_cap,pe_ratio,pb_ratio"
2019-02-14,002936.XSHE,3.6084,292.5434,29.64,9.6407,1.0156,"day,code,turnover_ratio,market_cap,circulating_market_cap,pe_ratio,pb_ratio"
2019-02-15,002936.XSHE,2.7497,291.359,29.52,9.6017,1.0114,"day,code,turnover_ratio,market_cap,circulating_market_cap,pe_ratio,pb_ratio"
2019-02-18,002936.XSHE,6.2893,297.281,30.12,9.7968,1.032,"day,code,turnover_ratio,market_cap,circulating_market_cap,pe_ratio,pb_ratio"
2019-02-19,002936.XSHE,9.6261,299.6498,30.36,9.8749,1.0402,"day,code,turnover_ratio,market_cap,circulating_market_cap,pe_ratio,pb_ratio"
2019-02-20,002936.XSHE,4.3166,297.8732,30.18,9.8164,1.0341,"day,code,turnover_ratio,market_cap,circulating_market_cap,pe_ratio,pb_ratio"
2019-02-21,002936.XSHE,4.9625,295.5044,29.94,9.7383,1.0258,"day,code,turnover_ratio,market_cap,circulating_market_cap,pe_ratio,pb_ratio"
2019-02-22,002936.XSHE,11.2261,306.7561,31.08,10.1091,1.0649,"day,code,turnover_ratio,market_cap,circulating_market_cap,pe_ratio,pb_ratio"
2019-02-25,002936.XSHE,33.0006,337.5501,34.2,11.1239,1.1718,"day,code,turnover_ratio,market_cap,circulating_market_cap,pe_ratio,pb_ratio"
2019-02-26,002936.XSHE,26.6345,327.4828,33.18,10.7921,1.1368,"day,code,turnover_ratio,market_cap,circulating_market_cap,pe_ratio,pb_ratio"
2019-02-27,002936.XSHE,41.4257,355.9081,36.06,11.7289,1.2355,"day,code,turnover_ratio,market_cap,circulating_market_cap,pe_ratio,pb_ratio"
2019-02-28,002936.XSHE,24.1114,345.8408,35.04,11.3971,1.2006,"day,code,turnover_ratio,market_cap,circulating_market_cap,pe_ratio,pb_ratio"
2019-03-01,002936.XSHE,17.5679,349.9862,35.46,11.5337,1.215,"day,code,turnover_ratio,market_cap,circulating_market_cap,pe_ratio,pb_ratio"
2019-03-04,002936.XSHE,41.6475,379.5958,38.46,12.5095,1.3178,"day,code,turnover_ratio,market_cap,circulating_market_cap,pe_ratio,pb_ratio"
2019-03-05,002936.XSHE,27.701,377.8193,38.28,12.451,1.3116,"day,code,turnover_ratio,market_cap,circulating_market_cap,pe_ratio,pb_ratio"
2019-03-06,002936.XSHE,28.6774,391.4397,39.66,12.8998,1.3589,"day,code,turnover_ratio,market_cap,circulating_market_cap,pe_ratio,pb_ratio"
2019-03-07,002936.XSHE,37.7452,428.1557,43.38,14.1098,1.4863,"day,code,turnover_ratio,market_cap,circulating_market_cap,pe_ratio,pb_ratio"
2019-03-08,002936.XSHE,29.5027,385.5178,39.06,12.7047,1.3383,"day,code,turnover_ratio,market_cap,circulating_market_cap,pe_ratio,pb_ratio"
2019-03-11,002936.XSHE,14.5402,384.3334,38.94,12.6656,1.3342,"day,code,turnover_ratio,market_cap,circulating_market_cap,pe_ratio,pb_ratio"
2019-03-12,002936.XSHE,14.6304,382.5568,38.76,12.6071,1.328,"day,code,turnover_ratio,market_cap,circulating_market_cap,pe_ratio,pb_ratio"
2019-03-13,002936.XSHE,12.1354,364.791,36.96,12.0216,1.2664,"day,code,turnover_ratio,market_cap,circulating_market_cap,pe_ratio,pb_ratio"
2019-03-14,002936.XSHE,11.2653,354.7237,35.94,11.6899,1.2314,"day,code,turnover_ratio,market_cap,circulating_market_cap,pe_ratio,pb_ratio"
2019-03-15,002936.XSHE,7.9508,356.5003,36.12,11.7484,1.2376,"day,code,turnover_ratio,market_cap,circulating_market_cap,pe_ratio,pb_ratio"
2019-03-18,002936.XSHE,11.2001,370.7129,37.56,12.2168,1.2869,"day,code,turnover_ratio,market_cap,circulating_market_cap,pe_ratio,pb_ratio"
2019-03-19,002936.XSHE,7.9977,365.9754,37.08,12.0607,1.2705,"day,code,turnover_ratio,market_cap,circulating_market_cap,pe_ratio,pb_ratio"
2019-03-20,002936.XSHE,10.7038,372.4895,37.74,12.2753,1.2931,"day,code,turnover_ratio,market_cap,circulating_market_cap,pe_ratio,pb_ratio"
2019-03-21,002936.XSHE,11.2878,371.3051,37.62,12.2363,1.289,"day,code,turnover_ratio,market_cap,circulating_market_cap,pe_ratio,pb_ratio"
2019-03-22,002936.XSHE,8.4479,362.4222,36.72,11.9436,1.2581,"day,code,turnover_ratio,market_cap,circulating_market_cap,pe_ratio,pb_ratio"
2019-03-25,002936.XSHE,7.9737,349.394,35.4,11.5142,1.2129,"day,code,turnover_ratio,market_cap,circulating_market_cap,pe_ratio,pb_ratio"
2019-03-26,002936.XSHE,5.6579,341.6955,34.62,11.2605,1.1862,"day,code,turnover_ratio,market_cap,circulating_market_cap,pe_ratio,pb_ratio"
2019-03-27,002936.XSHE,4.1113,345.8408,35.04,11.3971,1.2006,"day,code,turnover_ratio,market_cap,circulating_market_cap,pe_ratio,pb_ratio"
2019-03-28,002936.XSHE,4.3931,338.7345,34.32,11.1629,1.1759,"day,code,turnover_ratio,market_cap,circulating_market_cap,pe_ratio,pb_ratio"
2019-03-29,002936.XSHE,11.166,355.9081,36.06,11.6354,1.2348,"day,code,turnover_ratio,market_cap,circulating_market_cap,pe_ratio,pb_ratio"
2019-04-01,002936.XSHE,10.1138,362.4222,36.72,11.8484,1.2574,"day,code,turnover_ratio,market_cap,circulating_market_cap,pe_ratio,pb_ratio"
2019-04-02,002936.XSHE,8.8602,358.2769,36.3,11.7129,1.243,"day,code,turnover_ratio,market_cap,circulating_market_cap,pe_ratio,pb_ratio"
2019-04-03,002936.XSHE,7.2434,361.2378,36.6,11.8097,1.2532,"day,code,turnover_ratio,market_cap,circulating_market_cap,pe_ratio,pb_ratio"
2019-04-04,002936.XSHE,9.8063,364.1988,36.9,11.9065,1.2635,"day,code,turnover_ratio,market_cap,circulating_market_cap,pe_ratio,pb_ratio"
2019-04-08,002936.XSHE,9.9651,358.2769,36.3,11.7129,1.243,"day,code,turnover_ratio,market_cap,circulating_market_cap,pe_ratio,pb_ratio"
2019-04-09,002936.XSHE,5.467,354.1315,35.88,11.5773,1.2286,"day,code,turnover_ratio,market_cap,circulating_market_cap,pe_ratio,pb_ratio"
2019-04-10,002936.XSHE,3.7755,352.9471,35.76,11.5386,1.2245,"day,code,turnover_ratio,market_cap,circulating_market_cap,pe_ratio,pb_ratio"
2019-04-11,002936.XSHE,3.9288,347.0252,35.16,11.345,1.2039,"day,code,turnover_ratio,market_cap,circulating_market_cap,pe_ratio,pb_ratio"
2019-04-12,002936.XSHE,2.669,347.0252,35.16,11.345,1.2039,"day,code,turnover_ratio,market_cap,circulating_market_cap,pe_ratio,pb_ratio"
2019-04-15,002936.XSHE,4.9114,344.6564,34.92,11.2676,1.1957,"day,code,turnover_ratio,market_cap,circulating_market_cap,pe_ratio,pb_ratio"
2019-04-16,002936.XSHE,8.383,354.7237,35.94,11.5967,1.2306,"day,code,turnover_ratio,market_cap,circulating_market_cap,pe_ratio,pb_ratio"
2019-04-17,002936.XSHE,6.6355,352.9471,35.76,11.5386,1.2245,"day,code,turnover_ratio,market_cap,circulating_market_cap,pe_ratio,pb_ratio"
2019-04-18,002936.XSHE,3.4136,350.5784,35.52,11.4612,1.2163,"day,code,turnover_ratio,market_cap,circulating_market_cap,pe_ratio,pb_ratio"
2019-04-19,002936.XSHE,3.2589,351.7628,35.64,11.4999,1.2204,"day,code,turnover_ratio,market_cap,circulating_market_cap,pe_ratio,pb_ratio"
2019-04-22,002936.XSHE,3.5101,345.2486,34.98,11.2869,1.1978,"day,code,turnover_ratio,market_cap,circulating_market_cap,pe_ratio,pb_ratio"
2019-04-23,002936.XSHE,3.4432,344.0642,34.86,11.2482,1.1937,"day,code,turnover_ratio,market_cap,circulating_market_cap,pe_ratio,pb_ratio"
2019-04-24,002936.XSHE,2.4543,345.2486,34.98,11.2869,1.1978,"day,code,turnover_ratio,market_cap,circulating_market_cap,pe_ratio,pb_ratio"
2019-04-25,002936.XSHE,3.8718,336.3657,34.08,10.9965,1.167,"day,code,turnover_ratio,market_cap,circulating_market_cap,pe_ratio,pb_ratio"
2019-04-26,002936.XSHE,3.148,330.4438,33.48,10.8029,1.1464,"day,code,turnover_ratio,market_cap,circulating_market_cap,pe_ratio,pb_ratio"
2019-04-29,002936.XSHE,3.4445,319.7843,32.4,10.4545,1.1094,"day,code,turnover_ratio,market_cap,circulating_market_cap,pe_ratio,pb_ratio"
2019-04-30,002936.XSHE,2.1514,322.1531,32.64,10.9175,1.0766,"day,code,turnover_ratio,market_cap,circulating_market_cap,pe_ratio,pb_ratio"
2019-05-06,002936.XSHE,5.9397,316.8234,32.1,10.7369,1.0588,"day,code,turnover_ratio,market_cap,circulating_market_cap,pe_ratio,pb_ratio"
2019-05-07,002936.XSHE,4.2693,322.1531,32.64,10.9175,1.0766,"day,code,turnover_ratio,market_cap,circulating_market_cap,pe_ratio,pb_ratio"
2019-05-08,002936.XSHE,3.2684,315.639,31.98,10.6967,1.0548,"day,code,turnover_ratio,market_cap,circulating_market_cap,pe_ratio,pb_ratio"
2019-05-09,002936.XSHE,1.9753,312.0858,31.62,10.5763,1.0429,"day,code,turnover_ratio,market_cap,circulating_market_cap,pe_ratio,pb_ratio"
2019-05-10,002936.XSHE,3.8361,319.7843,32.4,10.8372,1.0687,"day,code,turnover_ratio,market_cap,circulating_market_cap,pe_ratio,pb_ratio"
2019-05-13,002936.XSHE,2.221,313.8624,31.8,10.6365,1.0489,"day,code,turnover_ratio,market_cap,circulating_market_cap,pe_ratio,pb_ratio"
2019-05-14,002936.XSHE,2.4126,313.8624,31.8,10.6365,1.0489,"day,code,turnover_ratio,market_cap,circulating_market_cap,pe_ratio,pb_ratio"
2019-05-15,002936.XSHE,2.1103,317.4155,32.16,10.7569,1.0607,"day,code,turnover_ratio,market_cap,circulating_market_cap,pe_ratio,pb_ratio"
2019-05-16,002936.XSHE,1.9027,318.5999,32.28,10.7971,1.0647,"day,code,turnover_ratio,market_cap,circulating_market_cap,pe_ratio,pb_ratio"
2019-05-17,002936.XSHE,3.8021,304.9795,30.9,10.3355,1.0192,"day,code,turnover_ratio,market_cap,circulating_market_cap,pe_ratio,pb_ratio"
2019-05-20,002936.XSHE,2.1292,302.0185,30.6,10.2351,1.0093,"day,code,turnover_ratio,market_cap,circulating_market_cap,pe_ratio,pb_ratio"
2019-05-21,002936.XSHE,1.9343,305.5717,30.96,10.3556,1.0212,"day,code,turnover_ratio,market_cap,circulating_market_cap,pe_ratio,pb_ratio"
2019-05-22,002936.XSHE,1.4223,302.0185,30.6,10.2351,1.0093,"day,code,turnover_ratio,market_cap,circulating_market_cap,pe_ratio,pb_ratio"
2019-05-23,002936.XSHE,1.4828,299.6498,30.36,10.1549,1.0014,"day,code,turnover_ratio,market_cap,circulating_market_cap,pe_ratio,pb_ratio"
2019-05-24,002936.XSHE,2.8374,303.2029,30.72,10.2753,1.0133,"day,code,turnover_ratio,market_cap,circulating_market_cap,pe_ratio,pb_ratio"
2019-05-27,002936.XSHE,2.6617,306.1639,31.02,10.3756,1.0231,"day,code,turnover_ratio,market_cap,circulating_market_cap,pe_ratio,pb_ratio"
2019-05-28,002936.XSHE,1.6773,304.3873,30.84,10.3154,1.0172,"day,code,turnover_ratio,market_cap,circulating_market_cap,pe_ratio,pb_ratio"
2019-05-29,002936.XSHE,1.7854,306.7561,31.08,10.3957,1.0251,"day,code,turnover_ratio,market_cap,circulating_market_cap,pe_ratio,pb_ratio"
2019-05-30,002936.XSHE,1.5456,303.7951,30.78,10.2953,1.0152,"day,code,turnover_ratio,market_cap,circulating_market_cap,pe_ratio,pb_ratio"
2019-05-31,002936.XSHE,2.0863,304.9795,30.9,10.3355,1.0192,"day,code,turnover_ratio,market_cap,circulating_market_cap,pe_ratio,pb_ratio"
2019-06-03,002936.XSHE,2.1376,302.0185,30.6,10.2351,1.0093,"day,code,turnover_ratio,market_cap,circulating_market_cap,pe_ratio,pb_ratio"
2019-06-04,002936.XSHE,2.0519,301.4263,30.54,10.2151,1.0073,"day,code,turnover_ratio,market_cap,circulating_market_cap,pe_ratio,pb_ratio"
2019-06-05,002936.XSHE,2.4599,304.3873,30.84,10.3154,1.0172,"day,code,turnover_ratio,market_cap,circulating_market_cap,pe_ratio,pb_ratio"
2019-06-06,002936.XSHE,2.1403,299.6498,30.36,10.1549,1.0014,"day,code,turnover_ratio,market_cap,circulating_market_cap,pe_ratio,pb_ratio"
2019-06-10,002936.XSHE,1.4551,302.6107,30.66,10.2552,1.0113,"day,code,turnover_ratio,market_cap,circulating_market_cap,pe_ratio,pb_ratio"
2019-06-11,002936.XSHE,4.7354,313.2702,31.74,10.6164,1.0469,"day,code,turnover_ratio,market_cap,circulating_market_cap,pe_ratio,pb_ratio"
2019-06-12,002936.XSHE,2.568,309.717,31.38,10.496,1.035,"day,code,turnover_ratio,market_cap,circulating_market_cap,pe_ratio,pb_ratio"
2019-06-13,002936.XSHE,1.956,309.1248,31.32,10.476,1.033,"day,code,turnover_ratio,market_cap,circulating_market_cap,pe_ratio,pb_ratio"
2019-06-14,002936.XSHE,2.7907,303.2029,30.72,10.2753,1.0133,"day,code,turnover_ratio,market_cap,circulating_market_cap,pe_ratio,pb_ratio"
2019-06-17,002936.XSHE,1.714,307.3483,31.14,10.4158,1.0271,"day,code,turnover_ratio,market_cap,circulating_market_cap,pe_ratio,pb_ratio"
2019-06-18,002936.XSHE,1.3322,307.9405,31.2,10.4358,1.0291,"day,code,turnover_ratio,market_cap,circulating_market_cap,pe_ratio,pb_ratio"
2019-06-19,002936.XSHE,2.7451,300.2419,30.42,10.1749,1.0034,"day,code,turnover_ratio,market_cap,circulating_market_cap,pe_ratio,pb_ratio"
2019-06-20,002936.XSHE,5.7431,309.717,31.38,10.496,1.035,"day,code,turnover_ratio,market_cap,circulating_market_cap,pe_ratio,pb_ratio"
2019-06-21,002936.XSHE,3.5023,310.3092,31.44,10.5161,1.037,"day,code,turnover_ratio,market_cap,circulating_market_cap,pe_ratio,pb_ratio"
2019-06-24,002936.XSHE,1.7781,307.9405,31.2,10.4358,1.0291,"day,code,turnover_ratio,market_cap,circulating_market_cap,pe_ratio,pb_ratio"
2019-06-25,002936.XSHE,2.1742,304.3873,30.84,10.3154,1.0172,"day,code,turnover_ratio,market_cap,circulating_market_cap,pe_ratio,pb_ratio"
2019-06-26,002936.XSHE,1.2168,303.2029,30.72,10.2753,1.0133,"day,code,turnover_ratio,market_cap,circulating_market_cap,pe_ratio,pb_ratio"
2019-06-27,002936.XSHE,1.3513,303.7951,30.78,10.2953,1.0152,"day,code,turnover_ratio,market_cap,circulating_market_cap,pe_ratio,pb_ratio"
2019-06-28,002936.XSHE,1.5659,300.8341,30.48,10.195,1.0053,"day,code,turnover_ratio,market_cap,circulating_market_cap,pe_ratio,pb_ratio"
2019-07-01,002936.XSHE,2.1613,306.1639,31.02,10.3756,1.0231,"day,code,turnover_ratio,market_cap,circulating_market_cap,pe_ratio,pb_ratio"
2019-07-02,002936.XSHE,1.5476,306.1639,31.02,10.3756,1.0231,"day,code,turnover_ratio,market_cap,circulating_market_cap,pe_ratio,pb_ratio"
2019-07-03,002936.XSHE,1.2519,303.7951,30.78,10.2953,1.0152,"day,code,turnover_ratio,market_cap,circulating_market_cap,pe_ratio,pb_ratio"
2019-07-04,002936.XSHE,1.1936,303.2029,30.72,10.2753,1.0133,"day,code,turnover_ratio,market_cap,circulating_market_cap,pe_ratio,pb_ratio"
2019-07-05,002936.XSHE,0.9078,303.2029,30.72,10.2753,1.0133,"day,code,turnover_ratio,market_cap,circulating_market_cap,pe_ratio,pb_ratio"
2019-07-08,002936.XSHE,3.0506,294.32,29.82,9.9742,0.9836,"day,code,turnover_ratio,market_cap,circulating_market_cap,pe_ratio,pb_ratio"
2019-07-09,002936.XSHE,1.2181,294.32,29.82,9.9742,0.9836,"day,code,turnover_ratio,market_cap,circulating_market_cap,pe_ratio,pb_ratio"
2019-07-10,002936.XSHE,0.9749,292.5434,29.64,9.914,0.9776,"day,code,turnover_ratio,market_cap,circulating_market_cap,pe_ratio,pb_ratio"
2019-07-11,002936.XSHE,0.8911,292.5434,29.64,9.914,0.9776,"day,code,turnover_ratio,market_cap,circulating_market_cap,pe_ratio,pb_ratio"
2019-07-12,002936.XSHE,1.3972,294.9122,29.88,9.9943,0.9855,"day,code,turnover_ratio,market_cap,circulating_market_cap,pe_ratio,pb_ratio"
2019-07-15,002936.XSHE,1.7317,296.6888,30.06,9.3701,0.9744,"day,code,turnover_ratio,market_cap,circulating_market_cap,pe_ratio,pb_ratio"
2019-07-16,002936.XSHE,1.0118,297.281,30.12,9.3888,0.9764,"day,code,turnover_ratio,market_cap,circulating_market_cap,pe_ratio,pb_ratio"
2019-07-17,002936.XSHE,1.0055,296.6888,30.06,9.3701,0.9744,"day,code,turnover_ratio,market_cap,circulating_market_cap,pe_ratio,pb_ratio"
2019-07-18,002936.XSHE,1.0239,294.32,29.82,9.2953,0.9666,"day,code,turnover_ratio,market_cap,circulating_market_cap,pe_ratio,pb_ratio"
2019-07-19,002936.XSHE,1.1647,295.5044,29.94,9.3327,0.9705,"day,code,turnover_ratio,market_cap,circulating_market_cap,pe_ratio,pb_ratio"
2019-07-22,002936.XSHE,1.3133,291.9512,29.58,9.2205,0.9588,"day,code,turnover_ratio,market_cap,circulating_market_cap,pe_ratio,pb_ratio"
2019-07-23,002936.XSHE,0.793,292.5434,29.64,9.2392,0.9608,"day,code,turnover_ratio,market_cap,circulating_market_cap,pe_ratio,pb_ratio"
2019-07-24,002936.XSHE,1.0015,293.7278,29.76,9.2766,0.9647,"day,code,turnover_ratio,market_cap,circulating_market_cap,pe_ratio,pb_ratio"
2019-07-25,002936.XSHE,1.0879,294.32,29.82,9.2953,0.9666,"day,code,turnover_ratio,market_cap,circulating_market_cap,pe_ratio,pb_ratio"
2019-07-26,002936.XSHE,0.7895,293.1356,29.7,9.2579,0.9627,"day,code,turnover_ratio,market_cap,circulating_market_cap,pe_ratio,pb_ratio"
2019-07-29,002936.XSHE,0.9429,293.1356,29.7,9.2579,0.9627,"day,code,turnover_ratio,market_cap,circulating_market_cap,pe_ratio,pb_ratio"
2019-07-30,002936.XSHE,1.7302,294.9122,29.88,9.314,0.9686,"day,code,turnover_ratio,market_cap,circulating_market_cap,pe_ratio,pb_ratio"
2019-07-31,002936.XSHE,1.1676,293.7278,29.76,9.2766,0.9647,"day,code,turnover_ratio,market_cap,circulating_market_cap,pe_ratio,pb_ratio"
2019-08-01,002936.XSHE,0.7737,292.5434,29.64,9.2392,0.9608,"day,code,turnover_ratio,market_cap,circulating_market_cap,pe_ratio,pb_ratio"
2019-08-02,002936.XSHE,1.4466,288.3981,29.22,9.1083,0.9472,"day,code,turnover_ratio,market_cap,circulating_market_cap,pe_ratio,pb_ratio"
2019-08-05,002936.XSHE,1.3569,284.2527,28.8,8.9774,0.9336,"day,code,turnover_ratio,market_cap,circulating_market_cap,pe_ratio,pb_ratio"
2019-08-06,002936.XSHE,2.2207,276.5542,28.02,8.7342,0.9083,"day,code,turnover_ratio,market_cap,circulating_market_cap,pe_ratio,pb_ratio"
2019-08-07,002936.XSHE,0.8853,275.962,27.96,8.7155,0.9063,"day,code,turnover_ratio,market_cap,circulating_market_cap,pe_ratio,pb_ratio"
2019-08-08,002936.XSHE,2.318,281.884,28.56,8.9026,0.9258,"day,code,turnover_ratio,market_cap,circulating_market_cap,pe_ratio,pb_ratio"
2019-08-09,002936.XSHE,1.5497,276.5542,28.02,8.7342,0.9083,"day,code,turnover_ratio,market_cap,circulating_market_cap,pe_ratio,pb_ratio"
2019-08-12,002936.XSHE,0.9332,280.1074,28.38,8.8465,0.92,"day,code,turnover_ratio,market_cap,circulating_market_cap,pe_ratio,pb_ratio"
2019-08-13,002936.XSHE,0.7802,278.3308,28.2,8.7903,0.9141,"day,code,turnover_ratio,market_cap,circulating_market_cap,pe_ratio,pb_ratio"
2019-08-14,002936.XSHE,0.9225,278.923,28.26,8.8091,0.9161,"day,code,turnover_ratio,market_cap,circulating_market_cap,pe_ratio,pb_ratio"
2019-08-15,002936.XSHE,1.005,277.7386,28.14,8.7716,0.9122,"day,code,turnover_ratio,market_cap,circulating_market_cap,pe_ratio,pb_ratio"
2019-08-16,002936.XSHE,0.9145,278.3308,28.2,8.7903,0.9141,"day,code,turnover_ratio,market_cap,circulating_market_cap,pe_ratio,pb_ratio"
2019-08-19,002936.XSHE,2.4985,283.6605,28.74,8.9587,0.9316,"day,code,turnover_ratio,market_cap,circulating_market_cap,pe_ratio,pb_ratio"
2019-08-20,002936.XSHE,1.8092,281.884,28.56,8.9026,0.9258,"day,code,turnover_ratio,market_cap,circulating_market_cap,pe_ratio,pb_ratio"
2019-08-21,002936.XSHE,0.9814,281.2918,28.5,8.8971,0.9242,"day,code,turnover_ratio,market_cap,circulating_market_cap,pe_ratio,pb_ratio"
2019-08-22,002936.XSHE,0.8772,280.6996,28.44,8.8784,0.9223,"day,code,turnover_ratio,market_cap,circulating_market_cap,pe_ratio,pb_ratio"
2019-08-23,002936.XSHE,0.9178,281.2918,28.5,8.8971,0.9242,"day,code,turnover_ratio,market_cap,circulating_market_cap,pe_ratio,pb_ratio"
2019-08-26,002936.XSHE,1.3949,277.1464,28.08,8.766,0.9106,"day,code,turnover_ratio,market_cap,circulating_market_cap,pe_ratio,pb_ratio"
2019-08-27,002936.XSHE,1.4055,280.1074,28.38,8.8597,0.9203,"day,code,turnover_ratio,market_cap,circulating_market_cap,pe_ratio,pb_ratio"
2019-08-28,002936.XSHE,1.0562,280.6996,28.44,8.8784,0.9223,"day,code,turnover_ratio,market_cap,circulating_market_cap,pe_ratio,pb_ratio"
2019-08-29,002936.XSHE,0.8966,280.1074,28.38,8.8597,0.9203,"day,code,turnover_ratio,market_cap,circulating_market_cap,pe_ratio,pb_ratio"
2019-08-30,002936.XSHE,1.184,277.1464,28.08,8.766,0.9106,"day,code,turnover_ratio,market_cap,circulating_market_cap,pe_ratio,pb_ratio"
2019-09-02,002936.XSHE,1.1146,280.6996,28.44,8.8784,0.9223,"day,code,turnover_ratio,market_cap,circulating_market_cap,pe_ratio,pb_ratio"
2019-09-03,002936.XSHE,1.0695,280.6996,28.44,8.8784,0.9223,"day,code,turnover_ratio,market_cap,circulating_market_cap,pe_ratio,pb_ratio"
2019-09-04,002936.XSHE,3.7732,286.0293,28.98,9.047,0.9398,"day,code,turnover_ratio,market_cap,circulating_market_cap,pe_ratio,pb_ratio"
2019-09-05,002936.XSHE,6.7148,293.7278,29.76,9.2905,0.9651,"day,code,turnover_ratio,market_cap,circulating_market_cap,pe_ratio,pb_ratio"
2019-09-06,002936.XSHE,3.7065,294.32,29.82,9.3092,0.967,"day,code,turnover_ratio,market_cap,circulating_market_cap,pe_ratio,pb_ratio"
2019-09-09,002936.XSHE,3.8486,295.5044,29.94,9.3467,0.9709,"day,code,turnover_ratio,market_cap,circulating_market_cap,pe_ratio,pb_ratio"
2019-09-10,002936.XSHE,2.5581,291.9512,29.58,9.2343,0.9593,"day,code,turnover_ratio,market_cap,circulating_market_cap,pe_ratio,pb_ratio"
2019-09-11,002936.XSHE,1.783,291.359,29.52,9.2156,0.9573,"day,code,turnover_ratio,market_cap,circulating_market_cap,pe_ratio,pb_ratio"
2019-09-12,002936.XSHE,1.6049,293.1356,29.7,9.2718,0.9631,"day,code,turnover_ratio,market_cap,circulating_market_cap,pe_ratio,pb_ratio"
2019-09-16,002936.XSHE,1.8712,290.1747,29.4,9.1781,0.9534,"day,code,turnover_ratio,market_cap,circulating_market_cap,pe_ratio,pb_ratio"
2019-09-17,002936.XSHE,2.0193,285.4371,28.92,9.0283,0.9379,"day,code,turnover_ratio,market_cap,circulating_market_cap,pe_ratio,pb_ratio"
2019-09-18,002936.XSHE,0.9457,284.8449,28.86,9.0095,0.9359,"day,code,turnover_ratio,market_cap,circulating_market_cap,pe_ratio,pb_ratio"
2019-09-19,002936.XSHE,0.6078,285.4371,72.0336,9.0283,0.9379,"day,code,turnover_ratio,market_cap,circulating_market_cap,pe_ratio,pb_ratio"
2019-09-20,002936.XSHE,0.8239,283.6605,71.5853,8.9721,0.932,"day,code,turnover_ratio,market_cap,circulating_market_cap,pe_ratio,pb_ratio"
2019-09-23,002936.XSHE,0.8397,280.1074,70.6886,8.8597,0.9203,"day,code,turnover_ratio,market_cap,circulating_market_cap,pe_ratio,pb_ratio"
2019-09-24,002936.XSHE,0.5414,280.1074,70.6886,8.8597,0.9203,"day,code,turnover_ratio,market_cap,circulating_market_cap,pe_ratio,pb_ratio"
2019-09-25,002936.XSHE,0.6357,280.1074,70.6886,8.8597,0.9203,"day,code,turnover_ratio,market_cap,circulating_market_cap,pe_ratio,pb_ratio"
2019-09-26,002936.XSHE,1.2178,281.2918,70.9875,8.8971,0.9242,"day,code,turnover_ratio,market_cap,circulating_market_cap,pe_ratio,pb_ratio"
2019-09-27,002936.XSHE,0.6402,280.1074,70.6886,8.8597,0.9203,"day,code,turnover_ratio,market_cap,circulating_market_cap,pe_ratio,pb_ratio"
2019-09-30,002936.XSHE,0.5791,277.1464,69.9414,8.766,0.9106,"day,code,turnover_ratio,market_cap,circulating_market_cap,pe_ratio,pb_ratio"
2019-10-08,002936.XSHE,0.6411,278.3308,70.2403,8.8035,0.9145,"day,code,turnover_ratio,market_cap,circulating_market_cap,pe_ratio,pb_ratio"
2019-10-09,002936.XSHE,1.3578,283.0683,71.4358,8.9533,0.9301,"day,code,turnover_ratio,market_cap,circulating_market_cap,pe_ratio,pb_ratio"
2019-10-10,002936.XSHE,0.7355,282.4762,71.2864,8.9346,0.9281,"day,code,turnover_ratio,market_cap,circulating_market_cap,pe_ratio,pb_ratio"
2019-10-11,002936.XSHE,2.1526,285.4371,72.0336,9.0283,0.9379,"day,code,turnover_ratio,market_cap,circulating_market_cap,pe_ratio,pb_ratio"
2019-10-14,002936.XSHE,4.1432,291.9512,73.6775,9.2343,0.9593,"day,code,turnover_ratio,market_cap,circulating_market_cap,pe_ratio,pb_ratio"
2019-10-15,002936.XSHE,1.8781,289.5825,73.0798,9.1594,0.9515,"day,code,turnover_ratio,market_cap,circulating_market_cap,pe_ratio,pb_ratio"
2019-10-16,002936.XSHE,2.3309,286.0293,72.1831,9.047,0.9398,"day,code,turnover_ratio,market_cap,circulating_market_cap,pe_ratio,pb_ratio"
2019-10-17,002936.XSHE,0.8295,286.0293,72.1831,9.047,0.9398,"day,code,turnover_ratio,market_cap,circulating_market_cap,pe_ratio,pb_ratio"
2019-10-18,002936.XSHE,1.1477,281.2918,70.9875,8.8971,0.9242,"day,code,turnover_ratio,market_cap,circulating_market_cap,pe_ratio,pb_ratio"
2019-10-21,002936.XSHE,0.8606,281.884,71.1369,8.9159,0.9262,"day,code,turnover_ratio,market_cap,circulating_market_cap,pe_ratio,pb_ratio"
2019-10-22,002936.XSHE,0.7557,281.2918,70.9875,8.8971,0.9242,"day,code,turnover_ratio,market_cap,circulating_market_cap,pe_ratio,pb_ratio"
2019-10-23,002936.XSHE,0.8799,280.6996,70.8381,8.8784,0.9223,"day,code,turnover_ratio,market_cap,circulating_market_cap,pe_ratio,pb_ratio"
2019-10-24,002936.XSHE,1.8751,283.6605,71.5853,8.9721,0.932,"day,code,turnover_ratio,market_cap,circulating_market_cap,pe_ratio,pb_ratio"
2019-10-25,002936.XSHE,1.2416,282.4762,71.2864,8.9346,0.9281,"day,code,turnover_ratio,market_cap,circulating_market_cap,pe_ratio,pb_ratio"
2019-10-28,002936.XSHE,1.0556,283.6605,71.5853,8.9721,0.932,"day,code,turnover_ratio,market_cap,circulating_market_cap,pe_ratio,pb_ratio"
2019-10-29,002936.XSHE,0.913,280.6996,70.8381,8.7364,0.8894,"day,code,turnover_ratio,market_cap,circulating_market_cap,pe_ratio,pb_ratio"
2019-10-30,002936.XSHE,0.9706,278.3308,70.2403,8.6627,0.8819,"day,code,turnover_ratio,market_cap,circulating_market_cap,pe_ratio,pb_ratio"
2019-10-31,002936.XSHE,0.9148,276.5542,69.7919,8.6074,0.8763,"day,code,turnover_ratio,market_cap,circulating_market_cap,pe_ratio,pb_ratio"
2019-11-01,002936.XSHE,0.7352,279.5152,70.5392,8.6996,0.8856,"day,code,turnover_ratio,market_cap,circulating_market_cap,pe_ratio,pb_ratio"
2019-11-04,002936.XSHE,0.8093,278.923,70.3897,8.6811,0.8838,"day,code,turnover_ratio,market_cap,circulating_market_cap,pe_ratio,pb_ratio"
2019-11-05,002936.XSHE,1.5204,281.2918,70.9875,8.7549,0.8913,"day,code,turnover_ratio,market_cap,circulating_market_cap,pe_ratio,pb_ratio"
2019-11-06,002936.XSHE,1.0358,279.5152,70.5392,8.6996,0.8856,"day,code,turnover_ratio,market_cap,circulating_market_cap,pe_ratio,pb_ratio"
2019-11-07,002936.XSHE,0.8027,278.923,70.3897,8.6811,0.8838,"day,code,turnover_ratio,market_cap,circulating_market_cap,pe_ratio,pb_ratio"
2019-11-08,002936.XSHE,0.8179,277.7386,70.0908,8.6443,0.88,"day,code,turnover_ratio,market_cap,circulating_market_cap,pe_ratio,pb_ratio"
2019-11-11,002936.XSHE,1.0225,272.4089,68.7458,8.4784,0.8631,"day,code,turnover_ratio,market_cap,circulating_market_cap,pe_ratio,pb_ratio"
2019-11-12,002936.XSHE,0.7168,271.8167,68.5963,8.46,0.8612,"day,code,turnover_ratio,market_cap,circulating_market_cap,pe_ratio,pb_ratio"
2019-11-13,002936.XSHE,0.7549,268.8557,67.8491,8.3678,0.8519,"day,code,turnover_ratio,market_cap,circulating_market_cap,pe_ratio,pb_ratio"
2019-11-14,002936.XSHE,1.1911,265.8947,67.1019,8.2756,0.8425,"day,code,turnover_ratio,market_cap,circulating_market_cap,pe_ratio,pb_ratio"
2019-11-15,002936.XSHE,0.8945,262.9338,66.3546,8.1835,0.8331,"day,code,turnover_ratio,market_cap,circulating_market_cap,pe_ratio,pb_ratio"
2019-11-18,002936.XSHE,0.7716,264.7104,66.803,8.2388,0.8387,"day,code,turnover_ratio,market_cap,circulating_market_cap,pe_ratio,pb_ratio"
2019-11-19,002936.XSHE,0.6528,266.4869,67.2513,8.2941,0.8444,"day,code,turnover_ratio,market_cap,circulating_market_cap,pe_ratio,pb_ratio"
2019-11-20,002936.XSHE,0.6121,265.3025,66.9524,8.2572,0.8406,"day,code,turnover_ratio,market_cap,circulating_market_cap,pe_ratio,pb_ratio"
2019-11-21,002936.XSHE,0.4378,264.1182,66.6535,8.2203,0.8368,"day,code,turnover_ratio,market_cap,circulating_market_cap,pe_ratio,pb_ratio"
2019-11-22,002936.XSHE,0.52,264.7104,66.803,8.2388,0.8387,"day,code,turnover_ratio,market_cap,circulating_market_cap,pe_ratio,pb_ratio"
2019-11-25,002936.XSHE,0.8977,267.0791,67.4008,8.3125,0.8462,"day,code,turnover_ratio,market_cap,circulating_market_cap,pe_ratio,pb_ratio"
2019-11-26,002936.XSHE,0.5169,265.3025,66.9524,8.2572,0.8406,"day,code,turnover_ratio,market_cap,circulating_market_cap,pe_ratio,pb_ratio"
2019-11-27,002936.XSHE,0.4148,264.1182,66.6535,8.2203,0.8368,"day,code,turnover_ratio,market_cap,circulating_market_cap,pe_ratio,pb_ratio"
2019-11-28,002936.XSHE,0.4209,264.1182,66.6535,8.2203,0.8368,"day,code,turnover_ratio,market_cap,circulating_market_cap,pe_ratio,pb_ratio"
2019-11-29,002936.XSHE,0.4485,264.7104,66.803,8.2388,0.8387,"day,code,turnover_ratio,market_cap,circulating_market_cap,pe_ratio,pb_ratio"
2019-12-02,002936.XSHE,0.3726,264.1182,66.6535,8.2203,0.8368,"day,code,turnover_ratio,market_cap,circulating_market_cap,pe_ratio,pb_ratio"
2019-12-03,002936.XSHE,0.4146,263.526,66.5041,8.2019,0.835,"day,code,turnover_ratio,market_cap,circulating_market_cap,pe_ratio,pb_ratio"
2019-12-04,002936.XSHE,0.3615,263.526,66.7083,8.2019,0.835,"day,code,turnover_ratio,market_cap,circulating_market_cap,pe_ratio,pb_ratio"
2019-12-05,002936.XSHE,0.9487,267.6713,67.7576,8.3309,0.8481,"day,code,turnover_ratio,market_cap,circulating_market_cap,pe_ratio,pb_ratio"
2019-12-06,002936.XSHE,0.5814,268.2635,67.9075,8.3494,0.85,"day,code,turnover_ratio,market_cap,circulating_market_cap,pe_ratio,pb_ratio"
2019-12-09,002936.XSHE,0.6998,268.2635,67.9075,8.3494,0.85,"day,code,turnover_ratio,market_cap,circulating_market_cap,pe_ratio,pb_ratio"
2019-12-10,002936.XSHE,0.6952,268.2635,67.9075,8.3494,0.85,"day,code,turnover_ratio,market_cap,circulating_market_cap,pe_ratio,pb_ratio"
2019-12-11,002936.XSHE,0.9406,270.0401,68.3572,8.4047,0.8556,"day,code,turnover_ratio,market_cap,circulating_market_cap,pe_ratio,pb_ratio"
2019-12-12,002936.XSHE,0.588,267.6713,67.7576,8.3309,0.8481,"day,code,turnover_ratio,market_cap,circulating_market_cap,pe_ratio,pb_ratio"
2019-12-13,002936.XSHE,1.7151,270.0401,68.3572,8.4047,0.8556,"day,code,turnover_ratio,market_cap,circulating_market_cap,pe_ratio,pb_ratio"
2019-12-16,002936.XSHE,1.1721,271.8167,68.807,8.46,0.8612,"day,code,turnover_ratio,market_cap,circulating_market_cap,pe_ratio,pb_ratio"
2019-12-17,002936.XSHE,2.69,278.3308,70.4559,8.6627,0.8819,"day,code,turnover_ratio,market_cap,circulating_market_cap,pe_ratio,pb_ratio"
2019-12-18,002936.XSHE,1.7348,277.7386,70.306,8.6443,0.88,"day,code,turnover_ratio,market_cap,circulating_market_cap,pe_ratio,pb_ratio"
2019-12-19,002936.XSHE,1.7167,277.7386,70.306,8.6443,0.88,"day,code,turnover_ratio,market_cap,circulating_market_cap,pe_ratio,pb_ratio"
2019-12-20,002936.XSHE,2.515,277.7386,70.306,8.6443,0.88,"day,code,turnover_ratio,market_cap,circulating_market_cap,pe_ratio,pb_ratio"
2019-12-23,002936.XSHE,1.6952,270.0401,68.3572,8.4047,0.8556,"day,code,turnover_ratio,market_cap,circulating_market_cap,pe_ratio,pb_ratio"
2019-12-24,002936.XSHE,0.8151,271.8167,68.807,8.46,0.8612,"day,code,turnover_ratio,market_cap,circulating_market_cap,pe_ratio,pb_ratio"
2019-12-25,002936.XSHE,1.1397,270.0401,68.3572,8.4047,0.8556,"day,code,turnover_ratio,market_cap,circulating_market_cap,pe_ratio,pb_ratio"
2019-12-26,002936.XSHE,0.8407,271.8167,68.807,8.46,0.8612,"day,code,turnover_ratio,market_cap,circulating_market_cap,pe_ratio,pb_ratio"
2019-12-27,002936.XSHE,1.4288,271.8167,68.807,8.46,0.8612,"day,code,turnover_ratio,market_cap,circulating_market_cap,pe_ratio,pb_ratio"
2019-12-30,002936.XSHE,1.4818,274.1854,69.4066,8.5337,0.8687,"day,code,turnover_ratio,market_cap,circulating_market_cap,pe_ratio,pb_ratio"
2019-12-31,002936.XSHE,0.9933,275.3698,69.7064,8.5705,0.8725,"day,code,turnover_ratio,market_cap,circulating_market_cap,pe_ratio,pb_ratio"
2020-01-02,002936.XSHE,2.0368,277.7386,70.306,8.6443,0.88,"day,code,turnover_ratio,market_cap,circulating_market_cap,pe_ratio,pb_ratio"
2020-01-03,002936.XSHE,0.9704,276.5542,70.0062,8.6074,0.8763,"day,code,turnover_ratio,market_cap,circulating_market_cap,pe_ratio,pb_ratio"
2020-01-06,002936.XSHE,1.6568,276.5542,70.0062,8.6074,0.8763,"day,code,turnover_ratio,market_cap,circulating_market_cap,pe_ratio,pb_ratio"
2020-01-07,002936.XSHE,1.1644,277.7386,70.306,8.6443,0.88,"day,code,turnover_ratio,market_cap,circulating_market_cap,pe_ratio,pb_ratio"
2020-01-08,002936.XSHE,1.3105,273.5933,69.2567,8.5152,0.8669,"day,code,turnover_ratio,market_cap,circulating_market_cap,pe_ratio,pb_ratio"
2020-01-09,002936.XSHE,0.7883,274.7776,69.5565,8.5521,0.8706,"day,code,turnover_ratio,market_cap,circulating_market_cap,pe_ratio,pb_ratio"
2020-01-10,002936.XSHE,0.7511,274.1854,69.4066,8.5337,0.8687,"day,code,turnover_ratio,market_cap,circulating_market_cap,pe_ratio,pb_ratio"
2020-01-13,002936.XSHE,0.7573,275.3698,69.7064,8.5705,0.8725,"day,code,turnover_ratio,market_cap,circulating_market_cap,pe_ratio,pb_ratio"
2020-01-14,002936.XSHE,0.6875,274.7776,69.5565,8.5521,0.8706,"day,code,turnover_ratio,market_cap,circulating_market_cap,pe_ratio,pb_ratio"
2020-01-15,002936.XSHE,0.7724,271.2245,68.657,8.4415,0.8594,"day,code,turnover_ratio,market_cap,circulating_market_cap,pe_ratio,pb_ratio"
2020-01-16,002936.XSHE,0.5919,270.0401,68.3572,8.4047,0.8556,"day,code,turnover_ratio,market_cap,circulating_market_cap,pe_ratio,pb_ratio"
2020-01-17,002936.XSHE,0.6475,269.4479,68.2073,8.3862,0.8537,"day,code,turnover_ratio,market_cap,circulating_market_cap,pe_ratio,pb_ratio"
2020-01-20,002936.XSHE,0.6691,270.0401,68.3572,8.4047,0.8556,"day,code,turnover_ratio,market_cap,circulating_market_cap,pe_ratio,pb_ratio"
2020-01-21,002936.XSHE,0.8351,266.4869,67.4578,8.2941,0.8444,"day,code,turnover_ratio,market_cap,circulating_market_cap,pe_ratio,pb_ratio"
2020-01-22,002936.XSHE,0.768,266.4869,67.7625,8.2941,0.8444,"day,code,turnover_ratio,market_cap,circulating_market_cap,pe_ratio,pb_ratio"
2020-01-23,002936.XSHE,1.3145,262.3416,66.7084,8.165,0.8312,"day,code,turnover_ratio,market_cap,circulating_market_cap,pe_ratio,pb_ratio"
2020-02-03,002936.XSHE,2.4149,236.2851,60.0827,7.3541,0.7487,"day,code,turnover_ratio,market_cap,circulating_market_cap,pe_ratio,pb_ratio"
2020-02-04,002936.XSHE,1.7161,239.246,60.8357,7.4462,0.758,"day,code,turnover_ratio,market_cap,circulating_market_cap,pe_ratio,pb_ratio"
2020-02-05,002936.XSHE,1.4583,242.7992,61.7392,7.5568,0.7693,"day,code,turnover_ratio,market_cap,circulating_market_cap,pe_ratio,pb_ratio"
2020-02-06,002936.XSHE,1.4086,243.3914,61.8897,7.5752,0.7712,"day,code,turnover_ratio,market_cap,circulating_market_cap,pe_ratio,pb_ratio"
2020-02-07,002936.XSHE,1.0232,241.6148,61.438,7.52,0.7655,"day,code,turnover_ratio,market_cap,circulating_market_cap,pe_ratio,pb_ratio"
2020-02-10,002936.XSHE,0.9412,242.7992,61.7392,7.5568,0.7693,"day,code,turnover_ratio,market_cap,circulating_market_cap,pe_ratio,pb_ratio"
2020-02-11,002936.XSHE,1.3073,243.9836,62.0403,7.5937,0.7731,"day,code,turnover_ratio,market_cap,circulating_market_cap,pe_ratio,pb_ratio"
2020-02-12,002936.XSHE,1.0366,245.168,62.3415,7.6305,0.7768,"day,code,turnover_ratio,market_cap,circulating_market_cap,pe_ratio,pb_ratio"
2020-02-13,002936.XSHE,0.9908,242.7992,61.7392,7.5568,0.7693,"day,code,turnover_ratio,market_cap,circulating_market_cap,pe_ratio,pb_ratio"
2020-02-14,002936.XSHE,0.871,243.9836,62.0403,7.5937,0.7731,"day,code,turnover_ratio,market_cap,circulating_market_cap,pe_ratio,pb_ratio"
2020-02-17,002936.XSHE,2.2685,251.0899,63.8473,7.8149,0.7956,"day,code,turnover_ratio,market_cap,circulating_market_cap,pe_ratio,pb_ratio"
2020-02-18,002936.XSHE,1.2345,249.3133,63.3956,7.7596,0.7899,"day,code,turnover_ratio,market_cap,circulating_market_cap,pe_ratio,pb_ratio"
2020-02-19,002936.XSHE,0.8216,248.1289,63.0944,7.7227,0.7862,"day,code,turnover_ratio,market_cap,circulating_market_cap,pe_ratio,pb_ratio"
2020-02-20,002936.XSHE,1.768,254.0509,64.6002,7.907,0.8049,"day,code,turnover_ratio,market_cap,circulating_market_cap,pe_ratio,pb_ratio"
2020-02-21,002936.XSHE,1.6944,253.4587,64.4497,7.8886,0.8031,"day,code,turnover_ratio,market_cap,circulating_market_cap,pe_ratio,pb_ratio"
2020-02-24,002936.XSHE,1.2853,252.2743,64.1485,7.8517,0.7993,"day,code,turnover_ratio,market_cap,circulating_market_cap,pe_ratio,pb_ratio"
2020-02-25,002936.XSHE,1.3897,248.7211,63.245,7.7411,0.7881,"day,code,turnover_ratio,market_cap,circulating_market_cap,pe_ratio,pb_ratio"
2020-02-26,002936.XSHE,1.7709,249.9055,63.5462,7.778,0.7918,"day,code,turnover_ratio,market_cap,circulating_market_cap,pe_ratio,pb_ratio"
2020-02-27,002936.XSHE,1.2328,250.4977,63.6967,7.7964,0.7937,"day,code,turnover_ratio,market_cap,circulating_market_cap,pe_ratio,pb_ratio"
2020-02-28,002936.XSHE,1.7976,241.0226,61.2874,7.3368,0.7834,"day,code,turnover_ratio,market_cap,circulating_market_cap,pe_ratio,pb_ratio"
2020-03-02,002936.XSHE,1.4671,245.168,62.3415,7.463,0.7969,"day,code,turnover_ratio,market_cap,circulating_market_cap,pe_ratio,pb_ratio"
2020-03-03,002936.XSHE,1.377,245.168,62.3415,7.463,0.7969,"day,code,turnover_ratio,market_cap,circulating_market_cap,pe_ratio,pb_ratio"
2020-03-04,002936.XSHE,1.0546,246.3524,62.6427,7.499,0.8008,"day,code,turnover_ratio,market_cap,circulating_market_cap,pe_ratio,pb_ratio"
2020-03-05,002936.XSHE,3.3499,254.0509,64.6002,7.7334,0.8258,"day,code,turnover_ratio,market_cap,circulating_market_cap,pe_ratio,pb_ratio"
2020-03-06,002936.XSHE,1.7773,251.0899,63.8473,7.6432,0.8162,"day,code,turnover_ratio,market_cap,circulating_market_cap,pe_ratio,pb_ratio"
2020-03-09,002936.XSHE,1.3223,244.5758,62.1909,7.445,0.795,"day,code,turnover_ratio,market_cap,circulating_market_cap,pe_ratio,pb_ratio"
2020-03-10,002936.XSHE,1.217,247.5368,62.9438,7.5351,0.8046,"day,code,turnover_ratio,market_cap,circulating_market_cap,pe_ratio,pb_ratio"
2020-03-11,002936.XSHE,1.1142,245.7602,62.4921,7.481,0.7988,"day,code,turnover_ratio,market_cap,circulating_market_cap,pe_ratio,pb_ratio"
2020-03-12,002936.XSHE,1.8232,243.9836,62.0403,7.4269,0.7931,"day,code,turnover_ratio,market_cap,circulating_market_cap,pe_ratio,pb_ratio"
2020-03-13,002936.XSHE,1.9727,245.168,62.3415,7.463,0.7969,"day,code,turnover_ratio,market_cap,circulating_market_cap,pe_ratio,pb_ratio"
2020-03-16,002936.XSHE,1.4576,238.0617,60.5345,7.2467,0.7738,"day,code,turnover_ratio,market_cap,circulating_market_cap,pe_ratio,pb_ratio"
2020-03-17,002936.XSHE,1.1861,237.4695,60.3839,7.2286,0.7719,"day,code,turnover_ratio,market_cap,circulating_market_cap,pe_ratio,pb_ratio"
2020-03-18,002936.XSHE,1.1484,233.9163,59.4804,7.1205,0.7603,"day,code,turnover_ratio,market_cap,circulating_market_cap,pe_ratio,pb_ratio"
2020-03-19,002936.XSHE,1.1631,232.1397,59.0287,7.0664,0.7546,"day,code,turnover_ratio,market_cap,circulating_market_cap,pe_ratio,pb_ratio"
2020-03-20,002936.XSHE,0.6717,233.9163,59.4804,7.1205,0.7603,"day,code,turnover_ratio,market_cap,circulating_market_cap,pe_ratio,pb_ratio"
2020-03-23,002936.XSHE,0.8885,227.4022,57.824,6.9222,0.7392,"day,code,turnover_ratio,market_cap,circulating_market_cap,pe_ratio,pb_ratio"
2020-03-24,002936.XSHE,0.6012,230.9553,58.7275,7.0303,0.7507,"day,code,turnover_ratio,market_cap,circulating_market_cap,pe_ratio,pb_ratio"
2020-03-25,002936.XSHE,0.9873,233.9163,59.4804,7.1205,0.7603,"day,code,turnover_ratio,market_cap,circulating_market_cap,pe_ratio,pb_ratio"
2020-03-26,002936.XSHE,0.7312,232.1397,59.0287,7.0664,0.7546,"day,code,turnover_ratio,market_cap,circulating_market_cap,pe_ratio,pb_ratio"
2020-03-27,002936.XSHE,0.5466,232.7319,59.1792,7.0844,0.7565,"day,code,turnover_ratio,market_cap,circulating_market_cap,pe_ratio,pb_ratio"
2020-03-30,002936.XSHE,0.6667,230.3632,58.5769,7.0123,0.7488,"day,code,turnover_ratio,market_cap,circulating_market_cap,pe_ratio,pb_ratio"
2020-03-31,002936.XSHE,0.5349,231.5475,58.8781,7.0484,0.7526,"day,code,turnover_ratio,market_cap,circulating_market_cap,pe_ratio,pb_ratio"
2020-04-01,002936.XSHE,0.5686,232.1397,59.0287,7.0664,0.7546,"day,code,turnover_ratio,market_cap,circulating_market_cap,pe_ratio,pb_ratio"
2020-04-02,002936.XSHE,0.55,233.3241,59.3298,7.1024,0.7584,"day,code,turnover_ratio,market_cap,circulating_market_cap,pe_ratio,pb_ratio"
2020-04-03,002936.XSHE,0.6129,231.5475,58.8781,7.0484,0.7526,"day,code,turnover_ratio,market_cap,circulating_market_cap,pe_ratio,pb_ratio"
2020-04-07,002936.XSHE,0.9159,233.9163,59.4804,7.1205,0.7603,"day,code,turnover_ratio,market_cap,circulating_market_cap,pe_ratio,pb_ratio"
2020-04-08,002936.XSHE,0.661,232.7319,59.1792,7.0844,0.7565,"day,code,turnover_ratio,market_cap,circulating_market_cap,pe_ratio,pb_ratio"
2020-04-09,002936.XSHE,0.7003,232.7319,59.1792,7.0844,0.7565,"day,code,turnover_ratio,market_cap,circulating_market_cap,pe_ratio,pb_ratio"
2020-04-10,002936.XSHE,0.7323,231.5475,58.8781,7.0484,0.7526,"day,code,turnover_ratio,market_cap,circulating_market_cap,pe_ratio,pb_ratio"
2020-04-13,002936.XSHE,0.6534,229.1788,58.2757,6.9763,0.7449,"day,code,turnover_ratio,market_cap,circulating_market_cap,pe_ratio,pb_ratio"
2020-04-14,002936.XSHE,0.569,230.9553,58.7275,7.0303,0.7507,"day,code,turnover_ratio,market_cap,circulating_market_cap,pe_ratio,pb_ratio"
2020-04-15,002936.XSHE,0.5551,229.771,58.4263,6.9943,0.7469,"day,code,turnover_ratio,market_cap,circulating_market_cap,pe_ratio,pb_ratio"
2020-04-16,002936.XSHE,0.5926,230.3632,58.5769,7.0123,0.7488,"day,code,turnover_ratio,market_cap,circulating_market_cap,pe_ratio,pb_ratio"
2020-04-17,002936.XSHE,0.6507,230.9553,58.7275,7.0303,0.7507,"day,code,turnover_ratio,market_cap,circulating_market_cap,pe_ratio,pb_ratio"
2020-04-20,002936.XSHE,0.5701,230.3632,58.5769,7.0123,0.7488,"day,code,turnover_ratio,market_cap,circulating_market_cap,pe_ratio,pb_ratio"
2020-04-21,002936.XSHE,0.8127,229.771,58.4263,6.9943,0.7469,"day,code,turnover_ratio,market_cap,circulating_market_cap,pe_ratio,pb_ratio"
2020-04-22,002936.XSHE,0.6526,228.5866,58.1252,6.9582,0.743,"day,code,turnover_ratio,market_cap,circulating_market_cap,pe_ratio,pb_ratio"
2020-04-23,002936.XSHE,0.4982,227.9944,57.9746,6.9402,0.7411,"day,code,turnover_ratio,market_cap,circulating_market_cap,pe_ratio,pb_ratio"
2020-04-24,002936.XSHE,0.6514,225.6256,57.3722,6.8681,0.7334,"day,code,turnover_ratio,market_cap,circulating_market_cap,pe_ratio,pb_ratio"
2020-04-27,002936.XSHE,1.4702,227.9944,57.9746,6.8405,0.7107,"day,code,turnover_ratio,market_cap,circulating_market_cap,pe_ratio,pb_ratio"
2020-04-28,002936.XSHE,1.31,223.849,56.9205,6.7161,0.6978,"day,code,turnover_ratio,market_cap,circulating_market_cap,pe_ratio,pb_ratio"
2020-04-29,002936.XSHE,0.8885,226.2178,57.5228,6.7872,0.7052,"day,code,turnover_ratio,market_cap,circulating_market_cap,pe_ratio,pb_ratio"
2020-04-30,002936.XSHE,1.0856,227.9944,57.9746,6.8405,0.7107,"day,code,turnover_ratio,market_cap,circulating_market_cap,pe_ratio,pb_ratio"
2020-05-06,002936.XSHE,0.9787,228.5866,58.1252,6.8583,0.7125,"day,code,turnover_ratio,market_cap,circulating_market_cap,pe_ratio,pb_ratio"
2020-05-07,002936.XSHE,0.6558,226.81,57.6734,6.8049,0.707,"day,code,turnover_ratio,market_cap,circulating_market_cap,pe_ratio,pb_ratio"
2020-05-08,002936.XSHE,1.0081,229.1788,58.2757,6.876,0.7144,"day,code,turnover_ratio,market_cap,circulating_market_cap,pe_ratio,pb_ratio"
2020-05-11,002936.XSHE,0.6529,228.5866,58.1252,6.8583,0.7125,"day,code,turnover_ratio,market_cap,circulating_market_cap,pe_ratio,pb_ratio"
2020-05-12,002936.XSHE,0.5889,227.4022,57.824,6.8227,0.7089,"day,code,turnover_ratio,market_cap,circulating_market_cap,pe_ratio,pb_ratio"
2020-05-13,002936.XSHE,0.4111,227.9944,57.9746,6.8405,0.7107,"day,code,turnover_ratio,market_cap,circulating_market_cap,pe_ratio,pb_ratio"
2020-05-14,002936.XSHE,0.4464,226.81,57.6734,6.8049,0.707,"day,code,turnover_ratio,market_cap,circulating_market_cap,pe_ratio,pb_ratio"
2020-05-15,002936.XSHE,0.3687,227.4022,57.824,6.8227,0.7089,"day,code,turnover_ratio,market_cap,circulating_market_cap,pe_ratio,pb_ratio"
2020-05-18,002936.XSHE,0.415,227.4022,57.824,6.8227,0.7089,"day,code,turnover_ratio,market_cap,circulating_market_cap,pe_ratio,pb_ratio"
2020-05-19,002936.XSHE,0.367,228.5866,58.1252,6.8583,0.7125,"day,code,turnover_ratio,market_cap,circulating_market_cap,pe_ratio,pb_ratio"
2020-05-20,002936.XSHE,0.6829,228.5866,58.1252,6.8583,0.7125,"day,code,turnover_ratio,market_cap,circulating_market_cap,pe_ratio,pb_ratio"
2020-05-21,002936.XSHE,0.4182,227.9944,57.9746,6.8405,0.7107,"day,code,turnover_ratio,market_cap,circulating_market_cap,pe_ratio,pb_ratio"
2020-05-22,002936.XSHE,0.5383,225.6256,57.3722,6.7694,0.7033,"day,code,turnover_ratio,market_cap,circulating_market_cap,pe_ratio,pb_ratio"
2020-05-25,002936.XSHE,0.3604,225.6256,57.3722,6.7694,0.7033,"day,code,turnover_ratio,market_cap,circulating_market_cap,pe_ratio,pb_ratio"
2020-05-26,002936.XSHE,0.5553,225.6256,57.3722,6.7694,0.7033,"day,code,turnover_ratio,market_cap,circulating_market_cap,pe_ratio,pb_ratio"
2020-05-27,002936.XSHE,0.6095,225.6256,57.3722,6.7694,0.7033,"day,code,turnover_ratio,market_cap,circulating_market_cap,pe_ratio,pb_ratio"
2020-05-28,002936.XSHE,0.7622,226.2178,57.5228,6.7872,0.7052,"day,code,turnover_ratio,market_cap,circulating_market_cap,pe_ratio,pb_ratio"
2020-05-29,002936.XSHE,0.438,226.2178,57.5228,6.7872,0.7052,"day,code,turnover_ratio,market_cap,circulating_market_cap,pe_ratio,pb_ratio"
2020-06-01,002936.XSHE,1.0221,228.5866,58.1252,6.8583,0.7125,"day,code,turnover_ratio,market_cap,circulating_market_cap,pe_ratio,pb_ratio"
2020-06-02,002936.XSHE,0.8607,229.1788,58.2757,6.876,0.7144,"day,code,turnover_ratio,market_cap,circulating_market_cap,pe_ratio,pb_ratio"
2020-06-03,002936.XSHE,1.0156,228.5866,58.1252,6.8583,0.7125,"day,code,turnover_ratio,market_cap,circulating_market_cap,pe_ratio,pb_ratio"
2020-06-04,002936.XSHE,0.6759,227.9944,57.9746,6.8405,0.7107,"day,code,turnover_ratio,market_cap,circulating_market_cap,pe_ratio,pb_ratio"
2020-06-05,002936.XSHE,0.382,227.4022,57.824,6.8227,0.7089,"day,code,turnover_ratio,market_cap,circulating_market_cap,pe_ratio,pb_ratio"
2020-06-08,002936.XSHE,0.5042,227.4022,57.824,6.8227,0.7089,"day,code,turnover_ratio,market_cap,circulating_market_cap,pe_ratio,pb_ratio"
2020-06-09,002936.XSHE,0.523,227.9944,57.9746,6.8405,0.7107,"day,code,turnover_ratio,market_cap,circulating_market_cap,pe_ratio,pb_ratio"
2020-06-10,002936.XSHE,0.5139,226.81,57.6734,6.8049,0.707,"day,code,turnover_ratio,market_cap,circulating_market_cap,pe_ratio,pb_ratio"
2020-06-11,002936.XSHE,0.5512,226.2178,57.5228,6.7872,0.7052,"day,code,turnover_ratio,market_cap,circulating_market_cap,pe_ratio,pb_ratio"
2020-06-12,002936.XSHE,0.9454,226.81,57.6734,6.8049,0.707,"day,code,turnover_ratio,market_cap,circulating_market_cap,pe_ratio,pb_ratio"
2020-06-15,002936.XSHE,0.4567,225.6256,57.3722,6.7694,0.7033,"day,code,turnover_ratio,market_cap,circulating_market_cap,pe_ratio,pb_ratio"
2020-06-16,002936.XSHE,0.4651,226.81,57.6734,6.8049,0.707,"day,code,turnover_ratio,market_cap,circulating_market_cap,pe_ratio,pb_ratio"
2020-06-17,002936.XSHE,0.583,226.81,57.6734,6.8049,0.707,"day,code,turnover_ratio,market_cap,circulating_market_cap,pe_ratio,pb_ratio"
2020-06-18,002936.XSHE,0.75,227.4022,57.824,6.8227,0.7089,"day,code,turnover_ratio,market_cap,circulating_market_cap,pe_ratio,pb_ratio"
2020-06-19,002936.XSHE,2.0131,230.3632,58.5769,6.9116,0.7181,"day,code,turnover_ratio,market_cap,circulating_market_cap,pe_ratio,pb_ratio"
2020-06-22,002936.XSHE,1.3346,230.3632,58.5769,6.9116,0.7181,"day,code,turnover_ratio,market_cap,circulating_market_cap,pe_ratio,pb_ratio"
2020-06-23,002936.XSHE,1.0241,228.5866,58.1252,6.8583,0.7125,"day,code,turnover_ratio,market_cap,circulating_market_cap,pe_ratio,pb_ratio"
2020-06-24,002936.XSHE,1.5948,231.5475,58.8781,6.9471,0.7218,"day,code,turnover_ratio,market_cap,circulating_market_cap,pe_ratio,pb_ratio"
2020-06-29,002936.XSHE,1.2516,230.9553,58.7275,6.9293,0.7199,"day,code,turnover_ratio,market_cap,circulating_market_cap,pe_ratio,pb_ratio"
2020-06-30,002936.XSHE,1.2149,224.0859,56.9807,6.7232,0.6985,"day,code,turnover_ratio,market_cap,circulating_market_cap,pe_ratio,pb_ratio"
2020-07-01,002936.XSHE,1.5705,224.7373,57.1464,6.7428,0.7006,"day,code,turnover_ratio,market_cap,circulating_market_cap,pe_ratio,pb_ratio"
2020-07-02,002936.XSHE,3.6709,230.6,58.6371,6.9187,0.7188,"day,code,turnover_ratio,market_cap,circulating_market_cap,pe_ratio,pb_ratio"
2020-07-03,002936.XSHE,4.6318,237.7656,60.4592,7.1336,0.7412,"day,code,turnover_ratio,market_cap,circulating_market_cap,pe_ratio,pb_ratio"
2020-07-06,002936.XSHE,8.7684,261.8678,66.5879,7.8568,0.8163,"day,code,turnover_ratio,market_cap,circulating_market_cap,pe_ratio,pb_ratio"
2020-07-07,002936.XSHE,11.5012,263.1707,66.9192,7.8959,0.8204,"day,code,turnover_ratio,market_cap,circulating_market_cap,pe_ratio,pb_ratio"
2020-07-08,002936.XSHE,6.8107,267.7305,68.0787,8.0327,0.8346,"day,code,turnover_ratio,market_cap,circulating_market_cap,pe_ratio,pb_ratio"
2020-07-09,002936.XSHE,5.6407,267.0791,67.9131,8.0131,0.8325,"day,code,turnover_ratio,market_cap,circulating_market_cap,pe_ratio,pb_ratio"
2020-07-10,002936.XSHE,4.8786,254.7023,64.7659,7.6418,0.794,"day,code,turnover_ratio,market_cap,circulating_market_cap,pe_ratio,pb_ratio"
2020-07-13,002936.XSHE,3.124,256.6565,65.2628,7.7004,0.8,"day,code,turnover_ratio,market_cap,circulating_market_cap,pe_ratio,pb_ratio"
2020-07-14,002936.XSHE,2.9671,252.0966,64.1033,7.5636,0.7858,"day,code,turnover_ratio,market_cap,circulating_market_cap,pe_ratio,pb_ratio"
2020-07-15,002936.XSHE,2.6927,245.5825,62.4469,7.3682,0.7655,"day,code,turnover_ratio,market_cap,circulating_market_cap,pe_ratio,pb_ratio"
2020-07-16,002936.XSHE,2.6957,244.9311,62.2813,7.3486,0.7635,"day,code,turnover_ratio,market_cap,circulating_market_cap,pe_ratio,pb_ratio"
2020-07-17,002936.XSHE,2.0916,241.674,61.4531,7.2509,0.7533,"day,code,turnover_ratio,market_cap,circulating_market_cap,pe_ratio,pb_ratio"
2020-07-20,002936.XSHE,2.2526,248.8396,63.2751,7.4659,0.7757,"day,code,turnover_ratio,market_cap,circulating_market_cap,pe_ratio,pb_ratio"
2020-07-21,002936.XSHE,1.4157,248.1882,63.1095,7.4464,0.7737,"day,code,turnover_ratio,market_cap,circulating_market_cap,pe_ratio,pb_ratio"
2020-07-22,002936.XSHE,1.9225,248.1882,63.1095,7.4464,0.7737,"day,code,turnover_ratio,market_cap,circulating_market_cap,pe_ratio,pb_ratio"
2020-07-23,002936.XSHE,1.7066,242.9769,61.7843,7.29,0.7574,"day,code,turnover_ratio,market_cap,circulating_market_cap,pe_ratio,pb_ratio"
2020-07-24,002936.XSHE,1.7296,237.1142,60.2936,7.1141,0.7391,"day,code,turnover_ratio,market_cap,circulating_market_cap,pe_ratio,pb_ratio"
2020-07-27,002936.XSHE,0.7766,237.1142,60.2936,7.1141,0.7391,"day,code,turnover_ratio,market_cap,circulating_market_cap,pe_ratio,pb_ratio"
2020-07-28,002936.XSHE,0.6902,238.417,60.6248,7.1532,0.7432,"day,code,turnover_ratio,market_cap,circulating_market_cap,pe_ratio,pb_ratio"
2020-07-29,002936.XSHE,1.2042,241.674,61.4531,7.2509,0.7533,"day,code,turnover_ratio,market_cap,circulating_market_cap,pe_ratio,pb_ratio"
2020-07-30,002936.XSHE,0.9872,239.0684,60.7905,7.1727,0.7452,"day,code,turnover_ratio,market_cap,circulating_market_cap,pe_ratio,pb_ratio"
2020-07-31,002936.XSHE,1.2748,239.7198,60.9561,7.1923,0.7473,"day,code,turnover_ratio,market_cap,circulating_market_cap,pe_ratio,pb_ratio"
2020-08-03,002936.XSHE,1.6226,242.9769,61.7843,7.29,0.7574,"day,code,turnover_ratio,market_cap,circulating_market_cap,pe_ratio,pb_ratio"
2020-08-04,002936.XSHE,3.2176,248.8396,63.2751,7.4659,0.7757,"day,code,turnover_ratio,market_cap,circulating_market_cap,pe_ratio,pb_ratio"
2020-08-05,002936.XSHE,1.7394,246.2339,62.6125,7.3877,0.7676,"day,code,turnover_ratio,market_cap,circulating_market_cap,pe_ratio,pb_ratio"
2020-08-06,002936.XSHE,1.1382,246.2339,62.6125,7.3877,0.7676,"day,code,turnover_ratio,market_cap,circulating_market_cap,pe_ratio,pb_ratio"
2020-08-07,002936.XSHE,1.1837,242.9769,61.7843,7.29,0.7574,"day,code,turnover_ratio,market_cap,circulating_market_cap,pe_ratio,pb_ratio"
2020-08-10,002936.XSHE,0.9702,244.2797,62.1156,7.3291,0.7615,"day,code,turnover_ratio,market_cap,circulating_market_cap,pe_ratio,pb_ratio"
2020-08-11,002936.XSHE,1.8621,243.6283,61.95,7.3095,0.7594,"day,code,turnover_ratio,market_cap,circulating_market_cap,pe_ratio,pb_ratio"
2020-08-12,002936.XSHE,1.3796,244.2797,62.1156,7.3291,0.7615,"day,code,turnover_ratio,market_cap,circulating_market_cap,pe_ratio,pb_ratio"
2020-08-13,002936.XSHE,1.0258,244.2797,62.1156,7.3291,0.7615,"day,code,turnover_ratio,market_cap,circulating_market_cap,pe_ratio,pb_ratio"
2020-08-14,002936.XSHE,1.4072,246.2339,62.6125,7.3877,0.7676,"day,code,turnover_ratio,market_cap,circulating_market_cap,pe_ratio,pb_ratio"
2020-08-17,002936.XSHE,4.9414,256.0051,65.0972,7.6809,0.798,"day,code,turnover_ratio,market_cap,circulating_market_cap,pe_ratio,pb_ratio"
2020-08-18,002936.XSHE,2.8079,251.4452,63.9377,7.5441,0.7838,"day,code,turnover_ratio,market_cap,circulating_market_cap,pe_ratio,pb_ratio"
2020-08-19,002936.XSHE,1.587,250.1424,63.6064,7.505,0.7797,"day,code,turnover_ratio,market_cap,circulating_market_cap,pe_ratio,pb_ratio"
2020-08-20,002936.XSHE,1.3362,247.5368,62.9438,7.4268,0.7716,"day,code,turnover_ratio,market_cap,circulating_market_cap,pe_ratio,pb_ratio"
2020-08-21,002936.XSHE,0.977,247.5368,62.9438,7.4268,0.7716,"day,code,turnover_ratio,market_cap,circulating_market_cap,pe_ratio,pb_ratio"
2020-08-24,002936.XSHE,0.7827,247.5368,62.9438,7.4268,0.7716,"day,code,turnover_ratio,market_cap,circulating_market_cap,pe_ratio,pb_ratio"
2020-08-25,002936.XSHE,0.7041,246.2339,62.6125,7.3877,0.7676,"day,code,turnover_ratio,market_cap,circulating_market_cap,pe_ratio,pb_ratio"
2020-08-26,002936.XSHE,1.0014,242.9769,61.7843,7.29,0.7574,"day,code,turnover_ratio,market_cap,circulating_market_cap,pe_ratio,pb_ratio"
2020-08-27,002936.XSHE,0.5266,243.6283,61.95,7.3095,0.7594,"day,code,turnover_ratio,market_cap,circulating_market_cap,pe_ratio,pb_ratio"
2020-08-28,002936.XSHE,1.1142,246.8853,62.7782,7.4073,0.7696,"day,code,turnover_ratio,market_cap,circulating_market_cap,pe_ratio,pb_ratio"
2020-08-31,002936.XSHE,2.3447,248.8396,63.2751,7.6953,0.7668,"day,code,turnover_ratio,market_cap,circulating_market_cap,pe_ratio,pb_ratio"
2020-09-01,002936.XSHE,1.4015,250.7938,63.772,7.7557,0.7729,"day,code,turnover_ratio,market_cap,circulating_market_cap,pe_ratio,pb_ratio"
2020-09-02,002936.XSHE,0.9745,248.8396,63.2751,7.6953,0.7668,"day,code,turnover_ratio,market_cap,circulating_market_cap,pe_ratio,pb_ratio"
2020-09-03,002936.XSHE,1.1255,250.1424,63.6064,7.7356,0.7708,"day,code,turnover_ratio,market_cap,circulating_market_cap,pe_ratio,pb_ratio"
2020-09-04,002936.XSHE,0.7721,248.8396,63.2751,7.6953,0.7668,"day,code,turnover_ratio,market_cap,circulating_market_cap,pe_ratio,pb_ratio"
2020-09-07,002936.XSHE,1.113,249.491,63.4408,7.7154,0.7688,"day,code,turnover_ratio,market_cap,circulating_market_cap,pe_ratio,pb_ratio"
2020-09-08,002936.XSHE,2.1645,254.7023,64.7659,7.8766,0.7849,"day,code,turnover_ratio,market_cap,circulating_market_cap,pe_ratio,pb_ratio"
2020-09-09,002936.XSHE,2.9178,256.0051,65.0972,7.9169,0.7889,"day,code,turnover_ratio,market_cap,circulating_market_cap,pe_ratio,pb_ratio"
2020-09-10,002936.XSHE,2.2809,250.1424,63.6064,7.7356,0.7708,"day,code,turnover_ratio,market_cap,circulating_market_cap,pe_ratio,pb_ratio"
2020-09-11,002936.XSHE,1.4963,247.5368,62.9438,7.655,0.7628,"day,code,turnover_ratio,market_cap,circulating_market_cap,pe_ratio,pb_ratio"
2020-09-14,002936.XSHE,1.3196,250.1424,63.6064,7.7356,0.7708,"day,code,turnover_ratio,market_cap,circulating_market_cap,pe_ratio,pb_ratio"
2020-09-15,002936.XSHE,0.7689,248.1882,63.1095,7.6752,0.7648,"day,code,turnover_ratio,market_cap,circulating_market_cap,pe_ratio,pb_ratio"
2020-09-16,002936.XSHE,1.4273,249.491,63.4408,7.7154,0.7688,"day,code,turnover_ratio,market_cap,circulating_market_cap,pe_ratio,pb_ratio"
2020-09-17,002936.XSHE,1.0353,250.1424,63.6064,7.7356,0.7708,"day,code,turnover_ratio,market_cap,circulating_market_cap,pe_ratio,pb_ratio"
2020-09-18,002936.XSHE,2.3252,256.6565,65.2628,7.937,0.7909,"day,code,turnover_ratio,market_cap,circulating_market_cap,pe_ratio,pb_ratio"
2020-09-21,002936.XSHE,1.8813,250.7938,63.772,7.7557,0.7729,"day,code,turnover_ratio,market_cap,circulating_market_cap,pe_ratio,pb_ratio"
2020-09-22,002936.XSHE,1.5706,249.491,63.4408,7.7154,0.7688,"day,code,turnover_ratio,market_cap,circulating_market_cap,pe_ratio,pb_ratio"
2020-09-23,002936.XSHE,1.1001,250.7938,63.772,7.7557,0.7729,"day,code,turnover_ratio,market_cap,circulating_market_cap,pe_ratio,pb_ratio"
2020-09-24,002936.XSHE,1.2723,246.8853,62.7782,7.6349,0.7608,"day,code,turnover_ratio,market_cap,circulating_market_cap,pe_ratio,pb_ratio"
2020-09-25,002936.XSHE,0.6928,246.8853,62.7782,7.6349,0.7608,"day,code,turnover_ratio,market_cap,circulating_market_cap,pe_ratio,pb_ratio"
2020-09-28,002936.XSHE,0.549,246.2339,62.6125,7.6147,0.7588,"day,code,turnover_ratio,market_cap,circulating_market_cap,pe_ratio,pb_ratio"
2020-09-29,002936.XSHE,0.6963,246.2339,62.6125,7.6147,0.7588,"day,code,turnover_ratio,market_cap,circulating_market_cap,pe_ratio,pb_ratio"
2020-09-30,002936.XSHE,0.8578,243.6283,61.95,7.5341,0.7508,"day,code,turnover_ratio,market_cap,circulating_market_cap,pe_ratio,pb_ratio"
2020-10-09,002936.XSHE,0.6741,245.5825,62.4469,7.5946,0.7568,"day,code,turnover_ratio,market_cap,circulating_market_cap,pe_ratio,pb_ratio"
2020-10-12,002936.XSHE,1.4124,248.8396,63.2751,7.6953,0.7668,"day,code,turnover_ratio,market_cap,circulating_market_cap,pe_ratio,pb_ratio"
2020-10-13,002936.XSHE,0.9244,247.5368,62.9511,7.655,0.7628,"day,code,turnover_ratio,market_cap,circulating_market_cap,pe_ratio,pb_ratio"
2020-10-14,002936.XSHE,0.7316,246.2339,62.6198,7.6147,0.7588,"day,code,turnover_ratio,market_cap,circulating_market_cap,pe_ratio,pb_ratio"
2020-10-15,002936.XSHE,1.0645,247.5368,62.9511,7.655,0.7628,"day,code,turnover_ratio,market_cap,circulating_market_cap,pe_ratio,pb_ratio"
2020-10-16,002936.XSHE,1.5728,250.1424,63.6137,7.7356,0.7708,"day,code,turnover_ratio,market_cap,circulating_market_cap,pe_ratio,pb_ratio"
2020-10-19,002936.XSHE,2.085,250.7938,63.7794,7.7557,0.7729,"day,code,turnover_ratio,market_cap,circulating_market_cap,pe_ratio,pb_ratio"
2020-10-20,002936.XSHE,0.8303,250.7938,63.7794,7.7557,0.7729,"day,code,turnover_ratio,market_cap,circulating_market_cap,pe_ratio,pb_ratio"
2020-10-21,002936.XSHE,1.8459,252.7481,64.2764,7.8162,0.7789,"day,code,turnover_ratio,market_cap,circulating_market_cap,pe_ratio,pb_ratio"
2020-10-22,002936.XSHE,1.4367,249.491,63.4481,7.7154,0.7688,"day,code,turnover_ratio,market_cap,circulating_market_cap,pe_ratio,pb_ratio"
2020-10-23,002936.XSHE,1.6419,251.4452,63.9451,7.7759,0.7749,"day,code,turnover_ratio,market_cap,circulating_market_cap,pe_ratio,pb_ratio"
2020-10-26,002936.XSHE,1.0881,248.1882,63.1168,7.6752,0.7648,"day,code,turnover_ratio,market_cap,circulating_market_cap,pe_ratio,pb_ratio"
2020-10-27,002936.XSHE,1.0525,245.5825,62.4541,7.5946,0.7568,"day,code,turnover_ratio,market_cap,circulating_market_cap,pe_ratio,pb_ratio"
2020-10-28,002936.XSHE,0.9428,243.6283,61.9571,7.5341,0.7508,"day,code,turnover_ratio,market_cap,circulating_market_cap,pe_ratio,pb_ratio"
2020-10-29,002936.XSHE,0.9042,242.3255,61.6258,7.4938,0.7468,"day,code,turnover_ratio,market_cap,circulating_market_cap,pe_ratio,pb_ratio"
2020-10-30,002936.XSHE,2.2919,237.7656,60.4662,7.9577,0.7201,"day,code,turnover_ratio,market_cap,circulating_market_cap,pe_ratio,pb_ratio"
2020-11-02,002936.XSHE,1.5849,234.5085,59.6379,7.8487,0.7102,"day,code,turnover_ratio,market_cap,circulating_market_cap,pe_ratio,pb_ratio"
2020-11-03,002936.XSHE,0.9548,236.4627,60.1349,7.9141,0.7161,"day,code,turnover_ratio,market_cap,circulating_market_cap,pe_ratio,pb_ratio"
2020-11-04,002936.XSHE,0.7785,235.8113,59.9692,7.8923,0.7142,"day,code,turnover_ratio,market_cap,circulating_market_cap,pe_ratio,pb_ratio"
2020-11-05,002936.XSHE,0.9437,237.7656,60.4662,7.9577,0.7201,"day,code,turnover_ratio,market_cap,circulating_market_cap,pe_ratio,pb_ratio"
2020-11-06,002936.XSHE,0.6846,237.1142,60.3005,7.9359,0.7181,"day,code,turnover_ratio,market_cap,circulating_market_cap,pe_ratio,pb_ratio"
2020-11-09,002936.XSHE,1.4093,239.0684,60.7975,8.0013,0.724,"day,code,turnover_ratio,market_cap,circulating_market_cap,pe_ratio,pb_ratio"
2020-11-10,002936.XSHE,1.0955,237.7656,60.4662,7.9577,0.7201,"day,code,turnover_ratio,market_cap,circulating_market_cap,pe_ratio,pb_ratio"
2020-11-11,002936.XSHE,0.765,239.0684,60.7975,8.0013,0.724,"day,code,turnover_ratio,market_cap,circulating_market_cap,pe_ratio,pb_ratio"
2020-11-12,002936.XSHE,0.5576,237.1142,60.3005,7.9359,0.7181,"day,code,turnover_ratio,market_cap,circulating_market_cap,pe_ratio,pb_ratio"
2020-11-13,002936.XSHE,0.5854,235.8113,59.9692,7.8923,0.7142,"day,code,turnover_ratio,market_cap,circulating_market_cap,pe_ratio,pb_ratio"
2020-11-16,002936.XSHE,0.4567,237.1142,60.3005,7.9359,0.7181,"day,code,turnover_ratio,market_cap,circulating_market_cap,pe_ratio,pb_ratio"
2020-11-17,002936.XSHE,0.7585,238.417,60.6319,7.9795,0.7221,"day,code,turnover_ratio,market_cap,circulating_market_cap,pe_ratio,pb_ratio"
2020-11-18,002936.XSHE,1.4504,239.7198,60.9632,8.0231,0.726,"day,code,turnover_ratio,market_cap,circulating_market_cap,pe_ratio,pb_ratio"
2020-11-19,002936.XSHE,0.7267,239.7198,60.9632,8.0231,0.726,"day,code,turnover_ratio,market_cap,circulating_market_cap,pe_ratio,pb_ratio"
2020-11-20,002936.XSHE,0.5463,239.7198,60.9632,8.0231,0.726,"day,code,turnover_ratio,market_cap,circulating_market_cap,pe_ratio,pb_ratio"
2020-11-23,002936.XSHE,1.1455,241.674,61.4602,8.0885,0.7319,"day,code,turnover_ratio,market_cap,circulating_market_cap,pe_ratio,pb_ratio"
2020-11-24,002936.XSHE,0.6521,240.3712,61.1288,8.0449,0.728,"day,code,turnover_ratio,market_cap,circulating_market_cap,pe_ratio,pb_ratio"
2020-11-25,002936.XSHE,0.835,239.0684,60.7975,8.0013,0.724,"day,code,turnover_ratio,market_cap,circulating_market_cap,pe_ratio,pb_ratio"
2020-11-26,002936.XSHE,1.0138,278.0226,61.2945,9.3051,0.842,"day,code,turnover_ratio,market_cap,circulating_market_cap,pe_ratio,pb_ratio"
2020-11-27,002936.XSHE,2.3644,283.2825,62.4541,9.4811,0.8579,"day,code,turnover_ratio,market_cap,circulating_market_cap,pe_ratio,pb_ratio"
2020-11-30,002936.XSHE,5.1847,284.7853,62.7854,9.5314,0.8625,"day,code,turnover_ratio,market_cap,circulating_market_cap,pe_ratio,pb_ratio"
2020-12-01,002936.XSHE,10.8933,304.3221,67.0926,10.1853,0.9217,"day,code,turnover_ratio,market_cap,circulating_market_cap,pe_ratio,pb_ratio"
2020-12-02,002936.XSHE,8.2856,302.0678,66.5956,10.1099,0.9148,"day,code,turnover_ratio,market_cap,circulating_market_cap,pe_ratio,pb_ratio"
2020-12-03,002936.XSHE,17.4492,332.1243,73.2221,11.1158,1.0059,"day,code,turnover_ratio,market_cap,circulating_market_cap,pe_ratio,pb_ratio"
2020-12-04,002936.XSHE,15.5881,314.0904,69.2462,10.5122,0.9512,"day,code,turnover_ratio,market_cap,circulating_market_cap,pe_ratio,pb_ratio"
2020-12-07,002936.XSHE,8.1179,302.0678,66.5956,10.1099,0.9148,"day,code,turnover_ratio,market_cap,circulating_market_cap,pe_ratio,pb_ratio"
2020-12-08,002936.XSHE,6.3299,293.8023,64.7734,9.8332,0.8898,"day,code,turnover_ratio,market_cap,circulating_market_cap,pe_ratio,pb_ratio"
2020-12-09,002936.XSHE,6.2392,294.5537,64.939,9.8584,0.8921,"day,code,turnover_ratio,market_cap,circulating_market_cap,pe_ratio,pb_ratio"
2020-12-10,002936.XSHE,4.3945,290.0452,63.9451,9.7075,0.8784,"day,code,turnover_ratio,market_cap,circulating_market_cap,pe_ratio,pb_ratio"
2020-12-11,002936.XSHE,3.1819,287.0396,63.2824,9.6069,0.8693,"day,code,turnover_ratio,market_cap,circulating_market_cap,pe_ratio,pb_ratio"
2020-12-14,002936.XSHE,2.8556,284.7853,62.7854,9.5314,0.8625,"day,code,turnover_ratio,market_cap,circulating_market_cap,pe_ratio,pb_ratio"
2020-12-15,002936.XSHE,2.6106,281.0283,61.9571,9.4057,0.8511,"day,code,turnover_ratio,market_cap,circulating_market_cap,pe_ratio,pb_ratio"
2020-12-16,002936.XSHE,2.3133,280.2769,61.7915,9.3805,0.8488,"day,code,turnover_ratio,market_cap,circulating_market_cap,pe_ratio,pb_ratio"
2020-12-17,002936.XSHE,3.7016,287.0396,63.2824,9.6069,0.8693,"day,code,turnover_ratio,market_cap,circulating_market_cap,pe_ratio,pb_ratio"
2020-12-18,002936.XSHE,2.5402,281.7797,62.1228,9.4308,0.8534,"day,code,turnover_ratio,market_cap,circulating_market_cap,pe_ratio,pb_ratio"
2020-12-21,002936.XSHE,2.2121,283.2825,62.4541,9.4811,0.8579,"day,code,turnover_ratio,market_cap,circulating_market_cap,pe_ratio,pb_ratio"
2020-12-22,002936.XSHE,2.2308,278.0226,61.2945,9.3051,0.842,"day,code,turnover_ratio,market_cap,circulating_market_cap,pe_ratio,pb_ratio"
2020-12-23,002936.XSHE,1.6724,278.774,61.4602,9.3302,0.8443,"day,code,turnover_ratio,market_cap,circulating_market_cap,pe_ratio,pb_ratio"
2020-12-24,002936.XSHE,3.0147,283.2825,62.4541,9.4811,0.8579,"day,code,turnover_ratio,market_cap,circulating_market_cap,pe_ratio,pb_ratio"
2020-12-25,002936.XSHE,4.6621,289.2938,63.7794,9.6823,0.8761,"day,code,turnover_ratio,market_cap,circulating_market_cap,pe_ratio,pb_ratio"
2020-12-28,002936.XSHE,8.9898,299.0622,65.933,10.0093,0.9057,"day,code,turnover_ratio,market_cap,circulating_market_cap,pe_ratio,pb_ratio"
2020-12-29,002936.XSHE,14.4303,313.339,69.0806,10.4871,0.949,"day,code,turnover_ratio,market_cap,circulating_market_cap,pe_ratio,pb_ratio"
2020-12-30,002936.XSHE,9.9176,304.3221,67.0926,10.1853,0.9217,"day,code,turnover_ratio,market_cap,circulating_market_cap,pe_ratio,pb_ratio"
2020-12-31,002936.XSHE,27.1325,335.13,73.8847,11.2164,1.015,"day,code,turnover_ratio,market_cap,circulating_market_cap,pe_ratio,pb_ratio"
2021-01-04,002936.XSHE,22.7445,320.1017,70.5715,10.7134,0.9694,"day,code,turnover_ratio,market_cap,circulating_market_cap,pe_ratio,pb_ratio"
2021-01-05,002936.XSHE,15.8625,305.0735,67.2583,10.2105,0.9239,"day,code,turnover_ratio,market_cap,circulating_market_cap,pe_ratio,pb_ratio"
2021-01-06,002936.XSHE,9.8654,296.0565,65.2704,9.9087,0.8966,"day,code,turnover_ratio,market_cap,circulating_market_cap,pe_ratio,pb_ratio"
2021-01-07,002936.XSHE,8.0467,287.791,63.4481,9.632,0.8716,"day,code,turnover_ratio,market_cap,circulating_market_cap,pe_ratio,pb_ratio"
2021-01-08,002936.XSHE,4.8322,288.5424,63.6137,9.6572,0.8739,"day,code,turnover_ratio,market_cap,circulating_market_cap,pe_ratio,pb_ratio"
2021-01-11,002936.XSHE,4.6337,284.0339,62.6198,9.5063,0.8602,"day,code,turnover_ratio,market_cap,circulating_market_cap,pe_ratio,pb_ratio"
2021-01-12,002936.XSHE,6.1788,293.8023,64.7734,9.8332,0.8898,"day,code,turnover_ratio,market_cap,circulating_market_cap,pe_ratio,pb_ratio"
2021-01-13,002936.XSHE,4.3969,287.791,63.4481,9.632,0.8716,"day,code,turnover_ratio,market_cap,circulating_market_cap,pe_ratio,pb_ratio"
2021-01-14,002936.XSHE,3.5742,288.5424,63.6137,9.6572,0.8739,"day,code,turnover_ratio,market_cap,circulating_market_cap,pe_ratio,pb_ratio"
2021-01-15,002936.XSHE,8.5797,296.8079,65.436,9.9338,0.8989,"day,code,turnover_ratio,market_cap,circulating_market_cap,pe_ratio,pb_ratio"
2021-01-18,002936.XSHE,5.0962,298.3108,65.7673,9.9841,0.9035,"day,code,turnover_ratio,market_cap,circulating_market_cap,pe_ratio,pb_ratio"
2021-01-19,002936.XSHE,4.9134,298.3108,65.7673,9.9841,0.9035,"day,code,turnover_ratio,market_cap,circulating_market_cap,pe_ratio,pb_ratio"
2021-01-20,002936.XSHE,3.8219,293.0509,64.6077,9.8081,0.8875,"day,code,turnover_ratio,market_cap,circulating_market_cap,pe_ratio,pb_ratio"
2021-01-21,002936.XSHE,3.3822,292.2995,64.4421,9.7829,0.8852,"day,code,turnover_ratio,market_cap,circulating_market_cap,pe_ratio,pb_ratio"
2021-01-22,002936.XSHE,2.7699,287.0396,63.2824,9.6069,0.8693,"day,code,turnover_ratio,market_cap,circulating_market_cap,pe_ratio,pb_ratio"
2021-01-25,002936.XSHE,2.2858,289.2938,63.7794,9.6823,0.8761,"day,code,turnover_ratio,market_cap,circulating_market_cap,pe_ratio,pb_ratio"
2021-01-26,002936.XSHE,2.2345,286.2882,63.1168,9.5817,0.867,"day,code,turnover_ratio,market_cap,circulating_market_cap,pe_ratio,pb_ratio"
2021-01-27,002936.XSHE,2.2228,288.5424,63.6137,9.6572,0.8739,"day,code,turnover_ratio,market_cap,circulating_market_cap,pe_ratio,pb_ratio"
2021-01-28,002936.XSHE,1.8712,284.0339,62.6198,9.5063,0.8602,"day,code,turnover_ratio,market_cap,circulating_market_cap,pe_ratio,pb_ratio"
2021-01-29,002936.XSHE,1.8169,284.0339,62.6198,9.5063,0.8602,"day,code,turnover_ratio,market_cap,circulating_market_cap,pe_ratio,pb_ratio"
2021-02-01,002936.XSHE,1.9964,283.2825,62.4541,9.4811,0.8579,"day,code,turnover_ratio,market_cap,circulating_market_cap,pe_ratio,pb_ratio"
2021-02-02,002936.XSHE,1.4728,281.0283,61.9571,9.4057,0.8511,"day,code,turnover_ratio,market_cap,circulating_market_cap,pe_ratio,pb_ratio"
2021-02-03,002936.XSHE,1.7579,279.5255,61.6258,9.3554,0.8466,"day,code,turnover_ratio,market_cap,circulating_market_cap,pe_ratio,pb_ratio"
2021-02-04,002936.XSHE,3.0989,283.2825,62.4541,9.4811,0.8579,"day,code,turnover_ratio,market_cap,circulating_market_cap,pe_ratio,pb_ratio"
2021-02-05,002936.XSHE,6.9,296.0565,65.2704,9.9087,0.8966,"day,code,turnover_ratio,market_cap,circulating_market_cap,pe_ratio,pb_ratio"
2021-02-08,002936.XSHE,3.6331,290.0452,63.9451,9.7075,0.8784,"day,code,turnover_ratio,market_cap,circulating_market_cap,pe_ratio,pb_ratio"
2021-02-09,002936.XSHE,3.1053,287.791,63.4481,9.632,0.8716,"day,code,turnover_ratio,market_cap,circulating_market_cap,pe_ratio,pb_ratio"
2021-02-10,002936.XSHE,2.3569,287.0396,63.2824,9.6069,0.8693,"day,code,turnover_ratio,market_cap,circulating_market_cap,pe_ratio,pb_ratio"
2021-02-18,002936.XSHE,2.9426,290.7966,64.1107,9.7326,0.8807,"day,code,turnover_ratio,market_cap,circulating_market_cap,pe_ratio,pb_ratio"
2021-02-19,002936.XSHE,3.6302,294.5537,64.939,9.8584,0.8921,"day,code,turnover_ratio,market_cap,circulating_market_cap,pe_ratio,pb_ratio"
2021-02-22,002936.XSHE,4.7875,296.0565,65.2704,9.9087,0.8966,"day,code,turnover_ratio,market_cap,circulating_market_cap,pe_ratio,pb_ratio"
2021-02-23,002936.XSHE,4.8916,296.8079,65.436,9.9338,0.8989,"day,code,turnover_ratio,market_cap,circulating_market_cap,pe_ratio,pb_ratio"
2021-02-24,002936.XSHE,3.4355,291.5481,64.2764,9.7578,0.883,"day,code,turnover_ratio,market_cap,circulating_market_cap,pe_ratio,pb_ratio"
2021-02-25,002936.XSHE,3.5235,295.3051,65.1047,9.8835,0.8943,"day,code,turnover_ratio,market_cap,circulating_market_cap,pe_ratio,pb_ratio"
2021-02-26,002936.XSHE,3.5224,287.791,63.4481,9.632,0.8716,"day,code,turnover_ratio,market_cap,circulating_market_cap,pe_ratio,pb_ratio"
2021-03-01,002936.XSHE,1.4519,288.5424,63.6137,9.6572,0.8739,"day,code,turnover_ratio,market_cap,circulating_market_cap,pe_ratio,pb_ratio"
2021-03-02,002936.XSHE,1.552,287.0396,63.2824,9.6069,0.8693,"day,code,turnover_ratio,market_cap,circulating_market_cap,pe_ratio,pb_ratio"
2021-03-03,002936.XSHE,3.519,293.8023,64.7734,9.8332,0.8898,"day,code,turnover_ratio,market_cap,circulating_market_cap,pe_ratio,pb_ratio"
2021-03-04,002936.XSHE,3.139,292.2995,64.4421,9.7829,0.8852,"day,code,turnover_ratio,market_cap,circulating_market_cap,pe_ratio,pb_ratio"
2021-03-05,002936.XSHE,2.3091,293.8023,64.7734,9.8332,0.8898,"day,code,turnover_ratio,market_cap,circulating_market_cap,pe_ratio,pb_ratio"
2021-03-08,002936.XSHE,2.6598,292.2995,64.4421,9.7829,0.8852,"day,code,turnover_ratio,market_cap,circulating_market_cap,pe_ratio,pb_ratio"
2021-03-09,002936.XSHE,2.8753,287.791,63.4481,9.632,0.8716,"day,code,turnover_ratio,market_cap,circulating_market_cap,pe_ratio,pb_ratio"
2021-03-10,002936.XSHE,1.468,286.2882,63.1168,9.5817,0.867,"day,code,turnover_ratio,market_cap,circulating_market_cap,pe_ratio,pb_ratio"
2021-03-11,002936.XSHE,2.0476,290.0452,63.9451,9.7075,0.8784,"day,code,turnover_ratio,market_cap,circulating_market_cap,pe_ratio,pb_ratio"
2021-03-12,002936.XSHE,1.9702,291.5481,64.2764,9.7578,0.883,"day,code,turnover_ratio,market_cap,circulating_market_cap,pe_ratio,pb_ratio"
2021-03-15,002936.XSHE,2.6828,293.0509,64.6077,9.8081,0.8875,"day,code,turnover_ratio,market_cap,circulating_market_cap,pe_ratio,pb_ratio"
2021-03-16,002936.XSHE,2.082,294.5537,64.939,9.8584,0.8921,"day,code,turnover_ratio,market_cap,circulating_market_cap,pe_ratio,pb_ratio"
2021-03-17,002936.XSHE,2.0114,291.5481,64.2764,9.7578,0.883,"day,code,turnover_ratio,market_cap,circulating_market_cap,pe_ratio,pb_ratio"
2021-03-18,002936.XSHE,1.304,290.0452,63.9451,9.7075,0.8784,"day,code,turnover_ratio,market_cap,circulating_market_cap,pe_ratio,pb_ratio"
2021-03-19,002936.XSHE,2.28,287.0396,63.2824,9.6069,0.8693,"day,code,turnover_ratio,market_cap,circulating_market_cap,pe_ratio,pb_ratio"
2021-03-22,002936.XSHE,1.3464,289.2938,63.7794,9.6823,0.8761,"day,code,turnover_ratio,market_cap,circulating_market_cap,pe_ratio,pb_ratio"
2021-03-23,002936.XSHE,1.4466,287.791,63.4481,9.632,0.8716,"day,code,turnover_ratio,market_cap,circulating_market_cap,pe_ratio,pb_ratio"
2021-03-24,002936.XSHE,1.4281,287.791,63.4481,9.632,0.8716,"day,code,turnover_ratio,market_cap,circulating_market_cap,pe_ratio,pb_ratio"
2021-03-25,002936.XSHE,1.5387,285.5368,62.9511,9.5566,0.8648,"day,code,turnover_ratio,market_cap,circulating_market_cap,pe_ratio,pb_ratio"
2021-03-26,002936.XSHE,1.0117,287.0396,63.2824,9.6069,0.8693,"day,code,turnover_ratio,market_cap,circulating_market_cap,pe_ratio,pb_ratio"
2021-03-29,002936.XSHE,0.9426,287.791,63.4481,9.632,0.8716,"day,code,turnover_ratio,market_cap,circulating_market_cap,pe_ratio,pb_ratio"
2021-03-30,002936.XSHE,0.7497,287.791,63.4481,9.632,0.8716,"day,code,turnover_ratio,market_cap,circulating_market_cap,pe_ratio,pb_ratio"
2021-03-31,002936.XSHE,1.9489,283.2825,62.4541,8.9432,0.7725,"day,code,turnover_ratio,market_cap,circulating_market_cap,pe_ratio,pb_ratio"
2021-04-01,002936.XSHE,1.0287,282.5311,62.2885,8.9195,0.7705,"day,code,turnover_ratio,market_cap,circulating_market_cap,pe_ratio,pb_ratio"
2021-04-02,002936.XSHE,0.6544,282.5311,62.2885,8.9195,0.7705,"day,code,turnover_ratio,market_cap,circulating_market_cap,pe_ratio,pb_ratio"
2021-04-06,002936.XSHE,0.5983,283.2825,62.4541,8.9432,0.7725,"day,code,turnover_ratio,market_cap,circulating_market_cap,pe_ratio,pb_ratio"
2021-04-07,002936.XSHE,0.811,282.5311,62.2885,8.9195,0.7705,"day,code,turnover_ratio,market_cap,circulating_market_cap,pe_ratio,pb_ratio"
2021-04-08,002936.XSHE,1.1406,283.2825,62.4541,8.9432,0.7725,"day,code,turnover_ratio,market_cap,circulating_market_cap,pe_ratio,pb_ratio"
2021-04-09,002936.XSHE,0.7262,281.7797,62.1228,8.8958,0.7684,"day,code,turnover_ratio,market_cap,circulating_market_cap,pe_ratio,pb_ratio"
2021-04-12,002936.XSHE,0.8172,281.0283,61.9571,8.8721,0.7664,"day,code,turnover_ratio,market_cap,circulating_market_cap,pe_ratio,pb_ratio"
2021-04-13,002936.XSHE,0.5755,280.2769,61.7915,8.8483,0.7643,"day,code,turnover_ratio,market_cap,circulating_market_cap,pe_ratio,pb_ratio"
2021-04-14,002936.XSHE,0.5665,281.0283,61.9571,8.8721,0.7664,"day,code,turnover_ratio,market_cap,circulating_market_cap,pe_ratio,pb_ratio"
2021-04-15,002936.XSHE,0.5144,280.2769,61.7915,8.8483,0.7643,"day,code,turnover_ratio,market_cap,circulating_market_cap,pe_ratio,pb_ratio"
2021-04-16,002936.XSHE,1.0295,283.2825,62.4541,8.9432,0.7725,"day,code,turnover_ratio,market_cap,circulating_market_cap,pe_ratio,pb_ratio"
2021-04-19,002936.XSHE,0.7467,283.2825,62.4541,8.9432,0.7725,"day,code,turnover_ratio,market_cap,circulating_market_cap,pe_ratio,pb_ratio"
2021-04-20,002936.XSHE,0.7655,281.7797,62.1228,8.8958,0.7684,"day,code,turnover_ratio,market_cap,circulating_market_cap,pe_ratio,pb_ratio"
2021-04-21,002936.XSHE,0.6932,281.7797,62.1228,8.8958,0.7684,"day,code,turnover_ratio,market_cap,circulating_market_cap,pe_ratio,pb_ratio"
2021-04-22,002936.XSHE,0.7302,280.2769,61.7915,8.8483,0.7643,"day,code,turnover_ratio,market_cap,circulating_market_cap,pe_ratio,pb_ratio"
2021-04-23,002936.XSHE,0.8934,279.5255,61.6258,8.8246,0.7623,"day,code,turnover_ratio,market_cap,circulating_market_cap,pe_ratio,pb_ratio"
2021-04-26,002936.XSHE,0.6522,278.774,61.4602,8.8009,0.7602,"day,code,turnover_ratio,market_cap,circulating_market_cap,pe_ratio,pb_ratio"
2021-04-27,002936.XSHE,0.7648,276.5198,60.9632,8.7297,0.7541,"day,code,turnover_ratio,market_cap,circulating_market_cap,pe_ratio,pb_ratio"
2021-04-28,002936.XSHE,0.6741,275.017,60.6319,8.6823,0.75,"day,code,turnover_ratio,market_cap,circulating_market_cap,pe_ratio,pb_ratio"
2021-04-29,002936.XSHE,0.836,278.0226,61.2945,8.6943,0.7349,"day,code,turnover_ratio,market_cap,circulating_market_cap,pe_ratio,pb_ratio"
2021-04-30,002936.XSHE,0.9011,276.5198,60.9632,8.6473,0.7309,"day,code,turnover_ratio,market_cap,circulating_market_cap,pe_ratio,pb_ratio"
2021-05-06,002936.XSHE,0.6004,277.2712,61.1288,8.6708,0.7329,"day,code,turnover_ratio,market_cap,circulating_market_cap,pe_ratio,pb_ratio"
2021-05-07,002936.XSHE,0.9763,277.2712,61.1288,8.6708,0.7329,"day,code,turnover_ratio,market_cap,circulating_market_cap,pe_ratio,pb_ratio"
2021-05-10,002936.XSHE,0.5915,276.5198,60.9632,8.6473,0.7309,"day,code,turnover_ratio,market_cap,circulating_market_cap,pe_ratio,pb_ratio"
2021-05-11,002936.XSHE,0.68,277.2712,61.1288,8.6708,0.7329,"day,code,turnover_ratio,market_cap,circulating_market_cap,pe_ratio,pb_ratio"
2021-05-12,002936.XSHE,0.5867,278.0226,61.2945,8.6943,0.7349,"day,code,turnover_ratio,market_cap,circulating_market_cap,pe_ratio,pb_ratio"
2021-05-13,002936.XSHE,0.6223,276.5198,60.9632,8.6473,0.7309,"day,code,turnover_ratio,market_cap,circulating_market_cap,pe_ratio,pb_ratio"
2021-05-14,002936.XSHE,1.7576,281.0283,61.9571,8.7883,0.7429,"day,code,turnover_ratio,market_cap,circulating_market_cap,pe_ratio,pb_ratio"
2021-05-17,002936.XSHE,1.1506,278.774,61.4602,8.7178,0.7369,"day,code,turnover_ratio,market_cap,circulating_market_cap,pe_ratio,pb_ratio"
2021-05-18,002936.XSHE,0.436,278.0226,61.2945,8.6943,0.7349,"day,code,turnover_ratio,market_cap,circulating_market_cap,pe_ratio,pb_ratio"
2021-05-19,002936.XSHE,0.836,277.2712,61.1288,8.6708,0.7329,"day,code,turnover_ratio,market_cap,circulating_market_cap,pe_ratio,pb_ratio"
2021-05-20,002936.XSHE,0.9327,277.2712,61.1288,8.6708,0.7329,"day,code,turnover_ratio,market_cap,circulating_market_cap,pe_ratio,pb_ratio"
2021-05-21,002936.XSHE,0.8468,276.5198,60.9632,8.6473,0.7309,"day,code,turnover_ratio,market_cap,circulating_market_cap,pe_ratio,pb_ratio"
2021-05-24,002936.XSHE,0.5274,277.2712,61.1288,8.6708,0.7329,"day,code,turnover_ratio,market_cap,circulating_market_cap,pe_ratio,pb_ratio"
2021-05-25,002936.XSHE,1.8841,280.2769,61.7915,8.7648,0.7409,"day,code,turnover_ratio,market_cap,circulating_market_cap,pe_ratio,pb_ratio"
2021-05-26,002936.XSHE,1.4782,279.5255,61.6258,8.7413,0.7389,"day,code,turnover_ratio,market_cap,circulating_market_cap,pe_ratio,pb_ratio"
2021-05-27,002936.XSHE,0.6452,279.5255,81.8312,8.7413,0.7389,"day,code,turnover_ratio,market_cap,circulating_market_cap,pe_ratio,pb_ratio"
2021-05-28,002936.XSHE,0.685,280.2769,82.0512,8.7648,0.7409,"day,code,turnover_ratio,market_cap,circulating_market_cap,pe_ratio,pb_ratio"
2021-05-31,002936.XSHE,0.4852,279.5255,81.8312,8.7413,0.7389,"day,code,turnover_ratio,market_cap,circulating_market_cap,pe_ratio,pb_ratio"
2021-06-01,002936.XSHE,0.5165,278.0226,81.3912,8.6943,0.7349,"day,code,turnover_ratio,market_cap,circulating_market_cap,pe_ratio,pb_ratio"
2021-06-02,002936.XSHE,0.4351,278.0226,81.3912,8.6943,0.7349,"day,code,turnover_ratio,market_cap,circulating_market_cap,pe_ratio,pb_ratio"
2021-06-03,002936.XSHE,0.447,278.774,81.6112,8.7178,0.7369,"day,code,turnover_ratio,market_cap,circulating_market_cap,pe_ratio,pb_ratio"
2021-06-04,002936.XSHE,0.6577,278.0226,81.3912,8.6943,0.7349,"day,code,turnover_ratio,market_cap,circulating_market_cap,pe_ratio,pb_ratio"
2021-06-07,002936.XSHE,0.4239,277.2712,81.1713,8.6708,0.7329,"day,code,turnover_ratio,market_cap,circulating_market_cap,pe_ratio,pb_ratio"
2021-06-08,002936.XSHE,0.3925,278.0226,81.3912,8.6943,0.7349,"day,code,turnover_ratio,market_cap,circulating_market_cap,pe_ratio,pb_ratio"
2021-06-09,002936.XSHE,0.3883,277.2712,81.1713,8.6708,0.7329,"day,code,turnover_ratio,market_cap,circulating_market_cap,pe_ratio,pb_ratio"
2021-06-10,002936.XSHE,0.4437,277.2712,81.1713,8.6708,0.7329,"day,code,turnover_ratio,market_cap,circulating_market_cap,pe_ratio,pb_ratio"
2021-06-11,002936.XSHE,0.7898,278.0226,81.3912,8.6943,0.7349,"day,code,turnover_ratio,market_cap,circulating_market_cap,pe_ratio,pb_ratio"
2021-06-15,002936.XSHE,0.5503,276.5198,80.9513,8.6473,0.7309,"day,code,turnover_ratio,market_cap,circulating_market_cap,pe_ratio,pb_ratio"
2021-06-16,002936.XSHE,0.4278,277.2712,81.1713,8.6708,0.7329,"day,code,turnover_ratio,market_cap,circulating_market_cap,pe_ratio,pb_ratio"
2021-06-17,002936.XSHE,0.3514,276.5198,80.9513,8.6473,0.7309,"day,code,turnover_ratio,market_cap,circulating_market_cap,pe_ratio,pb_ratio"
2021-06-18,002936.XSHE,0.5882,276.5198,80.9513,8.6473,0.7309,"day,code,turnover_ratio,market_cap,circulating_market_cap,pe_ratio,pb_ratio"
2021-06-21,002936.XSHE,0.3115,275.7684,80.7313,8.6238,0.729,"day,code,turnover_ratio,market_cap,circulating_market_cap,pe_ratio,pb_ratio"
2021-06-22,002936.XSHE,0.4232,276.5198,80.9513,8.6473,0.7309,"day,code,turnover_ratio,market_cap,circulating_market_cap,pe_ratio,pb_ratio"
2021-06-23,002936.XSHE,0.4326,276.5198,80.9513,8.6473,0.7309,"day,code,turnover_ratio,market_cap,circulating_market_cap,pe_ratio,pb_ratio"
2021-06-24,002936.XSHE,0.3072,276.5198,80.9513,8.6473,0.7309,"day,code,turnover_ratio,market_cap,circulating_market_cap,pe_ratio,pb_ratio"
2021-06-25,002936.XSHE,0.8257,278.774,81.6112,8.7178,0.7369,"day,code,turnover_ratio,market_cap,circulating_market_cap,pe_ratio,pb_ratio"
2021-06-28,002936.XSHE,0.5276,276.5198,80.9513,8.6473,0.7309,"day,code,turnover_ratio,market_cap,circulating_market_cap,pe_ratio,pb_ratio"
2021-06-29,002936.XSHE,0.3398,275.7684,80.7313,8.6238,0.729,"day,code,turnover_ratio,market_cap,circulating_market_cap,pe_ratio,pb_ratio"
2021-06-30,002936.XSHE,0.3558,275.7684,80.7313,8.6238,0.729,"day,code,turnover_ratio,market_cap,circulating_market_cap,pe_ratio,pb_ratio"
2021-07-01,002936.XSHE,0.4075,275.017,80.5113,8.6003,0.727,"day,code,turnover_ratio,market_cap,circulating_market_cap,pe_ratio,pb_ratio"
2021-07-02,002936.XSHE,0.736,272.0113,79.6314,8.5063,0.719,"day,code,turnover_ratio,market_cap,circulating_market_cap,pe_ratio,pb_ratio"
2021-07-05,002936.XSHE,0.3513,271.2599,79.4115,8.4828,0.717,"day,code,turnover_ratio,market_cap,circulating_market_cap,pe_ratio,pb_ratio"
2021-07-06,002936.XSHE,0.3964,272.7627,79.8514,8.5298,0.721,"day,code,turnover_ratio,market_cap,circulating_market_cap,pe_ratio,pb_ratio"
2021-07-07,002936.XSHE,0.2309,272.0113,79.6314,8.5063,0.719,"day,code,turnover_ratio,market_cap,circulating_market_cap,pe_ratio,pb_ratio"
2021-07-08,002936.XSHE,0.3809,270.5085,79.1915,8.4593,0.7151,"day,code,turnover_ratio,market_cap,circulating_market_cap,pe_ratio,pb_ratio"
2021-07-09,002936.XSHE,0.3302,271.2599,79.4115,8.4828,0.717,"day,code,turnover_ratio,market_cap,circulating_market_cap,pe_ratio,pb_ratio"
2021-07-12,002936.XSHE,0.4536,270.5085,79.1915,8.4593,0.7151,"day,code,turnover_ratio,market_cap,circulating_market_cap,pe_ratio,pb_ratio"
2021-07-13,002936.XSHE,0.2246,271.2599,79.4115,8.4828,0.717,"day,code,turnover_ratio,market_cap,circulating_market_cap,pe_ratio,pb_ratio"
2021-07-14,002936.XSHE,0.2897,270.5085,79.1915,8.4593,0.7151,"day,code,turnover_ratio,market_cap,circulating_market_cap,pe_ratio,pb_ratio"
2021-07-15,002936.XSHE,0.6296,272.0113,79.6314,8.5063,0.719,"day,code,turnover_ratio,market_cap,circulating_market_cap,pe_ratio,pb_ratio"
2021-07-16,002936.XSHE,0.3835,271.2599,79.4115,8.4828,0.717,"day,code,turnover_ratio,market_cap,circulating_market_cap,pe_ratio,pb_ratio"
2021-07-19,002936.XSHE,0.3581,269.7571,78.9715,8.4358,0.7131,"day,code,turnover_ratio,market_cap,circulating_market_cap,pe_ratio,pb_ratio"
2021-07-20,002936.XSHE,0.3019,269.0057,78.7515,8.4123,0.7111,"day,code,turnover_ratio,market_cap,circulating_market_cap,pe_ratio,pb_ratio"
2021-07-21,002936.XSHE,0.3253,269.0057,78.7515,8.4123,0.7111,"day,code,turnover_ratio,market_cap,circulating_market_cap,pe_ratio,pb_ratio"
2021-07-22,002936.XSHE,0.4004,269.0057,78.7515,8.4123,0.7111,"day,code,turnover_ratio,market_cap,circulating_market_cap,pe_ratio,pb_ratio"
2021-07-23,002936.XSHE,0.4843,269.0057,78.7515,8.4123,0.7111,"day,code,turnover_ratio,market_cap,circulating_market_cap,pe_ratio,pb_ratio"
2021-07-26,002936.XSHE,0.6178,266.0,77.8716,8.3183,0.7031,"day,code,turnover_ratio,market_cap,circulating_market_cap,pe_ratio,pb_ratio"
2021-07-27,002936.XSHE,0.5797,262.243,76.7717,8.2008,0.6932,"day,code,turnover_ratio,market_cap,circulating_market_cap,pe_ratio,pb_ratio"
2021-07-28,002936.XSHE,0.622,262.9944,76.9917,8.2243,0.6952,"day,code,turnover_ratio,market_cap,circulating_market_cap,pe_ratio,pb_ratio"
2021-07-29,002936.XSHE,0.5881,261.4916,76.5518,8.1773,0.6912,"day,code,turnover_ratio,market_cap,circulating_market_cap,pe_ratio,pb_ratio"
2021-07-30,002936.XSHE,0.4266,259.2373,75.8918,8.1069,0.6853,"day,code,turnover_ratio,market_cap,circulating_market_cap,pe_ratio,pb_ratio"
2021-08-02,002936.XSHE,0.5514,259.9887,76.1118,8.1303,0.6872,"day,code,turnover_ratio,market_cap,circulating_market_cap,pe_ratio,pb_ratio"
2021-08-03,002936.XSHE,0.5082,259.9887,76.1118,8.1303,0.6872,"day,code,turnover_ratio,market_cap,circulating_market_cap,pe_ratio,pb_ratio"
2021-08-04,002936.XSHE,0.301,258.4859,75.6719,8.0834,0.6833,"day,code,turnover_ratio,market_cap,circulating_market_cap,pe_ratio,pb_ratio"
2021-08-05,002936.XSHE,0.2781,258.4859,75.6719,8.0834,0.6833,"day,code,turnover_ratio,market_cap,circulating_market_cap,pe_ratio,pb_ratio"
2021-08-06,002936.XSHE,0.3923,257.7345,75.4519,8.0599,0.6813,"day,code,turnover_ratio,market_cap,circulating_market_cap,pe_ratio,pb_ratio"
2021-08-09,002936.XSHE,0.6412,259.2373,75.8918,8.1069,0.6853,"day,code,turnover_ratio,market_cap,circulating_market_cap,pe_ratio,pb_ratio"
2021-08-10,002936.XSHE,0.3873,260.7401,76.3318,8.1538,0.6892,"day,code,turnover_ratio,market_cap,circulating_market_cap,pe_ratio,pb_ratio"
2021-08-11,002936.XSHE,0.5317,260.7401,76.3318,8.1538,0.6892,"day,code,turnover_ratio,market_cap,circulating_market_cap,pe_ratio,pb_ratio"
2021-08-12,002936.XSHE,0.3396,259.9887,76.1118,8.1303,0.6872,"day,code,turnover_ratio,market_cap,circulating_market_cap,pe_ratio,pb_ratio"
2021-08-13,002936.XSHE,0.2847,258.4859,75.6719,8.0834,0.6833,"day,code,turnover_ratio,market_cap,circulating_market_cap,pe_ratio,pb_ratio"
2021-08-16,002936.XSHE,0.3495,259.9887,76.1118,8.1303,0.6872,"day,code,turnover_ratio,market_cap,circulating_market_cap,pe_ratio,pb_ratio"
2021-08-17,002936.XSHE,0.419,258.4859,75.6719,8.0834,0.6833,"day,code,turnover_ratio,market_cap,circulating_market_cap,pe_ratio,pb_ratio"
2021-08-18,002936.XSHE,0.8936,261.4916,76.5518,8.1773,0.6912,"day,code,turnover_ratio,market_cap,circulating_market_cap,pe_ratio,pb_ratio"
2021-08-19,002936.XSHE,0.562,259.2373,75.8918,8.1069,0.6853,"day,code,turnover_ratio,market_cap,circulating_market_cap,pe_ratio,pb_ratio"
2021-08-20,002936.XSHE,0.5027,258.4859,75.6719,8.0834,0.6833,"day,code,turnover_ratio,market_cap,circulating_market_cap,pe_ratio,pb_ratio"
2021-08-23,002936.XSHE,0.5152,259.2373,75.8918,8.1069,0.6853,"day,code,turnover_ratio,market_cap,circulating_market_cap,pe_ratio,pb_ratio"
2021-08-24,002936.XSHE,0.4773,259.2373,75.8918,8.1069,0.6853,"day,code,turnover_ratio,market_cap,circulating_market_cap,pe_ratio,pb_ratio"
2021-08-25,002936.XSHE,0.3894,259.2373,75.8918,8.1069,0.6853,"day,code,turnover_ratio,market_cap,circulating_market_cap,pe_ratio,pb_ratio"
2021-08-26,002936.XSHE,0.4506,259.2373,75.8918,8.1069,0.6853,"day,code,turnover_ratio,market_cap,circulating_market_cap,pe_ratio,pb_ratio"
2021-08-27,002936.XSHE,0.37,259.2373,75.8918,8.1069,0.6853,"day,code,turnover_ratio,market_cap,circulating_market_cap,pe_ratio,pb_ratio"
2021-08-30,002936.XSHE,0.6953,256.2317,75.0119,7.9983,0.6478,"day,code,turnover_ratio,market_cap,circulating_market_cap,pe_ratio,pb_ratio"
2021-08-31,002936.XSHE,0.516,256.9831,75.2319,8.0217,0.6497,"day,code,turnover_ratio,market_cap,circulating_market_cap,pe_ratio,pb_ratio"
2021-09-01,002936.XSHE,0.8806,259.9887,76.1118,8.1156,0.6573,"day,code,turnover_ratio,market_cap,circulating_market_cap,pe_ratio,pb_ratio"
2021-09-02,002936.XSHE,0.5143,259.9887,76.1118,8.1156,0.6573,"day,code,turnover_ratio,market_cap,circulating_market_cap,pe_ratio,pb_ratio"
2021-09-03,002936.XSHE,0.9476,261.4916,76.5518,8.1625,0.6611,"day,code,turnover_ratio,market_cap,circulating_market_cap,pe_ratio,pb_ratio"
2021-09-06,002936.XSHE,1.0858,262.9944,76.9917,8.2094,0.6649,"day,code,turnover_ratio,market_cap,circulating_market_cap,pe_ratio,pb_ratio"
2021-09-07,002936.XSHE,0.8762,263.7458,77.2117,8.2328,0.6668,"day,code,turnover_ratio,market_cap,circulating_market_cap,pe_ratio,pb_ratio"
2021-09-08,002936.XSHE,0.9073,265.2486,77.6516,8.2797,0.6706,"day,code,turnover_ratio,market_cap,circulating_market_cap,pe_ratio,pb_ratio"
2021-09-09,002936.XSHE,0.6204,265.2486,77.6516,8.2797,0.6706,"day,code,turnover_ratio,market_cap,circulating_market_cap,pe_ratio,pb_ratio"
2021-09-10,002936.XSHE,1.5254,267.5029,78.3116,8.3501,0.6763,"day,code,turnover_ratio,market_cap,circulating_market_cap,pe_ratio,pb_ratio"
2021-09-13,002936.XSHE,0.6768,266.7514,78.0916,8.3267,0.6744,"day,code,turnover_ratio,market_cap,circulating_market_cap,pe_ratio,pb_ratio"
2021-09-14,002936.XSHE,0.8453,264.4972,77.4317,8.2563,0.6687,"day,code,turnover_ratio,market_cap,circulating_market_cap,pe_ratio,pb_ratio"
2021-09-15,002936.XSHE,0.4219,262.9944,76.9917,8.2094,0.6649,"day,code,turnover_ratio,market_cap,circulating_market_cap,pe_ratio,pb_ratio"
2021-09-16,002936.XSHE,0.7224,259.2373,75.8918,8.0921,0.6554,"day,code,turnover_ratio,market_cap,circulating_market_cap,pe_ratio,pb_ratio"
2021-09-17,002936.XSHE,0.6035,260.7401,76.3295,8.139,0.6592,"day,code,turnover_ratio,market_cap,circulating_market_cap,pe_ratio,pb_ratio"
2021-09-22,002936.XSHE,0.197,260.7401,185.3369,8.139,0.6592,"day,code,turnover_ratio,market_cap,circulating_market_cap,pe_ratio,pb_ratio"
2021-09-23,002936.XSHE,0.2473,263.7458,187.4734,8.2328,0.6668,"day,code,turnover_ratio,market_cap,circulating_market_cap,pe_ratio,pb_ratio"
2021-09-24,002936.XSHE,0.1626,260.7401,185.3369,8.139,0.6592,"day,code,turnover_ratio,market_cap,circulating_market_cap,pe_ratio,pb_ratio"
2021-09-27,002936.XSHE,0.3075,258.4859,183.7346,8.0686,0.6535,"day,code,turnover_ratio,market_cap,circulating_market_cap,pe_ratio,pb_ratio"
2021-09-28,002936.XSHE,0.2224,260.7401,185.3369,8.139,0.6592,"day,code,turnover_ratio,market_cap,circulating_market_cap,pe_ratio,pb_ratio"
2021-09-29,002936.XSHE,0.2689,260.7401,185.3369,8.139,0.6592,"day,code,turnover_ratio,market_cap,circulating_market_cap,pe_ratio,pb_ratio"
2021-09-30,002936.XSHE,0.1601,259.2373,184.2687,8.0921,0.6554,"day,code,turnover_ratio,market_cap,circulating_market_cap,pe_ratio,pb_ratio"
2021-10-08,002936.XSHE,0.1645,261.4916,185.8711,8.1625,0.6611,"day,code,turnover_ratio,market_cap,circulating_market_cap,pe_ratio,pb_ratio"
2021-10-11,002936.XSHE,0.3081,262.9944,186.9393,8.2094,0.6649,"day,code,turnover_ratio,market_cap,circulating_market_cap,pe_ratio,pb_ratio"
2021-10-12,002936.XSHE,0.2668,262.243,186.4052,8.1859,0.663,"day,code,turnover_ratio,market_cap,circulating_market_cap,pe_ratio,pb_ratio"
2021-10-13,002936.XSHE,0.3448,264.4972,188.0075,8.2563,0.6687,"day,code,turnover_ratio,market_cap,circulating_market_cap,pe_ratio,pb_ratio"
2021-10-14,002936.XSHE,0.1988,262.243,186.4052,8.1859,0.663,"day,code,turnover_ratio,market_cap,circulating_market_cap,pe_ratio,pb_ratio"
2021-10-15,002936.XSHE,0.2592,261.4916,185.8711,8.1625,0.6611,"day,code,turnover_ratio,market_cap,circulating_market_cap,pe_ratio,pb_ratio"
2021-10-18,002936.XSHE,0.1839,260.7401,185.3369,8.139,0.6592,"day,code,turnover_ratio,market_cap,circulating_market_cap,pe_ratio,pb_ratio"
2021-10-19,002936.XSHE,0.1483,260.7401,185.3369,8.139,0.6592,"day,code,turnover_ratio,market_cap,circulating_market_cap,pe_ratio,pb_ratio"
2021-10-20,002936.XSHE,0.1454,259.2373,184.2687,8.0921,0.6554,"day,code,turnover_ratio,market_cap,circulating_market_cap,pe_ratio,pb_ratio"
2021-10-21,002936.XSHE,0.2536,261.4916,185.8711,8.1625,0.6611,"day,code,turnover_ratio,market_cap,circulating_market_cap,pe_ratio,pb_ratio"
2021-10-22,002936.XSHE,0.218,261.4916,185.8711,8.1625,0.6611,"day,code,turnover_ratio,market_cap,circulating_market_cap,pe_ratio,pb_ratio"
2021-10-25,002936.XSHE,0.1562,260.7401,185.3369,8.139,0.6592,"day,code,turnover_ratio,market_cap,circulating_market_cap,pe_ratio,pb_ratio"
2021-10-26,002936.XSHE,0.2788,257.7345,183.2005,8.0452,0.6516,"day,code,turnover_ratio,market_cap,circulating_market_cap,pe_ratio,pb_ratio"
2021-10-27,002936.XSHE,0.2555,254.7288,181.064,7.9514,0.644,"day,code,turnover_ratio,market_cap,circulating_market_cap,pe_ratio,pb_ratio"
2021-10-28,002936.XSHE,0.1825,253.226,179.9958,7.9045,0.6402,"day,code,turnover_ratio,market_cap,circulating_market_cap,pe_ratio,pb_ratio"
2021-10-29,002936.XSHE,0.122,253.9774,180.5299,7.9279,0.6421,"day,code,turnover_ratio,market_cap,circulating_market_cap,pe_ratio,pb_ratio"
2021-11-01,002936.XSHE,0.1595,254.7288,181.064,7.9436,0.6285,"day,code,turnover_ratio,market_cap,circulating_market_cap,pe_ratio,pb_ratio"
2021-11-02,002936.XSHE,0.1906,253.226,179.9958,7.8968,0.6248,"day,code,turnover_ratio,market_cap,circulating_market_cap,pe_ratio,pb_ratio"
2021-11-03,002936.XSHE,0.2311,251.7232,178.9276,7.8499,0.6211,"day,code,turnover_ratio,market_cap,circulating_market_cap,pe_ratio,pb_ratio"
2021-11-04,002936.XSHE,0.1894,251.7232,178.9276,7.8499,0.6211,"day,code,turnover_ratio,market_cap,circulating_market_cap,pe_ratio,pb_ratio"
2021-11-05,002936.XSHE,0.1705,251.7232,178.9276,7.8499,0.6211,"day,code,turnover_ratio,market_cap,circulating_market_cap,pe_ratio,pb_ratio"
2021-11-08,002936.XSHE,0.2076,250.9718,178.3935,7.8265,0.6192,"day,code,turnover_ratio,market_cap,circulating_market_cap,pe_ratio,pb_ratio"
2021-11-09,002936.XSHE,0.1447,250.2204,177.8594,7.803,0.6174,"day,code,turnover_ratio,market_cap,circulating_market_cap,pe_ratio,pb_ratio"
2021-11-10,002936.XSHE,0.2306,249.469,177.3253,7.7796,0.6155,"day,code,turnover_ratio,market_cap,circulating_market_cap,pe_ratio,pb_ratio"
2021-11-11,002936.XSHE,0.2951,250.9718,178.3935,7.8265,0.6192,"day,code,turnover_ratio,market_cap,circulating_market_cap,pe_ratio,pb_ratio"
2021-11-12,002936.XSHE,0.1478,250.2204,177.8594,7.803,0.6174,"day,code,turnover_ratio,market_cap,circulating_market_cap,pe_ratio,pb_ratio"
2021-11-15,002936.XSHE,0.1516,250.9718,178.3935,7.8265,0.6192,"day,code,turnover_ratio,market_cap,circulating_market_cap,pe_ratio,pb_ratio"
2021-11-16,002936.XSHE,0.1596,250.2204,177.8594,7.803,0.6174,"day,code,turnover_ratio,market_cap,circulating_market_cap,pe_ratio,pb_ratio"
2021-11-17,002936.XSHE,0.1347,249.469,177.3253,7.7796,0.6155,"day,code,turnover_ratio,market_cap,circulating_market_cap,pe_ratio,pb_ratio"
2021-11-18,002936.XSHE,0.132,249.469,177.3253,7.7796,0.6155,"day,code,turnover_ratio,market_cap,circulating_market_cap,pe_ratio,pb_ratio"
2021-11-19,002936.XSHE,0.1546,250.9718,178.3935,7.8265,0.6192,"day,code,turnover_ratio,market_cap,circulating_market_cap,pe_ratio,pb_ratio"
2021-11-22,002936.XSHE,0.1166,249.469,177.3253,7.7796,0.6155,"day,code,turnover_ratio,market_cap,circulating_market_cap,pe_ratio,pb_ratio"
2021-11-23,002936.XSHE,0.1545,250.2204,177.8594,7.803,0.6174,"day,code,turnover_ratio,market_cap,circulating_market_cap,pe_ratio,pb_ratio"
2021-11-24,002936.XSHE,0.1686,250.9718,178.3935,7.8265,0.6192,"day,code,turnover_ratio,market_cap,circulating_market_cap,pe_ratio,pb_ratio"
2021-11-25,002936.XSHE,0.0896,250.9718,178.3935,7.8265,0.6192,"day,code,turnover_ratio,market_cap,circulating_market_cap,pe_ratio,pb_ratio"
2021-11-26,002936.XSHE,0.1042,250.9718,178.3935,7.8265,0.6192,"day,code,turnover_ratio,market_cap,circulating_market_cap,pe_ratio,pb_ratio"
2021-11-29,002936.XSHE,0.3028,251.7232,178.9276,7.8499,0.6211,"day,code,turnover_ratio,market_cap,circulating_market_cap,pe_ratio,pb_ratio"
2021-11-30,002936.XSHE,0.3891,253.9774,180.5299,7.9202,0.6266,"day,code,turnover_ratio,market_cap,circulating_market_cap,pe_ratio,pb_ratio"
2021-12-01,002936.XSHE,0.23,254.7288,181.064,7.9436,0.6285,"day,code,turnover_ratio,market_cap,circulating_market_cap,pe_ratio,pb_ratio"
2021-12-02,002936.XSHE,0.1796,254.7288,181.064,7.9436,0.6285,"day,code,turnover_ratio,market_cap,circulating_market_cap,pe_ratio,pb_ratio"
2021-12-03,002936.XSHE,0.2086,256.2317,182.1323,7.9905,0.6322,"day,code,turnover_ratio,market_cap,circulating_market_cap,pe_ratio,pb_ratio"
2021-12-06,002936.XSHE,0.2068,255.4803,181.5982,7.9671,0.6303,"day,code,turnover_ratio,market_cap,circulating_market_cap,pe_ratio,pb_ratio"
2021-12-07,002936.XSHE,0.2335,256.2317,182.1323,7.9905,0.6322,"day,code,turnover_ratio,market_cap,circulating_market_cap,pe_ratio,pb_ratio"
2021-12-08,002936.XSHE,0.3004,256.2317,182.1323,7.9905,0.6322,"day,code,turnover_ratio,market_cap,circulating_market_cap,pe_ratio,pb_ratio"
2021-12-09,002936.XSHE,0.6002,257.7345,183.2005,8.0374,0.6359,"day,code,turnover_ratio,market_cap,circulating_market_cap,pe_ratio,pb_ratio"
2021-12-10,002936.XSHE,1.1743,254.7288,181.064,7.9436,0.6285,"day,code,turnover_ratio,market_cap,circulating_market_cap,pe_ratio,pb_ratio"
2021-12-13,002936.XSHE,0.5215,254.7288,181.0563,7.9436,0.6285,"day,code,turnover_ratio,market_cap,circulating_market_cap,pe_ratio,pb_ratio"
2021-12-14,002936.XSHE,0.3073,256.2317,182.1245,7.9905,0.6322,"day,code,turnover_ratio,market_cap,circulating_market_cap,pe_ratio,pb_ratio"
2021-12-15,002936.XSHE,0.1523,256.2317,182.1245,7.9905,0.6322,"day,code,turnover_ratio,market_cap,circulating_market_cap,pe_ratio,pb_ratio"
2021-12-16,002936.XSHE,0.1265,256.9831,182.6586,8.0139,0.634,"day,code,turnover_ratio,market_cap,circulating_market_cap,pe_ratio,pb_ratio"
2021-12-17,002936.XSHE,0.2213,256.9831,182.6586,8.0139,0.634,"day,code,turnover_ratio,market_cap,circulating_market_cap,pe_ratio,pb_ratio"
2021-12-20,002936.XSHE,0.3522,258.7113,183.887,8.0678,0.6383,"day,code,turnover_ratio,market_cap,circulating_market_cap,pe_ratio,pb_ratio"
2021-12-21,002936.XSHE,0.5915,263.6706,187.412,8.2225,0.6505,"day,code,turnover_ratio,market_cap,circulating_market_cap,pe_ratio,pb_ratio"
2021-12-22,002936.XSHE,0.3505,259.5379,184.4745,8.0936,0.6404,"day,code,turnover_ratio,market_cap,circulating_market_cap,pe_ratio,pb_ratio"
2021-12-23,002936.XSHE,0.2109,258.7113,183.887,8.0678,0.6383,"day,code,turnover_ratio,market_cap,circulating_market_cap,pe_ratio,pb_ratio"
2021-12-24,002936.XSHE,0.2365,261.191,185.6495,8.1451,0.6444,"day,code,turnover_ratio,market_cap,circulating_market_cap,pe_ratio,pb_ratio"
2021-12-27,002936.XSHE,0.171,261.191,185.6495,8.1451,0.6444,"day,code,turnover_ratio,market_cap,circulating_market_cap,pe_ratio,pb_ratio"
2021-12-28,002936.XSHE,0.1257,261.191,185.6495,8.1451,0.6444,"day,code,turnover_ratio,market_cap,circulating_market_cap,pe_ratio,pb_ratio"
2021-12-29,002936.XSHE,0.1472,261.191,185.6495,8.1451,0.6444,"day,code,turnover_ratio,market_cap,circulating_market_cap,pe_ratio,pb_ratio"
2021-12-30,002936.XSHE,0.1577,261.191,185.6495,8.1451,0.6444,"day,code,turnover_ratio,market_cap,circulating_market_cap,pe_ratio,pb_ratio"
2021-12-31,002936.XSHE,0.1755,261.191,185.6495,8.1451,0.6444,"day,code,turnover_ratio,market_cap,circulating_market_cap,pe_ratio,pb_ratio"
2022-01-04,002936.XSHE,0.3405,262.8441,186.8245,8.1967,0.6485,"day,code,turnover_ratio,market_cap,circulating_market_cap,pe_ratio,pb_ratio"
2022-01-05,002936.XSHE,0.3376,262.8441,186.8245,8.1967,0.6485,"day,code,turnover_ratio,market_cap,circulating_market_cap,pe_ratio,pb_ratio"
2022-01-06,002936.XSHE,0.2509,261.191,185.6495,8.1451,0.6444,"day,code,turnover_ratio,market_cap,circulating_market_cap,pe_ratio,pb_ratio"
2022-01-07,002936.XSHE,0.3966,263.6706,187.412,8.2225,0.6505,"day,code,turnover_ratio,market_cap,circulating_market_cap,pe_ratio,pb_ratio"
2022-01-10,002936.XSHE,0.3635,264.4972,187.9995,8.2482,0.6526,"day,code,turnover_ratio,market_cap,circulating_market_cap,pe_ratio,pb_ratio"
2022-01-11,002936.XSHE,0.3274,263.6706,187.412,8.2225,0.6505,"day,code,turnover_ratio,market_cap,circulating_market_cap,pe_ratio,pb_ratio"
2022-01-12,002936.XSHE,0.2478,263.6706,187.412,8.2225,0.6505,"day,code,turnover_ratio,market_cap,circulating_market_cap,pe_ratio,pb_ratio"
2022-01-13,002936.XSHE,0.3629,265.3238,188.587,8.274,0.6546,"day,code,turnover_ratio,market_cap,circulating_market_cap,pe_ratio,pb_ratio"
2022-01-14,002936.XSHE,0.3387,262.0175,186.237,8.1709,0.6465,"day,code,turnover_ratio,market_cap,circulating_market_cap,pe_ratio,pb_ratio"
2022-01-17,002936.XSHE,0.2493,261.191,185.6495,8.1451,0.6444,"day,code,turnover_ratio,market_cap,circulating_market_cap,pe_ratio,pb_ratio"
2022-01-18,002936.XSHE,0.3128,262.8441,186.8245,8.1967,0.6485,"day,code,turnover_ratio,market_cap,circulating_market_cap,pe_ratio,pb_ratio"
2022-01-19,002936.XSHE,0.2976,262.8441,186.8245,8.1967,0.6485,"day,code,turnover_ratio,market_cap,circulating_market_cap,pe_ratio,pb_ratio"
2022-01-20,002936.XSHE,0.751,262.8441,186.8245,8.1967,0.6485,"day,code,turnover_ratio,market_cap,circulating_market_cap,pe_ratio,pb_ratio"
2022-01-21,002936.XSHE,0.4022,262.8441,186.8245,8.1967,0.6485,"day,code,turnover_ratio,market_cap,circulating_market_cap,pe_ratio,pb_ratio"
2022-01-24,002936.XSHE,0.339,262.0175,186.237,8.1709,0.6465,"day,code,turnover_ratio,market_cap,circulating_market_cap,pe_ratio,pb_ratio"
2022-01-25,002936.XSHE,0.3614,257.0582,182.712,8.0163,0.6342,"day,code,turnover_ratio,market_cap,circulating_market_cap,pe_ratio,pb_ratio"
2022-01-26,002936.XSHE,0.25,257.0582,182.712,8.0163,0.6342,"day,code,turnover_ratio,market_cap,circulating_market_cap,pe_ratio,pb_ratio"
2022-01-27,002936.XSHE,0.3471,253.752,180.362,7.9132,0.6261,"day,code,turnover_ratio,market_cap,circulating_market_cap,pe_ratio,pb_ratio"
2022-01-28,002936.XSHE,0.2935,252.0989,179.187,7.8616,0.622,"day,code,turnover_ratio,market_cap,circulating_market_cap,pe_ratio,pb_ratio"
2022-02-07,002936.XSHE,0.3582,254.5786,180.9495,7.9389,0.6281,"day,code,turnover_ratio,market_cap,circulating_market_cap,pe_ratio,pb_ratio"
2022-02-08,002936.XSHE,0.5177,260.3644,185.062,8.1194,0.6424,"day,code,turnover_ratio,market_cap,circulating_market_cap,pe_ratio,pb_ratio"
2022-02-09,002936.XSHE,0.4187,261.191,185.6495,8.1451,0.6444,"day,code,turnover_ratio,market_cap,circulating_market_cap,pe_ratio,pb_ratio"
2022-02-10,002936.XSHE,0.3515,263.6706,187.412,8.2225,0.6505,"day,code,turnover_ratio,market_cap,circulating_market_cap,pe_ratio,pb_ratio"
2022-02-11,002936.XSHE,0.3448,262.8441,186.8245,8.1967,0.6485,"day,code,turnover_ratio,market_cap,circulating_market_cap,pe_ratio,pb_ratio"
2022-02-14,002936.XSHE,0.3467,261.191,185.6495,8.1451,0.6444,"day,code,turnover_ratio,market_cap,circulating_market_cap,pe_ratio,pb_ratio"
2022-02-15,002936.XSHE,0.2055,259.5379,184.4745,8.0936,0.6404,"day,code,turnover_ratio,market_cap,circulating_market_cap,pe_ratio,pb_ratio"
2022-02-16,002936.XSHE,0.1636,260.3644,185.062,8.1194,0.6424,"day,code,turnover_ratio,market_cap,circulating_market_cap,pe_ratio,pb_ratio"
2022-02-17,002936.XSHE,0.1738,260.3644,185.062,8.1194,0.6424,"day,code,turnover_ratio,market_cap,circulating_market_cap,pe_ratio,pb_ratio"
2022-02-18,002936.XSHE,0.228,262.8441,186.8245,8.1967,0.6485,"day,code,turnover_ratio,market_cap,circulating_market_cap,pe_ratio,pb_ratio"
2022-02-21,002936.XSHE,0.2962,262.0175,186.237,8.1709,0.6465,"day,code,turnover_ratio,market_cap,circulating_market_cap,pe_ratio,pb_ratio"
2022-02-22,002936.XSHE,0.2337,261.191,185.6495,8.1451,0.6444,"day,code,turnover_ratio,market_cap,circulating_market_cap,pe_ratio,pb_ratio"
2022-02-23,002936.XSHE,0.2209,259.5379,184.4745,8.0936,0.6404,"day,code,turnover_ratio,market_cap,circulating_market_cap,pe_ratio,pb_ratio"
2022-02-24,002936.XSHE,0.4349,257.0582,182.712,8.0163,0.6342,"day,code,turnover_ratio,market_cap,circulating_market_cap,pe_ratio,pb_ratio"
2022-02-25,002936.XSHE,0.2698,255.4051,181.537,7.9647,0.6302,"day,code,turnover_ratio,market_cap,circulating_market_cap,pe_ratio,pb_ratio"
2022-02-28,002936.XSHE,0.2217,254.5786,180.9495,7.9389,0.6281,"day,code,turnover_ratio,market_cap,circulating_market_cap,pe_ratio,pb_ratio"
2022-03-01,002936.XSHE,0.3264,255.4051,181.537,7.9647,0.6302,"day,code,turnover_ratio,market_cap,circulating_market_cap,pe_ratio,pb_ratio"
2022-03-02,002936.XSHE,0.1878,256.2317,182.1245,7.9905,0.6322,"day,code,turnover_ratio,market_cap,circulating_market_cap,pe_ratio,pb_ratio"
2022-03-03,002936.XSHE,0.3579,257.8848,183.2995,8.042,0.6363,"day,code,turnover_ratio,market_cap,circulating_market_cap,pe_ratio,pb_ratio"
2022-03-04,002936.XSHE,0.3396,256.2317,182.1245,7.9905,0.6322,"day,code,turnover_ratio,market_cap,circulating_market_cap,pe_ratio,pb_ratio"
2022-03-07,002936.XSHE,0.3104,254.5786,180.9495,7.9389,0.6281,"day,code,turnover_ratio,market_cap,circulating_market_cap,pe_ratio,pb_ratio"
2022-03-08,002936.XSHE,0.4868,247.9661,176.2495,7.7327,0.6118,"day,code,turnover_ratio,market_cap,circulating_market_cap,pe_ratio,pb_ratio"
2022-03-09,002936.XSHE,0.6378,240.5271,170.9621,7.5008,0.5934,"day,code,turnover_ratio,market_cap,circulating_market_cap,pe_ratio,pb_ratio"
2022-03-10,002936.XSHE,0.3741,240.5271,170.9621,7.5008,0.5934,"day,code,turnover_ratio,market_cap,circulating_market_cap,pe_ratio,pb_ratio"
2022-03-11,002936.XSHE,0.385,242.1803,172.1371,7.5523,0.5975,"day,code,turnover_ratio,market_cap,circulating_market_cap,pe_ratio,pb_ratio"
2022-03-14,002936.XSHE,0.2688,240.5271,170.9621,7.5008,0.5934,"day,code,turnover_ratio,market_cap,circulating_market_cap,pe_ratio,pb_ratio"
2022-03-15,002936.XSHE,0.4847,230.6085,163.9121,7.1914,0.569,"day,code,turnover_ratio,market_cap,circulating_market_cap,pe_ratio,pb_ratio"
2022-03-16,002936.XSHE,0.4425,236.3944,168.0246,7.3719,0.5832,"day,code,turnover_ratio,market_cap,circulating_market_cap,pe_ratio,pb_ratio"
2022-03-17,002936.XSHE,0.3461,236.3944,168.0246,7.3719,0.5832,"day,code,turnover_ratio,market_cap,circulating_market_cap,pe_ratio,pb_ratio"
2022-03-18,002936.XSHE,0.4377,238.874,169.7871,7.4492,0.5894,"day,code,turnover_ratio,market_cap,circulating_market_cap,pe_ratio,pb_ratio"
2022-03-21,002936.XSHE,0.4328,234.7413,166.8496,7.3203,0.5792,"day,code,turnover_ratio,market_cap,circulating_market_cap,pe_ratio,pb_ratio"
2022-03-22,002936.XSHE,0.3426,238.0475,169.1996,7.4234,0.5873,"day,code,turnover_ratio,market_cap,circulating_market_cap,pe_ratio,pb_ratio"
2022-03-23,002936.XSHE,0.2307,238.0475,169.1996,7.4234,0.5873,"day,code,turnover_ratio,market_cap,circulating_market_cap,pe_ratio,pb_ratio"
2022-03-24,002936.XSHE,0.1987,236.3944,168.0246,7.3719,0.5832,"day,code,turnover_ratio,market_cap,circulating_market_cap,pe_ratio,pb_ratio"
2022-03-25,002936.XSHE,0.1915,237.2209,168.6121,7.3976,0.5853,"day,code,turnover_ratio,market_cap,circulating_market_cap,pe_ratio,pb_ratio"
2022-03-28,002936.XSHE,0.3784,239.7006,170.3746,7.475,0.5914,"day,code,turnover_ratio,market_cap,circulating_market_cap,pe_ratio,pb_ratio"
2022-03-29,002936.XSHE,0.2894,238.874,169.7871,7.4492,0.5894,"day,code,turnover_ratio,market_cap,circulating_market_cap,pe_ratio,pb_ratio"
2022-03-30,002936.XSHE,0.2919,241.3537,171.5496,7.5265,0.5955,"day,code,turnover_ratio,market_cap,circulating_market_cap,pe_ratio,pb_ratio"
2022-03-31,002936.XSHE,0.5778,243.0068,172.7197,7.5323,0.6084,"day,code,turnover_ratio,market_cap,circulating_market_cap,pe_ratio,pb_ratio"
2022-04-01,002936.XSHE,0.6208,247.1396,175.6571,7.6604,0.6187,"day,code,turnover_ratio,market_cap,circulating_market_cap,pe_ratio,pb_ratio"
2022-04-06,002936.XSHE,0.9995,250.4458,178.007,7.7629,0.627,"day,code,turnover_ratio,market_cap,circulating_market_cap,pe_ratio,pb_ratio"
2022-04-07,002936.XSHE,0.6278,243.8334,173.3072,7.5579,0.6105,"day,code,turnover_ratio,market_cap,circulating_market_cap,pe_ratio,pb_ratio"
2022-04-08,002936.XSHE,0.4556,244.6599,173.8946,7.5836,0.6125,"day,code,turnover_ratio,market_cap,circulating_market_cap,pe_ratio,pb_ratio"
2022-04-11,002936.XSHE,0.5364,237.2209,168.6073,7.353,0.5939,"day,code,turnover_ratio,market_cap,circulating_market_cap,pe_ratio,pb_ratio"
2022-04-12,002936.XSHE,0.7237,245.4865,174.4821,7.6092,0.6146,"day,code,turnover_ratio,market_cap,circulating_market_cap,pe_ratio,pb_ratio"
2022-04-13,002936.XSHE,0.4144,243.0068,172.7197,7.5323,0.6084,"day,code,turnover_ratio,market_cap,circulating_market_cap,pe_ratio,pb_ratio"
2022-04-14,002936.XSHE,0.2769,243.8334,173.3072,7.5579,0.6105,"day,code,turnover_ratio,market_cap,circulating_market_cap,pe_ratio,pb_ratio"
2022-04-15,002936.XSHE,0.2819,243.0068,172.7197,7.5323,0.6084,"day,code,turnover_ratio,market_cap,circulating_market_cap,pe_ratio,pb_ratio"
2022-04-18,002936.XSHE,0.3114,238.0475,169.1948,7.3786,0.596,"day,code,turnover_ratio,market_cap,circulating_market_cap,pe_ratio,pb_ratio"
2022-04-19,002936.XSHE,0.1999,238.0475,169.1948,7.3786,0.596,"day,code,turnover_ratio,market_cap,circulating_market_cap,pe_ratio,pb_ratio"
2022-04-20,002936.XSHE,0.249,235.5678,167.4323,7.3017,0.5898,"day,code,turnover_ratio,market_cap,circulating_market_cap,pe_ratio,pb_ratio"
2022-04-21,002936.XSHE,0.3567,231.4351,164.4949,7.1736,0.5794,"day,code,turnover_ratio,market_cap,circulating_market_cap,pe_ratio,pb_ratio"
2022-04-22,002936.XSHE,0.2955,232.2616,165.0824,7.1992,0.5815,"day,code,turnover_ratio,market_cap,circulating_market_cap,pe_ratio,pb_ratio"
2022-04-25,002936.XSHE,0.5692,222.343,158.0326,6.8918,0.5567,"day,code,turnover_ratio,market_cap,circulating_market_cap,pe_ratio,pb_ratio"
2022-04-26,002936.XSHE,0.4407,218.2102,155.0952,6.7637,0.5463,"day,code,turnover_ratio,market_cap,circulating_market_cap,pe_ratio,pb_ratio"
2022-04-27,002936.XSHE,0.3759,219.8633,156.2702,6.8149,0.5505,"day,code,turnover_ratio,market_cap,circulating_market_cap,pe_ratio,pb_ratio"
2022-04-28,002936.XSHE,0.6605,215.7305,153.3328,6.6868,0.5401,"day,code,turnover_ratio,market_cap,circulating_market_cap,pe_ratio,pb_ratio"
2022-04-29,002936.XSHE,0.8691,219.0367,155.6827,6.7038,0.532,"day,code,turnover_ratio,market_cap,circulating_market_cap,pe_ratio,pb_ratio"
2022-05-05,002936.XSHE,0.4739,219.8633,156.2702,6.7291,0.534,"day,code,turnover_ratio,market_cap,circulating_market_cap,pe_ratio,pb_ratio"
2022-05-06,002936.XSHE,0.3064,214.904,152.7453,6.5773,0.5219,"day,code,turnover_ratio,market_cap,circulating_market_cap,pe_ratio,pb_ratio"
2022-05-09,002936.XSHE,0.2439,215.7305,153.3328,6.6026,0.5239,"day,code,turnover_ratio,market_cap,circulating_market_cap,pe_ratio,pb_ratio"
2022-05-10,002936.XSHE,0.3798,217.3836,154.5077,6.6532,0.5279,"day,code,turnover_ratio,market_cap,circulating_market_cap,pe_ratio,pb_ratio"
2022-05-11,002936.XSHE,0.4131,219.8633,156.2702,6.7291,0.534,"day,code,turnover_ratio,market_cap,circulating_market_cap,pe_ratio,pb_ratio"
2022-05-12,002936.XSHE,0.2619,218.2102,155.0952,6.6785,0.53,"day,code,turnover_ratio,market_cap,circulating_market_cap,pe_ratio,pb_ratio"
2022-05-13,002936.XSHE,0.2822,219.8633,156.2702,6.7291,0.534,"day,code,turnover_ratio,market_cap,circulating_market_cap,pe_ratio,pb_ratio"
2022-05-16,002936.XSHE,0.3249,219.0367,155.6827,6.7038,0.532,"day,code,turnover_ratio,market_cap,circulating_market_cap,pe_ratio,pb_ratio"
2022-05-17,002936.XSHE,0.1931,217.3836,154.5077,6.6532,0.5279,"day,code,turnover_ratio,market_cap,circulating_market_cap,pe_ratio,pb_ratio"
2022-05-18,002936.XSHE,0.1891,217.3836,154.5077,6.6532,0.5279,"day,code,turnover_ratio,market_cap,circulating_market_cap,pe_ratio,pb_ratio"
2022-05-19,002936.XSHE,0.3197,219.0367,155.6827,6.7038,0.532,"day,code,turnover_ratio,market_cap,circulating_market_cap,pe_ratio,pb_ratio"
2022-05-20,002936.XSHE,0.3051,220.6899,156.8577,6.7544,0.536,"day,code,turnover_ratio,market_cap,circulating_market_cap,pe_ratio,pb_ratio"
2022-05-23,002936.XSHE,0.2611,219.0367,155.6827,6.7038,0.532,"day,code,turnover_ratio,market_cap,circulating_market_cap,pe_ratio,pb_ratio"
2022-05-24,002936.XSHE,0.4053,215.7305,153.3328,6.6026,0.5239,"day,code,turnover_ratio,market_cap,circulating_market_cap,pe_ratio,pb_ratio"
2022-05-25,002936.XSHE,0.2305,216.5571,153.919,6.6279,0.5259,"day,code,turnover_ratio,market_cap,circulating_market_cap,pe_ratio,pb_ratio"
2022-05-26,002936.XSHE,0.4204,219.0367,155.6814,6.7038,0.532,"day,code,turnover_ratio,market_cap,circulating_market_cap,pe_ratio,pb_ratio"
2022-05-27,002936.XSHE,0.2634,217.3836,159.8685,6.6532,0.5279,"day,code,turnover_ratio,market_cap,circulating_market_cap,pe_ratio,pb_ratio"
2022-05-30,002936.XSHE,0.2572,217.3836,159.8685,6.6532,0.5279,"day,code,turnover_ratio,market_cap,circulating_market_cap,pe_ratio,pb_ratio"
2022-05-31,002936.XSHE,0.3869,219.0367,161.0842,6.7038,0.532,"day,code,turnover_ratio,market_cap,circulating_market_cap,pe_ratio,pb_ratio"
2022-06-01,002936.XSHE,0.2872,219.0367,161.0842,6.7038,0.532,"day,code,turnover_ratio,market_cap,circulating_market_cap,pe_ratio,pb_ratio"
2022-06-02,002936.XSHE,0.3181,220.6899,162.3,6.7544,0.536,"day,code,turnover_ratio,market_cap,circulating_market_cap,pe_ratio,pb_ratio"
2022-06-06,002936.XSHE,0.4272,222.343,163.5157,6.805,0.54,"day,code,turnover_ratio,market_cap,circulating_market_cap,pe_ratio,pb_ratio"
2022-06-07,002936.XSHE,0.4212,221.5164,162.9078,6.7797,0.538,"day,code,turnover_ratio,market_cap,circulating_market_cap,pe_ratio,pb_ratio"
2022-06-08,002936.XSHE,0.4151,221.5164,162.9078,6.7797,0.538,"day,code,turnover_ratio,market_cap,circulating_market_cap,pe_ratio,pb_ratio"
2022-06-09,002936.XSHE,0.4593,221.5164,162.9078,6.7797,0.538,"day,code,turnover_ratio,market_cap,circulating_market_cap,pe_ratio,pb_ratio"
2022-06-10,002936.XSHE,0.65,224.8226,165.3393,6.8809,0.546,"day,code,turnover_ratio,market_cap,circulating_market_cap,pe_ratio,pb_ratio"
2022-06-13,002936.XSHE,0.4469,221.5164,162.9078,6.7797,0.538,"day,code,turnover_ratio,market_cap,circulating_market_cap,pe_ratio,pb_ratio"
2022-06-14,002936.XSHE,0.5491,226.4757,166.555,6.9315,0.55,"day,code,turnover_ratio,market_cap,circulating_market_cap,pe_ratio,pb_ratio"
2022-06-15,002936.XSHE,1.1377,230.6085,169.5944,7.0579,0.5601,"day,code,turnover_ratio,market_cap,circulating_market_cap,pe_ratio,pb_ratio"
2022-06-16,002936.XSHE,0.613,226.4757,166.555,6.9315,0.55,"day,code,turnover_ratio,market_cap,circulating_market_cap,pe_ratio,pb_ratio"
2022-06-17,002936.XSHE,0.4203,226.4757,166.555,6.9315,0.55,"day,code,turnover_ratio,market_cap,circulating_market_cap,pe_ratio,pb_ratio"
2022-06-20,002936.XSHE,0.3307,223.1695,164.1236,6.8303,0.542,"day,code,turnover_ratio,market_cap,circulating_market_cap,pe_ratio,pb_ratio"
2022-06-21,002936.XSHE,0.4322,223.9961,164.7314,6.8556,0.544,"day,code,turnover_ratio,market_cap,circulating_market_cap,pe_ratio,pb_ratio"
2022-06-22,002936.XSHE,0.3314,221.5164,162.9078,6.7797,0.538,"day,code,turnover_ratio,market_cap,circulating_market_cap,pe_ratio,pb_ratio"
2022-06-23,002936.XSHE,0.2834,222.343,163.5157,6.805,0.54,"day,code,turnover_ratio,market_cap,circulating_market_cap,pe_ratio,pb_ratio"
2022-06-24,002936.XSHE,0.3459,222.343,163.5157,6.805,0.54,"day,code,turnover_ratio,market_cap,circulating_market_cap,pe_ratio,pb_ratio"
2022-06-27,002936.XSHE,0.3162,222.343,163.5157,6.805,0.54,"day,code,turnover_ratio,market_cap,circulating_market_cap,pe_ratio,pb_ratio"
2022-06-28,002936.XSHE,0.2747,223.1695,164.1236,6.8303,0.542,"day,code,turnover_ratio,market_cap,circulating_market_cap,pe_ratio,pb_ratio"
2022-06-29,002936.XSHE,0.3234,223.1695,164.1236,6.8303,0.542,"day,code,turnover_ratio,market_cap,circulating_market_cap,pe_ratio,pb_ratio"
2022-06-30,002936.XSHE,0.3093,222.343,163.5157,6.805,0.54,"day,code,turnover_ratio,market_cap,circulating_market_cap,pe_ratio,pb_ratio"
2022-07-01,002936.XSHE,0.1881,221.5164,162.9078,6.7797,0.538,"day,code,turnover_ratio,market_cap,circulating_market_cap,pe_ratio,pb_ratio"
2022-07-04,002936.XSHE,0.323,219.8633,161.6921,6.7291,0.534,"day,code,turnover_ratio,market_cap,circulating_market_cap,pe_ratio,pb_ratio"
2022-07-05,002936.XSHE,0.3278,219.8633,161.6921,6.7291,0.534,"day,code,turnover_ratio,market_cap,circulating_market_cap,pe_ratio,pb_ratio"
2022-07-06,002936.XSHE,0.3173,217.3836,159.8685,6.6532,0.5279,"day,code,turnover_ratio,market_cap,circulating_market_cap,pe_ratio,pb_ratio"
2022-07-07,002936.XSHE,0.2589,218.2102,160.4764,6.6785,0.53,"day,code,turnover_ratio,market_cap,circulating_market_cap,pe_ratio,pb_ratio"
2022-07-08,002936.XSHE,0.1692,218.2102,160.4764,6.6785,0.53,"day,code,turnover_ratio,market_cap,circulating_market_cap,pe_ratio,pb_ratio"
2022-07-11,002936.XSHE,0.2341,218.2102,160.4764,6.6785,0.53,"day,code,turnover_ratio,market_cap,circulating_market_cap,pe_ratio,pb_ratio"
2022-07-12,002936.XSHE,0.4457,219.8633,161.6921,6.7291,0.534,"day,code,turnover_ratio,market_cap,circulating_market_cap,pe_ratio,pb_ratio"
2022-07-13,002936.XSHE,0.2416,219.0367,161.0842,6.7038,0.532,"day,code,turnover_ratio,market_cap,circulating_market_cap,pe_ratio,pb_ratio"
2022-07-14,002936.XSHE,0.3212,217.3836,159.8685,6.6532,0.5279,"day,code,turnover_ratio,market_cap,circulating_market_cap,pe_ratio,pb_ratio"
2022-07-15,002936.XSHE,0.3127,214.0774,157.4371,6.552,0.5199,"day,code,turnover_ratio,market_cap,circulating_market_cap,pe_ratio,pb_ratio"
2022-07-18,002936.XSHE,0.411,216.5571,159.2607,6.6279,0.5259,"day,code,turnover_ratio,market_cap,circulating_market_cap,pe_ratio,pb_ratio"
2022-07-19,002936.XSHE,0.3601,217.3836,159.8685,6.6532,0.5279,"day,code,turnover_ratio,market_cap,circulating_market_cap,pe_ratio,pb_ratio"
2022-07-20,002936.XSHE,0.2227,217.3836,159.8685,6.6532,0.5279,"day,code,turnover_ratio,market_cap,circulating_market_cap,pe_ratio,pb_ratio"
2022-07-21,002936.XSHE,0.2671,215.7305,158.6528,6.6026,0.5239,"day,code,turnover_ratio,market_cap,circulating_market_cap,pe_ratio,pb_ratio"
2022-07-22,002936.XSHE,0.2951,214.904,158.0449,6.5773,0.5219,"day,code,turnover_ratio,market_cap,circulating_market_cap,pe_ratio,pb_ratio"
2022-07-25,002936.XSHE,0.3384,214.0774,157.4371,6.552,0.5199,"day,code,turnover_ratio,market_cap,circulating_market_cap,pe_ratio,pb_ratio"
2022-07-26,002936.XSHE,0.3051,215.7305,158.6528,6.6026,0.5239,"day,code,turnover_ratio,market_cap,circulating_market_cap,pe_ratio,pb_ratio"
2022-07-27,002936.XSHE,0.2114,215.7305,158.6528,6.6026,0.5239,"day,code,turnover_ratio,market_cap,circulating_market_cap,pe_ratio,pb_ratio"
2022-07-28,002936.XSHE,0.2527,215.7305,158.6528,6.6026,0.5239,"day,code,turnover_ratio,market_cap,circulating_market_cap,pe_ratio,pb_ratio"
2022-07-29,002936.XSHE,0.2453,214.0774,157.4371,6.552,0.5199,"day,code,turnover_ratio,market_cap,circulating_market_cap,pe_ratio,pb_ratio"
2022-08-01,002936.XSHE,0.2879,212.4243,156.2213,6.5014,0.5159,"day,code,turnover_ratio,market_cap,circulating_market_cap,pe_ratio,pb_ratio"
2022-08-02,002936.XSHE,0.7336,206.6384,151.9663,6.3243,0.5018,"day,code,turnover_ratio,market_cap,circulating_market_cap,pe_ratio,pb_ratio"
2022-08-03,002936.XSHE,0.2453,204.9853,150.7505,6.2737,0.4978,"day,code,turnover_ratio,market_cap,circulating_market_cap,pe_ratio,pb_ratio"
2022-08-04,002936.XSHE,0.2294,205.8119,151.3584,6.299,0.4998,"day,code,turnover_ratio,market_cap,circulating_market_cap,pe_ratio,pb_ratio"
2022-08-05,002936.XSHE,0.2357,207.465,152.5741,6.3496,0.5039,"day,code,turnover_ratio,market_cap,circulating_market_cap,pe_ratio,pb_ratio"
2022-08-08,002936.XSHE,0.2582,207.465,152.5741,6.3496,0.5039,"day,code,turnover_ratio,market_cap,circulating_market_cap,pe_ratio,pb_ratio"
2022-08-09,002936.XSHE,0.1516,206.6384,151.9663,6.3243,0.5018,"day,code,turnover_ratio,market_cap,circulating_market_cap,pe_ratio,pb_ratio"
2022-08-10,002936.XSHE,0.1429,205.8119,151.3584,6.299,0.4998,"day,code,turnover_ratio,market_cap,circulating_market_cap,pe_ratio,pb_ratio"
2022-08-11,002936.XSHE,0.3471,209.9447,154.3977,6.4255,0.5099,"day,code,turnover_ratio,market_cap,circulating_market_cap,pe_ratio,pb_ratio"
2022-08-12,002936.XSHE,0.2921,209.9447,154.3977,6.4255,0.5099,"day,code,turnover_ratio,market_cap,circulating_market_cap,pe_ratio,pb_ratio"
2022-08-15,002936.XSHE,0.2294,209.1181,153.7899,6.4002,0.5079,"day,code,turnover_ratio,market_cap,circulating_market_cap,pe_ratio,pb_ratio"
2022-08-16,002936.XSHE,0.2302,209.1181,153.7899,6.4002,0.5079,"day,code,turnover_ratio,market_cap,circulating_market_cap,pe_ratio,pb_ratio"
2022-08-17,002936.XSHE,0.2508,209.9447,154.3977,6.4255,0.5099,"day,code,turnover_ratio,market_cap,circulating_market_cap,pe_ratio,pb_ratio"
2022-08-18,002936.XSHE,0.2117,209.1181,153.7899,6.4002,0.5079,"day,code,turnover_ratio,market_cap,circulating_market_cap,pe_ratio,pb_ratio"
2022-08-19,002936.XSHE,0.2186,209.1181,153.7899,6.4002,0.5079,"day,code,turnover_ratio,market_cap,circulating_market_cap,pe_ratio,pb_ratio"
2022-08-22,002936.XSHE,0.2494,209.1181,153.7899,6.4002,0.5079,"day,code,turnover_ratio,market_cap,circulating_market_cap,pe_ratio,pb_ratio"
2022-08-23,002936.XSHE,0.2262,208.2915,153.182,6.3749,0.5059,"day,code,turnover_ratio,market_cap,circulating_market_cap,pe_ratio,pb_ratio"
2022-08-24,002936.XSHE,0.2825,204.9853,150.7505,6.2737,0.4978,"day,code,turnover_ratio,market_cap,circulating_market_cap,pe_ratio,pb_ratio"
2022-08-25,002936.XSHE,0.2313,205.8119,151.3584,6.299,0.4998,"day,code,turnover_ratio,market_cap,circulating_market_cap,pe_ratio,pb_ratio"
2022-08-26,002936.XSHE,0.1879,205.8119,151.3584,6.299,0.4998,"day,code,turnover_ratio,market_cap,circulating_market_cap,pe_ratio,pb_ratio"
2022-08-29,002936.XSHE,0.3376,207.465,152.5741,6.3496,0.5039,"day,code,turnover_ratio,market_cap,circulating_market_cap,pe_ratio,pb_ratio"
2022-08-30,002936.XSHE,0.3878,210.7712,155.0056,6.4508,0.5119,"day,code,turnover_ratio,market_cap,circulating_market_cap,pe_ratio,pb_ratio"
2022-08-31,002936.XSHE,0.4467,211.5978,155.6127,6.4055,0.4969,"day,code,turnover_ratio,market_cap,circulating_market_cap,pe_ratio,pb_ratio"
2022-09-01,002936.XSHE,0.2663,210.7712,155.0048,6.3805,0.495,"day,code,turnover_ratio,market_cap,circulating_market_cap,pe_ratio,pb_ratio"
2022-09-02,002936.XSHE,0.2899,210.7712,155.0048,6.3805,0.495,"day,code,turnover_ratio,market_cap,circulating_market_cap,pe_ratio,pb_ratio"
2022-09-05,002936.XSHE,0.2298,211.5978,155.6127,6.4055,0.4969,"day,code,turnover_ratio,market_cap,circulating_market_cap,pe_ratio,pb_ratio"
2022-09-06,002936.XSHE,0.3066,210.7712,155.0048,6.3805,0.495,"day,code,turnover_ratio,market_cap,circulating_market_cap,pe_ratio,pb_ratio"
2022-09-07,002936.XSHE,0.3816,209.9447,154.3969,6.3554,0.4931,"day,code,turnover_ratio,market_cap,circulating_market_cap,pe_ratio,pb_ratio"
2022-09-08,002936.XSHE,0.2356,209.9447,154.3969,6.3554,0.4931,"day,code,turnover_ratio,market_cap,circulating_market_cap,pe_ratio,pb_ratio"
2022-09-09,002936.XSHE,0.4403,211.5978,155.6127,6.4055,0.4969,"day,code,turnover_ratio,market_cap,circulating_market_cap,pe_ratio,pb_ratio"
2022-09-13,002936.XSHE,0.3283,211.5978,155.6127,6.4055,0.4969,"day,code,turnover_ratio,market_cap,circulating_market_cap,pe_ratio,pb_ratio"
2022-09-14,002936.XSHE,0.2638,209.9447,154.3969,6.3554,0.4931,"day,code,turnover_ratio,market_cap,circulating_market_cap,pe_ratio,pb_ratio"
2022-09-15,002936.XSHE,0.4803,209.9447,154.3969,6.3554,0.4931,"day,code,turnover_ratio,market_cap,circulating_market_cap,pe_ratio,pb_ratio"
2022-09-16,002936.XSHE,0.4757,204.1588,150.1419,6.1803,0.4795,"day,code,turnover_ratio,market_cap,circulating_market_cap,pe_ratio,pb_ratio"
2022-09-19,002936.XSHE,0.4041,204.1588,150.2924,6.1803,0.4795,"day,code,turnover_ratio,market_cap,circulating_market_cap,pe_ratio,pb_ratio"
2022-09-20,002936.XSHE,0.3476,200.8526,147.8585,6.0802,0.4717,"day,code,turnover_ratio,market_cap,circulating_market_cap,pe_ratio,pb_ratio"
2022-09-21,002936.XSHE,0.4933,204.1588,150.2924,6.1803,0.4795,"day,code,turnover_ratio,market_cap,circulating_market_cap,pe_ratio,pb_ratio"
2022-09-22,002936.XSHE,0.3103,203.3322,149.6839,6.1553,0.4775,"day,code,turnover_ratio,market_cap,circulating_market_cap,pe_ratio,pb_ratio"
2022-09-23,002936.XSHE,0.338,204.9853,150.9009,6.2053,0.4814,"day,code,turnover_ratio,market_cap,circulating_market_cap,pe_ratio,pb_ratio"
2022-09-26,002936.XSHE,0.5395,197.5463,145.4246,5.9801,0.4639,"day,code,turnover_ratio,market_cap,circulating_market_cap,pe_ratio,pb_ratio"
2022-09-27,002936.XSHE,0.259,200.026,147.2501,6.0552,0.4698,"day,code,turnover_ratio,market_cap,circulating_market_cap,pe_ratio,pb_ratio"
2022-09-28,002936.XSHE,0.3895,199.1995,146.6416,6.0302,0.4678,"day,code,turnover_ratio,market_cap,circulating_market_cap,pe_ratio,pb_ratio"
2022-09-29,002936.XSHE,0.3705,195.8932,144.2077,5.9301,0.4601,"day,code,turnover_ratio,market_cap,circulating_market_cap,pe_ratio,pb_ratio"
2022-09-30,002936.XSHE,0.3593,197.5463,145.4246,5.9801,0.4639,"day,code,turnover_ratio,market_cap,circulating_market_cap,pe_ratio,pb_ratio"
2022-10-10,002936.XSHE,0.3147,198.3729,146.0331,6.0051,0.4659,"day,code,turnover_ratio,market_cap,circulating_market_cap,pe_ratio,pb_ratio"
2022-10-11,002936.XSHE,0.5267,202.5057,149.0755,6.1302,0.4756,"day,code,turnover_ratio,market_cap,circulating_market_cap,pe_ratio,pb_ratio"
2022-10-12,002936.XSHE,0.3569,203.3322,149.6839,6.1553,0.4775,"day,code,turnover_ratio,market_cap,circulating_market_cap,pe_ratio,pb_ratio"
2022-10-13,002936.XSHE,0.3164,201.6791,148.467,6.1052,0.4736,"day,code,turnover_ratio,market_cap,circulating_market_cap,pe_ratio,pb_ratio"
2022-10-14,002936.XSHE,0.3356,202.5057,149.0755,6.1302,0.4756,"day,code,turnover_ratio,market_cap,circulating_market_cap,pe_ratio,pb_ratio"
2022-10-17,002936.XSHE,0.256,201.6791,148.467,6.1052,0.4736,"day,code,turnover_ratio,market_cap,circulating_market_cap,pe_ratio,pb_ratio"
2022-10-18,002936.XSHE,0.2879,200.8526,147.8585,6.0802,0.4717,"day,code,turnover_ratio,market_cap,circulating_market_cap,pe_ratio,pb_ratio"
2022-10-19,002936.XSHE,0.2741,198.3729,146.0331,6.0051,0.4659,"day,code,turnover_ratio,market_cap,circulating_market_cap,pe_ratio,pb_ratio"
2022-10-20,002936.XSHE,0.2729,197.5463,145.4246,5.9801,0.4639,"day,code,turnover_ratio,market_cap,circulating_market_cap,pe_ratio,pb_ratio"
2022-10-21,002936.XSHE,0.2421,198.3729,146.0331,6.0051,0.4659,"day,code,turnover_ratio,market_cap,circulating_market_cap,pe_ratio,pb_ratio"
2022-10-24,002936.XSHE,0.4889,197.5463,145.4246,5.9801,0.4639,"day,code,turnover_ratio,market_cap,circulating_market_cap,pe_ratio,pb_ratio"
2022-10-25,002936.XSHE,0.4389,193.4136,142.3823,5.855,0.4542,"day,code,turnover_ratio,market_cap,circulating_market_cap,pe_ratio,pb_ratio"
2022-10-26,002936.XSHE,0.3707,193.4136,142.3823,5.855,0.4542,"day,code,turnover_ratio,market_cap,circulating_market_cap,pe_ratio,pb_ratio"
2022-10-27,002936.XSHE,0.2854,193.4136,142.3823,5.855,0.4542,"day,code,turnover_ratio,market_cap,circulating_market_cap,pe_ratio,pb_ratio"
2022-10-28,002936.XSHE,0.3958,190.1074,139.9484,5.7549,0.4465,"day,code,turnover_ratio,market_cap,circulating_market_cap,pe_ratio,pb_ratio"
2022-10-31,002936.XSHE,0.5093,188.4543,138.7315,5.7145,0.4327,"day,code,turnover_ratio,market_cap,circulating_market_cap,pe_ratio,pb_ratio"
2022-11-01,002936.XSHE,0.5574,192.587,141.7738,5.8398,0.4422,"day,code,turnover_ratio,market_cap,circulating_market_cap,pe_ratio,pb_ratio"
2022-11-02,002936.XSHE,0.2906,192.587,141.7738,5.8398,0.4422,"day,code,turnover_ratio,market_cap,circulating_market_cap,pe_ratio,pb_ratio"
2022-11-03,002936.XSHE,0.232,190.1074,139.9484,5.7646,0.4365,"day,code,turnover_ratio,market_cap,circulating_market_cap,pe_ratio,pb_ratio"
2022-11-04,002936.XSHE,0.2943,192.587,141.7738,5.8398,0.4422,"day,code,turnover_ratio,market_cap,circulating_market_cap,pe_ratio,pb_ratio"
2022-11-07,002936.XSHE,0.3412,193.4136,142.3823,5.8649,0.4441,"day,code,turnover_ratio,market_cap,circulating_market_cap,pe_ratio,pb_ratio"
2022-11-08,002936.XSHE,0.1966,192.587,141.7738,5.8398,0.4422,"day,code,turnover_ratio,market_cap,circulating_market_cap,pe_ratio,pb_ratio"
2022-11-09,002936.XSHE,0.4563,193.4136,142.3823,5.8649,0.4441,"day,code,turnover_ratio,market_cap,circulating_market_cap,pe_ratio,pb_ratio"
2022-11-10,002936.XSHE,0.321,193.4136,142.3823,5.8649,0.4441,"day,code,turnover_ratio,market_cap,circulating_market_cap,pe_ratio,pb_ratio"
2022-11-11,002936.XSHE,0.8563,197.5463,145.4246,5.9902,0.4536,"day,code,turnover_ratio,market_cap,circulating_market_cap,pe_ratio,pb_ratio"
2022-11-14,002936.XSHE,0.7651,198.3729,146.0331,6.0153,0.4555,"day,code,turnover_ratio,market_cap,circulating_market_cap,pe_ratio,pb_ratio"
2022-11-15,002936.XSHE,0.6725,199.1995,146.6416,6.0403,0.4574,"day,code,turnover_ratio,market_cap,circulating_market_cap,pe_ratio,pb_ratio"
2022-11-16,002936.XSHE,0.3982,197.5463,145.4246,5.9902,0.4536,"day,code,turnover_ratio,market_cap,circulating_market_cap,pe_ratio,pb_ratio"
2022-11-17,002936.XSHE,0.3277,197.5463,145.4246,5.9902,0.4536,"day,code,turnover_ratio,market_cap,circulating_market_cap,pe_ratio,pb_ratio"
2022-11-18,002936.XSHE,0.5867,196.7198,144.8162,5.9651,0.4517,"day,code,turnover_ratio,market_cap,circulating_market_cap,pe_ratio,pb_ratio"
2022-11-21,002936.XSHE,0.3365,195.8932,144.2077,5.9401,0.4498,"day,code,turnover_ratio,market_cap,circulating_market_cap,pe_ratio,pb_ratio"
2022-11-22,002936.XSHE,0.5569,197.5463,145.4246,5.9902,0.4536,"day,code,turnover_ratio,market_cap,circulating_market_cap,pe_ratio,pb_ratio"
2022-11-23,002936.XSHE,0.5501,198.3729,146.0331,6.0153,0.4555,"day,code,turnover_ratio,market_cap,circulating_market_cap,pe_ratio,pb_ratio"
2022-11-24,002936.XSHE,0.2678,197.5463,145.4246,5.9902,0.4536,"day,code,turnover_ratio,market_cap,circulating_market_cap,pe_ratio,pb_ratio"
2022-11-25,002936.XSHE,1.2118,204.1588,150.2924,6.1907,0.4688,"day,code,turnover_ratio,market_cap,circulating_market_cap,pe_ratio,pb_ratio"
2022-11-28,002936.XSHE,0.8033,200.8526,147.8585,6.0905,0.4612,"day,code,turnover_ratio,market_cap,circulating_market_cap,pe_ratio,pb_ratio"
2022-11-29,002936.XSHE,1.5003,207.465,152.7263,6.291,0.4764,"day,code,turnover_ratio,market_cap,circulating_market_cap,pe_ratio,pb_ratio"
2022-11-30,002936.XSHE,0.6495,204.9853,150.9009,6.2158,0.4707,"day,code,turnover_ratio,market_cap,circulating_market_cap,pe_ratio,pb_ratio"
2022-12-01,002936.XSHE,0.835,203.3322,149.6839,6.1657,0.4669,"day,code,turnover_ratio,market_cap,circulating_market_cap,pe_ratio,pb_ratio"
2022-12-02,002936.XSHE,0.4732,202.5057,149.0755,6.1406,0.465,"day,code,turnover_ratio,market_cap,circulating_market_cap,pe_ratio,pb_ratio"
2022-12-05,002936.XSHE,0.8237,205.8119,151.5094,6.2408,0.4726,"day,code,turnover_ratio,market_cap,circulating_market_cap,pe_ratio,pb_ratio"
2022-12-06,002936.XSHE,0.4889,204.9853,150.9009,6.2158,0.4707,"day,code,turnover_ratio,market_cap,circulating_market_cap,pe_ratio,pb_ratio"
2022-12-07,002936.XSHE,0.5475,203.3322,149.6839,6.1657,0.4669,"day,code,turnover_ratio,market_cap,circulating_market_cap,pe_ratio,pb_ratio"
2022-12-08,002936.XSHE,0.5028,204.9853,150.9009,6.2158,0.4707,"day,code,turnover_ratio,market_cap,circulating_market_cap,pe_ratio,pb_ratio"
2022-12-09,002936.XSHE,0.6044,204.9853,150.9009,6.2158,0.4707,"day,code,turnover_ratio,market_cap,circulating_market_cap,pe_ratio,pb_ratio"
2022-12-12,002936.XSHE,0.5575,202.5057,149.0755,6.1406,0.465,"day,code,turnover_ratio,market_cap,circulating_market_cap,pe_ratio,pb_ratio"
2022-12-13,002936.XSHE,0.4567,204.1588,150.2924,6.1907,0.4688,"day,code,turnover_ratio,market_cap,circulating_market_cap,pe_ratio,pb_ratio"
2022-12-14,002936.XSHE,0.3001,202.5057,149.0755,6.1406,0.465,"day,code,turnover_ratio,market_cap,circulating_market_cap,pe_ratio,pb_ratio"
2022-12-15,002936.XSHE,0.6524,199.1995,146.6416,6.0403,0.4574,"day,code,turnover_ratio,market_cap,circulating_market_cap,pe_ratio,pb_ratio"
2022-12-16,002936.XSHE,0.7701,203.3322,149.6839,6.1657,0.4669,"day,code,turnover_ratio,market_cap,circulating_market_cap,pe_ratio,pb_ratio"
2022-12-19,002936.XSHE,0.5569,197.5463,145.4246,5.9902,0.4536,"day,code,turnover_ratio,market_cap,circulating_market_cap,pe_ratio,pb_ratio"
2022-12-20,002936.XSHE,0.4496,196.7198,144.8162,5.9651,0.4517,"day,code,turnover_ratio,market_cap,circulating_market_cap,pe_ratio,pb_ratio"
2022-12-21,002936.XSHE,0.346,195.8932,144.2077,5.9401,0.4498,"day,code,turnover_ratio,market_cap,circulating_market_cap,pe_ratio,pb_ratio"
2022-12-22,002936.XSHE,0.3636,195.0667,143.5992,5.915,0.4479,"day,code,turnover_ratio,market_cap,circulating_market_cap,pe_ratio,pb_ratio"
2022-12-23,002936.XSHE,0.307,194.2401,142.9908,5.89,0.446,"day,code,turnover_ratio,market_cap,circulating_market_cap,pe_ratio,pb_ratio"
2022-12-26,002936.XSHE,0.3705,192.587,141.7738,5.8398,0.4422,"day,code,turnover_ratio,market_cap,circulating_market_cap,pe_ratio,pb_ratio"
2022-12-27,002936.XSHE,0.2953,194.2401,142.9908,5.89,0.446,"day,code,turnover_ratio,market_cap,circulating_market_cap,pe_ratio,pb_ratio"
2022-12-28,002936.XSHE,0.4153,195.0667,143.5992,5.915,0.4479,"day,code,turnover_ratio,market_cap,circulating_market_cap,pe_ratio,pb_ratio"
2022-12-29,002936.XSHE,0.2589,194.2401,142.9908,5.89,0.446,"day,code,turnover_ratio,market_cap,circulating_market_cap,pe_ratio,pb_ratio"
2022-12-30,002936.XSHE,0.3083,194.2401,142.9908,5.89,0.446,"day,code,turnover_ratio,market_cap,circulating_market_cap,pe_ratio,pb_ratio"
2023-01-03,002936.XSHE,0.3963,195.8932,144.2077,5.9401,0.4498,"day,code,turnover_ratio,market_cap,circulating_market_cap,pe_ratio,pb_ratio"
2023-01-04,002936.XSHE,0.6056,200.026,147.2501,6.0654,0.4593,"day,code,turnover_ratio,market_cap,circulating_market_cap,pe_ratio,pb_ratio"
2023-01-05,002936.XSHE,0.3404,198.3729,146.0331,6.0153,0.4555,"day,code,turnover_ratio,market_cap,circulating_market_cap,pe_ratio,pb_ratio"
2023-01-06,002936.XSHE,0.32,196.7198,144.8162,5.9651,0.4517,"day,code,turnover_ratio,market_cap,circulating_market_cap,pe_ratio,pb_ratio"
2023-01-09,002936.XSHE,0.3194,196.7198,144.8162,5.9651,0.4517,"day,code,turnover_ratio,market_cap,circulating_market_cap,pe_ratio,pb_ratio"
2023-01-10,002936.XSHE,0.3834,195.0667,143.5992,5.915,0.4479,"day,code,turnover_ratio,market_cap,circulating_market_cap,pe_ratio,pb_ratio"
2023-01-11,002936.XSHE,0.381,195.0667,143.5992,5.915,0.4479,"day,code,turnover_ratio,market_cap,circulating_market_cap,pe_ratio,pb_ratio"
2023-01-12,002936.XSHE,0.3262,195.0667,143.5992,5.915,0.4479,"day,code,turnover_ratio,market_cap,circulating_market_cap,pe_ratio,pb_ratio"
2023-01-13,002936.XSHE,0.3936,197.5463,145.4246,5.9902,0.4536,"day,code,turnover_ratio,market_cap,circulating_market_cap,pe_ratio,pb_ratio"
2023-01-16,002936.XSHE,0.5684,198.3729,146.0331,6.0153,0.4555,"day,code,turnover_ratio,market_cap,circulating_market_cap,pe_ratio,pb_ratio"
2023-01-17,002936.XSHE,0.3189,199.1995,146.6416,6.0403,0.4574,"day,code,turnover_ratio,market_cap,circulating_market_cap,pe_ratio,pb_ratio"
2023-01-18,002936.XSHE,0.493,200.026,147.2501,6.0654,0.4593,"day,code,turnover_ratio,market_cap,circulating_market_cap,pe_ratio,pb_ratio"
2023-01-19,002936.XSHE,0.3701,200.8526,147.8585,6.0905,0.4612,"day,code,turnover_ratio,market_cap,circulating_market_cap,pe_ratio,pb_ratio"
2023-01-20,002936.XSHE,0.3302,201.6791,148.467,6.1155,0.4631,"day,code,turnover_ratio,market_cap,circulating_market_cap,pe_ratio,pb_ratio"
2023-01-30,002936.XSHE,0.5949,200.8526,147.8585,6.0905,0.4612,"day,code,turnover_ratio,market_cap,circulating_market_cap,pe_ratio,pb_ratio"
2023-01-31,002936.XSHE,0.3127,200.026,147.2501,6.0654,0.4593,"day,code,turnover_ratio,market_cap,circulating_market_cap,pe_ratio,pb_ratio"
2023-02-01,002936.XSHE,0.427,200.8526,147.8585,6.0905,0.4612,"day,code,turnover_ratio,market_cap,circulating_market_cap,pe_ratio,pb_ratio"
2023-02-02,002936.XSHE,0.3344,200.026,147.2501,6.0654,0.4593,"day,code,turnover_ratio,market_cap,circulating_market_cap,pe_ratio,pb_ratio"
2023-02-03,002936.XSHE,0.4375,199.1995,146.6416,6.0403,0.4574,"day,code,turnover_ratio,market_cap,circulating_market_cap,pe_ratio,pb_ratio"
2023-02-06,002936.XSHE,0.424,198.3729,146.0331,6.0153,0.4555,"day,code,turnover_ratio,market_cap,circulating_market_cap,pe_ratio,pb_ratio"
2023-02-07,002936.XSHE,0.3932,198.3729,146.0331,6.0153,0.4555,"day,code,turnover_ratio,market_cap,circulating_market_cap,pe_ratio,pb_ratio"
2023-02-08,002936.XSHE,0.3518,196.7198,144.8162,5.9651,0.4517,"day,code,turnover_ratio,market_cap,circulating_market_cap,pe_ratio,pb_ratio"
2023-02-09,002936.XSHE,0.4515,198.3729,146.0331,6.0153,0.4555,"day,code,turnover_ratio,market_cap,circulating_market_cap,pe_ratio,pb_ratio"
2023-02-10,002936.XSHE,0.5837,200.026,147.2501,6.0654,0.4593,"day,code,turnover_ratio,market_cap,circulating_market_cap,pe_ratio,pb_ratio"
2023-02-13,002936.XSHE,0.5761,200.026,147.2501,6.0654,0.4593,"day,code,turnover_ratio,market_cap,circulating_market_cap,pe_ratio,pb_ratio"
2023-02-14,002936.XSHE,0.4846,200.026,147.2501,6.0654,0.4593,"day,code,turnover_ratio,market_cap,circulating_market_cap,pe_ratio,pb_ratio"
2023-02-15,002936.XSHE,0.5479,198.3729,146.0331,6.0153,0.4555,"day,code,turnover_ratio,market_cap,circulating_market_cap,pe_ratio,pb_ratio"
2023-02-16,002936.XSHE,1.1215,198.3729,146.0331,6.0153,0.4555,"day,code,turnover_ratio,market_cap,circulating_market_cap,pe_ratio,pb_ratio"
2023-02-17,002936.XSHE,0.6164,196.7198,144.8162,5.9651,0.4517,"day,code,turnover_ratio,market_cap,circulating_market_cap,pe_ratio,pb_ratio"
2023-02-20,002936.XSHE,0.7048,200.026,147.2501,6.0654,0.4593,"day,code,turnover_ratio,market_cap,circulating_market_cap,pe_ratio,pb_ratio"
2023-02-21,002936.XSHE,0.7025,200.026,147.2501,6.0654,0.4593,"day,code,turnover_ratio,market_cap,circulating_market_cap,pe_ratio,pb_ratio"
2023-02-22,002936.XSHE,0.4189,199.1995,146.6416,6.0403,0.4574,"day,code,turnover_ratio,market_cap,circulating_market_cap,pe_ratio,pb_ratio"
2023-02-23,002936.XSHE,0.5211,200.026,147.2501,6.0654,0.4593,"day,code,turnover_ratio,market_cap,circulating_market_cap,pe_ratio,pb_ratio"
2023-02-24,002936.XSHE,0.3574,199.1995,146.6416,6.0403,0.4574,"day,code,turnover_ratio,market_cap,circulating_market_cap,pe_ratio,pb_ratio"
2023-02-27,002936.XSHE,1.0457,196.7198,144.8162,5.9651,0.4517,"day,code,turnover_ratio,market_cap,circulating_market_cap,pe_ratio,pb_ratio"
2023-02-28,002936.XSHE,0.3449,198.3729,146.0331,6.0153,0.4555,"day,code,turnover_ratio,market_cap,circulating_market_cap,pe_ratio,pb_ratio"
2023-03-01,002936.XSHE,0.5362,200.026,147.2501,6.0654,0.4593,"day,code,turnover_ratio,market_cap,circulating_market_cap,pe_ratio,pb_ratio"
2023-03-02,002936.XSHE,0.6606,200.8526,147.8585,6.0905,0.4612,"day,code,turnover_ratio,market_cap,circulating_market_cap,pe_ratio,pb_ratio"
2023-03-03,002936.XSHE,0.7364,201.6791,148.467,6.1155,0.4631,"day,code,turnover_ratio,market_cap,circulating_market_cap,pe_ratio,pb_ratio"
2023-03-06,002936.XSHE,0.618,200.026,147.2501,6.0654,0.4593,"day,code,turnover_ratio,market_cap,circulating_market_cap,pe_ratio,pb_ratio"
2023-03-07,002936.XSHE,1.5242,200.8526,147.8585,6.0905,0.4612,"day,code,turnover_ratio,market_cap,circulating_market_cap,pe_ratio,pb_ratio"
2023-03-08,002936.XSHE,0.9788,200.026,147.2501,6.0654,0.4593,"day,code,turnover_ratio,market_cap,circulating_market_cap,pe_ratio,pb_ratio"
2023-03-09,002936.XSHE,0.587,200.8526,147.8585,6.0905,0.4612,"day,code,turnover_ratio,market_cap,circulating_market_cap,pe_ratio,pb_ratio"
2023-03-10,002936.XSHE,0.7758,197.5463,145.4246,5.9902,0.4536,"day,code,turnover_ratio,market_cap,circulating_market_cap,pe_ratio,pb_ratio"
2023-03-13,002936.XSHE,0.7274,195.8932,144.2077,5.9401,0.4498,"day,code,turnover_ratio,market_cap,circulating_market_cap,pe_ratio,pb_ratio"
2023-03-14,002936.XSHE,0.7007,192.587,141.7738,5.8398,0.4422,"day,code,turnover_ratio,market_cap,circulating_market_cap,pe_ratio,pb_ratio"
2023-03-15,002936.XSHE,0.4416,194.2401,142.9908,5.89,0.446,"day,code,turnover_ratio,market_cap,circulating_market_cap,pe_ratio,pb_ratio"
2023-03-16,002936.XSHE,0.7641,194.2401,142.9908,5.89,0.446,"day,code,turnover_ratio,market_cap,circulating_market_cap,pe_ratio,pb_ratio"
2023-03-17,002936.XSHE,0.6543,195.0667,143.5992,5.915,0.4479,"day,code,turnover_ratio,market_cap,circulating_market_cap,pe_ratio,pb_ratio"
2023-03-20,002936.XSHE,0.5506,194.2401,142.9908,5.89,0.446,"day,code,turnover_ratio,market_cap,circulating_market_cap,pe_ratio,pb_ratio"
2023-03-21,002936.XSHE,0.2928,194.2401,142.9908,5.89,0.446,"day,code,turnover_ratio,market_cap,circulating_market_cap,pe_ratio,pb_ratio"
2023-03-22,002936.XSHE,0.3462,195.0667,143.5992,5.915,0.4479,"day,code,turnover_ratio,market_cap,circulating_market_cap,pe_ratio,pb_ratio"
2023-03-23,002936.XSHE,0.2593,195.0667,143.5992,5.915,0.4479,"day,code,turnover_ratio,market_cap,circulating_market_cap,pe_ratio,pb_ratio"
2023-03-24,002936.XSHE,0.453,195.0667,143.5992,5.915,0.4479,"day,code,turnover_ratio,market_cap,circulating_market_cap,pe_ratio,pb_ratio"
2023-03-27,002936.XSHE,0.5898,192.587,141.7738,5.8398,0.4422,"day,code,turnover_ratio,market_cap,circulating_market_cap,pe_ratio,pb_ratio"
2023-03-28,002936.XSHE,0.3892,192.587,141.7738,5.8398,0.4422,"day,code,turnover_ratio,market_cap,circulating_market_cap,pe_ratio,pb_ratio"
2023-03-29,002936.XSHE,0.4401,191.7605,141.1653,5.8148,0.4403,"day,code,turnover_ratio,market_cap,circulating_market_cap,pe_ratio,pb_ratio"
2023-03-30,002936.XSHE,0.4296,191.7605,141.1653,5.8148,0.4403,"day,code,turnover_ratio,market_cap,circulating_market_cap,pe_ratio,pb_ratio"
2023-03-31,002936.XSHE,1.2013,187.6277,138.1218,7.7458,0.4602,"day,code,turnover_ratio,market_cap,circulating_market_cap,pe_ratio,pb_ratio"
2023-04-03,002936.XSHE,0.5758,187.6277,138.1218,7.7458,0.4602,"day,code,turnover_ratio,market_cap,circulating_market_cap,pe_ratio,pb_ratio"
2023-04-04,002936.XSHE,0.381,187.6277,138.1218,7.7458,0.4602,"day,code,turnover_ratio,market_cap,circulating_market_cap,pe_ratio,pb_ratio"
2023-04-06,002936.XSHE,0.3403,185.9746,136.9048,7.6776,0.4561,"day,code,turnover_ratio,market_cap,circulating_market_cap,pe_ratio,pb_ratio"
2023-04-07,002936.XSHE,0.3105,186.8011,137.5133,7.7117,0.4581,"day,code,turnover_ratio,market_cap,circulating_market_cap,pe_ratio,pb_ratio"
2023-04-10,002936.XSHE,0.2337,185.9746,136.9048,7.6776,0.4561,"day,code,turnover_ratio,market_cap,circulating_market_cap,pe_ratio,pb_ratio"
2023-04-11,002936.XSHE,0.2986,185.9746,136.9048,7.6776,0.4561,"day,code,turnover_ratio,market_cap,circulating_market_cap,pe_ratio,pb_ratio"
2023-04-12,002936.XSHE,0.4851,186.8011,137.5133,7.7117,0.4581,"day,code,turnover_ratio,market_cap,circulating_market_cap,pe_ratio,pb_ratio"
2023-04-13,002936.XSHE,0.5089,188.4543,138.7302,7.78,0.4622,"day,code,turnover_ratio,market_cap,circulating_market_cap,pe_ratio,pb_ratio"
2023-04-14,002936.XSHE,0.4034,187.6277,138.1218,7.7458,0.4602,"day,code,turnover_ratio,market_cap,circulating_market_cap,pe_ratio,pb_ratio"
2023-04-17,002936.XSHE,0.549,189.2808,139.3387,7.8141,0.4642,"day,code,turnover_ratio,market_cap,circulating_market_cap,pe_ratio,pb_ratio"
2023-04-18,002936.XSHE,0.7229,189.2808,139.3387,7.8141,0.4642,"day,code,turnover_ratio,market_cap,circulating_market_cap,pe_ratio,pb_ratio"
2023-04-19,002936.XSHE,0.6098,189.2808,139.3387,7.8141,0.4642,"day,code,turnover_ratio,market_cap,circulating_market_cap,pe_ratio,pb_ratio"
2023-04-20,002936.XSHE,0.4122,188.4543,138.7302,7.78,0.4622,"day,code,turnover_ratio,market_cap,circulating_market_cap,pe_ratio,pb_ratio"
2023-04-21,002936.XSHE,0.55,187.6277,138.1218,7.7458,0.4602,"day,code,turnover_ratio,market_cap,circulating_market_cap,pe_ratio,pb_ratio"
2023-04-24,002936.XSHE,0.3912,185.9746,136.9048,7.6776,0.4561,"day,code,turnover_ratio,market_cap,circulating_market_cap,pe_ratio,pb_ratio"
2023-04-25,002936.XSHE,0.6123,187.6277,138.1218,7.7458,0.4602,"day,code,turnover_ratio,market_cap,circulating_market_cap,pe_ratio,pb_ratio"
2023-04-26,002936.XSHE,0.4469,188.4543,138.7302,7.78,0.4622,"day,code,turnover_ratio,market_cap,circulating_market_cap,pe_ratio,pb_ratio"
2023-04-27,002936.XSHE,0.2465,187.6277,138.1218,7.7458,0.4602,"day,code,turnover_ratio,market_cap,circulating_market_cap,pe_ratio,pb_ratio"
2023-04-28,002936.XSHE,0.8589,191.7605,141.1641,7.8463,0.457,"day,code,turnover_ratio,market_cap,circulating_market_cap,pe_ratio,pb_ratio"
2023-05-04,002936.XSHE,1.595,198.3729,146.0318,8.1169,0.4727,"day,code,turnover_ratio,market_cap,circulating_market_cap,pe_ratio,pb_ratio"
2023-05-05,002936.XSHE,1.2115,199.1995,146.6403,8.1507,0.4747,"day,code,turnover_ratio,market_cap,circulating_market_cap,pe_ratio,pb_ratio"
2023-05-08,002936.XSHE,2.2013,204.9853,150.8996,8.3875,0.4885,"day,code,turnover_ratio,market_cap,circulating_market_cap,pe_ratio,pb_ratio"
2023-05-09,002936.XSHE,2.4129,204.1588,150.2911,8.3537,0.4865,"day,code,turnover_ratio,market_cap,circulating_market_cap,pe_ratio,pb_ratio"
2023-05-10,002936.XSHE,1.3911,202.5057,149.0742,8.286,0.4826,"day,code,turnover_ratio,market_cap,circulating_market_cap,pe_ratio,pb_ratio"
2023-05-11,002936.XSHE,0.8681,203.3322,149.6826,8.3198,0.4845,"day,code,turnover_ratio,market_cap,circulating_market_cap,pe_ratio,pb_ratio"
2023-05-12,002936.XSHE,0.6909,202.5057,149.0742,8.286,0.4826,"day,code,turnover_ratio,market_cap,circulating_market_cap,pe_ratio,pb_ratio"
2023-05-15,002936.XSHE,0.8747,203.3322,149.6826,8.3198,0.4845,"day,code,turnover_ratio,market_cap,circulating_market_cap,pe_ratio,pb_ratio"
2023-05-16,002936.XSHE,0.7098,201.6791,148.4657,8.2522,0.4806,"day,code,turnover_ratio,market_cap,circulating_market_cap,pe_ratio,pb_ratio"
2023-05-17,002936.XSHE,0.5198,201.6791,148.4657,8.2522,0.4806,"day,code,turnover_ratio,market_cap,circulating_market_cap,pe_ratio,pb_ratio"
2023-05-18,002936.XSHE,0.4758,201.6791,148.4657,8.2522,0.4806,"day,code,turnover_ratio,market_cap,circulating_market_cap,pe_ratio,pb_ratio"
2023-05-19,002936.XSHE,0.6192,199.1995,146.6403,8.1507,0.4747,"day,code,turnover_ratio,market_cap,circulating_market_cap,pe_ratio,pb_ratio"
2023-05-22,002936.XSHE,0.3769,198.3729,146.0318,8.1169,0.4727,"day,code,turnover_ratio,market_cap,circulating_market_cap,pe_ratio,pb_ratio"
2023-05-23,002936.XSHE,0.4942,195.0667,143.598,7.9816,0.4648,"day,code,turnover_ratio,market_cap,circulating_market_cap,pe_ratio,pb_ratio"
2023-05-24,002936.XSHE,0.5449,192.587,141.7726,7.8802,0.4589,"day,code,turnover_ratio,market_cap,circulating_market_cap,pe_ratio,pb_ratio"
2023-05-25,002936.XSHE,0.5899,191.7605,141.1641,7.8463,0.457,"day,code,turnover_ratio,market_cap,circulating_market_cap,pe_ratio,pb_ratio"
2023-05-26,002936.XSHE,0.4453,192.587,141.7726,7.8802,0.4589,"day,code,turnover_ratio,market_cap,circulating_market_cap,pe_ratio,pb_ratio"
2023-05-29,002936.XSHE,0.425,191.7605,141.1641,7.8463,0.457,"day,code,turnover_ratio,market_cap,circulating_market_cap,pe_ratio,pb_ratio"
2023-05-30,002936.XSHE,0.4456,192.587,141.7726,7.8802,0.4589,"day,code,turnover_ratio,market_cap,circulating_market_cap,pe_ratio,pb_ratio"
2023-05-31,002936.XSHE,0.5261,190.9339,140.5556,7.8125,0.455,"day,code,turnover_ratio,market_cap,circulating_market_cap,pe_ratio,pb_ratio"
2023-06-01,002936.XSHE,0.4394,190.9339,140.5556,7.8125,0.455,"day,code,turnover_ratio,market_cap,circulating_market_cap,pe_ratio,pb_ratio"
2023-06-02,002936.XSHE,0.3285,191.7605,141.1641,7.8463,0.457,"day,code,turnover_ratio,market_cap,circulating_market_cap,pe_ratio,pb_ratio"
2023-06-05,002936.XSHE,0.3231,190.9339,140.5556,7.8125,0.455,"day,code,turnover_ratio,market_cap,circulating_market_cap,pe_ratio,pb_ratio"
2023-06-06,002936.XSHE,0.7552,188.4543,138.7302,7.7111,0.4491,"day,code,turnover_ratio,market_cap,circulating_market_cap,pe_ratio,pb_ratio"
2023-06-07,002936.XSHE,0.5324,190.9339,140.5556,7.8125,0.455,"day,code,turnover_ratio,market_cap,circulating_market_cap,pe_ratio,pb_ratio"
2023-06-08,002936.XSHE,0.6642,193.4136,142.381,7.914,0.4609,"day,code,turnover_ratio,market_cap,circulating_market_cap,pe_ratio,pb_ratio"
2023-06-09,002936.XSHE,0.443,191.7605,141.1641,7.8463,0.457,"day,code,turnover_ratio,market_cap,circulating_market_cap,pe_ratio,pb_ratio"
2023-06-12,002936.XSHE,0.4306,189.2808,139.3387,7.7449,0.4511,"day,code,turnover_ratio,market_cap,circulating_market_cap,pe_ratio,pb_ratio"
2023-06-13,002936.XSHE,0.3111,189.2808,139.3387,7.7449,0.4511,"day,code,turnover_ratio,market_cap,circulating_market_cap,pe_ratio,pb_ratio"
2023-06-14,002936.XSHE,0.403,187.6277,138.1218,7.6772,0.4471,"day,code,turnover_ratio,market_cap,circulating_market_cap,pe_ratio,pb_ratio"
2023-06-15,002936.XSHE,0.4925,188.4543,138.7302,7.7111,0.4491,"day,code,turnover_ratio,market_cap,circulating_market_cap,pe_ratio,pb_ratio"
2023-06-16,002936.XSHE,0.5148,187.6277,138.1218,7.6772,0.4471,"day,code,turnover_ratio,market_cap,circulating_market_cap,pe_ratio,pb_ratio"
2023-06-19,002936.XSHE,0.3819,187.6277,138.1218,7.6772,0.4471,"day,code,turnover_ratio,market_cap,circulating_market_cap,pe_ratio,pb_ratio"
2023-06-20,002936.XSHE,0.5371,185.9746,136.9048,7.6096,0.4432,"day,code,turnover_ratio,market_cap,circulating_market_cap,pe_ratio,pb_ratio"
2023-06-21,002936.XSHE,0.6921,185.9746,136.9045,7.6096,0.4432,"day,code,turnover_ratio,market_cap,circulating_market_cap,pe_ratio,pb_ratio"
2023-06-26,002936.XSHE,0.5021,185.9746,136.9045,7.6096,0.4432,"day,code,turnover_ratio,market_cap,circulating_market_cap,pe_ratio,pb_ratio"
2023-06-27,002936.XSHE,0.4891,187.6277,138.1214,7.6772,0.4471,"day,code,turnover_ratio,market_cap,circulating_market_cap,pe_ratio,pb_ratio"
2023-06-28,002936.XSHE,0.2888,187.6277,138.1214,7.6772,0.4471,"day,code,turnover_ratio,market_cap,circulating_market_cap,pe_ratio,pb_ratio"
2023-06-29,002936.XSHE,0.3273,187.6277,138.1214,7.6772,0.4471,"day,code,turnover_ratio,market_cap,circulating_market_cap,pe_ratio,pb_ratio"
2023-06-30,002936.XSHE,0.5426,190.1074,139.9468,7.7787,0.453,"day,code,turnover_ratio,market_cap,circulating_market_cap,pe_ratio,pb_ratio"
2023-07-03,002936.XSHE,0.5895,191.8431,141.2246,7.8497,0.4572,"day,code,turnover_ratio,market_cap,circulating_market_cap,pe_ratio,pb_ratio"
2023-07-04,002936.XSHE,0.3657,190.9339,140.5553,7.8125,0.455,"day,code,turnover_ratio,market_cap,circulating_market_cap,pe_ratio,pb_ratio"
2023-07-05,002936.XSHE,0.2773,190.9339,140.5553,7.8125,0.455,"day,code,turnover_ratio,market_cap,circulating_market_cap,pe_ratio,pb_ratio"
2023-07-06,002936.XSHE,0.3192,189.1155,139.2166,7.7381,0.4507,"day,code,turnover_ratio,market_cap,circulating_market_cap,pe_ratio,pb_ratio"
2023-07-07,002936.XSHE,0.4965,191.8431,141.2246,7.8497,0.4572,"day,code,turnover_ratio,market_cap,circulating_market_cap,pe_ratio,pb_ratio"
2023-07-10,002936.XSHE,0.2675,190.9339,140.5553,7.8125,0.455,"day,code,turnover_ratio,market_cap,circulating_market_cap,pe_ratio,pb_ratio"
2023-07-11,002936.XSHE,0.4808,191.8431,141.2246,7.8497,0.4572,"day,code,turnover_ratio,market_cap,circulating_market_cap,pe_ratio,pb_ratio"
2023-07-12,002936.XSHE,0.3663,190.0247,139.8859,7.7753,0.4528,"day,code,turnover_ratio,market_cap,circulating_market_cap,pe_ratio,pb_ratio"
2023-07-13,002936.XSHE,0.4227,192.7523,141.8939,7.8869,0.4593,"day,code,turnover_ratio,market_cap,circulating_market_cap,pe_ratio,pb_ratio"
2023-07-14,002936.XSHE,0.1661,192.7523,141.8939,7.8869,0.4593,"day,code,turnover_ratio,market_cap,circulating_market_cap,pe_ratio,pb_ratio"
2023-07-17,002936.XSHE,0.2315,190.9339,140.5553,7.8125,0.455,"day,code,turnover_ratio,market_cap,circulating_market_cap,pe_ratio,pb_ratio"
2023-07-18,002936.XSHE,0.2545,191.8431,141.2246,7.8497,0.4572,"day,code,turnover_ratio,market_cap,circulating_market_cap,pe_ratio,pb_ratio"
2023-07-19,002936.XSHE,0.2012,192.7523,141.8939,7.8869,0.4593,"day,code,turnover_ratio,market_cap,circulating_market_cap,pe_ratio,pb_ratio"
2023-07-20,002936.XSHE,0.3699,191.8431,141.2246,7.8497,0.4572,"day,code,turnover_ratio,market_cap,circulating_market_cap,pe_ratio,pb_ratio"
2023-07-21,002936.XSHE,0.307,193.6615,142.5632,7.9241,0.4615,"day,code,turnover_ratio,market_cap,circulating_market_cap,pe_ratio,pb_ratio"
2023-07-24,002936.XSHE,0.3858,192.7523,141.8939,7.8869,0.4593,"day,code,turnover_ratio,market_cap,circulating_market_cap,pe_ratio,pb_ratio"
2023-07-25,002936.XSHE,1.3147,198.2076,145.9097,8.1101,0.4723,"day,code,turnover_ratio,market_cap,circulating_market_cap,pe_ratio,pb_ratio"
2023-07-26,002936.XSHE,0.7533,198.2076,145.9097,8.1101,0.4723,"day,code,turnover_ratio,market_cap,circulating_market_cap,pe_ratio,pb_ratio"
2023-07-27,002936.XSHE,1.9373,202.7536,149.2563,8.2962,0.4832,"day,code,turnover_ratio,market_cap,circulating_market_cap,pe_ratio,pb_ratio"
2023-07-28,002936.XSHE,3.4709,211.8457,155.9494,8.6682,0.5048,"day,code,turnover_ratio,market_cap,circulating_market_cap,pe_ratio,pb_ratio"
2023-07-31,002936.XSHE,3.1388,213.6641,157.288,8.7426,0.5092,"day,code,turnover_ratio,market_cap,circulating_market_cap,pe_ratio,pb_ratio"
2023-08-01,002936.XSHE,1.8796,212.7549,156.6187,8.7054,0.507,"day,code,turnover_ratio,market_cap,circulating_market_cap,pe_ratio,pb_ratio"
2023-08-02,002936.XSHE,1.5791,212.7549,156.6187,8.7054,0.507,"day,code,turnover_ratio,market_cap,circulating_market_cap,pe_ratio,pb_ratio"
2023-08-03,002936.XSHE,1.737,215.4826,158.6266,8.817,0.5135,"day,code,turnover_ratio,market_cap,circulating_market_cap,pe_ratio,pb_ratio"
2023-08-04,002936.XSHE,2.295,216.3918,159.296,8.8542,0.5157,"day,code,turnover_ratio,market_cap,circulating_market_cap,pe_ratio,pb_ratio"
2023-08-07,002936.XSHE,1.2845,213.6641,157.288,8.7426,0.5092,"day,code,turnover_ratio,market_cap,circulating_market_cap,pe_ratio,pb_ratio"
2023-08-08,002936.XSHE,0.8758,212.7549,156.6187,8.7054,0.507,"day,code,turnover_ratio,market_cap,circulating_market_cap,pe_ratio,pb_ratio"
2023-08-09,002936.XSHE,0.706,210.9365,155.2801,8.631,0.5027,"day,code,turnover_ratio,market_cap,circulating_market_cap,pe_ratio,pb_ratio"
2023-08-10,002936.XSHE,0.6646,210.9365,155.2801,8.631,0.5027,"day,code,turnover_ratio,market_cap,circulating_market_cap,pe_ratio,pb_ratio"
2023-08-11,002936.XSHE,1.0903,206.3905,151.9335,8.445,0.4918,"day,code,turnover_ratio,market_cap,circulating_market_cap,pe_ratio,pb_ratio"
2023-08-14,002936.XSHE,0.8463,203.6628,149.9256,8.3334,0.4853,"day,code,turnover_ratio,market_cap,circulating_market_cap,pe_ratio,pb_ratio"
2023-08-15,002936.XSHE,1.1155,203.6628,149.9256,8.3334,0.4853,"day,code,turnover_ratio,market_cap,circulating_market_cap,pe_ratio,pb_ratio"
2023-08-16,002936.XSHE,0.8286,204.5721,150.5949,8.3706,0.4875,"day,code,turnover_ratio,market_cap,circulating_market_cap,pe_ratio,pb_ratio"
2023-08-17,002936.XSHE,0.7859,203.6628,149.9256,8.3334,0.4853,"day,code,turnover_ratio,market_cap,circulating_market_cap,pe_ratio,pb_ratio"
2023-08-18,002936.XSHE,1.0892,205.4813,151.2642,8.4078,0.4897,"day,code,turnover_ratio,market_cap,circulating_market_cap,pe_ratio,pb_ratio"
2023-08-21,002936.XSHE,0.8301,201.8444,148.587,8.259,0.481,"day,code,turnover_ratio,market_cap,circulating_market_cap,pe_ratio,pb_ratio"
2023-08-22,002936.XSHE,0.673,203.6628,149.9256,8.3334,0.4853,"day,code,turnover_ratio,market_cap,circulating_market_cap,pe_ratio,pb_ratio"
2023-08-23,002936.XSHE,0.621,201.8444,148.587,8.259,0.481,"day,code,turnover_ratio,market_cap,circulating_market_cap,pe_ratio,pb_ratio"
2023-08-24,002936.XSHE,0.6206,200.026,147.2484,8.1846,0.4767,"day,code,turnover_ratio,market_cap,circulating_market_cap,pe_ratio,pb_ratio"
2023-08-25,002936.XSHE,0.7474,201.8444,148.587,8.259,0.481,"day,code,turnover_ratio,market_cap,circulating_market_cap,pe_ratio,pb_ratio"
2023-08-28,002936.XSHE,1.4338,206.3905,151.9335,8.445,0.4918,"day,code,turnover_ratio,market_cap,circulating_market_cap,pe_ratio,pb_ratio"
2023-08-29,002936.XSHE,1.7499,201.8444,148.587,8.259,0.481,"day,code,turnover_ratio,market_cap,circulating_market_cap,pe_ratio,pb_ratio"
2023-08-30,002936.XSHE,1.5179,195.48,143.9018,10.0874,0.4547,"day,code,turnover_ratio,market_cap,circulating_market_cap,pe_ratio,pb_ratio"
2023-08-31,002936.XSHE,0.8107,194.5708,143.2325,10.0404,0.4526,"day,code,turnover_ratio,market_cap,circulating_market_cap,pe_ratio,pb_ratio"
2023-09-01,002936.XSHE,0.6053,195.48,143.9018,10.0874,0.4547,"day,code,turnover_ratio,market_cap,circulating_market_cap,pe_ratio,pb_ratio"
2023-09-04,002936.XSHE,1.1189,199.1168,146.5791,10.275,0.4631,"day,code,turnover_ratio,market_cap,circulating_market_cap,pe_ratio,pb_ratio"
2023-09-05,002936.XSHE,0.7458,194.5708,143.2325,10.0404,0.4526,"day,code,turnover_ratio,market_cap,circulating_market_cap,pe_ratio,pb_ratio"
2023-09-06,002936.XSHE,0.4803,195.48,143.9018,10.0874,0.4547,"day,code,turnover_ratio,market_cap,circulating_market_cap,pe_ratio,pb_ratio"
2023-09-07,002936.XSHE,0.6577,193.6615,142.5632,9.9935,0.4504,"day,code,turnover_ratio,market_cap,circulating_market_cap,pe_ratio,pb_ratio"
2023-09-08,002936.XSHE,0.384,193.6615,142.5632,9.9935,0.4504,"day,code,turnover_ratio,market_cap,circulating_market_cap,pe_ratio,pb_ratio"
2023-09-11,002936.XSHE,0.7367,194.5708,143.2325,10.0404,0.4526,"day,code,turnover_ratio,market_cap,circulating_market_cap,pe_ratio,pb_ratio"
2023-09-12,002936.XSHE,0.3943,194.5708,143.2325,10.0404,0.4526,"day,code,turnover_ratio,market_cap,circulating_market_cap,pe_ratio,pb_ratio"
2023-09-13,002936.XSHE,0.4057,192.7523,141.8939,9.9466,0.4483,"day,code,turnover_ratio,market_cap,circulating_market_cap,pe_ratio,pb_ratio"
2023-09-14,002936.XSHE,0.4871,194.5708,143.2325,10.0404,0.4526,"day,code,turnover_ratio,market_cap,circulating_market_cap,pe_ratio,pb_ratio"
2023-09-15,002936.XSHE,0.703,194.5708,143.2325,10.0404,0.4526,"day,code,turnover_ratio,market_cap,circulating_market_cap,pe_ratio,pb_ratio"
2023-09-18,002936.XSHE,0.4062,194.5708,143.2322,10.0404,0.4526,"day,code,turnover_ratio,market_cap,circulating_market_cap,pe_ratio,pb_ratio"
2023-09-19,002936.XSHE,0.6004,195.48,144.0222,10.0874,0.4547,"day,code,turnover_ratio,market_cap,circulating_market_cap,pe_ratio,pb_ratio"
2023-09-20,002936.XSHE,0.6441,196.3892,144.6921,10.1343,0.4568,"day,code,turnover_ratio,market_cap,circulating_market_cap,pe_ratio,pb_ratio"
2023-09-21,002936.XSHE,0.4469,194.5708,143.3523,10.0404,0.4526,"day,code,turnover_ratio,market_cap,circulating_market_cap,pe_ratio,pb_ratio"
2023-09-22,002936.XSHE,0.5087,196.3892,144.6921,10.1343,0.4568,"day,code,turnover_ratio,market_cap,circulating_market_cap,pe_ratio,pb_ratio"
2023-09-25,002936.XSHE,0.6057,197.2984,145.3619,10.1812,0.4589,"day,code,turnover_ratio,market_cap,circulating_market_cap,pe_ratio,pb_ratio"
2023-09-26,002936.XSHE,0.4374,195.48,144.0222,10.0874,0.4547,"day,code,turnover_ratio,market_cap,circulating_market_cap,pe_ratio,pb_ratio"
2023-09-27,002936.XSHE,0.4523,194.5708,143.3523,10.0404,0.4526,"day,code,turnover_ratio,market_cap,circulating_market_cap,pe_ratio,pb_ratio"
2023-09-28,002936.XSHE,0.3771,193.6615,142.6825,9.9935,0.4504,"day,code,turnover_ratio,market_cap,circulating_market_cap,pe_ratio,pb_ratio"
2023-10-09,002936.XSHE,0.4684,191.8431,141.3427,9.8997,0.4462,"day,code,turnover_ratio,market_cap,circulating_market_cap,pe_ratio,pb_ratio"
2023-10-10,002936.XSHE,0.3237,190.9339,140.6728,9.8528,0.4441,"day,code,turnover_ratio,market_cap,circulating_market_cap,pe_ratio,pb_ratio"
2023-10-11,002936.XSHE,0.4221,190.9339,140.6728,9.8528,0.4441,"day,code,turnover_ratio,market_cap,circulating_market_cap,pe_ratio,pb_ratio"
2023-10-12,002936.XSHE,0.4521,193.6615,142.6825,9.9935,0.4504,"day,code,turnover_ratio,market_cap,circulating_market_cap,pe_ratio,pb_ratio"
2023-10-13,002936.XSHE,0.4548,192.7523,142.0126,9.9466,0.4483,"day,code,turnover_ratio,market_cap,circulating_market_cap,pe_ratio,pb_ratio"
2023-10-16,002936.XSHE,0.51,192.7523,142.0126,9.9466,0.4483,"day,code,turnover_ratio,market_cap,circulating_market_cap,pe_ratio,pb_ratio"
2023-10-17,002936.XSHE,0.5916,192.7523,142.0126,9.9466,0.4483,"day,code,turnover_ratio,market_cap,circulating_market_cap,pe_ratio,pb_ratio"
2023-10-18,002936.XSHE,0.5954,190.9339,140.6728,9.8528,0.4441,"day,code,turnover_ratio,market_cap,circulating_market_cap,pe_ratio,pb_ratio"
2023-10-19,002936.XSHE,0.6372,189.1155,139.3331,9.7589,0.4399,"day,code,turnover_ratio,market_cap,circulating_market_cap,pe_ratio,pb_ratio"
2023-10-20,002936.XSHE,0.4529,190.0247,140.003,9.8058,0.442,"day,code,turnover_ratio,market_cap,circulating_market_cap,pe_ratio,pb_ratio"
2023-10-23,002936.XSHE,0.5577,185.4787,136.6536,9.5713,0.4314,"day,code,turnover_ratio,market_cap,circulating_market_cap,pe_ratio,pb_ratio"
2023-10-24,002936.XSHE,0.5631,187.2971,137.9934,9.6651,0.4356,"day,code,turnover_ratio,market_cap,circulating_market_cap,pe_ratio,pb_ratio"
2023-10-25,002936.XSHE,0.5027,189.1155,139.3331,9.7589,0.4399,"day,code,turnover_ratio,market_cap,circulating_market_cap,pe_ratio,pb_ratio"
2023-10-26,002936.XSHE,0.3842,189.1155,139.3331,9.7589,0.4399,"day,code,turnover_ratio,market_cap,circulating_market_cap,pe_ratio,pb_ratio"
2023-10-27,002936.XSHE,0.566,190.0247,140.003,9.8058,0.442,"day,code,turnover_ratio,market_cap,circulating_market_cap,pe_ratio,pb_ratio"
2023-10-30,002936.XSHE,0.4378,189.1155,139.3331,9.7589,0.4399,"day,code,turnover_ratio,market_cap,circulating_market_cap,pe_ratio,pb_ratio"
2023-10-31,002936.XSHE,0.3014,190.0247,140.003,10.7389,0.4353,"day,code,turnover_ratio,market_cap,circulating_market_cap,pe_ratio,pb_ratio"
2023-11-01,002936.XSHE,0.286,190.0247,140.003,10.7389,0.4353,"day,code,turnover_ratio,market_cap,circulating_market_cap,pe_ratio,pb_ratio"
2023-11-02,002936.XSHE,0.4431,190.0247,140.003,10.7389,0.4353,"day,code,turnover_ratio,market_cap,circulating_market_cap,pe_ratio,pb_ratio"
2023-11-03,002936.XSHE,0.3908,189.1155,139.3331,10.6875,0.4332,"day,code,turnover_ratio,market_cap,circulating_market_cap,pe_ratio,pb_ratio"
2023-11-06,002936.XSHE,0.7492,190.9339,140.6728,10.7903,0.4374,"day,code,turnover_ratio,market_cap,circulating_market_cap,pe_ratio,pb_ratio"
2023-11-07,002936.XSHE,0.4525,190.9339,140.6728,10.7903,0.4374,"day,code,turnover_ratio,market_cap,circulating_market_cap,pe_ratio,pb_ratio"
2023-11-08,002936.XSHE,0.7253,189.1155,139.3331,10.6875,0.4332,"day,code,turnover_ratio,market_cap,circulating_market_cap,pe_ratio,pb_ratio"
2023-11-09,002936.XSHE,0.3495,188.2063,138.6632,10.6361,0.4312,"day,code,turnover_ratio,market_cap,circulating_market_cap,pe_ratio,pb_ratio"
2023-11-10,002936.XSHE,0.3465,188.2063,138.6632,10.6361,0.4312,"day,code,turnover_ratio,market_cap,circulating_market_cap,pe_ratio,pb_ratio"
2023-11-13,002936.XSHE,0.4994,187.2971,137.9934,10.5847,0.4291,"day,code,turnover_ratio,market_cap,circulating_market_cap,pe_ratio,pb_ratio"
2023-11-14,002936.XSHE,0.5502,189.1155,139.3331,10.6875,0.4332,"day,code,turnover_ratio,market_cap,circulating_market_cap,pe_ratio,pb_ratio"
2023-11-15,002936.XSHE,0.3282,189.1155,139.3331,10.6875,0.4332,"day,code,turnover_ratio,market_cap,circulating_market_cap,pe_ratio,pb_ratio"
2023-11-16,002936.XSHE,0.2455,188.2063,138.6632,10.6361,0.4312,"day,code,turnover_ratio,market_cap,circulating_market_cap,pe_ratio,pb_ratio"
2023-11-17,002936.XSHE,0.3048,188.2063,138.6632,10.6361,0.4312,"day,code,turnover_ratio,market_cap,circulating_market_cap,pe_ratio,pb_ratio"
2023-11-20,002936.XSHE,0.3121,189.1155,139.3331,10.6875,0.4332,"day,code,turnover_ratio,market_cap,circulating_market_cap,pe_ratio,pb_ratio"
2023-11-21,002936.XSHE,0.5003,189.1155,139.3331,10.6875,0.4332,"day,code,turnover_ratio,market_cap,circulating_market_cap,pe_ratio,pb_ratio"
2023-11-22,002936.XSHE,0.3733,188.2063,138.6632,10.6361,0.4312,"day,code,turnover_ratio,market_cap,circulating_market_cap,pe_ratio,pb_ratio"
2023-11-23,002936.XSHE,0.2158,188.2063,138.6632,10.6361,0.4312,"day,code,turnover_ratio,market_cap,circulating_market_cap,pe_ratio,pb_ratio"
2023-11-24,002936.XSHE,0.4864,189.1155,139.3331,10.6875,0.4332,"day,code,turnover_ratio,market_cap,circulating_market_cap,pe_ratio,pb_ratio"
2023-11-27,002936.XSHE,0.4241,188.2063,138.6632,10.6361,0.4312,"day,code,turnover_ratio,market_cap,circulating_market_cap,pe_ratio,pb_ratio"
2023-11-28,002936.XSHE,0.2362,188.2063,138.6632,10.6361,0.4312,"day,code,turnover_ratio,market_cap,circulating_market_cap,pe_ratio,pb_ratio"
2023-11-29,002936.XSHE,0.386,186.3879,137.3235,10.5333,0.427,"day,code,turnover_ratio,market_cap,circulating_market_cap,pe_ratio,pb_ratio"
2023-11-30,002936.XSHE,0.3996,187.2971,137.9934,10.5847,0.4291,"day,code,turnover_ratio,market_cap,circulating_market_cap,pe_ratio,pb_ratio"
2023-12-01,002936.XSHE,0.2519,187.2971,137.9934,10.5847,0.4291,"day,code,turnover_ratio,market_cap,circulating_market_cap,pe_ratio,pb_ratio"
2023-12-04,002936.XSHE,0.2101,187.2971,137.9934,10.5847,0.4291,"day,code,turnover_ratio,market_cap,circulating_market_cap,pe_ratio,pb_ratio"
2023-12-05,002936.XSHE,0.4034,186.3879,137.3235,10.5333,0.427,"day,code,turnover_ratio,market_cap,circulating_market_cap,pe_ratio,pb_ratio"
2023-12-06,002936.XSHE,0.3217,186.3879,137.3235,10.5333,0.427,"day,code,turnover_ratio,market_cap,circulating_market_cap,pe_ratio,pb_ratio"
2023-12-07,002936.XSHE,0.2928,186.3879,137.3235,10.5333,0.427,"day,code,turnover_ratio,market_cap,circulating_market_cap,pe_ratio,pb_ratio"
2023-12-08,002936.XSHE,0.3281,186.3879,137.3235,10.5333,0.427,"day,code,turnover_ratio,market_cap,circulating_market_cap,pe_ratio,pb_ratio"
2023-12-11,002936.XSHE,0.5663,187.2971,137.9934,10.5847,0.4291,"day,code,turnover_ratio,market_cap,circulating_market_cap,pe_ratio,pb_ratio"
2023-12-12,002936.XSHE,0.2675,188.2063,138.6632,10.6361,0.4312,"day,code,turnover_ratio,market_cap,circulating_market_cap,pe_ratio,pb_ratio"
2023-12-13,002936.XSHE,0.2621,187.2971,137.9934,10.5847,0.4291,"day,code,turnover_ratio,market_cap,circulating_market_cap,pe_ratio,pb_ratio"
2023-12-14,002936.XSHE,0.2421,187.2971,137.9934,10.5847,0.4291,"day,code,turnover_ratio,market_cap,circulating_market_cap,pe_ratio,pb_ratio"
2023-12-15,002936.XSHE,0.366,186.3879,137.3235,10.5333,0.427,"day,code,turnover_ratio,market_cap,circulating_market_cap,pe_ratio,pb_ratio"
2023-12-18,002936.XSHE,0.3935,185.4787,136.6536,10.482,0.4249,"day,code,turnover_ratio,market_cap,circulating_market_cap,pe_ratio,pb_ratio"
2023-12-19,002936.XSHE,0.7357,183.6602,135.3139,10.3792,0.4207,"day,code,turnover_ratio,market_cap,circulating_market_cap,pe_ratio,pb_ratio"
2023-12-20,002936.XSHE,0.4082,181.8418,133.9741,10.2764,0.4166,"day,code,turnover_ratio,market_cap,circulating_market_cap,pe_ratio,pb_ratio"
2023-12-21,002936.XSHE,0.5331,181.8418,133.9741,10.2764,0.4166,"day,code,turnover_ratio,market_cap,circulating_market_cap,pe_ratio,pb_ratio"
2023-12-22,002936.XSHE,0.4507,180.9326,133.3043,10.225,0.4145,"day,code,turnover_ratio,market_cap,circulating_market_cap,pe_ratio,pb_ratio"
2023-12-25,002936.XSHE,0.2753,180.9326,133.3043,10.225,0.4145,"day,code,turnover_ratio,market_cap,circulating_market_cap,pe_ratio,pb_ratio"
2023-12-26,002936.XSHE,0.1938,180.0234,132.6344,10.1737,0.4124,"day,code,turnover_ratio,market_cap,circulating_market_cap,pe_ratio,pb_ratio"
2023-12-27,002936.XSHE,0.3077,180.0234,132.6344,10.1737,0.4124,"day,code,turnover_ratio,market_cap,circulating_market_cap,pe_ratio,pb_ratio"
2023-12-28,002936.XSHE,0.5184,182.751,134.644,10.3278,0.4187,"day,code,turnover_ratio,market_cap,circulating_market_cap,pe_ratio,pb_ratio"
2023-12-29,002936.XSHE,0.3908,182.751,134.644,10.3278,0.4187,"day,code,turnover_ratio,market_cap,circulating_market_cap,pe_ratio,pb_ratio"
2024-01-02,002936.XSHE,0.2865,182.751,134.644,10.3278,0.4187,"day,code,turnover_ratio,market_cap,circulating_market_cap,pe_ratio,pb_ratio"
2024-01-03,002936.XSHE,0.2001,182.751,134.644,10.3278,0.4187,"day,code,turnover_ratio,market_cap,circulating_market_cap,pe_ratio,pb_ratio"
2024-01-04,002936.XSHE,0.44,181.8418,133.9741,10.2764,0.4166,"day,code,turnover_ratio,market_cap,circulating_market_cap,pe_ratio,pb_ratio"
2024-01-05,002936.XSHE,1.0424,184.5695,135.9838,10.4306,0.4228,"day,code,turnover_ratio,market_cap,circulating_market_cap,pe_ratio,pb_ratio"
2024-01-08,002936.XSHE,0.717,180.9326,133.3043,10.225,0.4145,"day,code,turnover_ratio,market_cap,circulating_market_cap,pe_ratio,pb_ratio"
2024-01-09,002936.XSHE,0.4656,181.8418,133.9741,10.2764,0.4166,"day,code,turnover_ratio,market_cap,circulating_market_cap,pe_ratio,pb_ratio"
2024-01-10,002936.XSHE,0.3229,181.8418,133.9741,10.2764,0.4166,"day,code,turnover_ratio,market_cap,circulating_market_cap,pe_ratio,pb_ratio"
2024-01-11,002936.XSHE,0.3838,181.8418,133.9741,10.2764,0.4166,"day,code,turnover_ratio,market_cap,circulating_market_cap,pe_ratio,pb_ratio"
2024-01-12,002936.XSHE,0.7824,183.6602,135.3139,10.3792,0.4207,"day,code,turnover_ratio,market_cap,circulating_market_cap,pe_ratio,pb_ratio"
2024-01-15,002936.XSHE,0.4921,184.5695,135.9838,10.4306,0.4228,"day,code,turnover_ratio,market_cap,circulating_market_cap,pe_ratio,pb_ratio"
2024-01-16,002936.XSHE,0.8268,185.4787,136.6536,10.482,0.4249,"day,code,turnover_ratio,market_cap,circulating_market_cap,pe_ratio,pb_ratio"
2024-01-17,002936.XSHE,0.6745,183.6602,135.3139,10.3792,0.4207,"day,code,turnover_ratio,market_cap,circulating_market_cap,pe_ratio,pb_ratio"
2024-01-18,002936.XSHE,1.0007,181.8418,133.9741,10.2764,0.4166,"day,code,turnover_ratio,market_cap,circulating_market_cap,pe_ratio,pb_ratio"
2024-01-19,002936.XSHE,0.496,181.8418,133.9741,10.2764,0.4166,"day,code,turnover_ratio,market_cap,circulating_market_cap,pe_ratio,pb_ratio"
2024-01-22,002936.XSHE,0.7354,179.1142,131.9645,10.1223,0.4103,"day,code,turnover_ratio,market_cap,circulating_market_cap,pe_ratio,pb_ratio"
2024-01-23,002936.XSHE,0.6072,179.1142,131.9645,10.1223,0.4103,"day,code,turnover_ratio,market_cap,circulating_market_cap,pe_ratio,pb_ratio"
2024-01-24,002936.XSHE,0.9535,182.751,134.644,10.3278,0.4187,"day,code,turnover_ratio,market_cap,circulating_market_cap,pe_ratio,pb_ratio"
2024-01-25,002936.XSHE,0.9263,185.4787,136.6536,10.482,0.4249,"day,code,turnover_ratio,market_cap,circulating_market_cap,pe_ratio,pb_ratio"
2024-01-26,002936.XSHE,1.3361,188.2063,138.6632,10.6361,0.4312,"day,code,turnover_ratio,market_cap,circulating_market_cap,pe_ratio,pb_ratio"
2024-01-29,002936.XSHE,1.1722,187.2971,137.9934,10.5847,0.4291,"day,code,turnover_ratio,market_cap,circulating_market_cap,pe_ratio,pb_ratio"
2024-01-30,002936.XSHE,0.8978,184.5695,135.9838,10.4306,0.4228,"day,code,turnover_ratio,market_cap,circulating_market_cap,pe_ratio,pb_ratio"
2024-01-31,002936.XSHE,0.9815,181.8418,133.9741,10.2764,0.4166,"day,code,turnover_ratio,market_cap,circulating_market_cap,pe_ratio,pb_ratio"
2024-02-01,002936.XSHE,0.7881,180.9326,133.3043,10.225,0.4145,"day,code,turnover_ratio,market_cap,circulating_market_cap,pe_ratio,pb_ratio"
2024-02-02,002936.XSHE,0.9846,180.0234,132.6344,10.1737,0.4124,"day,code,turnover_ratio,market_cap,circulating_market_cap,pe_ratio,pb_ratio"
2024-02-05,002936.XSHE,1.2182,176.3866,129.9549,9.9681,0.4041,"day,code,turnover_ratio,market_cap,circulating_market_cap,pe_ratio,pb_ratio"
2024-02-06,002936.XSHE,1.5091,184.5695,135.9838,10.4306,0.4228,"day,code,turnover_ratio,market_cap,circulating_market_cap,pe_ratio,pb_ratio"
2024-02-07,002936.XSHE,2.4624,190.0247,140.003,10.7389,0.4353,"day,code,turnover_ratio,market_cap,circulating_market_cap,pe_ratio,pb_ratio"
2024-02-08,002936.XSHE,2.2458,190.9339,140.6728,10.7903,0.4374,"day,code,turnover_ratio,market_cap,circulating_market_cap,pe_ratio,pb_ratio"
2024-02-19,002936.XSHE,1.3093,188.2063,138.6632,10.6361,0.4312,"day,code,turnover_ratio,market_cap,circulating_market_cap,pe_ratio,pb_ratio"
2024-02-20,002936.XSHE,0.9512,188.2063,138.6632,10.6361,0.4312,"day,code,turnover_ratio,market_cap,circulating_market_cap,pe_ratio,pb_ratio"
2024-02-21,002936.XSHE,1.5687,190.0247,140.003,10.7389,0.4353,"day,code,turnover_ratio,market_cap,circulating_market_cap,pe_ratio,pb_ratio"
2024-02-22,002936.XSHE,0.9364,190.0247,140.003,10.7389,0.4353,"day,code,turnover_ratio,market_cap,circulating_market_cap,pe_ratio,pb_ratio"
2024-02-23,002936.XSHE,1.16,190.9339,140.6728,10.7903,0.4374,"day,code,turnover_ratio,market_cap,circulating_market_cap,pe_ratio,pb_ratio"
2024-02-26,002936.XSHE,0.9728,188.2063,138.6632,10.6361,0.4312,"day,code,turnover_ratio,market_cap,circulating_market_cap,pe_ratio,pb_ratio"
2024-02-27,002936.XSHE,0.6201,189.1155,139.3331,10.6875,0.4332,"day,code,turnover_ratio,market_cap,circulating_market_cap,pe_ratio,pb_ratio"
2024-02-28,002936.XSHE,1.2913,189.1155,139.3331,10.6875,0.4332,"day,code,turnover_ratio,market_cap,circulating_market_cap,pe_ratio,pb_ratio"
2024-02-29,002936.XSHE,1.0417,190.0247,140.003,10.7389,0.4353,"day,code,turnover_ratio,market_cap,circulating_market_cap,pe_ratio,pb_ratio"
2024-03-01,002936.XSHE,0.8203,190.0247,140.003,10.7389,0.4353,"day,code,turnover_ratio,market_cap,circulating_market_cap,pe_ratio,pb_ratio"
2024-03-04,002936.XSHE,0.7471,188.2063,138.6632,10.6361,0.4312,"day,code,turnover_ratio,market_cap,circulating_market_cap,pe_ratio,pb_ratio"
2024-03-05,002936.XSHE,0.7384,188.2063,138.6632,10.6361,0.4312,"day,code,turnover_ratio,market_cap,circulating_market_cap,pe_ratio,pb_ratio"
2024-03-06,002936.XSHE,0.5383,187.2971,137.9934,10.5847,0.4291,"day,code,turnover_ratio,market_cap,circulating_market_cap,pe_ratio,pb_ratio"
2024-03-07,002936.XSHE,0.8392,188.2063,138.6632,10.6361,0.4312,"day,code,turnover_ratio,market_cap,circulating_market_cap,pe_ratio,pb_ratio"
2024-03-08,002936.XSHE,0.687,187.2971,137.9934,10.5847,0.4291,"day,code,turnover_ratio,market_cap,circulating_market_cap,pe_ratio,pb_ratio"
2024-03-11,002936.XSHE,0.5061,188.2063,138.6632,10.6361,0.4312,"day,code,turnover_ratio,market_cap,circulating_market_cap,pe_ratio,pb_ratio"
2024-03-12,002936.XSHE,0.6105,187.2971,137.9934,10.5847,0.4291,"day,code,turnover_ratio,market_cap,circulating_market_cap,pe_ratio,pb_ratio"
2024-03-13,002936.XSHE,0.5598,185.4787,136.6536,10.482,0.4249,"day,code,turnover_ratio,market_cap,circulating_market_cap,pe_ratio,pb_ratio"
2024-03-14,002936.XSHE,0.5168,184.5695,135.9838,10.4306,0.4228,"day,code,turnover_ratio,market_cap,circulating_market_cap,pe_ratio,pb_ratio"
2024-03-15,002936.XSHE,0.5538,186.3879,137.3235,10.5333,0.427,"day,code,turnover_ratio,market_cap,circulating_market_cap,pe_ratio,pb_ratio"
2024-03-18,002936.XSHE,0.5863,186.3879,137.3235,10.5333,0.427,"day,code,turnover_ratio,market_cap,circulating_market_cap,pe_ratio,pb_ratio"
2024-03-19,002936.XSHE,0.783,184.5695,135.9838,10.4306,0.4228,"day,code,turnover_ratio,market_cap,circulating_market_cap,pe_ratio,pb_ratio"
2024-03-20,002936.XSHE,0.5648,185.4787,136.6536,10.482,0.4249,"day,code,turnover_ratio,market_cap,circulating_market_cap,pe_ratio,pb_ratio"
2024-03-21,002936.XSHE,0.5669,185.4787,136.6536,10.482,0.4249,"day,code,turnover_ratio,market_cap,circulating_market_cap,pe_ratio,pb_ratio"
2024-03-22,002936.XSHE,0.7611,183.6602,135.3139,10.3792,0.4207,"day,code,turnover_ratio,market_cap,circulating_market_cap,pe_ratio,pb_ratio"
2024-03-25,002936.XSHE,0.5074,182.751,134.644,10.3278,0.4187,"day,code,turnover_ratio,market_cap,circulating_market_cap,pe_ratio,pb_ratio"
2024-03-26,002936.XSHE,0.7568,182.751,134.644,10.3278,0.4187,"day,code,turnover_ratio,market_cap,circulating_market_cap,pe_ratio,pb_ratio"
2024-03-27,002936.XSHE,0.6126,181.8418,133.9741,10.2764,0.4166,"day,code,turnover_ratio,market_cap,circulating_market_cap,pe_ratio,pb_ratio"
2024-03-28,002936.XSHE,0.8637,180.9326,133.3043,10.225,0.4145,"day,code,turnover_ratio,market_cap,circulating_market_cap,pe_ratio,pb_ratio"
2024-03-29,002936.XSHE,1.2154,177.2958,130.6237,9.5829,0.4176,"day,code,turnover_ratio,market_cap,circulating_market_cap,pe_ratio,pb_ratio"
2024-04-01,002936.XSHE,0.8597,179.1142,131.9635,9.6812,0.4219,"day,code,turnover_ratio,market_cap,circulating_market_cap,pe_ratio,pb_ratio"
2024-04-02,002936.XSHE,0.5513,179.1142,131.9635,9.6812,0.4219,"day,code,turnover_ratio,market_cap,circulating_market_cap,pe_ratio,pb_ratio"
2024-04-03,002936.XSHE,0.4643,178.205,131.2936,9.6321,0.4198,"day,code,turnover_ratio,market_cap,circulating_market_cap,pe_ratio,pb_ratio"
2024-04-08,002936.XSHE,0.6385,177.2958,130.6237,9.5829,0.4176,"day,code,turnover_ratio,market_cap,circulating_market_cap,pe_ratio,pb_ratio"
2024-04-09,002936.XSHE,0.3447,177.2958,130.6237,9.5829,0.4176,"day,code,turnover_ratio,market_cap,circulating_market_cap,pe_ratio,pb_ratio"
2024-04-10,002936.XSHE,0.5886,176.3866,129.9539,9.5338,0.4155,"day,code,turnover_ratio,market_cap,circulating_market_cap,pe_ratio,pb_ratio"
2024-04-11,002936.XSHE,0.5287,175.4774,129.284,9.4847,0.4133,"day,code,turnover_ratio,market_cap,circulating_market_cap,pe_ratio,pb_ratio"
2024-04-12,002936.XSHE,0.72,174.5682,128.6141,9.4355,0.4112,"day,code,turnover_ratio,market_cap,circulating_market_cap,pe_ratio,pb_ratio"
2024-04-15,002936.XSHE,1.2406,174.5682,128.6141,9.4355,0.4112,"day,code,turnover_ratio,market_cap,circulating_market_cap,pe_ratio,pb_ratio"
2024-04-16,002936.XSHE,1.1465,170.9313,125.9347,9.2389,0.4026,"day,code,turnover_ratio,market_cap,circulating_market_cap,pe_ratio,pb_ratio"
2024-04-17,002936.XSHE,1.2255,173.6589,127.9443,9.3864,0.4091,"day,code,turnover_ratio,market_cap,circulating_market_cap,pe_ratio,pb_ratio"
2024-04-18,002936.XSHE,1.2067,175.4774,129.284,9.4847,0.4133,"day,code,turnover_ratio,market_cap,circulating_market_cap,pe_ratio,pb_ratio"
2024-04-19,002936.XSHE,0.746,173.6589,127.9443,9.3864,0.4091,"day,code,turnover_ratio,market_cap,circulating_market_cap,pe_ratio,pb_ratio"
2024-04-22,002936.XSHE,0.6708,171.8405,126.6045,9.2881,0.4048,"day,code,turnover_ratio,market_cap,circulating_market_cap,pe_ratio,pb_ratio"
2024-04-23,002936.XSHE,0.5966,171.8405,126.6045,9.2881,0.4048,"day,code,turnover_ratio,market_cap,circulating_market_cap,pe_ratio,pb_ratio"
2024-04-24,002936.XSHE,0.5922,171.8405,126.6045,9.2881,0.4048,"day,code,turnover_ratio,market_cap,circulating_market_cap,pe_ratio,pb_ratio"
2024-04-25,002936.XSHE,0.8202,172.7497,127.2744,9.3372,0.4069,"day,code,turnover_ratio,market_cap,circulating_market_cap,pe_ratio,pb_ratio"
2024-04-26,002936.XSHE,1.0087,174.5682,128.6141,9.4355,0.4112,"day,code,turnover_ratio,market_cap,circulating_market_cap,pe_ratio,pb_ratio"
2024-04-29,002936.XSHE,1.2779,176.3866,129.9539,9.5338,0.4155,"day,code,turnover_ratio,market_cap,circulating_market_cap,pe_ratio,pb_ratio"
2024-04-30,002936.XSHE,0.7507,175.4774,129.284,10.7688,0.4014,"day,code,turnover_ratio,market_cap,circulating_market_cap,pe_ratio,pb_ratio"
2024-05-06,002936.XSHE,0.8221,175.4774,129.284,10.7688,0.4014,"day,code,turnover_ratio,market_cap,circulating_market_cap,pe_ratio,pb_ratio"
2024-05-07,002936.XSHE,0.8163,175.4774,129.284,10.7688,0.4014,"day,code,turnover_ratio,market_cap,circulating_market_cap,pe_ratio,pb_ratio"
2024-05-08,002936.XSHE,0.6699,173.6589,127.9443,10.6572,0.3973,"day,code,turnover_ratio,market_cap,circulating_market_cap,pe_ratio,pb_ratio"
2024-05-09,002936.XSHE,0.6489,174.5682,128.6141,10.713,0.3993,"day,code,turnover_ratio,market_cap,circulating_market_cap,pe_ratio,pb_ratio"
2024-05-10,002936.XSHE,0.7635,175.4774,129.284,10.7688,0.4014,"day,code,turnover_ratio,market_cap,circulating_market_cap,pe_ratio,pb_ratio"
2024-05-13,002936.XSHE,1.008,176.3866,129.9539,10.8246,0.4035,"day,code,turnover_ratio,market_cap,circulating_market_cap,pe_ratio,pb_ratio"
2024-05-14,002936.XSHE,0.6074,175.4774,129.284,10.7688,0.4014,"day,code,turnover_ratio,market_cap,circulating_market_cap,pe_ratio,pb_ratio"
2024-05-15,002936.XSHE,0.6353,175.4774,129.284,10.7688,0.4014,"day,code,turnover_ratio,market_cap,circulating_market_cap,pe_ratio,pb_ratio"
2024-05-16,002936.XSHE,1.0984,177.2958,130.6237,10.8804,0.4056,"day,code,turnover_ratio,market_cap,circulating_market_cap,pe_ratio,pb_ratio"
2024-05-17,002936.XSHE,1.1955,180.0234,132.6333,11.0478,0.4118,"day,code,turnover_ratio,market_cap,circulating_market_cap,pe_ratio,pb_ratio"
2024-05-20,002936.XSHE,1.0605,178.205,131.2936,10.9362,0.4077,"day,code,turnover_ratio,market_cap,circulating_market_cap,pe_ratio,pb_ratio"
2024-05-21,002936.XSHE,0.8502,179.1142,131.9635,10.992,0.4097,"day,code,turnover_ratio,market_cap,circulating_market_cap,pe_ratio,pb_ratio"
2024-05-22,002936.XSHE,1.2015,180.0234,132.6333,11.0478,0.4118,"day,code,turnover_ratio,market_cap,circulating_market_cap,pe_ratio,pb_ratio"
2024-05-23,002936.XSHE,1.241,176.3866,129.9539,10.8246,0.4035,"day,code,turnover_ratio,market_cap,circulating_market_cap,pe_ratio,pb_ratio"
2024-05-24,002936.XSHE,0.7604,177.2958,130.6237,10.8804,0.4056,"day,code,turnover_ratio,market_cap,circulating_market_cap,pe_ratio,pb_ratio"
2024-05-27,002936.XSHE,0.7441,178.205,131.2936,10.9362,0.4077,"day,code,turnover_ratio,market_cap,circulating_market_cap,pe_ratio,pb_ratio"
2024-05-28,002936.XSHE,0.8935,177.2958,130.6237,10.8804,0.4056,"day,code,turnover_ratio,market_cap,circulating_market_cap,pe_ratio,pb_ratio"
2024-05-29,002936.XSHE,1.6375,175.4774,129.284,10.7688,0.4014,"day,code,turnover_ratio,market_cap,circulating_market_cap,pe_ratio,pb_ratio"
2024-05-30,002936.XSHE,0.8759,172.7497,127.2744,10.6014,0.3952,"day,code,turnover_ratio,market_cap,circulating_market_cap,pe_ratio,pb_ratio"
2024-05-31,002936.XSHE,0.5949,173.6589,127.9443,10.6572,0.3973,"day,code,turnover_ratio,market_cap,circulating_market_cap,pe_ratio,pb_ratio"
2024-06-03,002936.XSHE,1.0335,170.9313,125.9347,10.4898,0.391,"day,code,turnover_ratio,market_cap,circulating_market_cap,pe_ratio,pb_ratio"
2024-06-04,002936.XSHE,0.7304,170.9313,125.9347,10.4898,0.391,"day,code,turnover_ratio,market_cap,circulating_market_cap,pe_ratio,pb_ratio"
2024-06-05,002936.XSHE,0.5475,170.0221,125.2648,10.434,0.3889,"day,code,turnover_ratio,market_cap,circulating_market_cap,pe_ratio,pb_ratio"
2024-06-06,002936.XSHE,0.9249,167.2945,123.2552,10.2667,0.3827,"day,code,turnover_ratio,market_cap,circulating_market_cap,pe_ratio,pb_ratio"
2024-06-07,002936.XSHE,0.5344,168.2037,123.9251,10.3224,0.3848,"day,code,turnover_ratio,market_cap,circulating_market_cap,pe_ratio,pb_ratio"
2024-06-11,002936.XSHE,0.5761,166.3853,122.5853,10.2109,0.3806,"day,code,turnover_ratio,market_cap,circulating_market_cap,pe_ratio,pb_ratio"
2024-06-12,002936.XSHE,0.445,167.2945,123.2552,10.2667,0.3827,"day,code,turnover_ratio,market_cap,circulating_market_cap,pe_ratio,pb_ratio"
2024-06-13,002936.XSHE,0.7037,166.3853,122.5853,10.2109,0.3806,"day,code,turnover_ratio,market_cap,circulating_market_cap,pe_ratio,pb_ratio"
2024-06-14,002936.XSHE,1.0677,168.2037,123.9251,10.3224,0.3848,"day,code,turnover_ratio,market_cap,circulating_market_cap,pe_ratio,pb_ratio"
2024-06-17,002936.XSHE,0.534,168.2037,123.9251,10.3224,0.3848,"day,code,turnover_ratio,market_cap,circulating_market_cap,pe_ratio,pb_ratio"
2024-06-18,002936.XSHE,0.3093,168.2037,123.9251,10.3224,0.3848,"day,code,turnover_ratio,market_cap,circulating_market_cap,pe_ratio,pb_ratio"
2024-06-19,002936.XSHE,0.3602,167.2945,123.2552,10.2667,0.3827,"day,code,turnover_ratio,market_cap,circulating_market_cap,pe_ratio,pb_ratio"
2024-06-20,002936.XSHE,0.5049,165.4761,121.9155,10.1551,0.3785,"day,code,turnover_ratio,market_cap,circulating_market_cap,pe_ratio,pb_ratio"
2024-06-21,002936.XSHE,1.0149,161.8392,119.236,9.9319,0.3702,"day,code,turnover_ratio,market_cap,circulating_market_cap,pe_ratio,pb_ratio"
2024-06-24,002936.XSHE,0.9107,158.2024,116.5566,9.7087,0.3619,"day,code,turnover_ratio,market_cap,circulating_market_cap,pe_ratio,pb_ratio"
2024-06-25,002936.XSHE,0.6709,157.2932,115.8867,9.6529,0.3598,"day,code,turnover_ratio,market_cap,circulating_market_cap,pe_ratio,pb_ratio"
2024-06-26,002936.XSHE,0.6229,159.1116,117.2264,9.7645,0.364,"day,code,turnover_ratio,market_cap,circulating_market_cap,pe_ratio,pb_ratio"
2024-06-27,002936.XSHE,0.6469,158.2024,116.5566,9.7087,0.3619,"day,code,turnover_ratio,market_cap,circulating_market_cap,pe_ratio,pb_ratio"
2024-06-28,002936.XSHE,1.0135,157.2932,115.8867,9.6529,0.3598,"day,code,turnover_ratio,market_cap,circulating_market_cap,pe_ratio,pb_ratio"
2024-07-01,002936.XSHE,0.7696,158.2024,116.5566,9.7087,0.3619,"day,code,turnover_ratio,market_cap,circulating_market_cap,pe_ratio,pb_ratio"
2024-07-02,002936.XSHE,0.9754,161.8392,119.236,9.9319,0.3702,"day,code,turnover_ratio,market_cap,circulating_market_cap,pe_ratio,pb_ratio"
2024-07-03,002936.XSHE,0.8242,162.7484,119.9059,9.9877,0.3723,"day,code,turnover_ratio,market_cap,circulating_market_cap,pe_ratio,pb_ratio"
2024-07-04,002936.XSHE,0.8147,160.0208,117.8963,9.8203,0.3661,"day,code,turnover_ratio,market_cap,circulating_market_cap,pe_ratio,pb_ratio"
2024-07-05,002936.XSHE,0.5422,158.2024,116.5566,9.7087,0.3619,"day,code,turnover_ratio,market_cap,circulating_market_cap,pe_ratio,pb_ratio"
2024-07-08,002936.XSHE,0.5777,157.2932,115.8867,9.6529,0.3598,"day,code,turnover_ratio,market_cap,circulating_market_cap,pe_ratio,pb_ratio"
2024-07-09,002936.XSHE,0.7467,159.1116,117.2264,9.7645,0.364,"day,code,turnover_ratio,market_cap,circulating_market_cap,pe_ratio,pb_ratio"
2024-07-10,002936.XSHE,0.4046,159.1116,117.2264,9.7645,0.364,"day,code,turnover_ratio,market_cap,circulating_market_cap,pe_ratio,pb_ratio"
2024-07-11,002936.XSHE,0.6644,160.93,118.5661,9.8761,0.3681,"day,code,turnover_ratio,market_cap,circulating_market_cap,pe_ratio,pb_ratio"
2024-07-12,002936.XSHE,0.5858,161.8392,119.236,9.9319,0.3702,"day,code,turnover_ratio,market_cap,circulating_market_cap,pe_ratio,pb_ratio"
2024-07-15,002936.XSHE,0.435,160.93,118.5661,9.8761,0.3681,"day,code,turnover_ratio,market_cap,circulating_market_cap,pe_ratio,pb_ratio"
2024-07-16,002936.XSHE,0.4678,160.0208,117.8963,9.8203,0.3661,"day,code,turnover_ratio,market_cap,circulating_market_cap,pe_ratio,pb_ratio"
2024-07-17,002936.XSHE,0.3469,160.93,118.5661,9.8761,0.3681,"day,code,turnover_ratio,market_cap,circulating_market_cap,pe_ratio,pb_ratio"
2024-07-18,002936.XSHE,0.3937,160.93,118.5661,9.8761,0.3681,"day,code,turnover_ratio,market_cap,circulating_market_cap,pe_ratio,pb_ratio"
2024-07-19,002936.XSHE,0.3879,160.0208,117.8963,9.8203,0.3661,"day,code,turnover_ratio,market_cap,circulating_market_cap,pe_ratio,pb_ratio"
2024-07-22,002936.XSHE,0.2818,160.0208,117.8963,9.8203,0.3661,"day,code,turnover_ratio,market_cap,circulating_market_cap,pe_ratio,pb_ratio"
2024-07-23,002936.XSHE,0.6813,159.1116,117.2264,9.7645,0.364,"day,code,turnover_ratio,market_cap,circulating_market_cap,pe_ratio,pb_ratio"
2024-07-24,002936.XSHE,0.6497,157.2932,115.8867,9.6529,0.3598,"day,code,turnover_ratio,market_cap,circulating_market_cap,pe_ratio,pb_ratio"
2024-07-25,002936.XSHE,0.555,158.2024,116.5566,9.7087,0.3619,"day,code,turnover_ratio,market_cap,circulating_market_cap,pe_ratio,pb_ratio"
2024-07-26,002936.XSHE,0.4372,158.2024,116.5566,9.7087,0.3619,"day,code,turnover_ratio,market_cap,circulating_market_cap,pe_ratio,pb_ratio"
2024-07-29,002936.XSHE,0.2481,158.2024,116.5566,9.7087,0.3619,"day,code,turnover_ratio,market_cap,circulating_market_cap,pe_ratio,pb_ratio"
2024-07-30,002936.XSHE,0.649,159.1116,117.2264,9.7645,0.364,"day,code,turnover_ratio,market_cap,circulating_market_cap,pe_ratio,pb_ratio"
2024-07-31,002936.XSHE,1.521,164.5669,121.2456,10.0993,0.3765,"day,code,turnover_ratio,market_cap,circulating_market_cap,pe_ratio,pb_ratio"
2024-08-01,002936.XSHE,0.537,161.8392,119.236,9.9319,0.3702,"day,code,turnover_ratio,market_cap,circulating_market_cap,pe_ratio,pb_ratio"
2024-08-02,002936.XSHE,0.5086,160.93,118.5661,9.8761,0.3681,"day,code,turnover_ratio,market_cap,circulating_market_cap,pe_ratio,pb_ratio"
2024-08-05,002936.XSHE,0.6216,160.0208,117.8963,9.8203,0.3661,"day,code,turnover_ratio,market_cap,circulating_market_cap,pe_ratio,pb_ratio"
2024-08-06,002936.XSHE,0.6279,160.0208,117.8963,9.8203,0.3661,"day,code,turnover_ratio,market_cap,circulating_market_cap,pe_ratio,pb_ratio"
2024-08-07,002936.XSHE,0.3564,159.1116,117.2264,9.7645,0.364,"day,code,turnover_ratio,market_cap,circulating_market_cap,pe_ratio,pb_ratio"
2024-08-08,002936.XSHE,0.6266,160.0208,117.8963,9.8203,0.3661,"day,code,turnover_ratio,market_cap,circulating_market_cap,pe_ratio,pb_ratio"
2024-08-09,002936.XSHE,0.4835,160.93,118.5661,9.8761,0.3681,"day,code,turnover_ratio,market_cap,circulating_market_cap,pe_ratio,pb_ratio"
2024-08-12,002936.XSHE,0.3518,159.1116,117.2264,9.7645,0.364,"day,code,turnover_ratio,market_cap,circulating_market_cap,pe_ratio,pb_ratio"
2024-08-13,002936.XSHE,0.4639,160.0208,117.8963,9.8203,0.3661,"day,code,turnover_ratio,market_cap,circulating_market_cap,pe_ratio,pb_ratio"
2024-08-14,002936.XSHE,0.2964,159.1116,117.2264,9.7645,0.364,"day,code,turnover_ratio,market_cap,circulating_market_cap,pe_ratio,pb_ratio"
2024-08-15,002936.XSHE,0.582,160.93,118.5661,9.8761,0.3681,"day,code,turnover_ratio,market_cap,circulating_market_cap,pe_ratio,pb_ratio"
2024-08-16,002936.XSHE,0.441,160.93,118.5661,9.8761,0.3681,"day,code,turnover_ratio,market_cap,circulating_market_cap,pe_ratio,pb_ratio"
2024-08-19,002936.XSHE,1.0761,162.7484,119.9059,9.9877,0.3723,"day,code,turnover_ratio,market_cap,circulating_market_cap,pe_ratio,pb_ratio"
2024-08-20,002936.XSHE,0.734,160.93,118.5661,9.8761,0.3681,"day,code,turnover_ratio,market_cap,circulating_market_cap,pe_ratio,pb_ratio"
2024-08-21,002936.XSHE,0.4892,160.0208,117.8963,9.8203,0.3661,"day,code,turnover_ratio,market_cap,circulating_market_cap,pe_ratio,pb_ratio"
2024-08-22,002936.XSHE,0.466,160.0208,117.8963,9.8203,0.3661,"day,code,turnover_ratio,market_cap,circulating_market_cap,pe_ratio,pb_ratio"
2024-08-23,002936.XSHE,0.4266,159.1116,117.2264,9.7645,0.364,"day,code,turnover_ratio,market_cap,circulating_market_cap,pe_ratio,pb_ratio"
2024-08-26,002936.XSHE,0.4219,160.0208,117.8963,9.8203,0.3661,"day,code,turnover_ratio,market_cap,circulating_market_cap,pe_ratio,pb_ratio"
2024-08-27,002936.XSHE,0.3748,159.1116,117.2264,9.7645,0.364,"day,code,turnover_ratio,market_cap,circulating_market_cap,pe_ratio,pb_ratio"
2024-08-28,002936.XSHE,0.4261,160.0208,117.8963,9.8203,0.3661,"day,code,turnover_ratio,market_cap,circulating_market_cap,pe_ratio,pb_ratio"
2024-08-29,002936.XSHE,0.7939,157.2932,115.8867,9.6529,0.3598,"day,code,turnover_ratio,market_cap,circulating_market_cap,pe_ratio,pb_ratio"
2024-08-30,002936.XSHE,0.9304,158.2024,116.5576,11.3216,0.3562,"day,code,turnover_ratio,market_cap,circulating_market_cap,pe_ratio,pb_ratio"
2024-09-02,002936.XSHE,0.621,156.384,115.2179,11.1915,0.3522,"day,code,turnover_ratio,market_cap,circulating_market_cap,pe_ratio,pb_ratio"
2024-09-03,002936.XSHE,1.2071,153.6563,113.2082,10.9963,0.346,"day,code,turnover_ratio,market_cap,circulating_market_cap,pe_ratio,pb_ratio"
2024-09-04,002936.XSHE,0.537,151.8379,111.8685,10.8662,0.3419,"day,code,turnover_ratio,market_cap,circulating_market_cap,pe_ratio,pb_ratio"
2024-09-05,002936.XSHE,0.4294,152.7471,112.5384,10.9312,0.344,"day,code,turnover_ratio,market_cap,circulating_market_cap,pe_ratio,pb_ratio"
2024-09-06,002936.XSHE,0.6681,152.7471,112.5384,10.9312,0.344,"day,code,turnover_ratio,market_cap,circulating_market_cap,pe_ratio,pb_ratio"
2024-09-09,002936.XSHE,0.7636,150.0195,110.5288,10.736,0.3378,"day,code,turnover_ratio,market_cap,circulating_market_cap,pe_ratio,pb_ratio"
2024-09-10,002936.XSHE,0.5743,150.0195,110.5288,10.736,0.3378,"day,code,turnover_ratio,market_cap,circulating_market_cap,pe_ratio,pb_ratio"
2024-09-11,002936.XSHE,0.5646,147.2919,108.5191,10.5408,0.3317,"day,code,turnover_ratio,market_cap,circulating_market_cap,pe_ratio,pb_ratio"
2024-09-12,002936.XSHE,0.6672,148.2011,109.189,10.6059,0.3337,"day,code,turnover_ratio,market_cap,circulating_market_cap,pe_ratio,pb_ratio"
2024-09-13,002936.XSHE,0.4449,148.2011,109.189,10.6059,0.3337,"day,code,turnover_ratio,market_cap,circulating_market_cap,pe_ratio,pb_ratio"
2024-09-18,002936.XSHE,0.6164,146.3827,107.8493,10.4758,0.3296,"day,code,turnover_ratio,market_cap,circulating_market_cap,pe_ratio,pb_ratio"
2024-09-19,002936.XSHE,0.674,149.1103,109.8901,10.671,0.3358,"day,code,turnover_ratio,market_cap,circulating_market_cap,pe_ratio,pb_ratio"
2024-09-20,002936.XSHE,0.4165,148.2011,109.2201,10.6059,0.3337,"day,code,turnover_ratio,market_cap,circulating_market_cap,pe_ratio,pb_ratio"
2024-09-23,002936.XSHE,0.5325,149.1103,109.8901,10.671,0.3358,"day,code,turnover_ratio,market_cap,circulating_market_cap,pe_ratio,pb_ratio"
2024-09-24,002936.XSHE,1.2066,153.6563,113.2404,10.9963,0.346,"day,code,turnover_ratio,market_cap,circulating_market_cap,pe_ratio,pb_ratio"
2024-09-25,002936.XSHE,4.2959,169.1129,124.6315,12.1024,0.3808,"day,code,turnover_ratio,market_cap,circulating_market_cap,pe_ratio,pb_ratio"
2024-09-26,002936.XSHE,5.2386,176.3866,129.992,12.623,0.3972,"day,code,turnover_ratio,market_cap,circulating_market_cap,pe_ratio,pb_ratio"
2024-09-27,002936.XSHE,4.2161,177.2958,130.662,12.688,0.3992,"day,code,turnover_ratio,market_cap,circulating_market_cap,pe_ratio,pb_ratio"
2024-09-30,002936.XSHE,5.248,195.48,144.0633,13.9894,0.4402,"day,code,turnover_ratio,market_cap,circulating_market_cap,pe_ratio,pb_ratio"
2024-10-08,002936.XSHE,9.2775,215.4826,158.8046,15.4209,0.4852,"day,code,turnover_ratio,market_cap,circulating_market_cap,pe_ratio,pb_ratio"
2024-10-09,002936.XSHE,5.741,193.6615,142.7231,13.8593,0.4361,"day,code,turnover_ratio,market_cap,circulating_market_cap,pe_ratio,pb_ratio"
2024-10-10,002936.XSHE,3.9312,190.9339,140.713,13.664,0.43,"day,code,turnover_ratio,market_cap,circulating_market_cap,pe_ratio,pb_ratio"
2024-10-11,002936.XSHE,2.8284,183.6602,135.3525,13.1435,0.4136,"day,code,turnover_ratio,market_cap,circulating_market_cap,pe_ratio,pb_ratio"
2024-10-14,002936.XSHE,3.6616,190.0247,140.0429,13.599,0.4279,"day,code,turnover_ratio,market_cap,circulating_market_cap,pe_ratio,pb_ratio"
2024-10-15,002936.XSHE,2.7954,182.751,134.6824,13.0784,0.4115,"day,code,turnover_ratio,market_cap,circulating_market_cap,pe_ratio,pb_ratio"
2024-10-16,002936.XSHE,2.1013,185.4787,136.6926,13.2736,0.4177,"day,code,turnover_ratio,market_cap,circulating_market_cap,pe_ratio,pb_ratio"
2024-10-17,002936.XSHE,1.8635,180.9326,133.3423,12.9483,0.4074,"day,code,turnover_ratio,market_cap,circulating_market_cap,pe_ratio,pb_ratio"
2024-10-18,002936.XSHE,2.7197,185.4787,136.6926,13.2736,0.4177,"day,code,turnover_ratio,market_cap,circulating_market_cap,pe_ratio,pb_ratio"
2024-10-21,002936.XSHE,1.858,182.751,134.6824,13.0784,0.4115,"day,code,turnover_ratio,market_cap,circulating_market_cap,pe_ratio,pb_ratio"
2024-10-22,002936.XSHE,1.4488,182.751,134.6824,13.0784,0.4115,"day,code,turnover_ratio,market_cap,circulating_market_cap,pe_ratio,pb_ratio"
2024-10-23,002936.XSHE,2.92,185.4787,136.6926,13.2736,0.4177,"day,code,turnover_ratio,market_cap,circulating_market_cap,pe_ratio,pb_ratio"
2024-10-24,002936.XSHE,1.4814,182.751,134.6824,13.0784,0.4115,"day,code,turnover_ratio,market_cap,circulating_market_cap,pe_ratio,pb_ratio"
2024-10-25,002936.XSHE,1.5332,184.5695,136.0225,13.2086,0.4156,"day,code,turnover_ratio,market_cap,circulating_market_cap,pe_ratio,pb_ratio"
2024-10-28,002936.XSHE,2.7744,187.2971,138.0327,13.4038,0.4218,"day,code,turnover_ratio,market_cap,circulating_market_cap,pe_ratio,pb_ratio"
2024-10-29,002936.XSHE,2.7981,182.751,134.6824,13.0784,0.4115,"day,code,turnover_ratio,market_cap,circulating_market_cap,pe_ratio,pb_ratio"
2024-10-30,002936.XSHE,1.7548,182.751,134.6824,13.0784,0.4115,"day,code,turnover_ratio,market_cap,circulating_market_cap,pe_ratio,pb_ratio"
2024-10-31,002936.XSHE,2.6619,186.3879,137.3626,13.8722,0.4151,"day,code,turnover_ratio,market_cap,circulating_market_cap,pe_ratio,pb_ratio"
2024-11-01,002936.XSHE,2.7776,187.2971,138.0327,13.9399,0.4171,"day,code,turnover_ratio,market_cap,circulating_market_cap,pe_ratio,pb_ratio"
2024-11-04,002936.XSHE,1.6376,187.2971,138.0327,13.9399,0.4171,"day,code,turnover_ratio,market_cap,circulating_market_cap,pe_ratio,pb_ratio"
2024-11-05,002936.XSHE,4.0003,195.48,144.0633,14.5489,0.4354,"day,code,turnover_ratio,market_cap,circulating_market_cap,pe_ratio,pb_ratio"
2024-11-06,002936.XSHE,2.5108,194.5708,143.3932,14.4813,0.4333,"day,code,turnover_ratio,market_cap,circulating_market_cap,pe_ratio,pb_ratio"
2024-11-07,002936.XSHE,3.8489,204.5721,150.7639,15.2256,0.4556,"day,code,turnover_ratio,market_cap,circulating_market_cap,pe_ratio,pb_ratio"
2024-11-08,002936.XSHE,3.4586,200.026,147.4136,14.8873,0.4455,"day,code,turnover_ratio,market_cap,circulating_market_cap,pe_ratio,pb_ratio"
2024-11-11,002936.XSHE,2.7458,198.2076,146.0734,14.7519,0.4414,"day,code,turnover_ratio,market_cap,circulating_market_cap,pe_ratio,pb_ratio"
2024-11-12,002936.XSHE,2.1218,194.5708,143.3932,14.4813,0.4333,"day,code,turnover_ratio,market_cap,circulating_market_cap,pe_ratio,pb_ratio"
2024-11-13,002936.XSHE,1.9892,195.48,144.0633,14.5489,0.4354,"day,code,turnover_ratio,market_cap,circulating_market_cap,pe_ratio,pb_ratio"
2024-11-14,002936.XSHE,2.1572,189.1155,139.3728,14.0752,0.4212,"day,code,turnover_ratio,market_cap,circulating_market_cap,pe_ratio,pb_ratio"
2024-11-15,002936.XSHE,1.7506,186.3879,137.3626,13.8722,0.4151,"day,code,turnover_ratio,market_cap,circulating_market_cap,pe_ratio,pb_ratio"
2024-11-18,002936.XSHE,7.061,205.4813,151.4339,15.2933,0.4576,"day,code,turnover_ratio,market_cap,circulating_market_cap,pe_ratio,pb_ratio"
2024-11-19,002936.XSHE,7.4701,206.3905,152.104,15.361,0.4597,"day,code,turnover_ratio,market_cap,circulating_market_cap,pe_ratio,pb_ratio"
2024-11-20,002936.XSHE,4.8933,201.8444,148.7537,15.0226,0.4495,"day,code,turnover_ratio,market_cap,circulating_market_cap,pe_ratio,pb_ratio"
2024-11-21,002936.XSHE,3.1284,198.2076,146.0734,14.7519,0.4414,"day,code,turnover_ratio,market_cap,circulating_market_cap,pe_ratio,pb_ratio"
2024-11-22,002936.XSHE,3.4839,189.1155,139.3728,14.0752,0.4212,"day,code,turnover_ratio,market_cap,circulating_market_cap,pe_ratio,pb_ratio"
2024-11-25,002936.XSHE,2.4973,190.0247,140.0429,14.1429,0.4232,"day,code,turnover_ratio,market_cap,circulating_market_cap,pe_ratio,pb_ratio"
2024-11-26,002936.XSHE,2.0361,189.1155,139.3728,14.0752,0.4212,"day,code,turnover_ratio,market_cap,circulating_market_cap,pe_ratio,pb_ratio"
2024-11-27,002936.XSHE,2.2779,190.0247,140.0429,14.1429,0.4232,"day,code,turnover_ratio,market_cap,circulating_market_cap,pe_ratio,pb_ratio"
2024-11-28,002936.XSHE,2.3151,190.0247,140.0429,14.1429,0.4232,"day,code,turnover_ratio,market_cap,circulating_market_cap,pe_ratio,pb_ratio"
2024-11-29,002936.XSHE,2.4762,192.7523,142.0531,14.3459,0.4293,"day,code,turnover_ratio,market_cap,circulating_market_cap,pe_ratio,pb_ratio"
2024-12-02,002936.XSHE,2.8864,196.3892,144.7333,14.6166,0.4374,"day,code,turnover_ratio,market_cap,circulating_market_cap,pe_ratio,pb_ratio"
2024-12-03,002936.XSHE,2.1609,198.2076,146.0734,14.7519,0.4414,"day,code,turnover_ratio,market_cap,circulating_market_cap,pe_ratio,pb_ratio"
2024-12-04,002936.XSHE,2.0637,196.3892,144.7333,14.6166,0.4374,"day,code,turnover_ratio,market_cap,circulating_market_cap,pe_ratio,pb_ratio"
2024-12-05,002936.XSHE,1.7082,197.2984,145.4034,14.6843,0.4394,"day,code,turnover_ratio,market_cap,circulating_market_cap,pe_ratio,pb_ratio"
2024-12-06,002936.XSHE,3.7587,202.7536,149.4238,15.0903,0.4516,"day,code,turnover_ratio,market_cap,circulating_market_cap,pe_ratio,pb_ratio"
2024-12-09,002936.XSHE,3.2845,202.7536,149.4238,15.0903,0.4516,"day,code,turnover_ratio,market_cap,circulating_market_cap,pe_ratio,pb_ratio"
2024-12-10,002936.XSHE,5.8473,205.4813,151.4339,15.2933,0.4576,"day,code,turnover_ratio,market_cap,circulating_market_cap,pe_ratio,pb_ratio"
2024-12-11,002936.XSHE,3.9804,208.2089,153.4441,15.4963,0.4637,"day,code,turnover_ratio,market_cap,circulating_market_cap,pe_ratio,pb_ratio"
2024-12-12,002936.XSHE,3.5601,212.7549,156.7944,15.8346,0.4738,"day,code,turnover_ratio,market_cap,circulating_market_cap,pe_ratio,pb_ratio"
2024-12-13,002936.XSHE,5.073,203.6628,150.0938,15.158,0.4536,"day,code,turnover_ratio,market_cap,circulating_market_cap,pe_ratio,pb_ratio"
2024-12-16,002936.XSHE,2.8233,202.7536,149.4238,15.0903,0.4516,"day,code,turnover_ratio,market_cap,circulating_market_cap,pe_ratio,pb_ratio"
2024-12-17,002936.XSHE,2.923,197.2984,145.4034,14.6843,0.4394,"day,code,turnover_ratio,market_cap,circulating_market_cap,pe_ratio,pb_ratio"
2024-12-18,002936.XSHE,2.3104,197.2984,145.4034,14.6843,0.4394,"day,code,turnover_ratio,market_cap,circulating_market_cap,pe_ratio,pb_ratio"
2024-12-19,002936.XSHE,2.0611,194.5708,143.3932,14.4813,0.4333,"day,code,turnover_ratio,market_cap,circulating_market_cap,pe_ratio,pb_ratio"
2024-12-20,002936.XSHE,1.9364,193.6615,142.7231,14.4136,0.4313,"day,code,turnover_ratio,market_cap,circulating_market_cap,pe_ratio,pb_ratio"
2024-12-23,002936.XSHE,2.7855,191.8431,141.383,14.2782,0.4273,"day,code,turnover_ratio,market_cap,circulating_market_cap,pe_ratio,pb_ratio"
2024-12-24,002936.XSHE,2.1762,193.6615,142.7231,14.4136,0.4313,"day,code,turnover_ratio,market_cap,circulating_market_cap,pe_ratio,pb_ratio"
2024-12-25,002936.XSHE,3.7552,195.48,144.0633,14.5489,0.4354,"day,code,turnover_ratio,market_cap,circulating_market_cap,pe_ratio,pb_ratio"
2024-12-26,002936.XSHE,3.165,192.7523,142.0531,14.3459,0.4293,"day,code,turnover_ratio,market_cap,circulating_market_cap,pe_ratio,pb_ratio"
2024-12-27,002936.XSHE,3.2586,196.3892,144.7333,14.6166,0.4374,"day,code,turnover_ratio,market_cap,circulating_market_cap,pe_ratio,pb_ratio"
2024-12-30,002936.XSHE,2.2546,196.3892,144.7333,14.6166,0.4374,"day,code,turnover_ratio,market_cap,circulating_market_cap,pe_ratio,pb_ratio"
2024-12-31,002936.XSHE,3.7377,190.9339,140.713,14.2106,0.4252,"day,code,turnover_ratio,market_cap,circulating_market_cap,pe_ratio,pb_ratio"
2025-01-02,002936.XSHE,3.167,184.5695,136.0225,13.7369,0.4111,"day,code,turnover_ratio,market_cap,circulating_market_cap,pe_ratio,pb_ratio"
2025-01-03,002936.XSHE,2.1082,180.9326,133.3423,13.4662,0.403,"day,code,turnover_ratio,market_cap,circulating_market_cap,pe_ratio,pb_ratio"
2025-01-06,002936.XSHE,1.499,181.8418,134.0123,13.5339,0.405,"day,code,turnover_ratio,market_cap,circulating_market_cap,pe_ratio,pb_ratio"
2025-01-07,002936.XSHE,1.4381,181.8418,134.0123,13.5339,0.405,"day,code,turnover_ratio,market_cap,circulating_market_cap,pe_ratio,pb_ratio"
2025-01-08,002936.XSHE,1.7812,181.8418,134.0123,13.5339,0.405,"day,code,turnover_ratio,market_cap,circulating_market_cap,pe_ratio,pb_ratio"
2025-01-09,002936.XSHE,1.0805,180.0234,132.6722,13.3985,0.4009,"day,code,turnover_ratio,market_cap,circulating_market_cap,pe_ratio,pb_ratio"
2025-01-10,002936.XSHE,1.581,177.2958,130.662,13.1955,0.3949,"day,code,turnover_ratio,market_cap,circulating_market_cap,pe_ratio,pb_ratio"
2025-01-13,002936.XSHE,1.2547,173.6589,127.9818,12.9249,0.3868,"day,code,turnover_ratio,market_cap,circulating_market_cap,pe_ratio,pb_ratio"
2025-01-14,002936.XSHE,1.6604,179.1142,132.0021,13.3309,0.3989,"day,code,turnover_ratio,market_cap,circulating_market_cap,pe_ratio,pb_ratio"
2025-01-15,002936.XSHE,1.2556,177.2958,130.662,13.1955,0.3949,"day,code,turnover_ratio,market_cap,circulating_market_cap,pe_ratio,pb_ratio"
2025-01-16,002936.XSHE,1.7888,180.9326,133.3423,13.4662,0.403,"day,code,turnover_ratio,market_cap,circulating_market_cap,pe_ratio,pb_ratio"
2025-01-17,002936.XSHE,1.0579,179.1142,132.0021,13.3309,0.3989,"day,code,turnover_ratio,market_cap,circulating_market_cap,pe_ratio,pb_ratio"
2025-01-20,002936.XSHE,0.9726,180.0234,132.6722,13.3985,0.4009,"day,code,turnover_ratio,market_cap,circulating_market_cap,pe_ratio,pb_ratio"
2025-01-21,002936.XSHE,1.1679,180.0234,132.6722,13.3985,0.4009,"day,code,turnover_ratio,market_cap,circulating_market_cap,pe_ratio,pb_ratio"
2025-01-22,002936.XSHE,1.0679,176.3866,129.992,13.1279,0.3928,"day,code,turnover_ratio,market_cap,circulating_market_cap,pe_ratio,pb_ratio"
2025-01-23,002936.XSHE,2.0782,180.9326,133.3423,13.4662,0.403,"day,code,turnover_ratio,market_cap,circulating_market_cap,pe_ratio,pb_ratio"
2025-01-24,002936.XSHE,1.2873,180.9326,133.3423,13.4662,0.403,"day,code,turnover_ratio,market_cap,circulating_market_cap,pe_ratio,pb_ratio"
2025-01-27,002936.XSHE,1.4346,181.8418,134.0123,9.7429,0.3341,"day,code,turnover_ratio,market_cap,circulating_market_cap,pe_ratio,pb_ratio"
2025-02-05,002936.XSHE,1.0609,180.0234,132.6722,9.6454,0.3307,"day,code,turnover_ratio,market_cap,circulating_market_cap,pe_ratio,pb_ratio"
2025-02-06,002936.XSHE,1.2473,181.8418,134.0123,9.7429,0.3341,"day,code,turnover_ratio,market_cap,circulating_market_cap,pe_ratio,pb_ratio"
2025-02-07,002936.XSHE,1.911,183.6602,135.3525,9.8403,0.3374,"day,code,turnover_ratio,market_cap,circulating_market_cap,pe_ratio,pb_ratio"
2025-02-10,002936.XSHE,1.2535,183.6602,135.3525,9.8403,0.3374,"day,code,turnover_ratio,market_cap,circulating_market_cap,pe_ratio,pb_ratio"
2025-02-11,002936.XSHE,1.5097,183.6602,135.3525,9.8403,0.3374,"day,code,turnover_ratio,market_cap,circulating_market_cap,pe_ratio,pb_ratio"
2025-02-12,002936.XSHE,1.0601,183.6602,135.3525,9.8403,0.3374,"day,code,turnover_ratio,market_cap,circulating_market_cap,pe_ratio,pb_ratio"
2025-02-13,002936.XSHE,1.4997,184.5695,136.0225,9.889,0.3391,"day,code,turnover_ratio,market_cap,circulating_market_cap,pe_ratio,pb_ratio"
2025-02-14,002936.XSHE,1.239,182.751,134.6824,9.7916,0.3357,"day,code,turnover_ratio,market_cap,circulating_market_cap,pe_ratio,pb_ratio"
2025-02-17,002936.XSHE,1.4219,183.6602,135.3525,9.8403,0.3374,"day,code,turnover_ratio,market_cap,circulating_market_cap,pe_ratio,pb_ratio"
2025-02-18,002936.XSHE,2.1689,182.751,134.6824,9.7916,0.3357,"day,code,turnover_ratio,market_cap,circulating_market_cap,pe_ratio,pb_ratio"
2025-02-19,002936.XSHE,1.7886,180.0234,132.6722,9.6454,0.3307,"day,code,turnover_ratio,market_cap,circulating_market_cap,pe_ratio,pb_ratio"
2025-02-20,002936.XSHE,1.1372,180.0234,132.6722,9.6454,0.3307,"day,code,turnover_ratio,market_cap,circulating_market_cap,pe_ratio,pb_ratio"
2025-02-21,002936.XSHE,1.4838,178.205,131.3321,9.548,0.3274,"day,code,turnover_ratio,market_cap,circulating_market_cap,pe_ratio,pb_ratio"
2025-02-24,002936.XSHE,1.6572,180.0234,132.6722,9.6454,0.3307,"day,code,turnover_ratio,market_cap,circulating_market_cap,pe_ratio,pb_ratio"
2025-02-25,002936.XSHE,1.3837,178.205,131.3321,9.548,0.3274,"day,code,turnover_ratio,market_cap,circulating_market_cap,pe_ratio,pb_ratio"
2025-02-26,002936.XSHE,1.1057,179.1142,132.0021,9.5967,0.3291,"day,code,turnover_ratio,market_cap,circulating_market_cap,pe_ratio,pb_ratio"
2025-02-27,002936.XSHE,1.0792,180.0234,132.6722,9.6454,0.3307,"day,code,turnover_ratio,market_cap,circulating_market_cap,pe_ratio,pb_ratio"
2025-02-28,002936.XSHE,1.2997,178.205,131.3321,9.548,0.3274,"day,code,turnover_ratio,market_cap,circulating_market_cap,pe_ratio,pb_ratio"
2025-03-03,002936.XSHE,1.1337,176.3866,129.992,9.4506,0.324,"day,code,turnover_ratio,market_cap,circulating_market_cap,pe_ratio,pb_ratio"
2025-03-04,002936.XSHE,0.7707,176.3866,129.992,9.4506,0.324,"day,code,turnover_ratio,market_cap,circulating_market_cap,pe_ratio,pb_ratio"
2025-03-05,002936.XSHE,1.04,177.2958,130.662,9.4993,0.3257,"day,code,turnover_ratio,market_cap,circulating_market_cap,pe_ratio,pb_ratio"
2025-03-06,002936.XSHE,1.1785,179.1142,132.0021,9.5967,0.3291,"day,code,turnover_ratio,market_cap,circulating_market_cap,pe_ratio,pb_ratio"
2025-03-07,002936.XSHE,0.7073,177.2958,130.662,9.4993,0.3257,"day,code,turnover_ratio,market_cap,circulating_market_cap,pe_ratio,pb_ratio"
2025-03-10,002936.XSHE,0.7052,176.3866,129.992,9.4506,0.324,"day,code,turnover_ratio,market_cap,circulating_market_cap,pe_ratio,pb_ratio"
2025-03-11,002936.XSHE,0.716,176.3866,129.992,9.4506,0.324,"day,code,turnover_ratio,market_cap,circulating_market_cap,pe_ratio,pb_ratio"
2025-03-12,002936.XSHE,0.8509,177.2958,130.662,9.4993,0.3257,"day,code,turnover_ratio,market_cap,circulating_market_cap,pe_ratio,pb_ratio"
2025-03-13,002936.XSHE,1.0992,177.2958,130.662,9.4993,0.3257,"day,code,turnover_ratio,market_cap,circulating_market_cap,pe_ratio,pb_ratio"
2025-03-14,002936.XSHE,1.913,179.1142,132.0021,9.5967,0.3291,"day,code,turnover_ratio,market_cap,circulating_market_cap,pe_ratio,pb_ratio"
2025-03-17,002936.XSHE,1.3657,180.0234,132.6722,9.6454,0.3307,"day,code,turnover_ratio,market_cap,circulating_market_cap,pe_ratio,pb_ratio"
2025-03-18,002936.XSHE,0.832,179.1142,132.0021,9.5967,0.3291,"day,code,turnover_ratio,market_cap,circulating_market_cap,pe_ratio,pb_ratio"
2025-03-19,002936.XSHE,0.9897,180.0234,132.6722,9.6454,0.3307,"day,code,turnover_ratio,market_cap,circulating_market_cap,pe_ratio,pb_ratio"
2025-03-20,002936.XSHE,1.0209,180.0234,132.6722,9.6454,0.3307,"day,code,turnover_ratio,market_cap,circulating_market_cap,pe_ratio,pb_ratio"
2025-03-21,002936.XSHE,1.1454,178.205,131.3321,9.548,0.3274,"day,code,turnover_ratio,market_cap,circulating_market_cap,pe_ratio,pb_ratio"
2025-03-24,002936.XSHE,1.3454,178.205,131.3321,9.548,0.3274,"day,code,turnover_ratio,market_cap,circulating_market_cap,pe_ratio,pb_ratio"
2025-03-25,002936.XSHE,1.0992,179.1142,132.0021,9.5967,0.3291,"day,code,turnover_ratio,market_cap,circulating_market_cap,pe_ratio,pb_ratio"
2025-03-26,002936.XSHE,0.8584,179.1142,132.0021,9.5967,0.3291,"day,code,turnover_ratio,market_cap,circulating_market_cap,pe_ratio,pb_ratio"
2025-03-27,002936.XSHE,0.9125,180.0234,132.6722,9.6454,0.3307,"day,code,turnover_ratio,market_cap,circulating_market_cap,pe_ratio,pb_ratio"
2025-03-28,002936.XSHE,1.7289,176.3866,129.9939,9.4035,0.3969,"day,code,turnover_ratio,market_cap,circulating_market_cap,pe_ratio,pb_ratio"
2025-03-31,002936.XSHE,1.3478,175.4774,129.3238,9.355,0.3948,"day,code,turnover_ratio,market_cap,circulating_market_cap,pe_ratio,pb_ratio"
2025-04-01,002936.XSHE,1.2248,175.4774,129.3238,9.355,0.3948,"day,code,turnover_ratio,market_cap,circulating_market_cap,pe_ratio,pb_ratio"
2025-04-02,002936.XSHE,1.0395,177.2958,130.664,9.4519,0.3989,"day,code,turnover_ratio,market_cap,circulating_market_cap,pe_ratio,pb_ratio"
2025-04-03,002936.XSHE,1.1114,177.2958,130.664,9.4519,0.3989,"day,code,turnover_ratio,market_cap,circulating_market_cap,pe_ratio,pb_ratio"
2025-04-07,002936.XSHE,2.5938,161.8392,119.2727,8.6279,0.3641,"day,code,turnover_ratio,market_cap,circulating_market_cap,pe_ratio,pb_ratio"
2025-04-08,002936.XSHE,1.9727,165.4761,121.953,8.8218,0.3723,"day,code,turnover_ratio,market_cap,circulating_market_cap,pe_ratio,pb_ratio"
2025-04-09,002936.XSHE,1.6239,166.3853,122.6231,8.8703,0.3744,"day,code,turnover_ratio,market_cap,circulating_market_cap,pe_ratio,pb_ratio"
2025-04-10,002936.XSHE,1.2629,168.2037,123.9632,8.9672,0.3784,"day,code,turnover_ratio,market_cap,circulating_market_cap,pe_ratio,pb_ratio"
2025-04-11,002936.XSHE,0.9625,166.3853,122.6231,8.8703,0.3744,"day,code,turnover_ratio,market_cap,circulating_market_cap,pe_ratio,pb_ratio"
2025-04-14,002936.XSHE,0.7999,167.2945,123.2932,8.9187,0.3764,"day,code,turnover_ratio,market_cap,circulating_market_cap,pe_ratio,pb_ratio"
2025-04-15,002936.XSHE,1.2399,167.2945,123.2932,8.9187,0.3764,"day,code,turnover_ratio,market_cap,circulating_market_cap,pe_ratio,pb_ratio"
2025-04-16,002936.XSHE,1.2966,167.2945,123.2932,8.9187,0.3764,"day,code,turnover_ratio,market_cap,circulating_market_cap,pe_ratio,pb_ratio"
2025-04-17,002936.XSHE,1.4116,167.2945,123.2932,8.9187,0.3764,"day,code,turnover_ratio,market_cap,circulating_market_cap,pe_ratio,pb_ratio"
2025-04-18,002936.XSHE,0.9763,167.2945,123.2932,8.9187,0.3764,"day,code,turnover_ratio,market_cap,circulating_market_cap,pe_ratio,pb_ratio"
2025-04-21,002936.XSHE,1.8398,168.2037,123.9632,8.9672,0.3784,"day,code,turnover_ratio,market_cap,circulating_market_cap,pe_ratio,pb_ratio"
2025-04-22,002936.XSHE,0.9841,169.1129,124.6333,9.0157,0.3805,"day,code,turnover_ratio,market_cap,circulating_market_cap,pe_ratio,pb_ratio"
2025-04-23,002936.XSHE,0.9302,167.2945,123.2932,8.9187,0.3764,"day,code,turnover_ratio,market_cap,circulating_market_cap,pe_ratio,pb_ratio"
2025-04-24,002936.XSHE,0.8909,168.2037,123.9632,8.9672,0.3784,"day,code,turnover_ratio,market_cap,circulating_market_cap,pe_ratio,pb_ratio"
2025-04-25,002936.XSHE,1.5256,169.1129,124.6333,9.0157,0.3805,"day,code,turnover_ratio,market_cap,circulating_market_cap,pe_ratio,pb_ratio"
2025-04-28,002936.XSHE,1.0432,169.1129,124.6333,9.0157,0.3805,"day,code,turnover_ratio,market_cap,circulating_market_cap,pe_ratio,pb_ratio"
2025-04-29,002936.XSHE,1.5129,167.2945,123.2932,8.9187,0.3764,"day,code,turnover_ratio,market_cap,circulating_market_cap,pe_ratio,pb_ratio"
2025-04-30,002936.XSHE,0.8077,168.2037,123.9632,8.7428,0.3766,"day,code,turnover_ratio,market_cap,circulating_market_cap,pe_ratio,pb_ratio"
2025-05-06,002936.XSHE,0.885,169.1129,124.6333,8.7901,0.3787,"day,code,turnover_ratio,market_cap,circulating_market_cap,pe_ratio,pb_ratio"
2025-05-07,002936.XSHE,2.0127,170.9313,125.9735,8.8846,0.3827,"day,code,turnover_ratio,market_cap,circulating_market_cap,pe_ratio,pb_ratio"
2025-05-08,002936.XSHE,1.7897,172.7497,127.3136,8.9791,0.3868,"day,code,turnover_ratio,market_cap,circulating_market_cap,pe_ratio,pb_ratio"
2025-05-09,002936.XSHE,1.3386,172.7497,127.3136,8.9791,0.3868,"day,code,turnover_ratio,market_cap,circulating_market_cap,pe_ratio,pb_ratio"
2025-05-12,002936.XSHE,1.4629,173.6589,127.9837,9.0264,0.3888,"day,code,turnover_ratio,market_cap,circulating_market_cap,pe_ratio,pb_ratio"
2025-05-13,002936.XSHE,2.2559,176.3866,129.9939,9.1681,0.3949,"day,code,turnover_ratio,market_cap,circulating_market_cap,pe_ratio,pb_ratio"
2025-05-14,002936.XSHE,3.3142,181.8418,134.0143,9.4517,0.4072,"day,code,turnover_ratio,market_cap,circulating_market_cap,pe_ratio,pb_ratio"
2025-05-15,002936.XSHE,3.0685,180.9326,133.3442,9.4044,0.4051,"day,code,turnover_ratio,market_cap,circulating_market_cap,pe_ratio,pb_ratio"
2025-05-16,002936.XSHE,1.6583,178.205,131.334,9.2627,0.399,"day,code,turnover_ratio,market_cap,circulating_market_cap,pe_ratio,pb_ratio"
2025-05-19,002936.XSHE,0.9928,179.1142,132.0041,9.3099,0.401,"day,code,turnover_ratio,market_cap,circulating_market_cap,pe_ratio,pb_ratio"
2025-05-20,002936.XSHE,1.1702,178.205,131.334,9.2627,0.399,"day,code,turnover_ratio,market_cap,circulating_market_cap,pe_ratio,pb_ratio"
2025-05-21,002936.XSHE,1.4982,180.0234,132.6742,9.3572,0.4031,"day,code,turnover_ratio,market_cap,circulating_market_cap,pe_ratio,pb_ratio"
2025-05-22,002936.XSHE,2.0647,180.9326,133.3442,9.4044,0.4051,"day,code,turnover_ratio,market_cap,circulating_market_cap,pe_ratio,pb_ratio"
2025-05-23,002936.XSHE,2.9131,177.2958,130.664,9.2154,0.397,"day,code,turnover_ratio,market_cap,circulating_market_cap,pe_ratio,pb_ratio"
2025-05-26,002936.XSHE,1.5109,176.3866,129.9939,9.1681,0.3949,"day,code,turnover_ratio,market_cap,circulating_market_cap,pe_ratio,pb_ratio"
2025-05-27,002936.XSHE,1.7353,179.1142,132.0041,9.3099,0.401,"day,code,turnover_ratio,market_cap,circulating_market_cap,pe_ratio,pb_ratio"
2025-05-28,002936.XSHE,1.4904,179.1142,132.0041,9.3099,0.401,"day,code,turnover_ratio,market_cap,circulating_market_cap,pe_ratio,pb_ratio"
2025-05-29,002936.XSHE,1.7317,178.205,131.334,9.2627,0.399,"day,code,turnover_ratio,market_cap,circulating_market_cap,pe_ratio,pb_ratio"
2025-05-30,002936.XSHE,1.8391,180.0234,132.6742,9.3572,0.4031,"day,code,turnover_ratio,market_cap,circulating_market_cap,pe_ratio,pb_ratio"
2025-06-03,002936.XSHE,3.3202,184.5695,136.0245,9.5935,0.4133,"day,code,turnover_ratio,market_cap,circulating_market_cap,pe_ratio,pb_ratio"
2025-06-04,002936.XSHE,3.9721,189.1155,139.3749,9.8298,0.4234,"day,code,turnover_ratio,market_cap,circulating_market_cap,pe_ratio,pb_ratio"
2025-06-05,002936.XSHE,2.8318,185.4787,136.6946,9.6407,0.4153,"day,code,turnover_ratio,market_cap,circulating_market_cap,pe_ratio,pb_ratio"
2025-06-06,002936.XSHE,2.0402,184.5695,136.0245,9.5935,0.4133,"day,code,turnover_ratio,market_cap,circulating_market_cap,pe_ratio,pb_ratio"
2025-06-09,002936.XSHE,1.8359,185.4787,136.6946,9.6407,0.4153,"day,code,turnover_ratio,market_cap,circulating_market_cap,pe_ratio,pb_ratio"
2025-06-10,002936.XSHE,2.5498,185.4787,136.6946,9.6407,0.4153,"day,code,turnover_ratio,market_cap,circulating_market_cap,pe_ratio,pb_ratio"
2025-06-11,002936.XSHE,1.7623,185.4787,136.6946,9.6407,0.4153,"day,code,turnover_ratio,market_cap,circulating_market_cap,pe_ratio,pb_ratio"
2025-06-12,002936.XSHE,1.6531,187.2971,138.0347,9.7352,0.4194,"day,code,turnover_ratio,market_cap,circulating_market_cap,pe_ratio,pb_ratio"
2025-06-13,002936.XSHE,2.4097,183.6602,135.3545,9.5462,0.4112,"day,code,turnover_ratio,market_cap,circulating_market_cap,pe_ratio,pb_ratio"
2025-06-16,002936.XSHE,1.839,185.4787,136.6946,9.6407,0.4153,"day,code,turnover_ratio,market_cap,circulating_market_cap,pe_ratio,pb_ratio"
2025-06-17,002936.XSHE,2.3349,187.2971,138.0347,9.7352,0.4194,"day,code,turnover_ratio,market_cap,circulating_market_cap,pe_ratio,pb_ratio"
2025-06-18,002936.XSHE,1.8539,186.3879,137.3647,9.688,0.4173,"day,code,turnover_ratio,market_cap,circulating_market_cap,pe_ratio,pb_ratio"
2025-06-19,002936.XSHE,1.771,182.751,134.6844,9.4989,0.4092,"day,code,turnover_ratio,market_cap,circulating_market_cap,pe_ratio,pb_ratio"
2025-06-20,002936.XSHE,3.1467,186.3879,137.3647,9.688,0.4173,"day,code,turnover_ratio,market_cap,circulating_market_cap,pe_ratio,pb_ratio"
2025-06-23,002936.XSHE,3.0764,190.0247,140.045,9.877,0.4255,"day,code,turnover_ratio,market_cap,circulating_market_cap,pe_ratio,pb_ratio"
2025-06-24,002936.XSHE,3.5796,190.0247,140.045,9.877,0.4255,"day,code,turnover_ratio,market_cap,circulating_market_cap,pe_ratio,pb_ratio"
2025-06-25,002936.XSHE,2.8423,191.8431,141.3851,9.9715,0.4296,"day,code,turnover_ratio,market_cap,circulating_market_cap,pe_ratio,pb_ratio"
2025-06-26,002936.XSHE,3.3963,192.7523,142.0552,10.0188,0.4316,"day,code,turnover_ratio,market_cap,circulating_market_cap,pe_ratio,pb_ratio"
2025-06-27,002936.XSHE,5.4417,190.0247,140.045,9.877,0.4255,"day,code,turnover_ratio,market_cap,circulating_market_cap,pe_ratio,pb_ratio"
2025-06-30,002936.XSHE,3.1832,187.2971,138.0347,9.7352,0.4194,"day,code,turnover_ratio,market_cap,circulating_market_cap,pe_ratio,pb_ratio"
2025-07-01,002936.XSHE,2.3787,189.1155,139.3749,9.8298,0.4234,"day,code,turnover_ratio,market_cap,circulating_market_cap,pe_ratio,pb_ratio"
2025-07-02,002936.XSHE,2.4533,190.9339,140.715,9.9243,0.4275,"day,code,turnover_ratio,market_cap,circulating_market_cap,pe_ratio,pb_ratio"
2025-07-03,002936.XSHE,1.8681,190.0247,140.045,9.877,0.4255,"day,code,turnover_ratio,market_cap,circulating_market_cap,pe_ratio,pb_ratio"
2025-07-04,002936.XSHE,3.5556,193.6615,142.7252,10.0661,0.4336,"day,code,turnover_ratio,market_cap,circulating_market_cap,pe_ratio,pb_ratio"
2025-07-07,002936.XSHE,2.829,197.2984,145.4055,10.2551,0.4418,"day,code,turnover_ratio,market_cap,circulating_market_cap,pe_ratio,pb_ratio"
2025-07-08,002936.XSHE,2.5139,198.2076,146.0756,10.3023,0.4438,"day,code,turnover_ratio,market_cap,circulating_market_cap,pe_ratio,pb_ratio"
2025-07-09,002936.XSHE,3.7818,201.8444,148.7559,10.4914,0.4519,"day,code,turnover_ratio,market_cap,circulating_market_cap,pe_ratio,pb_ratio"
2025-07-10,002936.XSHE,4.4143,205.4813,151.4362,10.6804,0.4601,"day,code,turnover_ratio,market_cap,circulating_market_cap,pe_ratio,pb_ratio"
2025-07-11,002936.XSHE,4.3548,201.8444,148.7559,10.4914,0.4519,"day,code,turnover_ratio,market_cap,circulating_market_cap,pe_ratio,pb_ratio"
2025-07-14,002936.XSHE,3.0447,201.8444,148.7559,10.4914,0.4519,"day,code,turnover_ratio,market_cap,circulating_market_cap,pe_ratio,pb_ratio"
2025-07-15,002936.XSHE,3.0627,198.2076,146.0756,10.3023,0.4438,"day,code,turnover_ratio,market_cap,circulating_market_cap,pe_ratio,pb_ratio"
2025-07-16,002936.XSHE,2.2761,196.3892,144.7355,10.2078,0.4397,"day,code,turnover_ratio,market_cap,circulating_market_cap,pe_ratio,pb_ratio"
2025-07-17,002936.XSHE,1.8729,195.48,144.0654,10.1606,0.4377,"day,code,turnover_ratio,market_cap,circulating_market_cap,pe_ratio,pb_ratio"
2025-07-18,002936.XSHE,1.8739,196.3892,144.7355,10.2078,0.4397,"day,code,turnover_ratio,market_cap,circulating_market_cap,pe_ratio,pb_ratio"
2025-07-21,002936.XSHE,2.2291,197.2984,145.4055,10.2551,0.4418,"day,code,turnover_ratio,market_cap,circulating_market_cap,pe_ratio,pb_ratio"
2025-07-22,002936.XSHE,3.0512,195.48,144.0654,10.1606,0.4377,"day,code,turnover_ratio,market_cap,circulating_market_cap,pe_ratio,pb_ratio"
2025-07-23,002936.XSHE,3.2384,196.3892,144.7355,10.2078,0.4397,"day,code,turnover_ratio,market_cap,circulating_market_cap,pe_ratio,pb_ratio"
2025-07-24,002936.XSHE,2.213,197.2984,145.4055,10.2551,0.4418,"day,code,turnover_ratio,market_cap,circulating_market_cap,pe_ratio,pb_ratio"
2025-07-25,002936.XSHE,2.1769,195.48,144.0654,10.1606,0.4377,"day,code,turnover_ratio,market_cap,circulating_market_cap,pe_ratio,pb_ratio"
2025-07-28,002936.XSHE,2.4548,195.48,144.0654,10.1606,0.4377,"day,code,turnover_ratio,market_cap,circulating_market_cap,pe_ratio,pb_ratio"
2025-07-29,002936.XSHE,2.2436,193.6615,142.7252,10.0661,0.4336,"day,code,turnover_ratio,market_cap,circulating_market_cap,pe_ratio,pb_ratio"
2025-07-30,002936.XSHE,2.0323,193.6615,142.7252,10.0661,0.4336,"day,code,turnover_ratio,market_cap,circulating_market_cap,pe_ratio,pb_ratio"
2025-07-31,002936.XSHE,2.5673,190.0247,140.045,9.877,0.4255,"day,code,turnover_ratio,market_cap,circulating_market_cap,pe_ratio,pb_ratio"
2025-08-01,002936.XSHE,1.7511,188.2063,138.7048,9.7825,0.4214,"day,code,turnover_ratio,market_cap,circulating_market_cap,pe_ratio,pb_ratio"
2025-08-04,002936.XSHE,1.3113,189.1155,139.3749,9.8298,0.4234,"day,code,turnover_ratio,market_cap,circulating_market_cap,pe_ratio,pb_ratio"
2025-08-05,002936.XSHE,2.0306,191.8431,141.3851,9.9715,0.4296,"day,code,turnover_ratio,market_cap,circulating_market_cap,pe_ratio,pb_ratio"
2025-08-06,002936.XSHE,1.5975,190.9339,140.715,9.9243,0.4275,"day,code,turnover_ratio,market_cap,circulating_market_cap,pe_ratio,pb_ratio"
2025-08-07,002936.XSHE,1.2459,190.9339,140.715,9.9243,0.4275,"day,code,turnover_ratio,market_cap,circulating_market_cap,pe_ratio,pb_ratio"
2025-08-08,002936.XSHE,0.8495,190.9339,140.715,9.9243,0.4275,"day,code,turnover_ratio,market_cap,circulating_market_cap,pe_ratio,pb_ratio"
2025-08-11,002936.XSHE,1.342,190.0247,140.045,9.877,0.4255,"day,code,turnover_ratio,market_cap,circulating_market_cap,pe_ratio,pb_ratio"
2025-08-12,002936.XSHE,1.2304,190.9339,140.715,9.9243,0.4275,"day,code,turnover_ratio,market_cap,circulating_market_cap,pe_ratio,pb_ratio"
2025-08-13,002936.XSHE,1.5463,190.0247,140.045,9.877,0.4255,"day,code,turnover_ratio,market_cap,circulating_market_cap,pe_ratio,pb_ratio"
2025-08-14,002936.XSHE,1.6719,188.2063,138.7048,9.7825,0.4214,"day,code,turnover_ratio,market_cap,circulating_market_cap,pe_ratio,pb_ratio"
2025-08-15,002936.XSHE,1.9048,187.2971,138.0347,9.7352,0.4194,"day,code,turnover_ratio,market_cap,circulating_market_cap,pe_ratio,pb_ratio"
2025-08-18,002936.XSHE,2.112,189.1155,139.3749,9.8298,0.4234,"day,code,turnover_ratio,market_cap,circulating_market_cap,pe_ratio,pb_ratio"
2025-08-19,002936.XSHE,1.4157,188.2063,138.7048,9.7825,0.4214,"day,code,turnover_ratio,market_cap,circulating_market_cap,pe_ratio,pb_ratio"
2025-08-20,002936.XSHE,1.4986,190.0247,140.045,9.877,0.4255,"day,code,turnover_ratio,market_cap,circulating_market_cap,pe_ratio,pb_ratio"
2025-08-21,002936.XSHE,1.8766,190.9339,140.715,9.9243,0.4275,"day,code,turnover_ratio,market_cap,circulating_market_cap,pe_ratio,pb_ratio"
2025-08-22,002936.XSHE,1.7603,190.9339,140.715,9.9243,0.4275,"day,code,turnover_ratio,market_cap,circulating_market_cap,pe_ratio,pb_ratio"
2025-08-25,002936.XSHE,2.7108,193.6615,142.7252,10.0661,0.4336,"day,code,turnover_ratio,market_cap,circulating_market_cap,pe_ratio,pb_ratio"
2025-08-26,002936.XSHE,1.2569,192.7523,142.0552,10.0188,0.4316,"day,code,turnover_ratio,market_cap,circulating_market_cap,pe_ratio,pb_ratio"
2025-08-27,002936.XSHE,2.0496,188.2063,138.7048,9.7825,0.4214,"day,code,turnover_ratio,market_cap,circulating_market_cap,pe_ratio,pb_ratio"
2025-08-28,002936.XSHE,2.4541,188.2063,138.7048,9.7825,0.4214,"day,code,turnover_ratio,market_cap,circulating_market_cap,pe_ratio,pb_ratio"
2025-08-29,002936.XSHE,2.8588,189.1155,139.3732,9.9052,0.4158,"day,code,turnover_ratio,market_cap,circulating_market_cap,pe_ratio,pb_ratio"
2025-09-01,002936.XSHE,2.1808,187.2971,138.033,9.8099,0.4118,"day,code,turnover_ratio,market_cap,circulating_market_cap,pe_ratio,pb_ratio"
2025-09-02,002936.XSHE,2.5403,190.0247,140.0432,9.9528,0.4178,"day,code,turnover_ratio,market_cap,circulating_market_cap,pe_ratio,pb_ratio"
2025-09-03,002936.XSHE,2.2613,185.4787,136.6929,9.7147,0.4078,"day,code,turnover_ratio,market_cap,circulating_market_cap,pe_ratio,pb_ratio"
2025-09-04,002936.XSHE,1.9662,184.5695,136.0229,9.6671,0.4058,"day,code,turnover_ratio,market_cap,circulating_market_cap,pe_ratio,pb_ratio"
2025-09-05,002936.XSHE,1.2645,184.5695,136.0229,9.6671,0.4058,"day,code,turnover_ratio,market_cap,circulating_market_cap,pe_ratio,pb_ratio"
2025-09-08,002936.XSHE,1.2088,184.5695,136.0229,9.6671,0.4058,"day,code,turnover_ratio,market_cap,circulating_market_cap,pe_ratio,pb_ratio"
2025-09-09,002936.XSHE,1.1017,184.5695,136.0229,9.6671,0.4058,"day,code,turnover_ratio,market_cap,circulating_market_cap,pe_ratio,pb_ratio"
2025-09-10,002936.XSHE,1.2484,185.4787,136.6929,9.7147,0.4078,"day,code,turnover_ratio,market_cap,circulating_market_cap,pe_ratio,pb_ratio"
2025-09-11,002936.XSHE,1.5403,187.2971,138.033,9.8099,0.4118,"day,code,turnover_ratio,market_cap,circulating_market_cap,pe_ratio,pb_ratio"
2025-09-12,002936.XSHE,1.894,186.3879,137.363,9.7623,0.4098,"day,code,turnover_ratio,market_cap,circulating_market_cap,pe_ratio,pb_ratio"
2025-09-15,002936.XSHE,2.0653,188.2063,138.7031,9.8576,0.4138,"day,code,turnover_ratio,market_cap,circulating_market_cap,pe_ratio,pb_ratio"
2025-09-16,002936.XSHE,3.0805,190.0247,140.0432,9.9528,0.4178,"day,code,turnover_ratio,market_cap,circulating_market_cap,pe_ratio,pb_ratio"
2025-09-17,002936.XSHE,1.9142,190.9339,140.7133,10.0004,0.4198,"day,code,turnover_ratio,market_cap,circulating_market_cap,pe_ratio,pb_ratio"
2025-09-18,002936.XSHE,2.9958,188.2063,138.7031,9.8576,0.4138,"day,code,turnover_ratio,market_cap,circulating_market_cap,pe_ratio,pb_ratio"
2025-09-19,002936.XSHE,2.5596,185.4787,136.6929,9.7147,0.4078,"day,code,turnover_ratio,market_cap,circulating_market_cap,pe_ratio,pb_ratio"
2025-09-22,002936.XSHE,1.7732,183.6602,135.3528,9.6194,0.4038,"day,code,turnover_ratio,market_cap,circulating_market_cap,pe_ratio,pb_ratio"
2025-09-23,002936.XSHE,1.931,183.6602,135.3528,9.6194,0.4038,"day,code,turnover_ratio,market_cap,circulating_market_cap,pe_ratio,pb_ratio"
2025-09-24,002936.XSHE,1.3737,184.5695,136.0229,9.6671,0.4058,"day,code,turnover_ratio,market_cap,circulating_market_cap,pe_ratio,pb_ratio"
2025-09-25,002936.XSHE,2.1716,181.8418,134.0127,9.5242,0.3998,"day,code,turnover_ratio,market_cap,circulating_market_cap,pe_ratio,pb_ratio"
2025-09-26,002936.XSHE,0.9154,181.8418,134.0127,9.5242,0.3998,"day,code,turnover_ratio,market_cap,circulating_market_cap,pe_ratio,pb_ratio"
2025-09-29,002936.XSHE,1.4606,181.8418,134.0127,9.5242,0.3998,"day,code,turnover_ratio,market_cap,circulating_market_cap,pe_ratio,pb_ratio"
2025-09-30,002936.XSHE,1.1289,180.0234,132.6725,9.429,0.3958,"day,code,turnover_ratio,market_cap,circulating_market_cap,pe_ratio,pb_ratio"
2025-10-09,002936.XSHE,1.1769,181.8418,134.0127,9.5242,0.3998,"day,code,turnover_ratio,market_cap,circulating_market_cap,pe_ratio,pb_ratio"
2025-10-10,002936.XSHE,1.7429,183.6602,135.3528,9.6194,0.4038,"day,code,turnover_ratio,market_cap,circulating_market_cap,pe_ratio,pb_ratio"
2025-10-13,002936.XSHE,1.6418,182.751,134.6827,9.5718,0.4018,"day,code,turnover_ratio,market_cap,circulating_market_cap,pe_ratio,pb_ratio"
2025-10-14,002936.XSHE,2.1864,184.5695,136.0229,9.6671,0.4058,"day,code,turnover_ratio,market_cap,circulating_market_cap,pe_ratio,pb_ratio"
2025-10-15,002936.XSHE,1.8352,184.5695,136.0229,9.6671,0.4058,"day,code,turnover_ratio,market_cap,circulating_market_cap,pe_ratio,pb_ratio"
2025-10-16,002936.XSHE,1.5387,184.5695,136.0229,9.6671,0.4058,"day,code,turnover_ratio,market_cap,circulating_market_cap,pe_ratio,pb_ratio"
2025-10-17,002936.XSHE,2.6176,183.6602,135.3528,9.6194,0.4038,"day,code,turnover_ratio,market_cap,circulating_market_cap,pe_ratio,pb_ratio"
2025-10-20,002936.XSHE,2.0707,184.5695,136.0229,9.6671,0.4058,"day,code,turnover_ratio,market_cap,circulating_market_cap,pe_ratio,pb_ratio"
2025-10-21,002936.XSHE,1.8183,186.3879,137.363,9.7623,0.4098,"day,code,turnover_ratio,market_cap,circulating_market_cap,pe_ratio,pb_ratio"
2025-10-22,002936.XSHE,2.1621,187.2971,138.033,9.8099,0.4118,"day,code,turnover_ratio,market_cap,circulating_market_cap,pe_ratio,pb_ratio"
2025-10-23,002936.XSHE,2.0384,187.2971,138.033,9.8099,0.4118,"day,code,turnover_ratio,market_cap,circulating_market_cap,pe_ratio,pb_ratio"
2025-10-24,002936.XSHE,2.2425,185.4787,136.6929,9.7147,0.4078,"day,code,turnover_ratio,market_cap,circulating_market_cap,pe_ratio,pb_ratio"
2025-10-27,002936.XSHE,1.7148,186.3879,137.363,9.7623,0.4098,"day,code,turnover_ratio,market_cap,circulating_market_cap,pe_ratio,pb_ratio"
2025-10-28,002936.XSHE,1.2027,184.5695,136.0229,9.6671,0.4058,"day,code,turnover_ratio,market_cap,circulating_market_cap,pe_ratio,pb_ratio"
2025-10-29,002936.XSHE,1.4232,183.6602,135.3528,9.6194,0.4038,"day,code,turnover_ratio,market_cap,circulating_market_cap,pe_ratio,pb_ratio"
2025-10-30,002936.XSHE,1.1911,183.6602,135.3528,9.6194,0.4038,"day,code,turnover_ratio,market_cap,circulating_market_cap,pe_ratio,pb_ratio"
2025-10-31,002936.XSHE,1.5701,182.751,134.6827,9.5647,0.3995,"day,code,turnover_ratio,market_cap,circulating_market_cap,pe_ratio,pb_ratio"
2025-11-03,002936.XSHE,1.3354,183.6602,135.3528,9.6123,0.4015,"day,code,turnover_ratio,market_cap,circulating_market_cap,pe_ratio,pb_ratio"
2025-11-04,002936.XSHE,1.9328,185.4787,136.6929,9.7075,0.4055,"day,code,turnover_ratio,market_cap,circulating_market_cap,pe_ratio,pb_ratio"
2025-11-05,002936.XSHE,1.5331,185.4787,136.6929,9.7075,0.4055,"day,code,turnover_ratio,market_cap,circulating_market_cap,pe_ratio,pb_ratio"
2025-11-06,002936.XSHE,1.2258,184.5695,136.0229,9.6599,0.4035,"day,code,turnover_ratio,market_cap,circulating_market_cap,pe_ratio,pb_ratio"
2025-11-07,002936.XSHE,0.9366,183.6602,135.3528,9.6123,0.4015,"day,code,turnover_ratio,market_cap,circulating_market_cap,pe_ratio,pb_ratio"
2025-11-10,002936.XSHE,1.7148,185.4787,136.6929,9.7075,0.4055,"day,code,turnover_ratio,market_cap,circulating_market_cap,pe_ratio,pb_ratio"
2025-11-11,002936.XSHE,0.9014,186.3879,137.363,9.755,0.4075,"day,code,turnover_ratio,market_cap,circulating_market_cap,pe_ratio,pb_ratio"
2025-11-12,002936.XSHE,2.0945,186.3879,137.363,9.755,0.4075,"day,code,turnover_ratio,market_cap,circulating_market_cap,pe_ratio,pb_ratio"
2025-11-13,002936.XSHE,1.9988,187.2971,138.033,9.8026,0.4094,"day,code,turnover_ratio,market_cap,circulating_market_cap,pe_ratio,pb_ratio"
2025-11-14,002936.XSHE,3.3239,188.2063,138.7031,9.8502,0.4114,"day,code,turnover_ratio,market_cap,circulating_market_cap,pe_ratio,pb_ratio"
2025-11-17,002936.XSHE,1.3557,187.2971,138.033,9.8026,0.4094,"day,code,turnover_ratio,market_cap,circulating_market_cap,pe_ratio,pb_ratio"
2025-11-18,002936.XSHE,1.9449,184.5695,136.0229,9.6599,0.4035,"day,code,turnover_ratio,market_cap,circulating_market_cap,pe_ratio,pb_ratio"
2025-11-19,002936.XSHE,1.3894,185.4787,136.6929,9.7075,0.4055,"day,code,turnover_ratio,market_cap,circulating_market_cap,pe_ratio,pb_ratio"
2025-11-20,002936.XSHE,3.0285,188.2063,138.7031,9.8502,0.4114,"day,code,turnover_ratio,market_cap,circulating_market_cap,pe_ratio,pb_ratio"
2025-11-21,002936.XSHE,2.966,181.8418,134.0127,9.5171,0.3975,"day,code,turnover_ratio,market_cap,circulating_market_cap,pe_ratio,pb_ratio"
2025-11-24,002936.XSHE,1.9393,181.8418,134.0127,9.5171,0.3975,"day,code,turnover_ratio,market_cap,circulating_market_cap,pe_ratio,pb_ratio"
2025-11-25,002936.XSHE,1.7379,182.751,134.6857,9.5647,0.3995,"day,code,turnover_ratio,market_cap,circulating_market_cap,pe_ratio,pb_ratio"
2025-11-26,002936.XSHE,0.9681,181.8418,134.0156,9.5171,0.3975,"day,code,turnover_ratio,market_cap,circulating_market_cap,pe_ratio,pb_ratio"
2025-11-27,002936.XSHE,0.9065,181.8418,140.5859,9.5171,0.3975,"day,code,turnover_ratio,market_cap,circulating_market_cap,pe_ratio,pb_ratio"
2025-11-28,002936.XSHE,0.9499,181.8418,140.5859,9.5171,0.3975,"day,code,turnover_ratio,market_cap,circulating_market_cap,pe_ratio,pb_ratio"
2025-12-01,002936.XSHE,1.4996,182.751,141.2889,9.5647,0.3995,"day,code,turnover_ratio,market_cap,circulating_market_cap,pe_ratio,pb_ratio"
2025-12-02,002936.XSHE,0.9957,183.6602,141.9918,9.6123,0.4015,"day,code,turnover_ratio,market_cap,circulating_market_cap,pe_ratio,pb_ratio"
2025-12-03,002936.XSHE,1.776,182.751,141.2889,9.5647,0.3995,"day,code,turnover_ratio,market_cap,circulating_market_cap,pe_ratio,pb_ratio"
2025-12-04,002936.XSHE,1.3893,181.8418,140.5859,9.5171,0.3975,"day,code,turnover_ratio,market_cap,circulating_market_cap,pe_ratio,pb_ratio"
2025-12-05,002936.XSHE,1.5144,181.8418,140.5859,9.5171,0.3975,"day,code,turnover_ratio,market_cap,circulating_market_cap,pe_ratio,pb_ratio"
2025-12-08,002936.XSHE,1.456,180.9326,139.883,9.4695,0.3955,"day,code,turnover_ratio,market_cap,circulating_market_cap,pe_ratio,pb_ratio"
2025-12-09,002936.XSHE,1.3048,179.1142,138.4771,9.3744,0.3916,"day,code,turnover_ratio,market_cap,circulating_market_cap,pe_ratio,pb_ratio"
2025-12-10,002936.XSHE,1.3682,178.205,137.7742,9.3268,0.3896,"day,code,turnover_ratio,market_cap,circulating_market_cap,pe_ratio,pb_ratio"
2025-12-11,002936.XSHE,1.2459,176.3866,136.3684,9.2316,0.3856,"day,code,turnover_ratio,market_cap,circulating_market_cap,pe_ratio,pb_ratio"
2025-12-12,002936.XSHE,0.9772,176.3866,136.3684,9.2316,0.3856,"day,code,turnover_ratio,market_cap,circulating_market_cap,pe_ratio,pb_ratio"
2025-12-15,002936.XSHE,0.4805,176.3866,136.3684,9.2316,0.3856,"day,code,turnover_ratio,market_cap,circulating_market_cap,pe_ratio,pb_ratio"
2025-12-16,002936.XSHE,1.0226,174.5682,134.9625,9.1364,0.3816,"day,code,turnover_ratio,market_cap,circulating_market_cap,pe_ratio,pb_ratio"
2025-12-17,002936.XSHE,1.1258,175.4774,135.6654,9.184,0.3836,"day,code,turnover_ratio,market_cap,circulating_market_cap,pe_ratio,pb_ratio"
2025-12-18,002936.XSHE,0.7823,177.2958,137.0713,9.2792,0.3876,"day,code,turnover_ratio,market_cap,circulating_market_cap,pe_ratio,pb_ratio"
2025-12-19,002936.XSHE,1.3002,178.205,137.7742,9.3268,0.3896,"day,code,turnover_ratio,market_cap,circulating_market_cap,pe_ratio,pb_ratio"
2025-12-22,002936.XSHE,0.7036,177.2958,137.0713,9.2792,0.3876,"day,code,turnover_ratio,market_cap,circulating_market_cap,pe_ratio,pb_ratio"
2025-12-23,002936.XSHE,0.8011,176.3866,136.3684,9.2316,0.3856,"day,code,turnover_ratio,market_cap,circulating_market_cap,pe_ratio,pb_ratio"
2025-12-24,002936.XSHE,0.5624,177.2958,137.0713,9.2792,0.3876,"day,code,turnover_ratio,market_cap,circulating_market_cap,pe_ratio,pb_ratio"
2025-12-25,002936.XSHE,0.3224,176.3866,136.3684,9.2316,0.3856,"day,code,turnover_ratio,market_cap,circulating_market_cap,pe_ratio,pb_ratio"
2025-12-26,002936.XSHE,0.6444,177.2958,137.0713,9.2792,0.3876,"day,code,turnover_ratio,market_cap,circulating_market_cap,pe_ratio,pb_ratio"
2025-12-29,002936.XSHE,0.4829,176.3866,136.3684,9.2316,0.3856,"day,code,turnover_ratio,market_cap,circulating_market_cap,pe_ratio,pb_ratio"
2025-12-30,002936.XSHE,0.7981,175.4774,135.6654,9.184,0.3836,"day,code,turnover_ratio,market_cap,circulating_market_cap,pe_ratio,pb_ratio"
2025-12-31,002936.XSHE,0.8402,175.4774,135.6654,9.184,0.3836,"day,code,turnover_ratio,market_cap,circulating_market_cap,pe_ratio,pb_ratio"
2026-01-05,002936.XSHE,1.0287,176.3866,136.3684,9.2316,0.3856,"day,code,turnover_ratio,market_cap,circulating_market_cap,pe_ratio,pb_ratio"
2026-01-06,002936.XSHE,1.0926,178.205,137.7742,9.3268,0.3896,"day,code,turnover_ratio,market_cap,circulating_market_cap,pe_ratio,pb_ratio"
2026-01-07,002936.XSHE,0.6962,176.3866,136.3684,9.2316,0.3856,"day,code,turnover_ratio,market_cap,circulating_market_cap,pe_ratio,pb_ratio"
2026-01-08,002936.XSHE,1.0953,176.3866,136.3684,9.2316,0.3856,"day,code,turnover_ratio,market_cap,circulating_market_cap,pe_ratio,pb_ratio"
2026-01-09,002936.XSHE,1.0547,176.3866,136.3684,9.2316,0.3856,"day,code,turnover_ratio,market_cap,circulating_market_cap,pe_ratio,pb_ratio"
2026-01-12,002936.XSHE,1.002,177.2958,137.0713,9.2792,0.3876,"day,code,turnover_ratio,market_cap,circulating_market_cap,pe_ratio,pb_ratio"
2026-01-13,002936.XSHE,1.7247,178.205,137.7742,9.3268,0.3896,"day,code,turnover_ratio,market_cap,circulating_market_cap,pe_ratio,pb_ratio"
2026-01-14,002936.XSHE,2.0007,176.3866,136.3684,9.2316,0.3856,"day,code,turnover_ratio,market_cap,circulating_market_cap,pe_ratio,pb_ratio"
2026-01-15,002936.XSHE,1.6136,174.5682,134.9625,9.1364,0.3816,"day,code,turnover_ratio,market_cap,circulating_market_cap,pe_ratio,pb_ratio"
2026-01-16,002936.XSHE,1.2783,173.6589,134.2596,9.0889,0.3796,"day,code,turnover_ratio,market_cap,circulating_market_cap,pe_ratio,pb_ratio"
2026-01-19,002936.XSHE,0.7851,172.7497,133.5566,9.0413,0.3776,"day,code,turnover_ratio,market_cap,circulating_market_cap,pe_ratio,pb_ratio"
2026-01-20,002936.XSHE,1.5315,173.6589,134.2596,9.0889,0.3796,"day,code,turnover_ratio,market_cap,circulating_market_cap,pe_ratio,pb_ratio"
2026-01-21,002936.XSHE,1.4186,172.7497,133.5566,9.0413,0.3776,"day,code,turnover_ratio,market_cap,circulating_market_cap,pe_ratio,pb_ratio"
2026-01-22,002936.XSHE,1.3033,173.6589,134.2596,9.0889,0.3796,"day,code,turnover_ratio,market_cap,circulating_market_cap,pe_ratio,pb_ratio"
2026-01-23,002936.XSHE,1.2552,173.6589,134.2596,9.0889,0.3796,"day,code,turnover_ratio,market_cap,circulating_market_cap,pe_ratio,pb_ratio"
2026-01-26,002936.XSHE,1.0897,173.6589,134.2596,9.0889,0.3796,"day,code,turnover_ratio,market_cap,circulating_market_cap,pe_ratio,pb_ratio"
2026-01-27,002936.XSHE,0.9748,172.7497,133.5566,9.0413,0.3776,"day,code,turnover_ratio,market_cap,circulating_market_cap,pe_ratio,pb_ratio"
2026-01-28,002936.XSHE,1.5159,172.7497,133.5566,9.0413,0.3776,"day,code,turnover_ratio,market_cap,circulating_market_cap,pe_ratio,pb_ratio"
2026-01-29,002936.XSHE,1.7714,174.5682,134.9625,9.1364,0.3816,"day,code,turnover_ratio,market_cap,circulating_market_cap,pe_ratio,pb_ratio"
2026-01-30,002936.XSHE,2.0226,173.6589,134.2596,9.0889,0.3796,"day,code,turnover_ratio,market_cap,circulating_market_cap,pe_ratio,pb_ratio"
2026-02-02,002936.XSHE,1.4301,171.8405,132.8537,8.9937,0.3757,"day,code,turnover_ratio,market_cap,circulating_market_cap,pe_ratio,pb_ratio"
2026-02-03,002936.XSHE,1.2612,171.8405,132.8537,8.9937,0.3757,"day,code,turnover_ratio,market_cap,circulating_market_cap,pe_ratio,pb_ratio"
2026-02-04,002936.XSHE,1.4793,173.6589,134.2596,9.0889,0.3796,"day,code,turnover_ratio,market_cap,circulating_market_cap,pe_ratio,pb_ratio"
2026-02-05,002936.XSHE,2.2262,174.5682,134.9625,9.1364,0.3816,"day,code,turnover_ratio,market_cap,circulating_market_cap,pe_ratio,pb_ratio"
2026-02-06,002936.XSHE,1.8895,174.5682,134.9625,9.1364,0.3816,"day,code,turnover_ratio,market_cap,circulating_market_cap,pe_ratio,pb_ratio"
2026-02-09,002936.XSHE,1.8652,175.4774,135.6654,9.184,0.3836,"day,code,turnover_ratio,market_cap,circulating_market_cap,pe_ratio,pb_ratio"
2026-02-10,002936.XSHE,1.1507,175.4774,135.6654,9.184,0.3836,"day,code,turnover_ratio,market_cap,circulating_market_cap,pe_ratio,pb_ratio"
2026-02-11,002936.XSHE,0.5983,175.4774,135.6654,9.184,0.3836,"day,code,turnover_ratio,market_cap,circulating_market_cap,pe_ratio,pb_ratio"
2026-02-12,002936.XSHE,1.5455,174.5682,134.9625,9.1364,0.3816,"day,code,turnover_ratio,market_cap,circulating_market_cap,pe_ratio,pb_ratio"
2026-02-13,002936.XSHE,1.222,173.6589,134.2596,9.0889,0.3796,"day,code,turnover_ratio,market_cap,circulating_market_cap,pe_ratio,pb_ratio"
2026-02-24,002936.XSHE,0.6843,174.5682,134.9625,9.1364,0.3816,"day,code,turnover_ratio,market_cap,circulating_market_cap,pe_ratio,pb_ratio"
2026-02-25,002936.XSHE,2.4041,175.4774,135.6654,9.184,0.3836,"day,code,turnover_ratio,market_cap,circulating_market_cap,pe_ratio,pb_ratio"
2026-02-26,002936.XSHE,0.9475,174.5682,134.9625,9.1364,0.3816,"day,code,turnover_ratio,market_cap,circulating_market_cap,pe_ratio,pb_ratio"
2026-02-27,002936.XSHE,1.077,175.4774,135.6654,9.184,0.3836,"day,code,turnover_ratio,market_cap,circulating_market_cap,pe_ratio,pb_ratio"
2026-03-02,002936.XSHE,1.4885,176.3866,136.3684,9.2316,0.3856,"day,code,turnover_ratio,market_cap,circulating_market_cap,pe_ratio,pb_ratio"
2026-03-03,002936.XSHE,1.7929,174.5682,134.9625,9.1364,0.3816,"day,code,turnover_ratio,market_cap,circulating_market_cap,pe_ratio,pb_ratio"
2026-03-04,002936.XSHE,2.0661,170.9313,132.1508,8.9461,0.3737,"day,code,turnover_ratio,market_cap,circulating_market_cap,pe_ratio,pb_ratio"
2026-03-05,002936.XSHE,1.2381,171.8405,132.8537,8.9937,0.3757,"day,code,turnover_ratio,market_cap,circulating_market_cap,pe_ratio,pb_ratio"
2026-03-06,002936.XSHE,1.2815,172.7497,133.5566,9.0413,0.3776,"day,code,turnover_ratio,market_cap,circulating_market_cap,pe_ratio,pb_ratio"
2026-03-09,002936.XSHE,1.257,172.7497,133.5566,9.0413,0.3776,"day,code,turnover_ratio,market_cap,circulating_market_cap,pe_ratio,pb_ratio"
2026-03-10,002936.XSHE,0.9804,172.7497,133.5566,9.0413,0.3776,"day,code,turnover_ratio,market_cap,circulating_market_cap,pe_ratio,pb_ratio"
2026-03-11,002936.XSHE,0.8025,173.6589,134.2596,9.0889,0.3796,"day,code,turnover_ratio,market_cap,circulating_market_cap,pe_ratio,pb_ratio"
2026-03-12,002936.XSHE,2.7445,175.4774,135.6654,9.184,0.3836,"day,code,turnover_ratio,market_cap,circulating_market_cap,pe_ratio,pb_ratio"
2026-03-13,002936.XSHE,2.2961,175.4774,135.6654,9.184,0.3836,"day,code,turnover_ratio,market_cap,circulating_market_cap,pe_ratio,pb_ratio"
2026-03-16,002936.XSHE,1.1059,176.3866,136.3684,9.2316,0.3856,"day,code,turnover_ratio,market_cap,circulating_market_cap,pe_ratio,pb_ratio"
2026-03-17,002936.XSHE,1.811,177.2958,137.0713,9.2792,0.3876,"day,code,turnover_ratio,market_cap,circulating_market_cap,pe_ratio,pb_ratio"
2026-03-18,002936.XSHE,1.5382,175.4774,135.6654,9.184,0.3836,"day,code,turnover_ratio,market_cap,circulating_market_cap,pe_ratio,pb_ratio"
2026-03-19,002936.XSHE,1.4285,173.6589,134.2596,9.0889,0.3796,"day,code,turnover_ratio,market_cap,circulating_market_cap,pe_ratio,pb_ratio"
2026-03-20,002936.XSHE,1.4799,172.7497,133.5566,9.0413,0.3776,"day,code,turnover_ratio,market_cap,circulating_market_cap,pe_ratio,pb_ratio"
2026-03-23,002936.XSHE,2.8334,166.3853,128.6361,8.7082,0.3637,"day,code,turnover_ratio,market_cap,circulating_market_cap,pe_ratio,pb_ratio"
2026-03-24,002936.XSHE,1.1857,169.1129,130.7449,8.8509,0.3697,"day,code,turnover_ratio,market_cap,circulating_market_cap,pe_ratio,pb_ratio"
2026-03-25,002936.XSHE,1.5925,171.8405,132.8537,8.9937,0.3757,"day,code,turnover_ratio,market_cap,circulating_market_cap,pe_ratio,pb_ratio"
2026-03-26,002936.XSHE,1.3383,171.8405,132.8537,8.9937,0.3757,"day,code,turnover_ratio,market_cap,circulating_market_cap,pe_ratio,pb_ratio"
2026-03-27,002936.XSHE,0.9447,170.9313,132.1508,8.9461,0.3737,"day,code,turnover_ratio,market_cap,circulating_market_cap,pe_ratio,pb_ratio"
2026-03-30,002936.XSHE,0.9524,170.9313,132.1508,8.9461,0.3737,"day,code,turnover_ratio,market_cap,circulating_market_cap,pe_ratio,pb_ratio"
2026-03-31,002936.XSHE,1.5393,169.1129,130.7449,8.9241,0.3753,"day,code,turnover_ratio,market_cap,circulating_market_cap,pe_ratio,pb_ratio"
2026-04-01,002936.XSHE,1.1334,168.2037,130.042,8.8762,0.3733,"day,code,turnover_ratio,market_cap,circulating_market_cap,pe_ratio,pb_ratio"
2026-04-02,002936.XSHE,1.0503,167.2945,129.339,8.8282,0.3713,"day,code,turnover_ratio,market_cap,circulating_market_cap,pe_ratio,pb_ratio"
2026-04-03,002936.XSHE,1.5135,164.5669,127.2303,8.6842,0.3652,"day,code,turnover_ratio,market_cap,circulating_market_cap,pe_ratio,pb_ratio"
2026-04-07,002936.XSHE,0.9869,164.5669,127.2303,8.6842,0.3652,"day,code,turnover_ratio,market_cap,circulating_market_cap,pe_ratio,pb_ratio"
2026-04-08,002936.XSHE,1.1909,167.2945,129.339,8.8282,0.3713,"day,code,turnover_ratio,market_cap,circulating_market_cap,pe_ratio,pb_ratio"
2026-04-09,002936.XSHE,0.8907,164.5669,127.2303,8.6842,0.3652,"day,code,turnover_ratio,market_cap,circulating_market_cap,pe_ratio,pb_ratio"
2026-04-10,002936.XSHE,0.7615,165.4761,127.9332,8.7322,0.3672,"day,code,turnover_ratio,market_cap,circulating_market_cap,pe_ratio,pb_ratio"
2026-04-13,002936.XSHE,0.4069,165.4761,127.9332,8.7322,0.3672,"day,code,turnover_ratio,market_cap,circulating_market_cap,pe_ratio,pb_ratio"
2026-04-14,002936.XSHE,0.6582,165.4761,127.9332,8.7322,0.3672,"day,code,turnover_ratio,market_cap,circulating_market_cap,pe_ratio,pb_ratio"
2026-04-15,002936.XSHE,0.41,165.4761,127.9332,8.7322,0.3672,"day,code,turnover_ratio,market_cap,circulating_market_cap,pe_ratio,pb_ratio"
2026-04-16,002936.XSHE,0.8335,165.4761,127.9332,8.7322,0.3672,"day,code,turnover_ratio,market_cap,circulating_market_cap,pe_ratio,pb_ratio"
2026-04-17,002936.XSHE,0.4287,165.4761,127.9332,8.7322,0.3672,"day,code,turnover_ratio,market_cap,circulating_market_cap,pe_ratio,pb_ratio"
2026-04-20,002936.XSHE,0.4639,165.4761,127.9332,8.7322,0.3672,"day,code,turnover_ratio,market_cap,circulating_market_cap,pe_ratio,pb_ratio"
2026-04-21,002936.XSHE,0.8136,165.4761,127.9332,8.7322,0.3672,"day,code,turnover_ratio,market_cap,circulating_market_cap,pe_ratio,pb_ratio"
2026-04-22,002936.XSHE,0.4426,164.5669,127.2303,8.6842,0.3652,"day,code,turnover_ratio,market_cap,circulating_market_cap,pe_ratio,pb_ratio"
2026-04-23,002936.XSHE,1.1829,165.4761,127.9332,8.7322,0.3672,"day,code,turnover_ratio,market_cap,circulating_market_cap,pe_ratio,pb_ratio"
2026-04-24,002936.XSHE,0.505,164.5669,127.2303,8.6842,0.3652,"day,code,turnover_ratio,market_cap,circulating_market_cap,pe_ratio,pb_ratio"
2026-04-27,002936.XSHE,0.698,164.5669,127.2303,8.6842,0.3652,"day,code,turnover_ratio,market_cap,circulating_market_cap,pe_ratio,pb_ratio"
2026-04-28,002936.XSHE,0.4544,164.5669,127.2303,8.6842,0.3652,"day,code,turnover_ratio,market_cap,circulating_market_cap,pe_ratio,pb_ratio"
2026-04-29,002936.XSHE,2.0446,168.2037,130.042,8.628,0.364,"day,code,turnover_ratio,market_cap,circulating_market_cap,pe_ratio,pb_ratio"
2026-04-30,002936.XSHE,1.2337,166.3853,128.6361,8.5347,0.3601,"day,code,turnover_ratio,market_cap,circulating_market_cap,pe_ratio,pb_ratio"
