code,statement_family,report_period_end,quarter_key,year_key,pub_date,standard_field_name,standard_value,source_table,source_field,period_basis,transformation_rule,missing_reason
600908.XSHG,income,2016-12-31,2016q4,,2017-03-30,operating_revenue,618374990.0,finance_income_statement_current_only.csv,operating_revenue,converted_from_ytd,identity_q1_or_ytd_diff,
600908.XSHG,income,2016-12-31,2016q4,,2017-03-30,interest_income,1243188640.0,finance_income_statement_current_only.csv,interest_income,converted_from_ytd,identity_q1_or_ytd_diff,
600908.XSHG,income,2016-12-31,2016q4,,2017-03-30,interest_expense,639456820.0,finance_income_statement_current_only.csv,interest_expense,converted_from_ytd,identity_q1_or_ytd_diff,
600908.XSHG,income,2016-12-31,2016q4,,2017-03-30,commission_income,56570060.0,finance_income_statement_current_only.csv,commission_income,converted_from_ytd,identity_q1_or_ytd_diff,
600908.XSHG,income,2016-12-31,2016q4,,2017-03-30,commission_expense,11795070.0,finance_income_statement_current_only.csv,commission_expense,converted_from_ytd,identity_q1_or_ytd_diff,
600908.XSHG,income,2016-12-31,2016q4,,2017-03-30,asset_impairment_loss,173028560.0,finance_income_statement_current_only.csv,asset_impairment_loss,converted_from_ytd,identity_q1_or_ytd_diff,
600908.XSHG,income,2016-12-31,2016q4,,2017-03-30,credit_impairment_loss,,finance_income_statement_current_only.csv,credit_impairment_loss,,identity_q1_or_ytd_diff,missing_raw_value
600908.XSHG,income,2016-12-31,2016q4,,2017-03-30,investment_income,-3759290.0,finance_income_statement_current_only.csv,investment_income,converted_from_ytd,identity_q1_or_ytd_diff,
600908.XSHG,income,2016-12-31,2016q4,,2017-03-30,operating_profit,206979450.0,finance_income_statement_current_only.csv,operating_profit,converted_from_ytd,identity_q1_or_ytd_diff,
600908.XSHG,income,2016-12-31,2016q4,,2017-03-30,total_profit,207143850.0,finance_income_statement_current_only.csv,total_profit,converted_from_ytd,identity_q1_or_ytd_diff,
600908.XSHG,income,2016-12-31,2016q4,,2017-03-30,income_tax_expense,22111480.0,finance_income_statement_current_only.csv,income_tax_expense,converted_from_ytd,identity_q1_or_ytd_diff,
600908.XSHG,income,2016-12-31,2016q4,,2017-03-30,net_profit,185032370.0,finance_income_statement_current_only.csv,net_profit,converted_from_ytd,identity_q1_or_ytd_diff,
600908.XSHG,income,2016-12-31,2016q4,,2017-03-30,np_parent_company_owners,194572460.0,finance_income_statement_current_only.csv,np_parent_company_owners,converted_from_ytd,identity_q1_or_ytd_diff,
600908.XSHG,income,2016-12-31,2016q4,,2017-03-30,minority_profit,-9540090.0,finance_income_statement_current_only.csv,minority_profit,converted_from_ytd,identity_q1_or_ytd_diff,
600908.XSHG,income,2017-03-31,2017q1,,2017-04-22,operating_revenue,673934000.0,finance_income_statement_current_only.csv,operating_revenue,single_quarter,identity_q1_or_ytd_diff,
600908.XSHG,income,2017-03-31,2017q1,,2017-04-22,interest_income,1275128000.0,finance_income_statement_current_only.csv,interest_income,single_quarter,identity_q1_or_ytd_diff,
600908.XSHG,income,2017-03-31,2017q1,,2017-04-22,interest_expense,675564000.0,finance_income_statement_current_only.csv,interest_expense,single_quarter,identity_q1_or_ytd_diff,
600908.XSHG,income,2017-03-31,2017q1,,2017-04-22,commission_income,62323000.0,finance_income_statement_current_only.csv,commission_income,single_quarter,identity_q1_or_ytd_diff,
600908.XSHG,income,2017-03-31,2017q1,,2017-04-22,commission_expense,7075000.0,finance_income_statement_current_only.csv,commission_expense,single_quarter,identity_q1_or_ytd_diff,
600908.XSHG,income,2017-03-31,2017q1,,2017-04-22,asset_impairment_loss,171036000.0,finance_income_statement_current_only.csv,asset_impairment_loss,single_quarter,identity_q1_or_ytd_diff,
600908.XSHG,income,2017-03-31,2017q1,,2017-04-22,credit_impairment_loss,,finance_income_statement_current_only.csv,credit_impairment_loss,,identity_q1_or_ytd_diff,missing_raw_value
600908.XSHG,income,2017-03-31,2017q1,,2017-04-22,investment_income,34224000.0,finance_income_statement_current_only.csv,investment_income,single_quarter,identity_q1_or_ytd_diff,
600908.XSHG,income,2017-03-31,2017q1,,2017-04-22,operating_profit,299496000.0,finance_income_statement_current_only.csv,operating_profit,single_quarter,identity_q1_or_ytd_diff,
600908.XSHG,income,2017-03-31,2017q1,,2017-04-22,total_profit,301027000.0,finance_income_statement_current_only.csv,total_profit,single_quarter,identity_q1_or_ytd_diff,
600908.XSHG,income,2017-03-31,2017q1,,2017-04-22,income_tax_expense,64814000.0,finance_income_statement_current_only.csv,income_tax_expense,single_quarter,identity_q1_or_ytd_diff,
600908.XSHG,income,2017-03-31,2017q1,,2017-04-22,net_profit,236213000.0,finance_income_statement_current_only.csv,net_profit,single_quarter,identity_q1_or_ytd_diff,
600908.XSHG,income,2017-03-31,2017q1,,2017-04-22,np_parent_company_owners,238059000.0,finance_income_statement_current_only.csv,np_parent_company_owners,single_quarter,identity_q1_or_ytd_diff,
600908.XSHG,income,2017-03-31,2017q1,,2017-04-22,minority_profit,-1846000.0,finance_income_statement_current_only.csv,minority_profit,single_quarter,identity_q1_or_ytd_diff,
600908.XSHG,income,2017-06-30,2017q2,,2017-08-18,operating_revenue,711598000.0,finance_income_statement_current_only.csv,operating_revenue,converted_from_ytd,identity_q1_or_ytd_diff,
600908.XSHG,income,2017-06-30,2017q2,,2017-08-18,interest_income,1366644000.0,finance_income_statement_current_only.csv,interest_income,converted_from_ytd,identity_q1_or_ytd_diff,
600908.XSHG,income,2017-06-30,2017q2,,2017-08-18,interest_expense,723927000.0,finance_income_statement_current_only.csv,interest_expense,converted_from_ytd,identity_q1_or_ytd_diff,
600908.XSHG,income,2017-06-30,2017q2,,2017-08-18,commission_income,70763000.0,finance_income_statement_current_only.csv,commission_income,converted_from_ytd,identity_q1_or_ytd_diff,
600908.XSHG,income,2017-06-30,2017q2,,2017-08-18,commission_expense,6796000.0,finance_income_statement_current_only.csv,commission_expense,converted_from_ytd,identity_q1_or_ytd_diff,
600908.XSHG,income,2017-06-30,2017q2,,2017-08-18,asset_impairment_loss,148466000.0,finance_income_statement_current_only.csv,asset_impairment_loss,converted_from_ytd,identity_q1_or_ytd_diff,
600908.XSHG,income,2017-06-30,2017q2,,2017-08-18,credit_impairment_loss,,finance_income_statement_current_only.csv,credit_impairment_loss,,identity_q1_or_ytd_diff,missing_raw_value
600908.XSHG,income,2017-06-30,2017q2,,2017-08-18,investment_income,11206000.0,finance_income_statement_current_only.csv,investment_income,converted_from_ytd,identity_q1_or_ytd_diff,
600908.XSHG,income,2017-06-30,2017q2,,2017-08-18,operating_profit,351071000.0,finance_income_statement_current_only.csv,operating_profit,converted_from_ytd,identity_q1_or_ytd_diff,
600908.XSHG,income,2017-06-30,2017q2,,2017-08-18,total_profit,342764000.0,finance_income_statement_current_only.csv,total_profit,converted_from_ytd,identity_q1_or_ytd_diff,
600908.XSHG,income,2017-06-30,2017q2,,2017-08-18,income_tax_expense,57718000.0,finance_income_statement_current_only.csv,income_tax_expense,converted_from_ytd,identity_q1_or_ytd_diff,
600908.XSHG,income,2017-06-30,2017q2,,2017-08-18,net_profit,285046000.0,finance_income_statement_current_only.csv,net_profit,converted_from_ytd,identity_q1_or_ytd_diff,
600908.XSHG,income,2017-06-30,2017q2,,2017-08-18,np_parent_company_owners,283761000.0,finance_income_statement_current_only.csv,np_parent_company_owners,converted_from_ytd,identity_q1_or_ytd_diff,
600908.XSHG,income,2017-06-30,2017q2,,2017-08-18,minority_profit,1285000.0,finance_income_statement_current_only.csv,minority_profit,converted_from_ytd,identity_q1_or_ytd_diff,
600908.XSHG,income,2017-09-30,2017q3,,2017-10-31,operating_revenue,754584000.0,finance_income_statement_current_only.csv,operating_revenue,converted_from_ytd,identity_q1_or_ytd_diff,
600908.XSHG,income,2017-09-30,2017q3,,2017-10-31,interest_income,1430425000.0,finance_income_statement_current_only.csv,interest_income,converted_from_ytd,identity_q1_or_ytd_diff,
600908.XSHG,income,2017-09-30,2017q3,,2017-10-31,interest_expense,713321000.0,finance_income_statement_current_only.csv,interest_expense,converted_from_ytd,identity_q1_or_ytd_diff,
600908.XSHG,income,2017-09-30,2017q3,,2017-10-31,commission_income,36079000.0,finance_income_statement_current_only.csv,commission_income,converted_from_ytd,identity_q1_or_ytd_diff,
600908.XSHG,income,2017-09-30,2017q3,,2017-10-31,commission_expense,9620000.0,finance_income_statement_current_only.csv,commission_expense,converted_from_ytd,identity_q1_or_ytd_diff,
600908.XSHG,income,2017-09-30,2017q3,,2017-10-31,asset_impairment_loss,225889000.0,finance_income_statement_current_only.csv,asset_impairment_loss,converted_from_ytd,identity_q1_or_ytd_diff,
600908.XSHG,income,2017-09-30,2017q3,,2017-10-31,credit_impairment_loss,,finance_income_statement_current_only.csv,credit_impairment_loss,,identity_q1_or_ytd_diff,missing_raw_value
600908.XSHG,income,2017-09-30,2017q3,,2017-10-31,investment_income,13304000.0,finance_income_statement_current_only.csv,investment_income,converted_from_ytd,identity_q1_or_ytd_diff,
600908.XSHG,income,2017-09-30,2017q3,,2017-10-31,operating_profit,312225000.0,finance_income_statement_current_only.csv,operating_profit,converted_from_ytd,identity_q1_or_ytd_diff,
600908.XSHG,income,2017-09-30,2017q3,,2017-10-31,total_profit,304563000.0,finance_income_statement_current_only.csv,total_profit,converted_from_ytd,identity_q1_or_ytd_diff,
600908.XSHG,income,2017-09-30,2017q3,,2017-10-31,income_tax_expense,54617000.0,finance_income_statement_current_only.csv,income_tax_expense,converted_from_ytd,identity_q1_or_ytd_diff,
600908.XSHG,income,2017-09-30,2017q3,,2017-10-31,net_profit,249946000.0,finance_income_statement_current_only.csv,net_profit,converted_from_ytd,identity_q1_or_ytd_diff,
600908.XSHG,income,2017-09-30,2017q3,,2017-10-31,np_parent_company_owners,249462000.0,finance_income_statement_current_only.csv,np_parent_company_owners,converted_from_ytd,identity_q1_or_ytd_diff,
600908.XSHG,income,2017-09-30,2017q3,,2017-10-31,minority_profit,484000.0,finance_income_statement_current_only.csv,minority_profit,converted_from_ytd,identity_q1_or_ytd_diff,
600908.XSHG,income,2017-12-31,2017q4,,2018-03-30,operating_revenue,711348000.0,finance_income_statement_current_only.csv,operating_revenue,converted_from_ytd,identity_q1_or_ytd_diff,
600908.XSHG,income,2017-12-31,2017q4,,2018-03-30,interest_income,1448443000.0,finance_income_statement_current_only.csv,interest_income,converted_from_ytd,identity_q1_or_ytd_diff,
600908.XSHG,income,2017-12-31,2017q4,,2018-03-30,interest_expense,722411000.0,finance_income_statement_current_only.csv,interest_expense,converted_from_ytd,identity_q1_or_ytd_diff,
600908.XSHG,income,2017-12-31,2017q4,,2018-03-30,commission_income,27364000.0,finance_income_statement_current_only.csv,commission_income,converted_from_ytd,identity_q1_or_ytd_diff,
600908.XSHG,income,2017-12-31,2017q4,,2018-03-30,commission_expense,9800000.0,finance_income_statement_current_only.csv,commission_expense,converted_from_ytd,identity_q1_or_ytd_diff,
600908.XSHG,income,2017-12-31,2017q4,,2018-03-30,asset_impairment_loss,169399000.0,finance_income_statement_current_only.csv,asset_impairment_loss,converted_from_ytd,identity_q1_or_ytd_diff,
600908.XSHG,income,2017-12-31,2017q4,,2018-03-30,credit_impairment_loss,,finance_income_statement_current_only.csv,credit_impairment_loss,,identity_q1_or_ytd_diff,missing_raw_value
600908.XSHG,income,2017-12-31,2017q4,,2018-03-30,investment_income,-13595000.0,finance_income_statement_current_only.csv,investment_income,converted_from_ytd,identity_q1_or_ytd_diff,
600908.XSHG,income,2017-12-31,2017q4,,2018-03-30,operating_profit,288671000.0,finance_income_statement_current_only.csv,operating_profit,converted_from_ytd,identity_q1_or_ytd_diff,
600908.XSHG,income,2017-12-31,2017q4,,2018-03-30,total_profit,277541000.0,finance_income_statement_current_only.csv,total_profit,converted_from_ytd,identity_q1_or_ytd_diff,
600908.XSHG,income,2017-12-31,2017q4,,2018-03-30,income_tax_expense,55830000.0,finance_income_statement_current_only.csv,income_tax_expense,converted_from_ytd,identity_q1_or_ytd_diff,
600908.XSHG,income,2017-12-31,2017q4,,2018-03-30,net_profit,221711000.0,finance_income_statement_current_only.csv,net_profit,converted_from_ytd,identity_q1_or_ytd_diff,
600908.XSHG,income,2017-12-31,2017q4,,2018-03-30,np_parent_company_owners,223666000.0,finance_income_statement_current_only.csv,np_parent_company_owners,converted_from_ytd,identity_q1_or_ytd_diff,
600908.XSHG,income,2017-12-31,2017q4,,2018-03-30,minority_profit,-1955000.0,finance_income_statement_current_only.csv,minority_profit,converted_from_ytd,identity_q1_or_ytd_diff,
600908.XSHG,income,2018-03-31,2018q1,,2018-04-28,operating_revenue,770035000.0,finance_income_statement_current_only.csv,operating_revenue,single_quarter,identity_q1_or_ytd_diff,
600908.XSHG,income,2018-03-31,2018q1,,2018-04-28,interest_income,1448509000.0,finance_income_statement_current_only.csv,interest_income,single_quarter,identity_q1_or_ytd_diff,
600908.XSHG,income,2018-03-31,2018q1,,2018-04-28,interest_expense,741263000.0,finance_income_statement_current_only.csv,interest_expense,single_quarter,identity_q1_or_ytd_diff,
600908.XSHG,income,2018-03-31,2018q1,,2018-04-28,commission_income,34726000.0,finance_income_statement_current_only.csv,commission_income,single_quarter,identity_q1_or_ytd_diff,
600908.XSHG,income,2018-03-31,2018q1,,2018-04-28,commission_expense,8510000.0,finance_income_statement_current_only.csv,commission_expense,single_quarter,identity_q1_or_ytd_diff,
600908.XSHG,income,2018-03-31,2018q1,,2018-04-28,asset_impairment_loss,214866000.0,finance_income_statement_current_only.csv,asset_impairment_loss,single_quarter,identity_q1_or_ytd_diff,
600908.XSHG,income,2018-03-31,2018q1,,2018-04-28,credit_impairment_loss,,finance_income_statement_current_only.csv,credit_impairment_loss,,identity_q1_or_ytd_diff,missing_raw_value
600908.XSHG,income,2018-03-31,2018q1,,2018-04-28,investment_income,26507000.0,finance_income_statement_current_only.csv,investment_income,single_quarter,identity_q1_or_ytd_diff,
600908.XSHG,income,2018-03-31,2018q1,,2018-04-28,operating_profit,328233000.0,finance_income_statement_current_only.csv,operating_profit,single_quarter,identity_q1_or_ytd_diff,
600908.XSHG,income,2018-03-31,2018q1,,2018-04-28,total_profit,324712000.0,finance_income_statement_current_only.csv,total_profit,single_quarter,identity_q1_or_ytd_diff,
600908.XSHG,income,2018-03-31,2018q1,,2018-04-28,income_tax_expense,58673000.0,finance_income_statement_current_only.csv,income_tax_expense,single_quarter,identity_q1_or_ytd_diff,
600908.XSHG,income,2018-03-31,2018q1,,2018-04-28,net_profit,266039000.0,finance_income_statement_current_only.csv,net_profit,single_quarter,identity_q1_or_ytd_diff,
600908.XSHG,income,2018-03-31,2018q1,,2018-04-28,np_parent_company_owners,266639000.0,finance_income_statement_current_only.csv,np_parent_company_owners,single_quarter,identity_q1_or_ytd_diff,
600908.XSHG,income,2018-03-31,2018q1,,2018-04-28,minority_profit,-600000.0,finance_income_statement_current_only.csv,minority_profit,single_quarter,identity_q1_or_ytd_diff,
600908.XSHG,income,2018-06-30,2018q2,,2018-08-28,operating_revenue,811559000.0,finance_income_statement_current_only.csv,operating_revenue,converted_from_ytd,identity_q1_or_ytd_diff,
600908.XSHG,income,2018-06-30,2018q2,,2018-08-28,interest_income,1545368000.0,finance_income_statement_current_only.csv,interest_income,converted_from_ytd,identity_q1_or_ytd_diff,
600908.XSHG,income,2018-06-30,2018q2,,2018-08-28,interest_expense,788837000.0,finance_income_statement_current_only.csv,interest_expense,converted_from_ytd,identity_q1_or_ytd_diff,
600908.XSHG,income,2018-06-30,2018q2,,2018-08-28,commission_income,31418000.0,finance_income_statement_current_only.csv,commission_income,converted_from_ytd,identity_q1_or_ytd_diff,
600908.XSHG,income,2018-06-30,2018q2,,2018-08-28,commission_expense,6483000.0,finance_income_statement_current_only.csv,commission_expense,converted_from_ytd,identity_q1_or_ytd_diff,
600908.XSHG,income,2018-06-30,2018q2,,2018-08-28,asset_impairment_loss,214110000.0,finance_income_statement_current_only.csv,asset_impairment_loss,converted_from_ytd,identity_q1_or_ytd_diff,
600908.XSHG,income,2018-06-30,2018q2,,2018-08-28,credit_impairment_loss,,finance_income_statement_current_only.csv,credit_impairment_loss,,identity_q1_or_ytd_diff,missing_raw_value
600908.XSHG,income,2018-06-30,2018q2,,2018-08-28,investment_income,6502000.0,finance_income_statement_current_only.csv,investment_income,converted_from_ytd,identity_q1_or_ytd_diff,
600908.XSHG,income,2018-06-30,2018q2,,2018-08-28,operating_profit,388665000.0,finance_income_statement_current_only.csv,operating_profit,converted_from_ytd,identity_q1_or_ytd_diff,
600908.XSHG,income,2018-06-30,2018q2,,2018-08-28,total_profit,383133000.0,finance_income_statement_current_only.csv,total_profit,converted_from_ytd,identity_q1_or_ytd_diff,
600908.XSHG,income,2018-06-30,2018q2,,2018-08-28,income_tax_expense,72025000.0,finance_income_statement_current_only.csv,income_tax_expense,converted_from_ytd,identity_q1_or_ytd_diff,
600908.XSHG,income,2018-06-30,2018q2,,2018-08-28,net_profit,311108000.0,finance_income_statement_current_only.csv,net_profit,converted_from_ytd,identity_q1_or_ytd_diff,
600908.XSHG,income,2018-06-30,2018q2,,2018-08-28,np_parent_company_owners,311896000.0,finance_income_statement_current_only.csv,np_parent_company_owners,converted_from_ytd,identity_q1_or_ytd_diff,
600908.XSHG,income,2018-06-30,2018q2,,2018-08-28,minority_profit,-788000.0,finance_income_statement_current_only.csv,minority_profit,converted_from_ytd,identity_q1_or_ytd_diff,
600908.XSHG,income,2018-09-30,2018q3,,2018-10-31,operating_revenue,807928000.0,finance_income_statement_current_only.csv,operating_revenue,converted_from_ytd,identity_q1_or_ytd_diff,
600908.XSHG,income,2018-09-30,2018q3,,2018-10-31,interest_income,1530883000.0,finance_income_statement_current_only.csv,interest_income,converted_from_ytd,identity_q1_or_ytd_diff,
600908.XSHG,income,2018-09-30,2018q3,,2018-10-31,interest_expense,759944000.0,finance_income_statement_current_only.csv,interest_expense,converted_from_ytd,identity_q1_or_ytd_diff,
600908.XSHG,income,2018-09-30,2018q3,,2018-10-31,commission_income,26494000.0,finance_income_statement_current_only.csv,commission_income,converted_from_ytd,identity_q1_or_ytd_diff,
600908.XSHG,income,2018-09-30,2018q3,,2018-10-31,commission_expense,7377000.0,finance_income_statement_current_only.csv,commission_expense,converted_from_ytd,identity_q1_or_ytd_diff,
600908.XSHG,income,2018-09-30,2018q3,,2018-10-31,asset_impairment_loss,227156000.0,finance_income_statement_current_only.csv,asset_impairment_loss,converted_from_ytd,identity_q1_or_ytd_diff,
600908.XSHG,income,2018-09-30,2018q3,,2018-10-31,credit_impairment_loss,,finance_income_statement_current_only.csv,credit_impairment_loss,,identity_q1_or_ytd_diff,missing_raw_value
600908.XSHG,income,2018-09-30,2018q3,,2018-10-31,investment_income,14158000.0,finance_income_statement_current_only.csv,investment_income,converted_from_ytd,identity_q1_or_ytd_diff,
600908.XSHG,income,2018-09-30,2018q3,,2018-10-31,operating_profit,354176000.0,finance_income_statement_current_only.csv,operating_profit,converted_from_ytd,identity_q1_or_ytd_diff,
600908.XSHG,income,2018-09-30,2018q3,,2018-10-31,total_profit,349836000.0,finance_income_statement_current_only.csv,total_profit,converted_from_ytd,identity_q1_or_ytd_diff,
600908.XSHG,income,2018-09-30,2018q3,,2018-10-31,income_tax_expense,65376000.0,finance_income_statement_current_only.csv,income_tax_expense,converted_from_ytd,identity_q1_or_ytd_diff,
600908.XSHG,income,2018-09-30,2018q3,,2018-10-31,net_profit,284460000.0,finance_income_statement_current_only.csv,net_profit,converted_from_ytd,identity_q1_or_ytd_diff,
600908.XSHG,income,2018-09-30,2018q3,,2018-10-31,np_parent_company_owners,283819000.0,finance_income_statement_current_only.csv,np_parent_company_owners,converted_from_ytd,identity_q1_or_ytd_diff,
600908.XSHG,income,2018-09-30,2018q3,,2018-10-31,minority_profit,641000.0,finance_income_statement_current_only.csv,minority_profit,converted_from_ytd,identity_q1_or_ytd_diff,
600908.XSHG,income,2018-12-31,2018q4,,2019-03-30,operating_revenue,802659000.0,finance_income_statement_current_only.csv,operating_revenue,converted_from_ytd,identity_q1_or_ytd_diff,
600908.XSHG,income,2018-12-31,2018q4,,2019-03-30,interest_income,1554649000.0,finance_income_statement_current_only.csv,interest_income,converted_from_ytd,identity_q1_or_ytd_diff,
600908.XSHG,income,2018-12-31,2018q4,,2019-03-30,interest_expense,800354000.0,finance_income_statement_current_only.csv,interest_expense,converted_from_ytd,identity_q1_or_ytd_diff,
600908.XSHG,income,2018-12-31,2018q4,,2019-03-30,commission_income,27924000.0,finance_income_statement_current_only.csv,commission_income,converted_from_ytd,identity_q1_or_ytd_diff,
600908.XSHG,income,2018-12-31,2018q4,,2019-03-30,commission_expense,12364000.0,finance_income_statement_current_only.csv,commission_expense,converted_from_ytd,identity_q1_or_ytd_diff,
600908.XSHG,income,2018-12-31,2018q4,,2019-03-30,asset_impairment_loss,262743000.0,finance_income_statement_current_only.csv,asset_impairment_loss,converted_from_ytd,identity_q1_or_ytd_diff,
600908.XSHG,income,2018-12-31,2018q4,,2019-03-30,credit_impairment_loss,,finance_income_statement_current_only.csv,credit_impairment_loss,,identity_q1_or_ytd_diff,missing_raw_value
600908.XSHG,income,2018-12-31,2018q4,,2019-03-30,investment_income,4301000.0,finance_income_statement_current_only.csv,investment_income,converted_from_ytd,identity_q1_or_ytd_diff,
600908.XSHG,income,2018-12-31,2018q4,,2019-03-30,operating_profit,243816000.0,finance_income_statement_current_only.csv,operating_profit,converted_from_ytd,identity_q1_or_ytd_diff,
600908.XSHG,income,2018-12-31,2018q4,,2019-03-30,total_profit,239839000.0,finance_income_statement_current_only.csv,total_profit,converted_from_ytd,identity_q1_or_ytd_diff,
600908.XSHG,income,2018-12-31,2018q4,,2019-03-30,income_tax_expense,25693000.0,finance_income_statement_current_only.csv,income_tax_expense,converted_from_ytd,identity_q1_or_ytd_diff,
600908.XSHG,income,2018-12-31,2018q4,,2019-03-30,net_profit,214146000.0,finance_income_statement_current_only.csv,net_profit,converted_from_ytd,identity_q1_or_ytd_diff,
600908.XSHG,income,2018-12-31,2018q4,,2019-03-30,np_parent_company_owners,233163000.0,finance_income_statement_current_only.csv,np_parent_company_owners,converted_from_ytd,identity_q1_or_ytd_diff,
600908.XSHG,income,2018-12-31,2018q4,,2019-03-30,minority_profit,-19017000.0,finance_income_statement_current_only.csv,minority_profit,converted_from_ytd,identity_q1_or_ytd_diff,
600908.XSHG,income,2019-03-31,2019q1,,2019-04-29,operating_revenue,809371000.0,finance_income_statement_current_only.csv,operating_revenue,single_quarter,identity_q1_or_ytd_diff,
600908.XSHG,income,2019-03-31,2019q1,,2019-04-29,interest_income,1574452000.0,finance_income_statement_current_only.csv,interest_income,single_quarter,identity_q1_or_ytd_diff,
600908.XSHG,income,2019-03-31,2019q1,,2019-04-29,interest_expense,869117000.0,finance_income_statement_current_only.csv,interest_expense,single_quarter,identity_q1_or_ytd_diff,
600908.XSHG,income,2019-03-31,2019q1,,2019-04-29,commission_income,40724000.0,finance_income_statement_current_only.csv,commission_income,single_quarter,identity_q1_or_ytd_diff,
600908.XSHG,income,2019-03-31,2019q1,,2019-04-29,commission_expense,6890000.0,finance_income_statement_current_only.csv,commission_expense,single_quarter,identity_q1_or_ytd_diff,
600908.XSHG,income,2019-03-31,2019q1,,2019-04-29,asset_impairment_loss,697000.0,finance_income_statement_current_only.csv,asset_impairment_loss,single_quarter,identity_q1_or_ytd_diff,
600908.XSHG,income,2019-03-31,2019q1,,2019-04-29,credit_impairment_loss,202500000.0,finance_income_statement_current_only.csv,credit_impairment_loss,single_quarter,identity_q1_or_ytd_diff,
600908.XSHG,income,2019-03-31,2019q1,,2019-04-29,investment_income,80632000.0,finance_income_statement_current_only.csv,investment_income,single_quarter,identity_q1_or_ytd_diff,
600908.XSHG,income,2019-03-31,2019q1,,2019-04-29,operating_profit,357996000.0,finance_income_statement_current_only.csv,operating_profit,single_quarter,identity_q1_or_ytd_diff,
600908.XSHG,income,2019-03-31,2019q1,,2019-04-29,total_profit,354198000.0,finance_income_statement_current_only.csv,total_profit,single_quarter,identity_q1_or_ytd_diff,
600908.XSHG,income,2019-03-31,2019q1,,2019-04-29,income_tax_expense,50040000.0,finance_income_statement_current_only.csv,income_tax_expense,single_quarter,identity_q1_or_ytd_diff,
600908.XSHG,income,2019-03-31,2019q1,,2019-04-29,net_profit,304158000.0,finance_income_statement_current_only.csv,net_profit,single_quarter,identity_q1_or_ytd_diff,
600908.XSHG,income,2019-03-31,2019q1,,2019-04-29,np_parent_company_owners,303472000.0,finance_income_statement_current_only.csv,np_parent_company_owners,single_quarter,identity_q1_or_ytd_diff,
600908.XSHG,income,2019-03-31,2019q1,,2019-04-29,minority_profit,686000.0,finance_income_statement_current_only.csv,minority_profit,single_quarter,identity_q1_or_ytd_diff,
600908.XSHG,income,2019-06-30,2019q2,,2019-08-30,operating_revenue,846382000.0,finance_income_statement_current_only.csv,operating_revenue,converted_from_ytd,identity_q1_or_ytd_diff,
600908.XSHG,income,2019-06-30,2019q2,,2019-08-30,interest_income,1671856000.0,finance_income_statement_current_only.csv,interest_income,converted_from_ytd,identity_q1_or_ytd_diff,
600908.XSHG,income,2019-06-30,2019q2,,2019-08-30,interest_expense,955205000.0,finance_income_statement_current_only.csv,interest_expense,converted_from_ytd,identity_q1_or_ytd_diff,
600908.XSHG,income,2019-06-30,2019q2,,2019-08-30,commission_income,35853000.0,finance_income_statement_current_only.csv,commission_income,converted_from_ytd,identity_q1_or_ytd_diff,
600908.XSHG,income,2019-06-30,2019q2,,2019-08-30,commission_expense,11863000.0,finance_income_statement_current_only.csv,commission_expense,converted_from_ytd,identity_q1_or_ytd_diff,
600908.XSHG,income,2019-06-30,2019q2,,2019-08-30,asset_impairment_loss,,finance_income_statement_current_only.csv,asset_impairment_loss,,identity_q1_or_ytd_diff,missing_raw_value
600908.XSHG,income,2019-06-30,2019q2,,2019-08-30,credit_impairment_loss,197616000.0,finance_income_statement_current_only.csv,credit_impairment_loss,converted_from_ytd,identity_q1_or_ytd_diff,
600908.XSHG,income,2019-06-30,2019q2,,2019-08-30,investment_income,112311000.0,finance_income_statement_current_only.csv,investment_income,converted_from_ytd,identity_q1_or_ytd_diff,
600908.XSHG,income,2019-06-30,2019q2,,2019-08-30,operating_profit,418354000.0,finance_income_statement_current_only.csv,operating_profit,converted_from_ytd,identity_q1_or_ytd_diff,
600908.XSHG,income,2019-06-30,2019q2,,2019-08-30,total_profit,414207000.0,finance_income_statement_current_only.csv,total_profit,converted_from_ytd,identity_q1_or_ytd_diff,
600908.XSHG,income,2019-06-30,2019q2,,2019-08-30,income_tax_expense,69129000.0,finance_income_statement_current_only.csv,income_tax_expense,converted_from_ytd,identity_q1_or_ytd_diff,
600908.XSHG,income,2019-06-30,2019q2,,2019-08-30,net_profit,345078000.0,finance_income_statement_current_only.csv,net_profit,converted_from_ytd,identity_q1_or_ytd_diff,
600908.XSHG,income,2019-06-30,2019q2,,2019-08-30,np_parent_company_owners,340631000.0,finance_income_statement_current_only.csv,np_parent_company_owners,converted_from_ytd,identity_q1_or_ytd_diff,
600908.XSHG,income,2019-06-30,2019q2,,2019-08-30,minority_profit,4447000.0,finance_income_statement_current_only.csv,minority_profit,converted_from_ytd,identity_q1_or_ytd_diff,
600908.XSHG,income,2019-09-30,2019q3,,2019-10-31,operating_revenue,908803000.0,finance_income_statement_current_only.csv,operating_revenue,converted_from_ytd,identity_q1_or_ytd_diff,
600908.XSHG,income,2019-09-30,2019q3,,2019-10-31,interest_income,1676223000.0,finance_income_statement_current_only.csv,interest_income,converted_from_ytd,identity_q1_or_ytd_diff,
600908.XSHG,income,2019-09-30,2019q3,,2019-10-31,interest_expense,928320000.0,finance_income_statement_current_only.csv,interest_expense,converted_from_ytd,identity_q1_or_ytd_diff,
600908.XSHG,income,2019-09-30,2019q3,,2019-10-31,commission_income,44429000.0,finance_income_statement_current_only.csv,commission_income,converted_from_ytd,identity_q1_or_ytd_diff,
600908.XSHG,income,2019-09-30,2019q3,,2019-10-31,commission_expense,12833000.0,finance_income_statement_current_only.csv,commission_expense,converted_from_ytd,identity_q1_or_ytd_diff,
600908.XSHG,income,2019-09-30,2019q3,,2019-10-31,asset_impairment_loss,,finance_income_statement_current_only.csv,asset_impairment_loss,,identity_q1_or_ytd_diff,missing_raw_value
600908.XSHG,income,2019-09-30,2019q3,,2019-10-31,credit_impairment_loss,290733000.0,finance_income_statement_current_only.csv,credit_impairment_loss,converted_from_ytd,identity_q1_or_ytd_diff,
600908.XSHG,income,2019-09-30,2019q3,,2019-10-31,investment_income,113635000.0,finance_income_statement_current_only.csv,investment_income,converted_from_ytd,identity_q1_or_ytd_diff,
600908.XSHG,income,2019-09-30,2019q3,,2019-10-31,operating_profit,373636000.0,finance_income_statement_current_only.csv,operating_profit,converted_from_ytd,identity_q1_or_ytd_diff,
600908.XSHG,income,2019-09-30,2019q3,,2019-10-31,total_profit,373952000.0,finance_income_statement_current_only.csv,total_profit,converted_from_ytd,identity_q1_or_ytd_diff,
600908.XSHG,income,2019-09-30,2019q3,,2019-10-31,income_tax_expense,57306000.0,finance_income_statement_current_only.csv,income_tax_expense,converted_from_ytd,identity_q1_or_ytd_diff,
600908.XSHG,income,2019-09-30,2019q3,,2019-10-31,net_profit,316646000.0,finance_income_statement_current_only.csv,net_profit,converted_from_ytd,identity_q1_or_ytd_diff,
600908.XSHG,income,2019-09-30,2019q3,,2019-10-31,np_parent_company_owners,315613000.0,finance_income_statement_current_only.csv,np_parent_company_owners,converted_from_ytd,identity_q1_or_ytd_diff,
600908.XSHG,income,2019-09-30,2019q3,,2019-10-31,minority_profit,1033000.0,finance_income_statement_current_only.csv,minority_profit,converted_from_ytd,identity_q1_or_ytd_diff,
600908.XSHG,income,2019-12-31,2019q4,,2020-03-28,operating_revenue,975155000.0,finance_income_statement_current_only.csv,operating_revenue,converted_from_ytd,identity_q1_or_ytd_diff,
600908.XSHG,income,2019-12-31,2019q4,,2020-03-28,interest_income,1670382000.0,finance_income_statement_current_only.csv,interest_income,converted_from_ytd,identity_q1_or_ytd_diff,
600908.XSHG,income,2019-12-31,2019q4,,2020-03-28,interest_expense,895691000.0,finance_income_statement_current_only.csv,interest_expense,converted_from_ytd,identity_q1_or_ytd_diff,
600908.XSHG,income,2019-12-31,2019q4,,2020-03-28,commission_income,38001000.0,finance_income_statement_current_only.csv,commission_income,converted_from_ytd,identity_q1_or_ytd_diff,
600908.XSHG,income,2019-12-31,2019q4,,2020-03-28,commission_expense,15158000.0,finance_income_statement_current_only.csv,commission_expense,converted_from_ytd,identity_q1_or_ytd_diff,
600908.XSHG,income,2019-12-31,2019q4,,2020-03-28,asset_impairment_loss,,finance_income_statement_current_only.csv,asset_impairment_loss,,identity_q1_or_ytd_diff,missing_raw_value
600908.XSHG,income,2019-12-31,2019q4,,2020-03-28,credit_impairment_loss,308823000.0,finance_income_statement_current_only.csv,credit_impairment_loss,converted_from_ytd,identity_q1_or_ytd_diff,
600908.XSHG,income,2019-12-31,2019q4,,2020-03-28,investment_income,140189000.0,finance_income_statement_current_only.csv,investment_income,converted_from_ytd,identity_q1_or_ytd_diff,
600908.XSHG,income,2019-12-31,2019q4,,2020-03-28,operating_profit,311906000.0,finance_income_statement_current_only.csv,operating_profit,converted_from_ytd,identity_q1_or_ytd_diff,
600908.XSHG,income,2019-12-31,2019q4,,2020-03-28,total_profit,310464000.0,finance_income_statement_current_only.csv,total_profit,converted_from_ytd,identity_q1_or_ytd_diff,
600908.XSHG,income,2019-12-31,2019q4,,2020-03-28,income_tax_expense,24394000.0,finance_income_statement_current_only.csv,income_tax_expense,converted_from_ytd,identity_q1_or_ytd_diff,
600908.XSHG,income,2019-12-31,2019q4,,2020-03-28,net_profit,286070000.0,finance_income_statement_current_only.csv,net_profit,converted_from_ytd,identity_q1_or_ytd_diff,
600908.XSHG,income,2019-12-31,2019q4,,2020-03-28,np_parent_company_owners,289908000.0,finance_income_statement_current_only.csv,np_parent_company_owners,converted_from_ytd,identity_q1_or_ytd_diff,
600908.XSHG,income,2019-12-31,2019q4,,2020-03-28,minority_profit,-3838000.0,finance_income_statement_current_only.csv,minority_profit,converted_from_ytd,identity_q1_or_ytd_diff,
600908.XSHG,income,2020-03-31,2020q1,,2020-04-30,operating_revenue,1060352000.0,finance_income_statement_current_only.csv,operating_revenue,single_quarter,identity_q1_or_ytd_diff,
600908.XSHG,income,2020-03-31,2020q1,,2020-04-30,interest_income,1716168000.0,finance_income_statement_current_only.csv,interest_income,single_quarter,identity_q1_or_ytd_diff,
600908.XSHG,income,2020-03-31,2020q1,,2020-04-30,interest_expense,924719000.0,finance_income_statement_current_only.csv,interest_expense,single_quarter,identity_q1_or_ytd_diff,
600908.XSHG,income,2020-03-31,2020q1,,2020-04-30,commission_income,57456000.0,finance_income_statement_current_only.csv,commission_income,single_quarter,identity_q1_or_ytd_diff,
600908.XSHG,income,2020-03-31,2020q1,,2020-04-30,commission_expense,8019000.0,finance_income_statement_current_only.csv,commission_expense,single_quarter,identity_q1_or_ytd_diff,
600908.XSHG,income,2020-03-31,2020q1,,2020-04-30,asset_impairment_loss,,finance_income_statement_current_only.csv,asset_impairment_loss,,identity_q1_or_ytd_diff,missing_raw_value
600908.XSHG,income,2020-03-31,2020q1,,2020-04-30,credit_impairment_loss,361347000.0,finance_income_statement_current_only.csv,credit_impairment_loss,single_quarter,identity_q1_or_ytd_diff,
600908.XSHG,income,2020-03-31,2020q1,,2020-04-30,investment_income,135413000.0,finance_income_statement_current_only.csv,investment_income,single_quarter,identity_q1_or_ytd_diff,
600908.XSHG,income,2020-03-31,2020q1,,2020-04-30,operating_profit,401979000.0,finance_income_statement_current_only.csv,operating_profit,single_quarter,identity_q1_or_ytd_diff,
600908.XSHG,income,2020-03-31,2020q1,,2020-04-30,total_profit,399453000.0,finance_income_statement_current_only.csv,total_profit,single_quarter,identity_q1_or_ytd_diff,
600908.XSHG,income,2020-03-31,2020q1,,2020-04-30,income_tax_expense,55378000.0,finance_income_statement_current_only.csv,income_tax_expense,single_quarter,identity_q1_or_ytd_diff,
600908.XSHG,income,2020-03-31,2020q1,,2020-04-30,net_profit,344075000.0,finance_income_statement_current_only.csv,net_profit,single_quarter,identity_q1_or_ytd_diff,
600908.XSHG,income,2020-03-31,2020q1,,2020-04-30,np_parent_company_owners,342324000.0,finance_income_statement_current_only.csv,np_parent_company_owners,single_quarter,identity_q1_or_ytd_diff,
600908.XSHG,income,2020-03-31,2020q1,,2020-04-30,minority_profit,1751000.0,finance_income_statement_current_only.csv,minority_profit,single_quarter,identity_q1_or_ytd_diff,
600908.XSHG,income,2020-06-30,2020q2,,2020-08-28,operating_revenue,903228000.0,finance_income_statement_current_only.csv,operating_revenue,converted_from_ytd,identity_q1_or_ytd_diff,
600908.XSHG,income,2020-06-30,2020q2,,2020-08-28,interest_income,1740936000.0,finance_income_statement_current_only.csv,interest_income,converted_from_ytd,identity_q1_or_ytd_diff,
600908.XSHG,income,2020-06-30,2020q2,,2020-08-28,interest_expense,952978000.0,finance_income_statement_current_only.csv,interest_expense,converted_from_ytd,identity_q1_or_ytd_diff,
600908.XSHG,income,2020-06-30,2020q2,,2020-08-28,commission_income,56403000.0,finance_income_statement_current_only.csv,commission_income,converted_from_ytd,identity_q1_or_ytd_diff,
600908.XSHG,income,2020-06-30,2020q2,,2020-08-28,commission_expense,12056000.0,finance_income_statement_current_only.csv,commission_expense,converted_from_ytd,identity_q1_or_ytd_diff,
600908.XSHG,income,2020-06-30,2020q2,,2020-08-28,asset_impairment_loss,,finance_income_statement_current_only.csv,asset_impairment_loss,,identity_q1_or_ytd_diff,missing_raw_value
600908.XSHG,income,2020-06-30,2020q2,,2020-08-28,credit_impairment_loss,336899000.0,finance_income_statement_current_only.csv,credit_impairment_loss,converted_from_ytd,identity_q1_or_ytd_diff,
600908.XSHG,income,2020-06-30,2020q2,,2020-08-28,investment_income,157295000.0,finance_income_statement_current_only.csv,investment_income,converted_from_ytd,identity_q1_or_ytd_diff,
600908.XSHG,income,2020-06-30,2020q2,,2020-08-28,operating_profit,384322000.0,finance_income_statement_current_only.csv,operating_profit,converted_from_ytd,identity_q1_or_ytd_diff,
600908.XSHG,income,2020-06-30,2020q2,,2020-08-28,total_profit,386301000.0,finance_income_statement_current_only.csv,total_profit,converted_from_ytd,identity_q1_or_ytd_diff,
600908.XSHG,income,2020-06-30,2020q2,,2020-08-28,income_tax_expense,48808000.0,finance_income_statement_current_only.csv,income_tax_expense,converted_from_ytd,identity_q1_or_ytd_diff,
600908.XSHG,income,2020-06-30,2020q2,,2020-08-28,net_profit,337493000.0,finance_income_statement_current_only.csv,net_profit,converted_from_ytd,identity_q1_or_ytd_diff,
600908.XSHG,income,2020-06-30,2020q2,,2020-08-28,np_parent_company_owners,333790000.0,finance_income_statement_current_only.csv,np_parent_company_owners,converted_from_ytd,identity_q1_or_ytd_diff,
600908.XSHG,income,2020-06-30,2020q2,,2020-08-28,minority_profit,3703000.0,finance_income_statement_current_only.csv,minority_profit,converted_from_ytd,identity_q1_or_ytd_diff,
600908.XSHG,income,2020-09-30,2020q3,,2020-10-28,operating_revenue,907135000.0,finance_income_statement_current_only.csv,operating_revenue,converted_from_ytd,identity_q1_or_ytd_diff,
600908.XSHG,income,2020-09-30,2020q3,,2020-10-28,interest_income,1806590000.0,finance_income_statement_current_only.csv,interest_income,converted_from_ytd,identity_q1_or_ytd_diff,
600908.XSHG,income,2020-09-30,2020q3,,2020-10-28,interest_expense,968459000.0,finance_income_statement_current_only.csv,interest_expense,converted_from_ytd,identity_q1_or_ytd_diff,
600908.XSHG,income,2020-09-30,2020q3,,2020-10-28,commission_income,55005000.0,finance_income_statement_current_only.csv,commission_income,converted_from_ytd,identity_q1_or_ytd_diff,
600908.XSHG,income,2020-09-30,2020q3,,2020-10-28,commission_expense,14610000.0,finance_income_statement_current_only.csv,commission_expense,converted_from_ytd,identity_q1_or_ytd_diff,
600908.XSHG,income,2020-09-30,2020q3,,2020-10-28,asset_impairment_loss,,finance_income_statement_current_only.csv,asset_impairment_loss,,identity_q1_or_ytd_diff,missing_raw_value
600908.XSHG,income,2020-09-30,2020q3,,2020-10-28,credit_impairment_loss,295696000.0,finance_income_statement_current_only.csv,credit_impairment_loss,converted_from_ytd,identity_q1_or_ytd_diff,
600908.XSHG,income,2020-09-30,2020q3,,2020-10-28,investment_income,46090000.0,finance_income_statement_current_only.csv,investment_income,converted_from_ytd,identity_q1_or_ytd_diff,
600908.XSHG,income,2020-09-30,2020q3,,2020-10-28,operating_profit,370875000.0,finance_income_statement_current_only.csv,operating_profit,converted_from_ytd,identity_q1_or_ytd_diff,
600908.XSHG,income,2020-09-30,2020q3,,2020-10-28,total_profit,374005000.0,finance_income_statement_current_only.csv,total_profit,converted_from_ytd,identity_q1_or_ytd_diff,
600908.XSHG,income,2020-09-30,2020q3,,2020-10-28,income_tax_expense,49283000.0,finance_income_statement_current_only.csv,income_tax_expense,converted_from_ytd,identity_q1_or_ytd_diff,
600908.XSHG,income,2020-09-30,2020q3,,2020-10-28,net_profit,324722000.0,finance_income_statement_current_only.csv,net_profit,converted_from_ytd,identity_q1_or_ytd_diff,
600908.XSHG,income,2020-09-30,2020q3,,2020-10-28,np_parent_company_owners,325612000.0,finance_income_statement_current_only.csv,np_parent_company_owners,converted_from_ytd,identity_q1_or_ytd_diff,
600908.XSHG,income,2020-09-30,2020q3,,2020-10-28,minority_profit,-890000.0,finance_income_statement_current_only.csv,minority_profit,converted_from_ytd,identity_q1_or_ytd_diff,
600908.XSHG,income,2020-12-31,2020q4,,2021-03-30,operating_revenue,1025296000.0,finance_income_statement_current_only.csv,operating_revenue,converted_from_ytd,identity_q1_or_ytd_diff,
600908.XSHG,income,2020-12-31,2020q4,,2021-03-30,interest_income,1804039000.0,finance_income_statement_current_only.csv,interest_income,converted_from_ytd,identity_q1_or_ytd_diff,
600908.XSHG,income,2020-12-31,2020q4,,2021-03-30,interest_expense,944179000.0,finance_income_statement_current_only.csv,interest_expense,converted_from_ytd,identity_q1_or_ytd_diff,
600908.XSHG,income,2020-12-31,2020q4,,2021-03-30,commission_income,59166000.0,finance_income_statement_current_only.csv,commission_income,converted_from_ytd,identity_q1_or_ytd_diff,
600908.XSHG,income,2020-12-31,2020q4,,2021-03-30,commission_expense,17255000.0,finance_income_statement_current_only.csv,commission_expense,converted_from_ytd,identity_q1_or_ytd_diff,
600908.XSHG,income,2020-12-31,2020q4,,2021-03-30,asset_impairment_loss,,finance_income_statement_current_only.csv,asset_impairment_loss,,identity_q1_or_ytd_diff,missing_raw_value
600908.XSHG,income,2020-12-31,2020q4,,2021-03-30,credit_impairment_loss,316844000.0,finance_income_statement_current_only.csv,credit_impairment_loss,converted_from_ytd,identity_q1_or_ytd_diff,
600908.XSHG,income,2020-12-31,2020q4,,2021-03-30,investment_income,133649000.0,finance_income_statement_current_only.csv,investment_income,converted_from_ytd,identity_q1_or_ytd_diff,
600908.XSHG,income,2020-12-31,2020q4,,2021-03-30,operating_profit,338334000.0,finance_income_statement_current_only.csv,operating_profit,converted_from_ytd,identity_q1_or_ytd_diff,
600908.XSHG,income,2020-12-31,2020q4,,2021-03-30,total_profit,335273000.0,finance_income_statement_current_only.csv,total_profit,converted_from_ytd,identity_q1_or_ytd_diff,
600908.XSHG,income,2020-12-31,2020q4,,2021-03-30,income_tax_expense,19603000.0,finance_income_statement_current_only.csv,income_tax_expense,converted_from_ytd,identity_q1_or_ytd_diff,
600908.XSHG,income,2020-12-31,2020q4,,2021-03-30,net_profit,315670000.0,finance_income_statement_current_only.csv,net_profit,converted_from_ytd,identity_q1_or_ytd_diff,
600908.XSHG,income,2020-12-31,2020q4,,2021-03-30,np_parent_company_owners,309886000.0,finance_income_statement_current_only.csv,np_parent_company_owners,converted_from_ytd,identity_q1_or_ytd_diff,
600908.XSHG,income,2020-12-31,2020q4,,2021-03-30,minority_profit,5784000.0,finance_income_statement_current_only.csv,minority_profit,converted_from_ytd,identity_q1_or_ytd_diff,
600908.XSHG,income,2021-03-31,2021q1,,2021-04-30,operating_revenue,1098684000.0,finance_income_statement_current_only.csv,operating_revenue,single_quarter,identity_q1_or_ytd_diff,
600908.XSHG,income,2021-03-31,2021q1,,2021-04-30,interest_income,1843374000.0,finance_income_statement_current_only.csv,interest_income,single_quarter,identity_q1_or_ytd_diff,
600908.XSHG,income,2021-03-31,2021q1,,2021-04-30,interest_expense,1000231000.0,finance_income_statement_current_only.csv,interest_expense,single_quarter,identity_q1_or_ytd_diff,
600908.XSHG,income,2021-03-31,2021q1,,2021-04-30,commission_income,110292000.0,finance_income_statement_current_only.csv,commission_income,single_quarter,identity_q1_or_ytd_diff,
600908.XSHG,income,2021-03-31,2021q1,,2021-04-30,commission_expense,10015000.0,finance_income_statement_current_only.csv,commission_expense,single_quarter,identity_q1_or_ytd_diff,
600908.XSHG,income,2021-03-31,2021q1,,2021-04-30,asset_impairment_loss,,finance_income_statement_current_only.csv,asset_impairment_loss,,identity_q1_or_ytd_diff,missing_raw_value
600908.XSHG,income,2021-03-31,2021q1,,2021-04-30,credit_impairment_loss,386441000.0,finance_income_statement_current_only.csv,credit_impairment_loss,single_quarter,identity_q1_or_ytd_diff,
600908.XSHG,income,2021-03-31,2021q1,,2021-04-30,investment_income,139966000.0,finance_income_statement_current_only.csv,investment_income,single_quarter,identity_q1_or_ytd_diff,
600908.XSHG,income,2021-03-31,2021q1,,2021-04-30,operating_profit,412419000.0,finance_income_statement_current_only.csv,operating_profit,single_quarter,identity_q1_or_ytd_diff,
600908.XSHG,income,2021-03-31,2021q1,,2021-04-30,total_profit,413394000.0,finance_income_statement_current_only.csv,total_profit,single_quarter,identity_q1_or_ytd_diff,
600908.XSHG,income,2021-03-31,2021q1,,2021-04-30,income_tax_expense,45852000.0,finance_income_statement_current_only.csv,income_tax_expense,single_quarter,identity_q1_or_ytd_diff,
600908.XSHG,income,2021-03-31,2021q1,,2021-04-30,net_profit,367542000.0,finance_income_statement_current_only.csv,net_profit,single_quarter,identity_q1_or_ytd_diff,
600908.XSHG,income,2021-03-31,2021q1,,2021-04-30,np_parent_company_owners,362714000.0,finance_income_statement_current_only.csv,np_parent_company_owners,single_quarter,identity_q1_or_ytd_diff,
600908.XSHG,income,2021-03-31,2021q1,,2021-04-30,minority_profit,4828000.0,finance_income_statement_current_only.csv,minority_profit,single_quarter,identity_q1_or_ytd_diff,
600908.XSHG,income,2021-06-30,2021q2,,2021-08-28,operating_revenue,1090307000.0,finance_income_statement_current_only.csv,operating_revenue,converted_from_ytd,identity_q1_or_ytd_diff,
600908.XSHG,income,2021-06-30,2021q2,,2021-08-28,interest_income,1940994000.0,finance_income_statement_current_only.csv,interest_income,converted_from_ytd,identity_q1_or_ytd_diff,
600908.XSHG,income,2021-06-30,2021q2,,2021-08-28,interest_expense,1073303000.0,finance_income_statement_current_only.csv,interest_expense,converted_from_ytd,identity_q1_or_ytd_diff,
600908.XSHG,income,2021-06-30,2021q2,,2021-08-28,commission_income,92952000.0,finance_income_statement_current_only.csv,commission_income,converted_from_ytd,identity_q1_or_ytd_diff,
600908.XSHG,income,2021-06-30,2021q2,,2021-08-28,commission_expense,12070000.0,finance_income_statement_current_only.csv,commission_expense,converted_from_ytd,identity_q1_or_ytd_diff,
600908.XSHG,income,2021-06-30,2021q2,,2021-08-28,asset_impairment_loss,,finance_income_statement_current_only.csv,asset_impairment_loss,,identity_q1_or_ytd_diff,missing_raw_value
600908.XSHG,income,2021-06-30,2021q2,,2021-08-28,credit_impairment_loss,372013000.0,finance_income_statement_current_only.csv,credit_impairment_loss,converted_from_ytd,identity_q1_or_ytd_diff,
600908.XSHG,income,2021-06-30,2021q2,,2021-08-28,investment_income,125731000.0,finance_income_statement_current_only.csv,investment_income,converted_from_ytd,identity_q1_or_ytd_diff,
600908.XSHG,income,2021-06-30,2021q2,,2021-08-28,operating_profit,489631000.0,finance_income_statement_current_only.csv,operating_profit,converted_from_ytd,identity_q1_or_ytd_diff,
600908.XSHG,income,2021-06-30,2021q2,,2021-08-28,total_profit,486865000.0,finance_income_statement_current_only.csv,total_profit,converted_from_ytd,identity_q1_or_ytd_diff,
600908.XSHG,income,2021-06-30,2021q2,,2021-08-28,income_tax_expense,47895000.0,finance_income_statement_current_only.csv,income_tax_expense,converted_from_ytd,identity_q1_or_ytd_diff,
600908.XSHG,income,2021-06-30,2021q2,,2021-08-28,net_profit,438970000.0,finance_income_statement_current_only.csv,net_profit,converted_from_ytd,identity_q1_or_ytd_diff,
600908.XSHG,income,2021-06-30,2021q2,,2021-08-28,np_parent_company_owners,420291000.0,finance_income_statement_current_only.csv,np_parent_company_owners,converted_from_ytd,identity_q1_or_ytd_diff,
600908.XSHG,income,2021-06-30,2021q2,,2021-08-28,minority_profit,18679000.0,finance_income_statement_current_only.csv,minority_profit,converted_from_ytd,identity_q1_or_ytd_diff,
600908.XSHG,income,2021-09-30,2021q3,,2021-10-30,operating_revenue,1057089000.0,finance_income_statement_current_only.csv,operating_revenue,converted_from_ytd,identity_q1_or_ytd_diff,
600908.XSHG,income,2021-09-30,2021q3,,2021-10-30,interest_income,1978483000.0,finance_income_statement_current_only.csv,interest_income,converted_from_ytd,identity_q1_or_ytd_diff,
600908.XSHG,income,2021-09-30,2021q3,,2021-10-30,interest_expense,1101337000.0,finance_income_statement_current_only.csv,interest_expense,converted_from_ytd,identity_q1_or_ytd_diff,
600908.XSHG,income,2021-09-30,2021q3,,2021-10-30,commission_income,15362000.0,finance_income_statement_current_only.csv,commission_income,converted_from_ytd,identity_q1_or_ytd_diff,
600908.XSHG,income,2021-09-30,2021q3,,2021-10-30,commission_expense,12525000.0,finance_income_statement_current_only.csv,commission_expense,converted_from_ytd,identity_q1_or_ytd_diff,
600908.XSHG,income,2021-09-30,2021q3,,2021-10-30,asset_impairment_loss,,finance_income_statement_current_only.csv,asset_impairment_loss,,identity_q1_or_ytd_diff,missing_raw_value
600908.XSHG,income,2021-09-30,2021q3,,2021-10-30,credit_impairment_loss,273216000.0,finance_income_statement_current_only.csv,credit_impairment_loss,converted_from_ytd,identity_q1_or_ytd_diff,
600908.XSHG,income,2021-09-30,2021q3,,2021-10-30,investment_income,138443000.0,finance_income_statement_current_only.csv,investment_income,converted_from_ytd,identity_q1_or_ytd_diff,
600908.XSHG,income,2021-09-30,2021q3,,2021-10-30,operating_profit,467806000.0,finance_income_statement_current_only.csv,operating_profit,converted_from_ytd,identity_q1_or_ytd_diff,
600908.XSHG,income,2021-09-30,2021q3,,2021-10-30,total_profit,468312000.0,finance_income_statement_current_only.csv,total_profit,converted_from_ytd,identity_q1_or_ytd_diff,
600908.XSHG,income,2021-09-30,2021q3,,2021-10-30,income_tax_expense,44416000.0,finance_income_statement_current_only.csv,income_tax_expense,converted_from_ytd,identity_q1_or_ytd_diff,
600908.XSHG,income,2021-09-30,2021q3,,2021-10-30,net_profit,423896000.0,finance_income_statement_current_only.csv,net_profit,converted_from_ytd,identity_q1_or_ytd_diff,
600908.XSHG,income,2021-09-30,2021q3,,2021-10-30,np_parent_company_owners,412259000.0,finance_income_statement_current_only.csv,np_parent_company_owners,converted_from_ytd,identity_q1_or_ytd_diff,
600908.XSHG,income,2021-09-30,2021q3,,2021-10-30,minority_profit,11637000.0,finance_income_statement_current_only.csv,minority_profit,converted_from_ytd,identity_q1_or_ytd_diff,
600908.XSHG,income,2021-12-31,2021q4,,2022-04-29,operating_revenue,1103189000.0,finance_income_statement_current_only.csv,operating_revenue,converted_from_ytd,identity_q1_or_ytd_diff,
600908.XSHG,income,2021-12-31,2021q4,,2022-04-29,interest_income,2010099000.0,finance_income_statement_current_only.csv,interest_income,converted_from_ytd,identity_q1_or_ytd_diff,
600908.XSHG,income,2021-12-31,2021q4,,2022-04-29,interest_expense,1094002000.0,finance_income_statement_current_only.csv,interest_expense,converted_from_ytd,identity_q1_or_ytd_diff,
600908.XSHG,income,2021-12-31,2021q4,,2022-04-29,commission_income,18050000.0,finance_income_statement_current_only.csv,commission_income,converted_from_ytd,identity_q1_or_ytd_diff,
600908.XSHG,income,2021-12-31,2021q4,,2022-04-29,commission_expense,19031000.0,finance_income_statement_current_only.csv,commission_expense,converted_from_ytd,identity_q1_or_ytd_diff,
600908.XSHG,income,2021-12-31,2021q4,,2022-04-29,asset_impairment_loss,,finance_income_statement_current_only.csv,asset_impairment_loss,,identity_q1_or_ytd_diff,missing_raw_value
600908.XSHG,income,2021-12-31,2021q4,,2022-04-29,credit_impairment_loss,253825000.0,finance_income_statement_current_only.csv,credit_impairment_loss,converted_from_ytd,identity_q1_or_ytd_diff,
600908.XSHG,income,2021-12-31,2021q4,,2022-04-29,investment_income,154830000.0,finance_income_statement_current_only.csv,investment_income,converted_from_ytd,identity_q1_or_ytd_diff,
600908.XSHG,income,2021-12-31,2021q4,,2022-04-29,operating_profit,406889000.0,finance_income_statement_current_only.csv,operating_profit,converted_from_ytd,identity_q1_or_ytd_diff,
600908.XSHG,income,2021-12-31,2021q4,,2022-04-29,total_profit,405582000.0,finance_income_statement_current_only.csv,total_profit,converted_from_ytd,identity_q1_or_ytd_diff,
600908.XSHG,income,2021-12-31,2021q4,,2022-04-29,income_tax_expense,18100000.0,finance_income_statement_current_only.csv,income_tax_expense,converted_from_ytd,identity_q1_or_ytd_diff,
600908.XSHG,income,2021-12-31,2021q4,,2022-04-29,net_profit,387482000.0,finance_income_statement_current_only.csv,net_profit,converted_from_ytd,identity_q1_or_ytd_diff,
600908.XSHG,income,2021-12-31,2021q4,,2022-04-29,np_parent_company_owners,384777000.0,finance_income_statement_current_only.csv,np_parent_company_owners,converted_from_ytd,identity_q1_or_ytd_diff,
600908.XSHG,income,2021-12-31,2021q4,,2022-04-29,minority_profit,2705000.0,finance_income_statement_current_only.csv,minority_profit,converted_from_ytd,identity_q1_or_ytd_diff,
600908.XSHG,income,2022-03-31,2022q1,,2022-04-29,operating_revenue,1198281000.0,finance_income_statement_current_only.csv,operating_revenue,single_quarter,identity_q1_or_ytd_diff,
600908.XSHG,income,2022-03-31,2022q1,,2022-04-29,interest_income,1994169000.0,finance_income_statement_current_only.csv,interest_income,single_quarter,identity_q1_or_ytd_diff,
600908.XSHG,income,2022-03-31,2022q1,,2022-04-29,interest_expense,1105320000.0,finance_income_statement_current_only.csv,interest_expense,single_quarter,identity_q1_or_ytd_diff,
600908.XSHG,income,2022-03-31,2022q1,,2022-04-29,commission_income,81723000.0,finance_income_statement_current_only.csv,commission_income,single_quarter,identity_q1_or_ytd_diff,
600908.XSHG,income,2022-03-31,2022q1,,2022-04-29,commission_expense,11234000.0,finance_income_statement_current_only.csv,commission_expense,single_quarter,identity_q1_or_ytd_diff,
600908.XSHG,income,2022-03-31,2022q1,,2022-04-29,asset_impairment_loss,,finance_income_statement_current_only.csv,asset_impairment_loss,,identity_q1_or_ytd_diff,missing_raw_value
600908.XSHG,income,2022-03-31,2022q1,,2022-04-29,credit_impairment_loss,410552000.0,finance_income_statement_current_only.csv,credit_impairment_loss,single_quarter,identity_q1_or_ytd_diff,
600908.XSHG,income,2022-03-31,2022q1,,2022-04-29,investment_income,227919000.0,finance_income_statement_current_only.csv,investment_income,single_quarter,identity_q1_or_ytd_diff,
600908.XSHG,income,2022-03-31,2022q1,,2022-04-29,operating_profit,486098000.0,finance_income_statement_current_only.csv,operating_profit,single_quarter,identity_q1_or_ytd_diff,
600908.XSHG,income,2022-03-31,2022q1,,2022-04-29,total_profit,485969000.0,finance_income_statement_current_only.csv,total_profit,single_quarter,identity_q1_or_ytd_diff,
600908.XSHG,income,2022-03-31,2022q1,,2022-04-29,income_tax_expense,38990000.0,finance_income_statement_current_only.csv,income_tax_expense,single_quarter,identity_q1_or_ytd_diff,
600908.XSHG,income,2022-03-31,2022q1,,2022-04-29,net_profit,446979000.0,finance_income_statement_current_only.csv,net_profit,single_quarter,identity_q1_or_ytd_diff,
600908.XSHG,income,2022-03-31,2022q1,,2022-04-29,np_parent_company_owners,444387000.0,finance_income_statement_current_only.csv,np_parent_company_owners,single_quarter,identity_q1_or_ytd_diff,
600908.XSHG,income,2022-03-31,2022q1,,2022-04-29,minority_profit,2592000.0,finance_income_statement_current_only.csv,minority_profit,single_quarter,identity_q1_or_ytd_diff,
600908.XSHG,income,2022-06-30,2022q2,,2022-08-27,operating_revenue,1137367000.0,finance_income_statement_current_only.csv,operating_revenue,converted_from_ytd,identity_q1_or_ytd_diff,
600908.XSHG,income,2022-06-30,2022q2,,2022-08-27,interest_income,1977846000.0,finance_income_statement_current_only.csv,interest_income,converted_from_ytd,identity_q1_or_ytd_diff,
600908.XSHG,income,2022-06-30,2022q2,,2022-08-27,interest_expense,1112099000.0,finance_income_statement_current_only.csv,interest_expense,converted_from_ytd,identity_q1_or_ytd_diff,
600908.XSHG,income,2022-06-30,2022q2,,2022-08-27,commission_income,100914000.0,finance_income_statement_current_only.csv,commission_income,converted_from_ytd,identity_q1_or_ytd_diff,
600908.XSHG,income,2022-06-30,2022q2,,2022-08-27,commission_expense,17493000.0,finance_income_statement_current_only.csv,commission_expense,converted_from_ytd,identity_q1_or_ytd_diff,
600908.XSHG,income,2022-06-30,2022q2,,2022-08-27,asset_impairment_loss,,finance_income_statement_current_only.csv,asset_impairment_loss,,identity_q1_or_ytd_diff,missing_raw_value
600908.XSHG,income,2022-06-30,2022q2,,2022-08-27,credit_impairment_loss,221733000.0,finance_income_statement_current_only.csv,credit_impairment_loss,converted_from_ytd,identity_q1_or_ytd_diff,
600908.XSHG,income,2022-06-30,2022q2,,2022-08-27,investment_income,110057000.0,finance_income_statement_current_only.csv,investment_income,converted_from_ytd,identity_q1_or_ytd_diff,
600908.XSHG,income,2022-06-30,2022q2,,2022-08-27,operating_profit,618055000.0,finance_income_statement_current_only.csv,operating_profit,converted_from_ytd,identity_q1_or_ytd_diff,
600908.XSHG,income,2022-06-30,2022q2,,2022-08-27,total_profit,618688000.0,finance_income_statement_current_only.csv,total_profit,converted_from_ytd,identity_q1_or_ytd_diff,
600908.XSHG,income,2022-06-30,2022q2,,2022-08-27,income_tax_expense,41713000.0,finance_income_statement_current_only.csv,income_tax_expense,converted_from_ytd,identity_q1_or_ytd_diff,
600908.XSHG,income,2022-06-30,2022q2,,2022-08-27,net_profit,576975000.0,finance_income_statement_current_only.csv,net_profit,converted_from_ytd,identity_q1_or_ytd_diff,
600908.XSHG,income,2022-06-30,2022q2,,2022-08-27,np_parent_company_owners,575605000.0,finance_income_statement_current_only.csv,np_parent_company_owners,converted_from_ytd,identity_q1_or_ytd_diff,
600908.XSHG,income,2022-06-30,2022q2,,2022-08-27,minority_profit,1370000.0,finance_income_statement_current_only.csv,minority_profit,converted_from_ytd,identity_q1_or_ytd_diff,
600908.XSHG,income,2022-09-30,2022q3,,2022-10-29,operating_revenue,1125420000.0,finance_income_statement_current_only.csv,operating_revenue,converted_from_ytd,identity_q1_or_ytd_diff,
600908.XSHG,income,2022-09-30,2022q3,,2022-10-29,interest_income,1974827000.0,finance_income_statement_current_only.csv,interest_income,converted_from_ytd,identity_q1_or_ytd_diff,
600908.XSHG,income,2022-09-30,2022q3,,2022-10-29,interest_expense,1116916000.0,finance_income_statement_current_only.csv,interest_expense,converted_from_ytd,identity_q1_or_ytd_diff,
600908.XSHG,income,2022-09-30,2022q3,,2022-10-29,commission_income,72717000.0,finance_income_statement_current_only.csv,commission_income,converted_from_ytd,identity_q1_or_ytd_diff,
600908.XSHG,income,2022-09-30,2022q3,,2022-10-29,commission_expense,15951000.0,finance_income_statement_current_only.csv,commission_expense,converted_from_ytd,identity_q1_or_ytd_diff,
600908.XSHG,income,2022-09-30,2022q3,,2022-10-29,asset_impairment_loss,,finance_income_statement_current_only.csv,asset_impairment_loss,,identity_q1_or_ytd_diff,missing_raw_value
600908.XSHG,income,2022-09-30,2022q3,,2022-10-29,credit_impairment_loss,319408000.0,finance_income_statement_current_only.csv,credit_impairment_loss,converted_from_ytd,identity_q1_or_ytd_diff,
600908.XSHG,income,2022-09-30,2022q3,,2022-10-29,investment_income,126224000.0,finance_income_statement_current_only.csv,investment_income,converted_from_ytd,identity_q1_or_ytd_diff,
600908.XSHG,income,2022-09-30,2022q3,,2022-10-29,operating_profit,472559000.0,finance_income_statement_current_only.csv,operating_profit,converted_from_ytd,identity_q1_or_ytd_diff,
600908.XSHG,income,2022-09-30,2022q3,,2022-10-29,total_profit,473421000.0,finance_income_statement_current_only.csv,total_profit,converted_from_ytd,identity_q1_or_ytd_diff,
600908.XSHG,income,2022-09-30,2022q3,,2022-10-29,income_tax_expense,45393000.0,finance_income_statement_current_only.csv,income_tax_expense,converted_from_ytd,identity_q1_or_ytd_diff,
600908.XSHG,income,2022-09-30,2022q3,,2022-10-29,net_profit,428028000.0,finance_income_statement_current_only.csv,net_profit,converted_from_ytd,identity_q1_or_ytd_diff,
600908.XSHG,income,2022-09-30,2022q3,,2022-10-29,np_parent_company_owners,423038000.0,finance_income_statement_current_only.csv,np_parent_company_owners,converted_from_ytd,identity_q1_or_ytd_diff,
600908.XSHG,income,2022-09-30,2022q3,,2022-10-29,minority_profit,4990000.0,finance_income_statement_current_only.csv,minority_profit,converted_from_ytd,identity_q1_or_ytd_diff,
600908.XSHG,income,2022-12-31,2022q4,,2023-03-30,operating_revenue,1019239000.0,finance_income_statement_current_only.csv,operating_revenue,converted_from_ytd,identity_q1_or_ytd_diff,
600908.XSHG,income,2022-12-31,2022q4,,2023-03-30,interest_income,1961652000.0,finance_income_statement_current_only.csv,interest_income,converted_from_ytd,identity_q1_or_ytd_diff,
600908.XSHG,income,2022-12-31,2022q4,,2023-03-30,interest_expense,1086178000.0,finance_income_statement_current_only.csv,interest_expense,converted_from_ytd,identity_q1_or_ytd_diff,
600908.XSHG,income,2022-12-31,2022q4,,2023-03-30,commission_income,33300000.0,finance_income_statement_current_only.csv,commission_income,converted_from_ytd,identity_q1_or_ytd_diff,
600908.XSHG,income,2022-12-31,2022q4,,2023-03-30,commission_expense,17090000.0,finance_income_statement_current_only.csv,commission_expense,converted_from_ytd,identity_q1_or_ytd_diff,
600908.XSHG,income,2022-12-31,2022q4,,2023-03-30,asset_impairment_loss,,finance_income_statement_current_only.csv,asset_impairment_loss,,identity_q1_or_ytd_diff,missing_raw_value
600908.XSHG,income,2022-12-31,2022q4,,2023-03-30,credit_impairment_loss,-134232000.0,finance_income_statement_current_only.csv,credit_impairment_loss,converted_from_ytd,identity_q1_or_ytd_diff,
600908.XSHG,income,2022-12-31,2022q4,,2023-03-30,investment_income,168408000.0,finance_income_statement_current_only.csv,investment_income,converted_from_ytd,identity_q1_or_ytd_diff,
600908.XSHG,income,2022-12-31,2022q4,,2023-03-30,operating_profit,662266000.0,finance_income_statement_current_only.csv,operating_profit,converted_from_ytd,identity_q1_or_ytd_diff,
600908.XSHG,income,2022-12-31,2022q4,,2023-03-30,total_profit,662102000.0,finance_income_statement_current_only.csv,total_profit,converted_from_ytd,identity_q1_or_ytd_diff,
600908.XSHG,income,2022-12-31,2022q4,,2023-03-30,income_tax_expense,102096000.0,finance_income_statement_current_only.csv,income_tax_expense,converted_from_ytd,identity_q1_or_ytd_diff,
600908.XSHG,income,2022-12-31,2022q4,,2023-03-30,net_profit,560006000.0,finance_income_statement_current_only.csv,net_profit,converted_from_ytd,identity_q1_or_ytd_diff,
600908.XSHG,income,2022-12-31,2022q4,,2023-03-30,np_parent_company_owners,558099000.0,finance_income_statement_current_only.csv,np_parent_company_owners,converted_from_ytd,identity_q1_or_ytd_diff,
600908.XSHG,income,2022-12-31,2022q4,,2023-03-30,minority_profit,1907000.0,finance_income_statement_current_only.csv,minority_profit,converted_from_ytd,identity_q1_or_ytd_diff,
600908.XSHG,income,2023-03-31,2023q1,,2023-04-28,operating_revenue,1241972000.0,finance_income_statement_current_only.csv,operating_revenue,single_quarter,identity_q1_or_ytd_diff,
600908.XSHG,income,2023-03-31,2023q1,,2023-04-28,interest_income,2007089000.0,finance_income_statement_current_only.csv,interest_income,single_quarter,identity_q1_or_ytd_diff,
600908.XSHG,income,2023-03-31,2023q1,,2023-04-28,interest_expense,1161929000.0,finance_income_statement_current_only.csv,interest_expense,single_quarter,identity_q1_or_ytd_diff,
600908.XSHG,income,2023-03-31,2023q1,,2023-04-28,commission_income,71531000.0,finance_income_statement_current_only.csv,commission_income,single_quarter,identity_q1_or_ytd_diff,
600908.XSHG,income,2023-03-31,2023q1,,2023-04-28,commission_expense,16542000.0,finance_income_statement_current_only.csv,commission_expense,single_quarter,identity_q1_or_ytd_diff,
600908.XSHG,income,2023-03-31,2023q1,,2023-04-28,asset_impairment_loss,,finance_income_statement_current_only.csv,asset_impairment_loss,,identity_q1_or_ytd_diff,missing_raw_value
600908.XSHG,income,2023-03-31,2023q1,,2023-04-28,credit_impairment_loss,302233000.0,finance_income_statement_current_only.csv,credit_impairment_loss,single_quarter,identity_q1_or_ytd_diff,
600908.XSHG,income,2023-03-31,2023q1,,2023-04-28,investment_income,181143000.0,finance_income_statement_current_only.csv,investment_income,single_quarter,identity_q1_or_ytd_diff,
600908.XSHG,income,2023-03-31,2023q1,,2023-04-28,operating_profit,613839000.0,finance_income_statement_current_only.csv,operating_profit,single_quarter,identity_q1_or_ytd_diff,
600908.XSHG,income,2023-03-31,2023q1,,2023-04-28,total_profit,612850000.0,finance_income_statement_current_only.csv,total_profit,single_quarter,identity_q1_or_ytd_diff,
600908.XSHG,income,2023-03-31,2023q1,,2023-04-28,income_tax_expense,61921000.0,finance_income_statement_current_only.csv,income_tax_expense,single_quarter,identity_q1_or_ytd_diff,
600908.XSHG,income,2023-03-31,2023q1,,2023-04-28,net_profit,550929000.0,finance_income_statement_current_only.csv,net_profit,single_quarter,identity_q1_or_ytd_diff,
600908.XSHG,income,2023-03-31,2023q1,,2023-04-28,np_parent_company_owners,547415000.0,finance_income_statement_current_only.csv,np_parent_company_owners,single_quarter,identity_q1_or_ytd_diff,
600908.XSHG,income,2023-03-31,2023q1,,2023-04-28,minority_profit,3514000.0,finance_income_statement_current_only.csv,minority_profit,single_quarter,identity_q1_or_ytd_diff,
600908.XSHG,income,2023-06-30,2023q2,,2023-08-29,operating_revenue,1158488000.0,finance_income_statement_current_only.csv,operating_revenue,converted_from_ytd,identity_q1_or_ytd_diff,
600908.XSHG,income,2023-06-30,2023q2,,2023-08-29,interest_income,2064473000.0,finance_income_statement_current_only.csv,interest_income,converted_from_ytd,identity_q1_or_ytd_diff,
600908.XSHG,income,2023-06-30,2023q2,,2023-08-29,interest_expense,1181860000.0,finance_income_statement_current_only.csv,interest_expense,converted_from_ytd,identity_q1_or_ytd_diff,
600908.XSHG,income,2023-06-30,2023q2,,2023-08-29,commission_income,79465000.0,finance_income_statement_current_only.csv,commission_income,converted_from_ytd,identity_q1_or_ytd_diff,
600908.XSHG,income,2023-06-30,2023q2,,2023-08-29,commission_expense,17178000.0,finance_income_statement_current_only.csv,commission_expense,converted_from_ytd,identity_q1_or_ytd_diff,
600908.XSHG,income,2023-06-30,2023q2,,2023-08-29,asset_impairment_loss,,finance_income_statement_current_only.csv,asset_impairment_loss,,identity_q1_or_ytd_diff,missing_raw_value
600908.XSHG,income,2023-06-30,2023q2,,2023-08-29,credit_impairment_loss,95796000.0,finance_income_statement_current_only.csv,credit_impairment_loss,converted_from_ytd,identity_q1_or_ytd_diff,
600908.XSHG,income,2023-06-30,2023q2,,2023-08-29,investment_income,158549000.0,finance_income_statement_current_only.csv,investment_income,converted_from_ytd,identity_q1_or_ytd_diff,
600908.XSHG,income,2023-06-30,2023q2,,2023-08-29,operating_profit,767671000.0,finance_income_statement_current_only.csv,operating_profit,converted_from_ytd,identity_q1_or_ytd_diff,
600908.XSHG,income,2023-06-30,2023q2,,2023-08-29,total_profit,767467000.0,finance_income_statement_current_only.csv,total_profit,converted_from_ytd,identity_q1_or_ytd_diff,
600908.XSHG,income,2023-06-30,2023q2,,2023-08-29,income_tax_expense,81405000.0,finance_income_statement_current_only.csv,income_tax_expense,converted_from_ytd,identity_q1_or_ytd_diff,
600908.XSHG,income,2023-06-30,2023q2,,2023-08-29,net_profit,686062000.0,finance_income_statement_current_only.csv,net_profit,converted_from_ytd,identity_q1_or_ytd_diff,
600908.XSHG,income,2023-06-30,2023q2,,2023-08-29,np_parent_company_owners,683461000.0,finance_income_statement_current_only.csv,np_parent_company_owners,converted_from_ytd,identity_q1_or_ytd_diff,
600908.XSHG,income,2023-06-30,2023q2,,2023-08-29,minority_profit,2601000.0,finance_income_statement_current_only.csv,minority_profit,converted_from_ytd,identity_q1_or_ytd_diff,
600908.XSHG,income,2023-09-30,2023q3,,2023-10-31,operating_revenue,1091339000.0,finance_income_statement_current_only.csv,operating_revenue,converted_from_ytd,identity_q1_or_ytd_diff,
600908.XSHG,income,2023-09-30,2023q3,,2023-10-31,interest_income,2073202000.0,finance_income_statement_current_only.csv,interest_income,converted_from_ytd,identity_q1_or_ytd_diff,
600908.XSHG,income,2023-09-30,2023q3,,2023-10-31,interest_expense,1206098000.0,finance_income_statement_current_only.csv,interest_expense,converted_from_ytd,identity_q1_or_ytd_diff,
600908.XSHG,income,2023-09-30,2023q3,,2023-10-31,commission_income,37126000.0,finance_income_statement_current_only.csv,commission_income,converted_from_ytd,identity_q1_or_ytd_diff,
600908.XSHG,income,2023-09-30,2023q3,,2023-10-31,commission_expense,27873000.0,finance_income_statement_current_only.csv,commission_expense,converted_from_ytd,identity_q1_or_ytd_diff,
600908.XSHG,income,2023-09-30,2023q3,,2023-10-31,asset_impairment_loss,,finance_income_statement_current_only.csv,asset_impairment_loss,,identity_q1_or_ytd_diff,missing_raw_value
600908.XSHG,income,2023-09-30,2023q3,,2023-10-31,credit_impairment_loss,169146000.0,finance_income_statement_current_only.csv,credit_impairment_loss,converted_from_ytd,identity_q1_or_ytd_diff,
600908.XSHG,income,2023-09-30,2023q3,,2023-10-31,investment_income,180949000.0,finance_income_statement_current_only.csv,investment_income,converted_from_ytd,identity_q1_or_ytd_diff,
600908.XSHG,income,2023-09-30,2023q3,,2023-10-31,operating_profit,487881000.0,finance_income_statement_current_only.csv,operating_profit,converted_from_ytd,identity_q1_or_ytd_diff,
600908.XSHG,income,2023-09-30,2023q3,,2023-10-31,total_profit,487792000.0,finance_income_statement_current_only.csv,total_profit,converted_from_ytd,identity_q1_or_ytd_diff,
600908.XSHG,income,2023-09-30,2023q3,,2023-10-31,income_tax_expense,42035000.0,finance_income_statement_current_only.csv,income_tax_expense,converted_from_ytd,identity_q1_or_ytd_diff,
600908.XSHG,income,2023-09-30,2023q3,,2023-10-31,net_profit,445757000.0,finance_income_statement_current_only.csv,net_profit,converted_from_ytd,identity_q1_or_ytd_diff,
600908.XSHG,income,2023-09-30,2023q3,,2023-10-31,np_parent_company_owners,445003000.0,finance_income_statement_current_only.csv,np_parent_company_owners,converted_from_ytd,identity_q1_or_ytd_diff,
600908.XSHG,income,2023-09-30,2023q3,,2023-10-31,minority_profit,754000.0,finance_income_statement_current_only.csv,minority_profit,converted_from_ytd,identity_q1_or_ytd_diff,
600908.XSHG,income,2023-12-31,2023q4,,2024-03-30,operating_revenue,1045724000.0,finance_income_statement_current_only.csv,operating_revenue,converted_from_ytd,identity_q1_or_ytd_diff,
600908.XSHG,income,2023-12-31,2023q4,,2024-03-30,interest_income,2073644000.0,finance_income_statement_current_only.csv,interest_income,converted_from_ytd,identity_q1_or_ytd_diff,
600908.XSHG,income,2023-12-31,2023q4,,2024-03-30,interest_expense,1207885000.0,finance_income_statement_current_only.csv,interest_expense,converted_from_ytd,identity_q1_or_ytd_diff,
600908.XSHG,income,2023-12-31,2023q4,,2024-03-30,commission_income,26568000.0,finance_income_statement_current_only.csv,commission_income,converted_from_ytd,identity_q1_or_ytd_diff,
600908.XSHG,income,2023-12-31,2023q4,,2024-03-30,commission_expense,21090000.0,finance_income_statement_current_only.csv,commission_expense,converted_from_ytd,identity_q1_or_ytd_diff,
600908.XSHG,income,2023-12-31,2023q4,,2024-03-30,asset_impairment_loss,,finance_income_statement_current_only.csv,asset_impairment_loss,,identity_q1_or_ytd_diff,missing_raw_value
600908.XSHG,income,2023-12-31,2023q4,,2024-03-30,credit_impairment_loss,83611000.0,finance_income_statement_current_only.csv,credit_impairment_loss,converted_from_ytd,identity_q1_or_ytd_diff,
600908.XSHG,income,2023-12-31,2023q4,,2024-03-30,investment_income,184507000.0,finance_income_statement_current_only.csv,investment_income,converted_from_ytd,identity_q1_or_ytd_diff,
600908.XSHG,income,2023-12-31,2023q4,,2024-03-30,operating_profit,519884000.0,finance_income_statement_current_only.csv,operating_profit,converted_from_ytd,identity_q1_or_ytd_diff,
600908.XSHG,income,2023-12-31,2023q4,,2024-03-30,total_profit,519186000.0,finance_income_statement_current_only.csv,total_profit,converted_from_ytd,identity_q1_or_ytd_diff,
600908.XSHG,income,2023-12-31,2023q4,,2024-03-30,income_tax_expense,-5871000.0,finance_income_statement_current_only.csv,income_tax_expense,converted_from_ytd,identity_q1_or_ytd_diff,
600908.XSHG,income,2023-12-31,2023q4,,2024-03-30,net_profit,525057000.0,finance_income_statement_current_only.csv,net_profit,converted_from_ytd,identity_q1_or_ytd_diff,
600908.XSHG,income,2023-12-31,2023q4,,2024-03-30,np_parent_company_owners,524609000.0,finance_income_statement_current_only.csv,np_parent_company_owners,converted_from_ytd,identity_q1_or_ytd_diff,
600908.XSHG,income,2023-12-31,2023q4,,2024-03-30,minority_profit,448000.0,finance_income_statement_current_only.csv,minority_profit,converted_from_ytd,identity_q1_or_ytd_diff,
600908.XSHG,income,2024-03-31,2024q1,,2024-04-27,operating_revenue,1304309000.0,finance_income_statement_current_only.csv,operating_revenue,single_quarter,identity_q1_or_ytd_diff,
600908.XSHG,income,2024-03-31,2024q1,,2024-04-27,interest_income,2080609000.0,finance_income_statement_current_only.csv,interest_income,single_quarter,identity_q1_or_ytd_diff,
600908.XSHG,income,2024-03-31,2024q1,,2024-04-27,interest_expense,1233532000.0,finance_income_statement_current_only.csv,interest_expense,single_quarter,identity_q1_or_ytd_diff,
600908.XSHG,income,2024-03-31,2024q1,,2024-04-27,commission_income,81575000.0,finance_income_statement_current_only.csv,commission_income,single_quarter,identity_q1_or_ytd_diff,
600908.XSHG,income,2024-03-31,2024q1,,2024-04-27,commission_expense,18010000.0,finance_income_statement_current_only.csv,commission_expense,single_quarter,identity_q1_or_ytd_diff,
600908.XSHG,income,2024-03-31,2024q1,,2024-04-27,asset_impairment_loss,,finance_income_statement_current_only.csv,asset_impairment_loss,,identity_q1_or_ytd_diff,missing_raw_value
600908.XSHG,income,2024-03-31,2024q1,,2024-04-27,credit_impairment_loss,307233000.0,finance_income_statement_current_only.csv,credit_impairment_loss,single_quarter,identity_q1_or_ytd_diff,
600908.XSHG,income,2024-03-31,2024q1,,2024-04-27,investment_income,305217000.0,finance_income_statement_current_only.csv,investment_income,single_quarter,identity_q1_or_ytd_diff,
600908.XSHG,income,2024-03-31,2024q1,,2024-04-27,operating_profit,646437000.0,finance_income_statement_current_only.csv,operating_profit,single_quarter,identity_q1_or_ytd_diff,
600908.XSHG,income,2024-03-31,2024q1,,2024-04-27,total_profit,647112000.0,finance_income_statement_current_only.csv,total_profit,single_quarter,identity_q1_or_ytd_diff,
600908.XSHG,income,2024-03-31,2024q1,,2024-04-27,income_tax_expense,46033000.0,finance_income_statement_current_only.csv,income_tax_expense,single_quarter,identity_q1_or_ytd_diff,
600908.XSHG,income,2024-03-31,2024q1,,2024-04-27,net_profit,601079000.0,finance_income_statement_current_only.csv,net_profit,single_quarter,identity_q1_or_ytd_diff,
600908.XSHG,income,2024-03-31,2024q1,,2024-04-27,np_parent_company_owners,598932000.0,finance_income_statement_current_only.csv,np_parent_company_owners,single_quarter,identity_q1_or_ytd_diff,
600908.XSHG,income,2024-03-31,2024q1,,2024-04-27,minority_profit,2147000.0,finance_income_statement_current_only.csv,minority_profit,single_quarter,identity_q1_or_ytd_diff,
600908.XSHG,income,2024-06-30,2024q2,,2024-08-30,operating_revenue,1252830000.0,finance_income_statement_current_only.csv,operating_revenue,converted_from_ytd,identity_q1_or_ytd_diff,
600908.XSHG,income,2024-06-30,2024q2,,2024-08-30,interest_income,2037885000.0,finance_income_statement_current_only.csv,interest_income,converted_from_ytd,identity_q1_or_ytd_diff,
600908.XSHG,income,2024-06-30,2024q2,,2024-08-30,interest_expense,1195058000.0,finance_income_statement_current_only.csv,interest_expense,converted_from_ytd,identity_q1_or_ytd_diff,
600908.XSHG,income,2024-06-30,2024q2,,2024-08-30,commission_income,62604000.0,finance_income_statement_current_only.csv,commission_income,converted_from_ytd,identity_q1_or_ytd_diff,
600908.XSHG,income,2024-06-30,2024q2,,2024-08-30,commission_expense,17054000.0,finance_income_statement_current_only.csv,commission_expense,converted_from_ytd,identity_q1_or_ytd_diff,
600908.XSHG,income,2024-06-30,2024q2,,2024-08-30,asset_impairment_loss,,finance_income_statement_current_only.csv,asset_impairment_loss,,identity_q1_or_ytd_diff,missing_raw_value
600908.XSHG,income,2024-06-30,2024q2,,2024-08-30,credit_impairment_loss,157375000.0,finance_income_statement_current_only.csv,credit_impairment_loss,converted_from_ytd,identity_q1_or_ytd_diff,
600908.XSHG,income,2024-06-30,2024q2,,2024-08-30,investment_income,343843000.0,finance_income_statement_current_only.csv,investment_income,converted_from_ytd,identity_q1_or_ytd_diff,
600908.XSHG,income,2024-06-30,2024q2,,2024-08-30,operating_profit,803979000.0,finance_income_statement_current_only.csv,operating_profit,converted_from_ytd,identity_q1_or_ytd_diff,
600908.XSHG,income,2024-06-30,2024q2,,2024-08-30,total_profit,799599000.0,finance_income_statement_current_only.csv,total_profit,converted_from_ytd,identity_q1_or_ytd_diff,
600908.XSHG,income,2024-06-30,2024q2,,2024-08-30,income_tax_expense,65451000.0,finance_income_statement_current_only.csv,income_tax_expense,converted_from_ytd,identity_q1_or_ytd_diff,
600908.XSHG,income,2024-06-30,2024q2,,2024-08-30,net_profit,734148000.0,finance_income_statement_current_only.csv,net_profit,converted_from_ytd,identity_q1_or_ytd_diff,
600908.XSHG,income,2024-06-30,2024q2,,2024-08-30,np_parent_company_owners,733432000.0,finance_income_statement_current_only.csv,np_parent_company_owners,converted_from_ytd,identity_q1_or_ytd_diff,
600908.XSHG,income,2024-06-30,2024q2,,2024-08-30,minority_profit,716000.0,finance_income_statement_current_only.csv,minority_profit,converted_from_ytd,identity_q1_or_ytd_diff,
600908.XSHG,income,2024-09-30,2024q3,,2024-10-31,operating_revenue,1068148000.0,finance_income_statement_current_only.csv,operating_revenue,converted_from_ytd,identity_q1_or_ytd_diff,
600908.XSHG,income,2024-09-30,2024q3,,2024-10-31,interest_income,2041786000.0,finance_income_statement_current_only.csv,interest_income,converted_from_ytd,identity_q1_or_ytd_diff,
600908.XSHG,income,2024-09-30,2024q3,,2024-10-31,interest_expense,1160435000.0,finance_income_statement_current_only.csv,interest_expense,converted_from_ytd,identity_q1_or_ytd_diff,
600908.XSHG,income,2024-09-30,2024q3,,2024-10-31,commission_income,36695000.0,finance_income_statement_current_only.csv,commission_income,converted_from_ytd,identity_q1_or_ytd_diff,
600908.XSHG,income,2024-09-30,2024q3,,2024-10-31,commission_expense,23700000.0,finance_income_statement_current_only.csv,commission_expense,converted_from_ytd,identity_q1_or_ytd_diff,
600908.XSHG,income,2024-09-30,2024q3,,2024-10-31,asset_impairment_loss,,finance_income_statement_current_only.csv,asset_impairment_loss,,identity_q1_or_ytd_diff,missing_raw_value
600908.XSHG,income,2024-09-30,2024q3,,2024-10-31,credit_impairment_loss,204520000.0,finance_income_statement_current_only.csv,credit_impairment_loss,converted_from_ytd,identity_q1_or_ytd_diff,
600908.XSHG,income,2024-09-30,2024q3,,2024-10-31,investment_income,168981000.0,finance_income_statement_current_only.csv,investment_income,converted_from_ytd,identity_q1_or_ytd_diff,
600908.XSHG,income,2024-09-30,2024q3,,2024-10-31,operating_profit,489553000.0,finance_income_statement_current_only.csv,operating_profit,converted_from_ytd,identity_q1_or_ytd_diff,
600908.XSHG,income,2024-09-30,2024q3,,2024-10-31,total_profit,492673000.0,finance_income_statement_current_only.csv,total_profit,converted_from_ytd,identity_q1_or_ytd_diff,
600908.XSHG,income,2024-09-30,2024q3,,2024-10-31,income_tax_expense,58142000.0,finance_income_statement_current_only.csv,income_tax_expense,converted_from_ytd,identity_q1_or_ytd_diff,
600908.XSHG,income,2024-09-30,2024q3,,2024-10-31,net_profit,434531000.0,finance_income_statement_current_only.csv,net_profit,converted_from_ytd,identity_q1_or_ytd_diff,
600908.XSHG,income,2024-09-30,2024q3,,2024-10-31,np_parent_company_owners,433593000.0,finance_income_statement_current_only.csv,np_parent_company_owners,converted_from_ytd,identity_q1_or_ytd_diff,
600908.XSHG,income,2024-09-30,2024q3,,2024-10-31,minority_profit,938000.0,finance_income_statement_current_only.csv,minority_profit,converted_from_ytd,identity_q1_or_ytd_diff,
600908.XSHG,income,2024-12-31,2024q4,,2025-03-29,operating_revenue,1100497000.0,finance_income_statement_current_only.csv,operating_revenue,converted_from_ytd,identity_q1_or_ytd_diff,
600908.XSHG,income,2024-12-31,2024q4,,2025-03-29,interest_income,1996460000.0,finance_income_statement_current_only.csv,interest_income,converted_from_ytd,identity_q1_or_ytd_diff,
600908.XSHG,income,2024-12-31,2024q4,,2025-03-29,interest_expense,1125296000.0,finance_income_statement_current_only.csv,interest_expense,converted_from_ytd,identity_q1_or_ytd_diff,
600908.XSHG,income,2024-12-31,2024q4,,2025-03-29,commission_income,36435000.0,finance_income_statement_current_only.csv,commission_income,converted_from_ytd,identity_q1_or_ytd_diff,
600908.XSHG,income,2024-12-31,2024q4,,2025-03-29,commission_expense,21741000.0,finance_income_statement_current_only.csv,commission_expense,converted_from_ytd,identity_q1_or_ytd_diff,
600908.XSHG,income,2024-12-31,2024q4,,2025-03-29,asset_impairment_loss,,finance_income_statement_current_only.csv,asset_impairment_loss,,identity_q1_or_ytd_diff,missing_raw_value
600908.XSHG,income,2024-12-31,2024q4,,2025-03-29,credit_impairment_loss,69139000.0,finance_income_statement_current_only.csv,credit_impairment_loss,converted_from_ytd,identity_q1_or_ytd_diff,
600908.XSHG,income,2024-12-31,2024q4,,2025-03-29,investment_income,180160000.0,finance_income_statement_current_only.csv,investment_income,converted_from_ytd,identity_q1_or_ytd_diff,
600908.XSHG,income,2024-12-31,2024q4,,2025-03-29,operating_profit,556322000.0,finance_income_statement_current_only.csv,operating_profit,converted_from_ytd,identity_q1_or_ytd_diff,
600908.XSHG,income,2024-12-31,2024q4,,2025-03-29,total_profit,554051000.0,finance_income_statement_current_only.csv,total_profit,converted_from_ytd,identity_q1_or_ytd_diff,
600908.XSHG,income,2024-12-31,2024q4,,2025-03-29,income_tax_expense,70593000.0,finance_income_statement_current_only.csv,income_tax_expense,converted_from_ytd,identity_q1_or_ytd_diff,
600908.XSHG,income,2024-12-31,2024q4,,2025-03-29,net_profit,483458000.0,finance_income_statement_current_only.csv,net_profit,converted_from_ytd,identity_q1_or_ytd_diff,
600908.XSHG,income,2024-12-31,2024q4,,2025-03-29,np_parent_company_owners,486176000.0,finance_income_statement_current_only.csv,np_parent_company_owners,converted_from_ytd,identity_q1_or_ytd_diff,
600908.XSHG,income,2024-12-31,2024q4,,2025-03-29,minority_profit,-2718000.0,finance_income_statement_current_only.csv,minority_profit,converted_from_ytd,identity_q1_or_ytd_diff,
600908.XSHG,income,2025-03-31,2025q1,,2025-04-25,operating_revenue,1350376000.0,finance_income_statement_current_only.csv,operating_revenue,single_quarter,identity_q1_or_ytd_diff,
600908.XSHG,income,2025-03-31,2025q1,,2025-04-25,interest_income,1955107000.0,finance_income_statement_current_only.csv,interest_income,single_quarter,identity_q1_or_ytd_diff,
600908.XSHG,income,2025-03-31,2025q1,,2025-04-25,interest_expense,1065027000.0,finance_income_statement_current_only.csv,interest_expense,single_quarter,identity_q1_or_ytd_diff,
600908.XSHG,income,2025-03-31,2025q1,,2025-04-25,commission_income,73794000.0,finance_income_statement_current_only.csv,commission_income,single_quarter,identity_q1_or_ytd_diff,
600908.XSHG,income,2025-03-31,2025q1,,2025-04-25,commission_expense,17311000.0,finance_income_statement_current_only.csv,commission_expense,single_quarter,identity_q1_or_ytd_diff,
600908.XSHG,income,2025-03-31,2025q1,,2025-04-25,asset_impairment_loss,,finance_income_statement_current_only.csv,asset_impairment_loss,,identity_q1_or_ytd_diff,missing_raw_value
600908.XSHG,income,2025-03-31,2025q1,,2025-04-25,credit_impairment_loss,330838000.0,finance_income_statement_current_only.csv,credit_impairment_loss,single_quarter,identity_q1_or_ytd_diff,
600908.XSHG,income,2025-03-31,2025q1,,2025-04-25,investment_income,436900000.0,finance_income_statement_current_only.csv,investment_income,single_quarter,identity_q1_or_ytd_diff,
600908.XSHG,income,2025-03-31,2025q1,,2025-04-25,operating_profit,674198000.0,finance_income_statement_current_only.csv,operating_profit,single_quarter,identity_q1_or_ytd_diff,
600908.XSHG,income,2025-03-31,2025q1,,2025-04-25,total_profit,675843000.0,finance_income_statement_current_only.csv,total_profit,single_quarter,identity_q1_or_ytd_diff,
600908.XSHG,income,2025-03-31,2025q1,,2025-04-25,income_tax_expense,56951000.0,finance_income_statement_current_only.csv,income_tax_expense,single_quarter,identity_q1_or_ytd_diff,
600908.XSHG,income,2025-03-31,2025q1,,2025-04-25,net_profit,618892000.0,finance_income_statement_current_only.csv,net_profit,single_quarter,identity_q1_or_ytd_diff,
600908.XSHG,income,2025-03-31,2025q1,,2025-04-25,np_parent_company_owners,617657000.0,finance_income_statement_current_only.csv,np_parent_company_owners,single_quarter,identity_q1_or_ytd_diff,
600908.XSHG,income,2025-03-31,2025q1,,2025-04-25,minority_profit,1235000.0,finance_income_statement_current_only.csv,minority_profit,single_quarter,identity_q1_or_ytd_diff,
600908.XSHG,income,2025-06-30,2025q2,,2025-08-29,operating_revenue,1294789000.0,finance_income_statement_current_only.csv,operating_revenue,converted_from_ytd,identity_q1_or_ytd_diff,
600908.XSHG,income,2025-06-30,2025q2,,2025-08-29,interest_income,1933487000.0,finance_income_statement_current_only.csv,interest_income,converted_from_ytd,identity_q1_or_ytd_diff,
600908.XSHG,income,2025-06-30,2025q2,,2025-08-29,interest_expense,1047698000.0,finance_income_statement_current_only.csv,interest_expense,converted_from_ytd,identity_q1_or_ytd_diff,
600908.XSHG,income,2025-06-30,2025q2,,2025-08-29,commission_income,44210000.0,finance_income_statement_current_only.csv,commission_income,converted_from_ytd,identity_q1_or_ytd_diff,
600908.XSHG,income,2025-06-30,2025q2,,2025-08-29,commission_expense,18254000.0,finance_income_statement_current_only.csv,commission_expense,converted_from_ytd,identity_q1_or_ytd_diff,
600908.XSHG,income,2025-06-30,2025q2,,2025-08-29,asset_impairment_loss,,finance_income_statement_current_only.csv,asset_impairment_loss,,identity_q1_or_ytd_diff,missing_raw_value
600908.XSHG,income,2025-06-30,2025q2,,2025-08-29,credit_impairment_loss,182409000.0,finance_income_statement_current_only.csv,credit_impairment_loss,converted_from_ytd,identity_q1_or_ytd_diff,
600908.XSHG,income,2025-06-30,2025q2,,2025-08-29,investment_income,372806000.0,finance_income_statement_current_only.csv,investment_income,converted_from_ytd,identity_q1_or_ytd_diff,
600908.XSHG,income,2025-06-30,2025q2,,2025-08-29,operating_profit,828936000.0,finance_income_statement_current_only.csv,operating_profit,converted_from_ytd,identity_q1_or_ytd_diff,
600908.XSHG,income,2025-06-30,2025q2,,2025-08-29,total_profit,829014000.0,finance_income_statement_current_only.csv,total_profit,converted_from_ytd,identity_q1_or_ytd_diff,
600908.XSHG,income,2025-06-30,2025q2,,2025-08-29,income_tax_expense,67036000.0,finance_income_statement_current_only.csv,income_tax_expense,converted_from_ytd,identity_q1_or_ytd_diff,
600908.XSHG,income,2025-06-30,2025q2,,2025-08-29,net_profit,761978000.0,finance_income_statement_current_only.csv,net_profit,converted_from_ytd,identity_q1_or_ytd_diff,
600908.XSHG,income,2025-06-30,2025q2,,2025-08-29,np_parent_company_owners,761609000.0,finance_income_statement_current_only.csv,np_parent_company_owners,converted_from_ytd,identity_q1_or_ytd_diff,
600908.XSHG,income,2025-06-30,2025q2,,2025-08-29,minority_profit,369000.0,finance_income_statement_current_only.csv,minority_profit,converted_from_ytd,identity_q1_or_ytd_diff,
600908.XSHG,income,2025-09-30,2025q3,,2025-10-27,operating_revenue,1120308000.0,finance_income_statement_current_only.csv,operating_revenue,converted_from_ytd,identity_q1_or_ytd_diff,
600908.XSHG,income,2025-09-30,2025q3,,2025-10-27,interest_income,1923024000.0,finance_income_statement_current_only.csv,interest_income,converted_from_ytd,identity_q1_or_ytd_diff,
600908.XSHG,income,2025-09-30,2025q3,,2025-10-27,interest_expense,1088727000.0,finance_income_statement_current_only.csv,interest_expense,converted_from_ytd,identity_q1_or_ytd_diff,
600908.XSHG,income,2025-09-30,2025q3,,2025-10-27,commission_income,53955000.0,finance_income_statement_current_only.csv,commission_income,converted_from_ytd,identity_q1_or_ytd_diff,
600908.XSHG,income,2025-09-30,2025q3,,2025-10-27,commission_expense,19957000.0,finance_income_statement_current_only.csv,commission_expense,converted_from_ytd,identity_q1_or_ytd_diff,
600908.XSHG,income,2025-09-30,2025q3,,2025-10-27,asset_impairment_loss,,finance_income_statement_current_only.csv,asset_impairment_loss,,identity_q1_or_ytd_diff,missing_raw_value
600908.XSHG,income,2025-09-30,2025q3,,2025-10-27,credit_impairment_loss,179897000.0,finance_income_statement_current_only.csv,credit_impairment_loss,converted_from_ytd,identity_q1_or_ytd_diff,
600908.XSHG,income,2025-09-30,2025q3,,2025-10-27,investment_income,258087000.0,finance_income_statement_current_only.csv,investment_income,converted_from_ytd,identity_q1_or_ytd_diff,
600908.XSHG,income,2025-09-30,2025q3,,2025-10-27,operating_profit,513074000.0,finance_income_statement_current_only.csv,operating_profit,converted_from_ytd,identity_q1_or_ytd_diff,
600908.XSHG,income,2025-09-30,2025q3,,2025-10-27,total_profit,512623000.0,finance_income_statement_current_only.csv,total_profit,converted_from_ytd,identity_q1_or_ytd_diff,
600908.XSHG,income,2025-09-30,2025q3,,2025-10-27,income_tax_expense,58083000.0,finance_income_statement_current_only.csv,income_tax_expense,converted_from_ytd,identity_q1_or_ytd_diff,
600908.XSHG,income,2025-09-30,2025q3,,2025-10-27,net_profit,454540000.0,finance_income_statement_current_only.csv,net_profit,converted_from_ytd,identity_q1_or_ytd_diff,
600908.XSHG,income,2025-09-30,2025q3,,2025-10-27,np_parent_company_owners,453401000.0,finance_income_statement_current_only.csv,np_parent_company_owners,converted_from_ytd,identity_q1_or_ytd_diff,
600908.XSHG,income,2025-09-30,2025q3,,2025-10-27,minority_profit,1139000.0,finance_income_statement_current_only.csv,minority_profit,converted_from_ytd,identity_q1_or_ytd_diff,
600908.XSHG,income,2025-12-31,2025q4,,2026-03-28,operating_revenue,1053928000.0,finance_income_statement_current_only.csv,operating_revenue,converted_from_ytd,identity_q1_or_ytd_diff,
600908.XSHG,income,2025-12-31,2025q4,,2026-03-28,interest_income,1908402000.0,finance_income_statement_current_only.csv,interest_income,converted_from_ytd,identity_q1_or_ytd_diff,
600908.XSHG,income,2025-12-31,2025q4,,2026-03-28,interest_expense,1068799000.0,finance_income_statement_current_only.csv,interest_expense,converted_from_ytd,identity_q1_or_ytd_diff,
600908.XSHG,income,2025-12-31,2025q4,,2026-03-28,commission_income,36225000.0,finance_income_statement_current_only.csv,commission_income,converted_from_ytd,identity_q1_or_ytd_diff,
600908.XSHG,income,2025-12-31,2025q4,,2026-03-28,commission_expense,21359000.0,finance_income_statement_current_only.csv,commission_expense,converted_from_ytd,identity_q1_or_ytd_diff,
600908.XSHG,income,2025-12-31,2025q4,,2026-03-28,asset_impairment_loss,,finance_income_statement_current_only.csv,asset_impairment_loss,,identity_q1_or_ytd_diff,missing_raw_value
600908.XSHG,income,2025-12-31,2025q4,,2026-03-28,credit_impairment_loss,110453000.0,finance_income_statement_current_only.csv,credit_impairment_loss,converted_from_ytd,identity_q1_or_ytd_diff,
600908.XSHG,income,2025-12-31,2025q4,,2026-03-28,investment_income,185057000.0,finance_income_statement_current_only.csv,investment_income,converted_from_ytd,identity_q1_or_ytd_diff,
600908.XSHG,income,2025-12-31,2025q4,,2026-03-28,operating_profit,483801000.0,finance_income_statement_current_only.csv,operating_profit,converted_from_ytd,identity_q1_or_ytd_diff,
600908.XSHG,income,2025-12-31,2025q4,,2026-03-28,total_profit,481939000.0,finance_income_statement_current_only.csv,total_profit,converted_from_ytd,identity_q1_or_ytd_diff,
600908.XSHG,income,2025-12-31,2025q4,,2026-03-28,income_tax_expense,9208000.0,finance_income_statement_current_only.csv,income_tax_expense,converted_from_ytd,identity_q1_or_ytd_diff,
600908.XSHG,income,2025-12-31,2025q4,,2026-03-28,net_profit,472731000.0,finance_income_statement_current_only.csv,net_profit,converted_from_ytd,identity_q1_or_ytd_diff,
600908.XSHG,income,2025-12-31,2025q4,,2026-03-28,np_parent_company_owners,476465000.0,finance_income_statement_current_only.csv,np_parent_company_owners,converted_from_ytd,identity_q1_or_ytd_diff,
600908.XSHG,income,2025-12-31,2025q4,,2026-03-28,minority_profit,-3734000.0,finance_income_statement_current_only.csv,minority_profit,converted_from_ytd,identity_q1_or_ytd_diff,
600908.XSHG,income,2026-03-31,2026q1,,2026-04-30,operating_revenue,1385427000.0,finance_income_statement_current_only.csv,operating_revenue,single_quarter,identity_q1_or_ytd_diff,
600908.XSHG,income,2026-03-31,2026q1,,2026-04-30,interest_income,1881584000.0,finance_income_statement_current_only.csv,interest_income,single_quarter,identity_q1_or_ytd_diff,
600908.XSHG,income,2026-03-31,2026q1,,2026-04-30,interest_expense,921642000.0,finance_income_statement_current_only.csv,interest_expense,single_quarter,identity_q1_or_ytd_diff,
600908.XSHG,income,2026-03-31,2026q1,,2026-04-30,commission_income,73748000.0,finance_income_statement_current_only.csv,commission_income,single_quarter,identity_q1_or_ytd_diff,
600908.XSHG,income,2026-03-31,2026q1,,2026-04-30,commission_expense,13296000.0,finance_income_statement_current_only.csv,commission_expense,single_quarter,identity_q1_or_ytd_diff,
600908.XSHG,income,2026-03-31,2026q1,,2026-04-30,asset_impairment_loss,,finance_income_statement_current_only.csv,asset_impairment_loss,,identity_q1_or_ytd_diff,missing_raw_value
600908.XSHG,income,2026-03-31,2026q1,,2026-04-30,credit_impairment_loss,349498000.0,finance_income_statement_current_only.csv,credit_impairment_loss,single_quarter,identity_q1_or_ytd_diff,
600908.XSHG,income,2026-03-31,2026q1,,2026-04-30,investment_income,352765000.0,finance_income_statement_current_only.csv,investment_income,single_quarter,identity_q1_or_ytd_diff,
600908.XSHG,income,2026-03-31,2026q1,,2026-04-30,operating_profit,696065000.0,finance_income_statement_current_only.csv,operating_profit,single_quarter,identity_q1_or_ytd_diff,
600908.XSHG,income,2026-03-31,2026q1,,2026-04-30,total_profit,693462000.0,finance_income_statement_current_only.csv,total_profit,single_quarter,identity_q1_or_ytd_diff,
600908.XSHG,income,2026-03-31,2026q1,,2026-04-30,income_tax_expense,58088000.0,finance_income_statement_current_only.csv,income_tax_expense,single_quarter,identity_q1_or_ytd_diff,
600908.XSHG,income,2026-03-31,2026q1,,2026-04-30,net_profit,635374000.0,finance_income_statement_current_only.csv,net_profit,single_quarter,identity_q1_or_ytd_diff,
600908.XSHG,income,2026-03-31,2026q1,,2026-04-30,np_parent_company_owners,634542000.0,finance_income_statement_current_only.csv,np_parent_company_owners,single_quarter,identity_q1_or_ytd_diff,
600908.XSHG,income,2026-03-31,2026q1,,2026-04-30,minority_profit,832000.0,finance_income_statement_current_only.csv,minority_profit,single_quarter,identity_q1_or_ytd_diff,
600908.XSHG,income,2026-06-30,2026q2,,,operating_revenue,,,operating_revenue,,identity_q1_or_ytd_diff,outside_current_available_window
600908.XSHG,income,2026-06-30,2026q2,,,interest_income,,,interest_income,,identity_q1_or_ytd_diff,outside_current_available_window
600908.XSHG,income,2026-06-30,2026q2,,,interest_expense,,,interest_expense,,identity_q1_or_ytd_diff,outside_current_available_window
600908.XSHG,income,2026-06-30,2026q2,,,commission_income,,,commission_income,,identity_q1_or_ytd_diff,outside_current_available_window
600908.XSHG,income,2026-06-30,2026q2,,,commission_expense,,,commission_expense,,identity_q1_or_ytd_diff,outside_current_available_window
600908.XSHG,income,2026-06-30,2026q2,,,asset_impairment_loss,,,asset_impairment_loss,,identity_q1_or_ytd_diff,outside_current_available_window
600908.XSHG,income,2026-06-30,2026q2,,,credit_impairment_loss,,,credit_impairment_loss,,identity_q1_or_ytd_diff,outside_current_available_window
600908.XSHG,income,2026-06-30,2026q2,,,investment_income,,,investment_income,,identity_q1_or_ytd_diff,outside_current_available_window
600908.XSHG,income,2026-06-30,2026q2,,,operating_profit,,,operating_profit,,identity_q1_or_ytd_diff,outside_current_available_window
600908.XSHG,income,2026-06-30,2026q2,,,total_profit,,,total_profit,,identity_q1_or_ytd_diff,outside_current_available_window
600908.XSHG,income,2026-06-30,2026q2,,,income_tax_expense,,,income_tax_expense,,identity_q1_or_ytd_diff,outside_current_available_window
600908.XSHG,income,2026-06-30,2026q2,,,net_profit,,,net_profit,,identity_q1_or_ytd_diff,outside_current_available_window
600908.XSHG,income,2026-06-30,2026q2,,,np_parent_company_owners,,,np_parent_company_owners,,identity_q1_or_ytd_diff,outside_current_available_window
600908.XSHG,income,2026-06-30,2026q2,,,minority_profit,,,minority_profit,,identity_q1_or_ytd_diff,outside_current_available_window
600908.XSHG,income,2026-09-30,2026q3,,,operating_revenue,,,operating_revenue,,identity_q1_or_ytd_diff,outside_current_available_window
600908.XSHG,income,2026-09-30,2026q3,,,interest_income,,,interest_income,,identity_q1_or_ytd_diff,outside_current_available_window
600908.XSHG,income,2026-09-30,2026q3,,,interest_expense,,,interest_expense,,identity_q1_or_ytd_diff,outside_current_available_window
600908.XSHG,income,2026-09-30,2026q3,,,commission_income,,,commission_income,,identity_q1_or_ytd_diff,outside_current_available_window
600908.XSHG,income,2026-09-30,2026q3,,,commission_expense,,,commission_expense,,identity_q1_or_ytd_diff,outside_current_available_window
600908.XSHG,income,2026-09-30,2026q3,,,asset_impairment_loss,,,asset_impairment_loss,,identity_q1_or_ytd_diff,outside_current_available_window
600908.XSHG,income,2026-09-30,2026q3,,,credit_impairment_loss,,,credit_impairment_loss,,identity_q1_or_ytd_diff,outside_current_available_window
600908.XSHG,income,2026-09-30,2026q3,,,investment_income,,,investment_income,,identity_q1_or_ytd_diff,outside_current_available_window
600908.XSHG,income,2026-09-30,2026q3,,,operating_profit,,,operating_profit,,identity_q1_or_ytd_diff,outside_current_available_window
600908.XSHG,income,2026-09-30,2026q3,,,total_profit,,,total_profit,,identity_q1_or_ytd_diff,outside_current_available_window
600908.XSHG,income,2026-09-30,2026q3,,,income_tax_expense,,,income_tax_expense,,identity_q1_or_ytd_diff,outside_current_available_window
600908.XSHG,income,2026-09-30,2026q3,,,net_profit,,,net_profit,,identity_q1_or_ytd_diff,outside_current_available_window
600908.XSHG,income,2026-09-30,2026q3,,,np_parent_company_owners,,,np_parent_company_owners,,identity_q1_or_ytd_diff,outside_current_available_window
600908.XSHG,income,2026-09-30,2026q3,,,minority_profit,,,minority_profit,,identity_q1_or_ytd_diff,outside_current_available_window
600908.XSHG,income,2026-12-31,2026q4,,,operating_revenue,,,operating_revenue,,identity_q1_or_ytd_diff,outside_current_available_window
600908.XSHG,income,2026-12-31,2026q4,,,interest_income,,,interest_income,,identity_q1_or_ytd_diff,outside_current_available_window
600908.XSHG,income,2026-12-31,2026q4,,,interest_expense,,,interest_expense,,identity_q1_or_ytd_diff,outside_current_available_window
600908.XSHG,income,2026-12-31,2026q4,,,commission_income,,,commission_income,,identity_q1_or_ytd_diff,outside_current_available_window
600908.XSHG,income,2026-12-31,2026q4,,,commission_expense,,,commission_expense,,identity_q1_or_ytd_diff,outside_current_available_window
600908.XSHG,income,2026-12-31,2026q4,,,asset_impairment_loss,,,asset_impairment_loss,,identity_q1_or_ytd_diff,outside_current_available_window
600908.XSHG,income,2026-12-31,2026q4,,,credit_impairment_loss,,,credit_impairment_loss,,identity_q1_or_ytd_diff,outside_current_available_window
600908.XSHG,income,2026-12-31,2026q4,,,investment_income,,,investment_income,,identity_q1_or_ytd_diff,outside_current_available_window
600908.XSHG,income,2026-12-31,2026q4,,,operating_profit,,,operating_profit,,identity_q1_or_ytd_diff,outside_current_available_window
600908.XSHG,income,2026-12-31,2026q4,,,total_profit,,,total_profit,,identity_q1_or_ytd_diff,outside_current_available_window
600908.XSHG,income,2026-12-31,2026q4,,,income_tax_expense,,,income_tax_expense,,identity_q1_or_ytd_diff,outside_current_available_window
600908.XSHG,income,2026-12-31,2026q4,,,net_profit,,,net_profit,,identity_q1_or_ytd_diff,outside_current_available_window
600908.XSHG,income,2026-12-31,2026q4,,,np_parent_company_owners,,,np_parent_company_owners,,identity_q1_or_ytd_diff,outside_current_available_window
600908.XSHG,income,2026-12-31,2026q4,,,minority_profit,,,minority_profit,,identity_q1_or_ytd_diff,outside_current_available_window
