code,statement_family,report_period_end,quarter_key,year_key,pub_date,standard_field_name,standard_value,source_table,source_field,period_basis,transformation_rule,missing_reason
600015.XSHG,bank_indicator,2014-12-31,,2014,2015-04-17,total_loan,939989000000.0,bank_indicator.csv,total_loan,annual_direct,identity_q1_or_ytd_diff,
600015.XSHG,bank_indicator,2014-12-31,,2014,2015-04-17,total_deposit,1303216000000.0,bank_indicator.csv,total_deposit,annual_direct,identity_q1_or_ytd_diff,
600015.XSHG,bank_indicator,2014-12-31,,2014,2015-04-17,interest_earning_assets,1717139000000.0,bank_indicator.csv,interest_earning_assets,annual_direct,identity_q1_or_ytd_diff,
600015.XSHG,bank_indicator,2014-12-31,,2014,2015-04-17,non_interest_earning_assets,134489000000.0,bank_indicator.csv,non_interest_earning_assets,annual_direct,identity_q1_or_ytd_diff,
600015.XSHG,bank_indicator,2014-12-31,,2014,2015-04-17,interest_earning_assets_yield,5.5,bank_indicator.csv,interest_earning_assets_yield,annual_direct,identity_q1_or_ytd_diff,
600015.XSHG,bank_indicator,2014-12-31,,2014,2015-04-17,interest_bearing_liabilities,1615696000000.0,bank_indicator.csv,interest_bearing_liabilities,annual_direct,identity_q1_or_ytd_diff,
600015.XSHG,bank_indicator,2014-12-31,,2014,2015-04-17,non_interest_bearing_liabilities,133833000000.0,bank_indicator.csv,non_interest_bearing_liabilities,annual_direct,identity_q1_or_ytd_diff,
600015.XSHG,bank_indicator,2014-12-31,,2014,2015-04-17,interest_bearing_liabilities_interest_rate,2.98,bank_indicator.csv,interest_bearing_liabilities_interest_rate,annual_direct,identity_q1_or_ytd_diff,
600015.XSHG,bank_indicator,2014-12-31,,2014,2015-04-17,non_interest_income,8644000000.0,bank_indicator.csv,non_interest_income,annual_direct,identity_q1_or_ytd_diff,
600015.XSHG,bank_indicator,2014-12-31,,2014,2015-04-17,non_interest_income_ratio,15.7493,bank_indicator.csv,non_interest_income_ratio,annual_direct,identity_q1_or_ytd_diff,
600015.XSHG,bank_indicator,2014-12-31,,2014,2015-04-17,net_interest_margin,2.69,bank_indicator.csv,net_interest_margin,annual_direct,identity_q1_or_ytd_diff,
600015.XSHG,bank_indicator,2014-12-31,,2014,2015-04-17,net_profit_margin,2.52,bank_indicator.csv,net_profit_margin,annual_direct,identity_q1_or_ytd_diff,
600015.XSHG,bank_indicator,2014-12-31,,2014,2015-04-17,core_level_capital,101988000000.0,bank_indicator.csv,core_level_capital,annual_direct,identity_q1_or_ytd_diff,
600015.XSHG,bank_indicator,2014-12-31,,2014,2015-04-17,net_core_level_capital,101987000000.0,bank_indicator.csv,net_core_level_capital,annual_direct,identity_q1_or_ytd_diff,
600015.XSHG,bank_indicator,2014-12-31,,2014,2015-04-17,core_level_capital_adequacy_ratio,8.49,bank_indicator.csv,core_level_capital_adequacy_ratio,annual_direct,identity_q1_or_ytd_diff,
600015.XSHG,bank_indicator,2014-12-31,,2014,2015-04-17,net_level_1_capital,102007000000.0,bank_indicator.csv,net_level_1_capital,annual_direct,identity_q1_or_ytd_diff,
600015.XSHG,bank_indicator,2014-12-31,,2014,2015-04-17,level_1_capital_adequacy_ratio,8.49,bank_indicator.csv,level_1_capital_adequacy_ratio,annual_direct,identity_q1_or_ytd_diff,
600015.XSHG,bank_indicator,2014-12-31,,2014,2015-04-17,net_capital,132441000000.0,bank_indicator.csv,net_capital,annual_direct,identity_q1_or_ytd_diff,
600015.XSHG,bank_indicator,2014-12-31,,2014,2015-04-17,capital_adequacy_ratio,11.03,bank_indicator.csv,capital_adequacy_ratio,annual_direct,identity_q1_or_ytd_diff,
600015.XSHG,bank_indicator,2014-12-31,,2014,2015-04-17,weighted_risky_asset,1201101000000.0,bank_indicator.csv,weighted_risky_asset,annual_direct,identity_q1_or_ytd_diff,
600015.XSHG,bank_indicator,2014-12-31,,2014,2015-04-17,deposit_loan_ratio,68.52,bank_indicator.csv,deposit_loan_ratio,annual_direct,identity_q1_or_ytd_diff,
600015.XSHG,bank_indicator,2014-12-31,,2014,2015-04-17,short_term_asset_liquidity_ratio_CNY,46.75,bank_indicator.csv,short_term_asset_liquidity_ratio_CNY,annual_direct,identity_q1_or_ytd_diff,
600015.XSHG,bank_indicator,2014-12-31,,2014,2015-04-17,short_term_asset_liquidity_ratio_FC,70.5,bank_indicator.csv,short_term_asset_liquidity_ratio_FC,annual_direct,identity_q1_or_ytd_diff,
600015.XSHG,bank_indicator,2014-12-31,,2014,2015-04-17,Nonperforming_loan_rate,1.09,bank_indicator.csv,Nonperforming_loan_rate,annual_direct,identity_q1_or_ytd_diff,
600015.XSHG,bank_indicator,2014-12-31,,2014,2015-04-17,single_largest_customer_loan_ratio,4.68,bank_indicator.csv,single_largest_customer_loan_ratio,annual_direct,identity_q1_or_ytd_diff,
600015.XSHG,bank_indicator,2014-12-31,,2014,2015-04-17,top_ten_customer_loan_ratio,18.47,bank_indicator.csv,top_ten_customer_loan_ratio,annual_direct,identity_q1_or_ytd_diff,
600015.XSHG,bank_indicator,2014-12-31,,2014,2015-04-17,bad_debts_reserve,23884000000.0,bank_indicator.csv,bad_debts_reserve,annual_direct,identity_q1_or_ytd_diff,
600015.XSHG,bank_indicator,2014-12-31,,2014,2015-04-17,non_performing_loan_provision_coverage,233.13,bank_indicator.csv,non_performing_loan_provision_coverage,annual_direct,identity_q1_or_ytd_diff,
600015.XSHG,bank_indicator,2014-12-31,,2014,2015-04-17,cost_to_income_ratio,37.37,bank_indicator.csv,cost_to_income_ratio,annual_direct,identity_q1_or_ytd_diff,
600015.XSHG,bank_indicator,2014-12-31,,2014,2015-04-17,former_core_capital,97509000000.0,bank_indicator.csv,former_core_capital,annual_direct,identity_q1_or_ytd_diff,
600015.XSHG,bank_indicator,2014-12-31,,2014,2015-04-17,former_net_core_capital,97509000000.0,bank_indicator.csv,former_net_core_capital,annual_direct,identity_q1_or_ytd_diff,
600015.XSHG,bank_indicator,2014-12-31,,2014,2015-04-17,former_net_core_capital_adequacy_ratio,8.89,bank_indicator.csv,former_net_core_capital_adequacy_ratio,annual_direct,identity_q1_or_ytd_diff,
600015.XSHG,bank_indicator,2014-12-31,,2014,2015-04-17,former_net_capital,131060000000.0,bank_indicator.csv,former_net_capital,annual_direct,identity_q1_or_ytd_diff,
600015.XSHG,bank_indicator,2014-12-31,,2014,2015-04-17,former_capital_adequacy_ratio,11.95,bank_indicator.csv,former_capital_adequacy_ratio,annual_direct,identity_q1_or_ytd_diff,
600015.XSHG,bank_indicator,2014-12-31,,2014,2015-04-17,former_weighted_risky_asset,1097053000000.0,bank_indicator.csv,former_weighted_risky_asset,annual_direct,identity_q1_or_ytd_diff,
600015.XSHG,bank_indicator,2014-12-31,,2014,2015-04-17,normal_amount,905513000000.0,bank_indicator.csv,normal_amount,annual_direct,identity_q1_or_ytd_diff,
600015.XSHG,bank_indicator,2014-12-31,,2014,2015-04-17,normal_amount_ratio,96.33,bank_indicator.csv,normal_amount_ratio,annual_direct,identity_q1_or_ytd_diff,
600015.XSHG,bank_indicator,2014-12-31,,2014,2015-04-17,concerned_amount,24231000000.0,bank_indicator.csv,concerned_amount,annual_direct,identity_q1_or_ytd_diff,
600015.XSHG,bank_indicator,2014-12-31,,2014,2015-04-17,concerned_amount_ratio,2.58,bank_indicator.csv,concerned_amount_ratio,annual_direct,identity_q1_or_ytd_diff,
600015.XSHG,bank_indicator,2014-12-31,,2014,2015-04-17,secondary_amount,2424000000.0,bank_indicator.csv,secondary_amount,annual_direct,identity_q1_or_ytd_diff,
600015.XSHG,bank_indicator,2014-12-31,,2014,2015-04-17,secondary_amount_ratio,0.26,bank_indicator.csv,secondary_amount_ratio,annual_direct,identity_q1_or_ytd_diff,
600015.XSHG,bank_indicator,2014-12-31,,2014,2015-04-17,suspicious_amount,5552000000.0,bank_indicator.csv,suspicious_amount,annual_direct,identity_q1_or_ytd_diff,
600015.XSHG,bank_indicator,2014-12-31,,2014,2015-04-17,suspicious_amount_ratio,0.59,bank_indicator.csv,suspicious_amount_ratio,annual_direct,identity_q1_or_ytd_diff,
600015.XSHG,bank_indicator,2014-12-31,,2014,2015-04-17,loss_amount,2269000000.0,bank_indicator.csv,loss_amount,annual_direct,identity_q1_or_ytd_diff,
600015.XSHG,bank_indicator,2014-12-31,,2014,2015-04-17,loss_amount_ratio,0.24,bank_indicator.csv,loss_amount_ratio,annual_direct,identity_q1_or_ytd_diff,
600015.XSHG,bank_indicator,2014-12-31,,2014,2015-04-17,short_term_loan_average_balance,440197000000.0,bank_indicator.csv,short_term_loan_average_balance,annual_direct,identity_q1_or_ytd_diff,
600015.XSHG,bank_indicator,2014-12-31,,2014,2015-04-17,short_term_loan_annualized_average_interest_rate,6.48,bank_indicator.csv,short_term_loan_annualized_average_interest_rate,annual_direct,identity_q1_or_ytd_diff,
600015.XSHG,bank_indicator,2014-12-31,,2014,2015-04-17,mid_term_loan_annualized_average_balance,433558000000.0,bank_indicator.csv,mid_term_loan_annualized_average_balance,annual_direct,identity_q1_or_ytd_diff,
600015.XSHG,bank_indicator,2014-12-31,,2014,2015-04-17,mid_term_loan_annualized_average_interest_rate,6.86,bank_indicator.csv,mid_term_loan_annualized_average_interest_rate,annual_direct,identity_q1_or_ytd_diff,
600015.XSHG,bank_indicator,2014-12-31,,2014,2015-04-17,enterprise_deposits_average_balance,1015495000000.0,bank_indicator.csv,enterprise_deposits_average_balance,annual_direct,identity_q1_or_ytd_diff,
600015.XSHG,bank_indicator,2014-12-31,,2014,2015-04-17,enterprise_deposits_average_interest_rate,,bank_indicator.csv,enterprise_deposits_average_interest_rate,,identity_q1_or_ytd_diff,missing_raw_value
600015.XSHG,bank_indicator,2014-12-31,,2014,2015-04-17,savings_deposit_average_balance,197817000000.0,bank_indicator.csv,savings_deposit_average_balance,annual_direct,identity_q1_or_ytd_diff,
600015.XSHG,bank_indicator,2014-12-31,,2014,2015-04-17,savings_deposit_average_interest_rate,,bank_indicator.csv,savings_deposit_average_interest_rate,,identity_q1_or_ytd_diff,missing_raw_value
600015.XSHG,bank_indicator,2015-12-31,,2015,2016-04-19,total_loan,1069172000000.0,bank_indicator.csv,total_loan,annual_direct,identity_q1_or_ytd_diff,
600015.XSHG,bank_indicator,2015-12-31,,2015,2016-04-19,total_deposit,1351663000000.0,bank_indicator.csv,total_deposit,annual_direct,identity_q1_or_ytd_diff,
600015.XSHG,bank_indicator,2015-12-31,,2015,2016-04-19,interest_earning_assets,1796787000000.0,bank_indicator.csv,interest_earning_assets,annual_direct,identity_q1_or_ytd_diff,
600015.XSHG,bank_indicator,2015-12-31,,2015,2016-04-19,non_interest_earning_assets,223817000000.0,bank_indicator.csv,non_interest_earning_assets,annual_direct,identity_q1_or_ytd_diff,
600015.XSHG,bank_indicator,2015-12-31,,2015,2016-04-19,interest_earning_assets_yield,5.08,bank_indicator.csv,interest_earning_assets_yield,annual_direct,identity_q1_or_ytd_diff,
600015.XSHG,bank_indicator,2015-12-31,,2015,2016-04-19,interest_bearing_liabilities,1690857000000.0,bank_indicator.csv,interest_bearing_liabilities,annual_direct,identity_q1_or_ytd_diff,
600015.XSHG,bank_indicator,2015-12-31,,2015,2016-04-19,non_interest_bearing_liabilities,211359000000.0,bank_indicator.csv,non_interest_bearing_liabilities,annual_direct,identity_q1_or_ytd_diff,
600015.XSHG,bank_indicator,2015-12-31,,2015,2016-04-19,interest_bearing_liabilities_interest_rate,2.68,bank_indicator.csv,interest_bearing_liabilities_interest_rate,annual_direct,identity_q1_or_ytd_diff,
600015.XSHG,bank_indicator,2015-12-31,,2015,2016-04-19,non_interest_income,12761000000.0,bank_indicator.csv,non_interest_income,annual_direct,identity_q1_or_ytd_diff,
600015.XSHG,bank_indicator,2015-12-31,,2015,2016-04-19,non_interest_income_ratio,21.6862,bank_indicator.csv,non_interest_income_ratio,annual_direct,identity_q1_or_ytd_diff,
600015.XSHG,bank_indicator,2015-12-31,,2015,2016-04-19,net_interest_margin,2.56,bank_indicator.csv,net_interest_margin,annual_direct,identity_q1_or_ytd_diff,
600015.XSHG,bank_indicator,2015-12-31,,2015,2016-04-19,net_profit_margin,2.4,bank_indicator.csv,net_profit_margin,annual_direct,identity_q1_or_ytd_diff,
600015.XSHG,bank_indicator,2015-12-31,,2015,2016-04-19,core_level_capital,118250000000.0,bank_indicator.csv,core_level_capital,annual_direct,identity_q1_or_ytd_diff,
600015.XSHG,bank_indicator,2015-12-31,,2015,2016-04-19,net_core_level_capital,118248000000.0,bank_indicator.csv,net_core_level_capital,annual_direct,identity_q1_or_ytd_diff,
600015.XSHG,bank_indicator,2015-12-31,,2015,2016-04-19,core_level_capital_adequacy_ratio,8.89,bank_indicator.csv,core_level_capital_adequacy_ratio,annual_direct,identity_q1_or_ytd_diff,
600015.XSHG,bank_indicator,2015-12-31,,2015,2016-04-19,net_level_1_capital,118287000000.0,bank_indicator.csv,net_level_1_capital,annual_direct,identity_q1_or_ytd_diff,
600015.XSHG,bank_indicator,2015-12-31,,2015,2016-04-19,level_1_capital_adequacy_ratio,8.89,bank_indicator.csv,level_1_capital_adequacy_ratio,annual_direct,identity_q1_or_ytd_diff,
600015.XSHG,bank_indicator,2015-12-31,,2015,2016-04-19,net_capital,144336000000.0,bank_indicator.csv,net_capital,annual_direct,identity_q1_or_ytd_diff,
600015.XSHG,bank_indicator,2015-12-31,,2015,2016-04-19,capital_adequacy_ratio,10.85,bank_indicator.csv,capital_adequacy_ratio,annual_direct,identity_q1_or_ytd_diff,
600015.XSHG,bank_indicator,2015-12-31,,2015,2016-04-19,weighted_risky_asset,1294785000000.0,bank_indicator.csv,weighted_risky_asset,annual_direct,identity_q1_or_ytd_diff,
600015.XSHG,bank_indicator,2015-12-31,,2015,2016-04-19,deposit_loan_ratio,75.29,bank_indicator.csv,deposit_loan_ratio,annual_direct,identity_q1_or_ytd_diff,
600015.XSHG,bank_indicator,2015-12-31,,2015,2016-04-19,short_term_asset_liquidity_ratio_CNY,39.14,bank_indicator.csv,short_term_asset_liquidity_ratio_CNY,annual_direct,identity_q1_or_ytd_diff,
600015.XSHG,bank_indicator,2015-12-31,,2015,2016-04-19,short_term_asset_liquidity_ratio_FC,83.27,bank_indicator.csv,short_term_asset_liquidity_ratio_FC,annual_direct,identity_q1_or_ytd_diff,
600015.XSHG,bank_indicator,2015-12-31,,2015,2016-04-19,Nonperforming_loan_rate,1.52,bank_indicator.csv,Nonperforming_loan_rate,annual_direct,identity_q1_or_ytd_diff,
600015.XSHG,bank_indicator,2015-12-31,,2015,2016-04-19,single_largest_customer_loan_ratio,4.46,bank_indicator.csv,single_largest_customer_loan_ratio,annual_direct,identity_q1_or_ytd_diff,
600015.XSHG,bank_indicator,2015-12-31,,2015,2016-04-19,top_ten_customer_loan_ratio,18.32,bank_indicator.csv,top_ten_customer_loan_ratio,annual_direct,identity_q1_or_ytd_diff,
600015.XSHG,bank_indicator,2015-12-31,,2015,2016-04-19,bad_debts_reserve,27235000000.0,bank_indicator.csv,bad_debts_reserve,annual_direct,identity_q1_or_ytd_diff,
600015.XSHG,bank_indicator,2015-12-31,,2015,2016-04-19,non_performing_loan_provision_coverage,167.12,bank_indicator.csv,non_performing_loan_provision_coverage,annual_direct,identity_q1_or_ytd_diff,
600015.XSHG,bank_indicator,2015-12-31,,2015,2016-04-19,cost_to_income_ratio,34.76,bank_indicator.csv,cost_to_income_ratio,annual_direct,identity_q1_or_ytd_diff,
600015.XSHG,bank_indicator,2015-12-31,,2015,2016-04-19,former_core_capital,,bank_indicator.csv,former_core_capital,,identity_q1_or_ytd_diff,missing_raw_value
600015.XSHG,bank_indicator,2015-12-31,,2015,2016-04-19,former_net_core_capital,,bank_indicator.csv,former_net_core_capital,,identity_q1_or_ytd_diff,missing_raw_value
600015.XSHG,bank_indicator,2015-12-31,,2015,2016-04-19,former_net_core_capital_adequacy_ratio,,bank_indicator.csv,former_net_core_capital_adequacy_ratio,,identity_q1_or_ytd_diff,missing_raw_value
600015.XSHG,bank_indicator,2015-12-31,,2015,2016-04-19,former_net_capital,,bank_indicator.csv,former_net_capital,,identity_q1_or_ytd_diff,missing_raw_value
600015.XSHG,bank_indicator,2015-12-31,,2015,2016-04-19,former_capital_adequacy_ratio,,bank_indicator.csv,former_capital_adequacy_ratio,,identity_q1_or_ytd_diff,missing_raw_value
600015.XSHG,bank_indicator,2015-12-31,,2015,2016-04-19,former_weighted_risky_asset,,bank_indicator.csv,former_weighted_risky_asset,,identity_q1_or_ytd_diff,missing_raw_value
600015.XSHG,bank_indicator,2015-12-31,,2015,2016-04-19,normal_amount,1007865000000.0,bank_indicator.csv,normal_amount,annual_direct,identity_q1_or_ytd_diff,
600015.XSHG,bank_indicator,2015-12-31,,2015,2016-04-19,normal_amount_ratio,94.27,bank_indicator.csv,normal_amount_ratio,annual_direct,identity_q1_or_ytd_diff,
600015.XSHG,bank_indicator,2015-12-31,,2015,2016-04-19,concerned_amount,45010000000.0,bank_indicator.csv,concerned_amount,annual_direct,identity_q1_or_ytd_diff,
600015.XSHG,bank_indicator,2015-12-31,,2015,2016-04-19,concerned_amount_ratio,4.21,bank_indicator.csv,concerned_amount_ratio,annual_direct,identity_q1_or_ytd_diff,
600015.XSHG,bank_indicator,2015-12-31,,2015,2016-04-19,secondary_amount,6136000000.0,bank_indicator.csv,secondary_amount,annual_direct,identity_q1_or_ytd_diff,
600015.XSHG,bank_indicator,2015-12-31,,2015,2016-04-19,secondary_amount_ratio,0.57,bank_indicator.csv,secondary_amount_ratio,annual_direct,identity_q1_or_ytd_diff,
600015.XSHG,bank_indicator,2015-12-31,,2015,2016-04-19,suspicious_amount,6604000000.0,bank_indicator.csv,suspicious_amount,annual_direct,identity_q1_or_ytd_diff,
600015.XSHG,bank_indicator,2015-12-31,,2015,2016-04-19,suspicious_amount_ratio,0.62,bank_indicator.csv,suspicious_amount_ratio,annual_direct,identity_q1_or_ytd_diff,
600015.XSHG,bank_indicator,2015-12-31,,2015,2016-04-19,loss_amount,3557000000.0,bank_indicator.csv,loss_amount,annual_direct,identity_q1_or_ytd_diff,
600015.XSHG,bank_indicator,2015-12-31,,2015,2016-04-19,loss_amount_ratio,0.33,bank_indicator.csv,loss_amount_ratio,annual_direct,identity_q1_or_ytd_diff,
600015.XSHG,bank_indicator,2015-12-31,,2015,2016-04-19,short_term_loan_average_balance,448977000000.0,bank_indicator.csv,short_term_loan_average_balance,annual_direct,identity_q1_or_ytd_diff,
600015.XSHG,bank_indicator,2015-12-31,,2015,2016-04-19,short_term_loan_annualized_average_interest_rate,6.0,bank_indicator.csv,short_term_loan_annualized_average_interest_rate,annual_direct,identity_q1_or_ytd_diff,
600015.XSHG,bank_indicator,2015-12-31,,2015,2016-04-19,mid_term_loan_annualized_average_balance,521205000000.0,bank_indicator.csv,mid_term_loan_annualized_average_balance,annual_direct,identity_q1_or_ytd_diff,
600015.XSHG,bank_indicator,2015-12-31,,2015,2016-04-19,mid_term_loan_annualized_average_interest_rate,6.46,bank_indicator.csv,mid_term_loan_annualized_average_interest_rate,annual_direct,identity_q1_or_ytd_diff,
600015.XSHG,bank_indicator,2015-12-31,,2015,2016-04-19,enterprise_deposits_average_balance,,bank_indicator.csv,enterprise_deposits_average_balance,,identity_q1_or_ytd_diff,missing_raw_value
600015.XSHG,bank_indicator,2015-12-31,,2015,2016-04-19,enterprise_deposits_average_interest_rate,,bank_indicator.csv,enterprise_deposits_average_interest_rate,,identity_q1_or_ytd_diff,missing_raw_value
600015.XSHG,bank_indicator,2015-12-31,,2015,2016-04-19,savings_deposit_average_balance,,bank_indicator.csv,savings_deposit_average_balance,,identity_q1_or_ytd_diff,missing_raw_value
600015.XSHG,bank_indicator,2015-12-31,,2015,2016-04-19,savings_deposit_average_interest_rate,,bank_indicator.csv,savings_deposit_average_interest_rate,,identity_q1_or_ytd_diff,missing_raw_value
600015.XSHG,bank_indicator,2016-12-31,,2016,2017-04-29,total_loan,1216654000000.0,bank_indicator.csv,total_loan,annual_direct,identity_q1_or_ytd_diff,
600015.XSHG,bank_indicator,2016-12-31,,2016,2017-04-29,total_deposit,1368300000000.0,bank_indicator.csv,total_deposit,annual_direct,identity_q1_or_ytd_diff,
600015.XSHG,bank_indicator,2016-12-31,,2016,2017-04-29,interest_earning_assets,2025618000000.0,bank_indicator.csv,interest_earning_assets,annual_direct,identity_q1_or_ytd_diff,
600015.XSHG,bank_indicator,2016-12-31,,2016,2017-04-29,non_interest_earning_assets,330617000000.0,bank_indicator.csv,non_interest_earning_assets,annual_direct,identity_q1_or_ytd_diff,
600015.XSHG,bank_indicator,2016-12-31,,2016,2017-04-29,interest_earning_assets_yield,4.36,bank_indicator.csv,interest_earning_assets_yield,annual_direct,identity_q1_or_ytd_diff,
600015.XSHG,bank_indicator,2016-12-31,,2016,2017-04-29,interest_bearing_liabilities,1894452000000.0,bank_indicator.csv,interest_bearing_liabilities,annual_direct,identity_q1_or_ytd_diff,
600015.XSHG,bank_indicator,2016-12-31,,2016,2017-04-29,non_interest_bearing_liabilities,308810000000.0,bank_indicator.csv,non_interest_bearing_liabilities,annual_direct,identity_q1_or_ytd_diff,
600015.XSHG,bank_indicator,2016-12-31,,2016,2017-04-29,interest_bearing_liabilities_interest_rate,2.07,bank_indicator.csv,interest_bearing_liabilities_interest_rate,annual_direct,identity_q1_or_ytd_diff,
600015.XSHG,bank_indicator,2016-12-31,,2016,2017-04-29,non_interest_income,15036000000.0,bank_indicator.csv,non_interest_income,annual_direct,identity_q1_or_ytd_diff,
600015.XSHG,bank_indicator,2016-12-31,,2016,2017-04-29,non_interest_income_ratio,23.4846,bank_indicator.csv,non_interest_income_ratio,annual_direct,identity_q1_or_ytd_diff,
600015.XSHG,bank_indicator,2016-12-31,,2016,2017-04-29,net_interest_margin,2.42,bank_indicator.csv,net_interest_margin,annual_direct,identity_q1_or_ytd_diff,
600015.XSHG,bank_indicator,2016-12-31,,2016,2017-04-29,net_profit_margin,2.29,bank_indicator.csv,net_profit_margin,annual_direct,identity_q1_or_ytd_diff,
600015.XSHG,bank_indicator,2016-12-31,,2016,2017-04-29,core_level_capital,132857000000.0,bank_indicator.csv,core_level_capital,annual_direct,identity_q1_or_ytd_diff,
600015.XSHG,bank_indicator,2016-12-31,,2016,2017-04-29,net_core_level_capital,132856000000.0,bank_indicator.csv,net_core_level_capital,annual_direct,identity_q1_or_ytd_diff,
600015.XSHG,bank_indicator,2016-12-31,,2016,2017-04-29,core_level_capital_adequacy_ratio,8.43,bank_indicator.csv,core_level_capital_adequacy_ratio,annual_direct,identity_q1_or_ytd_diff,
600015.XSHG,bank_indicator,2016-12-31,,2016,2017-04-29,net_level_1_capital,152900000000.0,bank_indicator.csv,net_level_1_capital,annual_direct,identity_q1_or_ytd_diff,
600015.XSHG,bank_indicator,2016-12-31,,2016,2017-04-29,level_1_capital_adequacy_ratio,9.7,bank_indicator.csv,level_1_capital_adequacy_ratio,annual_direct,identity_q1_or_ytd_diff,
600015.XSHG,bank_indicator,2016-12-31,,2016,2017-04-29,net_capital,178991000000.0,bank_indicator.csv,net_capital,annual_direct,identity_q1_or_ytd_diff,
600015.XSHG,bank_indicator,2016-12-31,,2016,2017-04-29,capital_adequacy_ratio,11.36,bank_indicator.csv,capital_adequacy_ratio,annual_direct,identity_q1_or_ytd_diff,
600015.XSHG,bank_indicator,2016-12-31,,2016,2017-04-29,weighted_risky_asset,1575751000000.0,bank_indicator.csv,weighted_risky_asset,annual_direct,identity_q1_or_ytd_diff,
600015.XSHG,bank_indicator,2016-12-31,,2016,2017-04-29,deposit_loan_ratio,81.65,bank_indicator.csv,deposit_loan_ratio,annual_direct,identity_q1_or_ytd_diff,
600015.XSHG,bank_indicator,2016-12-31,,2016,2017-04-29,short_term_asset_liquidity_ratio_CNY,31.45,bank_indicator.csv,short_term_asset_liquidity_ratio_CNY,annual_direct,identity_q1_or_ytd_diff,
600015.XSHG,bank_indicator,2016-12-31,,2016,2017-04-29,short_term_asset_liquidity_ratio_FC,80.92,bank_indicator.csv,short_term_asset_liquidity_ratio_FC,annual_direct,identity_q1_or_ytd_diff,
600015.XSHG,bank_indicator,2016-12-31,,2016,2017-04-29,Nonperforming_loan_rate,1.67,bank_indicator.csv,Nonperforming_loan_rate,annual_direct,identity_q1_or_ytd_diff,
600015.XSHG,bank_indicator,2016-12-31,,2016,2017-04-29,single_largest_customer_loan_ratio,3.47,bank_indicator.csv,single_largest_customer_loan_ratio,annual_direct,identity_q1_or_ytd_diff,
600015.XSHG,bank_indicator,2016-12-31,,2016,2017-04-29,top_ten_customer_loan_ratio,19.51,bank_indicator.csv,top_ten_customer_loan_ratio,annual_direct,identity_q1_or_ytd_diff,
600015.XSHG,bank_indicator,2016-12-31,,2016,2017-04-29,bad_debts_reserve,32299000000.0,bank_indicator.csv,bad_debts_reserve,annual_direct,identity_q1_or_ytd_diff,
600015.XSHG,bank_indicator,2016-12-31,,2016,2017-04-29,non_performing_loan_provision_coverage,158.73,bank_indicator.csv,non_performing_loan_provision_coverage,annual_direct,identity_q1_or_ytd_diff,
600015.XSHG,bank_indicator,2016-12-31,,2016,2017-04-29,cost_to_income_ratio,34.5,bank_indicator.csv,cost_to_income_ratio,annual_direct,identity_q1_or_ytd_diff,
600015.XSHG,bank_indicator,2016-12-31,,2016,2017-04-29,former_core_capital,,bank_indicator.csv,former_core_capital,,identity_q1_or_ytd_diff,missing_raw_value
600015.XSHG,bank_indicator,2016-12-31,,2016,2017-04-29,former_net_core_capital,,bank_indicator.csv,former_net_core_capital,,identity_q1_or_ytd_diff,missing_raw_value
600015.XSHG,bank_indicator,2016-12-31,,2016,2017-04-29,former_net_core_capital_adequacy_ratio,,bank_indicator.csv,former_net_core_capital_adequacy_ratio,,identity_q1_or_ytd_diff,missing_raw_value
600015.XSHG,bank_indicator,2016-12-31,,2016,2017-04-29,former_net_capital,,bank_indicator.csv,former_net_capital,,identity_q1_or_ytd_diff,missing_raw_value
600015.XSHG,bank_indicator,2016-12-31,,2016,2017-04-29,former_capital_adequacy_ratio,,bank_indicator.csv,former_capital_adequacy_ratio,,identity_q1_or_ytd_diff,missing_raw_value
600015.XSHG,bank_indicator,2016-12-31,,2016,2017-04-29,former_weighted_risky_asset,,bank_indicator.csv,former_weighted_risky_asset,,identity_q1_or_ytd_diff,missing_raw_value
600015.XSHG,bank_indicator,2016-12-31,,2016,2017-04-29,normal_amount,1145151000000.0,bank_indicator.csv,normal_amount,annual_direct,identity_q1_or_ytd_diff,
600015.XSHG,bank_indicator,2016-12-31,,2016,2017-04-29,normal_amount_ratio,94.13,bank_indicator.csv,normal_amount_ratio,annual_direct,identity_q1_or_ytd_diff,
600015.XSHG,bank_indicator,2016-12-31,,2016,2017-04-29,concerned_amount,51155000000.0,bank_indicator.csv,concerned_amount,annual_direct,identity_q1_or_ytd_diff,
600015.XSHG,bank_indicator,2016-12-31,,2016,2017-04-29,concerned_amount_ratio,4.2,bank_indicator.csv,concerned_amount_ratio,annual_direct,identity_q1_or_ytd_diff,
600015.XSHG,bank_indicator,2016-12-31,,2016,2017-04-29,secondary_amount,7761000000.0,bank_indicator.csv,secondary_amount,annual_direct,identity_q1_or_ytd_diff,
600015.XSHG,bank_indicator,2016-12-31,,2016,2017-04-29,secondary_amount_ratio,0.64,bank_indicator.csv,secondary_amount_ratio,annual_direct,identity_q1_or_ytd_diff,
600015.XSHG,bank_indicator,2016-12-31,,2016,2017-04-29,suspicious_amount,9215000000.0,bank_indicator.csv,suspicious_amount,annual_direct,identity_q1_or_ytd_diff,
600015.XSHG,bank_indicator,2016-12-31,,2016,2017-04-29,suspicious_amount_ratio,0.75,bank_indicator.csv,suspicious_amount_ratio,annual_direct,identity_q1_or_ytd_diff,
600015.XSHG,bank_indicator,2016-12-31,,2016,2017-04-29,loss_amount,3372000000.0,bank_indicator.csv,loss_amount,annual_direct,identity_q1_or_ytd_diff,
600015.XSHG,bank_indicator,2016-12-31,,2016,2017-04-29,loss_amount_ratio,0.28,bank_indicator.csv,loss_amount_ratio,annual_direct,identity_q1_or_ytd_diff,
600015.XSHG,bank_indicator,2016-12-31,,2016,2017-04-29,short_term_loan_average_balance,497838000000.0,bank_indicator.csv,short_term_loan_average_balance,annual_direct,identity_q1_or_ytd_diff,
600015.XSHG,bank_indicator,2016-12-31,,2016,2017-04-29,short_term_loan_annualized_average_interest_rate,5.06,bank_indicator.csv,short_term_loan_annualized_average_interest_rate,annual_direct,identity_q1_or_ytd_diff,
600015.XSHG,bank_indicator,2016-12-31,,2016,2017-04-29,mid_term_loan_annualized_average_balance,619290000000.0,bank_indicator.csv,mid_term_loan_annualized_average_balance,annual_direct,identity_q1_or_ytd_diff,
600015.XSHG,bank_indicator,2016-12-31,,2016,2017-04-29,mid_term_loan_annualized_average_interest_rate,5.62,bank_indicator.csv,mid_term_loan_annualized_average_interest_rate,annual_direct,identity_q1_or_ytd_diff,
600015.XSHG,bank_indicator,2016-12-31,,2016,2017-04-29,enterprise_deposits_average_balance,1098831000000.0,bank_indicator.csv,enterprise_deposits_average_balance,annual_direct,identity_q1_or_ytd_diff,
600015.XSHG,bank_indicator,2016-12-31,,2016,2017-04-29,enterprise_deposits_average_interest_rate,,bank_indicator.csv,enterprise_deposits_average_interest_rate,,identity_q1_or_ytd_diff,missing_raw_value
600015.XSHG,bank_indicator,2016-12-31,,2016,2017-04-29,savings_deposit_average_balance,237051000000.0,bank_indicator.csv,savings_deposit_average_balance,annual_direct,identity_q1_or_ytd_diff,
600015.XSHG,bank_indicator,2016-12-31,,2016,2017-04-29,savings_deposit_average_interest_rate,,bank_indicator.csv,savings_deposit_average_interest_rate,,identity_q1_or_ytd_diff,missing_raw_value
600015.XSHG,bank_indicator,2017-12-31,,2017,2018-04-20,total_loan,1394082000000.0,bank_indicator.csv,total_loan,annual_direct,identity_q1_or_ytd_diff,
600015.XSHG,bank_indicator,2017-12-31,,2017,2018-04-20,total_deposit,1433907000000.0,bank_indicator.csv,total_deposit,annual_direct,identity_q1_or_ytd_diff,
600015.XSHG,bank_indicator,2017-12-31,,2017,2018-04-20,interest_earning_assets,2349209000000.0,bank_indicator.csv,interest_earning_assets,annual_direct,identity_q1_or_ytd_diff,
600015.XSHG,bank_indicator,2017-12-31,,2017,2018-04-20,non_interest_earning_assets,159718000000.0,bank_indicator.csv,non_interest_earning_assets,annual_direct,identity_q1_or_ytd_diff,
600015.XSHG,bank_indicator,2017-12-31,,2017,2018-04-20,interest_earning_assets_yield,4.27,bank_indicator.csv,interest_earning_assets_yield,annual_direct,identity_q1_or_ytd_diff,
600015.XSHG,bank_indicator,2017-12-31,,2017,2018-04-20,interest_bearing_liabilities,2212719000000.0,bank_indicator.csv,interest_bearing_liabilities,annual_direct,identity_q1_or_ytd_diff,
600015.XSHG,bank_indicator,2017-12-31,,2017,2018-04-20,non_interest_bearing_liabilities,126710000000.0,bank_indicator.csv,non_interest_bearing_liabilities,annual_direct,identity_q1_or_ytd_diff,
600015.XSHG,bank_indicator,2017-12-31,,2017,2018-04-20,interest_bearing_liabilities_interest_rate,2.39,bank_indicator.csv,interest_bearing_liabilities_interest_rate,annual_direct,identity_q1_or_ytd_diff,
600015.XSHG,bank_indicator,2017-12-31,,2017,2018-04-20,non_interest_income,19066000000.0,bank_indicator.csv,non_interest_income,annual_direct,identity_q1_or_ytd_diff,
600015.XSHG,bank_indicator,2017-12-31,,2017,2018-04-20,non_interest_income_ratio,28.7208,bank_indicator.csv,non_interest_income_ratio,annual_direct,identity_q1_or_ytd_diff,
600015.XSHG,bank_indicator,2017-12-31,,2017,2018-04-20,net_interest_margin,2.01,bank_indicator.csv,net_interest_margin,annual_direct,identity_q1_or_ytd_diff,
600015.XSHG,bank_indicator,2017-12-31,,2017,2018-04-20,net_profit_margin,1.88,bank_indicator.csv,net_profit_margin,annual_direct,identity_q1_or_ytd_diff,
600015.XSHG,bank_indicator,2017-12-31,,2017,2018-04-20,core_level_capital,148850000000.0,bank_indicator.csv,core_level_capital,annual_direct,identity_q1_or_ytd_diff,
600015.XSHG,bank_indicator,2017-12-31,,2017,2018-04-20,net_core_level_capital,148848000000.0,bank_indicator.csv,net_core_level_capital,annual_direct,identity_q1_or_ytd_diff,
600015.XSHG,bank_indicator,2017-12-31,,2017,2018-04-20,core_level_capital_adequacy_ratio,8.26,bank_indicator.csv,core_level_capital_adequacy_ratio,annual_direct,identity_q1_or_ytd_diff,
600015.XSHG,bank_indicator,2017-12-31,,2017,2018-04-20,net_level_1_capital,168929000000.0,bank_indicator.csv,net_level_1_capital,annual_direct,identity_q1_or_ytd_diff,
600015.XSHG,bank_indicator,2017-12-31,,2017,2018-04-20,level_1_capital_adequacy_ratio,9.37,bank_indicator.csv,level_1_capital_adequacy_ratio,annual_direct,identity_q1_or_ytd_diff,
600015.XSHG,bank_indicator,2017-12-31,,2017,2018-04-20,net_capital,223035000000.0,bank_indicator.csv,net_capital,annual_direct,identity_q1_or_ytd_diff,
600015.XSHG,bank_indicator,2017-12-31,,2017,2018-04-20,capital_adequacy_ratio,12.37,bank_indicator.csv,capital_adequacy_ratio,annual_direct,identity_q1_or_ytd_diff,
600015.XSHG,bank_indicator,2017-12-31,,2017,2018-04-20,weighted_risky_asset,1802826000000.0,bank_indicator.csv,weighted_risky_asset,annual_direct,identity_q1_or_ytd_diff,
600015.XSHG,bank_indicator,2017-12-31,,2017,2018-04-20,deposit_loan_ratio,86.04,bank_indicator.csv,deposit_loan_ratio,annual_direct,identity_q1_or_ytd_diff,
600015.XSHG,bank_indicator,2017-12-31,,2017,2018-04-20,short_term_asset_liquidity_ratio_CNY,45.08,bank_indicator.csv,short_term_asset_liquidity_ratio_CNY,annual_direct,identity_q1_or_ytd_diff,
600015.XSHG,bank_indicator,2017-12-31,,2017,2018-04-20,short_term_asset_liquidity_ratio_FC,60.66,bank_indicator.csv,short_term_asset_liquidity_ratio_FC,annual_direct,identity_q1_or_ytd_diff,
600015.XSHG,bank_indicator,2017-12-31,,2017,2018-04-20,Nonperforming_loan_rate,1.76,bank_indicator.csv,Nonperforming_loan_rate,annual_direct,identity_q1_or_ytd_diff,
600015.XSHG,bank_indicator,2017-12-31,,2017,2018-04-20,single_largest_customer_loan_ratio,2.92,bank_indicator.csv,single_largest_customer_loan_ratio,annual_direct,identity_q1_or_ytd_diff,
600015.XSHG,bank_indicator,2017-12-31,,2017,2018-04-20,top_ten_customer_loan_ratio,16.96,bank_indicator.csv,top_ten_customer_loan_ratio,annual_direct,identity_q1_or_ytd_diff,
600015.XSHG,bank_indicator,2017-12-31,,2017,2018-04-20,bad_debts_reserve,38497000000.0,bank_indicator.csv,bad_debts_reserve,annual_direct,identity_q1_or_ytd_diff,
600015.XSHG,bank_indicator,2017-12-31,,2017,2018-04-20,non_performing_loan_provision_coverage,156.51,bank_indicator.csv,non_performing_loan_provision_coverage,annual_direct,identity_q1_or_ytd_diff,
600015.XSHG,bank_indicator,2017-12-31,,2017,2018-04-20,cost_to_income_ratio,32.96,bank_indicator.csv,cost_to_income_ratio,annual_direct,identity_q1_or_ytd_diff,
600015.XSHG,bank_indicator,2017-12-31,,2017,2018-04-20,former_core_capital,,bank_indicator.csv,former_core_capital,,identity_q1_or_ytd_diff,missing_raw_value
600015.XSHG,bank_indicator,2017-12-31,,2017,2018-04-20,former_net_core_capital,,bank_indicator.csv,former_net_core_capital,,identity_q1_or_ytd_diff,missing_raw_value
600015.XSHG,bank_indicator,2017-12-31,,2017,2018-04-20,former_net_core_capital_adequacy_ratio,,bank_indicator.csv,former_net_core_capital_adequacy_ratio,,identity_q1_or_ytd_diff,missing_raw_value
600015.XSHG,bank_indicator,2017-12-31,,2017,2018-04-20,former_net_capital,,bank_indicator.csv,former_net_capital,,identity_q1_or_ytd_diff,missing_raw_value
600015.XSHG,bank_indicator,2017-12-31,,2017,2018-04-20,former_capital_adequacy_ratio,,bank_indicator.csv,former_capital_adequacy_ratio,,identity_q1_or_ytd_diff,missing_raw_value
600015.XSHG,bank_indicator,2017-12-31,,2017,2018-04-20,former_weighted_risky_asset,,bank_indicator.csv,former_weighted_risky_asset,,identity_q1_or_ytd_diff,missing_raw_value
600015.XSHG,bank_indicator,2017-12-31,,2017,2018-04-20,normal_amount,1305354000000.0,bank_indicator.csv,normal_amount,annual_direct,identity_q1_or_ytd_diff,
600015.XSHG,bank_indicator,2017-12-31,,2017,2018-04-20,normal_amount_ratio,93.64,bank_indicator.csv,normal_amount_ratio,annual_direct,identity_q1_or_ytd_diff,
600015.XSHG,bank_indicator,2017-12-31,,2017,2018-04-20,concerned_amount,64131000000.0,bank_indicator.csv,concerned_amount,annual_direct,identity_q1_or_ytd_diff,
600015.XSHG,bank_indicator,2017-12-31,,2017,2018-04-20,concerned_amount_ratio,4.6,bank_indicator.csv,concerned_amount_ratio,annual_direct,identity_q1_or_ytd_diff,
600015.XSHG,bank_indicator,2017-12-31,,2017,2018-04-20,secondary_amount,10165000000.0,bank_indicator.csv,secondary_amount,annual_direct,identity_q1_or_ytd_diff,
600015.XSHG,bank_indicator,2017-12-31,,2017,2018-04-20,secondary_amount_ratio,0.73,bank_indicator.csv,secondary_amount_ratio,annual_direct,identity_q1_or_ytd_diff,
600015.XSHG,bank_indicator,2017-12-31,,2017,2018-04-20,suspicious_amount,8790000000.0,bank_indicator.csv,suspicious_amount,annual_direct,identity_q1_or_ytd_diff,
600015.XSHG,bank_indicator,2017-12-31,,2017,2018-04-20,suspicious_amount_ratio,0.63,bank_indicator.csv,suspicious_amount_ratio,annual_direct,identity_q1_or_ytd_diff,
600015.XSHG,bank_indicator,2017-12-31,,2017,2018-04-20,loss_amount,5642000000.0,bank_indicator.csv,loss_amount,annual_direct,identity_q1_or_ytd_diff,
600015.XSHG,bank_indicator,2017-12-31,,2017,2018-04-20,loss_amount_ratio,0.4,bank_indicator.csv,loss_amount_ratio,annual_direct,identity_q1_or_ytd_diff,
600015.XSHG,bank_indicator,2017-12-31,,2017,2018-04-20,short_term_loan_average_balance,498641000000.0,bank_indicator.csv,short_term_loan_average_balance,annual_direct,identity_q1_or_ytd_diff,
600015.XSHG,bank_indicator,2017-12-31,,2017,2018-04-20,short_term_loan_annualized_average_interest_rate,4.47,bank_indicator.csv,short_term_loan_annualized_average_interest_rate,annual_direct,identity_q1_or_ytd_diff,
600015.XSHG,bank_indicator,2017-12-31,,2017,2018-04-20,mid_term_loan_annualized_average_balance,758709000000.0,bank_indicator.csv,mid_term_loan_annualized_average_balance,annual_direct,identity_q1_or_ytd_diff,
600015.XSHG,bank_indicator,2017-12-31,,2017,2018-04-20,mid_term_loan_annualized_average_interest_rate,5.3,bank_indicator.csv,mid_term_loan_annualized_average_interest_rate,annual_direct,identity_q1_or_ytd_diff,
600015.XSHG,bank_indicator,2017-12-31,,2017,2018-04-20,enterprise_deposits_average_balance,,bank_indicator.csv,enterprise_deposits_average_balance,,identity_q1_or_ytd_diff,missing_raw_value
600015.XSHG,bank_indicator,2017-12-31,,2017,2018-04-20,enterprise_deposits_average_interest_rate,,bank_indicator.csv,enterprise_deposits_average_interest_rate,,identity_q1_or_ytd_diff,missing_raw_value
600015.XSHG,bank_indicator,2017-12-31,,2017,2018-04-20,savings_deposit_average_balance,,bank_indicator.csv,savings_deposit_average_balance,,identity_q1_or_ytd_diff,missing_raw_value
600015.XSHG,bank_indicator,2017-12-31,,2017,2018-04-20,savings_deposit_average_interest_rate,,bank_indicator.csv,savings_deposit_average_interest_rate,,identity_q1_or_ytd_diff,missing_raw_value
600015.XSHG,bank_indicator,2018-12-31,,2018,2019-04-19,total_loan,1613516000000.0,bank_indicator.csv,total_loan,annual_direct,identity_q1_or_ytd_diff,
600015.XSHG,bank_indicator,2018-12-31,,2018,2019-04-19,total_deposit,1492492000000.0,bank_indicator.csv,total_deposit,annual_direct,identity_q1_or_ytd_diff,
600015.XSHG,bank_indicator,2018-12-31,,2018,2019-04-19,interest_earning_assets,2637192000000.0,bank_indicator.csv,interest_earning_assets,annual_direct,identity_q1_or_ytd_diff,
600015.XSHG,bank_indicator,2018-12-31,,2018,2019-04-19,non_interest_earning_assets,43388000000.0,bank_indicator.csv,non_interest_earning_assets,annual_direct,identity_q1_or_ytd_diff,
600015.XSHG,bank_indicator,2018-12-31,,2018,2019-04-19,interest_earning_assets_yield,4.4,bank_indicator.csv,interest_earning_assets_yield,annual_direct,identity_q1_or_ytd_diff,
600015.XSHG,bank_indicator,2018-12-31,,2018,2019-04-19,interest_bearing_liabilities,2484049000000.0,bank_indicator.csv,interest_bearing_liabilities,annual_direct,identity_q1_or_ytd_diff,
600015.XSHG,bank_indicator,2018-12-31,,2018,2019-04-19,non_interest_bearing_liabilities,-22184000000.0,bank_indicator.csv,non_interest_bearing_liabilities,annual_direct,identity_q1_or_ytd_diff,
600015.XSHG,bank_indicator,2018-12-31,,2018,2019-04-19,interest_bearing_liabilities_interest_rate,2.6,bank_indicator.csv,interest_bearing_liabilities_interest_rate,annual_direct,identity_q1_or_ytd_diff,
600015.XSHG,bank_indicator,2018-12-31,,2018,2019-04-19,non_interest_income,20689000000.0,bank_indicator.csv,non_interest_income,annual_direct,identity_q1_or_ytd_diff,
600015.XSHG,bank_indicator,2018-12-31,,2018,2019-04-19,non_interest_income_ratio,28.6444,bank_indicator.csv,non_interest_income_ratio,annual_direct,identity_q1_or_ytd_diff,
600015.XSHG,bank_indicator,2018-12-31,,2018,2019-04-19,net_interest_margin,2.19,bank_indicator.csv,net_interest_margin,annual_direct,identity_q1_or_ytd_diff,
600015.XSHG,bank_indicator,2018-12-31,,2018,2019-04-19,net_profit_margin,2.04,bank_indicator.csv,net_profit_margin,annual_direct,identity_q1_or_ytd_diff,
600015.XSHG,bank_indicator,2018-12-31,,2018,2019-04-19,core_level_capital,198200000000.0,bank_indicator.csv,core_level_capital,annual_direct,identity_q1_or_ytd_diff,
600015.XSHG,bank_indicator,2018-12-31,,2018,2019-04-19,net_core_level_capital,198197000000.0,bank_indicator.csv,net_core_level_capital,annual_direct,identity_q1_or_ytd_diff,
600015.XSHG,bank_indicator,2018-12-31,,2018,2019-04-19,core_level_capital_adequacy_ratio,9.47,bank_indicator.csv,core_level_capital_adequacy_ratio,annual_direct,identity_q1_or_ytd_diff,
600015.XSHG,bank_indicator,2018-12-31,,2018,2019-04-19,net_level_1_capital,218313000000.0,bank_indicator.csv,net_level_1_capital,annual_direct,identity_q1_or_ytd_diff,
600015.XSHG,bank_indicator,2018-12-31,,2018,2019-04-19,level_1_capital_adequacy_ratio,10.43,bank_indicator.csv,level_1_capital_adequacy_ratio,annual_direct,identity_q1_or_ytd_diff,
600015.XSHG,bank_indicator,2018-12-31,,2018,2019-04-19,net_capital,276056000000.0,bank_indicator.csv,net_capital,annual_direct,identity_q1_or_ytd_diff,
600015.XSHG,bank_indicator,2018-12-31,,2018,2019-04-19,capital_adequacy_ratio,13.19,bank_indicator.csv,capital_adequacy_ratio,annual_direct,identity_q1_or_ytd_diff,
600015.XSHG,bank_indicator,2018-12-31,,2018,2019-04-19,weighted_risky_asset,2092350000000.0,bank_indicator.csv,weighted_risky_asset,annual_direct,identity_q1_or_ytd_diff,
600015.XSHG,bank_indicator,2018-12-31,,2018,2019-04-19,deposit_loan_ratio,95.05,bank_indicator.csv,deposit_loan_ratio,annual_direct,identity_q1_or_ytd_diff,
600015.XSHG,bank_indicator,2018-12-31,,2018,2019-04-19,short_term_asset_liquidity_ratio_CNY,51.23,bank_indicator.csv,short_term_asset_liquidity_ratio_CNY,annual_direct,identity_q1_or_ytd_diff,
600015.XSHG,bank_indicator,2018-12-31,,2018,2019-04-19,short_term_asset_liquidity_ratio_FC,98.72,bank_indicator.csv,short_term_asset_liquidity_ratio_FC,annual_direct,identity_q1_or_ytd_diff,
600015.XSHG,bank_indicator,2018-12-31,,2018,2019-04-19,Nonperforming_loan_rate,1.85,bank_indicator.csv,Nonperforming_loan_rate,annual_direct,identity_q1_or_ytd_diff,
600015.XSHG,bank_indicator,2018-12-31,,2018,2019-04-19,single_largest_customer_loan_ratio,2.35,bank_indicator.csv,single_largest_customer_loan_ratio,annual_direct,identity_q1_or_ytd_diff,
600015.XSHG,bank_indicator,2018-12-31,,2018,2019-04-19,top_ten_customer_loan_ratio,16.0,bank_indicator.csv,top_ten_customer_loan_ratio,annual_direct,identity_q1_or_ytd_diff,
600015.XSHG,bank_indicator,2018-12-31,,2018,2019-04-19,bad_debts_reserve,47275000000.0,bank_indicator.csv,bad_debts_reserve,annual_direct,identity_q1_or_ytd_diff,
600015.XSHG,bank_indicator,2018-12-31,,2018,2019-04-19,non_performing_loan_provision_coverage,158.59,bank_indicator.csv,non_performing_loan_provision_coverage,annual_direct,identity_q1_or_ytd_diff,
600015.XSHG,bank_indicator,2018-12-31,,2018,2019-04-19,cost_to_income_ratio,32.58,bank_indicator.csv,cost_to_income_ratio,annual_direct,identity_q1_or_ytd_diff,
600015.XSHG,bank_indicator,2018-12-31,,2018,2019-04-19,former_core_capital,,bank_indicator.csv,former_core_capital,,identity_q1_or_ytd_diff,missing_raw_value
600015.XSHG,bank_indicator,2018-12-31,,2018,2019-04-19,former_net_core_capital,,bank_indicator.csv,former_net_core_capital,,identity_q1_or_ytd_diff,missing_raw_value
600015.XSHG,bank_indicator,2018-12-31,,2018,2019-04-19,former_net_core_capital_adequacy_ratio,,bank_indicator.csv,former_net_core_capital_adequacy_ratio,,identity_q1_or_ytd_diff,missing_raw_value
600015.XSHG,bank_indicator,2018-12-31,,2018,2019-04-19,former_net_capital,,bank_indicator.csv,former_net_capital,,identity_q1_or_ytd_diff,missing_raw_value
600015.XSHG,bank_indicator,2018-12-31,,2018,2019-04-19,former_capital_adequacy_ratio,,bank_indicator.csv,former_capital_adequacy_ratio,,identity_q1_or_ytd_diff,missing_raw_value
600015.XSHG,bank_indicator,2018-12-31,,2018,2019-04-19,former_weighted_risky_asset,,bank_indicator.csv,former_weighted_risky_asset,,identity_q1_or_ytd_diff,missing_raw_value
600015.XSHG,bank_indicator,2018-12-31,,2018,2019-04-19,normal_amount,1512112000000.0,bank_indicator.csv,normal_amount,annual_direct,identity_q1_or_ytd_diff,
600015.XSHG,bank_indicator,2018-12-31,,2018,2019-04-19,normal_amount_ratio,93.71,bank_indicator.csv,normal_amount_ratio,annual_direct,identity_q1_or_ytd_diff,
600015.XSHG,bank_indicator,2018-12-31,,2018,2019-04-19,concerned_amount,71595000000.0,bank_indicator.csv,concerned_amount,annual_direct,identity_q1_or_ytd_diff,
600015.XSHG,bank_indicator,2018-12-31,,2018,2019-04-19,concerned_amount_ratio,4.44,bank_indicator.csv,concerned_amount_ratio,annual_direct,identity_q1_or_ytd_diff,
600015.XSHG,bank_indicator,2018-12-31,,2018,2019-04-19,secondary_amount,11283000000.0,bank_indicator.csv,secondary_amount,annual_direct,identity_q1_or_ytd_diff,
600015.XSHG,bank_indicator,2018-12-31,,2018,2019-04-19,secondary_amount_ratio,0.7,bank_indicator.csv,secondary_amount_ratio,annual_direct,identity_q1_or_ytd_diff,
600015.XSHG,bank_indicator,2018-12-31,,2018,2019-04-19,suspicious_amount,9727000000.0,bank_indicator.csv,suspicious_amount,annual_direct,identity_q1_or_ytd_diff,
600015.XSHG,bank_indicator,2018-12-31,,2018,2019-04-19,suspicious_amount_ratio,0.6,bank_indicator.csv,suspicious_amount_ratio,annual_direct,identity_q1_or_ytd_diff,
600015.XSHG,bank_indicator,2018-12-31,,2018,2019-04-19,loss_amount,8799000000.0,bank_indicator.csv,loss_amount,annual_direct,identity_q1_or_ytd_diff,
600015.XSHG,bank_indicator,2018-12-31,,2018,2019-04-19,loss_amount_ratio,0.55,bank_indicator.csv,loss_amount_ratio,annual_direct,identity_q1_or_ytd_diff,
600015.XSHG,bank_indicator,2018-12-31,,2018,2019-04-19,short_term_loan_average_balance,584214000000.0,bank_indicator.csv,short_term_loan_average_balance,annual_direct,identity_q1_or_ytd_diff,
600015.XSHG,bank_indicator,2018-12-31,,2018,2019-04-19,short_term_loan_annualized_average_interest_rate,4.48,bank_indicator.csv,short_term_loan_annualized_average_interest_rate,annual_direct,identity_q1_or_ytd_diff,
600015.XSHG,bank_indicator,2018-12-31,,2018,2019-04-19,mid_term_loan_annualized_average_balance,889548000000.0,bank_indicator.csv,mid_term_loan_annualized_average_balance,annual_direct,identity_q1_or_ytd_diff,
600015.XSHG,bank_indicator,2018-12-31,,2018,2019-04-19,mid_term_loan_annualized_average_interest_rate,5.41,bank_indicator.csv,mid_term_loan_annualized_average_interest_rate,annual_direct,identity_q1_or_ytd_diff,
600015.XSHG,bank_indicator,2018-12-31,,2018,2019-04-19,enterprise_deposits_average_balance,1180638000000.0,bank_indicator.csv,enterprise_deposits_average_balance,annual_direct,identity_q1_or_ytd_diff,
600015.XSHG,bank_indicator,2018-12-31,,2018,2019-04-19,enterprise_deposits_average_interest_rate,,bank_indicator.csv,enterprise_deposits_average_interest_rate,,identity_q1_or_ytd_diff,missing_raw_value
600015.XSHG,bank_indicator,2018-12-31,,2018,2019-04-19,savings_deposit_average_balance,259856000000.0,bank_indicator.csv,savings_deposit_average_balance,annual_direct,identity_q1_or_ytd_diff,
600015.XSHG,bank_indicator,2018-12-31,,2018,2019-04-19,savings_deposit_average_interest_rate,,bank_indicator.csv,savings_deposit_average_interest_rate,,identity_q1_or_ytd_diff,missing_raw_value
600015.XSHG,bank_indicator,2019-12-31,,2019,2020-04-17,total_loan,1872602000000.0,bank_indicator.csv,total_loan,annual_direct,identity_q1_or_ytd_diff,
600015.XSHG,bank_indicator,2019-12-31,,2019,2020-04-17,total_deposit,1671276000000.0,bank_indicator.csv,total_deposit,annual_direct,identity_q1_or_ytd_diff,
600015.XSHG,bank_indicator,2019-12-31,,2019,2020-04-17,interest_earning_assets,2882710000000.0,bank_indicator.csv,interest_earning_assets,annual_direct,identity_q1_or_ytd_diff,
600015.XSHG,bank_indicator,2019-12-31,,2019,2020-04-17,non_interest_earning_assets,138079000000.0,bank_indicator.csv,non_interest_earning_assets,annual_direct,identity_q1_or_ytd_diff,
600015.XSHG,bank_indicator,2019-12-31,,2019,2020-04-17,interest_earning_assets_yield,4.73,bank_indicator.csv,interest_earning_assets_yield,annual_direct,identity_q1_or_ytd_diff,
600015.XSHG,bank_indicator,2019-12-31,,2019,2020-04-17,interest_bearing_liabilities,2702480000000.0,bank_indicator.csv,interest_bearing_liabilities,annual_direct,identity_q1_or_ytd_diff,
600015.XSHG,bank_indicator,2019-12-31,,2019,2020-04-17,non_interest_bearing_liabilities,48972000000.0,bank_indicator.csv,non_interest_bearing_liabilities,annual_direct,identity_q1_or_ytd_diff,
600015.XSHG,bank_indicator,2019-12-31,,2019,2020-04-17,interest_bearing_liabilities_interest_rate,2.36,bank_indicator.csv,interest_bearing_liabilities_interest_rate,annual_direct,identity_q1_or_ytd_diff,
600015.XSHG,bank_indicator,2019-12-31,,2019,2020-04-17,non_interest_income,20173000000.0,bank_indicator.csv,non_interest_income,annual_direct,identity_q1_or_ytd_diff,
600015.XSHG,bank_indicator,2019-12-31,,2019,2020-04-17,non_interest_income_ratio,23.81,bank_indicator.csv,non_interest_income_ratio,annual_direct,identity_q1_or_ytd_diff,
600015.XSHG,bank_indicator,2019-12-31,,2019,2020-04-17,net_interest_margin,2.51,bank_indicator.csv,net_interest_margin,annual_direct,identity_q1_or_ytd_diff,
600015.XSHG,bank_indicator,2019-12-31,,2019,2020-04-17,net_profit_margin,2.37,bank_indicator.csv,net_profit_margin,annual_direct,identity_q1_or_ytd_diff,
600015.XSHG,bank_indicator,2019-12-31,,2019,2020-04-17,core_level_capital,209153000000.0,bank_indicator.csv,core_level_capital,annual_direct,identity_q1_or_ytd_diff,
600015.XSHG,bank_indicator,2019-12-31,,2019,2020-04-17,net_core_level_capital,209148000000.0,bank_indicator.csv,net_core_level_capital,annual_direct,identity_q1_or_ytd_diff,
600015.XSHG,bank_indicator,2019-12-31,,2019,2020-04-17,core_level_capital_adequacy_ratio,9.25,bank_indicator.csv,core_level_capital_adequacy_ratio,annual_direct,identity_q1_or_ytd_diff,
600015.XSHG,bank_indicator,2019-12-31,,2019,2020-04-17,net_level_1_capital,269302000000.0,bank_indicator.csv,net_level_1_capital,annual_direct,identity_q1_or_ytd_diff,
600015.XSHG,bank_indicator,2019-12-31,,2019,2020-04-17,level_1_capital_adequacy_ratio,11.91,bank_indicator.csv,level_1_capital_adequacy_ratio,annual_direct,identity_q1_or_ytd_diff,
600015.XSHG,bank_indicator,2019-12-31,,2019,2020-04-17,net_capital,314020000000.0,bank_indicator.csv,net_capital,annual_direct,identity_q1_or_ytd_diff,
600015.XSHG,bank_indicator,2019-12-31,,2019,2020-04-17,capital_adequacy_ratio,13.89,bank_indicator.csv,capital_adequacy_ratio,annual_direct,identity_q1_or_ytd_diff,
600015.XSHG,bank_indicator,2019-12-31,,2019,2020-04-17,weighted_risky_asset,2260986000000.0,bank_indicator.csv,weighted_risky_asset,annual_direct,identity_q1_or_ytd_diff,
600015.XSHG,bank_indicator,2019-12-31,,2019,2020-04-17,deposit_loan_ratio,98.86,bank_indicator.csv,deposit_loan_ratio,annual_direct,identity_q1_or_ytd_diff,
600015.XSHG,bank_indicator,2019-12-31,,2019,2020-04-17,short_term_asset_liquidity_ratio_CNY,53.69,bank_indicator.csv,short_term_asset_liquidity_ratio_CNY,annual_direct,identity_q1_or_ytd_diff,
600015.XSHG,bank_indicator,2019-12-31,,2019,2020-04-17,short_term_asset_liquidity_ratio_FC,162.32,bank_indicator.csv,short_term_asset_liquidity_ratio_FC,annual_direct,identity_q1_or_ytd_diff,
600015.XSHG,bank_indicator,2019-12-31,,2019,2020-04-17,Nonperforming_loan_rate,1.83,bank_indicator.csv,Nonperforming_loan_rate,annual_direct,identity_q1_or_ytd_diff,
600015.XSHG,bank_indicator,2019-12-31,,2019,2020-04-17,single_largest_customer_loan_ratio,3.2,bank_indicator.csv,single_largest_customer_loan_ratio,annual_direct,identity_q1_or_ytd_diff,
600015.XSHG,bank_indicator,2019-12-31,,2019,2020-04-17,top_ten_customer_loan_ratio,15.77,bank_indicator.csv,top_ten_customer_loan_ratio,annual_direct,identity_q1_or_ytd_diff,
600015.XSHG,bank_indicator,2019-12-31,,2019,2020-04-17,bad_debts_reserve,47922000000.0,bank_indicator.csv,bad_debts_reserve,annual_direct,identity_q1_or_ytd_diff,
600015.XSHG,bank_indicator,2019-12-31,,2019,2020-04-17,non_performing_loan_provision_coverage,141.92,bank_indicator.csv,non_performing_loan_provision_coverage,annual_direct,identity_q1_or_ytd_diff,
600015.XSHG,bank_indicator,2019-12-31,,2019,2020-04-17,cost_to_income_ratio,30.59,bank_indicator.csv,cost_to_income_ratio,annual_direct,identity_q1_or_ytd_diff,
600015.XSHG,bank_indicator,2019-12-31,,2019,2020-04-17,former_core_capital,,bank_indicator.csv,former_core_capital,,identity_q1_or_ytd_diff,missing_raw_value
600015.XSHG,bank_indicator,2019-12-31,,2019,2020-04-17,former_net_core_capital,,bank_indicator.csv,former_net_core_capital,,identity_q1_or_ytd_diff,missing_raw_value
600015.XSHG,bank_indicator,2019-12-31,,2019,2020-04-17,former_net_core_capital_adequacy_ratio,,bank_indicator.csv,former_net_core_capital_adequacy_ratio,,identity_q1_or_ytd_diff,missing_raw_value
600015.XSHG,bank_indicator,2019-12-31,,2019,2020-04-17,former_net_capital,,bank_indicator.csv,former_net_capital,,identity_q1_or_ytd_diff,missing_raw_value
600015.XSHG,bank_indicator,2019-12-31,,2019,2020-04-17,former_capital_adequacy_ratio,,bank_indicator.csv,former_capital_adequacy_ratio,,identity_q1_or_ytd_diff,missing_raw_value
600015.XSHG,bank_indicator,2019-12-31,,2019,2020-04-17,former_weighted_risky_asset,,bank_indicator.csv,former_weighted_risky_asset,,identity_q1_or_ytd_diff,missing_raw_value
600015.XSHG,bank_indicator,2019-12-31,,2019,2020-04-17,normal_amount,1771753000000.0,bank_indicator.csv,normal_amount,annual_direct,identity_q1_or_ytd_diff,
600015.XSHG,bank_indicator,2019-12-31,,2019,2020-04-17,normal_amount_ratio,94.61,bank_indicator.csv,normal_amount_ratio,annual_direct,identity_q1_or_ytd_diff,
600015.XSHG,bank_indicator,2019-12-31,,2019,2020-04-17,concerned_amount,66612000000.0,bank_indicator.csv,concerned_amount,annual_direct,identity_q1_or_ytd_diff,
600015.XSHG,bank_indicator,2019-12-31,,2019,2020-04-17,concerned_amount_ratio,3.56,bank_indicator.csv,concerned_amount_ratio,annual_direct,identity_q1_or_ytd_diff,
600015.XSHG,bank_indicator,2019-12-31,,2019,2020-04-17,secondary_amount,13635000000.0,bank_indicator.csv,secondary_amount,annual_direct,identity_q1_or_ytd_diff,
600015.XSHG,bank_indicator,2019-12-31,,2019,2020-04-17,secondary_amount_ratio,0.73,bank_indicator.csv,secondary_amount_ratio,annual_direct,identity_q1_or_ytd_diff,
600015.XSHG,bank_indicator,2019-12-31,,2019,2020-04-17,suspicious_amount,11500000000.0,bank_indicator.csv,suspicious_amount,annual_direct,identity_q1_or_ytd_diff,
600015.XSHG,bank_indicator,2019-12-31,,2019,2020-04-17,suspicious_amount_ratio,0.61,bank_indicator.csv,suspicious_amount_ratio,annual_direct,identity_q1_or_ytd_diff,
600015.XSHG,bank_indicator,2019-12-31,,2019,2020-04-17,loss_amount,9102000000.0,bank_indicator.csv,loss_amount,annual_direct,identity_q1_or_ytd_diff,
600015.XSHG,bank_indicator,2019-12-31,,2019,2020-04-17,loss_amount_ratio,0.49,bank_indicator.csv,loss_amount_ratio,annual_direct,identity_q1_or_ytd_diff,
600015.XSHG,bank_indicator,2019-12-31,,2019,2020-04-17,short_term_loan_average_balance,714180000000.0,bank_indicator.csv,short_term_loan_average_balance,annual_direct,identity_q1_or_ytd_diff,
600015.XSHG,bank_indicator,2019-12-31,,2019,2020-04-17,short_term_loan_annualized_average_interest_rate,4.26,bank_indicator.csv,short_term_loan_annualized_average_interest_rate,annual_direct,identity_q1_or_ytd_diff,
600015.XSHG,bank_indicator,2019-12-31,,2019,2020-04-17,mid_term_loan_annualized_average_balance,1013899000000.0,bank_indicator.csv,mid_term_loan_annualized_average_balance,annual_direct,identity_q1_or_ytd_diff,
600015.XSHG,bank_indicator,2019-12-31,,2019,2020-04-17,mid_term_loan_annualized_average_interest_rate,5.45,bank_indicator.csv,mid_term_loan_annualized_average_interest_rate,annual_direct,identity_q1_or_ytd_diff,
600015.XSHG,bank_indicator,2019-12-31,,2019,2020-04-17,enterprise_deposits_average_balance,1290601000000.0,bank_indicator.csv,enterprise_deposits_average_balance,annual_direct,identity_q1_or_ytd_diff,
600015.XSHG,bank_indicator,2019-12-31,,2019,2020-04-17,enterprise_deposits_average_interest_rate,3.39,bank_indicator.csv,enterprise_deposits_average_interest_rate,annual_direct,identity_q1_or_ytd_diff,
600015.XSHG,bank_indicator,2019-12-31,,2019,2020-04-17,savings_deposit_average_balance,304580000000.0,bank_indicator.csv,savings_deposit_average_balance,annual_direct,identity_q1_or_ytd_diff,
600015.XSHG,bank_indicator,2019-12-31,,2019,2020-04-17,savings_deposit_average_interest_rate,3.56,bank_indicator.csv,savings_deposit_average_interest_rate,annual_direct,identity_q1_or_ytd_diff,
600015.XSHG,bank_indicator,2020-12-31,,2020,2021-04-30,total_loan,2108993000000.0,bank_indicator.csv,total_loan,annual_direct,identity_q1_or_ytd_diff,
600015.XSHG,bank_indicator,2020-12-31,,2020,2021-04-30,total_deposit,1837020000000.0,bank_indicator.csv,total_deposit,annual_direct,identity_q1_or_ytd_diff,
600015.XSHG,bank_indicator,2020-12-31,,2020,2021-04-30,interest_earning_assets,3160821000000.0,bank_indicator.csv,interest_earning_assets,annual_direct,identity_q1_or_ytd_diff,
600015.XSHG,bank_indicator,2020-12-31,,2020,2021-04-30,non_interest_earning_assets,238995000000.0,bank_indicator.csv,non_interest_earning_assets,annual_direct,identity_q1_or_ytd_diff,
600015.XSHG,bank_indicator,2020-12-31,,2020,2021-04-30,interest_earning_assets_yield,4.66,bank_indicator.csv,interest_earning_assets_yield,annual_direct,identity_q1_or_ytd_diff,
600015.XSHG,bank_indicator,2020-12-31,,2020,2021-04-30,interest_bearing_liabilities,2992200000000.0,bank_indicator.csv,interest_bearing_liabilities,annual_direct,identity_q1_or_ytd_diff,
600015.XSHG,bank_indicator,2020-12-31,,2020,2021-04-30,non_interest_bearing_liabilities,124961000000.0,bank_indicator.csv,non_interest_bearing_liabilities,annual_direct,identity_q1_or_ytd_diff,
600015.XSHG,bank_indicator,2020-12-31,,2020,2021-04-30,interest_bearing_liabilities_interest_rate,2.18,bank_indicator.csv,interest_bearing_liabilities_interest_rate,annual_direct,identity_q1_or_ytd_diff,
600015.XSHG,bank_indicator,2020-12-31,,2020,2021-04-30,non_interest_income,13342000000.0,bank_indicator.csv,non_interest_income,annual_direct,identity_q1_or_ytd_diff,
600015.XSHG,bank_indicator,2020-12-31,,2020,2021-04-30,non_interest_income_ratio,13.9987,bank_indicator.csv,non_interest_income_ratio,annual_direct,identity_q1_or_ytd_diff,
600015.XSHG,bank_indicator,2020-12-31,,2020,2021-04-30,net_interest_margin,2.59,bank_indicator.csv,net_interest_margin,annual_direct,identity_q1_or_ytd_diff,
600015.XSHG,bank_indicator,2020-12-31,,2020,2021-04-30,net_profit_margin,2.48,bank_indicator.csv,net_profit_margin,annual_direct,identity_q1_or_ytd_diff,
600015.XSHG,bank_indicator,2020-12-31,,2020,2021-04-30,core_level_capital,,bank_indicator.csv,core_level_capital,,identity_q1_or_ytd_diff,missing_raw_value
600015.XSHG,bank_indicator,2020-12-31,,2020,2021-04-30,net_core_level_capital,224226000000.0,bank_indicator.csv,net_core_level_capital,annual_direct,identity_q1_or_ytd_diff,
600015.XSHG,bank_indicator,2020-12-31,,2020,2021-04-30,core_level_capital_adequacy_ratio,8.79,bank_indicator.csv,core_level_capital_adequacy_ratio,annual_direct,identity_q1_or_ytd_diff,
600015.XSHG,bank_indicator,2020-12-31,,2020,2021-04-30,net_level_1_capital,282413000000.0,bank_indicator.csv,net_level_1_capital,annual_direct,identity_q1_or_ytd_diff,
600015.XSHG,bank_indicator,2020-12-31,,2020,2021-04-30,level_1_capital_adequacy_ratio,11.17,bank_indicator.csv,level_1_capital_adequacy_ratio,annual_direct,identity_q1_or_ytd_diff,
600015.XSHG,bank_indicator,2020-12-31,,2020,2021-04-30,net_capital,330769000000.0,bank_indicator.csv,net_capital,annual_direct,identity_q1_or_ytd_diff,
600015.XSHG,bank_indicator,2020-12-31,,2020,2021-04-30,capital_adequacy_ratio,13.08,bank_indicator.csv,capital_adequacy_ratio,annual_direct,identity_q1_or_ytd_diff,
600015.XSHG,bank_indicator,2020-12-31,,2020,2021-04-30,weighted_risky_asset,2529132000000.0,bank_indicator.csv,weighted_risky_asset,annual_direct,identity_q1_or_ytd_diff,
600015.XSHG,bank_indicator,2020-12-31,,2020,2021-04-30,deposit_loan_ratio,99.95,bank_indicator.csv,deposit_loan_ratio,annual_direct,identity_q1_or_ytd_diff,
600015.XSHG,bank_indicator,2020-12-31,,2020,2021-04-30,short_term_asset_liquidity_ratio_CNY,55.01,bank_indicator.csv,short_term_asset_liquidity_ratio_CNY,annual_direct,identity_q1_or_ytd_diff,
600015.XSHG,bank_indicator,2020-12-31,,2020,2021-04-30,short_term_asset_liquidity_ratio_FC,211.93,bank_indicator.csv,short_term_asset_liquidity_ratio_FC,annual_direct,identity_q1_or_ytd_diff,
600015.XSHG,bank_indicator,2020-12-31,,2020,2021-04-30,Nonperforming_loan_rate,1.8,bank_indicator.csv,Nonperforming_loan_rate,annual_direct,identity_q1_or_ytd_diff,
600015.XSHG,bank_indicator,2020-12-31,,2020,2021-04-30,single_largest_customer_loan_ratio,3.58,bank_indicator.csv,single_largest_customer_loan_ratio,annual_direct,identity_q1_or_ytd_diff,
600015.XSHG,bank_indicator,2020-12-31,,2020,2021-04-30,top_ten_customer_loan_ratio,16.54,bank_indicator.csv,top_ten_customer_loan_ratio,annual_direct,identity_q1_or_ytd_diff,
600015.XSHG,bank_indicator,2020-12-31,,2020,2021-04-30,bad_debts_reserve,55460000000.0,bank_indicator.csv,bad_debts_reserve,annual_direct,identity_q1_or_ytd_diff,
600015.XSHG,bank_indicator,2020-12-31,,2020,2021-04-30,non_performing_loan_provision_coverage,147.22,bank_indicator.csv,non_performing_loan_provision_coverage,annual_direct,identity_q1_or_ytd_diff,
600015.XSHG,bank_indicator,2020-12-31,,2020,2021-04-30,cost_to_income_ratio,27.93,bank_indicator.csv,cost_to_income_ratio,annual_direct,identity_q1_or_ytd_diff,
600015.XSHG,bank_indicator,2020-12-31,,2020,2021-04-30,former_core_capital,,bank_indicator.csv,former_core_capital,,identity_q1_or_ytd_diff,missing_raw_value
600015.XSHG,bank_indicator,2020-12-31,,2020,2021-04-30,former_net_core_capital,,bank_indicator.csv,former_net_core_capital,,identity_q1_or_ytd_diff,missing_raw_value
600015.XSHG,bank_indicator,2020-12-31,,2020,2021-04-30,former_net_core_capital_adequacy_ratio,,bank_indicator.csv,former_net_core_capital_adequacy_ratio,,identity_q1_or_ytd_diff,missing_raw_value
600015.XSHG,bank_indicator,2020-12-31,,2020,2021-04-30,former_net_capital,,bank_indicator.csv,former_net_capital,,identity_q1_or_ytd_diff,missing_raw_value
600015.XSHG,bank_indicator,2020-12-31,,2020,2021-04-30,former_capital_adequacy_ratio,,bank_indicator.csv,former_capital_adequacy_ratio,,identity_q1_or_ytd_diff,missing_raw_value
600015.XSHG,bank_indicator,2020-12-31,,2020,2021-04-30,former_weighted_risky_asset,,bank_indicator.csv,former_weighted_risky_asset,,identity_q1_or_ytd_diff,missing_raw_value
600015.XSHG,bank_indicator,2020-12-31,,2020,2021-04-30,normal_amount,1998707000000.0,bank_indicator.csv,normal_amount,annual_direct,identity_q1_or_ytd_diff,
600015.XSHG,bank_indicator,2020-12-31,,2020,2021-04-30,normal_amount_ratio,94.77,bank_indicator.csv,normal_amount_ratio,annual_direct,identity_q1_or_ytd_diff,
600015.XSHG,bank_indicator,2020-12-31,,2020,2021-04-30,concerned_amount,72310000000.0,bank_indicator.csv,concerned_amount,annual_direct,identity_q1_or_ytd_diff,
600015.XSHG,bank_indicator,2020-12-31,,2020,2021-04-30,concerned_amount_ratio,3.43,bank_indicator.csv,concerned_amount_ratio,annual_direct,identity_q1_or_ytd_diff,
600015.XSHG,bank_indicator,2020-12-31,,2020,2021-04-30,secondary_amount,16290000000.0,bank_indicator.csv,secondary_amount,annual_direct,identity_q1_or_ytd_diff,
600015.XSHG,bank_indicator,2020-12-31,,2020,2021-04-30,secondary_amount_ratio,0.77,bank_indicator.csv,secondary_amount_ratio,annual_direct,identity_q1_or_ytd_diff,
600015.XSHG,bank_indicator,2020-12-31,,2020,2021-04-30,suspicious_amount,13946000000.0,bank_indicator.csv,suspicious_amount,annual_direct,identity_q1_or_ytd_diff,
600015.XSHG,bank_indicator,2020-12-31,,2020,2021-04-30,suspicious_amount_ratio,0.66,bank_indicator.csv,suspicious_amount_ratio,annual_direct,identity_q1_or_ytd_diff,
600015.XSHG,bank_indicator,2020-12-31,,2020,2021-04-30,loss_amount,7740000000.0,bank_indicator.csv,loss_amount,annual_direct,identity_q1_or_ytd_diff,
600015.XSHG,bank_indicator,2020-12-31,,2020,2021-04-30,loss_amount_ratio,0.37,bank_indicator.csv,loss_amount_ratio,annual_direct,identity_q1_or_ytd_diff,
600015.XSHG,bank_indicator,2020-12-31,,2020,2021-04-30,short_term_loan_average_balance,764948000000.0,bank_indicator.csv,short_term_loan_average_balance,annual_direct,identity_q1_or_ytd_diff,
600015.XSHG,bank_indicator,2020-12-31,,2020,2021-04-30,short_term_loan_annualized_average_interest_rate,4.93,bank_indicator.csv,short_term_loan_annualized_average_interest_rate,annual_direct,identity_q1_or_ytd_diff,
600015.XSHG,bank_indicator,2020-12-31,,2020,2021-04-30,mid_term_loan_annualized_average_balance,1206952000000.0,bank_indicator.csv,mid_term_loan_annualized_average_balance,annual_direct,identity_q1_or_ytd_diff,
600015.XSHG,bank_indicator,2020-12-31,,2020,2021-04-30,mid_term_loan_annualized_average_interest_rate,5.6,bank_indicator.csv,mid_term_loan_annualized_average_interest_rate,annual_direct,identity_q1_or_ytd_diff,
600015.XSHG,bank_indicator,2020-12-31,,2020,2021-04-30,enterprise_deposits_average_balance,1413943000000.0,bank_indicator.csv,enterprise_deposits_average_balance,annual_direct,identity_q1_or_ytd_diff,
600015.XSHG,bank_indicator,2020-12-31,,2020,2021-04-30,enterprise_deposits_average_interest_rate,,bank_indicator.csv,enterprise_deposits_average_interest_rate,,identity_q1_or_ytd_diff,missing_raw_value
600015.XSHG,bank_indicator,2020-12-31,,2020,2021-04-30,savings_deposit_average_balance,338418000000.0,bank_indicator.csv,savings_deposit_average_balance,annual_direct,identity_q1_or_ytd_diff,
600015.XSHG,bank_indicator,2020-12-31,,2020,2021-04-30,savings_deposit_average_interest_rate,,bank_indicator.csv,savings_deposit_average_interest_rate,,identity_q1_or_ytd_diff,missing_raw_value
600015.XSHG,bank_indicator,2021-12-31,,2021,2022-04-30,total_loan,2213529000000.0,bank_indicator.csv,total_loan,annual_direct,identity_q1_or_ytd_diff,
600015.XSHG,bank_indicator,2021-12-31,,2021,2022-04-30,total_deposit,1927349000000.0,bank_indicator.csv,total_deposit,annual_direct,identity_q1_or_ytd_diff,
600015.XSHG,bank_indicator,2021-12-31,,2021,2022-04-30,interest_earning_assets,3384117000000.0,bank_indicator.csv,interest_earning_assets,annual_direct,identity_q1_or_ytd_diff,
600015.XSHG,bank_indicator,2021-12-31,,2021,2022-04-30,non_interest_earning_assets,292170000000.0,bank_indicator.csv,non_interest_earning_assets,annual_direct,identity_q1_or_ytd_diff,
600015.XSHG,bank_indicator,2021-12-31,,2021,2022-04-30,interest_earning_assets_yield,4.52,bank_indicator.csv,interest_earning_assets_yield,annual_direct,identity_q1_or_ytd_diff,
600015.XSHG,bank_indicator,2021-12-31,,2021,2022-04-30,interest_bearing_liabilities,3240423000000.0,bank_indicator.csv,interest_bearing_liabilities,annual_direct,identity_q1_or_ytd_diff,
600015.XSHG,bank_indicator,2021-12-31,,2021,2022-04-30,non_interest_bearing_liabilities,135162000000.0,bank_indicator.csv,non_interest_bearing_liabilities,annual_direct,identity_q1_or_ytd_diff,
600015.XSHG,bank_indicator,2021-12-31,,2021,2022-04-30,interest_bearing_liabilities_interest_rate,2.26,bank_indicator.csv,interest_bearing_liabilities_interest_rate,annual_direct,identity_q1_or_ytd_diff,
600015.XSHG,bank_indicator,2021-12-31,,2021,2022-04-30,non_interest_income,16265000000.0,bank_indicator.csv,non_interest_income,annual_direct,identity_q1_or_ytd_diff,
600015.XSHG,bank_indicator,2021-12-31,,2021,2022-04-30,non_interest_income_ratio,16.97,bank_indicator.csv,non_interest_income_ratio,annual_direct,identity_q1_or_ytd_diff,
600015.XSHG,bank_indicator,2021-12-31,,2021,2022-04-30,net_interest_margin,2.35,bank_indicator.csv,net_interest_margin,annual_direct,identity_q1_or_ytd_diff,
600015.XSHG,bank_indicator,2021-12-31,,2021,2022-04-30,net_profit_margin,2.26,bank_indicator.csv,net_profit_margin,annual_direct,identity_q1_or_ytd_diff,
600015.XSHG,bank_indicator,2021-12-31,,2021,2022-04-30,core_level_capital,,bank_indicator.csv,core_level_capital,,identity_q1_or_ytd_diff,missing_raw_value
600015.XSHG,bank_indicator,2021-12-31,,2021,2022-04-30,net_core_level_capital,240073000000.0,bank_indicator.csv,net_core_level_capital,annual_direct,identity_q1_or_ytd_diff,
600015.XSHG,bank_indicator,2021-12-31,,2021,2022-04-30,core_level_capital_adequacy_ratio,8.78,bank_indicator.csv,core_level_capital_adequacy_ratio,annual_direct,identity_q1_or_ytd_diff,
600015.XSHG,bank_indicator,2021-12-31,,2021,2022-04-30,net_level_1_capital,300279000000.0,bank_indicator.csv,net_level_1_capital,annual_direct,identity_q1_or_ytd_diff,
600015.XSHG,bank_indicator,2021-12-31,,2021,2022-04-30,level_1_capital_adequacy_ratio,10.98,bank_indicator.csv,level_1_capital_adequacy_ratio,annual_direct,identity_q1_or_ytd_diff,
600015.XSHG,bank_indicator,2021-12-31,,2021,2022-04-30,net_capital,350673000000.0,bank_indicator.csv,net_capital,annual_direct,identity_q1_or_ytd_diff,
600015.XSHG,bank_indicator,2021-12-31,,2021,2022-04-30,capital_adequacy_ratio,12.82,bank_indicator.csv,capital_adequacy_ratio,annual_direct,identity_q1_or_ytd_diff,
600015.XSHG,bank_indicator,2021-12-31,,2021,2022-04-30,weighted_risky_asset,2735128000000.0,bank_indicator.csv,weighted_risky_asset,annual_direct,identity_q1_or_ytd_diff,
600015.XSHG,bank_indicator,2021-12-31,,2021,2022-04-30,deposit_loan_ratio,99.19,bank_indicator.csv,deposit_loan_ratio,annual_direct,identity_q1_or_ytd_diff,
600015.XSHG,bank_indicator,2021-12-31,,2021,2022-04-30,short_term_asset_liquidity_ratio_CNY,61.1,bank_indicator.csv,short_term_asset_liquidity_ratio_CNY,annual_direct,identity_q1_or_ytd_diff,
600015.XSHG,bank_indicator,2021-12-31,,2021,2022-04-30,short_term_asset_liquidity_ratio_FC,161.26,bank_indicator.csv,short_term_asset_liquidity_ratio_FC,annual_direct,identity_q1_or_ytd_diff,
600015.XSHG,bank_indicator,2021-12-31,,2021,2022-04-30,Nonperforming_loan_rate,1.77,bank_indicator.csv,Nonperforming_loan_rate,annual_direct,identity_q1_or_ytd_diff,
600015.XSHG,bank_indicator,2021-12-31,,2021,2022-04-30,single_largest_customer_loan_ratio,3.6,bank_indicator.csv,single_largest_customer_loan_ratio,annual_direct,identity_q1_or_ytd_diff,
600015.XSHG,bank_indicator,2021-12-31,,2021,2022-04-30,top_ten_customer_loan_ratio,17.35,bank_indicator.csv,top_ten_customer_loan_ratio,annual_direct,identity_q1_or_ytd_diff,
600015.XSHG,bank_indicator,2021-12-31,,2021,2022-04-30,bad_debts_reserve,58483000000.0,bank_indicator.csv,bad_debts_reserve,annual_direct,identity_q1_or_ytd_diff,
600015.XSHG,bank_indicator,2021-12-31,,2021,2022-04-30,non_performing_loan_provision_coverage,150.99,bank_indicator.csv,non_performing_loan_provision_coverage,annual_direct,identity_q1_or_ytd_diff,
600015.XSHG,bank_indicator,2021-12-31,,2021,2022-04-30,cost_to_income_ratio,29.06,bank_indicator.csv,cost_to_income_ratio,annual_direct,identity_q1_or_ytd_diff,
600015.XSHG,bank_indicator,2021-12-31,,2021,2022-04-30,former_core_capital,,bank_indicator.csv,former_core_capital,,identity_q1_or_ytd_diff,missing_raw_value
600015.XSHG,bank_indicator,2021-12-31,,2021,2022-04-30,former_net_core_capital,,bank_indicator.csv,former_net_core_capital,,identity_q1_or_ytd_diff,missing_raw_value
600015.XSHG,bank_indicator,2021-12-31,,2021,2022-04-30,former_net_core_capital_adequacy_ratio,,bank_indicator.csv,former_net_core_capital_adequacy_ratio,,identity_q1_or_ytd_diff,missing_raw_value
600015.XSHG,bank_indicator,2021-12-31,,2021,2022-04-30,former_net_capital,,bank_indicator.csv,former_net_capital,,identity_q1_or_ytd_diff,missing_raw_value
600015.XSHG,bank_indicator,2021-12-31,,2021,2022-04-30,former_capital_adequacy_ratio,,bank_indicator.csv,former_capital_adequacy_ratio,,identity_q1_or_ytd_diff,missing_raw_value
600015.XSHG,bank_indicator,2021-12-31,,2021,2022-04-30,former_weighted_risky_asset,,bank_indicator.csv,former_weighted_risky_asset,,identity_q1_or_ytd_diff,missing_raw_value
600015.XSHG,bank_indicator,2021-12-31,,2021,2022-04-30,normal_amount,2105927000000.0,bank_indicator.csv,normal_amount,annual_direct,identity_q1_or_ytd_diff,
600015.XSHG,bank_indicator,2021-12-31,,2021,2022-04-30,normal_amount_ratio,95.13,bank_indicator.csv,normal_amount_ratio,annual_direct,identity_q1_or_ytd_diff,
600015.XSHG,bank_indicator,2021-12-31,,2021,2022-04-30,concerned_amount,68529000000.0,bank_indicator.csv,concerned_amount,annual_direct,identity_q1_or_ytd_diff,
600015.XSHG,bank_indicator,2021-12-31,,2021,2022-04-30,concerned_amount_ratio,3.1,bank_indicator.csv,concerned_amount_ratio,annual_direct,identity_q1_or_ytd_diff,
600015.XSHG,bank_indicator,2021-12-31,,2021,2022-04-30,secondary_amount,14169000000.0,bank_indicator.csv,secondary_amount,annual_direct,identity_q1_or_ytd_diff,
600015.XSHG,bank_indicator,2021-12-31,,2021,2022-04-30,secondary_amount_ratio,0.64,bank_indicator.csv,secondary_amount_ratio,annual_direct,identity_q1_or_ytd_diff,
600015.XSHG,bank_indicator,2021-12-31,,2021,2022-04-30,suspicious_amount,13278000000.0,bank_indicator.csv,suspicious_amount,annual_direct,identity_q1_or_ytd_diff,
600015.XSHG,bank_indicator,2021-12-31,,2021,2022-04-30,suspicious_amount_ratio,0.6,bank_indicator.csv,suspicious_amount_ratio,annual_direct,identity_q1_or_ytd_diff,
600015.XSHG,bank_indicator,2021-12-31,,2021,2022-04-30,loss_amount,11626000000.0,bank_indicator.csv,loss_amount,annual_direct,identity_q1_or_ytd_diff,
600015.XSHG,bank_indicator,2021-12-31,,2021,2022-04-30,loss_amount_ratio,0.53,bank_indicator.csv,loss_amount_ratio,annual_direct,identity_q1_or_ytd_diff,
600015.XSHG,bank_indicator,2021-12-31,,2021,2022-04-30,short_term_loan_average_balance,727376000000.0,bank_indicator.csv,short_term_loan_average_balance,annual_direct,identity_q1_or_ytd_diff,
600015.XSHG,bank_indicator,2021-12-31,,2021,2022-04-30,short_term_loan_annualized_average_interest_rate,4.8,bank_indicator.csv,short_term_loan_annualized_average_interest_rate,annual_direct,identity_q1_or_ytd_diff,
600015.XSHG,bank_indicator,2021-12-31,,2021,2022-04-30,mid_term_loan_annualized_average_balance,1392758000000.0,bank_indicator.csv,mid_term_loan_annualized_average_balance,annual_direct,identity_q1_or_ytd_diff,
600015.XSHG,bank_indicator,2021-12-31,,2021,2022-04-30,mid_term_loan_annualized_average_interest_rate,5.3,bank_indicator.csv,mid_term_loan_annualized_average_interest_rate,annual_direct,identity_q1_or_ytd_diff,
600015.XSHG,bank_indicator,2021-12-31,,2021,2022-04-30,enterprise_deposits_average_balance,1467291000000.0,bank_indicator.csv,enterprise_deposits_average_balance,annual_direct,identity_q1_or_ytd_diff,
600015.XSHG,bank_indicator,2021-12-31,,2021,2022-04-30,enterprise_deposits_average_interest_rate,,bank_indicator.csv,enterprise_deposits_average_interest_rate,,identity_q1_or_ytd_diff,missing_raw_value
600015.XSHG,bank_indicator,2021-12-31,,2021,2022-04-30,savings_deposit_average_balance,364018000000.0,bank_indicator.csv,savings_deposit_average_balance,annual_direct,identity_q1_or_ytd_diff,
600015.XSHG,bank_indicator,2021-12-31,,2021,2022-04-30,savings_deposit_average_interest_rate,,bank_indicator.csv,savings_deposit_average_interest_rate,,identity_q1_or_ytd_diff,missing_raw_value
600015.XSHG,bank_indicator,2022-12-31,,2022,2023-04-28,total_loan,2272973000000.0,bank_indicator.csv,total_loan,annual_direct,identity_q1_or_ytd_diff,
600015.XSHG,bank_indicator,2022-12-31,,2022,2023-04-28,total_deposit,2094669000000.0,bank_indicator.csv,total_deposit,annual_direct,identity_q1_or_ytd_diff,
600015.XSHG,bank_indicator,2022-12-31,,2022,2023-04-28,interest_earning_assets,3535358000000.0,bank_indicator.csv,interest_earning_assets,annual_direct,identity_q1_or_ytd_diff,
600015.XSHG,bank_indicator,2022-12-31,,2022,2023-04-28,non_interest_earning_assets,364809000000.0,bank_indicator.csv,non_interest_earning_assets,annual_direct,identity_q1_or_ytd_diff,
600015.XSHG,bank_indicator,2022-12-31,,2022,2023-04-28,interest_earning_assets_yield,4.28,bank_indicator.csv,interest_earning_assets_yield,annual_direct,identity_q1_or_ytd_diff,
600015.XSHG,bank_indicator,2022-12-31,,2022,2023-04-28,interest_bearing_liabilities,3489750000000.0,bank_indicator.csv,interest_bearing_liabilities,annual_direct,identity_q1_or_ytd_diff,
600015.XSHG,bank_indicator,2022-12-31,,2022,2023-04-28,non_interest_bearing_liabilities,87095000000.0,bank_indicator.csv,non_interest_bearing_liabilities,annual_direct,identity_q1_or_ytd_diff,
600015.XSHG,bank_indicator,2022-12-31,,2022,2023-04-28,interest_bearing_liabilities_interest_rate,2.21,bank_indicator.csv,interest_bearing_liabilities_interest_rate,annual_direct,identity_q1_or_ytd_diff,
600015.XSHG,bank_indicator,2022-12-31,,2022,2023-04-28,non_interest_income,19515000000.0,bank_indicator.csv,non_interest_income,annual_direct,identity_q1_or_ytd_diff,
600015.XSHG,bank_indicator,2022-12-31,,2022,2023-04-28,non_interest_income_ratio,20.8031,bank_indicator.csv,non_interest_income_ratio,annual_direct,identity_q1_or_ytd_diff,
600015.XSHG,bank_indicator,2022-12-31,,2022,2023-04-28,net_interest_margin,2.1,bank_indicator.csv,net_interest_margin,annual_direct,identity_q1_or_ytd_diff,
600015.XSHG,bank_indicator,2022-12-31,,2022,2023-04-28,net_profit_margin,2.07,bank_indicator.csv,net_profit_margin,annual_direct,identity_q1_or_ytd_diff,
600015.XSHG,bank_indicator,2022-12-31,,2022,2023-04-28,core_level_capital,,bank_indicator.csv,core_level_capital,,identity_q1_or_ytd_diff,missing_raw_value
600015.XSHG,bank_indicator,2022-12-31,,2022,2023-04-28,net_core_level_capital,262499000000.0,bank_indicator.csv,net_core_level_capital,annual_direct,identity_q1_or_ytd_diff,
600015.XSHG,bank_indicator,2022-12-31,,2022,2023-04-28,core_level_capital_adequacy_ratio,9.24,bank_indicator.csv,core_level_capital_adequacy_ratio,annual_direct,identity_q1_or_ytd_diff,
600015.XSHG,bank_indicator,2022-12-31,,2022,2023-04-28,net_level_1_capital,322724000000.0,bank_indicator.csv,net_level_1_capital,annual_direct,identity_q1_or_ytd_diff,
600015.XSHG,bank_indicator,2022-12-31,,2022,2023-04-28,level_1_capital_adequacy_ratio,11.36,bank_indicator.csv,level_1_capital_adequacy_ratio,annual_direct,identity_q1_or_ytd_diff,
600015.XSHG,bank_indicator,2022-12-31,,2022,2023-04-28,net_capital,377107000000.0,bank_indicator.csv,net_capital,annual_direct,identity_q1_or_ytd_diff,
600015.XSHG,bank_indicator,2022-12-31,,2022,2023-04-28,capital_adequacy_ratio,13.27,bank_indicator.csv,capital_adequacy_ratio,annual_direct,identity_q1_or_ytd_diff,
600015.XSHG,bank_indicator,2022-12-31,,2022,2023-04-28,weighted_risky_asset,2841800000000.0,bank_indicator.csv,weighted_risky_asset,annual_direct,identity_q1_or_ytd_diff,
600015.XSHG,bank_indicator,2022-12-31,,2022,2023-04-28,deposit_loan_ratio,93.35,bank_indicator.csv,deposit_loan_ratio,annual_direct,identity_q1_or_ytd_diff,
600015.XSHG,bank_indicator,2022-12-31,,2022,2023-04-28,short_term_asset_liquidity_ratio_CNY,65.49,bank_indicator.csv,short_term_asset_liquidity_ratio_CNY,annual_direct,identity_q1_or_ytd_diff,
600015.XSHG,bank_indicator,2022-12-31,,2022,2023-04-28,short_term_asset_liquidity_ratio_FC,,bank_indicator.csv,short_term_asset_liquidity_ratio_FC,,identity_q1_or_ytd_diff,missing_raw_value
600015.XSHG,bank_indicator,2022-12-31,,2022,2023-04-28,Nonperforming_loan_rate,1.75,bank_indicator.csv,Nonperforming_loan_rate,annual_direct,identity_q1_or_ytd_diff,
600015.XSHG,bank_indicator,2022-12-31,,2022,2023-04-28,single_largest_customer_loan_ratio,2.83,bank_indicator.csv,single_largest_customer_loan_ratio,annual_direct,identity_q1_or_ytd_diff,
600015.XSHG,bank_indicator,2022-12-31,,2022,2023-04-28,top_ten_customer_loan_ratio,14.31,bank_indicator.csv,top_ten_customer_loan_ratio,annual_direct,identity_q1_or_ytd_diff,
600015.XSHG,bank_indicator,2022-12-31,,2022,2023-04-28,bad_debts_reserve,63661000000.0,bank_indicator.csv,bad_debts_reserve,annual_direct,identity_q1_or_ytd_diff,
600015.XSHG,bank_indicator,2022-12-31,,2022,2023-04-28,non_performing_loan_provision_coverage,159.88,bank_indicator.csv,non_performing_loan_provision_coverage,annual_direct,identity_q1_or_ytd_diff,
600015.XSHG,bank_indicator,2022-12-31,,2022,2023-04-28,cost_to_income_ratio,30.13,bank_indicator.csv,cost_to_income_ratio,annual_direct,identity_q1_or_ytd_diff,
600015.XSHG,bank_indicator,2022-12-31,,2022,2023-04-28,former_core_capital,,bank_indicator.csv,former_core_capital,,identity_q1_or_ytd_diff,missing_raw_value
600015.XSHG,bank_indicator,2022-12-31,,2022,2023-04-28,former_net_core_capital,,bank_indicator.csv,former_net_core_capital,,identity_q1_or_ytd_diff,missing_raw_value
600015.XSHG,bank_indicator,2022-12-31,,2022,2023-04-28,former_net_core_capital_adequacy_ratio,,bank_indicator.csv,former_net_core_capital_adequacy_ratio,,identity_q1_or_ytd_diff,missing_raw_value
600015.XSHG,bank_indicator,2022-12-31,,2022,2023-04-28,former_net_capital,,bank_indicator.csv,former_net_capital,,identity_q1_or_ytd_diff,missing_raw_value
600015.XSHG,bank_indicator,2022-12-31,,2022,2023-04-28,former_capital_adequacy_ratio,,bank_indicator.csv,former_capital_adequacy_ratio,,identity_q1_or_ytd_diff,missing_raw_value
600015.XSHG,bank_indicator,2022-12-31,,2022,2023-04-28,former_weighted_risky_asset,,bank_indicator.csv,former_weighted_risky_asset,,identity_q1_or_ytd_diff,missing_raw_value
600015.XSHG,bank_indicator,2022-12-31,,2022,2023-04-28,normal_amount,2169826000000.0,bank_indicator.csv,normal_amount,annual_direct,identity_q1_or_ytd_diff,
600015.XSHG,bank_indicator,2022-12-31,,2022,2023-04-28,normal_amount_ratio,95.47,bank_indicator.csv,normal_amount_ratio,annual_direct,identity_q1_or_ytd_diff,
600015.XSHG,bank_indicator,2022-12-31,,2022,2023-04-28,concerned_amount,63277000000.0,bank_indicator.csv,concerned_amount,annual_direct,identity_q1_or_ytd_diff,
600015.XSHG,bank_indicator,2022-12-31,,2022,2023-04-28,concerned_amount_ratio,2.78,bank_indicator.csv,concerned_amount_ratio,annual_direct,identity_q1_or_ytd_diff,
600015.XSHG,bank_indicator,2022-12-31,,2022,2023-04-28,secondary_amount,17348000000.0,bank_indicator.csv,secondary_amount,annual_direct,identity_q1_or_ytd_diff,
600015.XSHG,bank_indicator,2022-12-31,,2022,2023-04-28,secondary_amount_ratio,0.76,bank_indicator.csv,secondary_amount_ratio,annual_direct,identity_q1_or_ytd_diff,
600015.XSHG,bank_indicator,2022-12-31,,2022,2023-04-28,suspicious_amount,10916000000.0,bank_indicator.csv,suspicious_amount,annual_direct,identity_q1_or_ytd_diff,
600015.XSHG,bank_indicator,2022-12-31,,2022,2023-04-28,suspicious_amount_ratio,0.48,bank_indicator.csv,suspicious_amount_ratio,annual_direct,identity_q1_or_ytd_diff,
600015.XSHG,bank_indicator,2022-12-31,,2022,2023-04-28,loss_amount,11606000000.0,bank_indicator.csv,loss_amount,annual_direct,identity_q1_or_ytd_diff,
600015.XSHG,bank_indicator,2022-12-31,,2022,2023-04-28,loss_amount_ratio,0.51,bank_indicator.csv,loss_amount_ratio,annual_direct,identity_q1_or_ytd_diff,
600015.XSHG,bank_indicator,2022-12-31,,2022,2023-04-28,short_term_loan_average_balance,777299000000.0,bank_indicator.csv,short_term_loan_average_balance,annual_direct,identity_q1_or_ytd_diff,
600015.XSHG,bank_indicator,2022-12-31,,2022,2023-04-28,short_term_loan_annualized_average_interest_rate,4.44,bank_indicator.csv,short_term_loan_annualized_average_interest_rate,annual_direct,identity_q1_or_ytd_diff,
600015.XSHG,bank_indicator,2022-12-31,,2022,2023-04-28,mid_term_loan_annualized_average_balance,1446155000000.0,bank_indicator.csv,mid_term_loan_annualized_average_balance,annual_direct,identity_q1_or_ytd_diff,
600015.XSHG,bank_indicator,2022-12-31,,2022,2023-04-28,mid_term_loan_annualized_average_interest_rate,5.07,bank_indicator.csv,mid_term_loan_annualized_average_interest_rate,annual_direct,identity_q1_or_ytd_diff,
600015.XSHG,bank_indicator,2022-12-31,,2022,2023-04-28,enterprise_deposits_average_balance,1595273000000.0,bank_indicator.csv,enterprise_deposits_average_balance,annual_direct,identity_q1_or_ytd_diff,
600015.XSHG,bank_indicator,2022-12-31,,2022,2023-04-28,enterprise_deposits_average_interest_rate,,bank_indicator.csv,enterprise_deposits_average_interest_rate,,identity_q1_or_ytd_diff,missing_raw_value
600015.XSHG,bank_indicator,2022-12-31,,2022,2023-04-28,savings_deposit_average_balance,434062000000.0,bank_indicator.csv,savings_deposit_average_balance,annual_direct,identity_q1_or_ytd_diff,
600015.XSHG,bank_indicator,2022-12-31,,2022,2023-04-28,savings_deposit_average_interest_rate,,bank_indicator.csv,savings_deposit_average_interest_rate,,identity_q1_or_ytd_diff,missing_raw_value
600015.XSHG,bank_indicator,2023-12-31,,2023,2024-04-30,total_loan,2309583000000.0,bank_indicator.csv,total_loan,annual_direct,identity_q1_or_ytd_diff,
600015.XSHG,bank_indicator,2023-12-31,,2023,2024-04-30,total_deposit,2129945000000.0,bank_indicator.csv,total_deposit,annual_direct,identity_q1_or_ytd_diff,
600015.XSHG,bank_indicator,2023-12-31,,2023,2024-04-30,interest_earning_assets,3875501000000.0,bank_indicator.csv,interest_earning_assets,annual_direct,identity_q1_or_ytd_diff,
600015.XSHG,bank_indicator,2023-12-31,,2023,2024-04-30,non_interest_earning_assets,379265000000.0,bank_indicator.csv,non_interest_earning_assets,annual_direct,identity_q1_or_ytd_diff,
600015.XSHG,bank_indicator,2023-12-31,,2023,2024-04-30,interest_earning_assets_yield,4.02,bank_indicator.csv,interest_earning_assets_yield,annual_direct,identity_q1_or_ytd_diff,
600015.XSHG,bank_indicator,2023-12-31,,2023,2024-04-30,interest_bearing_liabilities,3788722000000.0,bank_indicator.csv,interest_bearing_liabilities,annual_direct,identity_q1_or_ytd_diff,
600015.XSHG,bank_indicator,2023-12-31,,2023,2024-04-30,non_interest_bearing_liabilities,144282000000.0,bank_indicator.csv,non_interest_bearing_liabilities,annual_direct,identity_q1_or_ytd_diff,
600015.XSHG,bank_indicator,2023-12-31,,2023,2024-04-30,interest_bearing_liabilities_interest_rate,2.25,bank_indicator.csv,interest_bearing_liabilities_interest_rate,annual_direct,identity_q1_or_ytd_diff,
600015.XSHG,bank_indicator,2023-12-31,,2023,2024-04-30,non_interest_income,22765000000.0,bank_indicator.csv,non_interest_income,annual_direct,identity_q1_or_ytd_diff,
600015.XSHG,bank_indicator,2023-12-31,,2023,2024-04-30,non_interest_income_ratio,24.4241,bank_indicator.csv,non_interest_income_ratio,annual_direct,identity_q1_or_ytd_diff,
600015.XSHG,bank_indicator,2023-12-31,,2023,2024-04-30,net_interest_margin,1.82,bank_indicator.csv,net_interest_margin,annual_direct,identity_q1_or_ytd_diff,
600015.XSHG,bank_indicator,2023-12-31,,2023,2024-04-30,net_profit_margin,1.77,bank_indicator.csv,net_profit_margin,annual_direct,identity_q1_or_ytd_diff,
600015.XSHG,bank_indicator,2023-12-31,,2023,2024-04-30,core_level_capital,,bank_indicator.csv,core_level_capital,,identity_q1_or_ytd_diff,missing_raw_value
600015.XSHG,bank_indicator,2023-12-31,,2023,2024-04-30,net_core_level_capital,280828000000.0,bank_indicator.csv,net_core_level_capital,annual_direct,identity_q1_or_ytd_diff,
600015.XSHG,bank_indicator,2023-12-31,,2023,2024-04-30,core_level_capital_adequacy_ratio,9.16,bank_indicator.csv,core_level_capital_adequacy_ratio,annual_direct,identity_q1_or_ytd_diff,
600015.XSHG,bank_indicator,2023-12-31,,2023,2024-04-30,net_level_1_capital,321128000000.0,bank_indicator.csv,net_level_1_capital,annual_direct,identity_q1_or_ytd_diff,
600015.XSHG,bank_indicator,2023-12-31,,2023,2024-04-30,level_1_capital_adequacy_ratio,10.48,bank_indicator.csv,level_1_capital_adequacy_ratio,annual_direct,identity_q1_or_ytd_diff,
600015.XSHG,bank_indicator,2023-12-31,,2023,2024-04-30,net_capital,374867000000.0,bank_indicator.csv,net_capital,annual_direct,identity_q1_or_ytd_diff,
600015.XSHG,bank_indicator,2023-12-31,,2023,2024-04-30,capital_adequacy_ratio,12.23,bank_indicator.csv,capital_adequacy_ratio,annual_direct,identity_q1_or_ytd_diff,
600015.XSHG,bank_indicator,2023-12-31,,2023,2024-04-30,weighted_risky_asset,3065277000000.0,bank_indicator.csv,weighted_risky_asset,annual_direct,identity_q1_or_ytd_diff,
600015.XSHG,bank_indicator,2023-12-31,,2023,2024-04-30,deposit_loan_ratio,89.24,bank_indicator.csv,deposit_loan_ratio,annual_direct,identity_q1_or_ytd_diff,
600015.XSHG,bank_indicator,2023-12-31,,2023,2024-04-30,short_term_asset_liquidity_ratio_CNY,68.72,bank_indicator.csv,short_term_asset_liquidity_ratio_CNY,annual_direct,identity_q1_or_ytd_diff,
600015.XSHG,bank_indicator,2023-12-31,,2023,2024-04-30,short_term_asset_liquidity_ratio_FC,162.92,bank_indicator.csv,short_term_asset_liquidity_ratio_FC,annual_direct,identity_q1_or_ytd_diff,
600015.XSHG,bank_indicator,2023-12-31,,2023,2024-04-30,Nonperforming_loan_rate,1.67,bank_indicator.csv,Nonperforming_loan_rate,annual_direct,identity_q1_or_ytd_diff,
600015.XSHG,bank_indicator,2023-12-31,,2023,2024-04-30,single_largest_customer_loan_ratio,2.8,bank_indicator.csv,single_largest_customer_loan_ratio,annual_direct,identity_q1_or_ytd_diff,
600015.XSHG,bank_indicator,2023-12-31,,2023,2024-04-30,top_ten_customer_loan_ratio,14.12,bank_indicator.csv,top_ten_customer_loan_ratio,annual_direct,identity_q1_or_ytd_diff,
600015.XSHG,bank_indicator,2023-12-31,,2023,2024-04-30,bad_debts_reserve,61587000000.0,bank_indicator.csv,bad_debts_reserve,annual_direct,identity_q1_or_ytd_diff,
600015.XSHG,bank_indicator,2023-12-31,,2023,2024-04-30,non_performing_loan_provision_coverage,160.06,bank_indicator.csv,non_performing_loan_provision_coverage,annual_direct,identity_q1_or_ytd_diff,
600015.XSHG,bank_indicator,2023-12-31,,2023,2024-04-30,cost_to_income_ratio,31.37,bank_indicator.csv,cost_to_income_ratio,annual_direct,identity_q1_or_ytd_diff,
600015.XSHG,bank_indicator,2023-12-31,,2023,2024-04-30,former_core_capital,,bank_indicator.csv,former_core_capital,,identity_q1_or_ytd_diff,missing_raw_value
600015.XSHG,bank_indicator,2023-12-31,,2023,2024-04-30,former_net_core_capital,,bank_indicator.csv,former_net_core_capital,,identity_q1_or_ytd_diff,missing_raw_value
600015.XSHG,bank_indicator,2023-12-31,,2023,2024-04-30,former_net_core_capital_adequacy_ratio,,bank_indicator.csv,former_net_core_capital_adequacy_ratio,,identity_q1_or_ytd_diff,missing_raw_value
600015.XSHG,bank_indicator,2023-12-31,,2023,2024-04-30,former_net_capital,,bank_indicator.csv,former_net_capital,,identity_q1_or_ytd_diff,missing_raw_value
600015.XSHG,bank_indicator,2023-12-31,,2023,2024-04-30,former_capital_adequacy_ratio,,bank_indicator.csv,former_capital_adequacy_ratio,,identity_q1_or_ytd_diff,missing_raw_value
600015.XSHG,bank_indicator,2023-12-31,,2023,2024-04-30,former_weighted_risky_asset,,bank_indicator.csv,former_weighted_risky_asset,,identity_q1_or_ytd_diff,missing_raw_value
600015.XSHG,bank_indicator,2023-12-31,,2023,2024-04-30,normal_amount,2207847000000.0,bank_indicator.csv,normal_amount,annual_direct,identity_q1_or_ytd_diff,
600015.XSHG,bank_indicator,2023-12-31,,2023,2024-04-30,normal_amount_ratio,95.59,bank_indicator.csv,normal_amount_ratio,annual_direct,identity_q1_or_ytd_diff,
600015.XSHG,bank_indicator,2023-12-31,,2023,2024-04-30,concerned_amount,63231000000.0,bank_indicator.csv,concerned_amount,annual_direct,identity_q1_or_ytd_diff,
600015.XSHG,bank_indicator,2023-12-31,,2023,2024-04-30,concerned_amount_ratio,2.74,bank_indicator.csv,concerned_amount_ratio,annual_direct,identity_q1_or_ytd_diff,
600015.XSHG,bank_indicator,2023-12-31,,2023,2024-04-30,secondary_amount,16580000000.0,bank_indicator.csv,secondary_amount,annual_direct,identity_q1_or_ytd_diff,
600015.XSHG,bank_indicator,2023-12-31,,2023,2024-04-30,secondary_amount_ratio,0.72,bank_indicator.csv,secondary_amount_ratio,annual_direct,identity_q1_or_ytd_diff,
600015.XSHG,bank_indicator,2023-12-31,,2023,2024-04-30,suspicious_amount,10937000000.0,bank_indicator.csv,suspicious_amount,annual_direct,identity_q1_or_ytd_diff,
600015.XSHG,bank_indicator,2023-12-31,,2023,2024-04-30,suspicious_amount_ratio,0.47,bank_indicator.csv,suspicious_amount_ratio,annual_direct,identity_q1_or_ytd_diff,
600015.XSHG,bank_indicator,2023-12-31,,2023,2024-04-30,loss_amount,10988000000.0,bank_indicator.csv,loss_amount,annual_direct,identity_q1_or_ytd_diff,
600015.XSHG,bank_indicator,2023-12-31,,2023,2024-04-30,loss_amount_ratio,0.48,bank_indicator.csv,loss_amount_ratio,annual_direct,identity_q1_or_ytd_diff,
600015.XSHG,bank_indicator,2023-12-31,,2023,2024-04-30,short_term_loan_average_balance,765179000000.0,bank_indicator.csv,short_term_loan_average_balance,annual_direct,identity_q1_or_ytd_diff,
600015.XSHG,bank_indicator,2023-12-31,,2023,2024-04-30,short_term_loan_annualized_average_interest_rate,4.87,bank_indicator.csv,short_term_loan_annualized_average_interest_rate,annual_direct,identity_q1_or_ytd_diff,
600015.XSHG,bank_indicator,2023-12-31,,2023,2024-04-30,mid_term_loan_annualized_average_balance,1505933000000.0,bank_indicator.csv,mid_term_loan_annualized_average_balance,annual_direct,identity_q1_or_ytd_diff,
600015.XSHG,bank_indicator,2023-12-31,,2023,2024-04-30,mid_term_loan_annualized_average_interest_rate,4.67,bank_indicator.csv,mid_term_loan_annualized_average_interest_rate,annual_direct,identity_q1_or_ytd_diff,
600015.XSHG,bank_indicator,2023-12-31,,2023,2024-04-30,enterprise_deposits_average_balance,1567734000000.0,bank_indicator.csv,enterprise_deposits_average_balance,annual_direct,identity_q1_or_ytd_diff,
600015.XSHG,bank_indicator,2023-12-31,,2023,2024-04-30,enterprise_deposits_average_interest_rate,,bank_indicator.csv,enterprise_deposits_average_interest_rate,,identity_q1_or_ytd_diff,missing_raw_value
600015.XSHG,bank_indicator,2023-12-31,,2023,2024-04-30,savings_deposit_average_balance,506247000000.0,bank_indicator.csv,savings_deposit_average_balance,annual_direct,identity_q1_or_ytd_diff,
600015.XSHG,bank_indicator,2023-12-31,,2023,2024-04-30,savings_deposit_average_interest_rate,,bank_indicator.csv,savings_deposit_average_interest_rate,,identity_q1_or_ytd_diff,missing_raw_value
600015.XSHG,bank_indicator,2024-12-31,,2024,,total_loan,,,total_loan,,identity_q1_or_ytd_diff,provider_unavailable_annual_bank_indicator
600015.XSHG,bank_indicator,2024-12-31,,2024,,total_deposit,,,total_deposit,,identity_q1_or_ytd_diff,provider_unavailable_annual_bank_indicator
600015.XSHG,bank_indicator,2024-12-31,,2024,,interest_earning_assets,,,interest_earning_assets,,identity_q1_or_ytd_diff,provider_unavailable_annual_bank_indicator
600015.XSHG,bank_indicator,2024-12-31,,2024,,non_interest_earning_assets,,,non_interest_earning_assets,,identity_q1_or_ytd_diff,provider_unavailable_annual_bank_indicator
600015.XSHG,bank_indicator,2024-12-31,,2024,,interest_earning_assets_yield,,,interest_earning_assets_yield,,identity_q1_or_ytd_diff,provider_unavailable_annual_bank_indicator
600015.XSHG,bank_indicator,2024-12-31,,2024,,interest_bearing_liabilities,,,interest_bearing_liabilities,,identity_q1_or_ytd_diff,provider_unavailable_annual_bank_indicator
600015.XSHG,bank_indicator,2024-12-31,,2024,,non_interest_bearing_liabilities,,,non_interest_bearing_liabilities,,identity_q1_or_ytd_diff,provider_unavailable_annual_bank_indicator
600015.XSHG,bank_indicator,2024-12-31,,2024,,interest_bearing_liabilities_interest_rate,,,interest_bearing_liabilities_interest_rate,,identity_q1_or_ytd_diff,provider_unavailable_annual_bank_indicator
600015.XSHG,bank_indicator,2024-12-31,,2024,,non_interest_income,,,non_interest_income,,identity_q1_or_ytd_diff,provider_unavailable_annual_bank_indicator
600015.XSHG,bank_indicator,2024-12-31,,2024,,non_interest_income_ratio,,,non_interest_income_ratio,,identity_q1_or_ytd_diff,provider_unavailable_annual_bank_indicator
600015.XSHG,bank_indicator,2024-12-31,,2024,,net_interest_margin,,,net_interest_margin,,identity_q1_or_ytd_diff,provider_unavailable_annual_bank_indicator
600015.XSHG,bank_indicator,2024-12-31,,2024,,net_profit_margin,,,net_profit_margin,,identity_q1_or_ytd_diff,provider_unavailable_annual_bank_indicator
600015.XSHG,bank_indicator,2024-12-31,,2024,,core_level_capital,,,core_level_capital,,identity_q1_or_ytd_diff,provider_unavailable_annual_bank_indicator
600015.XSHG,bank_indicator,2024-12-31,,2024,,net_core_level_capital,,,net_core_level_capital,,identity_q1_or_ytd_diff,provider_unavailable_annual_bank_indicator
600015.XSHG,bank_indicator,2024-12-31,,2024,,core_level_capital_adequacy_ratio,,,core_level_capital_adequacy_ratio,,identity_q1_or_ytd_diff,provider_unavailable_annual_bank_indicator
600015.XSHG,bank_indicator,2024-12-31,,2024,,net_level_1_capital,,,net_level_1_capital,,identity_q1_or_ytd_diff,provider_unavailable_annual_bank_indicator
600015.XSHG,bank_indicator,2024-12-31,,2024,,level_1_capital_adequacy_ratio,,,level_1_capital_adequacy_ratio,,identity_q1_or_ytd_diff,provider_unavailable_annual_bank_indicator
600015.XSHG,bank_indicator,2024-12-31,,2024,,net_capital,,,net_capital,,identity_q1_or_ytd_diff,provider_unavailable_annual_bank_indicator
600015.XSHG,bank_indicator,2024-12-31,,2024,,capital_adequacy_ratio,,,capital_adequacy_ratio,,identity_q1_or_ytd_diff,provider_unavailable_annual_bank_indicator
600015.XSHG,bank_indicator,2024-12-31,,2024,,weighted_risky_asset,,,weighted_risky_asset,,identity_q1_or_ytd_diff,provider_unavailable_annual_bank_indicator
600015.XSHG,bank_indicator,2024-12-31,,2024,,deposit_loan_ratio,,,deposit_loan_ratio,,identity_q1_or_ytd_diff,provider_unavailable_annual_bank_indicator
600015.XSHG,bank_indicator,2024-12-31,,2024,,short_term_asset_liquidity_ratio_CNY,,,short_term_asset_liquidity_ratio_CNY,,identity_q1_or_ytd_diff,provider_unavailable_annual_bank_indicator
600015.XSHG,bank_indicator,2024-12-31,,2024,,short_term_asset_liquidity_ratio_FC,,,short_term_asset_liquidity_ratio_FC,,identity_q1_or_ytd_diff,provider_unavailable_annual_bank_indicator
600015.XSHG,bank_indicator,2024-12-31,,2024,,Nonperforming_loan_rate,,,Nonperforming_loan_rate,,identity_q1_or_ytd_diff,provider_unavailable_annual_bank_indicator
600015.XSHG,bank_indicator,2024-12-31,,2024,,single_largest_customer_loan_ratio,,,single_largest_customer_loan_ratio,,identity_q1_or_ytd_diff,provider_unavailable_annual_bank_indicator
600015.XSHG,bank_indicator,2024-12-31,,2024,,top_ten_customer_loan_ratio,,,top_ten_customer_loan_ratio,,identity_q1_or_ytd_diff,provider_unavailable_annual_bank_indicator
600015.XSHG,bank_indicator,2024-12-31,,2024,,bad_debts_reserve,,,bad_debts_reserve,,identity_q1_or_ytd_diff,provider_unavailable_annual_bank_indicator
600015.XSHG,bank_indicator,2024-12-31,,2024,,non_performing_loan_provision_coverage,,,non_performing_loan_provision_coverage,,identity_q1_or_ytd_diff,provider_unavailable_annual_bank_indicator
600015.XSHG,bank_indicator,2024-12-31,,2024,,cost_to_income_ratio,,,cost_to_income_ratio,,identity_q1_or_ytd_diff,provider_unavailable_annual_bank_indicator
600015.XSHG,bank_indicator,2024-12-31,,2024,,former_core_capital,,,former_core_capital,,identity_q1_or_ytd_diff,provider_unavailable_annual_bank_indicator
600015.XSHG,bank_indicator,2024-12-31,,2024,,former_net_core_capital,,,former_net_core_capital,,identity_q1_or_ytd_diff,provider_unavailable_annual_bank_indicator
600015.XSHG,bank_indicator,2024-12-31,,2024,,former_net_core_capital_adequacy_ratio,,,former_net_core_capital_adequacy_ratio,,identity_q1_or_ytd_diff,provider_unavailable_annual_bank_indicator
600015.XSHG,bank_indicator,2024-12-31,,2024,,former_net_capital,,,former_net_capital,,identity_q1_or_ytd_diff,provider_unavailable_annual_bank_indicator
600015.XSHG,bank_indicator,2024-12-31,,2024,,former_capital_adequacy_ratio,,,former_capital_adequacy_ratio,,identity_q1_or_ytd_diff,provider_unavailable_annual_bank_indicator
600015.XSHG,bank_indicator,2024-12-31,,2024,,former_weighted_risky_asset,,,former_weighted_risky_asset,,identity_q1_or_ytd_diff,provider_unavailable_annual_bank_indicator
600015.XSHG,bank_indicator,2024-12-31,,2024,,normal_amount,,,normal_amount,,identity_q1_or_ytd_diff,provider_unavailable_annual_bank_indicator
600015.XSHG,bank_indicator,2024-12-31,,2024,,normal_amount_ratio,,,normal_amount_ratio,,identity_q1_or_ytd_diff,provider_unavailable_annual_bank_indicator
600015.XSHG,bank_indicator,2024-12-31,,2024,,concerned_amount,,,concerned_amount,,identity_q1_or_ytd_diff,provider_unavailable_annual_bank_indicator
600015.XSHG,bank_indicator,2024-12-31,,2024,,concerned_amount_ratio,,,concerned_amount_ratio,,identity_q1_or_ytd_diff,provider_unavailable_annual_bank_indicator
600015.XSHG,bank_indicator,2024-12-31,,2024,,secondary_amount,,,secondary_amount,,identity_q1_or_ytd_diff,provider_unavailable_annual_bank_indicator
600015.XSHG,bank_indicator,2024-12-31,,2024,,secondary_amount_ratio,,,secondary_amount_ratio,,identity_q1_or_ytd_diff,provider_unavailable_annual_bank_indicator
600015.XSHG,bank_indicator,2024-12-31,,2024,,suspicious_amount,,,suspicious_amount,,identity_q1_or_ytd_diff,provider_unavailable_annual_bank_indicator
600015.XSHG,bank_indicator,2024-12-31,,2024,,suspicious_amount_ratio,,,suspicious_amount_ratio,,identity_q1_or_ytd_diff,provider_unavailable_annual_bank_indicator
600015.XSHG,bank_indicator,2024-12-31,,2024,,loss_amount,,,loss_amount,,identity_q1_or_ytd_diff,provider_unavailable_annual_bank_indicator
600015.XSHG,bank_indicator,2024-12-31,,2024,,loss_amount_ratio,,,loss_amount_ratio,,identity_q1_or_ytd_diff,provider_unavailable_annual_bank_indicator
600015.XSHG,bank_indicator,2024-12-31,,2024,,short_term_loan_average_balance,,,short_term_loan_average_balance,,identity_q1_or_ytd_diff,provider_unavailable_annual_bank_indicator
600015.XSHG,bank_indicator,2024-12-31,,2024,,short_term_loan_annualized_average_interest_rate,,,short_term_loan_annualized_average_interest_rate,,identity_q1_or_ytd_diff,provider_unavailable_annual_bank_indicator
600015.XSHG,bank_indicator,2024-12-31,,2024,,mid_term_loan_annualized_average_balance,,,mid_term_loan_annualized_average_balance,,identity_q1_or_ytd_diff,provider_unavailable_annual_bank_indicator
600015.XSHG,bank_indicator,2024-12-31,,2024,,mid_term_loan_annualized_average_interest_rate,,,mid_term_loan_annualized_average_interest_rate,,identity_q1_or_ytd_diff,provider_unavailable_annual_bank_indicator
600015.XSHG,bank_indicator,2024-12-31,,2024,,enterprise_deposits_average_balance,,,enterprise_deposits_average_balance,,identity_q1_or_ytd_diff,provider_unavailable_annual_bank_indicator
600015.XSHG,bank_indicator,2024-12-31,,2024,,enterprise_deposits_average_interest_rate,,,enterprise_deposits_average_interest_rate,,identity_q1_or_ytd_diff,provider_unavailable_annual_bank_indicator
600015.XSHG,bank_indicator,2024-12-31,,2024,,savings_deposit_average_balance,,,savings_deposit_average_balance,,identity_q1_or_ytd_diff,provider_unavailable_annual_bank_indicator
600015.XSHG,bank_indicator,2024-12-31,,2024,,savings_deposit_average_interest_rate,,,savings_deposit_average_interest_rate,,identity_q1_or_ytd_diff,provider_unavailable_annual_bank_indicator
600015.XSHG,bank_indicator,2025-12-31,,2025,,total_loan,,,total_loan,,identity_q1_or_ytd_diff,provider_unavailable_annual_bank_indicator
600015.XSHG,bank_indicator,2025-12-31,,2025,,total_deposit,,,total_deposit,,identity_q1_or_ytd_diff,provider_unavailable_annual_bank_indicator
600015.XSHG,bank_indicator,2025-12-31,,2025,,interest_earning_assets,,,interest_earning_assets,,identity_q1_or_ytd_diff,provider_unavailable_annual_bank_indicator
600015.XSHG,bank_indicator,2025-12-31,,2025,,non_interest_earning_assets,,,non_interest_earning_assets,,identity_q1_or_ytd_diff,provider_unavailable_annual_bank_indicator
600015.XSHG,bank_indicator,2025-12-31,,2025,,interest_earning_assets_yield,,,interest_earning_assets_yield,,identity_q1_or_ytd_diff,provider_unavailable_annual_bank_indicator
600015.XSHG,bank_indicator,2025-12-31,,2025,,interest_bearing_liabilities,,,interest_bearing_liabilities,,identity_q1_or_ytd_diff,provider_unavailable_annual_bank_indicator
600015.XSHG,bank_indicator,2025-12-31,,2025,,non_interest_bearing_liabilities,,,non_interest_bearing_liabilities,,identity_q1_or_ytd_diff,provider_unavailable_annual_bank_indicator
600015.XSHG,bank_indicator,2025-12-31,,2025,,interest_bearing_liabilities_interest_rate,,,interest_bearing_liabilities_interest_rate,,identity_q1_or_ytd_diff,provider_unavailable_annual_bank_indicator
600015.XSHG,bank_indicator,2025-12-31,,2025,,non_interest_income,,,non_interest_income,,identity_q1_or_ytd_diff,provider_unavailable_annual_bank_indicator
600015.XSHG,bank_indicator,2025-12-31,,2025,,non_interest_income_ratio,,,non_interest_income_ratio,,identity_q1_or_ytd_diff,provider_unavailable_annual_bank_indicator
600015.XSHG,bank_indicator,2025-12-31,,2025,,net_interest_margin,,,net_interest_margin,,identity_q1_or_ytd_diff,provider_unavailable_annual_bank_indicator
600015.XSHG,bank_indicator,2025-12-31,,2025,,net_profit_margin,,,net_profit_margin,,identity_q1_or_ytd_diff,provider_unavailable_annual_bank_indicator
600015.XSHG,bank_indicator,2025-12-31,,2025,,core_level_capital,,,core_level_capital,,identity_q1_or_ytd_diff,provider_unavailable_annual_bank_indicator
600015.XSHG,bank_indicator,2025-12-31,,2025,,net_core_level_capital,,,net_core_level_capital,,identity_q1_or_ytd_diff,provider_unavailable_annual_bank_indicator
600015.XSHG,bank_indicator,2025-12-31,,2025,,core_level_capital_adequacy_ratio,,,core_level_capital_adequacy_ratio,,identity_q1_or_ytd_diff,provider_unavailable_annual_bank_indicator
600015.XSHG,bank_indicator,2025-12-31,,2025,,net_level_1_capital,,,net_level_1_capital,,identity_q1_or_ytd_diff,provider_unavailable_annual_bank_indicator
600015.XSHG,bank_indicator,2025-12-31,,2025,,level_1_capital_adequacy_ratio,,,level_1_capital_adequacy_ratio,,identity_q1_or_ytd_diff,provider_unavailable_annual_bank_indicator
600015.XSHG,bank_indicator,2025-12-31,,2025,,net_capital,,,net_capital,,identity_q1_or_ytd_diff,provider_unavailable_annual_bank_indicator
600015.XSHG,bank_indicator,2025-12-31,,2025,,capital_adequacy_ratio,,,capital_adequacy_ratio,,identity_q1_or_ytd_diff,provider_unavailable_annual_bank_indicator
600015.XSHG,bank_indicator,2025-12-31,,2025,,weighted_risky_asset,,,weighted_risky_asset,,identity_q1_or_ytd_diff,provider_unavailable_annual_bank_indicator
600015.XSHG,bank_indicator,2025-12-31,,2025,,deposit_loan_ratio,,,deposit_loan_ratio,,identity_q1_or_ytd_diff,provider_unavailable_annual_bank_indicator
600015.XSHG,bank_indicator,2025-12-31,,2025,,short_term_asset_liquidity_ratio_CNY,,,short_term_asset_liquidity_ratio_CNY,,identity_q1_or_ytd_diff,provider_unavailable_annual_bank_indicator
600015.XSHG,bank_indicator,2025-12-31,,2025,,short_term_asset_liquidity_ratio_FC,,,short_term_asset_liquidity_ratio_FC,,identity_q1_or_ytd_diff,provider_unavailable_annual_bank_indicator
600015.XSHG,bank_indicator,2025-12-31,,2025,,Nonperforming_loan_rate,,,Nonperforming_loan_rate,,identity_q1_or_ytd_diff,provider_unavailable_annual_bank_indicator
600015.XSHG,bank_indicator,2025-12-31,,2025,,single_largest_customer_loan_ratio,,,single_largest_customer_loan_ratio,,identity_q1_or_ytd_diff,provider_unavailable_annual_bank_indicator
600015.XSHG,bank_indicator,2025-12-31,,2025,,top_ten_customer_loan_ratio,,,top_ten_customer_loan_ratio,,identity_q1_or_ytd_diff,provider_unavailable_annual_bank_indicator
600015.XSHG,bank_indicator,2025-12-31,,2025,,bad_debts_reserve,,,bad_debts_reserve,,identity_q1_or_ytd_diff,provider_unavailable_annual_bank_indicator
600015.XSHG,bank_indicator,2025-12-31,,2025,,non_performing_loan_provision_coverage,,,non_performing_loan_provision_coverage,,identity_q1_or_ytd_diff,provider_unavailable_annual_bank_indicator
600015.XSHG,bank_indicator,2025-12-31,,2025,,cost_to_income_ratio,,,cost_to_income_ratio,,identity_q1_or_ytd_diff,provider_unavailable_annual_bank_indicator
600015.XSHG,bank_indicator,2025-12-31,,2025,,former_core_capital,,,former_core_capital,,identity_q1_or_ytd_diff,provider_unavailable_annual_bank_indicator
600015.XSHG,bank_indicator,2025-12-31,,2025,,former_net_core_capital,,,former_net_core_capital,,identity_q1_or_ytd_diff,provider_unavailable_annual_bank_indicator
600015.XSHG,bank_indicator,2025-12-31,,2025,,former_net_core_capital_adequacy_ratio,,,former_net_core_capital_adequacy_ratio,,identity_q1_or_ytd_diff,provider_unavailable_annual_bank_indicator
600015.XSHG,bank_indicator,2025-12-31,,2025,,former_net_capital,,,former_net_capital,,identity_q1_or_ytd_diff,provider_unavailable_annual_bank_indicator
600015.XSHG,bank_indicator,2025-12-31,,2025,,former_capital_adequacy_ratio,,,former_capital_adequacy_ratio,,identity_q1_or_ytd_diff,provider_unavailable_annual_bank_indicator
600015.XSHG,bank_indicator,2025-12-31,,2025,,former_weighted_risky_asset,,,former_weighted_risky_asset,,identity_q1_or_ytd_diff,provider_unavailable_annual_bank_indicator
600015.XSHG,bank_indicator,2025-12-31,,2025,,normal_amount,,,normal_amount,,identity_q1_or_ytd_diff,provider_unavailable_annual_bank_indicator
600015.XSHG,bank_indicator,2025-12-31,,2025,,normal_amount_ratio,,,normal_amount_ratio,,identity_q1_or_ytd_diff,provider_unavailable_annual_bank_indicator
600015.XSHG,bank_indicator,2025-12-31,,2025,,concerned_amount,,,concerned_amount,,identity_q1_or_ytd_diff,provider_unavailable_annual_bank_indicator
600015.XSHG,bank_indicator,2025-12-31,,2025,,concerned_amount_ratio,,,concerned_amount_ratio,,identity_q1_or_ytd_diff,provider_unavailable_annual_bank_indicator
600015.XSHG,bank_indicator,2025-12-31,,2025,,secondary_amount,,,secondary_amount,,identity_q1_or_ytd_diff,provider_unavailable_annual_bank_indicator
600015.XSHG,bank_indicator,2025-12-31,,2025,,secondary_amount_ratio,,,secondary_amount_ratio,,identity_q1_or_ytd_diff,provider_unavailable_annual_bank_indicator
600015.XSHG,bank_indicator,2025-12-31,,2025,,suspicious_amount,,,suspicious_amount,,identity_q1_or_ytd_diff,provider_unavailable_annual_bank_indicator
600015.XSHG,bank_indicator,2025-12-31,,2025,,suspicious_amount_ratio,,,suspicious_amount_ratio,,identity_q1_or_ytd_diff,provider_unavailable_annual_bank_indicator
600015.XSHG,bank_indicator,2025-12-31,,2025,,loss_amount,,,loss_amount,,identity_q1_or_ytd_diff,provider_unavailable_annual_bank_indicator
600015.XSHG,bank_indicator,2025-12-31,,2025,,loss_amount_ratio,,,loss_amount_ratio,,identity_q1_or_ytd_diff,provider_unavailable_annual_bank_indicator
600015.XSHG,bank_indicator,2025-12-31,,2025,,short_term_loan_average_balance,,,short_term_loan_average_balance,,identity_q1_or_ytd_diff,provider_unavailable_annual_bank_indicator
600015.XSHG,bank_indicator,2025-12-31,,2025,,short_term_loan_annualized_average_interest_rate,,,short_term_loan_annualized_average_interest_rate,,identity_q1_or_ytd_diff,provider_unavailable_annual_bank_indicator
600015.XSHG,bank_indicator,2025-12-31,,2025,,mid_term_loan_annualized_average_balance,,,mid_term_loan_annualized_average_balance,,identity_q1_or_ytd_diff,provider_unavailable_annual_bank_indicator
600015.XSHG,bank_indicator,2025-12-31,,2025,,mid_term_loan_annualized_average_interest_rate,,,mid_term_loan_annualized_average_interest_rate,,identity_q1_or_ytd_diff,provider_unavailable_annual_bank_indicator
600015.XSHG,bank_indicator,2025-12-31,,2025,,enterprise_deposits_average_balance,,,enterprise_deposits_average_balance,,identity_q1_or_ytd_diff,provider_unavailable_annual_bank_indicator
600015.XSHG,bank_indicator,2025-12-31,,2025,,enterprise_deposits_average_interest_rate,,,enterprise_deposits_average_interest_rate,,identity_q1_or_ytd_diff,provider_unavailable_annual_bank_indicator
600015.XSHG,bank_indicator,2025-12-31,,2025,,savings_deposit_average_balance,,,savings_deposit_average_balance,,identity_q1_or_ytd_diff,provider_unavailable_annual_bank_indicator
600015.XSHG,bank_indicator,2025-12-31,,2025,,savings_deposit_average_interest_rate,,,savings_deposit_average_interest_rate,,identity_q1_or_ytd_diff,provider_unavailable_annual_bank_indicator
600015.XSHG,bank_indicator,2026-12-31,,2026,,total_loan,,,total_loan,,identity_q1_or_ytd_diff,provider_unavailable_annual_bank_indicator
600015.XSHG,bank_indicator,2026-12-31,,2026,,total_deposit,,,total_deposit,,identity_q1_or_ytd_diff,provider_unavailable_annual_bank_indicator
600015.XSHG,bank_indicator,2026-12-31,,2026,,interest_earning_assets,,,interest_earning_assets,,identity_q1_or_ytd_diff,provider_unavailable_annual_bank_indicator
600015.XSHG,bank_indicator,2026-12-31,,2026,,non_interest_earning_assets,,,non_interest_earning_assets,,identity_q1_or_ytd_diff,provider_unavailable_annual_bank_indicator
600015.XSHG,bank_indicator,2026-12-31,,2026,,interest_earning_assets_yield,,,interest_earning_assets_yield,,identity_q1_or_ytd_diff,provider_unavailable_annual_bank_indicator
600015.XSHG,bank_indicator,2026-12-31,,2026,,interest_bearing_liabilities,,,interest_bearing_liabilities,,identity_q1_or_ytd_diff,provider_unavailable_annual_bank_indicator
600015.XSHG,bank_indicator,2026-12-31,,2026,,non_interest_bearing_liabilities,,,non_interest_bearing_liabilities,,identity_q1_or_ytd_diff,provider_unavailable_annual_bank_indicator
600015.XSHG,bank_indicator,2026-12-31,,2026,,interest_bearing_liabilities_interest_rate,,,interest_bearing_liabilities_interest_rate,,identity_q1_or_ytd_diff,provider_unavailable_annual_bank_indicator
600015.XSHG,bank_indicator,2026-12-31,,2026,,non_interest_income,,,non_interest_income,,identity_q1_or_ytd_diff,provider_unavailable_annual_bank_indicator
600015.XSHG,bank_indicator,2026-12-31,,2026,,non_interest_income_ratio,,,non_interest_income_ratio,,identity_q1_or_ytd_diff,provider_unavailable_annual_bank_indicator
600015.XSHG,bank_indicator,2026-12-31,,2026,,net_interest_margin,,,net_interest_margin,,identity_q1_or_ytd_diff,provider_unavailable_annual_bank_indicator
600015.XSHG,bank_indicator,2026-12-31,,2026,,net_profit_margin,,,net_profit_margin,,identity_q1_or_ytd_diff,provider_unavailable_annual_bank_indicator
600015.XSHG,bank_indicator,2026-12-31,,2026,,core_level_capital,,,core_level_capital,,identity_q1_or_ytd_diff,provider_unavailable_annual_bank_indicator
600015.XSHG,bank_indicator,2026-12-31,,2026,,net_core_level_capital,,,net_core_level_capital,,identity_q1_or_ytd_diff,provider_unavailable_annual_bank_indicator
600015.XSHG,bank_indicator,2026-12-31,,2026,,core_level_capital_adequacy_ratio,,,core_level_capital_adequacy_ratio,,identity_q1_or_ytd_diff,provider_unavailable_annual_bank_indicator
600015.XSHG,bank_indicator,2026-12-31,,2026,,net_level_1_capital,,,net_level_1_capital,,identity_q1_or_ytd_diff,provider_unavailable_annual_bank_indicator
600015.XSHG,bank_indicator,2026-12-31,,2026,,level_1_capital_adequacy_ratio,,,level_1_capital_adequacy_ratio,,identity_q1_or_ytd_diff,provider_unavailable_annual_bank_indicator
600015.XSHG,bank_indicator,2026-12-31,,2026,,net_capital,,,net_capital,,identity_q1_or_ytd_diff,provider_unavailable_annual_bank_indicator
600015.XSHG,bank_indicator,2026-12-31,,2026,,capital_adequacy_ratio,,,capital_adequacy_ratio,,identity_q1_or_ytd_diff,provider_unavailable_annual_bank_indicator
600015.XSHG,bank_indicator,2026-12-31,,2026,,weighted_risky_asset,,,weighted_risky_asset,,identity_q1_or_ytd_diff,provider_unavailable_annual_bank_indicator
600015.XSHG,bank_indicator,2026-12-31,,2026,,deposit_loan_ratio,,,deposit_loan_ratio,,identity_q1_or_ytd_diff,provider_unavailable_annual_bank_indicator
600015.XSHG,bank_indicator,2026-12-31,,2026,,short_term_asset_liquidity_ratio_CNY,,,short_term_asset_liquidity_ratio_CNY,,identity_q1_or_ytd_diff,provider_unavailable_annual_bank_indicator
600015.XSHG,bank_indicator,2026-12-31,,2026,,short_term_asset_liquidity_ratio_FC,,,short_term_asset_liquidity_ratio_FC,,identity_q1_or_ytd_diff,provider_unavailable_annual_bank_indicator
600015.XSHG,bank_indicator,2026-12-31,,2026,,Nonperforming_loan_rate,,,Nonperforming_loan_rate,,identity_q1_or_ytd_diff,provider_unavailable_annual_bank_indicator
600015.XSHG,bank_indicator,2026-12-31,,2026,,single_largest_customer_loan_ratio,,,single_largest_customer_loan_ratio,,identity_q1_or_ytd_diff,provider_unavailable_annual_bank_indicator
600015.XSHG,bank_indicator,2026-12-31,,2026,,top_ten_customer_loan_ratio,,,top_ten_customer_loan_ratio,,identity_q1_or_ytd_diff,provider_unavailable_annual_bank_indicator
600015.XSHG,bank_indicator,2026-12-31,,2026,,bad_debts_reserve,,,bad_debts_reserve,,identity_q1_or_ytd_diff,provider_unavailable_annual_bank_indicator
600015.XSHG,bank_indicator,2026-12-31,,2026,,non_performing_loan_provision_coverage,,,non_performing_loan_provision_coverage,,identity_q1_or_ytd_diff,provider_unavailable_annual_bank_indicator
600015.XSHG,bank_indicator,2026-12-31,,2026,,cost_to_income_ratio,,,cost_to_income_ratio,,identity_q1_or_ytd_diff,provider_unavailable_annual_bank_indicator
600015.XSHG,bank_indicator,2026-12-31,,2026,,former_core_capital,,,former_core_capital,,identity_q1_or_ytd_diff,provider_unavailable_annual_bank_indicator
600015.XSHG,bank_indicator,2026-12-31,,2026,,former_net_core_capital,,,former_net_core_capital,,identity_q1_or_ytd_diff,provider_unavailable_annual_bank_indicator
600015.XSHG,bank_indicator,2026-12-31,,2026,,former_net_core_capital_adequacy_ratio,,,former_net_core_capital_adequacy_ratio,,identity_q1_or_ytd_diff,provider_unavailable_annual_bank_indicator
600015.XSHG,bank_indicator,2026-12-31,,2026,,former_net_capital,,,former_net_capital,,identity_q1_or_ytd_diff,provider_unavailable_annual_bank_indicator
600015.XSHG,bank_indicator,2026-12-31,,2026,,former_capital_adequacy_ratio,,,former_capital_adequacy_ratio,,identity_q1_or_ytd_diff,provider_unavailable_annual_bank_indicator
600015.XSHG,bank_indicator,2026-12-31,,2026,,former_weighted_risky_asset,,,former_weighted_risky_asset,,identity_q1_or_ytd_diff,provider_unavailable_annual_bank_indicator
600015.XSHG,bank_indicator,2026-12-31,,2026,,normal_amount,,,normal_amount,,identity_q1_or_ytd_diff,provider_unavailable_annual_bank_indicator
600015.XSHG,bank_indicator,2026-12-31,,2026,,normal_amount_ratio,,,normal_amount_ratio,,identity_q1_or_ytd_diff,provider_unavailable_annual_bank_indicator
600015.XSHG,bank_indicator,2026-12-31,,2026,,concerned_amount,,,concerned_amount,,identity_q1_or_ytd_diff,provider_unavailable_annual_bank_indicator
600015.XSHG,bank_indicator,2026-12-31,,2026,,concerned_amount_ratio,,,concerned_amount_ratio,,identity_q1_or_ytd_diff,provider_unavailable_annual_bank_indicator
600015.XSHG,bank_indicator,2026-12-31,,2026,,secondary_amount,,,secondary_amount,,identity_q1_or_ytd_diff,provider_unavailable_annual_bank_indicator
600015.XSHG,bank_indicator,2026-12-31,,2026,,secondary_amount_ratio,,,secondary_amount_ratio,,identity_q1_or_ytd_diff,provider_unavailable_annual_bank_indicator
600015.XSHG,bank_indicator,2026-12-31,,2026,,suspicious_amount,,,suspicious_amount,,identity_q1_or_ytd_diff,provider_unavailable_annual_bank_indicator
600015.XSHG,bank_indicator,2026-12-31,,2026,,suspicious_amount_ratio,,,suspicious_amount_ratio,,identity_q1_or_ytd_diff,provider_unavailable_annual_bank_indicator
600015.XSHG,bank_indicator,2026-12-31,,2026,,loss_amount,,,loss_amount,,identity_q1_or_ytd_diff,provider_unavailable_annual_bank_indicator
600015.XSHG,bank_indicator,2026-12-31,,2026,,loss_amount_ratio,,,loss_amount_ratio,,identity_q1_or_ytd_diff,provider_unavailable_annual_bank_indicator
600015.XSHG,bank_indicator,2026-12-31,,2026,,short_term_loan_average_balance,,,short_term_loan_average_balance,,identity_q1_or_ytd_diff,provider_unavailable_annual_bank_indicator
600015.XSHG,bank_indicator,2026-12-31,,2026,,short_term_loan_annualized_average_interest_rate,,,short_term_loan_annualized_average_interest_rate,,identity_q1_or_ytd_diff,provider_unavailable_annual_bank_indicator
600015.XSHG,bank_indicator,2026-12-31,,2026,,mid_term_loan_annualized_average_balance,,,mid_term_loan_annualized_average_balance,,identity_q1_or_ytd_diff,provider_unavailable_annual_bank_indicator
600015.XSHG,bank_indicator,2026-12-31,,2026,,mid_term_loan_annualized_average_interest_rate,,,mid_term_loan_annualized_average_interest_rate,,identity_q1_or_ytd_diff,provider_unavailable_annual_bank_indicator
600015.XSHG,bank_indicator,2026-12-31,,2026,,enterprise_deposits_average_balance,,,enterprise_deposits_average_balance,,identity_q1_or_ytd_diff,provider_unavailable_annual_bank_indicator
600015.XSHG,bank_indicator,2026-12-31,,2026,,enterprise_deposits_average_interest_rate,,,enterprise_deposits_average_interest_rate,,identity_q1_or_ytd_diff,provider_unavailable_annual_bank_indicator
600015.XSHG,bank_indicator,2026-12-31,,2026,,savings_deposit_average_balance,,,savings_deposit_average_balance,,identity_q1_or_ytd_diff,provider_unavailable_annual_bank_indicator
600015.XSHG,bank_indicator,2026-12-31,,2026,,savings_deposit_average_interest_rate,,,savings_deposit_average_interest_rate,,identity_q1_or_ytd_diff,provider_unavailable_annual_bank_indicator
