code,statement_family,report_period_end,quarter_key,year_key,standard_field_name,source_table,source_field,raw_primary_value,raw_fallback_value,raw_value_used,prior_cumulative_value_used,transformation_rule,conversion_success,missing_reason
601169.XSHG,bank_indicator,2014-12-31,,2014,total_loan,bank_indicator.csv,total_loan,675288000000.0,675288000000.0,675288000000.0,,identity_q1_or_ytd_diff,True,
601169.XSHG,bank_indicator,2014-12-31,,2014,total_deposit,bank_indicator.csv,total_deposit,922813000000.0,922813000000.0,922813000000.0,,identity_q1_or_ytd_diff,True,
601169.XSHG,bank_indicator,2014-12-31,,2014,interest_earning_assets,bank_indicator.csv,interest_earning_assets,1406335000000.0,1406335000000.0,1406335000000.0,,identity_q1_or_ytd_diff,True,
601169.XSHG,bank_indicator,2014-12-31,,2014,non_interest_earning_assets,bank_indicator.csv,non_interest_earning_assets,118102000000.0,118102000000.0,118102000000.0,,identity_q1_or_ytd_diff,True,
601169.XSHG,bank_indicator,2014-12-31,,2014,interest_earning_assets_yield,bank_indicator.csv,interest_earning_assets_yield,5.21,5.21,5.21,,identity_q1_or_ytd_diff,True,
601169.XSHG,bank_indicator,2014-12-31,,2014,interest_bearing_liabilities,bank_indicator.csv,interest_bearing_liabilities,1304464000000.0,1304464000000.0,1304464000000.0,,identity_q1_or_ytd_diff,True,
601169.XSHG,bank_indicator,2014-12-31,,2014,non_interest_bearing_liabilities,bank_indicator.csv,non_interest_bearing_liabilities,123829000000.0,123829000000.0,123829000000.0,,identity_q1_or_ytd_diff,True,
601169.XSHG,bank_indicator,2014-12-31,,2014,interest_bearing_liabilities_interest_rate,bank_indicator.csv,interest_bearing_liabilities_interest_rate,3.22,3.22,3.22,,identity_q1_or_ytd_diff,True,
601169.XSHG,bank_indicator,2014-12-31,,2014,non_interest_income,bank_indicator.csv,non_interest_income,5593000000.0,5593000000.0,5593000000.0,,identity_q1_or_ytd_diff,True,
601169.XSHG,bank_indicator,2014-12-31,,2014,non_interest_income_ratio,bank_indicator.csv,non_interest_income_ratio,15.1662,15.1662,15.1662,,identity_q1_or_ytd_diff,True,
601169.XSHG,bank_indicator,2014-12-31,,2014,net_interest_margin,bank_indicator.csv,net_interest_margin,2.4206,2.4206,2.4206,,identity_q1_or_ytd_diff,True,
601169.XSHG,bank_indicator,2014-12-31,,2014,net_profit_margin,bank_indicator.csv,net_profit_margin,2.1656,2.1656,2.1656,,identity_q1_or_ytd_diff,True,
601169.XSHG,bank_indicator,2014-12-31,,2014,core_level_capital,bank_indicator.csv,core_level_capital,96057000000.0,96057000000.0,96057000000.0,,identity_q1_or_ytd_diff,True,
601169.XSHG,bank_indicator,2014-12-31,,2014,net_core_level_capital,bank_indicator.csv,net_core_level_capital,96050000000.0,96050000000.0,96050000000.0,,identity_q1_or_ytd_diff,True,
601169.XSHG,bank_indicator,2014-12-31,,2014,core_level_capital_adequacy_ratio,bank_indicator.csv,core_level_capital_adequacy_ratio,9.16,9.16,9.16,,identity_q1_or_ytd_diff,True,
601169.XSHG,bank_indicator,2014-12-31,,2014,net_level_1_capital,bank_indicator.csv,net_level_1_capital,96054000000.0,96054000000.0,96054000000.0,,identity_q1_or_ytd_diff,True,
601169.XSHG,bank_indicator,2014-12-31,,2014,level_1_capital_adequacy_ratio,bank_indicator.csv,level_1_capital_adequacy_ratio,9.16,9.16,9.16,,identity_q1_or_ytd_diff,True,
601169.XSHG,bank_indicator,2014-12-31,,2014,net_capital,bank_indicator.csv,net_capital,116190000000.0,116190000000.0,116190000000.0,,identity_q1_or_ytd_diff,True,
601169.XSHG,bank_indicator,2014-12-31,,2014,capital_adequacy_ratio,bank_indicator.csv,capital_adequacy_ratio,11.08,11.08,11.08,,identity_q1_or_ytd_diff,True,
601169.XSHG,bank_indicator,2014-12-31,,2014,weighted_risky_asset,bank_indicator.csv,weighted_risky_asset,1048272000000.0,1048272000000.0,1048272000000.0,,identity_q1_or_ytd_diff,True,
601169.XSHG,bank_indicator,2014-12-31,,2014,deposit_loan_ratio,bank_indicator.csv,deposit_loan_ratio,71.41,71.41,71.41,,identity_q1_or_ytd_diff,True,
601169.XSHG,bank_indicator,2014-12-31,,2014,short_term_asset_liquidity_ratio_CNY,bank_indicator.csv,short_term_asset_liquidity_ratio_CNY,33.46,33.46,33.46,,identity_q1_or_ytd_diff,True,
601169.XSHG,bank_indicator,2014-12-31,,2014,short_term_asset_liquidity_ratio_FC,bank_indicator.csv,short_term_asset_liquidity_ratio_FC,,,,,identity_q1_or_ytd_diff,False,missing_raw_value
601169.XSHG,bank_indicator,2014-12-31,,2014,Nonperforming_loan_rate,bank_indicator.csv,Nonperforming_loan_rate,0.86,0.86,0.86,,identity_q1_or_ytd_diff,True,
601169.XSHG,bank_indicator,2014-12-31,,2014,single_largest_customer_loan_ratio,bank_indicator.csv,single_largest_customer_loan_ratio,5.77,5.77,5.77,,identity_q1_or_ytd_diff,True,
601169.XSHG,bank_indicator,2014-12-31,,2014,top_ten_customer_loan_ratio,bank_indicator.csv,top_ten_customer_loan_ratio,28.43,28.43,28.43,,identity_q1_or_ytd_diff,True,
601169.XSHG,bank_indicator,2014-12-31,,2014,bad_debts_reserve,bank_indicator.csv,bad_debts_reserve,20570000000.0,20570000000.0,20570000000.0,,identity_q1_or_ytd_diff,True,
601169.XSHG,bank_indicator,2014-12-31,,2014,non_performing_loan_provision_coverage,bank_indicator.csv,non_performing_loan_provision_coverage,324.22,324.22,324.22,,identity_q1_or_ytd_diff,True,
601169.XSHG,bank_indicator,2014-12-31,,2014,cost_to_income_ratio,bank_indicator.csv,cost_to_income_ratio,24.65,24.65,24.65,,identity_q1_or_ytd_diff,True,
601169.XSHG,bank_indicator,2014-12-31,,2014,former_core_capital,bank_indicator.csv,former_core_capital,,,,,identity_q1_or_ytd_diff,False,missing_raw_value
601169.XSHG,bank_indicator,2014-12-31,,2014,former_net_core_capital,bank_indicator.csv,former_net_core_capital,,,,,identity_q1_or_ytd_diff,False,missing_raw_value
601169.XSHG,bank_indicator,2014-12-31,,2014,former_net_core_capital_adequacy_ratio,bank_indicator.csv,former_net_core_capital_adequacy_ratio,9.83,9.83,9.83,,identity_q1_or_ytd_diff,True,
601169.XSHG,bank_indicator,2014-12-31,,2014,former_net_capital,bank_indicator.csv,former_net_capital,,,,,identity_q1_or_ytd_diff,False,missing_raw_value
601169.XSHG,bank_indicator,2014-12-31,,2014,former_capital_adequacy_ratio,bank_indicator.csv,former_capital_adequacy_ratio,11.4,11.4,11.4,,identity_q1_or_ytd_diff,True,
601169.XSHG,bank_indicator,2014-12-31,,2014,former_weighted_risky_asset,bank_indicator.csv,former_weighted_risky_asset,,,,,identity_q1_or_ytd_diff,False,missing_raw_value
601169.XSHG,bank_indicator,2014-12-31,,2014,normal_amount,bank_indicator.csv,normal_amount,649280000000.0,649280000000.0,649280000000.0,,identity_q1_or_ytd_diff,True,
601169.XSHG,bank_indicator,2014-12-31,,2014,normal_amount_ratio,bank_indicator.csv,normal_amount_ratio,97.82,97.82,97.82,,identity_q1_or_ytd_diff,True,
601169.XSHG,bank_indicator,2014-12-31,,2014,concerned_amount,bank_indicator.csv,concerned_amount,8718000000.0,8718000000.0,8718000000.0,,identity_q1_or_ytd_diff,True,
601169.XSHG,bank_indicator,2014-12-31,,2014,concerned_amount_ratio,bank_indicator.csv,concerned_amount_ratio,1.31,1.31,1.31,,identity_q1_or_ytd_diff,True,
601169.XSHG,bank_indicator,2014-12-31,,2014,secondary_amount,bank_indicator.csv,secondary_amount,1500000000.0,1500000000.0,1500000000.0,,identity_q1_or_ytd_diff,True,
601169.XSHG,bank_indicator,2014-12-31,,2014,secondary_amount_ratio,bank_indicator.csv,secondary_amount_ratio,0.23,0.23,0.23,,identity_q1_or_ytd_diff,True,
601169.XSHG,bank_indicator,2014-12-31,,2014,suspicious_amount,bank_indicator.csv,suspicious_amount,1073000000.0,1073000000.0,1073000000.0,,identity_q1_or_ytd_diff,True,
601169.XSHG,bank_indicator,2014-12-31,,2014,suspicious_amount_ratio,bank_indicator.csv,suspicious_amount_ratio,0.16,0.16,0.16,,identity_q1_or_ytd_diff,True,
601169.XSHG,bank_indicator,2014-12-31,,2014,loss_amount,bank_indicator.csv,loss_amount,3210000000.0,3210000000.0,3210000000.0,,identity_q1_or_ytd_diff,True,
601169.XSHG,bank_indicator,2014-12-31,,2014,loss_amount_ratio,bank_indicator.csv,loss_amount_ratio,0.48,0.48,0.48,,identity_q1_or_ytd_diff,True,
601169.XSHG,bank_indicator,2014-12-31,,2014,short_term_loan_average_balance,bank_indicator.csv,short_term_loan_average_balance,,,,,identity_q1_or_ytd_diff,False,missing_raw_value
601169.XSHG,bank_indicator,2014-12-31,,2014,short_term_loan_annualized_average_interest_rate,bank_indicator.csv,short_term_loan_annualized_average_interest_rate,,,,,identity_q1_or_ytd_diff,False,missing_raw_value
601169.XSHG,bank_indicator,2014-12-31,,2014,mid_term_loan_annualized_average_balance,bank_indicator.csv,mid_term_loan_annualized_average_balance,,,,,identity_q1_or_ytd_diff,False,missing_raw_value
601169.XSHG,bank_indicator,2014-12-31,,2014,mid_term_loan_annualized_average_interest_rate,bank_indicator.csv,mid_term_loan_annualized_average_interest_rate,,,,,identity_q1_or_ytd_diff,False,missing_raw_value
601169.XSHG,bank_indicator,2014-12-31,,2014,enterprise_deposits_average_balance,bank_indicator.csv,enterprise_deposits_average_balance,,,,,identity_q1_or_ytd_diff,False,missing_raw_value
601169.XSHG,bank_indicator,2014-12-31,,2014,enterprise_deposits_average_interest_rate,bank_indicator.csv,enterprise_deposits_average_interest_rate,,,,,identity_q1_or_ytd_diff,False,missing_raw_value
601169.XSHG,bank_indicator,2014-12-31,,2014,savings_deposit_average_balance,bank_indicator.csv,savings_deposit_average_balance,,,,,identity_q1_or_ytd_diff,False,missing_raw_value
601169.XSHG,bank_indicator,2014-12-31,,2014,savings_deposit_average_interest_rate,bank_indicator.csv,savings_deposit_average_interest_rate,,,,,identity_q1_or_ytd_diff,False,missing_raw_value
601169.XSHG,bank_indicator,2015-12-31,,2015,total_loan,bank_indicator.csv,total_loan,775390000000.0,775390000000.0,775390000000.0,,identity_q1_or_ytd_diff,True,
601169.XSHG,bank_indicator,2015-12-31,,2015,total_deposit,bank_indicator.csv,total_deposit,1022300000000.0,1022300000000.0,1022300000000.0,,identity_q1_or_ytd_diff,True,
601169.XSHG,bank_indicator,2015-12-31,,2015,interest_earning_assets,bank_indicator.csv,interest_earning_assets,1684134000000.0,1684134000000.0,1684134000000.0,,identity_q1_or_ytd_diff,True,
601169.XSHG,bank_indicator,2015-12-31,,2015,non_interest_earning_assets,bank_indicator.csv,non_interest_earning_assets,160775000000.0,160775000000.0,160775000000.0,,identity_q1_or_ytd_diff,True,
601169.XSHG,bank_indicator,2015-12-31,,2015,interest_earning_assets_yield,bank_indicator.csv,interest_earning_assets_yield,4.7,4.7,4.7,,identity_q1_or_ytd_diff,True,
601169.XSHG,bank_indicator,2015-12-31,,2015,interest_bearing_liabilities,bank_indicator.csv,interest_bearing_liabilities,1575552000000.0,1575552000000.0,1575552000000.0,,identity_q1_or_ytd_diff,True,
601169.XSHG,bank_indicator,2015-12-31,,2015,non_interest_bearing_liabilities,bank_indicator.csv,non_interest_bearing_liabilities,152543000000.0,152543000000.0,152543000000.0,,identity_q1_or_ytd_diff,True,
601169.XSHG,bank_indicator,2015-12-31,,2015,interest_bearing_liabilities_interest_rate,bank_indicator.csv,interest_bearing_liabilities_interest_rate,2.75,2.75,2.75,,identity_q1_or_ytd_diff,True,
601169.XSHG,bank_indicator,2015-12-31,,2015,non_interest_income,bank_indicator.csv,non_interest_income,8296000000.0,8296000000.0,8296000000.0,,identity_q1_or_ytd_diff,True,
601169.XSHG,bank_indicator,2015-12-31,,2015,non_interest_income_ratio,bank_indicator.csv,non_interest_income_ratio,18.8199,18.8199,18.8199,,identity_q1_or_ytd_diff,True,
601169.XSHG,bank_indicator,2015-12-31,,2015,net_interest_margin,bank_indicator.csv,net_interest_margin,2.3158,2.3158,2.3158,,identity_q1_or_ytd_diff,True,
601169.XSHG,bank_indicator,2015-12-31,,2015,net_profit_margin,bank_indicator.csv,net_profit_margin,2.1109,2.1109,2.1109,,identity_q1_or_ytd_diff,True,
601169.XSHG,bank_indicator,2015-12-31,,2015,core_level_capital,bank_indicator.csv,core_level_capital,111820000000.0,111820000000.0,111820000000.0,,identity_q1_or_ytd_diff,True,
601169.XSHG,bank_indicator,2015-12-31,,2015,net_core_level_capital,bank_indicator.csv,net_core_level_capital,111813000000.0,111813000000.0,111813000000.0,,identity_q1_or_ytd_diff,True,
601169.XSHG,bank_indicator,2015-12-31,,2015,core_level_capital_adequacy_ratio,bank_indicator.csv,core_level_capital_adequacy_ratio,8.76,8.76,8.76,,identity_q1_or_ytd_diff,True,
601169.XSHG,bank_indicator,2015-12-31,,2015,net_level_1_capital,bank_indicator.csv,net_level_1_capital,116692000000.0,116692000000.0,116692000000.0,,identity_q1_or_ytd_diff,True,
601169.XSHG,bank_indicator,2015-12-31,,2015,level_1_capital_adequacy_ratio,bank_indicator.csv,level_1_capital_adequacy_ratio,9.14,9.14,9.14,,identity_q1_or_ytd_diff,True,
601169.XSHG,bank_indicator,2015-12-31,,2015,net_capital,bank_indicator.csv,net_capital,156522000000.0,156522000000.0,156522000000.0,,identity_q1_or_ytd_diff,True,
601169.XSHG,bank_indicator,2015-12-31,,2015,capital_adequacy_ratio,bank_indicator.csv,capital_adequacy_ratio,12.27,12.27,12.27,,identity_q1_or_ytd_diff,True,
601169.XSHG,bank_indicator,2015-12-31,,2015,weighted_risky_asset,bank_indicator.csv,weighted_risky_asset,1276034000000.0,1276034000000.0,1276034000000.0,,identity_q1_or_ytd_diff,True,
601169.XSHG,bank_indicator,2015-12-31,,2015,deposit_loan_ratio,bank_indicator.csv,deposit_loan_ratio,75.8476,75.8476,75.8476,,identity_q1_or_ytd_diff,True,
601169.XSHG,bank_indicator,2015-12-31,,2015,short_term_asset_liquidity_ratio_CNY,bank_indicator.csv,short_term_asset_liquidity_ratio_CNY,34.76,34.76,34.76,,identity_q1_or_ytd_diff,True,
601169.XSHG,bank_indicator,2015-12-31,,2015,short_term_asset_liquidity_ratio_FC,bank_indicator.csv,short_term_asset_liquidity_ratio_FC,,,,,identity_q1_or_ytd_diff,False,missing_raw_value
601169.XSHG,bank_indicator,2015-12-31,,2015,Nonperforming_loan_rate,bank_indicator.csv,Nonperforming_loan_rate,1.12,1.12,1.12,,identity_q1_or_ytd_diff,True,
601169.XSHG,bank_indicator,2015-12-31,,2015,single_largest_customer_loan_ratio,bank_indicator.csv,single_largest_customer_loan_ratio,5.1,5.1,5.1,,identity_q1_or_ytd_diff,True,
601169.XSHG,bank_indicator,2015-12-31,,2015,top_ten_customer_loan_ratio,bank_indicator.csv,top_ten_customer_loan_ratio,22.28,22.28,22.28,,identity_q1_or_ytd_diff,True,
601169.XSHG,bank_indicator,2015-12-31,,2015,bad_debts_reserve,bank_indicator.csv,bad_debts_reserve,27473000000.0,27473000000.0,27473000000.0,,identity_q1_or_ytd_diff,True,
601169.XSHG,bank_indicator,2015-12-31,,2015,non_performing_loan_provision_coverage,bank_indicator.csv,non_performing_loan_provision_coverage,278.39,278.39,278.39,,identity_q1_or_ytd_diff,True,
601169.XSHG,bank_indicator,2015-12-31,,2015,cost_to_income_ratio,bank_indicator.csv,cost_to_income_ratio,24.99,24.99,24.99,,identity_q1_or_ytd_diff,True,
601169.XSHG,bank_indicator,2015-12-31,,2015,former_core_capital,bank_indicator.csv,former_core_capital,,,,,identity_q1_or_ytd_diff,False,missing_raw_value
601169.XSHG,bank_indicator,2015-12-31,,2015,former_net_core_capital,bank_indicator.csv,former_net_core_capital,,,,,identity_q1_or_ytd_diff,False,missing_raw_value
601169.XSHG,bank_indicator,2015-12-31,,2015,former_net_core_capital_adequacy_ratio,bank_indicator.csv,former_net_core_capital_adequacy_ratio,,,,,identity_q1_or_ytd_diff,False,missing_raw_value
601169.XSHG,bank_indicator,2015-12-31,,2015,former_net_capital,bank_indicator.csv,former_net_capital,,,,,identity_q1_or_ytd_diff,False,missing_raw_value
601169.XSHG,bank_indicator,2015-12-31,,2015,former_capital_adequacy_ratio,bank_indicator.csv,former_capital_adequacy_ratio,,,,,identity_q1_or_ytd_diff,False,missing_raw_value
601169.XSHG,bank_indicator,2015-12-31,,2015,former_weighted_risky_asset,bank_indicator.csv,former_weighted_risky_asset,,,,,identity_q1_or_ytd_diff,False,missing_raw_value
601169.XSHG,bank_indicator,2015-12-31,,2015,normal_amount,bank_indicator.csv,normal_amount,758582000000.0,758582000000.0,758582000000.0,,identity_q1_or_ytd_diff,True,
601169.XSHG,bank_indicator,2015-12-31,,2015,normal_amount_ratio,bank_indicator.csv,normal_amount_ratio,97.83,97.83,97.83,,identity_q1_or_ytd_diff,True,
601169.XSHG,bank_indicator,2015-12-31,,2015,concerned_amount,bank_indicator.csv,concerned_amount,8153000000.0,8153000000.0,8153000000.0,,identity_q1_or_ytd_diff,True,
601169.XSHG,bank_indicator,2015-12-31,,2015,concerned_amount_ratio,bank_indicator.csv,concerned_amount_ratio,1.05,1.05,1.05,,identity_q1_or_ytd_diff,True,
601169.XSHG,bank_indicator,2015-12-31,,2015,secondary_amount,bank_indicator.csv,secondary_amount,3166000000.0,3166000000.0,3166000000.0,,identity_q1_or_ytd_diff,True,
601169.XSHG,bank_indicator,2015-12-31,,2015,secondary_amount_ratio,bank_indicator.csv,secondary_amount_ratio,0.41,0.41,0.41,,identity_q1_or_ytd_diff,True,
601169.XSHG,bank_indicator,2015-12-31,,2015,suspicious_amount,bank_indicator.csv,suspicious_amount,1517000000.0,1517000000.0,1517000000.0,,identity_q1_or_ytd_diff,True,
601169.XSHG,bank_indicator,2015-12-31,,2015,suspicious_amount_ratio,bank_indicator.csv,suspicious_amount_ratio,0.2,0.2,0.2,,identity_q1_or_ytd_diff,True,
601169.XSHG,bank_indicator,2015-12-31,,2015,loss_amount,bank_indicator.csv,loss_amount,3972000000.0,3972000000.0,3972000000.0,,identity_q1_or_ytd_diff,True,
601169.XSHG,bank_indicator,2015-12-31,,2015,loss_amount_ratio,bank_indicator.csv,loss_amount_ratio,0.51,0.51,0.51,,identity_q1_or_ytd_diff,True,
601169.XSHG,bank_indicator,2015-12-31,,2015,short_term_loan_average_balance,bank_indicator.csv,short_term_loan_average_balance,,,,,identity_q1_or_ytd_diff,False,missing_raw_value
601169.XSHG,bank_indicator,2015-12-31,,2015,short_term_loan_annualized_average_interest_rate,bank_indicator.csv,short_term_loan_annualized_average_interest_rate,,,,,identity_q1_or_ytd_diff,False,missing_raw_value
601169.XSHG,bank_indicator,2015-12-31,,2015,mid_term_loan_annualized_average_balance,bank_indicator.csv,mid_term_loan_annualized_average_balance,,,,,identity_q1_or_ytd_diff,False,missing_raw_value
601169.XSHG,bank_indicator,2015-12-31,,2015,mid_term_loan_annualized_average_interest_rate,bank_indicator.csv,mid_term_loan_annualized_average_interest_rate,,,,,identity_q1_or_ytd_diff,False,missing_raw_value
601169.XSHG,bank_indicator,2015-12-31,,2015,enterprise_deposits_average_balance,bank_indicator.csv,enterprise_deposits_average_balance,,,,,identity_q1_or_ytd_diff,False,missing_raw_value
601169.XSHG,bank_indicator,2015-12-31,,2015,enterprise_deposits_average_interest_rate,bank_indicator.csv,enterprise_deposits_average_interest_rate,,,,,identity_q1_or_ytd_diff,False,missing_raw_value
601169.XSHG,bank_indicator,2015-12-31,,2015,savings_deposit_average_balance,bank_indicator.csv,savings_deposit_average_balance,,,,,identity_q1_or_ytd_diff,False,missing_raw_value
601169.XSHG,bank_indicator,2015-12-31,,2015,savings_deposit_average_interest_rate,bank_indicator.csv,savings_deposit_average_interest_rate,,,,,identity_q1_or_ytd_diff,False,missing_raw_value
601169.XSHG,bank_indicator,2016-12-31,,2016,total_loan,bank_indicator.csv,total_loan,899907000000.0,899907000000.0,899907000000.0,,identity_q1_or_ytd_diff,True,
601169.XSHG,bank_indicator,2016-12-31,,2016,total_deposit,bank_indicator.csv,total_deposit,1150904000000.0,1150904000000.0,1150904000000.0,,identity_q1_or_ytd_diff,True,
601169.XSHG,bank_indicator,2016-12-31,,2016,interest_earning_assets,bank_indicator.csv,interest_earning_assets,1938976000000.0,1938976000000.0,1938976000000.0,,identity_q1_or_ytd_diff,True,
601169.XSHG,bank_indicator,2016-12-31,,2016,non_interest_earning_assets,bank_indicator.csv,non_interest_earning_assets,177363000000.0,177363000000.0,177363000000.0,,identity_q1_or_ytd_diff,True,
601169.XSHG,bank_indicator,2016-12-31,,2016,interest_earning_assets_yield,bank_indicator.csv,interest_earning_assets_yield,3.94,3.94,3.94,,identity_q1_or_ytd_diff,True,
601169.XSHG,bank_indicator,2016-12-31,,2016,interest_bearing_liabilities,bank_indicator.csv,interest_bearing_liabilities,1771922000000.0,1771922000000.0,1771922000000.0,,identity_q1_or_ytd_diff,True,
601169.XSHG,bank_indicator,2016-12-31,,2016,non_interest_bearing_liabilities,bank_indicator.csv,non_interest_bearing_liabilities,200638000000.0,200638000000.0,200638000000.0,,identity_q1_or_ytd_diff,True,
601169.XSHG,bank_indicator,2016-12-31,,2016,interest_bearing_liabilities_interest_rate,bank_indicator.csv,interest_bearing_liabilities_interest_rate,2.2,2.2,2.2,,identity_q1_or_ytd_diff,True,
601169.XSHG,bank_indicator,2016-12-31,,2016,non_interest_income,bank_indicator.csv,non_interest_income,9931000000.0,9931000000.0,9931000000.0,,identity_q1_or_ytd_diff,True,
601169.XSHG,bank_indicator,2016-12-31,,2016,non_interest_income_ratio,bank_indicator.csv,non_interest_income_ratio,20.9268,20.9268,20.9268,,identity_q1_or_ytd_diff,True,
601169.XSHG,bank_indicator,2016-12-31,,2016,net_interest_margin,bank_indicator.csv,net_interest_margin,2.0714,2.0714,2.0714,,identity_q1_or_ytd_diff,True,
601169.XSHG,bank_indicator,2016-12-31,,2016,net_profit_margin,bank_indicator.csv,net_profit_margin,1.8945,1.8945,1.8945,,identity_q1_or_ytd_diff,True,
601169.XSHG,bank_indicator,2016-12-31,,2016,core_level_capital,bank_indicator.csv,core_level_capital,125114000000.0,125114000000.0,125114000000.0,,identity_q1_or_ytd_diff,True,
601169.XSHG,bank_indicator,2016-12-31,,2016,net_core_level_capital,bank_indicator.csv,net_core_level_capital,125102000000.0,125102000000.0,125102000000.0,,identity_q1_or_ytd_diff,True,
601169.XSHG,bank_indicator,2016-12-31,,2016,core_level_capital_adequacy_ratio,bank_indicator.csv,core_level_capital_adequacy_ratio,8.26,8.26,8.26,,identity_q1_or_ytd_diff,True,
601169.XSHG,bank_indicator,2016-12-31,,2016,net_level_1_capital,bank_indicator.csv,net_level_1_capital,143011000000.0,143011000000.0,143011000000.0,,identity_q1_or_ytd_diff,True,
601169.XSHG,bank_indicator,2016-12-31,,2016,level_1_capital_adequacy_ratio,bank_indicator.csv,level_1_capital_adequacy_ratio,9.44,9.44,9.44,,identity_q1_or_ytd_diff,True,
601169.XSHG,bank_indicator,2016-12-31,,2016,net_capital,bank_indicator.csv,net_capital,184757000000.0,184757000000.0,184757000000.0,,identity_q1_or_ytd_diff,True,
601169.XSHG,bank_indicator,2016-12-31,,2016,capital_adequacy_ratio,bank_indicator.csv,capital_adequacy_ratio,12.2,12.2,12.2,,identity_q1_or_ytd_diff,True,
601169.XSHG,bank_indicator,2016-12-31,,2016,weighted_risky_asset,bank_indicator.csv,weighted_risky_asset,1514688000000.0,1514688000000.0,1514688000000.0,,identity_q1_or_ytd_diff,True,
601169.XSHG,bank_indicator,2016-12-31,,2016,deposit_loan_ratio,bank_indicator.csv,deposit_loan_ratio,78.1913,78.1913,78.1913,,identity_q1_or_ytd_diff,True,
601169.XSHG,bank_indicator,2016-12-31,,2016,short_term_asset_liquidity_ratio_CNY,bank_indicator.csv,short_term_asset_liquidity_ratio_CNY,50.1,50.1,50.1,,identity_q1_or_ytd_diff,True,
601169.XSHG,bank_indicator,2016-12-31,,2016,short_term_asset_liquidity_ratio_FC,bank_indicator.csv,short_term_asset_liquidity_ratio_FC,,,,,identity_q1_or_ytd_diff,False,missing_raw_value
601169.XSHG,bank_indicator,2016-12-31,,2016,Nonperforming_loan_rate,bank_indicator.csv,Nonperforming_loan_rate,1.27,1.27,1.27,,identity_q1_or_ytd_diff,True,
601169.XSHG,bank_indicator,2016-12-31,,2016,single_largest_customer_loan_ratio,bank_indicator.csv,single_largest_customer_loan_ratio,4.51,4.51,4.51,,identity_q1_or_ytd_diff,True,
601169.XSHG,bank_indicator,2016-12-31,,2016,top_ten_customer_loan_ratio,bank_indicator.csv,top_ten_customer_loan_ratio,19.25,19.25,19.25,,identity_q1_or_ytd_diff,True,
601169.XSHG,bank_indicator,2016-12-31,,2016,bad_debts_reserve,bank_indicator.csv,bad_debts_reserve,31952000000.0,31952000000.0,31952000000.0,,identity_q1_or_ytd_diff,True,
601169.XSHG,bank_indicator,2016-12-31,,2016,non_performing_loan_provision_coverage,bank_indicator.csv,non_performing_loan_provision_coverage,256.06,256.06,256.06,,identity_q1_or_ytd_diff,True,
601169.XSHG,bank_indicator,2016-12-31,,2016,cost_to_income_ratio,bank_indicator.csv,cost_to_income_ratio,25.81,25.81,25.81,,identity_q1_or_ytd_diff,True,
601169.XSHG,bank_indicator,2016-12-31,,2016,former_core_capital,bank_indicator.csv,former_core_capital,,,,,identity_q1_or_ytd_diff,False,missing_raw_value
601169.XSHG,bank_indicator,2016-12-31,,2016,former_net_core_capital,bank_indicator.csv,former_net_core_capital,,,,,identity_q1_or_ytd_diff,False,missing_raw_value
601169.XSHG,bank_indicator,2016-12-31,,2016,former_net_core_capital_adequacy_ratio,bank_indicator.csv,former_net_core_capital_adequacy_ratio,,,,,identity_q1_or_ytd_diff,False,missing_raw_value
601169.XSHG,bank_indicator,2016-12-31,,2016,former_net_capital,bank_indicator.csv,former_net_capital,,,,,identity_q1_or_ytd_diff,False,missing_raw_value
601169.XSHG,bank_indicator,2016-12-31,,2016,former_capital_adequacy_ratio,bank_indicator.csv,former_capital_adequacy_ratio,,,,,identity_q1_or_ytd_diff,False,missing_raw_value
601169.XSHG,bank_indicator,2016-12-31,,2016,former_weighted_risky_asset,bank_indicator.csv,former_weighted_risky_asset,,,,,identity_q1_or_ytd_diff,False,missing_raw_value
601169.XSHG,bank_indicator,2016-12-31,,2016,normal_amount,bank_indicator.csv,normal_amount,875385000000.0,875385000000.0,875385000000.0,,identity_q1_or_ytd_diff,True,
601169.XSHG,bank_indicator,2016-12-31,,2016,normal_amount_ratio,bank_indicator.csv,normal_amount_ratio,97.27,97.27,97.27,,identity_q1_or_ytd_diff,True,
601169.XSHG,bank_indicator,2016-12-31,,2016,concerned_amount,bank_indicator.csv,concerned_amount,13096000000.0,13096000000.0,13096000000.0,,identity_q1_or_ytd_diff,True,
601169.XSHG,bank_indicator,2016-12-31,,2016,concerned_amount_ratio,bank_indicator.csv,concerned_amount_ratio,1.46,1.46,1.46,,identity_q1_or_ytd_diff,True,
601169.XSHG,bank_indicator,2016-12-31,,2016,secondary_amount,bank_indicator.csv,secondary_amount,5790000000.0,5790000000.0,5790000000.0,,identity_q1_or_ytd_diff,True,
601169.XSHG,bank_indicator,2016-12-31,,2016,secondary_amount_ratio,bank_indicator.csv,secondary_amount_ratio,0.64,0.64,0.64,,identity_q1_or_ytd_diff,True,
601169.XSHG,bank_indicator,2016-12-31,,2016,suspicious_amount,bank_indicator.csv,suspicious_amount,1675000000.0,1675000000.0,1675000000.0,,identity_q1_or_ytd_diff,True,
601169.XSHG,bank_indicator,2016-12-31,,2016,suspicious_amount_ratio,bank_indicator.csv,suspicious_amount_ratio,0.19,0.19,0.19,,identity_q1_or_ytd_diff,True,
601169.XSHG,bank_indicator,2016-12-31,,2016,loss_amount,bank_indicator.csv,loss_amount,3961000000.0,3961000000.0,3961000000.0,,identity_q1_or_ytd_diff,True,
601169.XSHG,bank_indicator,2016-12-31,,2016,loss_amount_ratio,bank_indicator.csv,loss_amount_ratio,0.44,0.44,0.44,,identity_q1_or_ytd_diff,True,
601169.XSHG,bank_indicator,2016-12-31,,2016,short_term_loan_average_balance,bank_indicator.csv,short_term_loan_average_balance,,,,,identity_q1_or_ytd_diff,False,missing_raw_value
601169.XSHG,bank_indicator,2016-12-31,,2016,short_term_loan_annualized_average_interest_rate,bank_indicator.csv,short_term_loan_annualized_average_interest_rate,,,,,identity_q1_or_ytd_diff,False,missing_raw_value
601169.XSHG,bank_indicator,2016-12-31,,2016,mid_term_loan_annualized_average_balance,bank_indicator.csv,mid_term_loan_annualized_average_balance,,,,,identity_q1_or_ytd_diff,False,missing_raw_value
601169.XSHG,bank_indicator,2016-12-31,,2016,mid_term_loan_annualized_average_interest_rate,bank_indicator.csv,mid_term_loan_annualized_average_interest_rate,,,,,identity_q1_or_ytd_diff,False,missing_raw_value
601169.XSHG,bank_indicator,2016-12-31,,2016,enterprise_deposits_average_balance,bank_indicator.csv,enterprise_deposits_average_balance,,,,,identity_q1_or_ytd_diff,False,missing_raw_value
601169.XSHG,bank_indicator,2016-12-31,,2016,enterprise_deposits_average_interest_rate,bank_indicator.csv,enterprise_deposits_average_interest_rate,,,,,identity_q1_or_ytd_diff,False,missing_raw_value
601169.XSHG,bank_indicator,2016-12-31,,2016,savings_deposit_average_balance,bank_indicator.csv,savings_deposit_average_balance,,,,,identity_q1_or_ytd_diff,False,missing_raw_value
601169.XSHG,bank_indicator,2016-12-31,,2016,savings_deposit_average_interest_rate,bank_indicator.csv,savings_deposit_average_interest_rate,,,,,identity_q1_or_ytd_diff,False,missing_raw_value
601169.XSHG,bank_indicator,2017-12-31,,2017,total_loan,bank_indicator.csv,total_loan,1077101000000.0,1077101000000.0,1077101000000.0,,identity_q1_or_ytd_diff,True,
601169.XSHG,bank_indicator,2017-12-31,,2017,total_deposit,bank_indicator.csv,total_deposit,1268698000000.0,1268698000000.0,1268698000000.0,,identity_q1_or_ytd_diff,True,
601169.XSHG,bank_indicator,2017-12-31,,2017,interest_earning_assets,bank_indicator.csv,interest_earning_assets,2185864000000.0,2185864000000.0,2185864000000.0,,identity_q1_or_ytd_diff,True,
601169.XSHG,bank_indicator,2017-12-31,,2017,non_interest_earning_assets,bank_indicator.csv,non_interest_earning_assets,143941000000.0,143941000000.0,143941000000.0,,identity_q1_or_ytd_diff,True,
601169.XSHG,bank_indicator,2017-12-31,,2017,interest_earning_assets_yield,bank_indicator.csv,interest_earning_assets_yield,4.13,4.13,4.13,,identity_q1_or_ytd_diff,True,
601169.XSHG,bank_indicator,2017-12-31,,2017,interest_bearing_liabilities,bank_indicator.csv,interest_bearing_liabilities,2040839000000.0,2040839000000.0,2040839000000.0,,identity_q1_or_ytd_diff,True,
601169.XSHG,bank_indicator,2017-12-31,,2017,non_interest_bearing_liabilities,bank_indicator.csv,non_interest_bearing_liabilities,112252000000.0,112252000000.0,112252000000.0,,identity_q1_or_ytd_diff,True,
601169.XSHG,bank_indicator,2017-12-31,,2017,interest_bearing_liabilities_interest_rate,bank_indicator.csv,interest_bearing_liabilities_interest_rate,2.49,2.49,2.49,,identity_q1_or_ytd_diff,True,
601169.XSHG,bank_indicator,2017-12-31,,2017,non_interest_income,bank_indicator.csv,non_interest_income,10977000000.0,10977000000.0,10977000000.0,,identity_q1_or_ytd_diff,True,
601169.XSHG,bank_indicator,2017-12-31,,2017,non_interest_income_ratio,bank_indicator.csv,non_interest_income_ratio,21.8001,21.8001,21.8001,,identity_q1_or_ytd_diff,True,
601169.XSHG,bank_indicator,2017-12-31,,2017,net_interest_margin,bank_indicator.csv,net_interest_margin,1.9092,1.9092,1.9092,,identity_q1_or_ytd_diff,True,
601169.XSHG,bank_indicator,2017-12-31,,2017,net_profit_margin,bank_indicator.csv,net_profit_margin,1.7075,1.7075,1.7075,,identity_q1_or_ytd_diff,True,
601169.XSHG,bank_indicator,2017-12-31,,2017,core_level_capital,bank_indicator.csv,core_level_capital,158006000000.0,158006000000.0,158006000000.0,,identity_q1_or_ytd_diff,True,
601169.XSHG,bank_indicator,2017-12-31,,2017,net_core_level_capital,bank_indicator.csv,net_core_level_capital,157996000000.0,157996000000.0,157996000000.0,,identity_q1_or_ytd_diff,True,
601169.XSHG,bank_indicator,2017-12-31,,2017,core_level_capital_adequacy_ratio,bank_indicator.csv,core_level_capital_adequacy_ratio,8.92,8.92,8.92,,identity_q1_or_ytd_diff,True,
601169.XSHG,bank_indicator,2017-12-31,,2017,net_level_1_capital,bank_indicator.csv,net_level_1_capital,175922000000.0,175922000000.0,175922000000.0,,identity_q1_or_ytd_diff,True,
601169.XSHG,bank_indicator,2017-12-31,,2017,level_1_capital_adequacy_ratio,bank_indicator.csv,level_1_capital_adequacy_ratio,9.93,9.93,9.93,,identity_q1_or_ytd_diff,True,
601169.XSHG,bank_indicator,2017-12-31,,2017,net_capital,bank_indicator.csv,net_capital,219747000000.0,219747000000.0,219747000000.0,,identity_q1_or_ytd_diff,True,
601169.XSHG,bank_indicator,2017-12-31,,2017,capital_adequacy_ratio,bank_indicator.csv,capital_adequacy_ratio,12.41,12.41,12.41,,identity_q1_or_ytd_diff,True,
601169.XSHG,bank_indicator,2017-12-31,,2017,weighted_risky_asset,bank_indicator.csv,weighted_risky_asset,1770950000000.0,1770950000000.0,1770950000000.0,,identity_q1_or_ytd_diff,True,
601169.XSHG,bank_indicator,2017-12-31,,2017,deposit_loan_ratio,bank_indicator.csv,deposit_loan_ratio,84.8981,84.8981,84.8981,,identity_q1_or_ytd_diff,True,
601169.XSHG,bank_indicator,2017-12-31,,2017,short_term_asset_liquidity_ratio_CNY,bank_indicator.csv,short_term_asset_liquidity_ratio_CNY,41.28,41.28,41.28,,identity_q1_or_ytd_diff,True,
601169.XSHG,bank_indicator,2017-12-31,,2017,short_term_asset_liquidity_ratio_FC,bank_indicator.csv,short_term_asset_liquidity_ratio_FC,,,,,identity_q1_or_ytd_diff,False,missing_raw_value
601169.XSHG,bank_indicator,2017-12-31,,2017,Nonperforming_loan_rate,bank_indicator.csv,Nonperforming_loan_rate,1.24,1.24,1.24,,identity_q1_or_ytd_diff,True,
601169.XSHG,bank_indicator,2017-12-31,,2017,single_largest_customer_loan_ratio,bank_indicator.csv,single_largest_customer_loan_ratio,3.29,3.29,3.29,,identity_q1_or_ytd_diff,True,
601169.XSHG,bank_indicator,2017-12-31,,2017,top_ten_customer_loan_ratio,bank_indicator.csv,top_ten_customer_loan_ratio,17.79,17.79,17.79,,identity_q1_or_ytd_diff,True,
601169.XSHG,bank_indicator,2017-12-31,,2017,bad_debts_reserve,bank_indicator.csv,bad_debts_reserve,38078000000.0,38078000000.0,38078000000.0,,identity_q1_or_ytd_diff,True,
601169.XSHG,bank_indicator,2017-12-31,,2017,non_performing_loan_provision_coverage,bank_indicator.csv,non_performing_loan_provision_coverage,265.57,265.57,265.57,,identity_q1_or_ytd_diff,True,
601169.XSHG,bank_indicator,2017-12-31,,2017,cost_to_income_ratio,bank_indicator.csv,cost_to_income_ratio,26.85,26.85,26.85,,identity_q1_or_ytd_diff,True,
601169.XSHG,bank_indicator,2017-12-31,,2017,former_core_capital,bank_indicator.csv,former_core_capital,,,,,identity_q1_or_ytd_diff,False,missing_raw_value
601169.XSHG,bank_indicator,2017-12-31,,2017,former_net_core_capital,bank_indicator.csv,former_net_core_capital,,,,,identity_q1_or_ytd_diff,False,missing_raw_value
601169.XSHG,bank_indicator,2017-12-31,,2017,former_net_core_capital_adequacy_ratio,bank_indicator.csv,former_net_core_capital_adequacy_ratio,,,,,identity_q1_or_ytd_diff,False,missing_raw_value
601169.XSHG,bank_indicator,2017-12-31,,2017,former_net_capital,bank_indicator.csv,former_net_capital,,,,,identity_q1_or_ytd_diff,False,missing_raw_value
601169.XSHG,bank_indicator,2017-12-31,,2017,former_capital_adequacy_ratio,bank_indicator.csv,former_capital_adequacy_ratio,,,,,identity_q1_or_ytd_diff,False,missing_raw_value
601169.XSHG,bank_indicator,2017-12-31,,2017,former_weighted_risky_asset,bank_indicator.csv,former_weighted_risky_asset,,,,,identity_q1_or_ytd_diff,False,missing_raw_value
601169.XSHG,bank_indicator,2017-12-31,,2017,normal_amount,bank_indicator.csv,normal_amount,1046957000000.0,1046957000000.0,1046957000000.0,,identity_q1_or_ytd_diff,True,
601169.XSHG,bank_indicator,2017-12-31,,2017,normal_amount_ratio,bank_indicator.csv,normal_amount_ratio,97.19,97.19,97.19,,identity_q1_or_ytd_diff,True,
601169.XSHG,bank_indicator,2017-12-31,,2017,concerned_amount,bank_indicator.csv,concerned_amount,16773000000.0,16773000000.0,16773000000.0,,identity_q1_or_ytd_diff,True,
601169.XSHG,bank_indicator,2017-12-31,,2017,concerned_amount_ratio,bank_indicator.csv,concerned_amount_ratio,1.56,1.56,1.56,,identity_q1_or_ytd_diff,True,
601169.XSHG,bank_indicator,2017-12-31,,2017,secondary_amount,bank_indicator.csv,secondary_amount,6523000000.0,6523000000.0,6523000000.0,,identity_q1_or_ytd_diff,True,
601169.XSHG,bank_indicator,2017-12-31,,2017,secondary_amount_ratio,bank_indicator.csv,secondary_amount_ratio,0.61,0.61,0.61,,identity_q1_or_ytd_diff,True,
601169.XSHG,bank_indicator,2017-12-31,,2017,suspicious_amount,bank_indicator.csv,suspicious_amount,5350000000.0,5350000000.0,5350000000.0,,identity_q1_or_ytd_diff,True,
601169.XSHG,bank_indicator,2017-12-31,,2017,suspicious_amount_ratio,bank_indicator.csv,suspicious_amount_ratio,0.5,0.5,0.5,,identity_q1_or_ytd_diff,True,
601169.XSHG,bank_indicator,2017-12-31,,2017,loss_amount,bank_indicator.csv,loss_amount,1498000000.0,1498000000.0,1498000000.0,,identity_q1_or_ytd_diff,True,
601169.XSHG,bank_indicator,2017-12-31,,2017,loss_amount_ratio,bank_indicator.csv,loss_amount_ratio,0.14,0.14,0.14,,identity_q1_or_ytd_diff,True,
601169.XSHG,bank_indicator,2017-12-31,,2017,short_term_loan_average_balance,bank_indicator.csv,short_term_loan_average_balance,,,,,identity_q1_or_ytd_diff,False,missing_raw_value
601169.XSHG,bank_indicator,2017-12-31,,2017,short_term_loan_annualized_average_interest_rate,bank_indicator.csv,short_term_loan_annualized_average_interest_rate,,,,,identity_q1_or_ytd_diff,False,missing_raw_value
601169.XSHG,bank_indicator,2017-12-31,,2017,mid_term_loan_annualized_average_balance,bank_indicator.csv,mid_term_loan_annualized_average_balance,,,,,identity_q1_or_ytd_diff,False,missing_raw_value
601169.XSHG,bank_indicator,2017-12-31,,2017,mid_term_loan_annualized_average_interest_rate,bank_indicator.csv,mid_term_loan_annualized_average_interest_rate,,,,,identity_q1_or_ytd_diff,False,missing_raw_value
601169.XSHG,bank_indicator,2017-12-31,,2017,enterprise_deposits_average_balance,bank_indicator.csv,enterprise_deposits_average_balance,,,,,identity_q1_or_ytd_diff,False,missing_raw_value
601169.XSHG,bank_indicator,2017-12-31,,2017,enterprise_deposits_average_interest_rate,bank_indicator.csv,enterprise_deposits_average_interest_rate,,,,,identity_q1_or_ytd_diff,False,missing_raw_value
601169.XSHG,bank_indicator,2017-12-31,,2017,savings_deposit_average_balance,bank_indicator.csv,savings_deposit_average_balance,,,,,identity_q1_or_ytd_diff,False,missing_raw_value
601169.XSHG,bank_indicator,2017-12-31,,2017,savings_deposit_average_interest_rate,bank_indicator.csv,savings_deposit_average_interest_rate,,,,,identity_q1_or_ytd_diff,False,missing_raw_value
601169.XSHG,bank_indicator,2018-12-31,,2018,total_loan,bank_indicator.csv,total_loan,1261811000000.0,1261811000000.0,1261811000000.0,,identity_q1_or_ytd_diff,True,
601169.XSHG,bank_indicator,2018-12-31,,2018,total_deposit,bank_indicator.csv,total_deposit,1386006000000.0,1386006000000.0,1386006000000.0,,identity_q1_or_ytd_diff,True,
601169.XSHG,bank_indicator,2018-12-31,,2018,interest_earning_assets,bank_indicator.csv,interest_earning_assets,2426339000000.0,2426339000000.0,2426339000000.0,,identity_q1_or_ytd_diff,True,
601169.XSHG,bank_indicator,2018-12-31,,2018,non_interest_earning_assets,bank_indicator.csv,non_interest_earning_assets,146526000000.0,146526000000.0,146526000000.0,,identity_q1_or_ytd_diff,True,
601169.XSHG,bank_indicator,2018-12-31,,2018,interest_earning_assets_yield,bank_indicator.csv,interest_earning_assets_yield,4.39,4.39,4.39,,identity_q1_or_ytd_diff,True,
601169.XSHG,bank_indicator,2018-12-31,,2018,interest_bearing_liabilities,bank_indicator.csv,interest_bearing_liabilities,2266401000000.0,2266401000000.0,2266401000000.0,,identity_q1_or_ytd_diff,True,
601169.XSHG,bank_indicator,2018-12-31,,2018,non_interest_bearing_liabilities,bank_indicator.csv,non_interest_bearing_liabilities,112330000000.0,112330000000.0,112330000000.0,,identity_q1_or_ytd_diff,True,
601169.XSHG,bank_indicator,2018-12-31,,2018,interest_bearing_liabilities_interest_rate,bank_indicator.csv,interest_bearing_liabilities_interest_rate,2.69,2.69,2.69,,identity_q1_or_ytd_diff,True,
601169.XSHG,bank_indicator,2018-12-31,,2018,non_interest_income,bank_indicator.csv,non_interest_income,9935000000.0,9935000000.0,9935000000.0,,identity_q1_or_ytd_diff,True,
601169.XSHG,bank_indicator,2018-12-31,,2018,non_interest_income_ratio,bank_indicator.csv,non_interest_income_ratio,17.9048,17.9048,17.9048,,identity_q1_or_ytd_diff,True,
601169.XSHG,bank_indicator,2018-12-31,,2018,net_interest_margin,bank_indicator.csv,net_interest_margin,1.88,1.88,1.88,,identity_q1_or_ytd_diff,True,
601169.XSHG,bank_indicator,2018-12-31,,2018,net_profit_margin,bank_indicator.csv,net_profit_margin,1.7,1.7,1.7,,identity_q1_or_ytd_diff,True,
601169.XSHG,bank_indicator,2018-12-31,,2018,core_level_capital,bank_indicator.csv,core_level_capital,175718000000.0,175718000000.0,175718000000.0,,identity_q1_or_ytd_diff,True,
601169.XSHG,bank_indicator,2018-12-31,,2018,net_core_level_capital,bank_indicator.csv,net_core_level_capital,175714000000.0,175714000000.0,175714000000.0,,identity_q1_or_ytd_diff,True,
601169.XSHG,bank_indicator,2018-12-31,,2018,core_level_capital_adequacy_ratio,bank_indicator.csv,core_level_capital_adequacy_ratio,8.93,8.93,8.93,,identity_q1_or_ytd_diff,True,
601169.XSHG,bank_indicator,2018-12-31,,2018,net_level_1_capital,bank_indicator.csv,net_level_1_capital,193658000000.0,193658000000.0,193658000000.0,,identity_q1_or_ytd_diff,True,
601169.XSHG,bank_indicator,2018-12-31,,2018,level_1_capital_adequacy_ratio,bank_indicator.csv,level_1_capital_adequacy_ratio,9.85,9.85,9.85,,identity_q1_or_ytd_diff,True,
601169.XSHG,bank_indicator,2018-12-31,,2018,net_capital,bank_indicator.csv,net_capital,237505000000.0,237505000000.0,237505000000.0,,identity_q1_or_ytd_diff,True,
601169.XSHG,bank_indicator,2018-12-31,,2018,capital_adequacy_ratio,bank_indicator.csv,capital_adequacy_ratio,12.07,12.07,12.07,,identity_q1_or_ytd_diff,True,
601169.XSHG,bank_indicator,2018-12-31,,2018,weighted_risky_asset,bank_indicator.csv,weighted_risky_asset,1967050000000.0,1967050000000.0,1967050000000.0,,identity_q1_or_ytd_diff,True,
601169.XSHG,bank_indicator,2018-12-31,,2018,deposit_loan_ratio,bank_indicator.csv,deposit_loan_ratio,91.0394,91.0394,91.0394,,identity_q1_or_ytd_diff,True,
601169.XSHG,bank_indicator,2018-12-31,,2018,short_term_asset_liquidity_ratio_CNY,bank_indicator.csv,short_term_asset_liquidity_ratio_CNY,55.93,55.93,55.93,,identity_q1_or_ytd_diff,True,
601169.XSHG,bank_indicator,2018-12-31,,2018,short_term_asset_liquidity_ratio_FC,bank_indicator.csv,short_term_asset_liquidity_ratio_FC,,,,,identity_q1_or_ytd_diff,False,missing_raw_value
601169.XSHG,bank_indicator,2018-12-31,,2018,Nonperforming_loan_rate,bank_indicator.csv,Nonperforming_loan_rate,1.46,1.46,1.46,,identity_q1_or_ytd_diff,True,
601169.XSHG,bank_indicator,2018-12-31,,2018,single_largest_customer_loan_ratio,bank_indicator.csv,single_largest_customer_loan_ratio,3.16,3.16,3.16,,identity_q1_or_ytd_diff,True,
601169.XSHG,bank_indicator,2018-12-31,,2018,top_ten_customer_loan_ratio,bank_indicator.csv,top_ten_customer_loan_ratio,18.48,18.48,18.48,,identity_q1_or_ytd_diff,True,
601169.XSHG,bank_indicator,2018-12-31,,2018,bad_debts_reserve,bank_indicator.csv,bad_debts_reserve,43166000000.0,43166000000.0,43166000000.0,,identity_q1_or_ytd_diff,True,
601169.XSHG,bank_indicator,2018-12-31,,2018,non_performing_loan_provision_coverage,bank_indicator.csv,non_performing_loan_provision_coverage,217.51,217.51,217.51,,identity_q1_or_ytd_diff,True,
601169.XSHG,bank_indicator,2018-12-31,,2018,cost_to_income_ratio,bank_indicator.csv,cost_to_income_ratio,25.19,25.19,25.19,,identity_q1_or_ytd_diff,True,
601169.XSHG,bank_indicator,2018-12-31,,2018,former_core_capital,bank_indicator.csv,former_core_capital,,,,,identity_q1_or_ytd_diff,False,missing_raw_value
601169.XSHG,bank_indicator,2018-12-31,,2018,former_net_core_capital,bank_indicator.csv,former_net_core_capital,,,,,identity_q1_or_ytd_diff,False,missing_raw_value
601169.XSHG,bank_indicator,2018-12-31,,2018,former_net_core_capital_adequacy_ratio,bank_indicator.csv,former_net_core_capital_adequacy_ratio,,,,,identity_q1_or_ytd_diff,False,missing_raw_value
601169.XSHG,bank_indicator,2018-12-31,,2018,former_net_capital,bank_indicator.csv,former_net_capital,,,,,identity_q1_or_ytd_diff,False,missing_raw_value
601169.XSHG,bank_indicator,2018-12-31,,2018,former_capital_adequacy_ratio,bank_indicator.csv,former_capital_adequacy_ratio,,,,,identity_q1_or_ytd_diff,False,missing_raw_value
601169.XSHG,bank_indicator,2018-12-31,,2018,former_weighted_risky_asset,bank_indicator.csv,former_weighted_risky_asset,,,,,identity_q1_or_ytd_diff,False,missing_raw_value
601169.XSHG,bank_indicator,2018-12-31,,2018,normal_amount,bank_indicator.csv,normal_amount,1232257000000.0,1232257000000.0,1232257000000.0,,identity_q1_or_ytd_diff,True,
601169.XSHG,bank_indicator,2018-12-31,,2018,normal_amount_ratio,bank_indicator.csv,normal_amount_ratio,97.66,97.66,97.66,,identity_q1_or_ytd_diff,True,
601169.XSHG,bank_indicator,2018-12-31,,2018,concerned_amount,bank_indicator.csv,concerned_amount,11129000000.0,11129000000.0,11129000000.0,,identity_q1_or_ytd_diff,True,
601169.XSHG,bank_indicator,2018-12-31,,2018,concerned_amount_ratio,bank_indicator.csv,concerned_amount_ratio,0.88,0.88,0.88,,identity_q1_or_ytd_diff,True,
601169.XSHG,bank_indicator,2018-12-31,,2018,secondary_amount,bank_indicator.csv,secondary_amount,14482000000.0,14482000000.0,14482000000.0,,identity_q1_or_ytd_diff,True,
601169.XSHG,bank_indicator,2018-12-31,,2018,secondary_amount_ratio,bank_indicator.csv,secondary_amount_ratio,1.15,1.15,1.15,,identity_q1_or_ytd_diff,True,
601169.XSHG,bank_indicator,2018-12-31,,2018,suspicious_amount,bank_indicator.csv,suspicious_amount,1408000000.0,1408000000.0,1408000000.0,,identity_q1_or_ytd_diff,True,
601169.XSHG,bank_indicator,2018-12-31,,2018,suspicious_amount_ratio,bank_indicator.csv,suspicious_amount_ratio,0.11,0.11,0.11,,identity_q1_or_ytd_diff,True,
601169.XSHG,bank_indicator,2018-12-31,,2018,loss_amount,bank_indicator.csv,loss_amount,2535000000.0,2535000000.0,2535000000.0,,identity_q1_or_ytd_diff,True,
601169.XSHG,bank_indicator,2018-12-31,,2018,loss_amount_ratio,bank_indicator.csv,loss_amount_ratio,0.2,0.2,0.2,,identity_q1_or_ytd_diff,True,
601169.XSHG,bank_indicator,2018-12-31,,2018,short_term_loan_average_balance,bank_indicator.csv,short_term_loan_average_balance,,,,,identity_q1_or_ytd_diff,False,missing_raw_value
601169.XSHG,bank_indicator,2018-12-31,,2018,short_term_loan_annualized_average_interest_rate,bank_indicator.csv,short_term_loan_annualized_average_interest_rate,,,,,identity_q1_or_ytd_diff,False,missing_raw_value
601169.XSHG,bank_indicator,2018-12-31,,2018,mid_term_loan_annualized_average_balance,bank_indicator.csv,mid_term_loan_annualized_average_balance,,,,,identity_q1_or_ytd_diff,False,missing_raw_value
601169.XSHG,bank_indicator,2018-12-31,,2018,mid_term_loan_annualized_average_interest_rate,bank_indicator.csv,mid_term_loan_annualized_average_interest_rate,,,,,identity_q1_or_ytd_diff,False,missing_raw_value
601169.XSHG,bank_indicator,2018-12-31,,2018,enterprise_deposits_average_balance,bank_indicator.csv,enterprise_deposits_average_balance,,,,,identity_q1_or_ytd_diff,False,missing_raw_value
601169.XSHG,bank_indicator,2018-12-31,,2018,enterprise_deposits_average_interest_rate,bank_indicator.csv,enterprise_deposits_average_interest_rate,,,,,identity_q1_or_ytd_diff,False,missing_raw_value
601169.XSHG,bank_indicator,2018-12-31,,2018,savings_deposit_average_balance,bank_indicator.csv,savings_deposit_average_balance,,,,,identity_q1_or_ytd_diff,False,missing_raw_value
601169.XSHG,bank_indicator,2018-12-31,,2018,savings_deposit_average_interest_rate,bank_indicator.csv,savings_deposit_average_interest_rate,,,,,identity_q1_or_ytd_diff,False,missing_raw_value
601169.XSHG,bank_indicator,2019-12-31,,2019,total_loan,bank_indicator.csv,total_loan,1446398000000.0,1446398000000.0,1446398000000.0,,identity_q1_or_ytd_diff,True,
601169.XSHG,bank_indicator,2019-12-31,,2019,total_deposit,bank_indicator.csv,total_deposit,1545130000000.0,1545130000000.0,1545130000000.0,,identity_q1_or_ytd_diff,True,
601169.XSHG,bank_indicator,2019-12-31,,2019,interest_earning_assets,bank_indicator.csv,interest_earning_assets,2539812000000.0,2539812000000.0,2539812000000.0,,identity_q1_or_ytd_diff,True,
601169.XSHG,bank_indicator,2019-12-31,,2019,non_interest_earning_assets,bank_indicator.csv,non_interest_earning_assets,197228000000.0,197228000000.0,197228000000.0,,identity_q1_or_ytd_diff,True,
601169.XSHG,bank_indicator,2019-12-31,,2019,interest_earning_assets_yield,bank_indicator.csv,interest_earning_assets_yield,4.37,4.37,4.37,,identity_q1_or_ytd_diff,True,
601169.XSHG,bank_indicator,2019-12-31,,2019,interest_bearing_liabilities,bank_indicator.csv,interest_bearing_liabilities,2450554000000.0,2450554000000.0,2450554000000.0,,identity_q1_or_ytd_diff,True,
601169.XSHG,bank_indicator,2019-12-31,,2019,non_interest_bearing_liabilities,bank_indicator.csv,non_interest_bearing_liabilities,77523000000.0,77523000000.0,77523000000.0,,identity_q1_or_ytd_diff,True,
601169.XSHG,bank_indicator,2019-12-31,,2019,interest_bearing_liabilities_interest_rate,bank_indicator.csv,interest_bearing_liabilities_interest_rate,2.5,2.5,2.5,,identity_q1_or_ytd_diff,True,
601169.XSHG,bank_indicator,2019-12-31,,2019,non_interest_income,bank_indicator.csv,non_interest_income,13550000000.0,13550000000.0,13550000000.0,,identity_q1_or_ytd_diff,True,
601169.XSHG,bank_indicator,2019-12-31,,2019,non_interest_income_ratio,bank_indicator.csv,non_interest_income_ratio,21.464,21.464,21.464,,identity_q1_or_ytd_diff,True,
601169.XSHG,bank_indicator,2019-12-31,,2019,net_interest_margin,bank_indicator.csv,net_interest_margin,1.96,1.96,1.96,,identity_q1_or_ytd_diff,True,
601169.XSHG,bank_indicator,2019-12-31,,2019,net_profit_margin,bank_indicator.csv,net_profit_margin,1.87,1.87,1.87,,identity_q1_or_ytd_diff,True,
601169.XSHG,bank_indicator,2019-12-31,,2019,core_level_capital,bank_indicator.csv,core_level_capital,190603000000.0,190603000000.0,190603000000.0,,identity_q1_or_ytd_diff,True,
601169.XSHG,bank_indicator,2019-12-31,,2019,net_core_level_capital,bank_indicator.csv,net_core_level_capital,190596000000.0,190596000000.0,190596000000.0,,identity_q1_or_ytd_diff,True,
601169.XSHG,bank_indicator,2019-12-31,,2019,core_level_capital_adequacy_ratio,bank_indicator.csv,core_level_capital_adequacy_ratio,9.22,9.22,9.22,,identity_q1_or_ytd_diff,True,
601169.XSHG,bank_indicator,2019-12-31,,2019,net_level_1_capital,bank_indicator.csv,net_level_1_capital,208564000000.0,208564000000.0,208564000000.0,,identity_q1_or_ytd_diff,True,
601169.XSHG,bank_indicator,2019-12-31,,2019,level_1_capital_adequacy_ratio,bank_indicator.csv,level_1_capital_adequacy_ratio,10.09,10.09,10.09,,identity_q1_or_ytd_diff,True,
601169.XSHG,bank_indicator,2019-12-31,,2019,net_capital,bank_indicator.csv,net_capital,253947000000.0,253947000000.0,253947000000.0,,identity_q1_or_ytd_diff,True,
601169.XSHG,bank_indicator,2019-12-31,,2019,capital_adequacy_ratio,bank_indicator.csv,capital_adequacy_ratio,12.28,12.28,12.28,,identity_q1_or_ytd_diff,True,
601169.XSHG,bank_indicator,2019-12-31,,2019,weighted_risky_asset,bank_indicator.csv,weighted_risky_asset,2067661000000.0,2067661000000.0,2067661000000.0,,identity_q1_or_ytd_diff,True,
601169.XSHG,bank_indicator,2019-12-31,,2019,deposit_loan_ratio,bank_indicator.csv,deposit_loan_ratio,93.6101,93.6101,93.6101,,identity_q1_or_ytd_diff,True,
601169.XSHG,bank_indicator,2019-12-31,,2019,short_term_asset_liquidity_ratio_CNY,bank_indicator.csv,short_term_asset_liquidity_ratio_CNY,62.5,62.5,62.5,,identity_q1_or_ytd_diff,True,
601169.XSHG,bank_indicator,2019-12-31,,2019,short_term_asset_liquidity_ratio_FC,bank_indicator.csv,short_term_asset_liquidity_ratio_FC,,,,,identity_q1_or_ytd_diff,False,missing_raw_value
601169.XSHG,bank_indicator,2019-12-31,,2019,Nonperforming_loan_rate,bank_indicator.csv,Nonperforming_loan_rate,1.4,1.4,1.4,,identity_q1_or_ytd_diff,True,
601169.XSHG,bank_indicator,2019-12-31,,2019,single_largest_customer_loan_ratio,bank_indicator.csv,single_largest_customer_loan_ratio,2.02,2.02,2.02,,identity_q1_or_ytd_diff,True,
601169.XSHG,bank_indicator,2019-12-31,,2019,top_ten_customer_loan_ratio,bank_indicator.csv,top_ten_customer_loan_ratio,15.26,15.26,15.26,,identity_q1_or_ytd_diff,True,
601169.XSHG,bank_indicator,2019-12-31,,2019,bad_debts_reserve,bank_indicator.csv,bad_debts_reserve,44911000000.0,44911000000.0,44911000000.0,,identity_q1_or_ytd_diff,True,
601169.XSHG,bank_indicator,2019-12-31,,2019,non_performing_loan_provision_coverage,bank_indicator.csv,non_performing_loan_provision_coverage,224.69,224.69,224.69,,identity_q1_or_ytd_diff,True,
601169.XSHG,bank_indicator,2019-12-31,,2019,cost_to_income_ratio,bank_indicator.csv,cost_to_income_ratio,23.23,23.23,23.23,,identity_q1_or_ytd_diff,True,
601169.XSHG,bank_indicator,2019-12-31,,2019,former_core_capital,bank_indicator.csv,former_core_capital,,,,,identity_q1_or_ytd_diff,False,missing_raw_value
601169.XSHG,bank_indicator,2019-12-31,,2019,former_net_core_capital,bank_indicator.csv,former_net_core_capital,,,,,identity_q1_or_ytd_diff,False,missing_raw_value
601169.XSHG,bank_indicator,2019-12-31,,2019,former_net_core_capital_adequacy_ratio,bank_indicator.csv,former_net_core_capital_adequacy_ratio,,,,,identity_q1_or_ytd_diff,False,missing_raw_value
601169.XSHG,bank_indicator,2019-12-31,,2019,former_net_capital,bank_indicator.csv,former_net_capital,,,,,identity_q1_or_ytd_diff,False,missing_raw_value
601169.XSHG,bank_indicator,2019-12-31,,2019,former_capital_adequacy_ratio,bank_indicator.csv,former_capital_adequacy_ratio,,,,,identity_q1_or_ytd_diff,False,missing_raw_value
601169.XSHG,bank_indicator,2019-12-31,,2019,former_weighted_risky_asset,bank_indicator.csv,former_weighted_risky_asset,,,,,identity_q1_or_ytd_diff,False,missing_raw_value
601169.XSHG,bank_indicator,2019-12-31,,2019,normal_amount,bank_indicator.csv,normal_amount,1408036000000.0,1408036000000.0,1408036000000.0,,identity_q1_or_ytd_diff,True,
601169.XSHG,bank_indicator,2019-12-31,,2019,normal_amount_ratio,bank_indicator.csv,normal_amount_ratio,97.35,97.35,97.35,,identity_q1_or_ytd_diff,True,
601169.XSHG,bank_indicator,2019-12-31,,2019,concerned_amount,bank_indicator.csv,concerned_amount,18064000000.0,18064000000.0,18064000000.0,,identity_q1_or_ytd_diff,True,
601169.XSHG,bank_indicator,2019-12-31,,2019,concerned_amount_ratio,bank_indicator.csv,concerned_amount_ratio,1.25,1.25,1.25,,identity_q1_or_ytd_diff,True,
601169.XSHG,bank_indicator,2019-12-31,,2019,secondary_amount,bank_indicator.csv,secondary_amount,13139000000.0,13139000000.0,13139000000.0,,identity_q1_or_ytd_diff,True,
601169.XSHG,bank_indicator,2019-12-31,,2019,secondary_amount_ratio,bank_indicator.csv,secondary_amount_ratio,0.91,0.91,0.91,,identity_q1_or_ytd_diff,True,
601169.XSHG,bank_indicator,2019-12-31,,2019,suspicious_amount,bank_indicator.csv,suspicious_amount,4152000000.0,4152000000.0,4152000000.0,,identity_q1_or_ytd_diff,True,
601169.XSHG,bank_indicator,2019-12-31,,2019,suspicious_amount_ratio,bank_indicator.csv,suspicious_amount_ratio,0.29,0.29,0.29,,identity_q1_or_ytd_diff,True,
601169.XSHG,bank_indicator,2019-12-31,,2019,loss_amount,bank_indicator.csv,loss_amount,3007000000.0,3007000000.0,3007000000.0,,identity_q1_or_ytd_diff,True,
601169.XSHG,bank_indicator,2019-12-31,,2019,loss_amount_ratio,bank_indicator.csv,loss_amount_ratio,0.21,0.21,0.21,,identity_q1_or_ytd_diff,True,
601169.XSHG,bank_indicator,2019-12-31,,2019,short_term_loan_average_balance,bank_indicator.csv,short_term_loan_average_balance,,,,,identity_q1_or_ytd_diff,False,missing_raw_value
601169.XSHG,bank_indicator,2019-12-31,,2019,short_term_loan_annualized_average_interest_rate,bank_indicator.csv,short_term_loan_annualized_average_interest_rate,,,,,identity_q1_or_ytd_diff,False,missing_raw_value
601169.XSHG,bank_indicator,2019-12-31,,2019,mid_term_loan_annualized_average_balance,bank_indicator.csv,mid_term_loan_annualized_average_balance,,,,,identity_q1_or_ytd_diff,False,missing_raw_value
601169.XSHG,bank_indicator,2019-12-31,,2019,mid_term_loan_annualized_average_interest_rate,bank_indicator.csv,mid_term_loan_annualized_average_interest_rate,,,,,identity_q1_or_ytd_diff,False,missing_raw_value
601169.XSHG,bank_indicator,2019-12-31,,2019,enterprise_deposits_average_balance,bank_indicator.csv,enterprise_deposits_average_balance,,,,,identity_q1_or_ytd_diff,False,missing_raw_value
601169.XSHG,bank_indicator,2019-12-31,,2019,enterprise_deposits_average_interest_rate,bank_indicator.csv,enterprise_deposits_average_interest_rate,,,,,identity_q1_or_ytd_diff,False,missing_raw_value
601169.XSHG,bank_indicator,2019-12-31,,2019,savings_deposit_average_balance,bank_indicator.csv,savings_deposit_average_balance,,,,,identity_q1_or_ytd_diff,False,missing_raw_value
601169.XSHG,bank_indicator,2019-12-31,,2019,savings_deposit_average_interest_rate,bank_indicator.csv,savings_deposit_average_interest_rate,,,,,identity_q1_or_ytd_diff,False,missing_raw_value
601169.XSHG,bank_indicator,2020-12-31,,2020,total_loan,bank_indicator.csv,total_loan,1567721000000.0,1567721000000.0,1567721000000.0,,identity_q1_or_ytd_diff,True,
601169.XSHG,bank_indicator,2020-12-31,,2020,total_deposit,bank_indicator.csv,total_deposit,1656149000000.0,1656149000000.0,1656149000000.0,,identity_q1_or_ytd_diff,True,
601169.XSHG,bank_indicator,2020-12-31,,2020,interest_earning_assets,bank_indicator.csv,interest_earning_assets,2670299000000.0,2670299000000.0,2670299000000.0,,identity_q1_or_ytd_diff,True,
601169.XSHG,bank_indicator,2020-12-31,,2020,non_interest_earning_assets,bank_indicator.csv,non_interest_earning_assets,229715000000.0,229715000000.0,229715000000.0,,identity_q1_or_ytd_diff,True,
601169.XSHG,bank_indicator,2020-12-31,,2020,interest_earning_assets_yield,bank_indicator.csv,interest_earning_assets_yield,4.21,4.21,4.21,,identity_q1_or_ytd_diff,True,
601169.XSHG,bank_indicator,2020-12-31,,2020,interest_bearing_liabilities,bank_indicator.csv,interest_bearing_liabilities,2620175000000.0,2620175000000.0,2620175000000.0,,identity_q1_or_ytd_diff,True,
601169.XSHG,bank_indicator,2020-12-31,,2020,non_interest_bearing_liabilities,bank_indicator.csv,non_interest_bearing_liabilities,58696000000.0,58696000000.0,58696000000.0,,identity_q1_or_ytd_diff,True,
601169.XSHG,bank_indicator,2020-12-31,,2020,interest_bearing_liabilities_interest_rate,bank_indicator.csv,interest_bearing_liabilities_interest_rate,2.33,2.33,2.33,,identity_q1_or_ytd_diff,True,
601169.XSHG,bank_indicator,2020-12-31,,2020,non_interest_income,bank_indicator.csv,non_interest_income,12694000000.0,12694000000.0,12694000000.0,,identity_q1_or_ytd_diff,True,
601169.XSHG,bank_indicator,2020-12-31,,2020,non_interest_income_ratio,bank_indicator.csv,non_interest_income_ratio,19.7421,19.7421,19.7421,,identity_q1_or_ytd_diff,True,
601169.XSHG,bank_indicator,2020-12-31,,2020,net_interest_margin,bank_indicator.csv,net_interest_margin,1.93,1.93,1.93,,identity_q1_or_ytd_diff,True,
601169.XSHG,bank_indicator,2020-12-31,,2020,net_profit_margin,bank_indicator.csv,net_profit_margin,1.88,1.88,1.88,,identity_q1_or_ytd_diff,True,
601169.XSHG,bank_indicator,2020-12-31,,2020,core_level_capital,bank_indicator.csv,core_level_capital,202778000000.0,202778000000.0,202778000000.0,,identity_q1_or_ytd_diff,True,
601169.XSHG,bank_indicator,2020-12-31,,2020,net_core_level_capital,bank_indicator.csv,net_core_level_capital,198278000000.0,198278000000.0,198278000000.0,,identity_q1_or_ytd_diff,True,
601169.XSHG,bank_indicator,2020-12-31,,2020,core_level_capital_adequacy_ratio,bank_indicator.csv,core_level_capital_adequacy_ratio,9.42,9.42,9.42,,identity_q1_or_ytd_diff,True,
601169.XSHG,bank_indicator,2020-12-31,,2020,net_level_1_capital,bank_indicator.csv,net_level_1_capital,216250000000.0,216250000000.0,216250000000.0,,identity_q1_or_ytd_diff,True,
601169.XSHG,bank_indicator,2020-12-31,,2020,level_1_capital_adequacy_ratio,bank_indicator.csv,level_1_capital_adequacy_ratio,10.28,10.28,10.28,,identity_q1_or_ytd_diff,True,
601169.XSHG,bank_indicator,2020-12-31,,2020,net_capital,bank_indicator.csv,net_capital,241735000000.0,241735000000.0,241735000000.0,,identity_q1_or_ytd_diff,True,
601169.XSHG,bank_indicator,2020-12-31,,2020,capital_adequacy_ratio,bank_indicator.csv,capital_adequacy_ratio,11.49,11.49,11.49,,identity_q1_or_ytd_diff,True,
601169.XSHG,bank_indicator,2020-12-31,,2020,weighted_risky_asset,bank_indicator.csv,weighted_risky_asset,2103887000000.0,2103887000000.0,2103887000000.0,,identity_q1_or_ytd_diff,True,
601169.XSHG,bank_indicator,2020-12-31,,2020,deposit_loan_ratio,bank_indicator.csv,deposit_loan_ratio,94.6606,94.6606,94.6606,,identity_q1_or_ytd_diff,True,
601169.XSHG,bank_indicator,2020-12-31,,2020,short_term_asset_liquidity_ratio_CNY,bank_indicator.csv,short_term_asset_liquidity_ratio_CNY,60.33,60.33,60.33,,identity_q1_or_ytd_diff,True,
601169.XSHG,bank_indicator,2020-12-31,,2020,short_term_asset_liquidity_ratio_FC,bank_indicator.csv,short_term_asset_liquidity_ratio_FC,,,,,identity_q1_or_ytd_diff,False,missing_raw_value
601169.XSHG,bank_indicator,2020-12-31,,2020,Nonperforming_loan_rate,bank_indicator.csv,Nonperforming_loan_rate,1.57,1.57,1.57,,identity_q1_or_ytd_diff,True,
601169.XSHG,bank_indicator,2020-12-31,,2020,single_largest_customer_loan_ratio,bank_indicator.csv,single_largest_customer_loan_ratio,3.18,3.18,3.18,,identity_q1_or_ytd_diff,True,
601169.XSHG,bank_indicator,2020-12-31,,2020,top_ten_customer_loan_ratio,bank_indicator.csv,top_ten_customer_loan_ratio,21.74,21.74,21.74,,identity_q1_or_ytd_diff,True,
601169.XSHG,bank_indicator,2020-12-31,,2020,bad_debts_reserve,bank_indicator.csv,bad_debts_reserve,52001000000.0,52001000000.0,52001000000.0,,identity_q1_or_ytd_diff,True,
601169.XSHG,bank_indicator,2020-12-31,,2020,non_performing_loan_provision_coverage,bank_indicator.csv,non_performing_loan_provision_coverage,215.95,215.95,215.95,,identity_q1_or_ytd_diff,True,
601169.XSHG,bank_indicator,2020-12-31,,2020,cost_to_income_ratio,bank_indicator.csv,cost_to_income_ratio,22.07,22.07,22.07,,identity_q1_or_ytd_diff,True,
601169.XSHG,bank_indicator,2020-12-31,,2020,former_core_capital,bank_indicator.csv,former_core_capital,,,,,identity_q1_or_ytd_diff,False,missing_raw_value
601169.XSHG,bank_indicator,2020-12-31,,2020,former_net_core_capital,bank_indicator.csv,former_net_core_capital,,,,,identity_q1_or_ytd_diff,False,missing_raw_value
601169.XSHG,bank_indicator,2020-12-31,,2020,former_net_core_capital_adequacy_ratio,bank_indicator.csv,former_net_core_capital_adequacy_ratio,,,,,identity_q1_or_ytd_diff,False,missing_raw_value
601169.XSHG,bank_indicator,2020-12-31,,2020,former_net_capital,bank_indicator.csv,former_net_capital,,,,,identity_q1_or_ytd_diff,False,missing_raw_value
601169.XSHG,bank_indicator,2020-12-31,,2020,former_capital_adequacy_ratio,bank_indicator.csv,former_capital_adequacy_ratio,,,,,identity_q1_or_ytd_diff,False,missing_raw_value
601169.XSHG,bank_indicator,2020-12-31,,2020,former_weighted_risky_asset,bank_indicator.csv,former_weighted_risky_asset,,,,,identity_q1_or_ytd_diff,False,missing_raw_value
601169.XSHG,bank_indicator,2020-12-31,,2020,normal_amount,bank_indicator.csv,normal_amount,1525307000000.0,1525307000000.0,1525307000000.0,,identity_q1_or_ytd_diff,True,
601169.XSHG,bank_indicator,2020-12-31,,2020,normal_amount_ratio,bank_indicator.csv,normal_amount_ratio,97.29,97.29,97.29,,identity_q1_or_ytd_diff,True,
601169.XSHG,bank_indicator,2020-12-31,,2020,concerned_amount,bank_indicator.csv,concerned_amount,17863000000.0,17863000000.0,17863000000.0,,identity_q1_or_ytd_diff,True,
601169.XSHG,bank_indicator,2020-12-31,,2020,concerned_amount_ratio,bank_indicator.csv,concerned_amount_ratio,1.14,1.14,1.14,,identity_q1_or_ytd_diff,True,
601169.XSHG,bank_indicator,2020-12-31,,2020,secondary_amount,bank_indicator.csv,secondary_amount,15496000000.0,15496000000.0,15496000000.0,,identity_q1_or_ytd_diff,True,
601169.XSHG,bank_indicator,2020-12-31,,2020,secondary_amount_ratio,bank_indicator.csv,secondary_amount_ratio,0.99,0.99,0.99,,identity_q1_or_ytd_diff,True,
601169.XSHG,bank_indicator,2020-12-31,,2020,suspicious_amount,bank_indicator.csv,suspicious_amount,5498000000.0,5498000000.0,5498000000.0,,identity_q1_or_ytd_diff,True,
601169.XSHG,bank_indicator,2020-12-31,,2020,suspicious_amount_ratio,bank_indicator.csv,suspicious_amount_ratio,0.35,0.35,0.35,,identity_q1_or_ytd_diff,True,
601169.XSHG,bank_indicator,2020-12-31,,2020,loss_amount,bank_indicator.csv,loss_amount,3557000000.0,3557000000.0,3557000000.0,,identity_q1_or_ytd_diff,True,
601169.XSHG,bank_indicator,2020-12-31,,2020,loss_amount_ratio,bank_indicator.csv,loss_amount_ratio,0.23,0.23,0.23,,identity_q1_or_ytd_diff,True,
601169.XSHG,bank_indicator,2020-12-31,,2020,short_term_loan_average_balance,bank_indicator.csv,short_term_loan_average_balance,,,,,identity_q1_or_ytd_diff,False,missing_raw_value
601169.XSHG,bank_indicator,2020-12-31,,2020,short_term_loan_annualized_average_interest_rate,bank_indicator.csv,short_term_loan_annualized_average_interest_rate,,,,,identity_q1_or_ytd_diff,False,missing_raw_value
601169.XSHG,bank_indicator,2020-12-31,,2020,mid_term_loan_annualized_average_balance,bank_indicator.csv,mid_term_loan_annualized_average_balance,,,,,identity_q1_or_ytd_diff,False,missing_raw_value
601169.XSHG,bank_indicator,2020-12-31,,2020,mid_term_loan_annualized_average_interest_rate,bank_indicator.csv,mid_term_loan_annualized_average_interest_rate,,,,,identity_q1_or_ytd_diff,False,missing_raw_value
601169.XSHG,bank_indicator,2020-12-31,,2020,enterprise_deposits_average_balance,bank_indicator.csv,enterprise_deposits_average_balance,1189383000000.0,1189383000000.0,1189383000000.0,,identity_q1_or_ytd_diff,True,
601169.XSHG,bank_indicator,2020-12-31,,2020,enterprise_deposits_average_interest_rate,bank_indicator.csv,enterprise_deposits_average_interest_rate,1.84,1.84,1.84,,identity_q1_or_ytd_diff,True,
601169.XSHG,bank_indicator,2020-12-31,,2020,savings_deposit_average_balance,bank_indicator.csv,savings_deposit_average_balance,376332000000.0,376332000000.0,376332000000.0,,identity_q1_or_ytd_diff,True,
601169.XSHG,bank_indicator,2020-12-31,,2020,savings_deposit_average_interest_rate,bank_indicator.csv,savings_deposit_average_interest_rate,2.52,2.52,2.52,,identity_q1_or_ytd_diff,True,
601169.XSHG,bank_indicator,2021-12-31,,2021,total_loan,bank_indicator.csv,total_loan,1673238000000.0,1673238000000.0,1673238000000.0,,identity_q1_or_ytd_diff,True,
601169.XSHG,bank_indicator,2021-12-31,,2021,total_deposit,bank_indicator.csv,total_deposit,1723837000000.0,1723837000000.0,1723837000000.0,,identity_q1_or_ytd_diff,True,
601169.XSHG,bank_indicator,2021-12-31,,2021,interest_earning_assets,bank_indicator.csv,interest_earning_assets,2806865000000.0,2806865000000.0,2806865000000.0,,identity_q1_or_ytd_diff,True,
601169.XSHG,bank_indicator,2021-12-31,,2021,non_interest_earning_assets,bank_indicator.csv,non_interest_earning_assets,252094000000.0,252094000000.0,252094000000.0,,identity_q1_or_ytd_diff,True,
601169.XSHG,bank_indicator,2021-12-31,,2021,interest_earning_assets_yield,bank_indicator.csv,interest_earning_assets_yield,4.07,4.07,4.07,,identity_q1_or_ytd_diff,True,
601169.XSHG,bank_indicator,2021-12-31,,2021,interest_bearing_liabilities,bank_indicator.csv,interest_bearing_liabilities,2763905000000.0,2763905000000.0,2763905000000.0,,identity_q1_or_ytd_diff,True,
601169.XSHG,bank_indicator,2021-12-31,,2021,non_interest_bearing_liabilities,bank_indicator.csv,non_interest_bearing_liabilities,-2024000000.0,-2024000000.0,-2024000000.0,,identity_q1_or_ytd_diff,True,
601169.XSHG,bank_indicator,2021-12-31,,2021,interest_bearing_liabilities_interest_rate,bank_indicator.csv,interest_bearing_liabilities_interest_rate,2.27,2.27,2.27,,identity_q1_or_ytd_diff,True,
601169.XSHG,bank_indicator,2021-12-31,,2021,non_interest_income,bank_indicator.csv,non_interest_income,14878000000.0,14878000000.0,14878000000.0,,identity_q1_or_ytd_diff,True,
601169.XSHG,bank_indicator,2021-12-31,,2021,non_interest_income_ratio,bank_indicator.csv,non_interest_income_ratio,22.4489,22.4489,22.4489,,identity_q1_or_ytd_diff,True,
601169.XSHG,bank_indicator,2021-12-31,,2021,net_interest_margin,bank_indicator.csv,net_interest_margin,1.83,1.83,1.83,,identity_q1_or_ytd_diff,True,
601169.XSHG,bank_indicator,2021-12-31,,2021,net_profit_margin,bank_indicator.csv,net_profit_margin,1.8,1.8,1.8,,identity_q1_or_ytd_diff,True,
601169.XSHG,bank_indicator,2021-12-31,,2021,core_level_capital,bank_indicator.csv,core_level_capital,219525000000.0,219525000000.0,219525000000.0,,identity_q1_or_ytd_diff,True,
601169.XSHG,bank_indicator,2021-12-31,,2021,net_core_level_capital,bank_indicator.csv,net_core_level_capital,214102000000.0,214102000000.0,214102000000.0,,identity_q1_or_ytd_diff,True,
601169.XSHG,bank_indicator,2021-12-31,,2021,core_level_capital_adequacy_ratio,bank_indicator.csv,core_level_capital_adequacy_ratio,9.86,9.86,9.86,,identity_q1_or_ytd_diff,True,
601169.XSHG,bank_indicator,2021-12-31,,2021,net_level_1_capital,bank_indicator.csv,net_level_1_capital,292128000000.0,292128000000.0,292128000000.0,,identity_q1_or_ytd_diff,True,
601169.XSHG,bank_indicator,2021-12-31,,2021,level_1_capital_adequacy_ratio,bank_indicator.csv,level_1_capital_adequacy_ratio,13.45,13.45,13.45,,identity_q1_or_ytd_diff,True,
601169.XSHG,bank_indicator,2021-12-31,,2021,net_capital,bank_indicator.csv,net_capital,317828000000.0,317828000000.0,317828000000.0,,identity_q1_or_ytd_diff,True,
601169.XSHG,bank_indicator,2021-12-31,,2021,capital_adequacy_ratio,bank_indicator.csv,capital_adequacy_ratio,14.63,14.63,14.63,,identity_q1_or_ytd_diff,True,
601169.XSHG,bank_indicator,2021-12-31,,2021,weighted_risky_asset,bank_indicator.csv,weighted_risky_asset,2172331000000.0,2172331000000.0,2172331000000.0,,identity_q1_or_ytd_diff,True,
601169.XSHG,bank_indicator,2021-12-31,,2021,deposit_loan_ratio,bank_indicator.csv,deposit_loan_ratio,97.0647,97.0647,97.0647,,identity_q1_or_ytd_diff,True,
601169.XSHG,bank_indicator,2021-12-31,,2021,short_term_asset_liquidity_ratio_CNY,bank_indicator.csv,short_term_asset_liquidity_ratio_CNY,71.82,71.82,71.82,,identity_q1_or_ytd_diff,True,
601169.XSHG,bank_indicator,2021-12-31,,2021,short_term_asset_liquidity_ratio_FC,bank_indicator.csv,short_term_asset_liquidity_ratio_FC,,,,,identity_q1_or_ytd_diff,False,missing_raw_value
601169.XSHG,bank_indicator,2021-12-31,,2021,Nonperforming_loan_rate,bank_indicator.csv,Nonperforming_loan_rate,1.44,1.44,1.44,,identity_q1_or_ytd_diff,True,
601169.XSHG,bank_indicator,2021-12-31,,2021,single_largest_customer_loan_ratio,bank_indicator.csv,single_largest_customer_loan_ratio,5.03,5.03,5.03,,identity_q1_or_ytd_diff,True,
601169.XSHG,bank_indicator,2021-12-31,,2021,top_ten_customer_loan_ratio,bank_indicator.csv,top_ten_customer_loan_ratio,20.57,20.57,20.57,,identity_q1_or_ytd_diff,True,
601169.XSHG,bank_indicator,2021-12-31,,2021,bad_debts_reserve,bank_indicator.csv,bad_debts_reserve,49909000000.0,49909000000.0,49909000000.0,,identity_q1_or_ytd_diff,True,
601169.XSHG,bank_indicator,2021-12-31,,2021,non_performing_loan_provision_coverage,bank_indicator.csv,non_performing_loan_provision_coverage,210.22,210.22,210.22,,identity_q1_or_ytd_diff,True,
601169.XSHG,bank_indicator,2021-12-31,,2021,cost_to_income_ratio,bank_indicator.csv,cost_to_income_ratio,24.96,24.96,24.96,,identity_q1_or_ytd_diff,True,
601169.XSHG,bank_indicator,2021-12-31,,2021,former_core_capital,bank_indicator.csv,former_core_capital,,,,,identity_q1_or_ytd_diff,False,missing_raw_value
601169.XSHG,bank_indicator,2021-12-31,,2021,former_net_core_capital,bank_indicator.csv,former_net_core_capital,,,,,identity_q1_or_ytd_diff,False,missing_raw_value
601169.XSHG,bank_indicator,2021-12-31,,2021,former_net_core_capital_adequacy_ratio,bank_indicator.csv,former_net_core_capital_adequacy_ratio,,,,,identity_q1_or_ytd_diff,False,missing_raw_value
601169.XSHG,bank_indicator,2021-12-31,,2021,former_net_capital,bank_indicator.csv,former_net_capital,,,,,identity_q1_or_ytd_diff,False,missing_raw_value
601169.XSHG,bank_indicator,2021-12-31,,2021,former_capital_adequacy_ratio,bank_indicator.csv,former_capital_adequacy_ratio,,,,,identity_q1_or_ytd_diff,False,missing_raw_value
601169.XSHG,bank_indicator,2021-12-31,,2021,former_weighted_risky_asset,bank_indicator.csv,former_weighted_risky_asset,,,,,identity_q1_or_ytd_diff,False,missing_raw_value
601169.XSHG,bank_indicator,2021-12-31,,2021,normal_amount,bank_indicator.csv,normal_amount,1624393000000.0,1624393000000.0,1624393000000.0,,identity_q1_or_ytd_diff,True,
601169.XSHG,bank_indicator,2021-12-31,,2021,normal_amount_ratio,bank_indicator.csv,normal_amount_ratio,97.08,97.08,97.08,,identity_q1_or_ytd_diff,True,
601169.XSHG,bank_indicator,2021-12-31,,2021,concerned_amount,bank_indicator.csv,concerned_amount,24724000000.0,24724000000.0,24724000000.0,,identity_q1_or_ytd_diff,True,
601169.XSHG,bank_indicator,2021-12-31,,2021,concerned_amount_ratio,bank_indicator.csv,concerned_amount_ratio,1.48,1.48,1.48,,identity_q1_or_ytd_diff,True,
601169.XSHG,bank_indicator,2021-12-31,,2021,secondary_amount,bank_indicator.csv,secondary_amount,14764000000.0,14764000000.0,14764000000.0,,identity_q1_or_ytd_diff,True,
601169.XSHG,bank_indicator,2021-12-31,,2021,secondary_amount_ratio,bank_indicator.csv,secondary_amount_ratio,0.88,0.88,0.88,,identity_q1_or_ytd_diff,True,
601169.XSHG,bank_indicator,2021-12-31,,2021,suspicious_amount,bank_indicator.csv,suspicious_amount,5889000000.0,5889000000.0,5889000000.0,,identity_q1_or_ytd_diff,True,
601169.XSHG,bank_indicator,2021-12-31,,2021,suspicious_amount_ratio,bank_indicator.csv,suspicious_amount_ratio,0.35,0.35,0.35,,identity_q1_or_ytd_diff,True,
601169.XSHG,bank_indicator,2021-12-31,,2021,loss_amount,bank_indicator.csv,loss_amount,3468000000.0,3468000000.0,3468000000.0,,identity_q1_or_ytd_diff,True,
601169.XSHG,bank_indicator,2021-12-31,,2021,loss_amount_ratio,bank_indicator.csv,loss_amount_ratio,0.21,0.21,0.21,,identity_q1_or_ytd_diff,True,
601169.XSHG,bank_indicator,2021-12-31,,2021,short_term_loan_average_balance,bank_indicator.csv,short_term_loan_average_balance,,,,,identity_q1_or_ytd_diff,False,missing_raw_value
601169.XSHG,bank_indicator,2021-12-31,,2021,short_term_loan_annualized_average_interest_rate,bank_indicator.csv,short_term_loan_annualized_average_interest_rate,,,,,identity_q1_or_ytd_diff,False,missing_raw_value
601169.XSHG,bank_indicator,2021-12-31,,2021,mid_term_loan_annualized_average_balance,bank_indicator.csv,mid_term_loan_annualized_average_balance,,,,,identity_q1_or_ytd_diff,False,missing_raw_value
601169.XSHG,bank_indicator,2021-12-31,,2021,mid_term_loan_annualized_average_interest_rate,bank_indicator.csv,mid_term_loan_annualized_average_interest_rate,,,,,identity_q1_or_ytd_diff,False,missing_raw_value
601169.XSHG,bank_indicator,2021-12-31,,2021,enterprise_deposits_average_balance,bank_indicator.csv,enterprise_deposits_average_balance,1244741000000.0,1244741000000.0,1244741000000.0,,identity_q1_or_ytd_diff,True,
601169.XSHG,bank_indicator,2021-12-31,,2021,enterprise_deposits_average_interest_rate,bank_indicator.csv,enterprise_deposits_average_interest_rate,1.82,1.82,1.82,,identity_q1_or_ytd_diff,True,
601169.XSHG,bank_indicator,2021-12-31,,2021,savings_deposit_average_balance,bank_indicator.csv,savings_deposit_average_balance,416745000000.0,416745000000.0,416745000000.0,,identity_q1_or_ytd_diff,True,
601169.XSHG,bank_indicator,2021-12-31,,2021,savings_deposit_average_interest_rate,bank_indicator.csv,savings_deposit_average_interest_rate,2.42,2.42,2.42,,identity_q1_or_ytd_diff,True,
601169.XSHG,bank_indicator,2022-12-31,,2022,total_loan,bank_indicator.csv,total_loan,1801961000000.0,1801961000000.0,1801961000000.0,,identity_q1_or_ytd_diff,True,
601169.XSHG,bank_indicator,2022-12-31,,2022,total_deposit,bank_indicator.csv,total_deposit,1945020000000.0,1945020000000.0,1945020000000.0,,identity_q1_or_ytd_diff,True,
601169.XSHG,bank_indicator,2022-12-31,,2022,interest_earning_assets,bank_indicator.csv,interest_earning_assets,2918991000000.0,2918991000000.0,2918991000000.0,,identity_q1_or_ytd_diff,True,
601169.XSHG,bank_indicator,2022-12-31,,2022,non_interest_earning_assets,bank_indicator.csv,non_interest_earning_assets,468961000000.0,468961000000.0,468961000000.0,,identity_q1_or_ytd_diff,True,
601169.XSHG,bank_indicator,2022-12-31,,2022,interest_earning_assets_yield,bank_indicator.csv,interest_earning_assets_yield,3.85,3.85,3.85,,identity_q1_or_ytd_diff,True,
601169.XSHG,bank_indicator,2022-12-31,,2022,interest_bearing_liabilities,bank_indicator.csv,interest_bearing_liabilities,2848081000000.0,2848081000000.0,2848081000000.0,,identity_q1_or_ytd_diff,True,
601169.XSHG,bank_indicator,2022-12-31,,2022,non_interest_bearing_liabilities,bank_indicator.csv,non_interest_bearing_liabilities,229254000000.0,229254000000.0,229254000000.0,,identity_q1_or_ytd_diff,True,
601169.XSHG,bank_indicator,2022-12-31,,2022,interest_bearing_liabilities_interest_rate,bank_indicator.csv,interest_bearing_liabilities_interest_rate,2.14,2.14,2.14,,identity_q1_or_ytd_diff,True,
601169.XSHG,bank_indicator,2022-12-31,,2022,non_interest_income,bank_indicator.csv,non_interest_income,14818000000.0,14818000000.0,14818000000.0,,identity_q1_or_ytd_diff,True,
601169.XSHG,bank_indicator,2022-12-31,,2022,non_interest_income_ratio,bank_indicator.csv,non_interest_income_ratio,22.36,22.36,22.36,,identity_q1_or_ytd_diff,True,
601169.XSHG,bank_indicator,2022-12-31,,2022,net_interest_margin,bank_indicator.csv,net_interest_margin,1.76,1.76,1.76,,identity_q1_or_ytd_diff,True,
601169.XSHG,bank_indicator,2022-12-31,,2022,net_profit_margin,bank_indicator.csv,net_profit_margin,1.71,1.71,1.71,,identity_q1_or_ytd_diff,True,
601169.XSHG,bank_indicator,2022-12-31,,2022,core_level_capital,bank_indicator.csv,core_level_capital,233065000000.0,233065000000.0,233065000000.0,,identity_q1_or_ytd_diff,True,
601169.XSHG,bank_indicator,2022-12-31,,2022,net_core_level_capital,bank_indicator.csv,net_core_level_capital,224327000000.0,224327000000.0,224327000000.0,,identity_q1_or_ytd_diff,True,
601169.XSHG,bank_indicator,2022-12-31,,2022,core_level_capital_adequacy_ratio,bank_indicator.csv,core_level_capital_adequacy_ratio,9.54,9.54,9.54,,identity_q1_or_ytd_diff,True,
601169.XSHG,bank_indicator,2022-12-31,,2022,net_level_1_capital,bank_indicator.csv,net_level_1_capital,302434000000.0,302434000000.0,302434000000.0,,identity_q1_or_ytd_diff,True,
601169.XSHG,bank_indicator,2022-12-31,,2022,level_1_capital_adequacy_ratio,bank_indicator.csv,level_1_capital_adequacy_ratio,12.86,12.86,12.86,,identity_q1_or_ytd_diff,True,
601169.XSHG,bank_indicator,2022-12-31,,2022,net_capital,bank_indicator.csv,net_capital,330283000000.0,330283000000.0,330283000000.0,,identity_q1_or_ytd_diff,True,
601169.XSHG,bank_indicator,2022-12-31,,2022,capital_adequacy_ratio,bank_indicator.csv,capital_adequacy_ratio,14.04,14.04,14.04,,identity_q1_or_ytd_diff,True,
601169.XSHG,bank_indicator,2022-12-31,,2022,weighted_risky_asset,bank_indicator.csv,weighted_risky_asset,2352106000000.0,2352106000000.0,2352106000000.0,,identity_q1_or_ytd_diff,True,
601169.XSHG,bank_indicator,2022-12-31,,2022,deposit_loan_ratio,bank_indicator.csv,deposit_loan_ratio,92.6449,92.6449,92.6449,,identity_q1_or_ytd_diff,True,
601169.XSHG,bank_indicator,2022-12-31,,2022,short_term_asset_liquidity_ratio_CNY,bank_indicator.csv,short_term_asset_liquidity_ratio_CNY,76.93,76.93,76.93,,identity_q1_or_ytd_diff,True,
601169.XSHG,bank_indicator,2022-12-31,,2022,short_term_asset_liquidity_ratio_FC,bank_indicator.csv,short_term_asset_liquidity_ratio_FC,,,,,identity_q1_or_ytd_diff,False,missing_raw_value
601169.XSHG,bank_indicator,2022-12-31,,2022,Nonperforming_loan_rate,bank_indicator.csv,Nonperforming_loan_rate,1.43,1.43,1.43,,identity_q1_or_ytd_diff,True,
601169.XSHG,bank_indicator,2022-12-31,,2022,single_largest_customer_loan_ratio,bank_indicator.csv,single_largest_customer_loan_ratio,7.56,7.56,7.56,,identity_q1_or_ytd_diff,True,
601169.XSHG,bank_indicator,2022-12-31,,2022,top_ten_customer_loan_ratio,bank_indicator.csv,top_ten_customer_loan_ratio,25.59,25.59,25.59,,identity_q1_or_ytd_diff,True,
601169.XSHG,bank_indicator,2022-12-31,,2022,bad_debts_reserve,bank_indicator.csv,bad_debts_reserve,52854000000.0,52854000000.0,52854000000.0,,identity_q1_or_ytd_diff,True,
601169.XSHG,bank_indicator,2022-12-31,,2022,non_performing_loan_provision_coverage,bank_indicator.csv,non_performing_loan_provision_coverage,210.04,210.04,210.04,,identity_q1_or_ytd_diff,True,
601169.XSHG,bank_indicator,2022-12-31,,2022,cost_to_income_ratio,bank_indicator.csv,cost_to_income_ratio,26.55,26.55,26.55,,identity_q1_or_ytd_diff,True,
601169.XSHG,bank_indicator,2022-12-31,,2022,former_core_capital,bank_indicator.csv,former_core_capital,,,,,identity_q1_or_ytd_diff,False,missing_raw_value
601169.XSHG,bank_indicator,2022-12-31,,2022,former_net_core_capital,bank_indicator.csv,former_net_core_capital,,,,,identity_q1_or_ytd_diff,False,missing_raw_value
601169.XSHG,bank_indicator,2022-12-31,,2022,former_net_core_capital_adequacy_ratio,bank_indicator.csv,former_net_core_capital_adequacy_ratio,,,,,identity_q1_or_ytd_diff,False,missing_raw_value
601169.XSHG,bank_indicator,2022-12-31,,2022,former_net_capital,bank_indicator.csv,former_net_capital,,,,,identity_q1_or_ytd_diff,False,missing_raw_value
601169.XSHG,bank_indicator,2022-12-31,,2022,former_capital_adequacy_ratio,bank_indicator.csv,former_capital_adequacy_ratio,,,,,identity_q1_or_ytd_diff,False,missing_raw_value
601169.XSHG,bank_indicator,2022-12-31,,2022,former_weighted_risky_asset,bank_indicator.csv,former_weighted_risky_asset,,,,,identity_q1_or_ytd_diff,False,missing_raw_value
601169.XSHG,bank_indicator,2022-12-31,,2022,normal_amount,bank_indicator.csv,normal_amount,1742637000000.0,1742637000000.0,1742637000000.0,,identity_q1_or_ytd_diff,True,
601169.XSHG,bank_indicator,2022-12-31,,2022,normal_amount_ratio,bank_indicator.csv,normal_amount_ratio,96.96,96.96,96.96,,identity_q1_or_ytd_diff,True,
601169.XSHG,bank_indicator,2022-12-31,,2022,concerned_amount,bank_indicator.csv,concerned_amount,28970000000.0,28970000000.0,28970000000.0,,identity_q1_or_ytd_diff,True,
601169.XSHG,bank_indicator,2022-12-31,,2022,concerned_amount_ratio,bank_indicator.csv,concerned_amount_ratio,1.61,1.61,1.61,,identity_q1_or_ytd_diff,True,
601169.XSHG,bank_indicator,2022-12-31,,2022,secondary_amount,bank_indicator.csv,secondary_amount,12691000000.0,12691000000.0,12691000000.0,,identity_q1_or_ytd_diff,True,
601169.XSHG,bank_indicator,2022-12-31,,2022,secondary_amount_ratio,bank_indicator.csv,secondary_amount_ratio,0.71,0.71,0.71,,identity_q1_or_ytd_diff,True,
601169.XSHG,bank_indicator,2022-12-31,,2022,suspicious_amount,bank_indicator.csv,suspicious_amount,9358000000.0,9358000000.0,9358000000.0,,identity_q1_or_ytd_diff,True,
601169.XSHG,bank_indicator,2022-12-31,,2022,suspicious_amount_ratio,bank_indicator.csv,suspicious_amount_ratio,0.52,0.52,0.52,,identity_q1_or_ytd_diff,True,
601169.XSHG,bank_indicator,2022-12-31,,2022,loss_amount,bank_indicator.csv,loss_amount,3663000000.0,3663000000.0,3663000000.0,,identity_q1_or_ytd_diff,True,
601169.XSHG,bank_indicator,2022-12-31,,2022,loss_amount_ratio,bank_indicator.csv,loss_amount_ratio,0.2,0.2,0.2,,identity_q1_or_ytd_diff,True,
601169.XSHG,bank_indicator,2022-12-31,,2022,short_term_loan_average_balance,bank_indicator.csv,short_term_loan_average_balance,,,,,identity_q1_or_ytd_diff,False,missing_raw_value
601169.XSHG,bank_indicator,2022-12-31,,2022,short_term_loan_annualized_average_interest_rate,bank_indicator.csv,short_term_loan_annualized_average_interest_rate,,,,,identity_q1_or_ytd_diff,False,missing_raw_value
601169.XSHG,bank_indicator,2022-12-31,,2022,mid_term_loan_annualized_average_balance,bank_indicator.csv,mid_term_loan_annualized_average_balance,,,,,identity_q1_or_ytd_diff,False,missing_raw_value
601169.XSHG,bank_indicator,2022-12-31,,2022,mid_term_loan_annualized_average_interest_rate,bank_indicator.csv,mid_term_loan_annualized_average_interest_rate,,,,,identity_q1_or_ytd_diff,False,missing_raw_value
601169.XSHG,bank_indicator,2022-12-31,,2022,enterprise_deposits_average_balance,bank_indicator.csv,enterprise_deposits_average_balance,1335614000000.0,1335614000000.0,1335614000000.0,,identity_q1_or_ytd_diff,True,
601169.XSHG,bank_indicator,2022-12-31,,2022,enterprise_deposits_average_interest_rate,bank_indicator.csv,enterprise_deposits_average_interest_rate,1.92,1.92,1.92,,identity_q1_or_ytd_diff,True,
601169.XSHG,bank_indicator,2022-12-31,,2022,savings_deposit_average_balance,bank_indicator.csv,savings_deposit_average_balance,478512000000.0,478512000000.0,478512000000.0,,identity_q1_or_ytd_diff,True,
601169.XSHG,bank_indicator,2022-12-31,,2022,savings_deposit_average_interest_rate,bank_indicator.csv,savings_deposit_average_interest_rate,2.28,2.28,2.28,,identity_q1_or_ytd_diff,True,
601169.XSHG,bank_indicator,2023-12-31,,2023,total_loan,bank_indicator.csv,total_loan,2015552000000.0,2015552000000.0,2015552000000.0,,identity_q1_or_ytd_diff,True,
601169.XSHG,bank_indicator,2023-12-31,,2023,total_deposit,bank_indicator.csv,total_deposit,2101031000000.0,2101031000000.0,2101031000000.0,,identity_q1_or_ytd_diff,True,
601169.XSHG,bank_indicator,2023-12-31,,2023,interest_earning_assets,bank_indicator.csv,interest_earning_assets,3188638000000.0,3188638000000.0,3188638000000.0,,identity_q1_or_ytd_diff,True,
601169.XSHG,bank_indicator,2023-12-31,,2023,non_interest_earning_assets,bank_indicator.csv,non_interest_earning_assets,560041000000.0,560041000000.0,560041000000.0,,identity_q1_or_ytd_diff,True,
601169.XSHG,bank_indicator,2023-12-31,,2023,interest_earning_assets_yield,bank_indicator.csv,interest_earning_assets_yield,3.67,3.67,3.67,,identity_q1_or_ytd_diff,True,
601169.XSHG,bank_indicator,2023-12-31,,2023,interest_bearing_liabilities,bank_indicator.csv,interest_bearing_liabilities,3191215000000.0,3191215000000.0,3191215000000.0,,identity_q1_or_ytd_diff,True,
601169.XSHG,bank_indicator,2023-12-31,,2023,non_interest_bearing_liabilities,bank_indicator.csv,non_interest_bearing_liabilities,229232000000.0,229232000000.0,229232000000.0,,identity_q1_or_ytd_diff,True,
601169.XSHG,bank_indicator,2023-12-31,,2023,interest_bearing_liabilities_interest_rate,bank_indicator.csv,interest_bearing_liabilities_interest_rate,2.13,2.13,2.13,,identity_q1_or_ytd_diff,True,
601169.XSHG,bank_indicator,2023-12-31,,2023,non_interest_income,bank_indicator.csv,non_interest_income,16361000000.0,16361000000.0,16361000000.0,,identity_q1_or_ytd_diff,True,
601169.XSHG,bank_indicator,2023-12-31,,2023,non_interest_income_ratio,bank_indicator.csv,non_interest_income_ratio,24.53,24.53,24.53,,identity_q1_or_ytd_diff,True,
601169.XSHG,bank_indicator,2023-12-31,,2023,net_interest_margin,bank_indicator.csv,net_interest_margin,1.54,1.54,1.54,,identity_q1_or_ytd_diff,True,
601169.XSHG,bank_indicator,2023-12-31,,2023,net_profit_margin,bank_indicator.csv,net_profit_margin,1.53,1.53,1.53,,identity_q1_or_ytd_diff,True,
601169.XSHG,bank_indicator,2023-12-31,,2023,core_level_capital,bank_indicator.csv,core_level_capital,251199000000.0,251199000000.0,251199000000.0,,identity_q1_or_ytd_diff,True,
601169.XSHG,bank_indicator,2023-12-31,,2023,net_core_level_capital,bank_indicator.csv,net_core_level_capital,241146000000.0,241146000000.0,241146000000.0,,identity_q1_or_ytd_diff,True,
601169.XSHG,bank_indicator,2023-12-31,,2023,core_level_capital_adequacy_ratio,bank_indicator.csv,core_level_capital_adequacy_ratio,9.21,9.21,9.21,,identity_q1_or_ytd_diff,True,
601169.XSHG,bank_indicator,2023-12-31,,2023,net_level_1_capital,bank_indicator.csv,net_level_1_capital,319179000000.0,319179000000.0,319179000000.0,,identity_q1_or_ytd_diff,True,
601169.XSHG,bank_indicator,2023-12-31,,2023,level_1_capital_adequacy_ratio,bank_indicator.csv,level_1_capital_adequacy_ratio,12.18,12.18,12.18,,identity_q1_or_ytd_diff,True,
601169.XSHG,bank_indicator,2023-12-31,,2023,net_capital,bank_indicator.csv,net_capital,350198000000.0,350198000000.0,350198000000.0,,identity_q1_or_ytd_diff,True,
601169.XSHG,bank_indicator,2023-12-31,,2023,capital_adequacy_ratio,bank_indicator.csv,capital_adequacy_ratio,13.37,13.37,13.37,,identity_q1_or_ytd_diff,True,
601169.XSHG,bank_indicator,2023-12-31,,2023,weighted_risky_asset,bank_indicator.csv,weighted_risky_asset,2619504000000.0,2619504000000.0,2619504000000.0,,identity_q1_or_ytd_diff,True,
601169.XSHG,bank_indicator,2023-12-31,,2023,deposit_loan_ratio,bank_indicator.csv,deposit_loan_ratio,95.9316,95.9316,95.9316,,identity_q1_or_ytd_diff,True,
601169.XSHG,bank_indicator,2023-12-31,,2023,short_term_asset_liquidity_ratio_CNY,bank_indicator.csv,short_term_asset_liquidity_ratio_CNY,92.23,92.23,92.23,,identity_q1_or_ytd_diff,True,
601169.XSHG,bank_indicator,2023-12-31,,2023,short_term_asset_liquidity_ratio_FC,bank_indicator.csv,short_term_asset_liquidity_ratio_FC,,,,,identity_q1_or_ytd_diff,False,missing_raw_value
601169.XSHG,bank_indicator,2023-12-31,,2023,Nonperforming_loan_rate,bank_indicator.csv,Nonperforming_loan_rate,1.32,1.32,1.32,,identity_q1_or_ytd_diff,True,
601169.XSHG,bank_indicator,2023-12-31,,2023,single_largest_customer_loan_ratio,bank_indicator.csv,single_largest_customer_loan_ratio,4.83,4.83,4.83,,identity_q1_or_ytd_diff,True,
601169.XSHG,bank_indicator,2023-12-31,,2023,top_ten_customer_loan_ratio,bank_indicator.csv,top_ten_customer_loan_ratio,25.17,25.17,25.17,,identity_q1_or_ytd_diff,True,
601169.XSHG,bank_indicator,2023-12-31,,2023,bad_debts_reserve,bank_indicator.csv,bad_debts_reserve,56024000000.0,56024000000.0,56024000000.0,,identity_q1_or_ytd_diff,True,
601169.XSHG,bank_indicator,2023-12-31,,2023,non_performing_loan_provision_coverage,bank_indicator.csv,non_performing_loan_provision_coverage,216.78,216.78,216.78,,identity_q1_or_ytd_diff,True,
601169.XSHG,bank_indicator,2023-12-31,,2023,cost_to_income_ratio,bank_indicator.csv,cost_to_income_ratio,28.88,28.88,28.88,,identity_q1_or_ytd_diff,True,
601169.XSHG,bank_indicator,2023-12-31,,2023,former_core_capital,bank_indicator.csv,former_core_capital,,,,,identity_q1_or_ytd_diff,False,missing_raw_value
601169.XSHG,bank_indicator,2023-12-31,,2023,former_net_core_capital,bank_indicator.csv,former_net_core_capital,,,,,identity_q1_or_ytd_diff,False,missing_raw_value
601169.XSHG,bank_indicator,2023-12-31,,2023,former_net_core_capital_adequacy_ratio,bank_indicator.csv,former_net_core_capital_adequacy_ratio,,,,,identity_q1_or_ytd_diff,False,missing_raw_value
601169.XSHG,bank_indicator,2023-12-31,,2023,former_net_capital,bank_indicator.csv,former_net_capital,,,,,identity_q1_or_ytd_diff,False,missing_raw_value
601169.XSHG,bank_indicator,2023-12-31,,2023,former_capital_adequacy_ratio,bank_indicator.csv,former_capital_adequacy_ratio,,,,,identity_q1_or_ytd_diff,False,missing_raw_value
601169.XSHG,bank_indicator,2023-12-31,,2023,former_weighted_risky_asset,bank_indicator.csv,former_weighted_risky_asset,,,,,identity_q1_or_ytd_diff,False,missing_raw_value
601169.XSHG,bank_indicator,2023-12-31,,2023,normal_amount,bank_indicator.csv,normal_amount,1953134000000.0,1953134000000.0,1953134000000.0,,identity_q1_or_ytd_diff,True,
601169.XSHG,bank_indicator,2023-12-31,,2023,normal_amount_ratio,bank_indicator.csv,normal_amount_ratio,96.9,96.9,96.9,,identity_q1_or_ytd_diff,True,
601169.XSHG,bank_indicator,2023-12-31,,2023,concerned_amount,bank_indicator.csv,concerned_amount,35847000000.0,35847000000.0,35847000000.0,,identity_q1_or_ytd_diff,True,
601169.XSHG,bank_indicator,2023-12-31,,2023,concerned_amount_ratio,bank_indicator.csv,concerned_amount_ratio,1.78,1.78,1.78,,identity_q1_or_ytd_diff,True,
601169.XSHG,bank_indicator,2023-12-31,,2023,secondary_amount,bank_indicator.csv,secondary_amount,13519000000.0,13519000000.0,13519000000.0,,identity_q1_or_ytd_diff,True,
601169.XSHG,bank_indicator,2023-12-31,,2023,secondary_amount_ratio,bank_indicator.csv,secondary_amount_ratio,0.67,0.67,0.67,,identity_q1_or_ytd_diff,True,
601169.XSHG,bank_indicator,2023-12-31,,2023,suspicious_amount,bank_indicator.csv,suspicious_amount,8216000000.0,8216000000.0,8216000000.0,,identity_q1_or_ytd_diff,True,
601169.XSHG,bank_indicator,2023-12-31,,2023,suspicious_amount_ratio,bank_indicator.csv,suspicious_amount_ratio,0.41,0.41,0.41,,identity_q1_or_ytd_diff,True,
601169.XSHG,bank_indicator,2023-12-31,,2023,loss_amount,bank_indicator.csv,loss_amount,4836000000.0,4836000000.0,4836000000.0,,identity_q1_or_ytd_diff,True,
601169.XSHG,bank_indicator,2023-12-31,,2023,loss_amount_ratio,bank_indicator.csv,loss_amount_ratio,0.24,0.24,0.24,,identity_q1_or_ytd_diff,True,
601169.XSHG,bank_indicator,2023-12-31,,2023,short_term_loan_average_balance,bank_indicator.csv,short_term_loan_average_balance,,,,,identity_q1_or_ytd_diff,False,missing_raw_value
601169.XSHG,bank_indicator,2023-12-31,,2023,short_term_loan_annualized_average_interest_rate,bank_indicator.csv,short_term_loan_annualized_average_interest_rate,,,,,identity_q1_or_ytd_diff,False,missing_raw_value
601169.XSHG,bank_indicator,2023-12-31,,2023,mid_term_loan_annualized_average_balance,bank_indicator.csv,mid_term_loan_annualized_average_balance,,,,,identity_q1_or_ytd_diff,False,missing_raw_value
601169.XSHG,bank_indicator,2023-12-31,,2023,mid_term_loan_annualized_average_interest_rate,bank_indicator.csv,mid_term_loan_annualized_average_interest_rate,,,,,identity_q1_or_ytd_diff,False,missing_raw_value
601169.XSHG,bank_indicator,2023-12-31,,2023,enterprise_deposits_average_balance,bank_indicator.csv,enterprise_deposits_average_balance,1429462000000.0,1429462000000.0,1429462000000.0,,identity_q1_or_ytd_diff,True,
601169.XSHG,bank_indicator,2023-12-31,,2023,enterprise_deposits_average_interest_rate,bank_indicator.csv,enterprise_deposits_average_interest_rate,1.86,1.86,1.86,,identity_q1_or_ytd_diff,True,
601169.XSHG,bank_indicator,2023-12-31,,2023,savings_deposit_average_balance,bank_indicator.csv,savings_deposit_average_balance,573043000000.0,573043000000.0,573043000000.0,,identity_q1_or_ytd_diff,True,
601169.XSHG,bank_indicator,2023-12-31,,2023,savings_deposit_average_interest_rate,bank_indicator.csv,savings_deposit_average_interest_rate,2.23,2.23,2.23,,identity_q1_or_ytd_diff,True,
601169.XSHG,bank_indicator,2024-12-31,,2024,total_loan,,total_loan,,,,,identity_q1_or_ytd_diff,False,provider_unavailable_annual_bank_indicator
601169.XSHG,bank_indicator,2024-12-31,,2024,total_deposit,,total_deposit,,,,,identity_q1_or_ytd_diff,False,provider_unavailable_annual_bank_indicator
601169.XSHG,bank_indicator,2024-12-31,,2024,interest_earning_assets,,interest_earning_assets,,,,,identity_q1_or_ytd_diff,False,provider_unavailable_annual_bank_indicator
601169.XSHG,bank_indicator,2024-12-31,,2024,non_interest_earning_assets,,non_interest_earning_assets,,,,,identity_q1_or_ytd_diff,False,provider_unavailable_annual_bank_indicator
601169.XSHG,bank_indicator,2024-12-31,,2024,interest_earning_assets_yield,,interest_earning_assets_yield,,,,,identity_q1_or_ytd_diff,False,provider_unavailable_annual_bank_indicator
601169.XSHG,bank_indicator,2024-12-31,,2024,interest_bearing_liabilities,,interest_bearing_liabilities,,,,,identity_q1_or_ytd_diff,False,provider_unavailable_annual_bank_indicator
601169.XSHG,bank_indicator,2024-12-31,,2024,non_interest_bearing_liabilities,,non_interest_bearing_liabilities,,,,,identity_q1_or_ytd_diff,False,provider_unavailable_annual_bank_indicator
601169.XSHG,bank_indicator,2024-12-31,,2024,interest_bearing_liabilities_interest_rate,,interest_bearing_liabilities_interest_rate,,,,,identity_q1_or_ytd_diff,False,provider_unavailable_annual_bank_indicator
601169.XSHG,bank_indicator,2024-12-31,,2024,non_interest_income,,non_interest_income,,,,,identity_q1_or_ytd_diff,False,provider_unavailable_annual_bank_indicator
601169.XSHG,bank_indicator,2024-12-31,,2024,non_interest_income_ratio,,non_interest_income_ratio,,,,,identity_q1_or_ytd_diff,False,provider_unavailable_annual_bank_indicator
601169.XSHG,bank_indicator,2024-12-31,,2024,net_interest_margin,,net_interest_margin,,,,,identity_q1_or_ytd_diff,False,provider_unavailable_annual_bank_indicator
601169.XSHG,bank_indicator,2024-12-31,,2024,net_profit_margin,,net_profit_margin,,,,,identity_q1_or_ytd_diff,False,provider_unavailable_annual_bank_indicator
601169.XSHG,bank_indicator,2024-12-31,,2024,core_level_capital,,core_level_capital,,,,,identity_q1_or_ytd_diff,False,provider_unavailable_annual_bank_indicator
601169.XSHG,bank_indicator,2024-12-31,,2024,net_core_level_capital,,net_core_level_capital,,,,,identity_q1_or_ytd_diff,False,provider_unavailable_annual_bank_indicator
601169.XSHG,bank_indicator,2024-12-31,,2024,core_level_capital_adequacy_ratio,,core_level_capital_adequacy_ratio,,,,,identity_q1_or_ytd_diff,False,provider_unavailable_annual_bank_indicator
601169.XSHG,bank_indicator,2024-12-31,,2024,net_level_1_capital,,net_level_1_capital,,,,,identity_q1_or_ytd_diff,False,provider_unavailable_annual_bank_indicator
601169.XSHG,bank_indicator,2024-12-31,,2024,level_1_capital_adequacy_ratio,,level_1_capital_adequacy_ratio,,,,,identity_q1_or_ytd_diff,False,provider_unavailable_annual_bank_indicator
601169.XSHG,bank_indicator,2024-12-31,,2024,net_capital,,net_capital,,,,,identity_q1_or_ytd_diff,False,provider_unavailable_annual_bank_indicator
601169.XSHG,bank_indicator,2024-12-31,,2024,capital_adequacy_ratio,,capital_adequacy_ratio,,,,,identity_q1_or_ytd_diff,False,provider_unavailable_annual_bank_indicator
601169.XSHG,bank_indicator,2024-12-31,,2024,weighted_risky_asset,,weighted_risky_asset,,,,,identity_q1_or_ytd_diff,False,provider_unavailable_annual_bank_indicator
601169.XSHG,bank_indicator,2024-12-31,,2024,deposit_loan_ratio,,deposit_loan_ratio,,,,,identity_q1_or_ytd_diff,False,provider_unavailable_annual_bank_indicator
601169.XSHG,bank_indicator,2024-12-31,,2024,short_term_asset_liquidity_ratio_CNY,,short_term_asset_liquidity_ratio_CNY,,,,,identity_q1_or_ytd_diff,False,provider_unavailable_annual_bank_indicator
601169.XSHG,bank_indicator,2024-12-31,,2024,short_term_asset_liquidity_ratio_FC,,short_term_asset_liquidity_ratio_FC,,,,,identity_q1_or_ytd_diff,False,provider_unavailable_annual_bank_indicator
601169.XSHG,bank_indicator,2024-12-31,,2024,Nonperforming_loan_rate,,Nonperforming_loan_rate,,,,,identity_q1_or_ytd_diff,False,provider_unavailable_annual_bank_indicator
601169.XSHG,bank_indicator,2024-12-31,,2024,single_largest_customer_loan_ratio,,single_largest_customer_loan_ratio,,,,,identity_q1_or_ytd_diff,False,provider_unavailable_annual_bank_indicator
601169.XSHG,bank_indicator,2024-12-31,,2024,top_ten_customer_loan_ratio,,top_ten_customer_loan_ratio,,,,,identity_q1_or_ytd_diff,False,provider_unavailable_annual_bank_indicator
601169.XSHG,bank_indicator,2024-12-31,,2024,bad_debts_reserve,,bad_debts_reserve,,,,,identity_q1_or_ytd_diff,False,provider_unavailable_annual_bank_indicator
601169.XSHG,bank_indicator,2024-12-31,,2024,non_performing_loan_provision_coverage,,non_performing_loan_provision_coverage,,,,,identity_q1_or_ytd_diff,False,provider_unavailable_annual_bank_indicator
601169.XSHG,bank_indicator,2024-12-31,,2024,cost_to_income_ratio,,cost_to_income_ratio,,,,,identity_q1_or_ytd_diff,False,provider_unavailable_annual_bank_indicator
601169.XSHG,bank_indicator,2024-12-31,,2024,former_core_capital,,former_core_capital,,,,,identity_q1_or_ytd_diff,False,provider_unavailable_annual_bank_indicator
601169.XSHG,bank_indicator,2024-12-31,,2024,former_net_core_capital,,former_net_core_capital,,,,,identity_q1_or_ytd_diff,False,provider_unavailable_annual_bank_indicator
601169.XSHG,bank_indicator,2024-12-31,,2024,former_net_core_capital_adequacy_ratio,,former_net_core_capital_adequacy_ratio,,,,,identity_q1_or_ytd_diff,False,provider_unavailable_annual_bank_indicator
601169.XSHG,bank_indicator,2024-12-31,,2024,former_net_capital,,former_net_capital,,,,,identity_q1_or_ytd_diff,False,provider_unavailable_annual_bank_indicator
601169.XSHG,bank_indicator,2024-12-31,,2024,former_capital_adequacy_ratio,,former_capital_adequacy_ratio,,,,,identity_q1_or_ytd_diff,False,provider_unavailable_annual_bank_indicator
601169.XSHG,bank_indicator,2024-12-31,,2024,former_weighted_risky_asset,,former_weighted_risky_asset,,,,,identity_q1_or_ytd_diff,False,provider_unavailable_annual_bank_indicator
601169.XSHG,bank_indicator,2024-12-31,,2024,normal_amount,,normal_amount,,,,,identity_q1_or_ytd_diff,False,provider_unavailable_annual_bank_indicator
601169.XSHG,bank_indicator,2024-12-31,,2024,normal_amount_ratio,,normal_amount_ratio,,,,,identity_q1_or_ytd_diff,False,provider_unavailable_annual_bank_indicator
601169.XSHG,bank_indicator,2024-12-31,,2024,concerned_amount,,concerned_amount,,,,,identity_q1_or_ytd_diff,False,provider_unavailable_annual_bank_indicator
601169.XSHG,bank_indicator,2024-12-31,,2024,concerned_amount_ratio,,concerned_amount_ratio,,,,,identity_q1_or_ytd_diff,False,provider_unavailable_annual_bank_indicator
601169.XSHG,bank_indicator,2024-12-31,,2024,secondary_amount,,secondary_amount,,,,,identity_q1_or_ytd_diff,False,provider_unavailable_annual_bank_indicator
601169.XSHG,bank_indicator,2024-12-31,,2024,secondary_amount_ratio,,secondary_amount_ratio,,,,,identity_q1_or_ytd_diff,False,provider_unavailable_annual_bank_indicator
601169.XSHG,bank_indicator,2024-12-31,,2024,suspicious_amount,,suspicious_amount,,,,,identity_q1_or_ytd_diff,False,provider_unavailable_annual_bank_indicator
601169.XSHG,bank_indicator,2024-12-31,,2024,suspicious_amount_ratio,,suspicious_amount_ratio,,,,,identity_q1_or_ytd_diff,False,provider_unavailable_annual_bank_indicator
601169.XSHG,bank_indicator,2024-12-31,,2024,loss_amount,,loss_amount,,,,,identity_q1_or_ytd_diff,False,provider_unavailable_annual_bank_indicator
601169.XSHG,bank_indicator,2024-12-31,,2024,loss_amount_ratio,,loss_amount_ratio,,,,,identity_q1_or_ytd_diff,False,provider_unavailable_annual_bank_indicator
601169.XSHG,bank_indicator,2024-12-31,,2024,short_term_loan_average_balance,,short_term_loan_average_balance,,,,,identity_q1_or_ytd_diff,False,provider_unavailable_annual_bank_indicator
601169.XSHG,bank_indicator,2024-12-31,,2024,short_term_loan_annualized_average_interest_rate,,short_term_loan_annualized_average_interest_rate,,,,,identity_q1_or_ytd_diff,False,provider_unavailable_annual_bank_indicator
601169.XSHG,bank_indicator,2024-12-31,,2024,mid_term_loan_annualized_average_balance,,mid_term_loan_annualized_average_balance,,,,,identity_q1_or_ytd_diff,False,provider_unavailable_annual_bank_indicator
601169.XSHG,bank_indicator,2024-12-31,,2024,mid_term_loan_annualized_average_interest_rate,,mid_term_loan_annualized_average_interest_rate,,,,,identity_q1_or_ytd_diff,False,provider_unavailable_annual_bank_indicator
601169.XSHG,bank_indicator,2024-12-31,,2024,enterprise_deposits_average_balance,,enterprise_deposits_average_balance,,,,,identity_q1_or_ytd_diff,False,provider_unavailable_annual_bank_indicator
601169.XSHG,bank_indicator,2024-12-31,,2024,enterprise_deposits_average_interest_rate,,enterprise_deposits_average_interest_rate,,,,,identity_q1_or_ytd_diff,False,provider_unavailable_annual_bank_indicator
601169.XSHG,bank_indicator,2024-12-31,,2024,savings_deposit_average_balance,,savings_deposit_average_balance,,,,,identity_q1_or_ytd_diff,False,provider_unavailable_annual_bank_indicator
601169.XSHG,bank_indicator,2024-12-31,,2024,savings_deposit_average_interest_rate,,savings_deposit_average_interest_rate,,,,,identity_q1_or_ytd_diff,False,provider_unavailable_annual_bank_indicator
601169.XSHG,bank_indicator,2025-12-31,,2025,total_loan,,total_loan,,,,,identity_q1_or_ytd_diff,False,provider_unavailable_annual_bank_indicator
601169.XSHG,bank_indicator,2025-12-31,,2025,total_deposit,,total_deposit,,,,,identity_q1_or_ytd_diff,False,provider_unavailable_annual_bank_indicator
601169.XSHG,bank_indicator,2025-12-31,,2025,interest_earning_assets,,interest_earning_assets,,,,,identity_q1_or_ytd_diff,False,provider_unavailable_annual_bank_indicator
601169.XSHG,bank_indicator,2025-12-31,,2025,non_interest_earning_assets,,non_interest_earning_assets,,,,,identity_q1_or_ytd_diff,False,provider_unavailable_annual_bank_indicator
601169.XSHG,bank_indicator,2025-12-31,,2025,interest_earning_assets_yield,,interest_earning_assets_yield,,,,,identity_q1_or_ytd_diff,False,provider_unavailable_annual_bank_indicator
601169.XSHG,bank_indicator,2025-12-31,,2025,interest_bearing_liabilities,,interest_bearing_liabilities,,,,,identity_q1_or_ytd_diff,False,provider_unavailable_annual_bank_indicator
601169.XSHG,bank_indicator,2025-12-31,,2025,non_interest_bearing_liabilities,,non_interest_bearing_liabilities,,,,,identity_q1_or_ytd_diff,False,provider_unavailable_annual_bank_indicator
601169.XSHG,bank_indicator,2025-12-31,,2025,interest_bearing_liabilities_interest_rate,,interest_bearing_liabilities_interest_rate,,,,,identity_q1_or_ytd_diff,False,provider_unavailable_annual_bank_indicator
601169.XSHG,bank_indicator,2025-12-31,,2025,non_interest_income,,non_interest_income,,,,,identity_q1_or_ytd_diff,False,provider_unavailable_annual_bank_indicator
601169.XSHG,bank_indicator,2025-12-31,,2025,non_interest_income_ratio,,non_interest_income_ratio,,,,,identity_q1_or_ytd_diff,False,provider_unavailable_annual_bank_indicator
601169.XSHG,bank_indicator,2025-12-31,,2025,net_interest_margin,,net_interest_margin,,,,,identity_q1_or_ytd_diff,False,provider_unavailable_annual_bank_indicator
601169.XSHG,bank_indicator,2025-12-31,,2025,net_profit_margin,,net_profit_margin,,,,,identity_q1_or_ytd_diff,False,provider_unavailable_annual_bank_indicator
601169.XSHG,bank_indicator,2025-12-31,,2025,core_level_capital,,core_level_capital,,,,,identity_q1_or_ytd_diff,False,provider_unavailable_annual_bank_indicator
601169.XSHG,bank_indicator,2025-12-31,,2025,net_core_level_capital,,net_core_level_capital,,,,,identity_q1_or_ytd_diff,False,provider_unavailable_annual_bank_indicator
601169.XSHG,bank_indicator,2025-12-31,,2025,core_level_capital_adequacy_ratio,,core_level_capital_adequacy_ratio,,,,,identity_q1_or_ytd_diff,False,provider_unavailable_annual_bank_indicator
601169.XSHG,bank_indicator,2025-12-31,,2025,net_level_1_capital,,net_level_1_capital,,,,,identity_q1_or_ytd_diff,False,provider_unavailable_annual_bank_indicator
601169.XSHG,bank_indicator,2025-12-31,,2025,level_1_capital_adequacy_ratio,,level_1_capital_adequacy_ratio,,,,,identity_q1_or_ytd_diff,False,provider_unavailable_annual_bank_indicator
601169.XSHG,bank_indicator,2025-12-31,,2025,net_capital,,net_capital,,,,,identity_q1_or_ytd_diff,False,provider_unavailable_annual_bank_indicator
601169.XSHG,bank_indicator,2025-12-31,,2025,capital_adequacy_ratio,,capital_adequacy_ratio,,,,,identity_q1_or_ytd_diff,False,provider_unavailable_annual_bank_indicator
601169.XSHG,bank_indicator,2025-12-31,,2025,weighted_risky_asset,,weighted_risky_asset,,,,,identity_q1_or_ytd_diff,False,provider_unavailable_annual_bank_indicator
601169.XSHG,bank_indicator,2025-12-31,,2025,deposit_loan_ratio,,deposit_loan_ratio,,,,,identity_q1_or_ytd_diff,False,provider_unavailable_annual_bank_indicator
601169.XSHG,bank_indicator,2025-12-31,,2025,short_term_asset_liquidity_ratio_CNY,,short_term_asset_liquidity_ratio_CNY,,,,,identity_q1_or_ytd_diff,False,provider_unavailable_annual_bank_indicator
601169.XSHG,bank_indicator,2025-12-31,,2025,short_term_asset_liquidity_ratio_FC,,short_term_asset_liquidity_ratio_FC,,,,,identity_q1_or_ytd_diff,False,provider_unavailable_annual_bank_indicator
601169.XSHG,bank_indicator,2025-12-31,,2025,Nonperforming_loan_rate,,Nonperforming_loan_rate,,,,,identity_q1_or_ytd_diff,False,provider_unavailable_annual_bank_indicator
601169.XSHG,bank_indicator,2025-12-31,,2025,single_largest_customer_loan_ratio,,single_largest_customer_loan_ratio,,,,,identity_q1_or_ytd_diff,False,provider_unavailable_annual_bank_indicator
601169.XSHG,bank_indicator,2025-12-31,,2025,top_ten_customer_loan_ratio,,top_ten_customer_loan_ratio,,,,,identity_q1_or_ytd_diff,False,provider_unavailable_annual_bank_indicator
601169.XSHG,bank_indicator,2025-12-31,,2025,bad_debts_reserve,,bad_debts_reserve,,,,,identity_q1_or_ytd_diff,False,provider_unavailable_annual_bank_indicator
601169.XSHG,bank_indicator,2025-12-31,,2025,non_performing_loan_provision_coverage,,non_performing_loan_provision_coverage,,,,,identity_q1_or_ytd_diff,False,provider_unavailable_annual_bank_indicator
601169.XSHG,bank_indicator,2025-12-31,,2025,cost_to_income_ratio,,cost_to_income_ratio,,,,,identity_q1_or_ytd_diff,False,provider_unavailable_annual_bank_indicator
601169.XSHG,bank_indicator,2025-12-31,,2025,former_core_capital,,former_core_capital,,,,,identity_q1_or_ytd_diff,False,provider_unavailable_annual_bank_indicator
601169.XSHG,bank_indicator,2025-12-31,,2025,former_net_core_capital,,former_net_core_capital,,,,,identity_q1_or_ytd_diff,False,provider_unavailable_annual_bank_indicator
601169.XSHG,bank_indicator,2025-12-31,,2025,former_net_core_capital_adequacy_ratio,,former_net_core_capital_adequacy_ratio,,,,,identity_q1_or_ytd_diff,False,provider_unavailable_annual_bank_indicator
601169.XSHG,bank_indicator,2025-12-31,,2025,former_net_capital,,former_net_capital,,,,,identity_q1_or_ytd_diff,False,provider_unavailable_annual_bank_indicator
601169.XSHG,bank_indicator,2025-12-31,,2025,former_capital_adequacy_ratio,,former_capital_adequacy_ratio,,,,,identity_q1_or_ytd_diff,False,provider_unavailable_annual_bank_indicator
601169.XSHG,bank_indicator,2025-12-31,,2025,former_weighted_risky_asset,,former_weighted_risky_asset,,,,,identity_q1_or_ytd_diff,False,provider_unavailable_annual_bank_indicator
601169.XSHG,bank_indicator,2025-12-31,,2025,normal_amount,,normal_amount,,,,,identity_q1_or_ytd_diff,False,provider_unavailable_annual_bank_indicator
601169.XSHG,bank_indicator,2025-12-31,,2025,normal_amount_ratio,,normal_amount_ratio,,,,,identity_q1_or_ytd_diff,False,provider_unavailable_annual_bank_indicator
601169.XSHG,bank_indicator,2025-12-31,,2025,concerned_amount,,concerned_amount,,,,,identity_q1_or_ytd_diff,False,provider_unavailable_annual_bank_indicator
601169.XSHG,bank_indicator,2025-12-31,,2025,concerned_amount_ratio,,concerned_amount_ratio,,,,,identity_q1_or_ytd_diff,False,provider_unavailable_annual_bank_indicator
601169.XSHG,bank_indicator,2025-12-31,,2025,secondary_amount,,secondary_amount,,,,,identity_q1_or_ytd_diff,False,provider_unavailable_annual_bank_indicator
601169.XSHG,bank_indicator,2025-12-31,,2025,secondary_amount_ratio,,secondary_amount_ratio,,,,,identity_q1_or_ytd_diff,False,provider_unavailable_annual_bank_indicator
601169.XSHG,bank_indicator,2025-12-31,,2025,suspicious_amount,,suspicious_amount,,,,,identity_q1_or_ytd_diff,False,provider_unavailable_annual_bank_indicator
601169.XSHG,bank_indicator,2025-12-31,,2025,suspicious_amount_ratio,,suspicious_amount_ratio,,,,,identity_q1_or_ytd_diff,False,provider_unavailable_annual_bank_indicator
601169.XSHG,bank_indicator,2025-12-31,,2025,loss_amount,,loss_amount,,,,,identity_q1_or_ytd_diff,False,provider_unavailable_annual_bank_indicator
601169.XSHG,bank_indicator,2025-12-31,,2025,loss_amount_ratio,,loss_amount_ratio,,,,,identity_q1_or_ytd_diff,False,provider_unavailable_annual_bank_indicator
601169.XSHG,bank_indicator,2025-12-31,,2025,short_term_loan_average_balance,,short_term_loan_average_balance,,,,,identity_q1_or_ytd_diff,False,provider_unavailable_annual_bank_indicator
601169.XSHG,bank_indicator,2025-12-31,,2025,short_term_loan_annualized_average_interest_rate,,short_term_loan_annualized_average_interest_rate,,,,,identity_q1_or_ytd_diff,False,provider_unavailable_annual_bank_indicator
601169.XSHG,bank_indicator,2025-12-31,,2025,mid_term_loan_annualized_average_balance,,mid_term_loan_annualized_average_balance,,,,,identity_q1_or_ytd_diff,False,provider_unavailable_annual_bank_indicator
601169.XSHG,bank_indicator,2025-12-31,,2025,mid_term_loan_annualized_average_interest_rate,,mid_term_loan_annualized_average_interest_rate,,,,,identity_q1_or_ytd_diff,False,provider_unavailable_annual_bank_indicator
601169.XSHG,bank_indicator,2025-12-31,,2025,enterprise_deposits_average_balance,,enterprise_deposits_average_balance,,,,,identity_q1_or_ytd_diff,False,provider_unavailable_annual_bank_indicator
601169.XSHG,bank_indicator,2025-12-31,,2025,enterprise_deposits_average_interest_rate,,enterprise_deposits_average_interest_rate,,,,,identity_q1_or_ytd_diff,False,provider_unavailable_annual_bank_indicator
601169.XSHG,bank_indicator,2025-12-31,,2025,savings_deposit_average_balance,,savings_deposit_average_balance,,,,,identity_q1_or_ytd_diff,False,provider_unavailable_annual_bank_indicator
601169.XSHG,bank_indicator,2025-12-31,,2025,savings_deposit_average_interest_rate,,savings_deposit_average_interest_rate,,,,,identity_q1_or_ytd_diff,False,provider_unavailable_annual_bank_indicator
601169.XSHG,bank_indicator,2026-12-31,,2026,total_loan,,total_loan,,,,,identity_q1_or_ytd_diff,False,provider_unavailable_annual_bank_indicator
601169.XSHG,bank_indicator,2026-12-31,,2026,total_deposit,,total_deposit,,,,,identity_q1_or_ytd_diff,False,provider_unavailable_annual_bank_indicator
601169.XSHG,bank_indicator,2026-12-31,,2026,interest_earning_assets,,interest_earning_assets,,,,,identity_q1_or_ytd_diff,False,provider_unavailable_annual_bank_indicator
601169.XSHG,bank_indicator,2026-12-31,,2026,non_interest_earning_assets,,non_interest_earning_assets,,,,,identity_q1_or_ytd_diff,False,provider_unavailable_annual_bank_indicator
601169.XSHG,bank_indicator,2026-12-31,,2026,interest_earning_assets_yield,,interest_earning_assets_yield,,,,,identity_q1_or_ytd_diff,False,provider_unavailable_annual_bank_indicator
601169.XSHG,bank_indicator,2026-12-31,,2026,interest_bearing_liabilities,,interest_bearing_liabilities,,,,,identity_q1_or_ytd_diff,False,provider_unavailable_annual_bank_indicator
601169.XSHG,bank_indicator,2026-12-31,,2026,non_interest_bearing_liabilities,,non_interest_bearing_liabilities,,,,,identity_q1_or_ytd_diff,False,provider_unavailable_annual_bank_indicator
601169.XSHG,bank_indicator,2026-12-31,,2026,interest_bearing_liabilities_interest_rate,,interest_bearing_liabilities_interest_rate,,,,,identity_q1_or_ytd_diff,False,provider_unavailable_annual_bank_indicator
601169.XSHG,bank_indicator,2026-12-31,,2026,non_interest_income,,non_interest_income,,,,,identity_q1_or_ytd_diff,False,provider_unavailable_annual_bank_indicator
601169.XSHG,bank_indicator,2026-12-31,,2026,non_interest_income_ratio,,non_interest_income_ratio,,,,,identity_q1_or_ytd_diff,False,provider_unavailable_annual_bank_indicator
601169.XSHG,bank_indicator,2026-12-31,,2026,net_interest_margin,,net_interest_margin,,,,,identity_q1_or_ytd_diff,False,provider_unavailable_annual_bank_indicator
601169.XSHG,bank_indicator,2026-12-31,,2026,net_profit_margin,,net_profit_margin,,,,,identity_q1_or_ytd_diff,False,provider_unavailable_annual_bank_indicator
601169.XSHG,bank_indicator,2026-12-31,,2026,core_level_capital,,core_level_capital,,,,,identity_q1_or_ytd_diff,False,provider_unavailable_annual_bank_indicator
601169.XSHG,bank_indicator,2026-12-31,,2026,net_core_level_capital,,net_core_level_capital,,,,,identity_q1_or_ytd_diff,False,provider_unavailable_annual_bank_indicator
601169.XSHG,bank_indicator,2026-12-31,,2026,core_level_capital_adequacy_ratio,,core_level_capital_adequacy_ratio,,,,,identity_q1_or_ytd_diff,False,provider_unavailable_annual_bank_indicator
601169.XSHG,bank_indicator,2026-12-31,,2026,net_level_1_capital,,net_level_1_capital,,,,,identity_q1_or_ytd_diff,False,provider_unavailable_annual_bank_indicator
601169.XSHG,bank_indicator,2026-12-31,,2026,level_1_capital_adequacy_ratio,,level_1_capital_adequacy_ratio,,,,,identity_q1_or_ytd_diff,False,provider_unavailable_annual_bank_indicator
601169.XSHG,bank_indicator,2026-12-31,,2026,net_capital,,net_capital,,,,,identity_q1_or_ytd_diff,False,provider_unavailable_annual_bank_indicator
601169.XSHG,bank_indicator,2026-12-31,,2026,capital_adequacy_ratio,,capital_adequacy_ratio,,,,,identity_q1_or_ytd_diff,False,provider_unavailable_annual_bank_indicator
601169.XSHG,bank_indicator,2026-12-31,,2026,weighted_risky_asset,,weighted_risky_asset,,,,,identity_q1_or_ytd_diff,False,provider_unavailable_annual_bank_indicator
601169.XSHG,bank_indicator,2026-12-31,,2026,deposit_loan_ratio,,deposit_loan_ratio,,,,,identity_q1_or_ytd_diff,False,provider_unavailable_annual_bank_indicator
601169.XSHG,bank_indicator,2026-12-31,,2026,short_term_asset_liquidity_ratio_CNY,,short_term_asset_liquidity_ratio_CNY,,,,,identity_q1_or_ytd_diff,False,provider_unavailable_annual_bank_indicator
601169.XSHG,bank_indicator,2026-12-31,,2026,short_term_asset_liquidity_ratio_FC,,short_term_asset_liquidity_ratio_FC,,,,,identity_q1_or_ytd_diff,False,provider_unavailable_annual_bank_indicator
601169.XSHG,bank_indicator,2026-12-31,,2026,Nonperforming_loan_rate,,Nonperforming_loan_rate,,,,,identity_q1_or_ytd_diff,False,provider_unavailable_annual_bank_indicator
601169.XSHG,bank_indicator,2026-12-31,,2026,single_largest_customer_loan_ratio,,single_largest_customer_loan_ratio,,,,,identity_q1_or_ytd_diff,False,provider_unavailable_annual_bank_indicator
601169.XSHG,bank_indicator,2026-12-31,,2026,top_ten_customer_loan_ratio,,top_ten_customer_loan_ratio,,,,,identity_q1_or_ytd_diff,False,provider_unavailable_annual_bank_indicator
601169.XSHG,bank_indicator,2026-12-31,,2026,bad_debts_reserve,,bad_debts_reserve,,,,,identity_q1_or_ytd_diff,False,provider_unavailable_annual_bank_indicator
601169.XSHG,bank_indicator,2026-12-31,,2026,non_performing_loan_provision_coverage,,non_performing_loan_provision_coverage,,,,,identity_q1_or_ytd_diff,False,provider_unavailable_annual_bank_indicator
601169.XSHG,bank_indicator,2026-12-31,,2026,cost_to_income_ratio,,cost_to_income_ratio,,,,,identity_q1_or_ytd_diff,False,provider_unavailable_annual_bank_indicator
601169.XSHG,bank_indicator,2026-12-31,,2026,former_core_capital,,former_core_capital,,,,,identity_q1_or_ytd_diff,False,provider_unavailable_annual_bank_indicator
601169.XSHG,bank_indicator,2026-12-31,,2026,former_net_core_capital,,former_net_core_capital,,,,,identity_q1_or_ytd_diff,False,provider_unavailable_annual_bank_indicator
601169.XSHG,bank_indicator,2026-12-31,,2026,former_net_core_capital_adequacy_ratio,,former_net_core_capital_adequacy_ratio,,,,,identity_q1_or_ytd_diff,False,provider_unavailable_annual_bank_indicator
601169.XSHG,bank_indicator,2026-12-31,,2026,former_net_capital,,former_net_capital,,,,,identity_q1_or_ytd_diff,False,provider_unavailable_annual_bank_indicator
601169.XSHG,bank_indicator,2026-12-31,,2026,former_capital_adequacy_ratio,,former_capital_adequacy_ratio,,,,,identity_q1_or_ytd_diff,False,provider_unavailable_annual_bank_indicator
601169.XSHG,bank_indicator,2026-12-31,,2026,former_weighted_risky_asset,,former_weighted_risky_asset,,,,,identity_q1_or_ytd_diff,False,provider_unavailable_annual_bank_indicator
601169.XSHG,bank_indicator,2026-12-31,,2026,normal_amount,,normal_amount,,,,,identity_q1_or_ytd_diff,False,provider_unavailable_annual_bank_indicator
601169.XSHG,bank_indicator,2026-12-31,,2026,normal_amount_ratio,,normal_amount_ratio,,,,,identity_q1_or_ytd_diff,False,provider_unavailable_annual_bank_indicator
601169.XSHG,bank_indicator,2026-12-31,,2026,concerned_amount,,concerned_amount,,,,,identity_q1_or_ytd_diff,False,provider_unavailable_annual_bank_indicator
601169.XSHG,bank_indicator,2026-12-31,,2026,concerned_amount_ratio,,concerned_amount_ratio,,,,,identity_q1_or_ytd_diff,False,provider_unavailable_annual_bank_indicator
601169.XSHG,bank_indicator,2026-12-31,,2026,secondary_amount,,secondary_amount,,,,,identity_q1_or_ytd_diff,False,provider_unavailable_annual_bank_indicator
601169.XSHG,bank_indicator,2026-12-31,,2026,secondary_amount_ratio,,secondary_amount_ratio,,,,,identity_q1_or_ytd_diff,False,provider_unavailable_annual_bank_indicator
601169.XSHG,bank_indicator,2026-12-31,,2026,suspicious_amount,,suspicious_amount,,,,,identity_q1_or_ytd_diff,False,provider_unavailable_annual_bank_indicator
601169.XSHG,bank_indicator,2026-12-31,,2026,suspicious_amount_ratio,,suspicious_amount_ratio,,,,,identity_q1_or_ytd_diff,False,provider_unavailable_annual_bank_indicator
601169.XSHG,bank_indicator,2026-12-31,,2026,loss_amount,,loss_amount,,,,,identity_q1_or_ytd_diff,False,provider_unavailable_annual_bank_indicator
601169.XSHG,bank_indicator,2026-12-31,,2026,loss_amount_ratio,,loss_amount_ratio,,,,,identity_q1_or_ytd_diff,False,provider_unavailable_annual_bank_indicator
601169.XSHG,bank_indicator,2026-12-31,,2026,short_term_loan_average_balance,,short_term_loan_average_balance,,,,,identity_q1_or_ytd_diff,False,provider_unavailable_annual_bank_indicator
601169.XSHG,bank_indicator,2026-12-31,,2026,short_term_loan_annualized_average_interest_rate,,short_term_loan_annualized_average_interest_rate,,,,,identity_q1_or_ytd_diff,False,provider_unavailable_annual_bank_indicator
601169.XSHG,bank_indicator,2026-12-31,,2026,mid_term_loan_annualized_average_balance,,mid_term_loan_annualized_average_balance,,,,,identity_q1_or_ytd_diff,False,provider_unavailable_annual_bank_indicator
601169.XSHG,bank_indicator,2026-12-31,,2026,mid_term_loan_annualized_average_interest_rate,,mid_term_loan_annualized_average_interest_rate,,,,,identity_q1_or_ytd_diff,False,provider_unavailable_annual_bank_indicator
601169.XSHG,bank_indicator,2026-12-31,,2026,enterprise_deposits_average_balance,,enterprise_deposits_average_balance,,,,,identity_q1_or_ytd_diff,False,provider_unavailable_annual_bank_indicator
601169.XSHG,bank_indicator,2026-12-31,,2026,enterprise_deposits_average_interest_rate,,enterprise_deposits_average_interest_rate,,,,,identity_q1_or_ytd_diff,False,provider_unavailable_annual_bank_indicator
601169.XSHG,bank_indicator,2026-12-31,,2026,savings_deposit_average_balance,,savings_deposit_average_balance,,,,,identity_q1_or_ytd_diff,False,provider_unavailable_annual_bank_indicator
601169.XSHG,bank_indicator,2026-12-31,,2026,savings_deposit_average_interest_rate,,savings_deposit_average_interest_rate,,,,,identity_q1_or_ytd_diff,False,provider_unavailable_annual_bank_indicator
