code,statement_family,report_period_end,quarter_key,year_key,pub_date,standard_field_name,standard_value,source_table,source_field,period_basis,transformation_rule,missing_reason
601169.XSHG,parent_balance,2014-03-31,2014q1,,2014-04-29,deposit_in_ib,106951085000.0,finance_balance_sheet_parent_current_only.csv,deposit_in_ib,quarterly_direct,identity_q1_or_ytd_diff,
601169.XSHG,parent_balance,2014-03-31,2014q1,,2014-04-29,cash_equivalents,,finance_balance_sheet_parent_current_only.csv,cash_equivalents,,identity_q1_or_ytd_diff,missing_raw_value
601169.XSHG,parent_balance,2014-03-31,2014q1,,2014-04-29,deposit_client,,finance_balance_sheet_parent_current_only.csv,deposit_client,,identity_q1_or_ytd_diff,missing_raw_value
601169.XSHG,parent_balance,2014-03-31,2014q1,,2014-04-29,cash_in_cb,159265212000.0,finance_balance_sheet_parent_current_only.csv,cash_in_cb,quarterly_direct,identity_q1_or_ytd_diff,
601169.XSHG,parent_balance,2014-03-31,2014q1,,2014-04-29,settlement_provi,,finance_balance_sheet_parent_current_only.csv,settlement_provi,,identity_q1_or_ytd_diff,missing_raw_value
601169.XSHG,parent_balance,2014-03-31,2014q1,,2014-04-29,settlement_provi_client,,finance_balance_sheet_parent_current_only.csv,settlement_provi_client,,identity_q1_or_ytd_diff,missing_raw_value
601169.XSHG,parent_balance,2014-03-31,2014q1,,2014-04-29,lend_capital,57510033000.0,finance_balance_sheet_parent_current_only.csv,lend_capital,quarterly_direct,identity_q1_or_ytd_diff,
601169.XSHG,parent_balance,2014-03-31,2014q1,,2014-04-29,bought_sellback_assets,149416464000.0,finance_balance_sheet_parent_current_only.csv,bought_sellback_assets,quarterly_direct,identity_q1_or_ytd_diff,
601169.XSHG,parent_balance,2014-03-31,2014q1,,2014-04-29,interest_receivable,8839708000.0,finance_balance_sheet_parent_current_only.csv,interest_receivable,quarterly_direct,identity_q1_or_ytd_diff,
601169.XSHG,parent_balance,2014-03-31,2014q1,,2014-04-29,insurance_receivables,,finance_balance_sheet_parent_current_only.csv,insurance_receivables,,identity_q1_or_ytd_diff,missing_raw_value
601169.XSHG,parent_balance,2014-03-31,2014q1,,2014-04-29,loan_and_advance,598659578000.0,finance_balance_sheet_parent_current_only.csv,loan_and_advance,quarterly_direct,identity_q1_or_ytd_diff,
601169.XSHG,parent_balance,2014-03-31,2014q1,,2014-04-29,advance_payment,,finance_balance_sheet_parent_current_only.csv,advance_payment,,identity_q1_or_ytd_diff,missing_raw_value
601169.XSHG,parent_balance,2014-03-31,2014q1,,2014-04-29,hold_for_sale_assets,97345073000.0,finance_balance_sheet_parent_current_only.csv,hold_for_sale_assets,quarterly_direct,identity_q1_or_ytd_diff,
601169.XSHG,parent_balance,2014-03-31,2014q1,,2014-04-29,hold_to_maturity_investments,107215552000.0,finance_balance_sheet_parent_current_only.csv,hold_to_maturity_investments,quarterly_direct,identity_q1_or_ytd_diff,
601169.XSHG,parent_balance,2014-03-31,2014q1,,2014-04-29,longterm_equity_invest,4191032000.0,finance_balance_sheet_parent_current_only.csv,longterm_equity_invest,quarterly_direct,identity_q1_or_ytd_diff,
601169.XSHG,parent_balance,2014-03-31,2014q1,,2014-04-29,investment_property,353697000.0,finance_balance_sheet_parent_current_only.csv,investment_property,quarterly_direct,identity_q1_or_ytd_diff,
601169.XSHG,parent_balance,2014-03-31,2014q1,,2014-04-29,inventories,,finance_balance_sheet_parent_current_only.csv,inventories,,identity_q1_or_ytd_diff,missing_raw_value
601169.XSHG,parent_balance,2014-03-31,2014q1,,2014-04-29,fixed_assets,5384493000.0,finance_balance_sheet_parent_current_only.csv,fixed_assets,quarterly_direct,identity_q1_or_ytd_diff,
601169.XSHG,parent_balance,2014-03-31,2014q1,,2014-04-29,constru_in_process,,finance_balance_sheet_parent_current_only.csv,constru_in_process,,identity_q1_or_ytd_diff,missing_raw_value
601169.XSHG,parent_balance,2014-03-31,2014q1,,2014-04-29,intangible_assets,530167000.0,finance_balance_sheet_parent_current_only.csv,intangible_assets,quarterly_direct,identity_q1_or_ytd_diff,
601169.XSHG,parent_balance,2014-03-31,2014q1,,2014-04-29,long_deferred_expense,,finance_balance_sheet_parent_current_only.csv,long_deferred_expense,,identity_q1_or_ytd_diff,missing_raw_value
601169.XSHG,parent_balance,2014-03-31,2014q1,,2014-04-29,deferred_tax_assets,3610143000.0,finance_balance_sheet_parent_current_only.csv,deferred_tax_assets,quarterly_direct,identity_q1_or_ytd_diff,
601169.XSHG,parent_balance,2014-03-31,2014q1,,2014-04-29,other_asset,3167570000.0,finance_balance_sheet_parent_current_only.csv,other_asset,quarterly_direct,identity_q1_or_ytd_diff,
601169.XSHG,parent_balance,2014-03-31,2014q1,,2014-04-29,total_assets,1389223237000.0,finance_balance_sheet_parent_current_only.csv,total_assets,quarterly_direct,identity_q1_or_ytd_diff,
601169.XSHG,parent_balance,2014-03-31,2014q1,,2014-04-29,borrowing_from_centralbank,,finance_balance_sheet_parent_current_only.csv,borrowing_from_centralbank,,identity_q1_or_ytd_diff,missing_raw_value
601169.XSHG,parent_balance,2014-03-31,2014q1,,2014-04-29,shortterm_loan,,finance_balance_sheet_parent_current_only.csv,shortterm_loan,,identity_q1_or_ytd_diff,missing_raw_value
601169.XSHG,parent_balance,2014-03-31,2014q1,,2014-04-29,borrowing_capital,15706726000.0,finance_balance_sheet_parent_current_only.csv,borrowing_capital,quarterly_direct,identity_q1_or_ytd_diff,
601169.XSHG,parent_balance,2014-03-31,2014q1,,2014-04-29,sold_buyback_secu_proceeds,47962965000.0,finance_balance_sheet_parent_current_only.csv,sold_buyback_secu_proceeds,quarterly_direct,identity_q1_or_ytd_diff,
601169.XSHG,parent_balance,2014-03-31,2014q1,,2014-04-29,proxy_secu_proceeds,,finance_balance_sheet_parent_current_only.csv,proxy_secu_proceeds,,identity_q1_or_ytd_diff,missing_raw_value
601169.XSHG,parent_balance,2014-03-31,2014q1,,2014-04-29,notes_payable,,finance_balance_sheet_parent_current_only.csv,notes_payable,,identity_q1_or_ytd_diff,missing_raw_value
601169.XSHG,parent_balance,2014-03-31,2014q1,,2014-04-29,advance_peceipts,,finance_balance_sheet_parent_current_only.csv,advance_peceipts,,identity_q1_or_ytd_diff,missing_raw_value
601169.XSHG,parent_balance,2014-03-31,2014q1,,2014-04-29,commission_payable,,finance_balance_sheet_parent_current_only.csv,commission_payable,,identity_q1_or_ytd_diff,missing_raw_value
601169.XSHG,parent_balance,2014-03-31,2014q1,,2014-04-29,salaries_payable,252707000.0,finance_balance_sheet_parent_current_only.csv,salaries_payable,quarterly_direct,identity_q1_or_ytd_diff,
601169.XSHG,parent_balance,2014-03-31,2014q1,,2014-04-29,taxs_payable,1590288000.0,finance_balance_sheet_parent_current_only.csv,taxs_payable,quarterly_direct,identity_q1_or_ytd_diff,
601169.XSHG,parent_balance,2014-03-31,2014q1,,2014-04-29,interest_payable,10957580000.0,finance_balance_sheet_parent_current_only.csv,interest_payable,quarterly_direct,identity_q1_or_ytd_diff,
601169.XSHG,parent_balance,2014-03-31,2014q1,,2014-04-29,estimate_liability,23062000.0,finance_balance_sheet_parent_current_only.csv,estimate_liability,quarterly_direct,identity_q1_or_ytd_diff,
601169.XSHG,parent_balance,2014-03-31,2014q1,,2014-04-29,longterm_loan,,finance_balance_sheet_parent_current_only.csv,longterm_loan,,identity_q1_or_ytd_diff,missing_raw_value
601169.XSHG,parent_balance,2014-03-31,2014q1,,2014-04-29,bonds_payable,39903260000.0,finance_balance_sheet_parent_current_only.csv,bonds_payable,quarterly_direct,identity_q1_or_ytd_diff,
601169.XSHG,parent_balance,2014-03-31,2014q1,,2014-04-29,deferred_tax_liability,,finance_balance_sheet_parent_current_only.csv,deferred_tax_liability,,identity_q1_or_ytd_diff,missing_raw_value
601169.XSHG,parent_balance,2014-03-31,2014q1,,2014-04-29,other_liability,4210908000.0,finance_balance_sheet_parent_current_only.csv,other_liability,quarterly_direct,identity_q1_or_ytd_diff,
601169.XSHG,parent_balance,2014-03-31,2014q1,,2014-04-29,total_liability,1305773185000.0,finance_balance_sheet_parent_current_only.csv,total_liability,quarterly_direct,identity_q1_or_ytd_diff,
601169.XSHG,parent_balance,2014-03-31,2014q1,,2014-04-29,paidin_capital,8800160000.0,finance_balance_sheet_parent_current_only.csv,paidin_capital,quarterly_direct,identity_q1_or_ytd_diff,
601169.XSHG,parent_balance,2014-03-31,2014q1,,2014-04-29,capital_reserve_fund,23213674000.0,finance_balance_sheet_parent_current_only.csv,capital_reserve_fund,quarterly_direct,identity_q1_or_ytd_diff,
601169.XSHG,parent_balance,2014-03-31,2014q1,,2014-04-29,treasury_stock,,finance_balance_sheet_parent_current_only.csv,treasury_stock,,identity_q1_or_ytd_diff,missing_raw_value
601169.XSHG,parent_balance,2014-03-31,2014q1,,2014-04-29,surplus_reserve_fund,6810732000.0,finance_balance_sheet_parent_current_only.csv,surplus_reserve_fund,quarterly_direct,identity_q1_or_ytd_diff,
601169.XSHG,parent_balance,2014-03-31,2014q1,,2014-04-29,equities_parent_company_owners,83450052000.0,finance_balance_sheet_parent_current_only.csv,equities_parent_company_owners,quarterly_direct,identity_q1_or_ytd_diff,
601169.XSHG,parent_balance,2014-03-31,2014q1,,2014-04-29,retained_profit,28640392000.0,finance_balance_sheet_parent_current_only.csv,retained_profit,quarterly_direct,identity_q1_or_ytd_diff,
601169.XSHG,parent_balance,2014-03-31,2014q1,,2014-04-29,minority_interests,,finance_balance_sheet_parent_current_only.csv,minority_interests,,identity_q1_or_ytd_diff,missing_raw_value
601169.XSHG,parent_balance,2014-03-31,2014q1,,2014-04-29,total_owner_equities,83450052000.0,finance_balance_sheet_parent_current_only.csv,total_owner_equities,quarterly_direct,identity_q1_or_ytd_diff,
601169.XSHG,parent_balance,2014-03-31,2014q1,,2014-04-29,other_comprehensive_income,,finance_balance_sheet_parent_current_only.csv,other_comprehensive_income,,identity_q1_or_ytd_diff,missing_raw_value
601169.XSHG,parent_balance,2014-06-30,2014q2,,2014-08-28,deposit_in_ib,107043000000.0,finance_balance_sheet_parent_current_only.csv,deposit_in_ib,quarterly_direct,identity_q1_or_ytd_diff,
601169.XSHG,parent_balance,2014-06-30,2014q2,,2014-08-28,cash_equivalents,,finance_balance_sheet_parent_current_only.csv,cash_equivalents,,identity_q1_or_ytd_diff,missing_raw_value
601169.XSHG,parent_balance,2014-06-30,2014q2,,2014-08-28,deposit_client,,finance_balance_sheet_parent_current_only.csv,deposit_client,,identity_q1_or_ytd_diff,missing_raw_value
601169.XSHG,parent_balance,2014-06-30,2014q2,,2014-08-28,cash_in_cb,172472000000.0,finance_balance_sheet_parent_current_only.csv,cash_in_cb,quarterly_direct,identity_q1_or_ytd_diff,
601169.XSHG,parent_balance,2014-06-30,2014q2,,2014-08-28,settlement_provi,,finance_balance_sheet_parent_current_only.csv,settlement_provi,,identity_q1_or_ytd_diff,missing_raw_value
601169.XSHG,parent_balance,2014-06-30,2014q2,,2014-08-28,settlement_provi_client,,finance_balance_sheet_parent_current_only.csv,settlement_provi_client,,identity_q1_or_ytd_diff,missing_raw_value
601169.XSHG,parent_balance,2014-06-30,2014q2,,2014-08-28,lend_capital,69729000000.0,finance_balance_sheet_parent_current_only.csv,lend_capital,quarterly_direct,identity_q1_or_ytd_diff,
601169.XSHG,parent_balance,2014-06-30,2014q2,,2014-08-28,bought_sellback_assets,166550000000.0,finance_balance_sheet_parent_current_only.csv,bought_sellback_assets,quarterly_direct,identity_q1_or_ytd_diff,
601169.XSHG,parent_balance,2014-06-30,2014q2,,2014-08-28,interest_receivable,8459000000.0,finance_balance_sheet_parent_current_only.csv,interest_receivable,quarterly_direct,identity_q1_or_ytd_diff,
601169.XSHG,parent_balance,2014-06-30,2014q2,,2014-08-28,insurance_receivables,,finance_balance_sheet_parent_current_only.csv,insurance_receivables,,identity_q1_or_ytd_diff,missing_raw_value
601169.XSHG,parent_balance,2014-06-30,2014q2,,2014-08-28,loan_and_advance,621954000000.0,finance_balance_sheet_parent_current_only.csv,loan_and_advance,quarterly_direct,identity_q1_or_ytd_diff,
601169.XSHG,parent_balance,2014-06-30,2014q2,,2014-08-28,advance_payment,,finance_balance_sheet_parent_current_only.csv,advance_payment,,identity_q1_or_ytd_diff,missing_raw_value
601169.XSHG,parent_balance,2014-06-30,2014q2,,2014-08-28,hold_for_sale_assets,98905000000.0,finance_balance_sheet_parent_current_only.csv,hold_for_sale_assets,quarterly_direct,identity_q1_or_ytd_diff,
601169.XSHG,parent_balance,2014-06-30,2014q2,,2014-08-28,hold_to_maturity_investments,108040000000.0,finance_balance_sheet_parent_current_only.csv,hold_to_maturity_investments,quarterly_direct,identity_q1_or_ytd_diff,
601169.XSHG,parent_balance,2014-06-30,2014q2,,2014-08-28,longterm_equity_invest,4259000000.0,finance_balance_sheet_parent_current_only.csv,longterm_equity_invest,quarterly_direct,identity_q1_or_ytd_diff,
601169.XSHG,parent_balance,2014-06-30,2014q2,,2014-08-28,investment_property,349000000.0,finance_balance_sheet_parent_current_only.csv,investment_property,quarterly_direct,identity_q1_or_ytd_diff,
601169.XSHG,parent_balance,2014-06-30,2014q2,,2014-08-28,inventories,,finance_balance_sheet_parent_current_only.csv,inventories,,identity_q1_or_ytd_diff,missing_raw_value
601169.XSHG,parent_balance,2014-06-30,2014q2,,2014-08-28,fixed_assets,5384000000.0,finance_balance_sheet_parent_current_only.csv,fixed_assets,quarterly_direct,identity_q1_or_ytd_diff,
601169.XSHG,parent_balance,2014-06-30,2014q2,,2014-08-28,constru_in_process,,finance_balance_sheet_parent_current_only.csv,constru_in_process,,identity_q1_or_ytd_diff,missing_raw_value
601169.XSHG,parent_balance,2014-06-30,2014q2,,2014-08-28,intangible_assets,527000000.0,finance_balance_sheet_parent_current_only.csv,intangible_assets,quarterly_direct,identity_q1_or_ytd_diff,
601169.XSHG,parent_balance,2014-06-30,2014q2,,2014-08-28,long_deferred_expense,,finance_balance_sheet_parent_current_only.csv,long_deferred_expense,,identity_q1_or_ytd_diff,missing_raw_value
601169.XSHG,parent_balance,2014-06-30,2014q2,,2014-08-28,deferred_tax_assets,3273000000.0,finance_balance_sheet_parent_current_only.csv,deferred_tax_assets,quarterly_direct,identity_q1_or_ytd_diff,
601169.XSHG,parent_balance,2014-06-30,2014q2,,2014-08-28,other_asset,4918000000.0,finance_balance_sheet_parent_current_only.csv,other_asset,quarterly_direct,identity_q1_or_ytd_diff,
601169.XSHG,parent_balance,2014-06-30,2014q2,,2014-08-28,total_assets,1471562000000.0,finance_balance_sheet_parent_current_only.csv,total_assets,quarterly_direct,identity_q1_or_ytd_diff,
601169.XSHG,parent_balance,2014-06-30,2014q2,,2014-08-28,borrowing_from_centralbank,,finance_balance_sheet_parent_current_only.csv,borrowing_from_centralbank,,identity_q1_or_ytd_diff,missing_raw_value
601169.XSHG,parent_balance,2014-06-30,2014q2,,2014-08-28,shortterm_loan,,finance_balance_sheet_parent_current_only.csv,shortterm_loan,,identity_q1_or_ytd_diff,missing_raw_value
601169.XSHG,parent_balance,2014-06-30,2014q2,,2014-08-28,borrowing_capital,20388000000.0,finance_balance_sheet_parent_current_only.csv,borrowing_capital,quarterly_direct,identity_q1_or_ytd_diff,
601169.XSHG,parent_balance,2014-06-30,2014q2,,2014-08-28,sold_buyback_secu_proceeds,66241000000.0,finance_balance_sheet_parent_current_only.csv,sold_buyback_secu_proceeds,quarterly_direct,identity_q1_or_ytd_diff,
601169.XSHG,parent_balance,2014-06-30,2014q2,,2014-08-28,proxy_secu_proceeds,,finance_balance_sheet_parent_current_only.csv,proxy_secu_proceeds,,identity_q1_or_ytd_diff,missing_raw_value
601169.XSHG,parent_balance,2014-06-30,2014q2,,2014-08-28,notes_payable,,finance_balance_sheet_parent_current_only.csv,notes_payable,,identity_q1_or_ytd_diff,missing_raw_value
601169.XSHG,parent_balance,2014-06-30,2014q2,,2014-08-28,advance_peceipts,,finance_balance_sheet_parent_current_only.csv,advance_peceipts,,identity_q1_or_ytd_diff,missing_raw_value
601169.XSHG,parent_balance,2014-06-30,2014q2,,2014-08-28,commission_payable,,finance_balance_sheet_parent_current_only.csv,commission_payable,,identity_q1_or_ytd_diff,missing_raw_value
601169.XSHG,parent_balance,2014-06-30,2014q2,,2014-08-28,salaries_payable,220000000.0,finance_balance_sheet_parent_current_only.csv,salaries_payable,quarterly_direct,identity_q1_or_ytd_diff,
601169.XSHG,parent_balance,2014-06-30,2014q2,,2014-08-28,taxs_payable,1200000000.0,finance_balance_sheet_parent_current_only.csv,taxs_payable,quarterly_direct,identity_q1_or_ytd_diff,
601169.XSHG,parent_balance,2014-06-30,2014q2,,2014-08-28,interest_payable,12633000000.0,finance_balance_sheet_parent_current_only.csv,interest_payable,quarterly_direct,identity_q1_or_ytd_diff,
601169.XSHG,parent_balance,2014-06-30,2014q2,,2014-08-28,estimate_liability,23000000.0,finance_balance_sheet_parent_current_only.csv,estimate_liability,quarterly_direct,identity_q1_or_ytd_diff,
601169.XSHG,parent_balance,2014-06-30,2014q2,,2014-08-28,longterm_loan,,finance_balance_sheet_parent_current_only.csv,longterm_loan,,identity_q1_or_ytd_diff,missing_raw_value
601169.XSHG,parent_balance,2014-06-30,2014q2,,2014-08-28,bonds_payable,47252000000.0,finance_balance_sheet_parent_current_only.csv,bonds_payable,quarterly_direct,identity_q1_or_ytd_diff,
601169.XSHG,parent_balance,2014-06-30,2014q2,,2014-08-28,deferred_tax_liability,,finance_balance_sheet_parent_current_only.csv,deferred_tax_liability,,identity_q1_or_ytd_diff,missing_raw_value
601169.XSHG,parent_balance,2014-06-30,2014q2,,2014-08-28,other_liability,10004000000.0,finance_balance_sheet_parent_current_only.csv,other_liability,quarterly_direct,identity_q1_or_ytd_diff,
601169.XSHG,parent_balance,2014-06-30,2014q2,,2014-08-28,total_liability,1384063000000.0,finance_balance_sheet_parent_current_only.csv,total_liability,quarterly_direct,identity_q1_or_ytd_diff,
601169.XSHG,parent_balance,2014-06-30,2014q2,,2014-08-28,paidin_capital,8800000000.0,finance_balance_sheet_parent_current_only.csv,paidin_capital,quarterly_direct,identity_q1_or_ytd_diff,
601169.XSHG,parent_balance,2014-06-30,2014q2,,2014-08-28,capital_reserve_fund,24507000000.0,finance_balance_sheet_parent_current_only.csv,capital_reserve_fund,quarterly_direct,identity_q1_or_ytd_diff,
601169.XSHG,parent_balance,2014-06-30,2014q2,,2014-08-28,treasury_stock,,finance_balance_sheet_parent_current_only.csv,treasury_stock,,identity_q1_or_ytd_diff,missing_raw_value
601169.XSHG,parent_balance,2014-06-30,2014q2,,2014-08-28,surplus_reserve_fund,6811000000.0,finance_balance_sheet_parent_current_only.csv,surplus_reserve_fund,quarterly_direct,identity_q1_or_ytd_diff,
601169.XSHG,parent_balance,2014-06-30,2014q2,,2014-08-28,equities_parent_company_owners,87499000000.0,finance_balance_sheet_parent_current_only.csv,equities_parent_company_owners,quarterly_direct,identity_q1_or_ytd_diff,
601169.XSHG,parent_balance,2014-06-30,2014q2,,2014-08-28,retained_profit,31395000000.0,finance_balance_sheet_parent_current_only.csv,retained_profit,quarterly_direct,identity_q1_or_ytd_diff,
601169.XSHG,parent_balance,2014-06-30,2014q2,,2014-08-28,minority_interests,,finance_balance_sheet_parent_current_only.csv,minority_interests,,identity_q1_or_ytd_diff,missing_raw_value
601169.XSHG,parent_balance,2014-06-30,2014q2,,2014-08-28,total_owner_equities,87499000000.0,finance_balance_sheet_parent_current_only.csv,total_owner_equities,quarterly_direct,identity_q1_or_ytd_diff,
601169.XSHG,parent_balance,2014-06-30,2014q2,,2014-08-28,other_comprehensive_income,,finance_balance_sheet_parent_current_only.csv,other_comprehensive_income,,identity_q1_or_ytd_diff,missing_raw_value
601169.XSHG,parent_balance,2014-09-30,2014q3,,2014-10-31,deposit_in_ib,99386000000.0,finance_balance_sheet_parent_current_only.csv,deposit_in_ib,quarterly_direct,identity_q1_or_ytd_diff,
601169.XSHG,parent_balance,2014-09-30,2014q3,,2014-10-31,cash_equivalents,,finance_balance_sheet_parent_current_only.csv,cash_equivalents,,identity_q1_or_ytd_diff,missing_raw_value
601169.XSHG,parent_balance,2014-09-30,2014q3,,2014-10-31,deposit_client,,finance_balance_sheet_parent_current_only.csv,deposit_client,,identity_q1_or_ytd_diff,missing_raw_value
601169.XSHG,parent_balance,2014-09-30,2014q3,,2014-10-31,cash_in_cb,172525000000.0,finance_balance_sheet_parent_current_only.csv,cash_in_cb,quarterly_direct,identity_q1_or_ytd_diff,
601169.XSHG,parent_balance,2014-09-30,2014q3,,2014-10-31,settlement_provi,,finance_balance_sheet_parent_current_only.csv,settlement_provi,,identity_q1_or_ytd_diff,missing_raw_value
601169.XSHG,parent_balance,2014-09-30,2014q3,,2014-10-31,settlement_provi_client,,finance_balance_sheet_parent_current_only.csv,settlement_provi_client,,identity_q1_or_ytd_diff,missing_raw_value
601169.XSHG,parent_balance,2014-09-30,2014q3,,2014-10-31,lend_capital,88467000000.0,finance_balance_sheet_parent_current_only.csv,lend_capital,quarterly_direct,identity_q1_or_ytd_diff,
601169.XSHG,parent_balance,2014-09-30,2014q3,,2014-10-31,bought_sellback_assets,140427000000.0,finance_balance_sheet_parent_current_only.csv,bought_sellback_assets,quarterly_direct,identity_q1_or_ytd_diff,
601169.XSHG,parent_balance,2014-09-30,2014q3,,2014-10-31,interest_receivable,8612000000.0,finance_balance_sheet_parent_current_only.csv,interest_receivable,quarterly_direct,identity_q1_or_ytd_diff,
601169.XSHG,parent_balance,2014-09-30,2014q3,,2014-10-31,insurance_receivables,,finance_balance_sheet_parent_current_only.csv,insurance_receivables,,identity_q1_or_ytd_diff,missing_raw_value
601169.XSHG,parent_balance,2014-09-30,2014q3,,2014-10-31,loan_and_advance,642696000000.0,finance_balance_sheet_parent_current_only.csv,loan_and_advance,quarterly_direct,identity_q1_or_ytd_diff,
601169.XSHG,parent_balance,2014-09-30,2014q3,,2014-10-31,advance_payment,,finance_balance_sheet_parent_current_only.csv,advance_payment,,identity_q1_or_ytd_diff,missing_raw_value
601169.XSHG,parent_balance,2014-09-30,2014q3,,2014-10-31,hold_for_sale_assets,100517000000.0,finance_balance_sheet_parent_current_only.csv,hold_for_sale_assets,quarterly_direct,identity_q1_or_ytd_diff,
601169.XSHG,parent_balance,2014-09-30,2014q3,,2014-10-31,hold_to_maturity_investments,111472000000.0,finance_balance_sheet_parent_current_only.csv,hold_to_maturity_investments,quarterly_direct,identity_q1_or_ytd_diff,
601169.XSHG,parent_balance,2014-09-30,2014q3,,2014-10-31,longterm_equity_invest,3950000000.0,finance_balance_sheet_parent_current_only.csv,longterm_equity_invest,quarterly_direct,identity_q1_or_ytd_diff,
601169.XSHG,parent_balance,2014-09-30,2014q3,,2014-10-31,investment_property,345000000.0,finance_balance_sheet_parent_current_only.csv,investment_property,quarterly_direct,identity_q1_or_ytd_diff,
601169.XSHG,parent_balance,2014-09-30,2014q3,,2014-10-31,inventories,,finance_balance_sheet_parent_current_only.csv,inventories,,identity_q1_or_ytd_diff,missing_raw_value
601169.XSHG,parent_balance,2014-09-30,2014q3,,2014-10-31,fixed_assets,5434000000.0,finance_balance_sheet_parent_current_only.csv,fixed_assets,quarterly_direct,identity_q1_or_ytd_diff,
601169.XSHG,parent_balance,2014-09-30,2014q3,,2014-10-31,constru_in_process,,finance_balance_sheet_parent_current_only.csv,constru_in_process,,identity_q1_or_ytd_diff,missing_raw_value
601169.XSHG,parent_balance,2014-09-30,2014q3,,2014-10-31,intangible_assets,620000000.0,finance_balance_sheet_parent_current_only.csv,intangible_assets,quarterly_direct,identity_q1_or_ytd_diff,
601169.XSHG,parent_balance,2014-09-30,2014q3,,2014-10-31,long_deferred_expense,,finance_balance_sheet_parent_current_only.csv,long_deferred_expense,,identity_q1_or_ytd_diff,missing_raw_value
601169.XSHG,parent_balance,2014-09-30,2014q3,,2014-10-31,deferred_tax_assets,3334000000.0,finance_balance_sheet_parent_current_only.csv,deferred_tax_assets,quarterly_direct,identity_q1_or_ytd_diff,
601169.XSHG,parent_balance,2014-09-30,2014q3,,2014-10-31,other_asset,3169000000.0,finance_balance_sheet_parent_current_only.csv,other_asset,quarterly_direct,identity_q1_or_ytd_diff,
601169.XSHG,parent_balance,2014-09-30,2014q3,,2014-10-31,total_assets,1483795000000.0,finance_balance_sheet_parent_current_only.csv,total_assets,quarterly_direct,identity_q1_or_ytd_diff,
601169.XSHG,parent_balance,2014-09-30,2014q3,,2014-10-31,borrowing_from_centralbank,,finance_balance_sheet_parent_current_only.csv,borrowing_from_centralbank,,identity_q1_or_ytd_diff,missing_raw_value
601169.XSHG,parent_balance,2014-09-30,2014q3,,2014-10-31,shortterm_loan,,finance_balance_sheet_parent_current_only.csv,shortterm_loan,,identity_q1_or_ytd_diff,missing_raw_value
601169.XSHG,parent_balance,2014-09-30,2014q3,,2014-10-31,borrowing_capital,19929000000.0,finance_balance_sheet_parent_current_only.csv,borrowing_capital,quarterly_direct,identity_q1_or_ytd_diff,
601169.XSHG,parent_balance,2014-09-30,2014q3,,2014-10-31,sold_buyback_secu_proceeds,67149000000.0,finance_balance_sheet_parent_current_only.csv,sold_buyback_secu_proceeds,quarterly_direct,identity_q1_or_ytd_diff,
601169.XSHG,parent_balance,2014-09-30,2014q3,,2014-10-31,proxy_secu_proceeds,,finance_balance_sheet_parent_current_only.csv,proxy_secu_proceeds,,identity_q1_or_ytd_diff,missing_raw_value
601169.XSHG,parent_balance,2014-09-30,2014q3,,2014-10-31,notes_payable,,finance_balance_sheet_parent_current_only.csv,notes_payable,,identity_q1_or_ytd_diff,missing_raw_value
601169.XSHG,parent_balance,2014-09-30,2014q3,,2014-10-31,advance_peceipts,,finance_balance_sheet_parent_current_only.csv,advance_peceipts,,identity_q1_or_ytd_diff,missing_raw_value
601169.XSHG,parent_balance,2014-09-30,2014q3,,2014-10-31,commission_payable,,finance_balance_sheet_parent_current_only.csv,commission_payable,,identity_q1_or_ytd_diff,missing_raw_value
601169.XSHG,parent_balance,2014-09-30,2014q3,,2014-10-31,salaries_payable,431000000.0,finance_balance_sheet_parent_current_only.csv,salaries_payable,quarterly_direct,identity_q1_or_ytd_diff,
601169.XSHG,parent_balance,2014-09-30,2014q3,,2014-10-31,taxs_payable,1267000000.0,finance_balance_sheet_parent_current_only.csv,taxs_payable,quarterly_direct,identity_q1_or_ytd_diff,
601169.XSHG,parent_balance,2014-09-30,2014q3,,2014-10-31,interest_payable,13442000000.0,finance_balance_sheet_parent_current_only.csv,interest_payable,quarterly_direct,identity_q1_or_ytd_diff,
601169.XSHG,parent_balance,2014-09-30,2014q3,,2014-10-31,estimate_liability,23000000.0,finance_balance_sheet_parent_current_only.csv,estimate_liability,quarterly_direct,identity_q1_or_ytd_diff,
601169.XSHG,parent_balance,2014-09-30,2014q3,,2014-10-31,longterm_loan,,finance_balance_sheet_parent_current_only.csv,longterm_loan,,identity_q1_or_ytd_diff,missing_raw_value
601169.XSHG,parent_balance,2014-09-30,2014q3,,2014-10-31,bonds_payable,48034000000.0,finance_balance_sheet_parent_current_only.csv,bonds_payable,quarterly_direct,identity_q1_or_ytd_diff,
601169.XSHG,parent_balance,2014-09-30,2014q3,,2014-10-31,deferred_tax_liability,,finance_balance_sheet_parent_current_only.csv,deferred_tax_liability,,identity_q1_or_ytd_diff,missing_raw_value
601169.XSHG,parent_balance,2014-09-30,2014q3,,2014-10-31,other_liability,7569000000.0,finance_balance_sheet_parent_current_only.csv,other_liability,quarterly_direct,identity_q1_or_ytd_diff,
601169.XSHG,parent_balance,2014-09-30,2014q3,,2014-10-31,total_liability,1391966000000.0,finance_balance_sheet_parent_current_only.csv,total_liability,quarterly_direct,identity_q1_or_ytd_diff,
601169.XSHG,parent_balance,2014-09-30,2014q3,,2014-10-31,paidin_capital,10560000000.0,finance_balance_sheet_parent_current_only.csv,paidin_capital,quarterly_direct,identity_q1_or_ytd_diff,
601169.XSHG,parent_balance,2014-09-30,2014q3,,2014-10-31,capital_reserve_fund,25113000000.0,finance_balance_sheet_parent_current_only.csv,capital_reserve_fund,quarterly_direct,identity_q1_or_ytd_diff,
601169.XSHG,parent_balance,2014-09-30,2014q3,,2014-10-31,treasury_stock,,finance_balance_sheet_parent_current_only.csv,treasury_stock,,identity_q1_or_ytd_diff,missing_raw_value
601169.XSHG,parent_balance,2014-09-30,2014q3,,2014-10-31,surplus_reserve_fund,6811000000.0,finance_balance_sheet_parent_current_only.csv,surplus_reserve_fund,quarterly_direct,identity_q1_or_ytd_diff,
601169.XSHG,parent_balance,2014-09-30,2014q3,,2014-10-31,equities_parent_company_owners,91829000000.0,finance_balance_sheet_parent_current_only.csv,equities_parent_company_owners,quarterly_direct,identity_q1_or_ytd_diff,
601169.XSHG,parent_balance,2014-09-30,2014q3,,2014-10-31,retained_profit,33359000000.0,finance_balance_sheet_parent_current_only.csv,retained_profit,quarterly_direct,identity_q1_or_ytd_diff,
601169.XSHG,parent_balance,2014-09-30,2014q3,,2014-10-31,minority_interests,,finance_balance_sheet_parent_current_only.csv,minority_interests,,identity_q1_or_ytd_diff,missing_raw_value
601169.XSHG,parent_balance,2014-09-30,2014q3,,2014-10-31,total_owner_equities,91829000000.0,finance_balance_sheet_parent_current_only.csv,total_owner_equities,quarterly_direct,identity_q1_or_ytd_diff,
601169.XSHG,parent_balance,2014-09-30,2014q3,,2014-10-31,other_comprehensive_income,,finance_balance_sheet_parent_current_only.csv,other_comprehensive_income,,identity_q1_or_ytd_diff,missing_raw_value
601169.XSHG,parent_balance,2014-12-31,2014q4,,2015-04-28,deposit_in_ib,97681000000.0,finance_balance_sheet_parent_current_only.csv,deposit_in_ib,quarterly_direct,identity_q1_or_ytd_diff,
601169.XSHG,parent_balance,2014-12-31,2014q4,,2015-04-28,cash_equivalents,,finance_balance_sheet_parent_current_only.csv,cash_equivalents,,identity_q1_or_ytd_diff,missing_raw_value
601169.XSHG,parent_balance,2014-12-31,2014q4,,2015-04-28,deposit_client,,finance_balance_sheet_parent_current_only.csv,deposit_client,,identity_q1_or_ytd_diff,missing_raw_value
601169.XSHG,parent_balance,2014-12-31,2014q4,,2015-04-28,cash_in_cb,187785000000.0,finance_balance_sheet_parent_current_only.csv,cash_in_cb,quarterly_direct,identity_q1_or_ytd_diff,
601169.XSHG,parent_balance,2014-12-31,2014q4,,2015-04-28,settlement_provi,,finance_balance_sheet_parent_current_only.csv,settlement_provi,,identity_q1_or_ytd_diff,missing_raw_value
601169.XSHG,parent_balance,2014-12-31,2014q4,,2015-04-28,settlement_provi_client,,finance_balance_sheet_parent_current_only.csv,settlement_provi_client,,identity_q1_or_ytd_diff,missing_raw_value
601169.XSHG,parent_balance,2014-12-31,2014q4,,2015-04-28,lend_capital,76465000000.0,finance_balance_sheet_parent_current_only.csv,lend_capital,quarterly_direct,identity_q1_or_ytd_diff,
601169.XSHG,parent_balance,2014-12-31,2014q4,,2015-04-28,bought_sellback_assets,133179000000.0,finance_balance_sheet_parent_current_only.csv,bought_sellback_assets,quarterly_direct,identity_q1_or_ytd_diff,
601169.XSHG,parent_balance,2014-12-31,2014q4,,2015-04-28,interest_receivable,8933000000.0,finance_balance_sheet_parent_current_only.csv,interest_receivable,quarterly_direct,identity_q1_or_ytd_diff,
601169.XSHG,parent_balance,2014-12-31,2014q4,,2015-04-28,insurance_receivables,,finance_balance_sheet_parent_current_only.csv,insurance_receivables,,identity_q1_or_ytd_diff,missing_raw_value
601169.XSHG,parent_balance,2014-12-31,2014q4,,2015-04-28,loan_and_advance,643363000000.0,finance_balance_sheet_parent_current_only.csv,loan_and_advance,quarterly_direct,identity_q1_or_ytd_diff,
601169.XSHG,parent_balance,2014-12-31,2014q4,,2015-04-28,advance_payment,,finance_balance_sheet_parent_current_only.csv,advance_payment,,identity_q1_or_ytd_diff,missing_raw_value
601169.XSHG,parent_balance,2014-12-31,2014q4,,2015-04-28,hold_for_sale_assets,109454000000.0,finance_balance_sheet_parent_current_only.csv,hold_for_sale_assets,quarterly_direct,identity_q1_or_ytd_diff,
601169.XSHG,parent_balance,2014-12-31,2014q4,,2015-04-28,hold_to_maturity_investments,120099000000.0,finance_balance_sheet_parent_current_only.csv,hold_to_maturity_investments,quarterly_direct,identity_q1_or_ytd_diff,
601169.XSHG,parent_balance,2014-12-31,2014q4,,2015-04-28,longterm_equity_invest,4010000000.0,finance_balance_sheet_parent_current_only.csv,longterm_equity_invest,quarterly_direct,identity_q1_or_ytd_diff,
601169.XSHG,parent_balance,2014-12-31,2014q4,,2015-04-28,investment_property,341000000.0,finance_balance_sheet_parent_current_only.csv,investment_property,quarterly_direct,identity_q1_or_ytd_diff,
601169.XSHG,parent_balance,2014-12-31,2014q4,,2015-04-28,inventories,,finance_balance_sheet_parent_current_only.csv,inventories,,identity_q1_or_ytd_diff,missing_raw_value
601169.XSHG,parent_balance,2014-12-31,2014q4,,2015-04-28,fixed_assets,6033000000.0,finance_balance_sheet_parent_current_only.csv,fixed_assets,quarterly_direct,identity_q1_or_ytd_diff,
601169.XSHG,parent_balance,2014-12-31,2014q4,,2015-04-28,constru_in_process,,finance_balance_sheet_parent_current_only.csv,constru_in_process,,identity_q1_or_ytd_diff,missing_raw_value
601169.XSHG,parent_balance,2014-12-31,2014q4,,2015-04-28,intangible_assets,616000000.0,finance_balance_sheet_parent_current_only.csv,intangible_assets,quarterly_direct,identity_q1_or_ytd_diff,
601169.XSHG,parent_balance,2014-12-31,2014q4,,2015-04-28,long_deferred_expense,,finance_balance_sheet_parent_current_only.csv,long_deferred_expense,,identity_q1_or_ytd_diff,missing_raw_value
601169.XSHG,parent_balance,2014-12-31,2014q4,,2015-04-28,deferred_tax_assets,3620000000.0,finance_balance_sheet_parent_current_only.csv,deferred_tax_assets,quarterly_direct,identity_q1_or_ytd_diff,
601169.XSHG,parent_balance,2014-12-31,2014q4,,2015-04-28,other_asset,3691000000.0,finance_balance_sheet_parent_current_only.csv,other_asset,quarterly_direct,identity_q1_or_ytd_diff,
601169.XSHG,parent_balance,2014-12-31,2014q4,,2015-04-28,total_assets,1513020000000.0,finance_balance_sheet_parent_current_only.csv,total_assets,quarterly_direct,identity_q1_or_ytd_diff,
601169.XSHG,parent_balance,2014-12-31,2014q4,,2015-04-28,borrowing_from_centralbank,20000000000.0,finance_balance_sheet_parent_current_only.csv,borrowing_from_centralbank,quarterly_direct,identity_q1_or_ytd_diff,
601169.XSHG,parent_balance,2014-12-31,2014q4,,2015-04-28,shortterm_loan,,finance_balance_sheet_parent_current_only.csv,shortterm_loan,,identity_q1_or_ytd_diff,missing_raw_value
601169.XSHG,parent_balance,2014-12-31,2014q4,,2015-04-28,borrowing_capital,24083000000.0,finance_balance_sheet_parent_current_only.csv,borrowing_capital,quarterly_direct,identity_q1_or_ytd_diff,
601169.XSHG,parent_balance,2014-12-31,2014q4,,2015-04-28,sold_buyback_secu_proceeds,58857000000.0,finance_balance_sheet_parent_current_only.csv,sold_buyback_secu_proceeds,quarterly_direct,identity_q1_or_ytd_diff,
601169.XSHG,parent_balance,2014-12-31,2014q4,,2015-04-28,proxy_secu_proceeds,,finance_balance_sheet_parent_current_only.csv,proxy_secu_proceeds,,identity_q1_or_ytd_diff,missing_raw_value
601169.XSHG,parent_balance,2014-12-31,2014q4,,2015-04-28,notes_payable,,finance_balance_sheet_parent_current_only.csv,notes_payable,,identity_q1_or_ytd_diff,missing_raw_value
601169.XSHG,parent_balance,2014-12-31,2014q4,,2015-04-28,advance_peceipts,,finance_balance_sheet_parent_current_only.csv,advance_peceipts,,identity_q1_or_ytd_diff,missing_raw_value
601169.XSHG,parent_balance,2014-12-31,2014q4,,2015-04-28,commission_payable,,finance_balance_sheet_parent_current_only.csv,commission_payable,,identity_q1_or_ytd_diff,missing_raw_value
601169.XSHG,parent_balance,2014-12-31,2014q4,,2015-04-28,salaries_payable,368000000.0,finance_balance_sheet_parent_current_only.csv,salaries_payable,quarterly_direct,identity_q1_or_ytd_diff,
601169.XSHG,parent_balance,2014-12-31,2014q4,,2015-04-28,taxs_payable,1545000000.0,finance_balance_sheet_parent_current_only.csv,taxs_payable,quarterly_direct,identity_q1_or_ytd_diff,
601169.XSHG,parent_balance,2014-12-31,2014q4,,2015-04-28,interest_payable,13712000000.0,finance_balance_sheet_parent_current_only.csv,interest_payable,quarterly_direct,identity_q1_or_ytd_diff,
601169.XSHG,parent_balance,2014-12-31,2014q4,,2015-04-28,estimate_liability,23000000.0,finance_balance_sheet_parent_current_only.csv,estimate_liability,quarterly_direct,identity_q1_or_ytd_diff,
601169.XSHG,parent_balance,2014-12-31,2014q4,,2015-04-28,longterm_loan,,finance_balance_sheet_parent_current_only.csv,longterm_loan,,identity_q1_or_ytd_diff,missing_raw_value
601169.XSHG,parent_balance,2014-12-31,2014q4,,2015-04-28,bonds_payable,56783000000.0,finance_balance_sheet_parent_current_only.csv,bonds_payable,quarterly_direct,identity_q1_or_ytd_diff,
601169.XSHG,parent_balance,2014-12-31,2014q4,,2015-04-28,deferred_tax_liability,,finance_balance_sheet_parent_current_only.csv,deferred_tax_liability,,identity_q1_or_ytd_diff,missing_raw_value
601169.XSHG,parent_balance,2014-12-31,2014q4,,2015-04-28,other_liability,7039000000.0,finance_balance_sheet_parent_current_only.csv,other_liability,quarterly_direct,identity_q1_or_ytd_diff,
601169.XSHG,parent_balance,2014-12-31,2014q4,,2015-04-28,total_liability,1417154000000.0,finance_balance_sheet_parent_current_only.csv,total_liability,quarterly_direct,identity_q1_or_ytd_diff,
601169.XSHG,parent_balance,2014-12-31,2014q4,,2015-04-28,paidin_capital,10560000000.0,finance_balance_sheet_parent_current_only.csv,paidin_capital,quarterly_direct,identity_q1_or_ytd_diff,
601169.XSHG,parent_balance,2014-12-31,2014q4,,2015-04-28,capital_reserve_fund,26128000000.0,finance_balance_sheet_parent_current_only.csv,capital_reserve_fund,quarterly_direct,identity_q1_or_ytd_diff,
601169.XSHG,parent_balance,2014-12-31,2014q4,,2015-04-28,treasury_stock,,finance_balance_sheet_parent_current_only.csv,treasury_stock,,identity_q1_or_ytd_diff,missing_raw_value
601169.XSHG,parent_balance,2014-12-31,2014q4,,2015-04-28,surplus_reserve_fund,8370000000.0,finance_balance_sheet_parent_current_only.csv,surplus_reserve_fund,quarterly_direct,identity_q1_or_ytd_diff,
601169.XSHG,parent_balance,2014-12-31,2014q4,,2015-04-28,equities_parent_company_owners,95866000000.0,finance_balance_sheet_parent_current_only.csv,equities_parent_company_owners,quarterly_direct,identity_q1_or_ytd_diff,
601169.XSHG,parent_balance,2014-12-31,2014q4,,2015-04-28,retained_profit,32678000000.0,finance_balance_sheet_parent_current_only.csv,retained_profit,quarterly_direct,identity_q1_or_ytd_diff,
601169.XSHG,parent_balance,2014-12-31,2014q4,,2015-04-28,minority_interests,,finance_balance_sheet_parent_current_only.csv,minority_interests,,identity_q1_or_ytd_diff,missing_raw_value
601169.XSHG,parent_balance,2014-12-31,2014q4,,2015-04-28,total_owner_equities,95866000000.0,finance_balance_sheet_parent_current_only.csv,total_owner_equities,quarterly_direct,identity_q1_or_ytd_diff,
601169.XSHG,parent_balance,2014-12-31,2014q4,,2015-04-28,other_comprehensive_income,8000000.0,finance_balance_sheet_parent_current_only.csv,other_comprehensive_income,quarterly_direct,identity_q1_or_ytd_diff,
601169.XSHG,parent_balance,2015-03-31,2015q1,,2015-04-28,deposit_in_ib,101440000000.0,finance_balance_sheet_parent_current_only.csv,deposit_in_ib,quarterly_direct,identity_q1_or_ytd_diff,
601169.XSHG,parent_balance,2015-03-31,2015q1,,2015-04-28,cash_equivalents,,finance_balance_sheet_parent_current_only.csv,cash_equivalents,,identity_q1_or_ytd_diff,missing_raw_value
601169.XSHG,parent_balance,2015-03-31,2015q1,,2015-04-28,deposit_client,,finance_balance_sheet_parent_current_only.csv,deposit_client,,identity_q1_or_ytd_diff,missing_raw_value
601169.XSHG,parent_balance,2015-03-31,2015q1,,2015-04-28,cash_in_cb,168000000000.0,finance_balance_sheet_parent_current_only.csv,cash_in_cb,quarterly_direct,identity_q1_or_ytd_diff,
601169.XSHG,parent_balance,2015-03-31,2015q1,,2015-04-28,settlement_provi,,finance_balance_sheet_parent_current_only.csv,settlement_provi,,identity_q1_or_ytd_diff,missing_raw_value
601169.XSHG,parent_balance,2015-03-31,2015q1,,2015-04-28,settlement_provi_client,,finance_balance_sheet_parent_current_only.csv,settlement_provi_client,,identity_q1_or_ytd_diff,missing_raw_value
601169.XSHG,parent_balance,2015-03-31,2015q1,,2015-04-28,lend_capital,85747000000.0,finance_balance_sheet_parent_current_only.csv,lend_capital,quarterly_direct,identity_q1_or_ytd_diff,
601169.XSHG,parent_balance,2015-03-31,2015q1,,2015-04-28,bought_sellback_assets,94669000000.0,finance_balance_sheet_parent_current_only.csv,bought_sellback_assets,quarterly_direct,identity_q1_or_ytd_diff,
601169.XSHG,parent_balance,2015-03-31,2015q1,,2015-04-28,interest_receivable,9650000000.0,finance_balance_sheet_parent_current_only.csv,interest_receivable,quarterly_direct,identity_q1_or_ytd_diff,
601169.XSHG,parent_balance,2015-03-31,2015q1,,2015-04-28,insurance_receivables,,finance_balance_sheet_parent_current_only.csv,insurance_receivables,,identity_q1_or_ytd_diff,missing_raw_value
601169.XSHG,parent_balance,2015-03-31,2015q1,,2015-04-28,loan_and_advance,668846000000.0,finance_balance_sheet_parent_current_only.csv,loan_and_advance,quarterly_direct,identity_q1_or_ytd_diff,
601169.XSHG,parent_balance,2015-03-31,2015q1,,2015-04-28,advance_payment,,finance_balance_sheet_parent_current_only.csv,advance_payment,,identity_q1_or_ytd_diff,missing_raw_value
601169.XSHG,parent_balance,2015-03-31,2015q1,,2015-04-28,hold_for_sale_assets,109770000000.0,finance_balance_sheet_parent_current_only.csv,hold_for_sale_assets,quarterly_direct,identity_q1_or_ytd_diff,
601169.XSHG,parent_balance,2015-03-31,2015q1,,2015-04-28,hold_to_maturity_investments,118495000000.0,finance_balance_sheet_parent_current_only.csv,hold_to_maturity_investments,quarterly_direct,identity_q1_or_ytd_diff,
601169.XSHG,parent_balance,2015-03-31,2015q1,,2015-04-28,longterm_equity_invest,4088000000.0,finance_balance_sheet_parent_current_only.csv,longterm_equity_invest,quarterly_direct,identity_q1_or_ytd_diff,
601169.XSHG,parent_balance,2015-03-31,2015q1,,2015-04-28,investment_property,336000000.0,finance_balance_sheet_parent_current_only.csv,investment_property,quarterly_direct,identity_q1_or_ytd_diff,
601169.XSHG,parent_balance,2015-03-31,2015q1,,2015-04-28,inventories,,finance_balance_sheet_parent_current_only.csv,inventories,,identity_q1_or_ytd_diff,missing_raw_value
601169.XSHG,parent_balance,2015-03-31,2015q1,,2015-04-28,fixed_assets,5948000000.0,finance_balance_sheet_parent_current_only.csv,fixed_assets,quarterly_direct,identity_q1_or_ytd_diff,
601169.XSHG,parent_balance,2015-03-31,2015q1,,2015-04-28,constru_in_process,,finance_balance_sheet_parent_current_only.csv,constru_in_process,,identity_q1_or_ytd_diff,missing_raw_value
601169.XSHG,parent_balance,2015-03-31,2015q1,,2015-04-28,intangible_assets,612000000.0,finance_balance_sheet_parent_current_only.csv,intangible_assets,quarterly_direct,identity_q1_or_ytd_diff,
601169.XSHG,parent_balance,2015-03-31,2015q1,,2015-04-28,long_deferred_expense,,finance_balance_sheet_parent_current_only.csv,long_deferred_expense,,identity_q1_or_ytd_diff,missing_raw_value
601169.XSHG,parent_balance,2015-03-31,2015q1,,2015-04-28,deferred_tax_assets,4234000000.0,finance_balance_sheet_parent_current_only.csv,deferred_tax_assets,quarterly_direct,identity_q1_or_ytd_diff,
601169.XSHG,parent_balance,2015-03-31,2015q1,,2015-04-28,other_asset,3979000000.0,finance_balance_sheet_parent_current_only.csv,other_asset,quarterly_direct,identity_q1_or_ytd_diff,
601169.XSHG,parent_balance,2015-03-31,2015q1,,2015-04-28,total_assets,1515599000000.0,finance_balance_sheet_parent_current_only.csv,total_assets,quarterly_direct,identity_q1_or_ytd_diff,
601169.XSHG,parent_balance,2015-03-31,2015q1,,2015-04-28,borrowing_from_centralbank,30000000000.0,finance_balance_sheet_parent_current_only.csv,borrowing_from_centralbank,quarterly_direct,identity_q1_or_ytd_diff,
601169.XSHG,parent_balance,2015-03-31,2015q1,,2015-04-28,shortterm_loan,,finance_balance_sheet_parent_current_only.csv,shortterm_loan,,identity_q1_or_ytd_diff,missing_raw_value
601169.XSHG,parent_balance,2015-03-31,2015q1,,2015-04-28,borrowing_capital,14792000000.0,finance_balance_sheet_parent_current_only.csv,borrowing_capital,quarterly_direct,identity_q1_or_ytd_diff,
601169.XSHG,parent_balance,2015-03-31,2015q1,,2015-04-28,sold_buyback_secu_proceeds,11939000000.0,finance_balance_sheet_parent_current_only.csv,sold_buyback_secu_proceeds,quarterly_direct,identity_q1_or_ytd_diff,
601169.XSHG,parent_balance,2015-03-31,2015q1,,2015-04-28,proxy_secu_proceeds,,finance_balance_sheet_parent_current_only.csv,proxy_secu_proceeds,,identity_q1_or_ytd_diff,missing_raw_value
601169.XSHG,parent_balance,2015-03-31,2015q1,,2015-04-28,notes_payable,,finance_balance_sheet_parent_current_only.csv,notes_payable,,identity_q1_or_ytd_diff,missing_raw_value
601169.XSHG,parent_balance,2015-03-31,2015q1,,2015-04-28,advance_peceipts,,finance_balance_sheet_parent_current_only.csv,advance_peceipts,,identity_q1_or_ytd_diff,missing_raw_value
601169.XSHG,parent_balance,2015-03-31,2015q1,,2015-04-28,commission_payable,,finance_balance_sheet_parent_current_only.csv,commission_payable,,identity_q1_or_ytd_diff,missing_raw_value
601169.XSHG,parent_balance,2015-03-31,2015q1,,2015-04-28,salaries_payable,246000000.0,finance_balance_sheet_parent_current_only.csv,salaries_payable,quarterly_direct,identity_q1_or_ytd_diff,
601169.XSHG,parent_balance,2015-03-31,2015q1,,2015-04-28,taxs_payable,2155000000.0,finance_balance_sheet_parent_current_only.csv,taxs_payable,quarterly_direct,identity_q1_or_ytd_diff,
601169.XSHG,parent_balance,2015-03-31,2015q1,,2015-04-28,interest_payable,12527000000.0,finance_balance_sheet_parent_current_only.csv,interest_payable,quarterly_direct,identity_q1_or_ytd_diff,
601169.XSHG,parent_balance,2015-03-31,2015q1,,2015-04-28,estimate_liability,21000000.0,finance_balance_sheet_parent_current_only.csv,estimate_liability,quarterly_direct,identity_q1_or_ytd_diff,
601169.XSHG,parent_balance,2015-03-31,2015q1,,2015-04-28,longterm_loan,,finance_balance_sheet_parent_current_only.csv,longterm_loan,,identity_q1_or_ytd_diff,missing_raw_value
601169.XSHG,parent_balance,2015-03-31,2015q1,,2015-04-28,bonds_payable,79059000000.0,finance_balance_sheet_parent_current_only.csv,bonds_payable,quarterly_direct,identity_q1_or_ytd_diff,
601169.XSHG,parent_balance,2015-03-31,2015q1,,2015-04-28,deferred_tax_liability,0.0,finance_balance_sheet_parent_current_only.csv,deferred_tax_liability,quarterly_direct,identity_q1_or_ytd_diff,
601169.XSHG,parent_balance,2015-03-31,2015q1,,2015-04-28,other_liability,10483000000.0,finance_balance_sheet_parent_current_only.csv,other_liability,quarterly_direct,identity_q1_or_ytd_diff,
601169.XSHG,parent_balance,2015-03-31,2015q1,,2015-04-28,total_liability,1415409000000.0,finance_balance_sheet_parent_current_only.csv,total_liability,quarterly_direct,identity_q1_or_ytd_diff,
601169.XSHG,parent_balance,2015-03-31,2015q1,,2015-04-28,paidin_capital,10560000000.0,finance_balance_sheet_parent_current_only.csv,paidin_capital,quarterly_direct,identity_q1_or_ytd_diff,
601169.XSHG,parent_balance,2015-03-31,2015q1,,2015-04-28,capital_reserve_fund,26128000000.0,finance_balance_sheet_parent_current_only.csv,capital_reserve_fund,quarterly_direct,identity_q1_or_ytd_diff,
601169.XSHG,parent_balance,2015-03-31,2015q1,,2015-04-28,treasury_stock,,finance_balance_sheet_parent_current_only.csv,treasury_stock,,identity_q1_or_ytd_diff,missing_raw_value
601169.XSHG,parent_balance,2015-03-31,2015q1,,2015-04-28,surplus_reserve_fund,8370000000.0,finance_balance_sheet_parent_current_only.csv,surplus_reserve_fund,quarterly_direct,identity_q1_or_ytd_diff,
601169.XSHG,parent_balance,2015-03-31,2015q1,,2015-04-28,equities_parent_company_owners,100190000000.0,finance_balance_sheet_parent_current_only.csv,equities_parent_company_owners,quarterly_direct,identity_q1_or_ytd_diff,
601169.XSHG,parent_balance,2015-03-31,2015q1,,2015-04-28,retained_profit,37642000000.0,finance_balance_sheet_parent_current_only.csv,retained_profit,quarterly_direct,identity_q1_or_ytd_diff,
601169.XSHG,parent_balance,2015-03-31,2015q1,,2015-04-28,minority_interests,,finance_balance_sheet_parent_current_only.csv,minority_interests,,identity_q1_or_ytd_diff,missing_raw_value
601169.XSHG,parent_balance,2015-03-31,2015q1,,2015-04-28,total_owner_equities,100190000000.0,finance_balance_sheet_parent_current_only.csv,total_owner_equities,quarterly_direct,identity_q1_or_ytd_diff,
601169.XSHG,parent_balance,2015-03-31,2015q1,,2015-04-28,other_comprehensive_income,-632000000.0,finance_balance_sheet_parent_current_only.csv,other_comprehensive_income,quarterly_direct,identity_q1_or_ytd_diff,
601169.XSHG,parent_balance,2015-06-30,2015q2,,2015-08-26,deposit_in_ib,106336000000.0,finance_balance_sheet_parent_current_only.csv,deposit_in_ib,quarterly_direct,identity_q1_or_ytd_diff,
601169.XSHG,parent_balance,2015-06-30,2015q2,,2015-08-26,cash_equivalents,,finance_balance_sheet_parent_current_only.csv,cash_equivalents,,identity_q1_or_ytd_diff,missing_raw_value
601169.XSHG,parent_balance,2015-06-30,2015q2,,2015-08-26,deposit_client,,finance_balance_sheet_parent_current_only.csv,deposit_client,,identity_q1_or_ytd_diff,missing_raw_value
601169.XSHG,parent_balance,2015-06-30,2015q2,,2015-08-26,cash_in_cb,169789000000.0,finance_balance_sheet_parent_current_only.csv,cash_in_cb,quarterly_direct,identity_q1_or_ytd_diff,
601169.XSHG,parent_balance,2015-06-30,2015q2,,2015-08-26,settlement_provi,,finance_balance_sheet_parent_current_only.csv,settlement_provi,,identity_q1_or_ytd_diff,missing_raw_value
601169.XSHG,parent_balance,2015-06-30,2015q2,,2015-08-26,settlement_provi_client,,finance_balance_sheet_parent_current_only.csv,settlement_provi_client,,identity_q1_or_ytd_diff,missing_raw_value
601169.XSHG,parent_balance,2015-06-30,2015q2,,2015-08-26,lend_capital,87194000000.0,finance_balance_sheet_parent_current_only.csv,lend_capital,quarterly_direct,identity_q1_or_ytd_diff,
601169.XSHG,parent_balance,2015-06-30,2015q2,,2015-08-26,bought_sellback_assets,136495000000.0,finance_balance_sheet_parent_current_only.csv,bought_sellback_assets,quarterly_direct,identity_q1_or_ytd_diff,
601169.XSHG,parent_balance,2015-06-30,2015q2,,2015-08-26,interest_receivable,9387000000.0,finance_balance_sheet_parent_current_only.csv,interest_receivable,quarterly_direct,identity_q1_or_ytd_diff,
601169.XSHG,parent_balance,2015-06-30,2015q2,,2015-08-26,insurance_receivables,,finance_balance_sheet_parent_current_only.csv,insurance_receivables,,identity_q1_or_ytd_diff,missing_raw_value
601169.XSHG,parent_balance,2015-06-30,2015q2,,2015-08-26,loan_and_advance,697266000000.0,finance_balance_sheet_parent_current_only.csv,loan_and_advance,quarterly_direct,identity_q1_or_ytd_diff,
601169.XSHG,parent_balance,2015-06-30,2015q2,,2015-08-26,advance_payment,,finance_balance_sheet_parent_current_only.csv,advance_payment,,identity_q1_or_ytd_diff,missing_raw_value
601169.XSHG,parent_balance,2015-06-30,2015q2,,2015-08-26,hold_for_sale_assets,106565000000.0,finance_balance_sheet_parent_current_only.csv,hold_for_sale_assets,quarterly_direct,identity_q1_or_ytd_diff,
601169.XSHG,parent_balance,2015-06-30,2015q2,,2015-08-26,hold_to_maturity_investments,124340000000.0,finance_balance_sheet_parent_current_only.csv,hold_to_maturity_investments,quarterly_direct,identity_q1_or_ytd_diff,
601169.XSHG,parent_balance,2015-06-30,2015q2,,2015-08-26,longterm_equity_invest,4126000000.0,finance_balance_sheet_parent_current_only.csv,longterm_equity_invest,quarterly_direct,identity_q1_or_ytd_diff,
601169.XSHG,parent_balance,2015-06-30,2015q2,,2015-08-26,investment_property,332000000.0,finance_balance_sheet_parent_current_only.csv,investment_property,quarterly_direct,identity_q1_or_ytd_diff,
601169.XSHG,parent_balance,2015-06-30,2015q2,,2015-08-26,inventories,,finance_balance_sheet_parent_current_only.csv,inventories,,identity_q1_or_ytd_diff,missing_raw_value
601169.XSHG,parent_balance,2015-06-30,2015q2,,2015-08-26,fixed_assets,5820000000.0,finance_balance_sheet_parent_current_only.csv,fixed_assets,quarterly_direct,identity_q1_or_ytd_diff,
601169.XSHG,parent_balance,2015-06-30,2015q2,,2015-08-26,constru_in_process,,finance_balance_sheet_parent_current_only.csv,constru_in_process,,identity_q1_or_ytd_diff,missing_raw_value
601169.XSHG,parent_balance,2015-06-30,2015q2,,2015-08-26,intangible_assets,608000000.0,finance_balance_sheet_parent_current_only.csv,intangible_assets,quarterly_direct,identity_q1_or_ytd_diff,
601169.XSHG,parent_balance,2015-06-30,2015q2,,2015-08-26,long_deferred_expense,,finance_balance_sheet_parent_current_only.csv,long_deferred_expense,,identity_q1_or_ytd_diff,missing_raw_value
601169.XSHG,parent_balance,2015-06-30,2015q2,,2015-08-26,deferred_tax_assets,4171000000.0,finance_balance_sheet_parent_current_only.csv,deferred_tax_assets,quarterly_direct,identity_q1_or_ytd_diff,
601169.XSHG,parent_balance,2015-06-30,2015q2,,2015-08-26,other_asset,5286000000.0,finance_balance_sheet_parent_current_only.csv,other_asset,quarterly_direct,identity_q1_or_ytd_diff,
601169.XSHG,parent_balance,2015-06-30,2015q2,,2015-08-26,total_assets,1612113000000.0,finance_balance_sheet_parent_current_only.csv,total_assets,quarterly_direct,identity_q1_or_ytd_diff,
601169.XSHG,parent_balance,2015-06-30,2015q2,,2015-08-26,borrowing_from_centralbank,20000000000.0,finance_balance_sheet_parent_current_only.csv,borrowing_from_centralbank,quarterly_direct,identity_q1_or_ytd_diff,
601169.XSHG,parent_balance,2015-06-30,2015q2,,2015-08-26,shortterm_loan,,finance_balance_sheet_parent_current_only.csv,shortterm_loan,,identity_q1_or_ytd_diff,missing_raw_value
601169.XSHG,parent_balance,2015-06-30,2015q2,,2015-08-26,borrowing_capital,16160000000.0,finance_balance_sheet_parent_current_only.csv,borrowing_capital,quarterly_direct,identity_q1_or_ytd_diff,
601169.XSHG,parent_balance,2015-06-30,2015q2,,2015-08-26,sold_buyback_secu_proceeds,34178000000.0,finance_balance_sheet_parent_current_only.csv,sold_buyback_secu_proceeds,quarterly_direct,identity_q1_or_ytd_diff,
601169.XSHG,parent_balance,2015-06-30,2015q2,,2015-08-26,proxy_secu_proceeds,,finance_balance_sheet_parent_current_only.csv,proxy_secu_proceeds,,identity_q1_or_ytd_diff,missing_raw_value
601169.XSHG,parent_balance,2015-06-30,2015q2,,2015-08-26,notes_payable,,finance_balance_sheet_parent_current_only.csv,notes_payable,,identity_q1_or_ytd_diff,missing_raw_value
601169.XSHG,parent_balance,2015-06-30,2015q2,,2015-08-26,advance_peceipts,,finance_balance_sheet_parent_current_only.csv,advance_peceipts,,identity_q1_or_ytd_diff,missing_raw_value
601169.XSHG,parent_balance,2015-06-30,2015q2,,2015-08-26,commission_payable,,finance_balance_sheet_parent_current_only.csv,commission_payable,,identity_q1_or_ytd_diff,missing_raw_value
601169.XSHG,parent_balance,2015-06-30,2015q2,,2015-08-26,salaries_payable,294000000.0,finance_balance_sheet_parent_current_only.csv,salaries_payable,quarterly_direct,identity_q1_or_ytd_diff,
601169.XSHG,parent_balance,2015-06-30,2015q2,,2015-08-26,taxs_payable,1583000000.0,finance_balance_sheet_parent_current_only.csv,taxs_payable,quarterly_direct,identity_q1_or_ytd_diff,
601169.XSHG,parent_balance,2015-06-30,2015q2,,2015-08-26,interest_payable,12583000000.0,finance_balance_sheet_parent_current_only.csv,interest_payable,quarterly_direct,identity_q1_or_ytd_diff,
601169.XSHG,parent_balance,2015-06-30,2015q2,,2015-08-26,estimate_liability,23000000.0,finance_balance_sheet_parent_current_only.csv,estimate_liability,quarterly_direct,identity_q1_or_ytd_diff,
601169.XSHG,parent_balance,2015-06-30,2015q2,,2015-08-26,longterm_loan,,finance_balance_sheet_parent_current_only.csv,longterm_loan,,identity_q1_or_ytd_diff,missing_raw_value
601169.XSHG,parent_balance,2015-06-30,2015q2,,2015-08-26,bonds_payable,120371000000.0,finance_balance_sheet_parent_current_only.csv,bonds_payable,quarterly_direct,identity_q1_or_ytd_diff,
601169.XSHG,parent_balance,2015-06-30,2015q2,,2015-08-26,deferred_tax_liability,,finance_balance_sheet_parent_current_only.csv,deferred_tax_liability,,identity_q1_or_ytd_diff,missing_raw_value
601169.XSHG,parent_balance,2015-06-30,2015q2,,2015-08-26,other_liability,21458000000.0,finance_balance_sheet_parent_current_only.csv,other_liability,quarterly_direct,identity_q1_or_ytd_diff,
601169.XSHG,parent_balance,2015-06-30,2015q2,,2015-08-26,total_liability,1508943000000.0,finance_balance_sheet_parent_current_only.csv,total_liability,quarterly_direct,identity_q1_or_ytd_diff,
601169.XSHG,parent_balance,2015-06-30,2015q2,,2015-08-26,paidin_capital,10560000000.0,finance_balance_sheet_parent_current_only.csv,paidin_capital,quarterly_direct,identity_q1_or_ytd_diff,
601169.XSHG,parent_balance,2015-06-30,2015q2,,2015-08-26,capital_reserve_fund,26128000000.0,finance_balance_sheet_parent_current_only.csv,capital_reserve_fund,quarterly_direct,identity_q1_or_ytd_diff,
601169.XSHG,parent_balance,2015-06-30,2015q2,,2015-08-26,treasury_stock,,finance_balance_sheet_parent_current_only.csv,treasury_stock,,identity_q1_or_ytd_diff,missing_raw_value
601169.XSHG,parent_balance,2015-06-30,2015q2,,2015-08-26,surplus_reserve_fund,8370000000.0,finance_balance_sheet_parent_current_only.csv,surplus_reserve_fund,quarterly_direct,identity_q1_or_ytd_diff,
601169.XSHG,parent_balance,2015-06-30,2015q2,,2015-08-26,equities_parent_company_owners,103170000000.0,finance_balance_sheet_parent_current_only.csv,equities_parent_company_owners,quarterly_direct,identity_q1_or_ytd_diff,
601169.XSHG,parent_balance,2015-06-30,2015q2,,2015-08-26,retained_profit,40020000000.0,finance_balance_sheet_parent_current_only.csv,retained_profit,quarterly_direct,identity_q1_or_ytd_diff,
601169.XSHG,parent_balance,2015-06-30,2015q2,,2015-08-26,minority_interests,,finance_balance_sheet_parent_current_only.csv,minority_interests,,identity_q1_or_ytd_diff,missing_raw_value
601169.XSHG,parent_balance,2015-06-30,2015q2,,2015-08-26,total_owner_equities,103170000000.0,finance_balance_sheet_parent_current_only.csv,total_owner_equities,quarterly_direct,identity_q1_or_ytd_diff,
601169.XSHG,parent_balance,2015-06-30,2015q2,,2015-08-26,other_comprehensive_income,,finance_balance_sheet_parent_current_only.csv,other_comprehensive_income,,identity_q1_or_ytd_diff,missing_raw_value
601169.XSHG,parent_balance,2015-09-30,2015q3,,2015-10-30,deposit_in_ib,234024000000.0,finance_balance_sheet_parent_current_only.csv,deposit_in_ib,quarterly_direct,identity_q1_or_ytd_diff,
601169.XSHG,parent_balance,2015-09-30,2015q3,,2015-10-30,cash_equivalents,,finance_balance_sheet_parent_current_only.csv,cash_equivalents,,identity_q1_or_ytd_diff,missing_raw_value
601169.XSHG,parent_balance,2015-09-30,2015q3,,2015-10-30,deposit_client,,finance_balance_sheet_parent_current_only.csv,deposit_client,,identity_q1_or_ytd_diff,missing_raw_value
601169.XSHG,parent_balance,2015-09-30,2015q3,,2015-10-30,cash_in_cb,161568000000.0,finance_balance_sheet_parent_current_only.csv,cash_in_cb,quarterly_direct,identity_q1_or_ytd_diff,
601169.XSHG,parent_balance,2015-09-30,2015q3,,2015-10-30,settlement_provi,,finance_balance_sheet_parent_current_only.csv,settlement_provi,,identity_q1_or_ytd_diff,missing_raw_value
601169.XSHG,parent_balance,2015-09-30,2015q3,,2015-10-30,settlement_provi_client,,finance_balance_sheet_parent_current_only.csv,settlement_provi_client,,identity_q1_or_ytd_diff,missing_raw_value
601169.XSHG,parent_balance,2015-09-30,2015q3,,2015-10-30,lend_capital,74522000000.0,finance_balance_sheet_parent_current_only.csv,lend_capital,quarterly_direct,identity_q1_or_ytd_diff,
601169.XSHG,parent_balance,2015-09-30,2015q3,,2015-10-30,bought_sellback_assets,152588000000.0,finance_balance_sheet_parent_current_only.csv,bought_sellback_assets,quarterly_direct,identity_q1_or_ytd_diff,
601169.XSHG,parent_balance,2015-09-30,2015q3,,2015-10-30,interest_receivable,9746000000.0,finance_balance_sheet_parent_current_only.csv,interest_receivable,quarterly_direct,identity_q1_or_ytd_diff,
601169.XSHG,parent_balance,2015-09-30,2015q3,,2015-10-30,insurance_receivables,,finance_balance_sheet_parent_current_only.csv,insurance_receivables,,identity_q1_or_ytd_diff,missing_raw_value
601169.XSHG,parent_balance,2015-09-30,2015q3,,2015-10-30,loan_and_advance,710687000000.0,finance_balance_sheet_parent_current_only.csv,loan_and_advance,quarterly_direct,identity_q1_or_ytd_diff,
601169.XSHG,parent_balance,2015-09-30,2015q3,,2015-10-30,advance_payment,,finance_balance_sheet_parent_current_only.csv,advance_payment,,identity_q1_or_ytd_diff,missing_raw_value
601169.XSHG,parent_balance,2015-09-30,2015q3,,2015-10-30,hold_for_sale_assets,112358000000.0,finance_balance_sheet_parent_current_only.csv,hold_for_sale_assets,quarterly_direct,identity_q1_or_ytd_diff,
601169.XSHG,parent_balance,2015-09-30,2015q3,,2015-10-30,hold_to_maturity_investments,146858000000.0,finance_balance_sheet_parent_current_only.csv,hold_to_maturity_investments,quarterly_direct,identity_q1_or_ytd_diff,
601169.XSHG,parent_balance,2015-09-30,2015q3,,2015-10-30,longterm_equity_invest,4289000000.0,finance_balance_sheet_parent_current_only.csv,longterm_equity_invest,quarterly_direct,identity_q1_or_ytd_diff,
601169.XSHG,parent_balance,2015-09-30,2015q3,,2015-10-30,investment_property,328000000.0,finance_balance_sheet_parent_current_only.csv,investment_property,quarterly_direct,identity_q1_or_ytd_diff,
601169.XSHG,parent_balance,2015-09-30,2015q3,,2015-10-30,inventories,,finance_balance_sheet_parent_current_only.csv,inventories,,identity_q1_or_ytd_diff,missing_raw_value
601169.XSHG,parent_balance,2015-09-30,2015q3,,2015-10-30,fixed_assets,6343000000.0,finance_balance_sheet_parent_current_only.csv,fixed_assets,quarterly_direct,identity_q1_or_ytd_diff,
601169.XSHG,parent_balance,2015-09-30,2015q3,,2015-10-30,constru_in_process,,finance_balance_sheet_parent_current_only.csv,constru_in_process,,identity_q1_or_ytd_diff,missing_raw_value
601169.XSHG,parent_balance,2015-09-30,2015q3,,2015-10-30,intangible_assets,605000000.0,finance_balance_sheet_parent_current_only.csv,intangible_assets,quarterly_direct,identity_q1_or_ytd_diff,
601169.XSHG,parent_balance,2015-09-30,2015q3,,2015-10-30,long_deferred_expense,,finance_balance_sheet_parent_current_only.csv,long_deferred_expense,,identity_q1_or_ytd_diff,missing_raw_value
601169.XSHG,parent_balance,2015-09-30,2015q3,,2015-10-30,deferred_tax_assets,4456000000.0,finance_balance_sheet_parent_current_only.csv,deferred_tax_assets,quarterly_direct,identity_q1_or_ytd_diff,
601169.XSHG,parent_balance,2015-09-30,2015q3,,2015-10-30,other_asset,4332000000.0,finance_balance_sheet_parent_current_only.csv,other_asset,quarterly_direct,identity_q1_or_ytd_diff,
601169.XSHG,parent_balance,2015-09-30,2015q3,,2015-10-30,total_assets,1771929000000.0,finance_balance_sheet_parent_current_only.csv,total_assets,quarterly_direct,identity_q1_or_ytd_diff,
601169.XSHG,parent_balance,2015-09-30,2015q3,,2015-10-30,borrowing_from_centralbank,20000000000.0,finance_balance_sheet_parent_current_only.csv,borrowing_from_centralbank,quarterly_direct,identity_q1_or_ytd_diff,
601169.XSHG,parent_balance,2015-09-30,2015q3,,2015-10-30,shortterm_loan,,finance_balance_sheet_parent_current_only.csv,shortterm_loan,,identity_q1_or_ytd_diff,missing_raw_value
601169.XSHG,parent_balance,2015-09-30,2015q3,,2015-10-30,borrowing_capital,21787000000.0,finance_balance_sheet_parent_current_only.csv,borrowing_capital,quarterly_direct,identity_q1_or_ytd_diff,
601169.XSHG,parent_balance,2015-09-30,2015q3,,2015-10-30,sold_buyback_secu_proceeds,48233000000.0,finance_balance_sheet_parent_current_only.csv,sold_buyback_secu_proceeds,quarterly_direct,identity_q1_or_ytd_diff,
601169.XSHG,parent_balance,2015-09-30,2015q3,,2015-10-30,proxy_secu_proceeds,,finance_balance_sheet_parent_current_only.csv,proxy_secu_proceeds,,identity_q1_or_ytd_diff,missing_raw_value
601169.XSHG,parent_balance,2015-09-30,2015q3,,2015-10-30,notes_payable,,finance_balance_sheet_parent_current_only.csv,notes_payable,,identity_q1_or_ytd_diff,missing_raw_value
601169.XSHG,parent_balance,2015-09-30,2015q3,,2015-10-30,advance_peceipts,,finance_balance_sheet_parent_current_only.csv,advance_peceipts,,identity_q1_or_ytd_diff,missing_raw_value
601169.XSHG,parent_balance,2015-09-30,2015q3,,2015-10-30,commission_payable,,finance_balance_sheet_parent_current_only.csv,commission_payable,,identity_q1_or_ytd_diff,missing_raw_value
601169.XSHG,parent_balance,2015-09-30,2015q3,,2015-10-30,salaries_payable,754000000.0,finance_balance_sheet_parent_current_only.csv,salaries_payable,quarterly_direct,identity_q1_or_ytd_diff,
601169.XSHG,parent_balance,2015-09-30,2015q3,,2015-10-30,taxs_payable,1669000000.0,finance_balance_sheet_parent_current_only.csv,taxs_payable,quarterly_direct,identity_q1_or_ytd_diff,
601169.XSHG,parent_balance,2015-09-30,2015q3,,2015-10-30,interest_payable,13963000000.0,finance_balance_sheet_parent_current_only.csv,interest_payable,quarterly_direct,identity_q1_or_ytd_diff,
601169.XSHG,parent_balance,2015-09-30,2015q3,,2015-10-30,estimate_liability,23000000.0,finance_balance_sheet_parent_current_only.csv,estimate_liability,quarterly_direct,identity_q1_or_ytd_diff,
601169.XSHG,parent_balance,2015-09-30,2015q3,,2015-10-30,longterm_loan,,finance_balance_sheet_parent_current_only.csv,longterm_loan,,identity_q1_or_ytd_diff,missing_raw_value
601169.XSHG,parent_balance,2015-09-30,2015q3,,2015-10-30,bonds_payable,130120000000.0,finance_balance_sheet_parent_current_only.csv,bonds_payable,quarterly_direct,identity_q1_or_ytd_diff,
601169.XSHG,parent_balance,2015-09-30,2015q3,,2015-10-30,deferred_tax_liability,0.0,finance_balance_sheet_parent_current_only.csv,deferred_tax_liability,quarterly_direct,identity_q1_or_ytd_diff,
601169.XSHG,parent_balance,2015-09-30,2015q3,,2015-10-30,other_liability,12780000000.0,finance_balance_sheet_parent_current_only.csv,other_liability,quarterly_direct,identity_q1_or_ytd_diff,
601169.XSHG,parent_balance,2015-09-30,2015q3,,2015-10-30,total_liability,1664212000000.0,finance_balance_sheet_parent_current_only.csv,total_liability,quarterly_direct,identity_q1_or_ytd_diff,
601169.XSHG,parent_balance,2015-09-30,2015q3,,2015-10-30,paidin_capital,12672000000.0,finance_balance_sheet_parent_current_only.csv,paidin_capital,quarterly_direct,identity_q1_or_ytd_diff,
601169.XSHG,parent_balance,2015-09-30,2015q3,,2015-10-30,capital_reserve_fund,26128000000.0,finance_balance_sheet_parent_current_only.csv,capital_reserve_fund,quarterly_direct,identity_q1_or_ytd_diff,
601169.XSHG,parent_balance,2015-09-30,2015q3,,2015-10-30,treasury_stock,,finance_balance_sheet_parent_current_only.csv,treasury_stock,,identity_q1_or_ytd_diff,missing_raw_value
601169.XSHG,parent_balance,2015-09-30,2015q3,,2015-10-30,surplus_reserve_fund,8370000000.0,finance_balance_sheet_parent_current_only.csv,surplus_reserve_fund,quarterly_direct,identity_q1_or_ytd_diff,
601169.XSHG,parent_balance,2015-09-30,2015q3,,2015-10-30,equities_parent_company_owners,107717000000.0,finance_balance_sheet_parent_current_only.csv,equities_parent_company_owners,quarterly_direct,identity_q1_or_ytd_diff,
601169.XSHG,parent_balance,2015-09-30,2015q3,,2015-10-30,retained_profit,41967000000.0,finance_balance_sheet_parent_current_only.csv,retained_profit,quarterly_direct,identity_q1_or_ytd_diff,
601169.XSHG,parent_balance,2015-09-30,2015q3,,2015-10-30,minority_interests,,finance_balance_sheet_parent_current_only.csv,minority_interests,,identity_q1_or_ytd_diff,missing_raw_value
601169.XSHG,parent_balance,2015-09-30,2015q3,,2015-10-30,total_owner_equities,107717000000.0,finance_balance_sheet_parent_current_only.csv,total_owner_equities,quarterly_direct,identity_q1_or_ytd_diff,
601169.XSHG,parent_balance,2015-09-30,2015q3,,2015-10-30,other_comprehensive_income,,finance_balance_sheet_parent_current_only.csv,other_comprehensive_income,,identity_q1_or_ytd_diff,missing_raw_value
601169.XSHG,parent_balance,2015-12-31,2015q4,,2016-04-27,deposit_in_ib,263492000000.0,finance_balance_sheet_parent_current_only.csv,deposit_in_ib,quarterly_direct,identity_q1_or_ytd_diff,
601169.XSHG,parent_balance,2015-12-31,2015q4,,2016-04-27,cash_equivalents,,finance_balance_sheet_parent_current_only.csv,cash_equivalents,,identity_q1_or_ytd_diff,missing_raw_value
601169.XSHG,parent_balance,2015-12-31,2015q4,,2016-04-27,deposit_client,,finance_balance_sheet_parent_current_only.csv,deposit_client,,identity_q1_or_ytd_diff,missing_raw_value
601169.XSHG,parent_balance,2015-12-31,2015q4,,2016-04-27,cash_in_cb,153051000000.0,finance_balance_sheet_parent_current_only.csv,cash_in_cb,quarterly_direct,identity_q1_or_ytd_diff,
601169.XSHG,parent_balance,2015-12-31,2015q4,,2016-04-27,settlement_provi,,finance_balance_sheet_parent_current_only.csv,settlement_provi,,identity_q1_or_ytd_diff,missing_raw_value
601169.XSHG,parent_balance,2015-12-31,2015q4,,2016-04-27,settlement_provi_client,,finance_balance_sheet_parent_current_only.csv,settlement_provi_client,,identity_q1_or_ytd_diff,missing_raw_value
601169.XSHG,parent_balance,2015-12-31,2015q4,,2016-04-27,lend_capital,96393000000.0,finance_balance_sheet_parent_current_only.csv,lend_capital,quarterly_direct,identity_q1_or_ytd_diff,
601169.XSHG,parent_balance,2015-12-31,2015q4,,2016-04-27,bought_sellback_assets,138534000000.0,finance_balance_sheet_parent_current_only.csv,bought_sellback_assets,quarterly_direct,identity_q1_or_ytd_diff,
601169.XSHG,parent_balance,2015-12-31,2015q4,,2016-04-27,interest_receivable,11010000000.0,finance_balance_sheet_parent_current_only.csv,interest_receivable,quarterly_direct,identity_q1_or_ytd_diff,
601169.XSHG,parent_balance,2015-12-31,2015q4,,2016-04-27,insurance_receivables,,finance_balance_sheet_parent_current_only.csv,insurance_receivables,,identity_q1_or_ytd_diff,missing_raw_value
601169.XSHG,parent_balance,2015-12-31,2015q4,,2016-04-27,loan_and_advance,724087000000.0,finance_balance_sheet_parent_current_only.csv,loan_and_advance,quarterly_direct,identity_q1_or_ytd_diff,
601169.XSHG,parent_balance,2015-12-31,2015q4,,2016-04-27,advance_payment,,finance_balance_sheet_parent_current_only.csv,advance_payment,,identity_q1_or_ytd_diff,missing_raw_value
601169.XSHG,parent_balance,2015-12-31,2015q4,,2016-04-27,hold_for_sale_assets,127383000000.0,finance_balance_sheet_parent_current_only.csv,hold_for_sale_assets,quarterly_direct,identity_q1_or_ytd_diff,
601169.XSHG,parent_balance,2015-12-31,2015q4,,2016-04-27,hold_to_maturity_investments,147562000000.0,finance_balance_sheet_parent_current_only.csv,hold_to_maturity_investments,quarterly_direct,identity_q1_or_ytd_diff,
601169.XSHG,parent_balance,2015-12-31,2015q4,,2016-04-27,longterm_equity_invest,4340000000.0,finance_balance_sheet_parent_current_only.csv,longterm_equity_invest,quarterly_direct,identity_q1_or_ytd_diff,
601169.XSHG,parent_balance,2015-12-31,2015q4,,2016-04-27,investment_property,240000000.0,finance_balance_sheet_parent_current_only.csv,investment_property,quarterly_direct,identity_q1_or_ytd_diff,
601169.XSHG,parent_balance,2015-12-31,2015q4,,2016-04-27,inventories,,finance_balance_sheet_parent_current_only.csv,inventories,,identity_q1_or_ytd_diff,missing_raw_value
601169.XSHG,parent_balance,2015-12-31,2015q4,,2016-04-27,fixed_assets,7121000000.0,finance_balance_sheet_parent_current_only.csv,fixed_assets,quarterly_direct,identity_q1_or_ytd_diff,
601169.XSHG,parent_balance,2015-12-31,2015q4,,2016-04-27,constru_in_process,,finance_balance_sheet_parent_current_only.csv,constru_in_process,,identity_q1_or_ytd_diff,missing_raw_value
601169.XSHG,parent_balance,2015-12-31,2015q4,,2016-04-27,intangible_assets,601000000.0,finance_balance_sheet_parent_current_only.csv,intangible_assets,quarterly_direct,identity_q1_or_ytd_diff,
601169.XSHG,parent_balance,2015-12-31,2015q4,,2016-04-27,long_deferred_expense,,finance_balance_sheet_parent_current_only.csv,long_deferred_expense,,identity_q1_or_ytd_diff,missing_raw_value
601169.XSHG,parent_balance,2015-12-31,2015q4,,2016-04-27,deferred_tax_assets,5024000000.0,finance_balance_sheet_parent_current_only.csv,deferred_tax_assets,quarterly_direct,identity_q1_or_ytd_diff,
601169.XSHG,parent_balance,2015-12-31,2015q4,,2016-04-27,other_asset,4639000000.0,finance_balance_sheet_parent_current_only.csv,other_asset,quarterly_direct,identity_q1_or_ytd_diff,
601169.XSHG,parent_balance,2015-12-31,2015q4,,2016-04-27,total_assets,1826404000000.0,finance_balance_sheet_parent_current_only.csv,total_assets,quarterly_direct,identity_q1_or_ytd_diff,
601169.XSHG,parent_balance,2015-12-31,2015q4,,2016-04-27,borrowing_from_centralbank,10000000000.0,finance_balance_sheet_parent_current_only.csv,borrowing_from_centralbank,quarterly_direct,identity_q1_or_ytd_diff,
601169.XSHG,parent_balance,2015-12-31,2015q4,,2016-04-27,shortterm_loan,,finance_balance_sheet_parent_current_only.csv,shortterm_loan,,identity_q1_or_ytd_diff,missing_raw_value
601169.XSHG,parent_balance,2015-12-31,2015q4,,2016-04-27,borrowing_capital,38469000000.0,finance_balance_sheet_parent_current_only.csv,borrowing_capital,quarterly_direct,identity_q1_or_ytd_diff,
601169.XSHG,parent_balance,2015-12-31,2015q4,,2016-04-27,sold_buyback_secu_proceeds,46299000000.0,finance_balance_sheet_parent_current_only.csv,sold_buyback_secu_proceeds,quarterly_direct,identity_q1_or_ytd_diff,
601169.XSHG,parent_balance,2015-12-31,2015q4,,2016-04-27,proxy_secu_proceeds,,finance_balance_sheet_parent_current_only.csv,proxy_secu_proceeds,,identity_q1_or_ytd_diff,missing_raw_value
601169.XSHG,parent_balance,2015-12-31,2015q4,,2016-04-27,notes_payable,,finance_balance_sheet_parent_current_only.csv,notes_payable,,identity_q1_or_ytd_diff,missing_raw_value
601169.XSHG,parent_balance,2015-12-31,2015q4,,2016-04-27,advance_peceipts,,finance_balance_sheet_parent_current_only.csv,advance_peceipts,,identity_q1_or_ytd_diff,missing_raw_value
601169.XSHG,parent_balance,2015-12-31,2015q4,,2016-04-27,commission_payable,,finance_balance_sheet_parent_current_only.csv,commission_payable,,identity_q1_or_ytd_diff,missing_raw_value
601169.XSHG,parent_balance,2015-12-31,2015q4,,2016-04-27,salaries_payable,1109000000.0,finance_balance_sheet_parent_current_only.csv,salaries_payable,quarterly_direct,identity_q1_or_ytd_diff,
601169.XSHG,parent_balance,2015-12-31,2015q4,,2016-04-27,taxs_payable,2210000000.0,finance_balance_sheet_parent_current_only.csv,taxs_payable,quarterly_direct,identity_q1_or_ytd_diff,
601169.XSHG,parent_balance,2015-12-31,2015q4,,2016-04-27,interest_payable,14136000000.0,finance_balance_sheet_parent_current_only.csv,interest_payable,quarterly_direct,identity_q1_or_ytd_diff,
601169.XSHG,parent_balance,2015-12-31,2015q4,,2016-04-27,estimate_liability,23000000.0,finance_balance_sheet_parent_current_only.csv,estimate_liability,quarterly_direct,identity_q1_or_ytd_diff,
601169.XSHG,parent_balance,2015-12-31,2015q4,,2016-04-27,longterm_loan,,finance_balance_sheet_parent_current_only.csv,longterm_loan,,identity_q1_or_ytd_diff,missing_raw_value
601169.XSHG,parent_balance,2015-12-31,2015q4,,2016-04-27,bonds_payable,174639000000.0,finance_balance_sheet_parent_current_only.csv,bonds_payable,quarterly_direct,identity_q1_or_ytd_diff,
601169.XSHG,parent_balance,2015-12-31,2015q4,,2016-04-27,deferred_tax_liability,,finance_balance_sheet_parent_current_only.csv,deferred_tax_liability,,identity_q1_or_ytd_diff,missing_raw_value
601169.XSHG,parent_balance,2015-12-31,2015q4,,2016-04-27,other_liability,11993000000.0,finance_balance_sheet_parent_current_only.csv,other_liability,quarterly_direct,identity_q1_or_ytd_diff,
601169.XSHG,parent_balance,2015-12-31,2015q4,,2016-04-27,total_liability,1709981000000.0,finance_balance_sheet_parent_current_only.csv,total_liability,quarterly_direct,identity_q1_or_ytd_diff,
601169.XSHG,parent_balance,2015-12-31,2015q4,,2016-04-27,paidin_capital,12672000000.0,finance_balance_sheet_parent_current_only.csv,paidin_capital,quarterly_direct,identity_q1_or_ytd_diff,
601169.XSHG,parent_balance,2015-12-31,2015q4,,2016-04-27,capital_reserve_fund,26128000000.0,finance_balance_sheet_parent_current_only.csv,capital_reserve_fund,quarterly_direct,identity_q1_or_ytd_diff,
601169.XSHG,parent_balance,2015-12-31,2015q4,,2016-04-27,treasury_stock,,finance_balance_sheet_parent_current_only.csv,treasury_stock,,identity_q1_or_ytd_diff,missing_raw_value
601169.XSHG,parent_balance,2015-12-31,2015q4,,2016-04-27,surplus_reserve_fund,10045000000.0,finance_balance_sheet_parent_current_only.csv,surplus_reserve_fund,quarterly_direct,identity_q1_or_ytd_diff,
601169.XSHG,parent_balance,2015-12-31,2015q4,,2016-04-27,equities_parent_company_owners,116423000000.0,finance_balance_sheet_parent_current_only.csv,equities_parent_company_owners,quarterly_direct,identity_q1_or_ytd_diff,
601169.XSHG,parent_balance,2015-12-31,2015q4,,2016-04-27,retained_profit,38172000000.0,finance_balance_sheet_parent_current_only.csv,retained_profit,quarterly_direct,identity_q1_or_ytd_diff,
601169.XSHG,parent_balance,2015-12-31,2015q4,,2016-04-27,minority_interests,,finance_balance_sheet_parent_current_only.csv,minority_interests,,identity_q1_or_ytd_diff,missing_raw_value
601169.XSHG,parent_balance,2015-12-31,2015q4,,2016-04-27,total_owner_equities,116423000000.0,finance_balance_sheet_parent_current_only.csv,total_owner_equities,quarterly_direct,identity_q1_or_ytd_diff,
601169.XSHG,parent_balance,2015-12-31,2015q4,,2016-04-27,other_comprehensive_income,,finance_balance_sheet_parent_current_only.csv,other_comprehensive_income,,identity_q1_or_ytd_diff,missing_raw_value
601169.XSHG,parent_balance,2016-03-31,2016q1,,2016-04-30,deposit_in_ib,312843000000.0,finance_balance_sheet_parent_current_only.csv,deposit_in_ib,quarterly_direct,identity_q1_or_ytd_diff,
601169.XSHG,parent_balance,2016-03-31,2016q1,,2016-04-30,cash_equivalents,,finance_balance_sheet_parent_current_only.csv,cash_equivalents,,identity_q1_or_ytd_diff,missing_raw_value
601169.XSHG,parent_balance,2016-03-31,2016q1,,2016-04-30,deposit_client,,finance_balance_sheet_parent_current_only.csv,deposit_client,,identity_q1_or_ytd_diff,missing_raw_value
601169.XSHG,parent_balance,2016-03-31,2016q1,,2016-04-30,cash_in_cb,154128000000.0,finance_balance_sheet_parent_current_only.csv,cash_in_cb,quarterly_direct,identity_q1_or_ytd_diff,
601169.XSHG,parent_balance,2016-03-31,2016q1,,2016-04-30,settlement_provi,,finance_balance_sheet_parent_current_only.csv,settlement_provi,,identity_q1_or_ytd_diff,missing_raw_value
601169.XSHG,parent_balance,2016-03-31,2016q1,,2016-04-30,settlement_provi_client,,finance_balance_sheet_parent_current_only.csv,settlement_provi_client,,identity_q1_or_ytd_diff,missing_raw_value
601169.XSHG,parent_balance,2016-03-31,2016q1,,2016-04-30,lend_capital,93361000000.0,finance_balance_sheet_parent_current_only.csv,lend_capital,quarterly_direct,identity_q1_or_ytd_diff,
601169.XSHG,parent_balance,2016-03-31,2016q1,,2016-04-30,bought_sellback_assets,77302000000.0,finance_balance_sheet_parent_current_only.csv,bought_sellback_assets,quarterly_direct,identity_q1_or_ytd_diff,
601169.XSHG,parent_balance,2016-03-31,2016q1,,2016-04-30,interest_receivable,11661000000.0,finance_balance_sheet_parent_current_only.csv,interest_receivable,quarterly_direct,identity_q1_or_ytd_diff,
601169.XSHG,parent_balance,2016-03-31,2016q1,,2016-04-30,insurance_receivables,,finance_balance_sheet_parent_current_only.csv,insurance_receivables,,identity_q1_or_ytd_diff,missing_raw_value
601169.XSHG,parent_balance,2016-03-31,2016q1,,2016-04-30,loan_and_advance,770107000000.0,finance_balance_sheet_parent_current_only.csv,loan_and_advance,quarterly_direct,identity_q1_or_ytd_diff,
601169.XSHG,parent_balance,2016-03-31,2016q1,,2016-04-30,advance_payment,,finance_balance_sheet_parent_current_only.csv,advance_payment,,identity_q1_or_ytd_diff,missing_raw_value
601169.XSHG,parent_balance,2016-03-31,2016q1,,2016-04-30,hold_for_sale_assets,117011000000.0,finance_balance_sheet_parent_current_only.csv,hold_for_sale_assets,quarterly_direct,identity_q1_or_ytd_diff,
601169.XSHG,parent_balance,2016-03-31,2016q1,,2016-04-30,hold_to_maturity_investments,158966000000.0,finance_balance_sheet_parent_current_only.csv,hold_to_maturity_investments,quarterly_direct,identity_q1_or_ytd_diff,
601169.XSHG,parent_balance,2016-03-31,2016q1,,2016-04-30,longterm_equity_invest,4340000000.0,finance_balance_sheet_parent_current_only.csv,longterm_equity_invest,quarterly_direct,identity_q1_or_ytd_diff,
601169.XSHG,parent_balance,2016-03-31,2016q1,,2016-04-30,investment_property,237000000.0,finance_balance_sheet_parent_current_only.csv,investment_property,quarterly_direct,identity_q1_or_ytd_diff,
601169.XSHG,parent_balance,2016-03-31,2016q1,,2016-04-30,inventories,,finance_balance_sheet_parent_current_only.csv,inventories,,identity_q1_or_ytd_diff,missing_raw_value
601169.XSHG,parent_balance,2016-03-31,2016q1,,2016-04-30,fixed_assets,7366000000.0,finance_balance_sheet_parent_current_only.csv,fixed_assets,quarterly_direct,identity_q1_or_ytd_diff,
601169.XSHG,parent_balance,2016-03-31,2016q1,,2016-04-30,constru_in_process,,finance_balance_sheet_parent_current_only.csv,constru_in_process,,identity_q1_or_ytd_diff,missing_raw_value
601169.XSHG,parent_balance,2016-03-31,2016q1,,2016-04-30,intangible_assets,597000000.0,finance_balance_sheet_parent_current_only.csv,intangible_assets,quarterly_direct,identity_q1_or_ytd_diff,
601169.XSHG,parent_balance,2016-03-31,2016q1,,2016-04-30,long_deferred_expense,,finance_balance_sheet_parent_current_only.csv,long_deferred_expense,,identity_q1_or_ytd_diff,missing_raw_value
601169.XSHG,parent_balance,2016-03-31,2016q1,,2016-04-30,deferred_tax_assets,5606000000.0,finance_balance_sheet_parent_current_only.csv,deferred_tax_assets,quarterly_direct,identity_q1_or_ytd_diff,
601169.XSHG,parent_balance,2016-03-31,2016q1,,2016-04-30,other_asset,4989000000.0,finance_balance_sheet_parent_current_only.csv,other_asset,quarterly_direct,identity_q1_or_ytd_diff,
601169.XSHG,parent_balance,2016-03-31,2016q1,,2016-04-30,total_assets,1885499000000.0,finance_balance_sheet_parent_current_only.csv,total_assets,quarterly_direct,identity_q1_or_ytd_diff,
601169.XSHG,parent_balance,2016-03-31,2016q1,,2016-04-30,borrowing_from_centralbank,46000000000.0,finance_balance_sheet_parent_current_only.csv,borrowing_from_centralbank,quarterly_direct,identity_q1_or_ytd_diff,
601169.XSHG,parent_balance,2016-03-31,2016q1,,2016-04-30,shortterm_loan,,finance_balance_sheet_parent_current_only.csv,shortterm_loan,,identity_q1_or_ytd_diff,missing_raw_value
601169.XSHG,parent_balance,2016-03-31,2016q1,,2016-04-30,borrowing_capital,35781000000.0,finance_balance_sheet_parent_current_only.csv,borrowing_capital,quarterly_direct,identity_q1_or_ytd_diff,
601169.XSHG,parent_balance,2016-03-31,2016q1,,2016-04-30,sold_buyback_secu_proceeds,15822000000.0,finance_balance_sheet_parent_current_only.csv,sold_buyback_secu_proceeds,quarterly_direct,identity_q1_or_ytd_diff,
601169.XSHG,parent_balance,2016-03-31,2016q1,,2016-04-30,proxy_secu_proceeds,,finance_balance_sheet_parent_current_only.csv,proxy_secu_proceeds,,identity_q1_or_ytd_diff,missing_raw_value
601169.XSHG,parent_balance,2016-03-31,2016q1,,2016-04-30,notes_payable,,finance_balance_sheet_parent_current_only.csv,notes_payable,,identity_q1_or_ytd_diff,missing_raw_value
601169.XSHG,parent_balance,2016-03-31,2016q1,,2016-04-30,advance_peceipts,,finance_balance_sheet_parent_current_only.csv,advance_peceipts,,identity_q1_or_ytd_diff,missing_raw_value
601169.XSHG,parent_balance,2016-03-31,2016q1,,2016-04-30,commission_payable,,finance_balance_sheet_parent_current_only.csv,commission_payable,,identity_q1_or_ytd_diff,missing_raw_value
601169.XSHG,parent_balance,2016-03-31,2016q1,,2016-04-30,salaries_payable,1054000000.0,finance_balance_sheet_parent_current_only.csv,salaries_payable,quarterly_direct,identity_q1_or_ytd_diff,
601169.XSHG,parent_balance,2016-03-31,2016q1,,2016-04-30,taxs_payable,2781000000.0,finance_balance_sheet_parent_current_only.csv,taxs_payable,quarterly_direct,identity_q1_or_ytd_diff,
601169.XSHG,parent_balance,2016-03-31,2016q1,,2016-04-30,interest_payable,12764000000.0,finance_balance_sheet_parent_current_only.csv,interest_payable,quarterly_direct,identity_q1_or_ytd_diff,
601169.XSHG,parent_balance,2016-03-31,2016q1,,2016-04-30,estimate_liability,23000000.0,finance_balance_sheet_parent_current_only.csv,estimate_liability,quarterly_direct,identity_q1_or_ytd_diff,
601169.XSHG,parent_balance,2016-03-31,2016q1,,2016-04-30,longterm_loan,,finance_balance_sheet_parent_current_only.csv,longterm_loan,,identity_q1_or_ytd_diff,missing_raw_value
601169.XSHG,parent_balance,2016-03-31,2016q1,,2016-04-30,bonds_payable,243019000000.0,finance_balance_sheet_parent_current_only.csv,bonds_payable,quarterly_direct,identity_q1_or_ytd_diff,
601169.XSHG,parent_balance,2016-03-31,2016q1,,2016-04-30,deferred_tax_liability,,finance_balance_sheet_parent_current_only.csv,deferred_tax_liability,,identity_q1_or_ytd_diff,missing_raw_value
601169.XSHG,parent_balance,2016-03-31,2016q1,,2016-04-30,other_liability,18932000000.0,finance_balance_sheet_parent_current_only.csv,other_liability,quarterly_direct,identity_q1_or_ytd_diff,
601169.XSHG,parent_balance,2016-03-31,2016q1,,2016-04-30,total_liability,1763978000000.0,finance_balance_sheet_parent_current_only.csv,total_liability,quarterly_direct,identity_q1_or_ytd_diff,
601169.XSHG,parent_balance,2016-03-31,2016q1,,2016-04-30,paidin_capital,12672000000.0,finance_balance_sheet_parent_current_only.csv,paidin_capital,quarterly_direct,identity_q1_or_ytd_diff,
601169.XSHG,parent_balance,2016-03-31,2016q1,,2016-04-30,capital_reserve_fund,26128000000.0,finance_balance_sheet_parent_current_only.csv,capital_reserve_fund,quarterly_direct,identity_q1_or_ytd_diff,
601169.XSHG,parent_balance,2016-03-31,2016q1,,2016-04-30,treasury_stock,,finance_balance_sheet_parent_current_only.csv,treasury_stock,,identity_q1_or_ytd_diff,missing_raw_value
601169.XSHG,parent_balance,2016-03-31,2016q1,,2016-04-30,surplus_reserve_fund,10045000000.0,finance_balance_sheet_parent_current_only.csv,surplus_reserve_fund,quarterly_direct,identity_q1_or_ytd_diff,
601169.XSHG,parent_balance,2016-03-31,2016q1,,2016-04-30,equities_parent_company_owners,121521000000.0,finance_balance_sheet_parent_current_only.csv,equities_parent_company_owners,quarterly_direct,identity_q1_or_ytd_diff,
601169.XSHG,parent_balance,2016-03-31,2016q1,,2016-04-30,retained_profit,43367000000.0,finance_balance_sheet_parent_current_only.csv,retained_profit,quarterly_direct,identity_q1_or_ytd_diff,
601169.XSHG,parent_balance,2016-03-31,2016q1,,2016-04-30,minority_interests,,finance_balance_sheet_parent_current_only.csv,minority_interests,,identity_q1_or_ytd_diff,missing_raw_value
601169.XSHG,parent_balance,2016-03-31,2016q1,,2016-04-30,total_owner_equities,121521000000.0,finance_balance_sheet_parent_current_only.csv,total_owner_equities,quarterly_direct,identity_q1_or_ytd_diff,
601169.XSHG,parent_balance,2016-03-31,2016q1,,2016-04-30,other_comprehensive_income,,finance_balance_sheet_parent_current_only.csv,other_comprehensive_income,,identity_q1_or_ytd_diff,missing_raw_value
601169.XSHG,parent_balance,2016-06-30,2016q2,,2016-08-31,deposit_in_ib,312422000000.0,finance_balance_sheet_parent_current_only.csv,deposit_in_ib,quarterly_direct,identity_q1_or_ytd_diff,
601169.XSHG,parent_balance,2016-06-30,2016q2,,2016-08-31,cash_equivalents,,finance_balance_sheet_parent_current_only.csv,cash_equivalents,,identity_q1_or_ytd_diff,missing_raw_value
601169.XSHG,parent_balance,2016-06-30,2016q2,,2016-08-31,deposit_client,,finance_balance_sheet_parent_current_only.csv,deposit_client,,identity_q1_or_ytd_diff,missing_raw_value
601169.XSHG,parent_balance,2016-06-30,2016q2,,2016-08-31,cash_in_cb,160712000000.0,finance_balance_sheet_parent_current_only.csv,cash_in_cb,quarterly_direct,identity_q1_or_ytd_diff,
601169.XSHG,parent_balance,2016-06-30,2016q2,,2016-08-31,settlement_provi,,finance_balance_sheet_parent_current_only.csv,settlement_provi,,identity_q1_or_ytd_diff,missing_raw_value
601169.XSHG,parent_balance,2016-06-30,2016q2,,2016-08-31,settlement_provi_client,,finance_balance_sheet_parent_current_only.csv,settlement_provi_client,,identity_q1_or_ytd_diff,missing_raw_value
601169.XSHG,parent_balance,2016-06-30,2016q2,,2016-08-31,lend_capital,86316000000.0,finance_balance_sheet_parent_current_only.csv,lend_capital,quarterly_direct,identity_q1_or_ytd_diff,
601169.XSHG,parent_balance,2016-06-30,2016q2,,2016-08-31,bought_sellback_assets,45277000000.0,finance_balance_sheet_parent_current_only.csv,bought_sellback_assets,quarterly_direct,identity_q1_or_ytd_diff,
601169.XSHG,parent_balance,2016-06-30,2016q2,,2016-08-31,interest_receivable,11254000000.0,finance_balance_sheet_parent_current_only.csv,interest_receivable,quarterly_direct,identity_q1_or_ytd_diff,
601169.XSHG,parent_balance,2016-06-30,2016q2,,2016-08-31,insurance_receivables,,finance_balance_sheet_parent_current_only.csv,insurance_receivables,,identity_q1_or_ytd_diff,missing_raw_value
601169.XSHG,parent_balance,2016-06-30,2016q2,,2016-08-31,loan_and_advance,812801000000.0,finance_balance_sheet_parent_current_only.csv,loan_and_advance,quarterly_direct,identity_q1_or_ytd_diff,
601169.XSHG,parent_balance,2016-06-30,2016q2,,2016-08-31,advance_payment,,finance_balance_sheet_parent_current_only.csv,advance_payment,,identity_q1_or_ytd_diff,missing_raw_value
601169.XSHG,parent_balance,2016-06-30,2016q2,,2016-08-31,hold_for_sale_assets,131917000000.0,finance_balance_sheet_parent_current_only.csv,hold_for_sale_assets,quarterly_direct,identity_q1_or_ytd_diff,
601169.XSHG,parent_balance,2016-06-30,2016q2,,2016-08-31,hold_to_maturity_investments,172333000000.0,finance_balance_sheet_parent_current_only.csv,hold_to_maturity_investments,quarterly_direct,identity_q1_or_ytd_diff,
601169.XSHG,parent_balance,2016-06-30,2016q2,,2016-08-31,longterm_equity_invest,4290000000.0,finance_balance_sheet_parent_current_only.csv,longterm_equity_invest,quarterly_direct,identity_q1_or_ytd_diff,
601169.XSHG,parent_balance,2016-06-30,2016q2,,2016-08-31,investment_property,224000000.0,finance_balance_sheet_parent_current_only.csv,investment_property,quarterly_direct,identity_q1_or_ytd_diff,
601169.XSHG,parent_balance,2016-06-30,2016q2,,2016-08-31,inventories,,finance_balance_sheet_parent_current_only.csv,inventories,,identity_q1_or_ytd_diff,missing_raw_value
601169.XSHG,parent_balance,2016-06-30,2016q2,,2016-08-31,fixed_assets,7588000000.0,finance_balance_sheet_parent_current_only.csv,fixed_assets,quarterly_direct,identity_q1_or_ytd_diff,
601169.XSHG,parent_balance,2016-06-30,2016q2,,2016-08-31,constru_in_process,,finance_balance_sheet_parent_current_only.csv,constru_in_process,,identity_q1_or_ytd_diff,missing_raw_value
601169.XSHG,parent_balance,2016-06-30,2016q2,,2016-08-31,intangible_assets,593000000.0,finance_balance_sheet_parent_current_only.csv,intangible_assets,quarterly_direct,identity_q1_or_ytd_diff,
601169.XSHG,parent_balance,2016-06-30,2016q2,,2016-08-31,long_deferred_expense,,finance_balance_sheet_parent_current_only.csv,long_deferred_expense,,identity_q1_or_ytd_diff,missing_raw_value
601169.XSHG,parent_balance,2016-06-30,2016q2,,2016-08-31,deferred_tax_assets,6365000000.0,finance_balance_sheet_parent_current_only.csv,deferred_tax_assets,quarterly_direct,identity_q1_or_ytd_diff,
601169.XSHG,parent_balance,2016-06-30,2016q2,,2016-08-31,other_asset,6127000000.0,finance_balance_sheet_parent_current_only.csv,other_asset,quarterly_direct,identity_q1_or_ytd_diff,
601169.XSHG,parent_balance,2016-06-30,2016q2,,2016-08-31,total_assets,1950129000000.0,finance_balance_sheet_parent_current_only.csv,total_assets,quarterly_direct,identity_q1_or_ytd_diff,
601169.XSHG,parent_balance,2016-06-30,2016q2,,2016-08-31,borrowing_from_centralbank,24000000000.0,finance_balance_sheet_parent_current_only.csv,borrowing_from_centralbank,quarterly_direct,identity_q1_or_ytd_diff,
601169.XSHG,parent_balance,2016-06-30,2016q2,,2016-08-31,shortterm_loan,,finance_balance_sheet_parent_current_only.csv,shortterm_loan,,identity_q1_or_ytd_diff,missing_raw_value
601169.XSHG,parent_balance,2016-06-30,2016q2,,2016-08-31,borrowing_capital,37597000000.0,finance_balance_sheet_parent_current_only.csv,borrowing_capital,quarterly_direct,identity_q1_or_ytd_diff,
601169.XSHG,parent_balance,2016-06-30,2016q2,,2016-08-31,sold_buyback_secu_proceeds,24993000000.0,finance_balance_sheet_parent_current_only.csv,sold_buyback_secu_proceeds,quarterly_direct,identity_q1_or_ytd_diff,
601169.XSHG,parent_balance,2016-06-30,2016q2,,2016-08-31,proxy_secu_proceeds,,finance_balance_sheet_parent_current_only.csv,proxy_secu_proceeds,,identity_q1_or_ytd_diff,missing_raw_value
601169.XSHG,parent_balance,2016-06-30,2016q2,,2016-08-31,notes_payable,,finance_balance_sheet_parent_current_only.csv,notes_payable,,identity_q1_or_ytd_diff,missing_raw_value
601169.XSHG,parent_balance,2016-06-30,2016q2,,2016-08-31,advance_peceipts,,finance_balance_sheet_parent_current_only.csv,advance_peceipts,,identity_q1_or_ytd_diff,missing_raw_value
601169.XSHG,parent_balance,2016-06-30,2016q2,,2016-08-31,commission_payable,,finance_balance_sheet_parent_current_only.csv,commission_payable,,identity_q1_or_ytd_diff,missing_raw_value
601169.XSHG,parent_balance,2016-06-30,2016q2,,2016-08-31,salaries_payable,1027000000.0,finance_balance_sheet_parent_current_only.csv,salaries_payable,quarterly_direct,identity_q1_or_ytd_diff,
601169.XSHG,parent_balance,2016-06-30,2016q2,,2016-08-31,taxs_payable,1944000000.0,finance_balance_sheet_parent_current_only.csv,taxs_payable,quarterly_direct,identity_q1_or_ytd_diff,
601169.XSHG,parent_balance,2016-06-30,2016q2,,2016-08-31,interest_payable,13436000000.0,finance_balance_sheet_parent_current_only.csv,interest_payable,quarterly_direct,identity_q1_or_ytd_diff,
601169.XSHG,parent_balance,2016-06-30,2016q2,,2016-08-31,estimate_liability,23000000.0,finance_balance_sheet_parent_current_only.csv,estimate_liability,quarterly_direct,identity_q1_or_ytd_diff,
601169.XSHG,parent_balance,2016-06-30,2016q2,,2016-08-31,longterm_loan,,finance_balance_sheet_parent_current_only.csv,longterm_loan,,identity_q1_or_ytd_diff,missing_raw_value
601169.XSHG,parent_balance,2016-06-30,2016q2,,2016-08-31,bonds_payable,240571000000.0,finance_balance_sheet_parent_current_only.csv,bonds_payable,quarterly_direct,identity_q1_or_ytd_diff,
601169.XSHG,parent_balance,2016-06-30,2016q2,,2016-08-31,deferred_tax_liability,,finance_balance_sheet_parent_current_only.csv,deferred_tax_liability,,identity_q1_or_ytd_diff,missing_raw_value
601169.XSHG,parent_balance,2016-06-30,2016q2,,2016-08-31,other_liability,27084000000.0,finance_balance_sheet_parent_current_only.csv,other_liability,quarterly_direct,identity_q1_or_ytd_diff,
601169.XSHG,parent_balance,2016-06-30,2016q2,,2016-08-31,total_liability,1826753000000.0,finance_balance_sheet_parent_current_only.csv,total_liability,quarterly_direct,identity_q1_or_ytd_diff,
601169.XSHG,parent_balance,2016-06-30,2016q2,,2016-08-31,paidin_capital,12672000000.0,finance_balance_sheet_parent_current_only.csv,paidin_capital,quarterly_direct,identity_q1_or_ytd_diff,
601169.XSHG,parent_balance,2016-06-30,2016q2,,2016-08-31,capital_reserve_fund,26128000000.0,finance_balance_sheet_parent_current_only.csv,capital_reserve_fund,quarterly_direct,identity_q1_or_ytd_diff,
601169.XSHG,parent_balance,2016-06-30,2016q2,,2016-08-31,treasury_stock,,finance_balance_sheet_parent_current_only.csv,treasury_stock,,identity_q1_or_ytd_diff,missing_raw_value
601169.XSHG,parent_balance,2016-06-30,2016q2,,2016-08-31,surplus_reserve_fund,10045000000.0,finance_balance_sheet_parent_current_only.csv,surplus_reserve_fund,quarterly_direct,identity_q1_or_ytd_diff,
601169.XSHG,parent_balance,2016-06-30,2016q2,,2016-08-31,equities_parent_company_owners,123376000000.0,finance_balance_sheet_parent_current_only.csv,equities_parent_company_owners,quarterly_direct,identity_q1_or_ytd_diff,
601169.XSHG,parent_balance,2016-06-30,2016q2,,2016-08-31,retained_profit,45479000000.0,finance_balance_sheet_parent_current_only.csv,retained_profit,quarterly_direct,identity_q1_or_ytd_diff,
601169.XSHG,parent_balance,2016-06-30,2016q2,,2016-08-31,minority_interests,,finance_balance_sheet_parent_current_only.csv,minority_interests,,identity_q1_or_ytd_diff,missing_raw_value
601169.XSHG,parent_balance,2016-06-30,2016q2,,2016-08-31,total_owner_equities,123376000000.0,finance_balance_sheet_parent_current_only.csv,total_owner_equities,quarterly_direct,identity_q1_or_ytd_diff,
601169.XSHG,parent_balance,2016-06-30,2016q2,,2016-08-31,other_comprehensive_income,1225000000.0,finance_balance_sheet_parent_current_only.csv,other_comprehensive_income,quarterly_direct,identity_q1_or_ytd_diff,
601169.XSHG,parent_balance,2016-09-30,2016q3,,2016-10-31,deposit_in_ib,282896000000.0,finance_balance_sheet_parent_current_only.csv,deposit_in_ib,quarterly_direct,identity_q1_or_ytd_diff,
601169.XSHG,parent_balance,2016-09-30,2016q3,,2016-10-31,cash_equivalents,,finance_balance_sheet_parent_current_only.csv,cash_equivalents,,identity_q1_or_ytd_diff,missing_raw_value
601169.XSHG,parent_balance,2016-09-30,2016q3,,2016-10-31,deposit_client,,finance_balance_sheet_parent_current_only.csv,deposit_client,,identity_q1_or_ytd_diff,missing_raw_value
601169.XSHG,parent_balance,2016-09-30,2016q3,,2016-10-31,cash_in_cb,166943000000.0,finance_balance_sheet_parent_current_only.csv,cash_in_cb,quarterly_direct,identity_q1_or_ytd_diff,
601169.XSHG,parent_balance,2016-09-30,2016q3,,2016-10-31,settlement_provi,,finance_balance_sheet_parent_current_only.csv,settlement_provi,,identity_q1_or_ytd_diff,missing_raw_value
601169.XSHG,parent_balance,2016-09-30,2016q3,,2016-10-31,settlement_provi_client,,finance_balance_sheet_parent_current_only.csv,settlement_provi_client,,identity_q1_or_ytd_diff,missing_raw_value
601169.XSHG,parent_balance,2016-09-30,2016q3,,2016-10-31,lend_capital,99253000000.0,finance_balance_sheet_parent_current_only.csv,lend_capital,quarterly_direct,identity_q1_or_ytd_diff,
601169.XSHG,parent_balance,2016-09-30,2016q3,,2016-10-31,bought_sellback_assets,69936000000.0,finance_balance_sheet_parent_current_only.csv,bought_sellback_assets,quarterly_direct,identity_q1_or_ytd_diff,
601169.XSHG,parent_balance,2016-09-30,2016q3,,2016-10-31,interest_receivable,10972000000.0,finance_balance_sheet_parent_current_only.csv,interest_receivable,quarterly_direct,identity_q1_or_ytd_diff,
601169.XSHG,parent_balance,2016-09-30,2016q3,,2016-10-31,insurance_receivables,,finance_balance_sheet_parent_current_only.csv,insurance_receivables,,identity_q1_or_ytd_diff,missing_raw_value
601169.XSHG,parent_balance,2016-09-30,2016q3,,2016-10-31,loan_and_advance,830776000000.0,finance_balance_sheet_parent_current_only.csv,loan_and_advance,quarterly_direct,identity_q1_or_ytd_diff,
601169.XSHG,parent_balance,2016-09-30,2016q3,,2016-10-31,advance_payment,,finance_balance_sheet_parent_current_only.csv,advance_payment,,identity_q1_or_ytd_diff,missing_raw_value
601169.XSHG,parent_balance,2016-09-30,2016q3,,2016-10-31,hold_for_sale_assets,148549000000.0,finance_balance_sheet_parent_current_only.csv,hold_for_sale_assets,quarterly_direct,identity_q1_or_ytd_diff,
601169.XSHG,parent_balance,2016-09-30,2016q3,,2016-10-31,hold_to_maturity_investments,183112000000.0,finance_balance_sheet_parent_current_only.csv,hold_to_maturity_investments,quarterly_direct,identity_q1_or_ytd_diff,
601169.XSHG,parent_balance,2016-09-30,2016q3,,2016-10-31,longterm_equity_invest,4323000000.0,finance_balance_sheet_parent_current_only.csv,longterm_equity_invest,quarterly_direct,identity_q1_or_ytd_diff,
601169.XSHG,parent_balance,2016-09-30,2016q3,,2016-10-31,investment_property,515000000.0,finance_balance_sheet_parent_current_only.csv,investment_property,quarterly_direct,identity_q1_or_ytd_diff,
601169.XSHG,parent_balance,2016-09-30,2016q3,,2016-10-31,inventories,,finance_balance_sheet_parent_current_only.csv,inventories,,identity_q1_or_ytd_diff,missing_raw_value
601169.XSHG,parent_balance,2016-09-30,2016q3,,2016-10-31,fixed_assets,7905000000.0,finance_balance_sheet_parent_current_only.csv,fixed_assets,quarterly_direct,identity_q1_or_ytd_diff,
601169.XSHG,parent_balance,2016-09-30,2016q3,,2016-10-31,constru_in_process,,finance_balance_sheet_parent_current_only.csv,constru_in_process,,identity_q1_or_ytd_diff,missing_raw_value
601169.XSHG,parent_balance,2016-09-30,2016q3,,2016-10-31,intangible_assets,589000000.0,finance_balance_sheet_parent_current_only.csv,intangible_assets,quarterly_direct,identity_q1_or_ytd_diff,
601169.XSHG,parent_balance,2016-09-30,2016q3,,2016-10-31,long_deferred_expense,,finance_balance_sheet_parent_current_only.csv,long_deferred_expense,,identity_q1_or_ytd_diff,missing_raw_value
601169.XSHG,parent_balance,2016-09-30,2016q3,,2016-10-31,deferred_tax_assets,6803000000.0,finance_balance_sheet_parent_current_only.csv,deferred_tax_assets,quarterly_direct,identity_q1_or_ytd_diff,
601169.XSHG,parent_balance,2016-09-30,2016q3,,2016-10-31,other_asset,6201000000.0,finance_balance_sheet_parent_current_only.csv,other_asset,quarterly_direct,identity_q1_or_ytd_diff,
601169.XSHG,parent_balance,2016-09-30,2016q3,,2016-10-31,total_assets,2025311000000.0,finance_balance_sheet_parent_current_only.csv,total_assets,quarterly_direct,identity_q1_or_ytd_diff,
601169.XSHG,parent_balance,2016-09-30,2016q3,,2016-10-31,borrowing_from_centralbank,12000000000.0,finance_balance_sheet_parent_current_only.csv,borrowing_from_centralbank,quarterly_direct,identity_q1_or_ytd_diff,
601169.XSHG,parent_balance,2016-09-30,2016q3,,2016-10-31,shortterm_loan,,finance_balance_sheet_parent_current_only.csv,shortterm_loan,,identity_q1_or_ytd_diff,missing_raw_value
601169.XSHG,parent_balance,2016-09-30,2016q3,,2016-10-31,borrowing_capital,48039000000.0,finance_balance_sheet_parent_current_only.csv,borrowing_capital,quarterly_direct,identity_q1_or_ytd_diff,
601169.XSHG,parent_balance,2016-09-30,2016q3,,2016-10-31,sold_buyback_secu_proceeds,51496000000.0,finance_balance_sheet_parent_current_only.csv,sold_buyback_secu_proceeds,quarterly_direct,identity_q1_or_ytd_diff,
601169.XSHG,parent_balance,2016-09-30,2016q3,,2016-10-31,proxy_secu_proceeds,,finance_balance_sheet_parent_current_only.csv,proxy_secu_proceeds,,identity_q1_or_ytd_diff,missing_raw_value
601169.XSHG,parent_balance,2016-09-30,2016q3,,2016-10-31,notes_payable,,finance_balance_sheet_parent_current_only.csv,notes_payable,,identity_q1_or_ytd_diff,missing_raw_value
601169.XSHG,parent_balance,2016-09-30,2016q3,,2016-10-31,advance_peceipts,,finance_balance_sheet_parent_current_only.csv,advance_peceipts,,identity_q1_or_ytd_diff,missing_raw_value
601169.XSHG,parent_balance,2016-09-30,2016q3,,2016-10-31,commission_payable,,finance_balance_sheet_parent_current_only.csv,commission_payable,,identity_q1_or_ytd_diff,missing_raw_value
601169.XSHG,parent_balance,2016-09-30,2016q3,,2016-10-31,salaries_payable,1437000000.0,finance_balance_sheet_parent_current_only.csv,salaries_payable,quarterly_direct,identity_q1_or_ytd_diff,
601169.XSHG,parent_balance,2016-09-30,2016q3,,2016-10-31,taxs_payable,2687000000.0,finance_balance_sheet_parent_current_only.csv,taxs_payable,quarterly_direct,identity_q1_or_ytd_diff,
601169.XSHG,parent_balance,2016-09-30,2016q3,,2016-10-31,interest_payable,14875000000.0,finance_balance_sheet_parent_current_only.csv,interest_payable,quarterly_direct,identity_q1_or_ytd_diff,
601169.XSHG,parent_balance,2016-09-30,2016q3,,2016-10-31,estimate_liability,65000000.0,finance_balance_sheet_parent_current_only.csv,estimate_liability,quarterly_direct,identity_q1_or_ytd_diff,
601169.XSHG,parent_balance,2016-09-30,2016q3,,2016-10-31,longterm_loan,,finance_balance_sheet_parent_current_only.csv,longterm_loan,,identity_q1_or_ytd_diff,missing_raw_value
601169.XSHG,parent_balance,2016-09-30,2016q3,,2016-10-31,bonds_payable,252718000000.0,finance_balance_sheet_parent_current_only.csv,bonds_payable,quarterly_direct,identity_q1_or_ytd_diff,
601169.XSHG,parent_balance,2016-09-30,2016q3,,2016-10-31,deferred_tax_liability,,finance_balance_sheet_parent_current_only.csv,deferred_tax_liability,,identity_q1_or_ytd_diff,missing_raw_value
601169.XSHG,parent_balance,2016-09-30,2016q3,,2016-10-31,other_liability,13142000000.0,finance_balance_sheet_parent_current_only.csv,other_liability,quarterly_direct,identity_q1_or_ytd_diff,
601169.XSHG,parent_balance,2016-09-30,2016q3,,2016-10-31,total_liability,1884383000000.0,finance_balance_sheet_parent_current_only.csv,total_liability,quarterly_direct,identity_q1_or_ytd_diff,
601169.XSHG,parent_balance,2016-09-30,2016q3,,2016-10-31,paidin_capital,15207000000.0,finance_balance_sheet_parent_current_only.csv,paidin_capital,quarterly_direct,identity_q1_or_ytd_diff,
601169.XSHG,parent_balance,2016-09-30,2016q3,,2016-10-31,capital_reserve_fund,26128000000.0,finance_balance_sheet_parent_current_only.csv,capital_reserve_fund,quarterly_direct,identity_q1_or_ytd_diff,
601169.XSHG,parent_balance,2016-09-30,2016q3,,2016-10-31,treasury_stock,,finance_balance_sheet_parent_current_only.csv,treasury_stock,,identity_q1_or_ytd_diff,missing_raw_value
601169.XSHG,parent_balance,2016-09-30,2016q3,,2016-10-31,surplus_reserve_fund,10045000000.0,finance_balance_sheet_parent_current_only.csv,surplus_reserve_fund,quarterly_direct,identity_q1_or_ytd_diff,
601169.XSHG,parent_balance,2016-09-30,2016q3,,2016-10-31,equities_parent_company_owners,140928000000.0,finance_balance_sheet_parent_current_only.csv,equities_parent_company_owners,quarterly_direct,identity_q1_or_ytd_diff,
601169.XSHG,parent_balance,2016-09-30,2016q3,,2016-10-31,retained_profit,47236000000.0,finance_balance_sheet_parent_current_only.csv,retained_profit,quarterly_direct,identity_q1_or_ytd_diff,
601169.XSHG,parent_balance,2016-09-30,2016q3,,2016-10-31,minority_interests,,finance_balance_sheet_parent_current_only.csv,minority_interests,,identity_q1_or_ytd_diff,missing_raw_value
601169.XSHG,parent_balance,2016-09-30,2016q3,,2016-10-31,total_owner_equities,140928000000.0,finance_balance_sheet_parent_current_only.csv,total_owner_equities,quarterly_direct,identity_q1_or_ytd_diff,
601169.XSHG,parent_balance,2016-09-30,2016q3,,2016-10-31,other_comprehensive_income,1516000000.0,finance_balance_sheet_parent_current_only.csv,other_comprehensive_income,quarterly_direct,identity_q1_or_ytd_diff,
601169.XSHG,parent_balance,2016-12-31,2016q4,,2017-04-26,deposit_in_ib,0.0,finance_balance_sheet_parent_current_only.csv,deposit_in_ib,quarterly_direct,identity_q1_or_ytd_diff,
601169.XSHG,parent_balance,2016-12-31,2016q4,,2017-04-26,cash_equivalents,,finance_balance_sheet_parent_current_only.csv,cash_equivalents,,identity_q1_or_ytd_diff,missing_raw_value
601169.XSHG,parent_balance,2016-12-31,2016q4,,2017-04-26,deposit_client,,finance_balance_sheet_parent_current_only.csv,deposit_client,,identity_q1_or_ytd_diff,missing_raw_value
601169.XSHG,parent_balance,2016-12-31,2016q4,,2017-04-26,cash_in_cb,166138000000.0,finance_balance_sheet_parent_current_only.csv,cash_in_cb,quarterly_direct,identity_q1_or_ytd_diff,
601169.XSHG,parent_balance,2016-12-31,2016q4,,2017-04-26,settlement_provi,,finance_balance_sheet_parent_current_only.csv,settlement_provi,,identity_q1_or_ytd_diff,missing_raw_value
601169.XSHG,parent_balance,2016-12-31,2016q4,,2017-04-26,settlement_provi_client,,finance_balance_sheet_parent_current_only.csv,settlement_provi_client,,identity_q1_or_ytd_diff,missing_raw_value
601169.XSHG,parent_balance,2016-12-31,2016q4,,2017-04-26,lend_capital,78140000000.0,finance_balance_sheet_parent_current_only.csv,lend_capital,quarterly_direct,identity_q1_or_ytd_diff,
601169.XSHG,parent_balance,2016-12-31,2016q4,,2017-04-26,bought_sellback_assets,82688000000.0,finance_balance_sheet_parent_current_only.csv,bought_sellback_assets,quarterly_direct,identity_q1_or_ytd_diff,
601169.XSHG,parent_balance,2016-12-31,2016q4,,2017-04-26,interest_receivable,12746000000.0,finance_balance_sheet_parent_current_only.csv,interest_receivable,quarterly_direct,identity_q1_or_ytd_diff,
601169.XSHG,parent_balance,2016-12-31,2016q4,,2017-04-26,insurance_receivables,,finance_balance_sheet_parent_current_only.csv,insurance_receivables,,identity_q1_or_ytd_diff,missing_raw_value
601169.XSHG,parent_balance,2016-12-31,2016q4,,2017-04-26,loan_and_advance,846829000000.0,finance_balance_sheet_parent_current_only.csv,loan_and_advance,quarterly_direct,identity_q1_or_ytd_diff,
601169.XSHG,parent_balance,2016-12-31,2016q4,,2017-04-26,advance_payment,,finance_balance_sheet_parent_current_only.csv,advance_payment,,identity_q1_or_ytd_diff,missing_raw_value
601169.XSHG,parent_balance,2016-12-31,2016q4,,2017-04-26,hold_for_sale_assets,175888000000.0,finance_balance_sheet_parent_current_only.csv,hold_for_sale_assets,quarterly_direct,identity_q1_or_ytd_diff,
601169.XSHG,parent_balance,2016-12-31,2016q4,,2017-04-26,hold_to_maturity_investments,208431000000.0,finance_balance_sheet_parent_current_only.csv,hold_to_maturity_investments,quarterly_direct,identity_q1_or_ytd_diff,
601169.XSHG,parent_balance,2016-12-31,2016q4,,2017-04-26,longterm_equity_invest,3917000000.0,finance_balance_sheet_parent_current_only.csv,longterm_equity_invest,quarterly_direct,identity_q1_or_ytd_diff,
601169.XSHG,parent_balance,2016-12-31,2016q4,,2017-04-26,investment_property,501000000.0,finance_balance_sheet_parent_current_only.csv,investment_property,quarterly_direct,identity_q1_or_ytd_diff,
601169.XSHG,parent_balance,2016-12-31,2016q4,,2017-04-26,inventories,,finance_balance_sheet_parent_current_only.csv,inventories,,identity_q1_or_ytd_diff,missing_raw_value
601169.XSHG,parent_balance,2016-12-31,2016q4,,2017-04-26,fixed_assets,8718000000.0,finance_balance_sheet_parent_current_only.csv,fixed_assets,quarterly_direct,identity_q1_or_ytd_diff,
601169.XSHG,parent_balance,2016-12-31,2016q4,,2017-04-26,constru_in_process,,finance_balance_sheet_parent_current_only.csv,constru_in_process,,identity_q1_or_ytd_diff,missing_raw_value
601169.XSHG,parent_balance,2016-12-31,2016q4,,2017-04-26,intangible_assets,585000000.0,finance_balance_sheet_parent_current_only.csv,intangible_assets,quarterly_direct,identity_q1_or_ytd_diff,
601169.XSHG,parent_balance,2016-12-31,2016q4,,2017-04-26,long_deferred_expense,,finance_balance_sheet_parent_current_only.csv,long_deferred_expense,,identity_q1_or_ytd_diff,missing_raw_value
601169.XSHG,parent_balance,2016-12-31,2016q4,,2017-04-26,deferred_tax_assets,8305000000.0,finance_balance_sheet_parent_current_only.csv,deferred_tax_assets,quarterly_direct,identity_q1_or_ytd_diff,
601169.XSHG,parent_balance,2016-12-31,2016q4,,2017-04-26,other_asset,213763000000.0,finance_balance_sheet_parent_current_only.csv,other_asset,quarterly_direct,identity_q1_or_ytd_diff,
601169.XSHG,parent_balance,2016-12-31,2016q4,,2017-04-26,total_assets,2097800000000.0,finance_balance_sheet_parent_current_only.csv,total_assets,quarterly_direct,identity_q1_or_ytd_diff,
601169.XSHG,parent_balance,2016-12-31,2016q4,,2017-04-26,borrowing_from_centralbank,43000000000.0,finance_balance_sheet_parent_current_only.csv,borrowing_from_centralbank,quarterly_direct,identity_q1_or_ytd_diff,
601169.XSHG,parent_balance,2016-12-31,2016q4,,2017-04-26,shortterm_loan,,finance_balance_sheet_parent_current_only.csv,shortterm_loan,,identity_q1_or_ytd_diff,missing_raw_value
601169.XSHG,parent_balance,2016-12-31,2016q4,,2017-04-26,borrowing_capital,34769000000.0,finance_balance_sheet_parent_current_only.csv,borrowing_capital,quarterly_direct,identity_q1_or_ytd_diff,
601169.XSHG,parent_balance,2016-12-31,2016q4,,2017-04-26,sold_buyback_secu_proceeds,51139000000.0,finance_balance_sheet_parent_current_only.csv,sold_buyback_secu_proceeds,quarterly_direct,identity_q1_or_ytd_diff,
601169.XSHG,parent_balance,2016-12-31,2016q4,,2017-04-26,proxy_secu_proceeds,,finance_balance_sheet_parent_current_only.csv,proxy_secu_proceeds,,identity_q1_or_ytd_diff,missing_raw_value
601169.XSHG,parent_balance,2016-12-31,2016q4,,2017-04-26,notes_payable,,finance_balance_sheet_parent_current_only.csv,notes_payable,,identity_q1_or_ytd_diff,missing_raw_value
601169.XSHG,parent_balance,2016-12-31,2016q4,,2017-04-26,advance_peceipts,,finance_balance_sheet_parent_current_only.csv,advance_peceipts,,identity_q1_or_ytd_diff,missing_raw_value
601169.XSHG,parent_balance,2016-12-31,2016q4,,2017-04-26,commission_payable,,finance_balance_sheet_parent_current_only.csv,commission_payable,,identity_q1_or_ytd_diff,missing_raw_value
601169.XSHG,parent_balance,2016-12-31,2016q4,,2017-04-26,salaries_payable,1714000000.0,finance_balance_sheet_parent_current_only.csv,salaries_payable,quarterly_direct,identity_q1_or_ytd_diff,
601169.XSHG,parent_balance,2016-12-31,2016q4,,2017-04-26,taxs_payable,3232000000.0,finance_balance_sheet_parent_current_only.csv,taxs_payable,quarterly_direct,identity_q1_or_ytd_diff,
601169.XSHG,parent_balance,2016-12-31,2016q4,,2017-04-26,interest_payable,14741000000.0,finance_balance_sheet_parent_current_only.csv,interest_payable,quarterly_direct,identity_q1_or_ytd_diff,
601169.XSHG,parent_balance,2016-12-31,2016q4,,2017-04-26,estimate_liability,66000000.0,finance_balance_sheet_parent_current_only.csv,estimate_liability,quarterly_direct,identity_q1_or_ytd_diff,
601169.XSHG,parent_balance,2016-12-31,2016q4,,2017-04-26,longterm_loan,,finance_balance_sheet_parent_current_only.csv,longterm_loan,,identity_q1_or_ytd_diff,missing_raw_value
601169.XSHG,parent_balance,2016-12-31,2016q4,,2017-04-26,bonds_payable,301765000000.0,finance_balance_sheet_parent_current_only.csv,bonds_payable,quarterly_direct,identity_q1_or_ytd_diff,
601169.XSHG,parent_balance,2016-12-31,2016q4,,2017-04-26,deferred_tax_liability,,finance_balance_sheet_parent_current_only.csv,deferred_tax_liability,,identity_q1_or_ytd_diff,missing_raw_value
601169.XSHG,parent_balance,2016-12-31,2016q4,,2017-04-26,other_liability,8881000000.0,finance_balance_sheet_parent_current_only.csv,other_liability,quarterly_direct,identity_q1_or_ytd_diff,
601169.XSHG,parent_balance,2016-12-31,2016q4,,2017-04-26,total_liability,1956150000000.0,finance_balance_sheet_parent_current_only.csv,total_liability,quarterly_direct,identity_q1_or_ytd_diff,
601169.XSHG,parent_balance,2016-12-31,2016q4,,2017-04-26,paidin_capital,15206000000.0,finance_balance_sheet_parent_current_only.csv,paidin_capital,quarterly_direct,identity_q1_or_ytd_diff,
601169.XSHG,parent_balance,2016-12-31,2016q4,,2017-04-26,capital_reserve_fund,26128000000.0,finance_balance_sheet_parent_current_only.csv,capital_reserve_fund,quarterly_direct,identity_q1_or_ytd_diff,
601169.XSHG,parent_balance,2016-12-31,2016q4,,2017-04-26,treasury_stock,,finance_balance_sheet_parent_current_only.csv,treasury_stock,,identity_q1_or_ytd_diff,missing_raw_value
601169.XSHG,parent_balance,2016-12-31,2016q4,,2017-04-26,surplus_reserve_fund,11801000000.0,finance_balance_sheet_parent_current_only.csv,surplus_reserve_fund,quarterly_direct,identity_q1_or_ytd_diff,
601169.XSHG,parent_balance,2016-12-31,2016q4,,2017-04-26,equities_parent_company_owners,141650000000.0,finance_balance_sheet_parent_current_only.csv,equities_parent_company_owners,quarterly_direct,identity_q1_or_ytd_diff,
601169.XSHG,parent_balance,2016-12-31,2016q4,,2017-04-26,retained_profit,45155000000.0,finance_balance_sheet_parent_current_only.csv,retained_profit,quarterly_direct,identity_q1_or_ytd_diff,
601169.XSHG,parent_balance,2016-12-31,2016q4,,2017-04-26,minority_interests,,finance_balance_sheet_parent_current_only.csv,minority_interests,,identity_q1_or_ytd_diff,missing_raw_value
601169.XSHG,parent_balance,2016-12-31,2016q4,,2017-04-26,total_owner_equities,141650000000.0,finance_balance_sheet_parent_current_only.csv,total_owner_equities,quarterly_direct,identity_q1_or_ytd_diff,
601169.XSHG,parent_balance,2016-12-31,2016q4,,2017-04-26,other_comprehensive_income,-335000000.0,finance_balance_sheet_parent_current_only.csv,other_comprehensive_income,quarterly_direct,identity_q1_or_ytd_diff,
601169.XSHG,parent_balance,2017-03-31,2017q1,,2017-04-26,deposit_in_ib,174408000000.0,finance_balance_sheet_parent_current_only.csv,deposit_in_ib,quarterly_direct,identity_q1_or_ytd_diff,
601169.XSHG,parent_balance,2017-03-31,2017q1,,2017-04-26,cash_equivalents,,finance_balance_sheet_parent_current_only.csv,cash_equivalents,,identity_q1_or_ytd_diff,missing_raw_value
601169.XSHG,parent_balance,2017-03-31,2017q1,,2017-04-26,deposit_client,,finance_balance_sheet_parent_current_only.csv,deposit_client,,identity_q1_or_ytd_diff,missing_raw_value
601169.XSHG,parent_balance,2017-03-31,2017q1,,2017-04-26,cash_in_cb,168716000000.0,finance_balance_sheet_parent_current_only.csv,cash_in_cb,quarterly_direct,identity_q1_or_ytd_diff,
601169.XSHG,parent_balance,2017-03-31,2017q1,,2017-04-26,settlement_provi,,finance_balance_sheet_parent_current_only.csv,settlement_provi,,identity_q1_or_ytd_diff,missing_raw_value
601169.XSHG,parent_balance,2017-03-31,2017q1,,2017-04-26,settlement_provi_client,,finance_balance_sheet_parent_current_only.csv,settlement_provi_client,,identity_q1_or_ytd_diff,missing_raw_value
601169.XSHG,parent_balance,2017-03-31,2017q1,,2017-04-26,lend_capital,69241000000.0,finance_balance_sheet_parent_current_only.csv,lend_capital,quarterly_direct,identity_q1_or_ytd_diff,
601169.XSHG,parent_balance,2017-03-31,2017q1,,2017-04-26,bought_sellback_assets,46733000000.0,finance_balance_sheet_parent_current_only.csv,bought_sellback_assets,quarterly_direct,identity_q1_or_ytd_diff,
601169.XSHG,parent_balance,2017-03-31,2017q1,,2017-04-26,interest_receivable,13268000000.0,finance_balance_sheet_parent_current_only.csv,interest_receivable,quarterly_direct,identity_q1_or_ytd_diff,
601169.XSHG,parent_balance,2017-03-31,2017q1,,2017-04-26,insurance_receivables,,finance_balance_sheet_parent_current_only.csv,insurance_receivables,,identity_q1_or_ytd_diff,missing_raw_value
601169.XSHG,parent_balance,2017-03-31,2017q1,,2017-04-26,loan_and_advance,,finance_balance_sheet_parent_current_only.csv,loan_and_advance,,identity_q1_or_ytd_diff,missing_raw_value
601169.XSHG,parent_balance,2017-03-31,2017q1,,2017-04-26,advance_payment,,finance_balance_sheet_parent_current_only.csv,advance_payment,,identity_q1_or_ytd_diff,missing_raw_value
601169.XSHG,parent_balance,2017-03-31,2017q1,,2017-04-26,hold_for_sale_assets,164795000000.0,finance_balance_sheet_parent_current_only.csv,hold_for_sale_assets,quarterly_direct,identity_q1_or_ytd_diff,
601169.XSHG,parent_balance,2017-03-31,2017q1,,2017-04-26,hold_to_maturity_investments,213544000000.0,finance_balance_sheet_parent_current_only.csv,hold_to_maturity_investments,quarterly_direct,identity_q1_or_ytd_diff,
601169.XSHG,parent_balance,2017-03-31,2017q1,,2017-04-26,longterm_equity_invest,3883000000.0,finance_balance_sheet_parent_current_only.csv,longterm_equity_invest,quarterly_direct,identity_q1_or_ytd_diff,
601169.XSHG,parent_balance,2017-03-31,2017q1,,2017-04-26,investment_property,495000000.0,finance_balance_sheet_parent_current_only.csv,investment_property,quarterly_direct,identity_q1_or_ytd_diff,
601169.XSHG,parent_balance,2017-03-31,2017q1,,2017-04-26,inventories,,finance_balance_sheet_parent_current_only.csv,inventories,,identity_q1_or_ytd_diff,missing_raw_value
601169.XSHG,parent_balance,2017-03-31,2017q1,,2017-04-26,fixed_assets,8803000000.0,finance_balance_sheet_parent_current_only.csv,fixed_assets,quarterly_direct,identity_q1_or_ytd_diff,
601169.XSHG,parent_balance,2017-03-31,2017q1,,2017-04-26,constru_in_process,,finance_balance_sheet_parent_current_only.csv,constru_in_process,,identity_q1_or_ytd_diff,missing_raw_value
601169.XSHG,parent_balance,2017-03-31,2017q1,,2017-04-26,intangible_assets,581000000.0,finance_balance_sheet_parent_current_only.csv,intangible_assets,quarterly_direct,identity_q1_or_ytd_diff,
601169.XSHG,parent_balance,2017-03-31,2017q1,,2017-04-26,long_deferred_expense,,finance_balance_sheet_parent_current_only.csv,long_deferred_expense,,identity_q1_or_ytd_diff,missing_raw_value
601169.XSHG,parent_balance,2017-03-31,2017q1,,2017-04-26,deferred_tax_assets,9457000000.0,finance_balance_sheet_parent_current_only.csv,deferred_tax_assets,quarterly_direct,identity_q1_or_ytd_diff,
601169.XSHG,parent_balance,2017-03-31,2017q1,,2017-04-26,other_asset,948166000000.0,finance_balance_sheet_parent_current_only.csv,other_asset,quarterly_direct,identity_q1_or_ytd_diff,
601169.XSHG,parent_balance,2017-03-31,2017q1,,2017-04-26,total_assets,2148325000000.0,finance_balance_sheet_parent_current_only.csv,total_assets,quarterly_direct,identity_q1_or_ytd_diff,
601169.XSHG,parent_balance,2017-03-31,2017q1,,2017-04-26,borrowing_from_centralbank,51500000000.0,finance_balance_sheet_parent_current_only.csv,borrowing_from_centralbank,quarterly_direct,identity_q1_or_ytd_diff,
601169.XSHG,parent_balance,2017-03-31,2017q1,,2017-04-26,shortterm_loan,,finance_balance_sheet_parent_current_only.csv,shortterm_loan,,identity_q1_or_ytd_diff,missing_raw_value
601169.XSHG,parent_balance,2017-03-31,2017q1,,2017-04-26,borrowing_capital,46952000000.0,finance_balance_sheet_parent_current_only.csv,borrowing_capital,quarterly_direct,identity_q1_or_ytd_diff,
601169.XSHG,parent_balance,2017-03-31,2017q1,,2017-04-26,sold_buyback_secu_proceeds,43545000000.0,finance_balance_sheet_parent_current_only.csv,sold_buyback_secu_proceeds,quarterly_direct,identity_q1_or_ytd_diff,
601169.XSHG,parent_balance,2017-03-31,2017q1,,2017-04-26,proxy_secu_proceeds,,finance_balance_sheet_parent_current_only.csv,proxy_secu_proceeds,,identity_q1_or_ytd_diff,missing_raw_value
601169.XSHG,parent_balance,2017-03-31,2017q1,,2017-04-26,notes_payable,,finance_balance_sheet_parent_current_only.csv,notes_payable,,identity_q1_or_ytd_diff,missing_raw_value
601169.XSHG,parent_balance,2017-03-31,2017q1,,2017-04-26,advance_peceipts,,finance_balance_sheet_parent_current_only.csv,advance_peceipts,,identity_q1_or_ytd_diff,missing_raw_value
601169.XSHG,parent_balance,2017-03-31,2017q1,,2017-04-26,commission_payable,,finance_balance_sheet_parent_current_only.csv,commission_payable,,identity_q1_or_ytd_diff,missing_raw_value
601169.XSHG,parent_balance,2017-03-31,2017q1,,2017-04-26,salaries_payable,1819000000.0,finance_balance_sheet_parent_current_only.csv,salaries_payable,quarterly_direct,identity_q1_or_ytd_diff,
601169.XSHG,parent_balance,2017-03-31,2017q1,,2017-04-26,taxs_payable,4378000000.0,finance_balance_sheet_parent_current_only.csv,taxs_payable,quarterly_direct,identity_q1_or_ytd_diff,
601169.XSHG,parent_balance,2017-03-31,2017q1,,2017-04-26,interest_payable,14234000000.0,finance_balance_sheet_parent_current_only.csv,interest_payable,quarterly_direct,identity_q1_or_ytd_diff,
601169.XSHG,parent_balance,2017-03-31,2017q1,,2017-04-26,estimate_liability,66000000.0,finance_balance_sheet_parent_current_only.csv,estimate_liability,quarterly_direct,identity_q1_or_ytd_diff,
601169.XSHG,parent_balance,2017-03-31,2017q1,,2017-04-26,longterm_loan,,finance_balance_sheet_parent_current_only.csv,longterm_loan,,identity_q1_or_ytd_diff,missing_raw_value
601169.XSHG,parent_balance,2017-03-31,2017q1,,2017-04-26,bonds_payable,339030000000.0,finance_balance_sheet_parent_current_only.csv,bonds_payable,quarterly_direct,identity_q1_or_ytd_diff,
601169.XSHG,parent_balance,2017-03-31,2017q1,,2017-04-26,deferred_tax_liability,,finance_balance_sheet_parent_current_only.csv,deferred_tax_liability,,identity_q1_or_ytd_diff,missing_raw_value
601169.XSHG,parent_balance,2017-03-31,2017q1,,2017-04-26,other_liability,17963000000.0,finance_balance_sheet_parent_current_only.csv,other_liability,quarterly_direct,identity_q1_or_ytd_diff,
601169.XSHG,parent_balance,2017-03-31,2017q1,,2017-04-26,total_liability,2001938000000.0,finance_balance_sheet_parent_current_only.csv,total_liability,quarterly_direct,identity_q1_or_ytd_diff,
601169.XSHG,parent_balance,2017-03-31,2017q1,,2017-04-26,paidin_capital,15206000000.0,finance_balance_sheet_parent_current_only.csv,paidin_capital,quarterly_direct,identity_q1_or_ytd_diff,
601169.XSHG,parent_balance,2017-03-31,2017q1,,2017-04-26,capital_reserve_fund,26128000000.0,finance_balance_sheet_parent_current_only.csv,capital_reserve_fund,quarterly_direct,identity_q1_or_ytd_diff,
601169.XSHG,parent_balance,2017-03-31,2017q1,,2017-04-26,treasury_stock,,finance_balance_sheet_parent_current_only.csv,treasury_stock,,identity_q1_or_ytd_diff,missing_raw_value
601169.XSHG,parent_balance,2017-03-31,2017q1,,2017-04-26,surplus_reserve_fund,11801000000.0,finance_balance_sheet_parent_current_only.csv,surplus_reserve_fund,quarterly_direct,identity_q1_or_ytd_diff,
601169.XSHG,parent_balance,2017-03-31,2017q1,,2017-04-26,equities_parent_company_owners,146387000000.0,finance_balance_sheet_parent_current_only.csv,equities_parent_company_owners,quarterly_direct,identity_q1_or_ytd_diff,
601169.XSHG,parent_balance,2017-03-31,2017q1,,2017-04-26,retained_profit,50541000000.0,finance_balance_sheet_parent_current_only.csv,retained_profit,quarterly_direct,identity_q1_or_ytd_diff,
601169.XSHG,parent_balance,2017-03-31,2017q1,,2017-04-26,minority_interests,,finance_balance_sheet_parent_current_only.csv,minority_interests,,identity_q1_or_ytd_diff,missing_raw_value
601169.XSHG,parent_balance,2017-03-31,2017q1,,2017-04-26,total_owner_equities,146387000000.0,finance_balance_sheet_parent_current_only.csv,total_owner_equities,quarterly_direct,identity_q1_or_ytd_diff,
601169.XSHG,parent_balance,2017-03-31,2017q1,,2017-04-26,other_comprehensive_income,-984000000.0,finance_balance_sheet_parent_current_only.csv,other_comprehensive_income,quarterly_direct,identity_q1_or_ytd_diff,
601169.XSHG,parent_balance,2017-06-30,2017q2,,2017-08-31,deposit_in_ib,125609000000.0,finance_balance_sheet_parent_current_only.csv,deposit_in_ib,quarterly_direct,identity_q1_or_ytd_diff,
601169.XSHG,parent_balance,2017-06-30,2017q2,,2017-08-31,cash_equivalents,,finance_balance_sheet_parent_current_only.csv,cash_equivalents,,identity_q1_or_ytd_diff,missing_raw_value
601169.XSHG,parent_balance,2017-06-30,2017q2,,2017-08-31,deposit_client,,finance_balance_sheet_parent_current_only.csv,deposit_client,,identity_q1_or_ytd_diff,missing_raw_value
601169.XSHG,parent_balance,2017-06-30,2017q2,,2017-08-31,cash_in_cb,179278000000.0,finance_balance_sheet_parent_current_only.csv,cash_in_cb,quarterly_direct,identity_q1_or_ytd_diff,
601169.XSHG,parent_balance,2017-06-30,2017q2,,2017-08-31,settlement_provi,,finance_balance_sheet_parent_current_only.csv,settlement_provi,,identity_q1_or_ytd_diff,missing_raw_value
601169.XSHG,parent_balance,2017-06-30,2017q2,,2017-08-31,settlement_provi_client,,finance_balance_sheet_parent_current_only.csv,settlement_provi_client,,identity_q1_or_ytd_diff,missing_raw_value
601169.XSHG,parent_balance,2017-06-30,2017q2,,2017-08-31,lend_capital,62820000000.0,finance_balance_sheet_parent_current_only.csv,lend_capital,quarterly_direct,identity_q1_or_ytd_diff,
601169.XSHG,parent_balance,2017-06-30,2017q2,,2017-08-31,bought_sellback_assets,34436000000.0,finance_balance_sheet_parent_current_only.csv,bought_sellback_assets,quarterly_direct,identity_q1_or_ytd_diff,
601169.XSHG,parent_balance,2017-06-30,2017q2,,2017-08-31,interest_receivable,12013000000.0,finance_balance_sheet_parent_current_only.csv,interest_receivable,quarterly_direct,identity_q1_or_ytd_diff,
601169.XSHG,parent_balance,2017-06-30,2017q2,,2017-08-31,insurance_receivables,,finance_balance_sheet_parent_current_only.csv,insurance_receivables,,identity_q1_or_ytd_diff,missing_raw_value
601169.XSHG,parent_balance,2017-06-30,2017q2,,2017-08-31,loan_and_advance,973676000000.0,finance_balance_sheet_parent_current_only.csv,loan_and_advance,quarterly_direct,identity_q1_or_ytd_diff,
601169.XSHG,parent_balance,2017-06-30,2017q2,,2017-08-31,advance_payment,,finance_balance_sheet_parent_current_only.csv,advance_payment,,identity_q1_or_ytd_diff,missing_raw_value
601169.XSHG,parent_balance,2017-06-30,2017q2,,2017-08-31,hold_for_sale_assets,166743000000.0,finance_balance_sheet_parent_current_only.csv,hold_for_sale_assets,quarterly_direct,identity_q1_or_ytd_diff,
601169.XSHG,parent_balance,2017-06-30,2017q2,,2017-08-31,hold_to_maturity_investments,221365000000.0,finance_balance_sheet_parent_current_only.csv,hold_to_maturity_investments,quarterly_direct,identity_q1_or_ytd_diff,
601169.XSHG,parent_balance,2017-06-30,2017q2,,2017-08-31,longterm_equity_invest,4115000000.0,finance_balance_sheet_parent_current_only.csv,longterm_equity_invest,quarterly_direct,identity_q1_or_ytd_diff,
601169.XSHG,parent_balance,2017-06-30,2017q2,,2017-08-31,investment_property,490000000.0,finance_balance_sheet_parent_current_only.csv,investment_property,quarterly_direct,identity_q1_or_ytd_diff,
601169.XSHG,parent_balance,2017-06-30,2017q2,,2017-08-31,inventories,,finance_balance_sheet_parent_current_only.csv,inventories,,identity_q1_or_ytd_diff,missing_raw_value
601169.XSHG,parent_balance,2017-06-30,2017q2,,2017-08-31,fixed_assets,9161000000.0,finance_balance_sheet_parent_current_only.csv,fixed_assets,quarterly_direct,identity_q1_or_ytd_diff,
601169.XSHG,parent_balance,2017-06-30,2017q2,,2017-08-31,constru_in_process,,finance_balance_sheet_parent_current_only.csv,constru_in_process,,identity_q1_or_ytd_diff,missing_raw_value
601169.XSHG,parent_balance,2017-06-30,2017q2,,2017-08-31,intangible_assets,577000000.0,finance_balance_sheet_parent_current_only.csv,intangible_assets,quarterly_direct,identity_q1_or_ytd_diff,
601169.XSHG,parent_balance,2017-06-30,2017q2,,2017-08-31,long_deferred_expense,,finance_balance_sheet_parent_current_only.csv,long_deferred_expense,,identity_q1_or_ytd_diff,missing_raw_value
601169.XSHG,parent_balance,2017-06-30,2017q2,,2017-08-31,deferred_tax_assets,9850000000.0,finance_balance_sheet_parent_current_only.csv,deferred_tax_assets,quarterly_direct,identity_q1_or_ytd_diff,
601169.XSHG,parent_balance,2017-06-30,2017q2,,2017-08-31,other_asset,6651000000.0,finance_balance_sheet_parent_current_only.csv,other_asset,quarterly_direct,identity_q1_or_ytd_diff,
601169.XSHG,parent_balance,2017-06-30,2017q2,,2017-08-31,total_assets,2215756000000.0,finance_balance_sheet_parent_current_only.csv,total_assets,quarterly_direct,identity_q1_or_ytd_diff,
601169.XSHG,parent_balance,2017-06-30,2017q2,,2017-08-31,borrowing_from_centralbank,48000000000.0,finance_balance_sheet_parent_current_only.csv,borrowing_from_centralbank,quarterly_direct,identity_q1_or_ytd_diff,
601169.XSHG,parent_balance,2017-06-30,2017q2,,2017-08-31,shortterm_loan,,finance_balance_sheet_parent_current_only.csv,shortterm_loan,,identity_q1_or_ytd_diff,missing_raw_value
601169.XSHG,parent_balance,2017-06-30,2017q2,,2017-08-31,borrowing_capital,34761000000.0,finance_balance_sheet_parent_current_only.csv,borrowing_capital,quarterly_direct,identity_q1_or_ytd_diff,
601169.XSHG,parent_balance,2017-06-30,2017q2,,2017-08-31,sold_buyback_secu_proceeds,10910000000.0,finance_balance_sheet_parent_current_only.csv,sold_buyback_secu_proceeds,quarterly_direct,identity_q1_or_ytd_diff,
601169.XSHG,parent_balance,2017-06-30,2017q2,,2017-08-31,proxy_secu_proceeds,,finance_balance_sheet_parent_current_only.csv,proxy_secu_proceeds,,identity_q1_or_ytd_diff,missing_raw_value
601169.XSHG,parent_balance,2017-06-30,2017q2,,2017-08-31,notes_payable,,finance_balance_sheet_parent_current_only.csv,notes_payable,,identity_q1_or_ytd_diff,missing_raw_value
601169.XSHG,parent_balance,2017-06-30,2017q2,,2017-08-31,advance_peceipts,,finance_balance_sheet_parent_current_only.csv,advance_peceipts,,identity_q1_or_ytd_diff,missing_raw_value
601169.XSHG,parent_balance,2017-06-30,2017q2,,2017-08-31,commission_payable,,finance_balance_sheet_parent_current_only.csv,commission_payable,,identity_q1_or_ytd_diff,missing_raw_value
601169.XSHG,parent_balance,2017-06-30,2017q2,,2017-08-31,salaries_payable,1932000000.0,finance_balance_sheet_parent_current_only.csv,salaries_payable,quarterly_direct,identity_q1_or_ytd_diff,
601169.XSHG,parent_balance,2017-06-30,2017q2,,2017-08-31,taxs_payable,2281000000.0,finance_balance_sheet_parent_current_only.csv,taxs_payable,quarterly_direct,identity_q1_or_ytd_diff,
601169.XSHG,parent_balance,2017-06-30,2017q2,,2017-08-31,interest_payable,15336000000.0,finance_balance_sheet_parent_current_only.csv,interest_payable,quarterly_direct,identity_q1_or_ytd_diff,
601169.XSHG,parent_balance,2017-06-30,2017q2,,2017-08-31,estimate_liability,66000000.0,finance_balance_sheet_parent_current_only.csv,estimate_liability,quarterly_direct,identity_q1_or_ytd_diff,
601169.XSHG,parent_balance,2017-06-30,2017q2,,2017-08-31,longterm_loan,,finance_balance_sheet_parent_current_only.csv,longterm_loan,,identity_q1_or_ytd_diff,missing_raw_value
601169.XSHG,parent_balance,2017-06-30,2017q2,,2017-08-31,bonds_payable,352245000000.0,finance_balance_sheet_parent_current_only.csv,bonds_payable,quarterly_direct,identity_q1_or_ytd_diff,
601169.XSHG,parent_balance,2017-06-30,2017q2,,2017-08-31,deferred_tax_liability,,finance_balance_sheet_parent_current_only.csv,deferred_tax_liability,,identity_q1_or_ytd_diff,missing_raw_value
601169.XSHG,parent_balance,2017-06-30,2017q2,,2017-08-31,other_liability,16315000000.0,finance_balance_sheet_parent_current_only.csv,other_liability,quarterly_direct,identity_q1_or_ytd_diff,
601169.XSHG,parent_balance,2017-06-30,2017q2,,2017-08-31,total_liability,2068374000000.0,finance_balance_sheet_parent_current_only.csv,total_liability,quarterly_direct,identity_q1_or_ytd_diff,
601169.XSHG,parent_balance,2017-06-30,2017q2,,2017-08-31,paidin_capital,15206000000.0,finance_balance_sheet_parent_current_only.csv,paidin_capital,quarterly_direct,identity_q1_or_ytd_diff,
601169.XSHG,parent_balance,2017-06-30,2017q2,,2017-08-31,capital_reserve_fund,26128000000.0,finance_balance_sheet_parent_current_only.csv,capital_reserve_fund,quarterly_direct,identity_q1_or_ytd_diff,
601169.XSHG,parent_balance,2017-06-30,2017q2,,2017-08-31,treasury_stock,,finance_balance_sheet_parent_current_only.csv,treasury_stock,,identity_q1_or_ytd_diff,missing_raw_value
601169.XSHG,parent_balance,2017-06-30,2017q2,,2017-08-31,surplus_reserve_fund,11801000000.0,finance_balance_sheet_parent_current_only.csv,surplus_reserve_fund,quarterly_direct,identity_q1_or_ytd_diff,
601169.XSHG,parent_balance,2017-06-30,2017q2,,2017-08-31,equities_parent_company_owners,147382000000.0,finance_balance_sheet_parent_current_only.csv,equities_parent_company_owners,quarterly_direct,identity_q1_or_ytd_diff,
601169.XSHG,parent_balance,2017-06-30,2017q2,,2017-08-31,retained_profit,51791000000.0,finance_balance_sheet_parent_current_only.csv,retained_profit,quarterly_direct,identity_q1_or_ytd_diff,
601169.XSHG,parent_balance,2017-06-30,2017q2,,2017-08-31,minority_interests,,finance_balance_sheet_parent_current_only.csv,minority_interests,,identity_q1_or_ytd_diff,missing_raw_value
601169.XSHG,parent_balance,2017-06-30,2017q2,,2017-08-31,total_owner_equities,147382000000.0,finance_balance_sheet_parent_current_only.csv,total_owner_equities,quarterly_direct,identity_q1_or_ytd_diff,
601169.XSHG,parent_balance,2017-06-30,2017q2,,2017-08-31,other_comprehensive_income,-1239000000.0,finance_balance_sheet_parent_current_only.csv,other_comprehensive_income,quarterly_direct,identity_q1_or_ytd_diff,
601169.XSHG,parent_balance,2017-09-30,2017q3,,2017-10-31,deposit_in_ib,114782000000.0,finance_balance_sheet_parent_current_only.csv,deposit_in_ib,quarterly_direct,identity_q1_or_ytd_diff,
601169.XSHG,parent_balance,2017-09-30,2017q3,,2017-10-31,cash_equivalents,,finance_balance_sheet_parent_current_only.csv,cash_equivalents,,identity_q1_or_ytd_diff,missing_raw_value
601169.XSHG,parent_balance,2017-09-30,2017q3,,2017-10-31,deposit_client,,finance_balance_sheet_parent_current_only.csv,deposit_client,,identity_q1_or_ytd_diff,missing_raw_value
601169.XSHG,parent_balance,2017-09-30,2017q3,,2017-10-31,cash_in_cb,177242000000.0,finance_balance_sheet_parent_current_only.csv,cash_in_cb,quarterly_direct,identity_q1_or_ytd_diff,
601169.XSHG,parent_balance,2017-09-30,2017q3,,2017-10-31,settlement_provi,,finance_balance_sheet_parent_current_only.csv,settlement_provi,,identity_q1_or_ytd_diff,missing_raw_value
601169.XSHG,parent_balance,2017-09-30,2017q3,,2017-10-31,settlement_provi_client,,finance_balance_sheet_parent_current_only.csv,settlement_provi_client,,identity_q1_or_ytd_diff,missing_raw_value
601169.XSHG,parent_balance,2017-09-30,2017q3,,2017-10-31,lend_capital,60304000000.0,finance_balance_sheet_parent_current_only.csv,lend_capital,quarterly_direct,identity_q1_or_ytd_diff,
601169.XSHG,parent_balance,2017-09-30,2017q3,,2017-10-31,bought_sellback_assets,46651000000.0,finance_balance_sheet_parent_current_only.csv,bought_sellback_assets,quarterly_direct,identity_q1_or_ytd_diff,
601169.XSHG,parent_balance,2017-09-30,2017q3,,2017-10-31,interest_receivable,12408000000.0,finance_balance_sheet_parent_current_only.csv,interest_receivable,quarterly_direct,identity_q1_or_ytd_diff,
601169.XSHG,parent_balance,2017-09-30,2017q3,,2017-10-31,insurance_receivables,,finance_balance_sheet_parent_current_only.csv,insurance_receivables,,identity_q1_or_ytd_diff,missing_raw_value
601169.XSHG,parent_balance,2017-09-30,2017q3,,2017-10-31,loan_and_advance,1003169000000.0,finance_balance_sheet_parent_current_only.csv,loan_and_advance,quarterly_direct,identity_q1_or_ytd_diff,
601169.XSHG,parent_balance,2017-09-30,2017q3,,2017-10-31,advance_payment,,finance_balance_sheet_parent_current_only.csv,advance_payment,,identity_q1_or_ytd_diff,missing_raw_value
601169.XSHG,parent_balance,2017-09-30,2017q3,,2017-10-31,hold_for_sale_assets,167464000000.0,finance_balance_sheet_parent_current_only.csv,hold_for_sale_assets,quarterly_direct,identity_q1_or_ytd_diff,
601169.XSHG,parent_balance,2017-09-30,2017q3,,2017-10-31,hold_to_maturity_investments,227049000000.0,finance_balance_sheet_parent_current_only.csv,hold_to_maturity_investments,quarterly_direct,identity_q1_or_ytd_diff,
601169.XSHG,parent_balance,2017-09-30,2017q3,,2017-10-31,longterm_equity_invest,4129000000.0,finance_balance_sheet_parent_current_only.csv,longterm_equity_invest,quarterly_direct,identity_q1_or_ytd_diff,
601169.XSHG,parent_balance,2017-09-30,2017q3,,2017-10-31,investment_property,485000000.0,finance_balance_sheet_parent_current_only.csv,investment_property,quarterly_direct,identity_q1_or_ytd_diff,
601169.XSHG,parent_balance,2017-09-30,2017q3,,2017-10-31,inventories,,finance_balance_sheet_parent_current_only.csv,inventories,,identity_q1_or_ytd_diff,missing_raw_value
601169.XSHG,parent_balance,2017-09-30,2017q3,,2017-10-31,fixed_assets,9511000000.0,finance_balance_sheet_parent_current_only.csv,fixed_assets,quarterly_direct,identity_q1_or_ytd_diff,
601169.XSHG,parent_balance,2017-09-30,2017q3,,2017-10-31,constru_in_process,,finance_balance_sheet_parent_current_only.csv,constru_in_process,,identity_q1_or_ytd_diff,missing_raw_value
601169.XSHG,parent_balance,2017-09-30,2017q3,,2017-10-31,intangible_assets,573000000.0,finance_balance_sheet_parent_current_only.csv,intangible_assets,quarterly_direct,identity_q1_or_ytd_diff,
601169.XSHG,parent_balance,2017-09-30,2017q3,,2017-10-31,long_deferred_expense,,finance_balance_sheet_parent_current_only.csv,long_deferred_expense,,identity_q1_or_ytd_diff,missing_raw_value
601169.XSHG,parent_balance,2017-09-30,2017q3,,2017-10-31,deferred_tax_assets,10587000000.0,finance_balance_sheet_parent_current_only.csv,deferred_tax_assets,quarterly_direct,identity_q1_or_ytd_diff,
601169.XSHG,parent_balance,2017-09-30,2017q3,,2017-10-31,other_asset,7015000000.0,finance_balance_sheet_parent_current_only.csv,other_asset,quarterly_direct,identity_q1_or_ytd_diff,
601169.XSHG,parent_balance,2017-09-30,2017q3,,2017-10-31,total_assets,2247809000000.0,finance_balance_sheet_parent_current_only.csv,total_assets,quarterly_direct,identity_q1_or_ytd_diff,
601169.XSHG,parent_balance,2017-09-30,2017q3,,2017-10-31,borrowing_from_centralbank,48000000000.0,finance_balance_sheet_parent_current_only.csv,borrowing_from_centralbank,quarterly_direct,identity_q1_or_ytd_diff,
601169.XSHG,parent_balance,2017-09-30,2017q3,,2017-10-31,shortterm_loan,,finance_balance_sheet_parent_current_only.csv,shortterm_loan,,identity_q1_or_ytd_diff,missing_raw_value
601169.XSHG,parent_balance,2017-09-30,2017q3,,2017-10-31,borrowing_capital,47301000000.0,finance_balance_sheet_parent_current_only.csv,borrowing_capital,quarterly_direct,identity_q1_or_ytd_diff,
601169.XSHG,parent_balance,2017-09-30,2017q3,,2017-10-31,sold_buyback_secu_proceeds,36219000000.0,finance_balance_sheet_parent_current_only.csv,sold_buyback_secu_proceeds,quarterly_direct,identity_q1_or_ytd_diff,
601169.XSHG,parent_balance,2017-09-30,2017q3,,2017-10-31,proxy_secu_proceeds,,finance_balance_sheet_parent_current_only.csv,proxy_secu_proceeds,,identity_q1_or_ytd_diff,missing_raw_value
601169.XSHG,parent_balance,2017-09-30,2017q3,,2017-10-31,notes_payable,,finance_balance_sheet_parent_current_only.csv,notes_payable,,identity_q1_or_ytd_diff,missing_raw_value
601169.XSHG,parent_balance,2017-09-30,2017q3,,2017-10-31,advance_peceipts,,finance_balance_sheet_parent_current_only.csv,advance_peceipts,,identity_q1_or_ytd_diff,missing_raw_value
601169.XSHG,parent_balance,2017-09-30,2017q3,,2017-10-31,commission_payable,,finance_balance_sheet_parent_current_only.csv,commission_payable,,identity_q1_or_ytd_diff,missing_raw_value
601169.XSHG,parent_balance,2017-09-30,2017q3,,2017-10-31,salaries_payable,2176000000.0,finance_balance_sheet_parent_current_only.csv,salaries_payable,quarterly_direct,identity_q1_or_ytd_diff,
601169.XSHG,parent_balance,2017-09-30,2017q3,,2017-10-31,taxs_payable,2711000000.0,finance_balance_sheet_parent_current_only.csv,taxs_payable,quarterly_direct,identity_q1_or_ytd_diff,
601169.XSHG,parent_balance,2017-09-30,2017q3,,2017-10-31,interest_payable,18642000000.0,finance_balance_sheet_parent_current_only.csv,interest_payable,quarterly_direct,identity_q1_or_ytd_diff,
601169.XSHG,parent_balance,2017-09-30,2017q3,,2017-10-31,estimate_liability,66000000.0,finance_balance_sheet_parent_current_only.csv,estimate_liability,quarterly_direct,identity_q1_or_ytd_diff,
601169.XSHG,parent_balance,2017-09-30,2017q3,,2017-10-31,longterm_loan,,finance_balance_sheet_parent_current_only.csv,longterm_loan,,identity_q1_or_ytd_diff,missing_raw_value
601169.XSHG,parent_balance,2017-09-30,2017q3,,2017-10-31,bonds_payable,365163000000.0,finance_balance_sheet_parent_current_only.csv,bonds_payable,quarterly_direct,identity_q1_or_ytd_diff,
601169.XSHG,parent_balance,2017-09-30,2017q3,,2017-10-31,deferred_tax_liability,,finance_balance_sheet_parent_current_only.csv,deferred_tax_liability,,identity_q1_or_ytd_diff,missing_raw_value
601169.XSHG,parent_balance,2017-09-30,2017q3,,2017-10-31,other_liability,10586000000.0,finance_balance_sheet_parent_current_only.csv,other_liability,quarterly_direct,identity_q1_or_ytd_diff,
601169.XSHG,parent_balance,2017-09-30,2017q3,,2017-10-31,total_liability,2096139000000.0,finance_balance_sheet_parent_current_only.csv,total_liability,quarterly_direct,identity_q1_or_ytd_diff,
601169.XSHG,parent_balance,2017-09-30,2017q3,,2017-10-31,paidin_capital,18248000000.0,finance_balance_sheet_parent_current_only.csv,paidin_capital,quarterly_direct,identity_q1_or_ytd_diff,
601169.XSHG,parent_balance,2017-09-30,2017q3,,2017-10-31,capital_reserve_fund,26128000000.0,finance_balance_sheet_parent_current_only.csv,capital_reserve_fund,quarterly_direct,identity_q1_or_ytd_diff,
601169.XSHG,parent_balance,2017-09-30,2017q3,,2017-10-31,treasury_stock,,finance_balance_sheet_parent_current_only.csv,treasury_stock,,identity_q1_or_ytd_diff,missing_raw_value
601169.XSHG,parent_balance,2017-09-30,2017q3,,2017-10-31,surplus_reserve_fund,11801000000.0,finance_balance_sheet_parent_current_only.csv,surplus_reserve_fund,quarterly_direct,identity_q1_or_ytd_diff,
601169.XSHG,parent_balance,2017-09-30,2017q3,,2017-10-31,equities_parent_company_owners,151670000000.0,finance_balance_sheet_parent_current_only.csv,equities_parent_company_owners,quarterly_direct,identity_q1_or_ytd_diff,
601169.XSHG,parent_balance,2017-09-30,2017q3,,2017-10-31,retained_profit,53136000000.0,finance_balance_sheet_parent_current_only.csv,retained_profit,quarterly_direct,identity_q1_or_ytd_diff,
601169.XSHG,parent_balance,2017-09-30,2017q3,,2017-10-31,minority_interests,,finance_balance_sheet_parent_current_only.csv,minority_interests,,identity_q1_or_ytd_diff,missing_raw_value
601169.XSHG,parent_balance,2017-09-30,2017q3,,2017-10-31,total_owner_equities,151670000000.0,finance_balance_sheet_parent_current_only.csv,total_owner_equities,quarterly_direct,identity_q1_or_ytd_diff,
601169.XSHG,parent_balance,2017-09-30,2017q3,,2017-10-31,other_comprehensive_income,-1338000000.0,finance_balance_sheet_parent_current_only.csv,other_comprehensive_income,quarterly_direct,identity_q1_or_ytd_diff,
601169.XSHG,parent_balance,2017-12-31,2017q4,,2018-04-27,deposit_in_ib,85628000000.0,finance_balance_sheet_parent_current_only.csv,deposit_in_ib,quarterly_direct,identity_q1_or_ytd_diff,
601169.XSHG,parent_balance,2017-12-31,2017q4,,2018-04-27,cash_equivalents,,finance_balance_sheet_parent_current_only.csv,cash_equivalents,,identity_q1_or_ytd_diff,missing_raw_value
601169.XSHG,parent_balance,2017-12-31,2017q4,,2018-04-27,deposit_client,,finance_balance_sheet_parent_current_only.csv,deposit_client,,identity_q1_or_ytd_diff,missing_raw_value
601169.XSHG,parent_balance,2017-12-31,2017q4,,2018-04-27,cash_in_cb,184491000000.0,finance_balance_sheet_parent_current_only.csv,cash_in_cb,quarterly_direct,identity_q1_or_ytd_diff,
601169.XSHG,parent_balance,2017-12-31,2017q4,,2018-04-27,settlement_provi,,finance_balance_sheet_parent_current_only.csv,settlement_provi,,identity_q1_or_ytd_diff,missing_raw_value
601169.XSHG,parent_balance,2017-12-31,2017q4,,2018-04-27,settlement_provi_client,,finance_balance_sheet_parent_current_only.csv,settlement_provi_client,,identity_q1_or_ytd_diff,missing_raw_value
601169.XSHG,parent_balance,2017-12-31,2017q4,,2018-04-27,lend_capital,66006000000.0,finance_balance_sheet_parent_current_only.csv,lend_capital,quarterly_direct,identity_q1_or_ytd_diff,
601169.XSHG,parent_balance,2017-12-31,2017q4,,2018-04-27,bought_sellback_assets,62372000000.0,finance_balance_sheet_parent_current_only.csv,bought_sellback_assets,quarterly_direct,identity_q1_or_ytd_diff,
601169.XSHG,parent_balance,2017-12-31,2017q4,,2018-04-27,interest_receivable,14016000000.0,finance_balance_sheet_parent_current_only.csv,interest_receivable,quarterly_direct,identity_q1_or_ytd_diff,
601169.XSHG,parent_balance,2017-12-31,2017q4,,2018-04-27,insurance_receivables,,finance_balance_sheet_parent_current_only.csv,insurance_receivables,,identity_q1_or_ytd_diff,missing_raw_value
601169.XSHG,parent_balance,2017-12-31,2017q4,,2018-04-27,loan_and_advance,1011687000000.0,finance_balance_sheet_parent_current_only.csv,loan_and_advance,quarterly_direct,identity_q1_or_ytd_diff,
601169.XSHG,parent_balance,2017-12-31,2017q4,,2018-04-27,advance_payment,,finance_balance_sheet_parent_current_only.csv,advance_payment,,identity_q1_or_ytd_diff,missing_raw_value
601169.XSHG,parent_balance,2017-12-31,2017q4,,2018-04-27,hold_for_sale_assets,183014000000.0,finance_balance_sheet_parent_current_only.csv,hold_for_sale_assets,quarterly_direct,identity_q1_or_ytd_diff,
601169.XSHG,parent_balance,2017-12-31,2017q4,,2018-04-27,hold_to_maturity_investments,226095000000.0,finance_balance_sheet_parent_current_only.csv,hold_to_maturity_investments,quarterly_direct,identity_q1_or_ytd_diff,
601169.XSHG,parent_balance,2017-12-31,2017q4,,2018-04-27,longterm_equity_invest,4153000000.0,finance_balance_sheet_parent_current_only.csv,longterm_equity_invest,quarterly_direct,identity_q1_or_ytd_diff,
601169.XSHG,parent_balance,2017-12-31,2017q4,,2018-04-27,investment_property,367000000.0,finance_balance_sheet_parent_current_only.csv,investment_property,quarterly_direct,identity_q1_or_ytd_diff,
601169.XSHG,parent_balance,2017-12-31,2017q4,,2018-04-27,inventories,,finance_balance_sheet_parent_current_only.csv,inventories,,identity_q1_or_ytd_diff,missing_raw_value
601169.XSHG,parent_balance,2017-12-31,2017q4,,2018-04-27,fixed_assets,11580000000.0,finance_balance_sheet_parent_current_only.csv,fixed_assets,quarterly_direct,identity_q1_or_ytd_diff,
601169.XSHG,parent_balance,2017-12-31,2017q4,,2018-04-27,constru_in_process,,finance_balance_sheet_parent_current_only.csv,constru_in_process,,identity_q1_or_ytd_diff,missing_raw_value
601169.XSHG,parent_balance,2017-12-31,2017q4,,2018-04-27,intangible_assets,569000000.0,finance_balance_sheet_parent_current_only.csv,intangible_assets,quarterly_direct,identity_q1_or_ytd_diff,
601169.XSHG,parent_balance,2017-12-31,2017q4,,2018-04-27,long_deferred_expense,,finance_balance_sheet_parent_current_only.csv,long_deferred_expense,,identity_q1_or_ytd_diff,missing_raw_value
601169.XSHG,parent_balance,2017-12-31,2017q4,,2018-04-27,deferred_tax_assets,11950000000.0,finance_balance_sheet_parent_current_only.csv,deferred_tax_assets,quarterly_direct,identity_q1_or_ytd_diff,
601169.XSHG,parent_balance,2017-12-31,2017q4,,2018-04-27,other_asset,6350000000.0,finance_balance_sheet_parent_current_only.csv,other_asset,quarterly_direct,identity_q1_or_ytd_diff,
601169.XSHG,parent_balance,2017-12-31,2017q4,,2018-04-27,total_assets,2304456000000.0,finance_balance_sheet_parent_current_only.csv,total_assets,quarterly_direct,identity_q1_or_ytd_diff,
601169.XSHG,parent_balance,2017-12-31,2017q4,,2018-04-27,borrowing_from_centralbank,53500000000.0,finance_balance_sheet_parent_current_only.csv,borrowing_from_centralbank,quarterly_direct,identity_q1_or_ytd_diff,
601169.XSHG,parent_balance,2017-12-31,2017q4,,2018-04-27,shortterm_loan,,finance_balance_sheet_parent_current_only.csv,shortterm_loan,,identity_q1_or_ytd_diff,missing_raw_value
601169.XSHG,parent_balance,2017-12-31,2017q4,,2018-04-27,borrowing_capital,48533000000.0,finance_balance_sheet_parent_current_only.csv,borrowing_capital,quarterly_direct,identity_q1_or_ytd_diff,
601169.XSHG,parent_balance,2017-12-31,2017q4,,2018-04-27,sold_buyback_secu_proceeds,30972000000.0,finance_balance_sheet_parent_current_only.csv,sold_buyback_secu_proceeds,quarterly_direct,identity_q1_or_ytd_diff,
601169.XSHG,parent_balance,2017-12-31,2017q4,,2018-04-27,proxy_secu_proceeds,,finance_balance_sheet_parent_current_only.csv,proxy_secu_proceeds,,identity_q1_or_ytd_diff,missing_raw_value
601169.XSHG,parent_balance,2017-12-31,2017q4,,2018-04-27,notes_payable,,finance_balance_sheet_parent_current_only.csv,notes_payable,,identity_q1_or_ytd_diff,missing_raw_value
601169.XSHG,parent_balance,2017-12-31,2017q4,,2018-04-27,advance_peceipts,,finance_balance_sheet_parent_current_only.csv,advance_peceipts,,identity_q1_or_ytd_diff,missing_raw_value
601169.XSHG,parent_balance,2017-12-31,2017q4,,2018-04-27,commission_payable,,finance_balance_sheet_parent_current_only.csv,commission_payable,,identity_q1_or_ytd_diff,missing_raw_value
601169.XSHG,parent_balance,2017-12-31,2017q4,,2018-04-27,salaries_payable,2468000000.0,finance_balance_sheet_parent_current_only.csv,salaries_payable,quarterly_direct,identity_q1_or_ytd_diff,
601169.XSHG,parent_balance,2017-12-31,2017q4,,2018-04-27,taxs_payable,2980000000.0,finance_balance_sheet_parent_current_only.csv,taxs_payable,quarterly_direct,identity_q1_or_ytd_diff,
601169.XSHG,parent_balance,2017-12-31,2017q4,,2018-04-27,interest_payable,18373000000.0,finance_balance_sheet_parent_current_only.csv,interest_payable,quarterly_direct,identity_q1_or_ytd_diff,
601169.XSHG,parent_balance,2017-12-31,2017q4,,2018-04-27,estimate_liability,24000000.0,finance_balance_sheet_parent_current_only.csv,estimate_liability,quarterly_direct,identity_q1_or_ytd_diff,
601169.XSHG,parent_balance,2017-12-31,2017q4,,2018-04-27,longterm_loan,,finance_balance_sheet_parent_current_only.csv,longterm_loan,,identity_q1_or_ytd_diff,missing_raw_value
601169.XSHG,parent_balance,2017-12-31,2017q4,,2018-04-27,bonds_payable,398340000000.0,finance_balance_sheet_parent_current_only.csv,bonds_payable,quarterly_direct,identity_q1_or_ytd_diff,
601169.XSHG,parent_balance,2017-12-31,2017q4,,2018-04-27,deferred_tax_liability,,finance_balance_sheet_parent_current_only.csv,deferred_tax_liability,,identity_q1_or_ytd_diff,missing_raw_value
601169.XSHG,parent_balance,2017-12-31,2017q4,,2018-04-27,other_liability,9108000000.0,finance_balance_sheet_parent_current_only.csv,other_liability,quarterly_direct,identity_q1_or_ytd_diff,
601169.XSHG,parent_balance,2017-12-31,2017q4,,2018-04-27,total_liability,2130340000000.0,finance_balance_sheet_parent_current_only.csv,total_liability,quarterly_direct,identity_q1_or_ytd_diff,
601169.XSHG,parent_balance,2017-12-31,2017q4,,2018-04-27,paidin_capital,21143000000.0,finance_balance_sheet_parent_current_only.csv,paidin_capital,quarterly_direct,identity_q1_or_ytd_diff,
601169.XSHG,parent_balance,2017-12-31,2017q4,,2018-04-27,capital_reserve_fund,43777000000.0,finance_balance_sheet_parent_current_only.csv,capital_reserve_fund,quarterly_direct,identity_q1_or_ytd_diff,
601169.XSHG,parent_balance,2017-12-31,2017q4,,2018-04-27,treasury_stock,,finance_balance_sheet_parent_current_only.csv,treasury_stock,,identity_q1_or_ytd_diff,missing_raw_value
601169.XSHG,parent_balance,2017-12-31,2017q4,,2018-04-27,surplus_reserve_fund,13646000000.0,finance_balance_sheet_parent_current_only.csv,surplus_reserve_fund,quarterly_direct,identity_q1_or_ytd_diff,
601169.XSHG,parent_balance,2017-12-31,2017q4,,2018-04-27,equities_parent_company_owners,174116000000.0,finance_balance_sheet_parent_current_only.csv,equities_parent_company_owners,quarterly_direct,identity_q1_or_ytd_diff,
601169.XSHG,parent_balance,2017-12-31,2017q4,,2018-04-27,retained_profit,51854000000.0,finance_balance_sheet_parent_current_only.csv,retained_profit,quarterly_direct,identity_q1_or_ytd_diff,
601169.XSHG,parent_balance,2017-12-31,2017q4,,2018-04-27,minority_interests,,finance_balance_sheet_parent_current_only.csv,minority_interests,,identity_q1_or_ytd_diff,missing_raw_value
601169.XSHG,parent_balance,2017-12-31,2017q4,,2018-04-27,total_owner_equities,174116000000.0,finance_balance_sheet_parent_current_only.csv,total_owner_equities,quarterly_direct,identity_q1_or_ytd_diff,
601169.XSHG,parent_balance,2017-12-31,2017q4,,2018-04-27,other_comprehensive_income,-2320000000.0,finance_balance_sheet_parent_current_only.csv,other_comprehensive_income,quarterly_direct,identity_q1_or_ytd_diff,
601169.XSHG,parent_balance,2018-03-31,2018q1,,2018-04-27,deposit_in_ib,61357000000.0,finance_balance_sheet_parent_current_only.csv,deposit_in_ib,quarterly_direct,identity_q1_or_ytd_diff,
601169.XSHG,parent_balance,2018-03-31,2018q1,,2018-04-27,cash_equivalents,,finance_balance_sheet_parent_current_only.csv,cash_equivalents,,identity_q1_or_ytd_diff,missing_raw_value
601169.XSHG,parent_balance,2018-03-31,2018q1,,2018-04-27,deposit_client,,finance_balance_sheet_parent_current_only.csv,deposit_client,,identity_q1_or_ytd_diff,missing_raw_value
601169.XSHG,parent_balance,2018-03-31,2018q1,,2018-04-27,cash_in_cb,193381000000.0,finance_balance_sheet_parent_current_only.csv,cash_in_cb,quarterly_direct,identity_q1_or_ytd_diff,
601169.XSHG,parent_balance,2018-03-31,2018q1,,2018-04-27,settlement_provi,,finance_balance_sheet_parent_current_only.csv,settlement_provi,,identity_q1_or_ytd_diff,missing_raw_value
601169.XSHG,parent_balance,2018-03-31,2018q1,,2018-04-27,settlement_provi_client,,finance_balance_sheet_parent_current_only.csv,settlement_provi_client,,identity_q1_or_ytd_diff,missing_raw_value
601169.XSHG,parent_balance,2018-03-31,2018q1,,2018-04-27,lend_capital,56639000000.0,finance_balance_sheet_parent_current_only.csv,lend_capital,quarterly_direct,identity_q1_or_ytd_diff,
601169.XSHG,parent_balance,2018-03-31,2018q1,,2018-04-27,bought_sellback_assets,35510000000.0,finance_balance_sheet_parent_current_only.csv,bought_sellback_assets,quarterly_direct,identity_q1_or_ytd_diff,
601169.XSHG,parent_balance,2018-03-31,2018q1,,2018-04-27,interest_receivable,16272000000.0,finance_balance_sheet_parent_current_only.csv,interest_receivable,quarterly_direct,identity_q1_or_ytd_diff,
601169.XSHG,parent_balance,2018-03-31,2018q1,,2018-04-27,insurance_receivables,,finance_balance_sheet_parent_current_only.csv,insurance_receivables,,identity_q1_or_ytd_diff,missing_raw_value
601169.XSHG,parent_balance,2018-03-31,2018q1,,2018-04-27,loan_and_advance,1075674000000.0,finance_balance_sheet_parent_current_only.csv,loan_and_advance,quarterly_direct,identity_q1_or_ytd_diff,
601169.XSHG,parent_balance,2018-03-31,2018q1,,2018-04-27,advance_payment,,finance_balance_sheet_parent_current_only.csv,advance_payment,,identity_q1_or_ytd_diff,missing_raw_value
601169.XSHG,parent_balance,2018-03-31,2018q1,,2018-04-27,hold_for_sale_assets,202149000000.0,finance_balance_sheet_parent_current_only.csv,hold_for_sale_assets,quarterly_direct,identity_q1_or_ytd_diff,
601169.XSHG,parent_balance,2018-03-31,2018q1,,2018-04-27,hold_to_maturity_investments,226618000000.0,finance_balance_sheet_parent_current_only.csv,hold_to_maturity_investments,quarterly_direct,identity_q1_or_ytd_diff,
601169.XSHG,parent_balance,2018-03-31,2018q1,,2018-04-27,longterm_equity_invest,4234000000.0,finance_balance_sheet_parent_current_only.csv,longterm_equity_invest,quarterly_direct,identity_q1_or_ytd_diff,
601169.XSHG,parent_balance,2018-03-31,2018q1,,2018-04-27,investment_property,363000000.0,finance_balance_sheet_parent_current_only.csv,investment_property,quarterly_direct,identity_q1_or_ytd_diff,
601169.XSHG,parent_balance,2018-03-31,2018q1,,2018-04-27,inventories,,finance_balance_sheet_parent_current_only.csv,inventories,,identity_q1_or_ytd_diff,missing_raw_value
601169.XSHG,parent_balance,2018-03-31,2018q1,,2018-04-27,fixed_assets,11944000000.0,finance_balance_sheet_parent_current_only.csv,fixed_assets,quarterly_direct,identity_q1_or_ytd_diff,
601169.XSHG,parent_balance,2018-03-31,2018q1,,2018-04-27,constru_in_process,,finance_balance_sheet_parent_current_only.csv,constru_in_process,,identity_q1_or_ytd_diff,missing_raw_value
601169.XSHG,parent_balance,2018-03-31,2018q1,,2018-04-27,intangible_assets,564000000.0,finance_balance_sheet_parent_current_only.csv,intangible_assets,quarterly_direct,identity_q1_or_ytd_diff,
601169.XSHG,parent_balance,2018-03-31,2018q1,,2018-04-27,long_deferred_expense,,finance_balance_sheet_parent_current_only.csv,long_deferred_expense,,identity_q1_or_ytd_diff,missing_raw_value
601169.XSHG,parent_balance,2018-03-31,2018q1,,2018-04-27,deferred_tax_assets,12393000000.0,finance_balance_sheet_parent_current_only.csv,deferred_tax_assets,quarterly_direct,identity_q1_or_ytd_diff,
601169.XSHG,parent_balance,2018-03-31,2018q1,,2018-04-27,other_asset,6847000000.0,finance_balance_sheet_parent_current_only.csv,other_asset,quarterly_direct,identity_q1_or_ytd_diff,
601169.XSHG,parent_balance,2018-03-31,2018q1,,2018-04-27,total_assets,2364494000000.0,finance_balance_sheet_parent_current_only.csv,total_assets,quarterly_direct,identity_q1_or_ytd_diff,
601169.XSHG,parent_balance,2018-03-31,2018q1,,2018-04-27,borrowing_from_centralbank,59500000000.0,finance_balance_sheet_parent_current_only.csv,borrowing_from_centralbank,quarterly_direct,identity_q1_or_ytd_diff,
601169.XSHG,parent_balance,2018-03-31,2018q1,,2018-04-27,shortterm_loan,,finance_balance_sheet_parent_current_only.csv,shortterm_loan,,identity_q1_or_ytd_diff,missing_raw_value
601169.XSHG,parent_balance,2018-03-31,2018q1,,2018-04-27,borrowing_capital,46199000000.0,finance_balance_sheet_parent_current_only.csv,borrowing_capital,quarterly_direct,identity_q1_or_ytd_diff,
601169.XSHG,parent_balance,2018-03-31,2018q1,,2018-04-27,sold_buyback_secu_proceeds,17744000000.0,finance_balance_sheet_parent_current_only.csv,sold_buyback_secu_proceeds,quarterly_direct,identity_q1_or_ytd_diff,
601169.XSHG,parent_balance,2018-03-31,2018q1,,2018-04-27,proxy_secu_proceeds,,finance_balance_sheet_parent_current_only.csv,proxy_secu_proceeds,,identity_q1_or_ytd_diff,missing_raw_value
601169.XSHG,parent_balance,2018-03-31,2018q1,,2018-04-27,notes_payable,,finance_balance_sheet_parent_current_only.csv,notes_payable,,identity_q1_or_ytd_diff,missing_raw_value
601169.XSHG,parent_balance,2018-03-31,2018q1,,2018-04-27,advance_peceipts,,finance_balance_sheet_parent_current_only.csv,advance_peceipts,,identity_q1_or_ytd_diff,missing_raw_value
601169.XSHG,parent_balance,2018-03-31,2018q1,,2018-04-27,commission_payable,,finance_balance_sheet_parent_current_only.csv,commission_payable,,identity_q1_or_ytd_diff,missing_raw_value
601169.XSHG,parent_balance,2018-03-31,2018q1,,2018-04-27,salaries_payable,2510000000.0,finance_balance_sheet_parent_current_only.csv,salaries_payable,quarterly_direct,identity_q1_or_ytd_diff,
601169.XSHG,parent_balance,2018-03-31,2018q1,,2018-04-27,taxs_payable,3676000000.0,finance_balance_sheet_parent_current_only.csv,taxs_payable,quarterly_direct,identity_q1_or_ytd_diff,
601169.XSHG,parent_balance,2018-03-31,2018q1,,2018-04-27,interest_payable,18843000000.0,finance_balance_sheet_parent_current_only.csv,interest_payable,quarterly_direct,identity_q1_or_ytd_diff,
601169.XSHG,parent_balance,2018-03-31,2018q1,,2018-04-27,estimate_liability,24000000.0,finance_balance_sheet_parent_current_only.csv,estimate_liability,quarterly_direct,identity_q1_or_ytd_diff,
601169.XSHG,parent_balance,2018-03-31,2018q1,,2018-04-27,longterm_loan,,finance_balance_sheet_parent_current_only.csv,longterm_loan,,identity_q1_or_ytd_diff,missing_raw_value
601169.XSHG,parent_balance,2018-03-31,2018q1,,2018-04-27,bonds_payable,402336000000.0,finance_balance_sheet_parent_current_only.csv,bonds_payable,quarterly_direct,identity_q1_or_ytd_diff,
601169.XSHG,parent_balance,2018-03-31,2018q1,,2018-04-27,deferred_tax_liability,,finance_balance_sheet_parent_current_only.csv,deferred_tax_liability,,identity_q1_or_ytd_diff,missing_raw_value
601169.XSHG,parent_balance,2018-03-31,2018q1,,2018-04-27,other_liability,10519000000.0,finance_balance_sheet_parent_current_only.csv,other_liability,quarterly_direct,identity_q1_or_ytd_diff,
601169.XSHG,parent_balance,2018-03-31,2018q1,,2018-04-27,total_liability,2183659000000.0,finance_balance_sheet_parent_current_only.csv,total_liability,quarterly_direct,identity_q1_or_ytd_diff,
601169.XSHG,parent_balance,2018-03-31,2018q1,,2018-04-27,paidin_capital,21143000000.0,finance_balance_sheet_parent_current_only.csv,paidin_capital,quarterly_direct,identity_q1_or_ytd_diff,
601169.XSHG,parent_balance,2018-03-31,2018q1,,2018-04-27,capital_reserve_fund,43777000000.0,finance_balance_sheet_parent_current_only.csv,capital_reserve_fund,quarterly_direct,identity_q1_or_ytd_diff,
601169.XSHG,parent_balance,2018-03-31,2018q1,,2018-04-27,treasury_stock,,finance_balance_sheet_parent_current_only.csv,treasury_stock,,identity_q1_or_ytd_diff,missing_raw_value
601169.XSHG,parent_balance,2018-03-31,2018q1,,2018-04-27,surplus_reserve_fund,13646000000.0,finance_balance_sheet_parent_current_only.csv,surplus_reserve_fund,quarterly_direct,identity_q1_or_ytd_diff,
601169.XSHG,parent_balance,2018-03-31,2018q1,,2018-04-27,equities_parent_company_owners,180835000000.0,finance_balance_sheet_parent_current_only.csv,equities_parent_company_owners,quarterly_direct,identity_q1_or_ytd_diff,
601169.XSHG,parent_balance,2018-03-31,2018q1,,2018-04-27,retained_profit,57699000000.0,finance_balance_sheet_parent_current_only.csv,retained_profit,quarterly_direct,identity_q1_or_ytd_diff,
601169.XSHG,parent_balance,2018-03-31,2018q1,,2018-04-27,minority_interests,,finance_balance_sheet_parent_current_only.csv,minority_interests,,identity_q1_or_ytd_diff,missing_raw_value
601169.XSHG,parent_balance,2018-03-31,2018q1,,2018-04-27,total_owner_equities,180835000000.0,finance_balance_sheet_parent_current_only.csv,total_owner_equities,quarterly_direct,identity_q1_or_ytd_diff,
601169.XSHG,parent_balance,2018-03-31,2018q1,,2018-04-27,other_comprehensive_income,-1446000000.0,finance_balance_sheet_parent_current_only.csv,other_comprehensive_income,quarterly_direct,identity_q1_or_ytd_diff,
601169.XSHG,parent_balance,2018-06-30,2018q2,,2018-08-30,deposit_in_ib,47525000000.0,finance_balance_sheet_parent_current_only.csv,deposit_in_ib,quarterly_direct,identity_q1_or_ytd_diff,
601169.XSHG,parent_balance,2018-06-30,2018q2,,2018-08-30,cash_equivalents,,finance_balance_sheet_parent_current_only.csv,cash_equivalents,,identity_q1_or_ytd_diff,missing_raw_value
601169.XSHG,parent_balance,2018-06-30,2018q2,,2018-08-30,deposit_client,,finance_balance_sheet_parent_current_only.csv,deposit_client,,identity_q1_or_ytd_diff,missing_raw_value
601169.XSHG,parent_balance,2018-06-30,2018q2,,2018-08-30,cash_in_cb,196726000000.0,finance_balance_sheet_parent_current_only.csv,cash_in_cb,quarterly_direct,identity_q1_or_ytd_diff,
601169.XSHG,parent_balance,2018-06-30,2018q2,,2018-08-30,settlement_provi,,finance_balance_sheet_parent_current_only.csv,settlement_provi,,identity_q1_or_ytd_diff,missing_raw_value
601169.XSHG,parent_balance,2018-06-30,2018q2,,2018-08-30,settlement_provi_client,,finance_balance_sheet_parent_current_only.csv,settlement_provi_client,,identity_q1_or_ytd_diff,missing_raw_value
601169.XSHG,parent_balance,2018-06-30,2018q2,,2018-08-30,lend_capital,67425000000.0,finance_balance_sheet_parent_current_only.csv,lend_capital,quarterly_direct,identity_q1_or_ytd_diff,
601169.XSHG,parent_balance,2018-06-30,2018q2,,2018-08-30,bought_sellback_assets,49903000000.0,finance_balance_sheet_parent_current_only.csv,bought_sellback_assets,quarterly_direct,identity_q1_or_ytd_diff,
601169.XSHG,parent_balance,2018-06-30,2018q2,,2018-08-30,interest_receivable,14369000000.0,finance_balance_sheet_parent_current_only.csv,interest_receivable,quarterly_direct,identity_q1_or_ytd_diff,
601169.XSHG,parent_balance,2018-06-30,2018q2,,2018-08-30,insurance_receivables,,finance_balance_sheet_parent_current_only.csv,insurance_receivables,,identity_q1_or_ytd_diff,missing_raw_value
601169.XSHG,parent_balance,2018-06-30,2018q2,,2018-08-30,loan_and_advance,1140079000000.0,finance_balance_sheet_parent_current_only.csv,loan_and_advance,quarterly_direct,identity_q1_or_ytd_diff,
601169.XSHG,parent_balance,2018-06-30,2018q2,,2018-08-30,advance_payment,,finance_balance_sheet_parent_current_only.csv,advance_payment,,identity_q1_or_ytd_diff,missing_raw_value
601169.XSHG,parent_balance,2018-06-30,2018q2,,2018-08-30,hold_for_sale_assets,220239000000.0,finance_balance_sheet_parent_current_only.csv,hold_for_sale_assets,quarterly_direct,identity_q1_or_ytd_diff,
601169.XSHG,parent_balance,2018-06-30,2018q2,,2018-08-30,hold_to_maturity_investments,227349000000.0,finance_balance_sheet_parent_current_only.csv,hold_to_maturity_investments,quarterly_direct,identity_q1_or_ytd_diff,
601169.XSHG,parent_balance,2018-06-30,2018q2,,2018-08-30,longterm_equity_invest,4181000000.0,finance_balance_sheet_parent_current_only.csv,longterm_equity_invest,quarterly_direct,identity_q1_or_ytd_diff,
601169.XSHG,parent_balance,2018-06-30,2018q2,,2018-08-30,investment_property,359000000.0,finance_balance_sheet_parent_current_only.csv,investment_property,quarterly_direct,identity_q1_or_ytd_diff,
601169.XSHG,parent_balance,2018-06-30,2018q2,,2018-08-30,inventories,,finance_balance_sheet_parent_current_only.csv,inventories,,identity_q1_or_ytd_diff,missing_raw_value
601169.XSHG,parent_balance,2018-06-30,2018q2,,2018-08-30,fixed_assets,13241000000.0,finance_balance_sheet_parent_current_only.csv,fixed_assets,quarterly_direct,identity_q1_or_ytd_diff,
601169.XSHG,parent_balance,2018-06-30,2018q2,,2018-08-30,constru_in_process,,finance_balance_sheet_parent_current_only.csv,constru_in_process,,identity_q1_or_ytd_diff,missing_raw_value
601169.XSHG,parent_balance,2018-06-30,2018q2,,2018-08-30,intangible_assets,560000000.0,finance_balance_sheet_parent_current_only.csv,intangible_assets,quarterly_direct,identity_q1_or_ytd_diff,
601169.XSHG,parent_balance,2018-06-30,2018q2,,2018-08-30,long_deferred_expense,,finance_balance_sheet_parent_current_only.csv,long_deferred_expense,,identity_q1_or_ytd_diff,missing_raw_value
601169.XSHG,parent_balance,2018-06-30,2018q2,,2018-08-30,deferred_tax_assets,11806000000.0,finance_balance_sheet_parent_current_only.csv,deferred_tax_assets,quarterly_direct,identity_q1_or_ytd_diff,
601169.XSHG,parent_balance,2018-06-30,2018q2,,2018-08-30,other_asset,7374000000.0,finance_balance_sheet_parent_current_only.csv,other_asset,quarterly_direct,identity_q1_or_ytd_diff,
601169.XSHG,parent_balance,2018-06-30,2018q2,,2018-08-30,total_assets,2453575000000.0,finance_balance_sheet_parent_current_only.csv,total_assets,quarterly_direct,identity_q1_or_ytd_diff,
601169.XSHG,parent_balance,2018-06-30,2018q2,,2018-08-30,borrowing_from_centralbank,53500000000.0,finance_balance_sheet_parent_current_only.csv,borrowing_from_centralbank,quarterly_direct,identity_q1_or_ytd_diff,
601169.XSHG,parent_balance,2018-06-30,2018q2,,2018-08-30,shortterm_loan,,finance_balance_sheet_parent_current_only.csv,shortterm_loan,,identity_q1_or_ytd_diff,missing_raw_value
601169.XSHG,parent_balance,2018-06-30,2018q2,,2018-08-30,borrowing_capital,49891000000.0,finance_balance_sheet_parent_current_only.csv,borrowing_capital,quarterly_direct,identity_q1_or_ytd_diff,
601169.XSHG,parent_balance,2018-06-30,2018q2,,2018-08-30,sold_buyback_secu_proceeds,15227000000.0,finance_balance_sheet_parent_current_only.csv,sold_buyback_secu_proceeds,quarterly_direct,identity_q1_or_ytd_diff,
601169.XSHG,parent_balance,2018-06-30,2018q2,,2018-08-30,proxy_secu_proceeds,,finance_balance_sheet_parent_current_only.csv,proxy_secu_proceeds,,identity_q1_or_ytd_diff,missing_raw_value
601169.XSHG,parent_balance,2018-06-30,2018q2,,2018-08-30,notes_payable,,finance_balance_sheet_parent_current_only.csv,notes_payable,,identity_q1_or_ytd_diff,missing_raw_value
601169.XSHG,parent_balance,2018-06-30,2018q2,,2018-08-30,advance_peceipts,,finance_balance_sheet_parent_current_only.csv,advance_peceipts,,identity_q1_or_ytd_diff,missing_raw_value
601169.XSHG,parent_balance,2018-06-30,2018q2,,2018-08-30,commission_payable,,finance_balance_sheet_parent_current_only.csv,commission_payable,,identity_q1_or_ytd_diff,missing_raw_value
601169.XSHG,parent_balance,2018-06-30,2018q2,,2018-08-30,salaries_payable,2655000000.0,finance_balance_sheet_parent_current_only.csv,salaries_payable,quarterly_direct,identity_q1_or_ytd_diff,
601169.XSHG,parent_balance,2018-06-30,2018q2,,2018-08-30,taxs_payable,1762000000.0,finance_balance_sheet_parent_current_only.csv,taxs_payable,quarterly_direct,identity_q1_or_ytd_diff,
601169.XSHG,parent_balance,2018-06-30,2018q2,,2018-08-30,interest_payable,19035000000.0,finance_balance_sheet_parent_current_only.csv,interest_payable,quarterly_direct,identity_q1_or_ytd_diff,
601169.XSHG,parent_balance,2018-06-30,2018q2,,2018-08-30,estimate_liability,25000000.0,finance_balance_sheet_parent_current_only.csv,estimate_liability,quarterly_direct,identity_q1_or_ytd_diff,
601169.XSHG,parent_balance,2018-06-30,2018q2,,2018-08-30,longterm_loan,,finance_balance_sheet_parent_current_only.csv,longterm_loan,,identity_q1_or_ytd_diff,missing_raw_value
601169.XSHG,parent_balance,2018-06-30,2018q2,,2018-08-30,bonds_payable,413542000000.0,finance_balance_sheet_parent_current_only.csv,bonds_payable,quarterly_direct,identity_q1_or_ytd_diff,
601169.XSHG,parent_balance,2018-06-30,2018q2,,2018-08-30,deferred_tax_liability,,finance_balance_sheet_parent_current_only.csv,deferred_tax_liability,,identity_q1_or_ytd_diff,missing_raw_value
601169.XSHG,parent_balance,2018-06-30,2018q2,,2018-08-30,other_liability,19424000000.0,finance_balance_sheet_parent_current_only.csv,other_liability,quarterly_direct,identity_q1_or_ytd_diff,
601169.XSHG,parent_balance,2018-06-30,2018q2,,2018-08-30,total_liability,2272201000000.0,finance_balance_sheet_parent_current_only.csv,total_liability,quarterly_direct,identity_q1_or_ytd_diff,
601169.XSHG,parent_balance,2018-06-30,2018q2,,2018-08-30,paidin_capital,21143000000.0,finance_balance_sheet_parent_current_only.csv,paidin_capital,quarterly_direct,identity_q1_or_ytd_diff,
601169.XSHG,parent_balance,2018-06-30,2018q2,,2018-08-30,capital_reserve_fund,43777000000.0,finance_balance_sheet_parent_current_only.csv,capital_reserve_fund,quarterly_direct,identity_q1_or_ytd_diff,
601169.XSHG,parent_balance,2018-06-30,2018q2,,2018-08-30,treasury_stock,,finance_balance_sheet_parent_current_only.csv,treasury_stock,,identity_q1_or_ytd_diff,missing_raw_value
601169.XSHG,parent_balance,2018-06-30,2018q2,,2018-08-30,surplus_reserve_fund,13646000000.0,finance_balance_sheet_parent_current_only.csv,surplus_reserve_fund,quarterly_direct,identity_q1_or_ytd_diff,
601169.XSHG,parent_balance,2018-06-30,2018q2,,2018-08-30,equities_parent_company_owners,181374000000.0,finance_balance_sheet_parent_current_only.csv,equities_parent_company_owners,quarterly_direct,identity_q1_or_ytd_diff,
601169.XSHG,parent_balance,2018-06-30,2018q2,,2018-08-30,retained_profit,57592000000.0,finance_balance_sheet_parent_current_only.csv,retained_profit,quarterly_direct,identity_q1_or_ytd_diff,
601169.XSHG,parent_balance,2018-06-30,2018q2,,2018-08-30,minority_interests,,finance_balance_sheet_parent_current_only.csv,minority_interests,,identity_q1_or_ytd_diff,missing_raw_value
601169.XSHG,parent_balance,2018-06-30,2018q2,,2018-08-30,total_owner_equities,181374000000.0,finance_balance_sheet_parent_current_only.csv,total_owner_equities,quarterly_direct,identity_q1_or_ytd_diff,
601169.XSHG,parent_balance,2018-06-30,2018q2,,2018-08-30,other_comprehensive_income,-800000000.0,finance_balance_sheet_parent_current_only.csv,other_comprehensive_income,quarterly_direct,identity_q1_or_ytd_diff,
601169.XSHG,parent_balance,2018-09-30,2018q3,,2018-10-31,deposit_in_ib,45913000000.0,finance_balance_sheet_parent_current_only.csv,deposit_in_ib,quarterly_direct,identity_q1_or_ytd_diff,
601169.XSHG,parent_balance,2018-09-30,2018q3,,2018-10-31,cash_equivalents,,finance_balance_sheet_parent_current_only.csv,cash_equivalents,,identity_q1_or_ytd_diff,missing_raw_value
601169.XSHG,parent_balance,2018-09-30,2018q3,,2018-10-31,deposit_client,,finance_balance_sheet_parent_current_only.csv,deposit_client,,identity_q1_or_ytd_diff,missing_raw_value
601169.XSHG,parent_balance,2018-09-30,2018q3,,2018-10-31,cash_in_cb,203208000000.0,finance_balance_sheet_parent_current_only.csv,cash_in_cb,quarterly_direct,identity_q1_or_ytd_diff,
601169.XSHG,parent_balance,2018-09-30,2018q3,,2018-10-31,settlement_provi,,finance_balance_sheet_parent_current_only.csv,settlement_provi,,identity_q1_or_ytd_diff,missing_raw_value
601169.XSHG,parent_balance,2018-09-30,2018q3,,2018-10-31,settlement_provi_client,,finance_balance_sheet_parent_current_only.csv,settlement_provi_client,,identity_q1_or_ytd_diff,missing_raw_value
601169.XSHG,parent_balance,2018-09-30,2018q3,,2018-10-31,lend_capital,66210000000.0,finance_balance_sheet_parent_current_only.csv,lend_capital,quarterly_direct,identity_q1_or_ytd_diff,
601169.XSHG,parent_balance,2018-09-30,2018q3,,2018-10-31,bought_sellback_assets,40447000000.0,finance_balance_sheet_parent_current_only.csv,bought_sellback_assets,quarterly_direct,identity_q1_or_ytd_diff,
601169.XSHG,parent_balance,2018-09-30,2018q3,,2018-10-31,interest_receivable,14798000000.0,finance_balance_sheet_parent_current_only.csv,interest_receivable,quarterly_direct,identity_q1_or_ytd_diff,
601169.XSHG,parent_balance,2018-09-30,2018q3,,2018-10-31,insurance_receivables,,finance_balance_sheet_parent_current_only.csv,insurance_receivables,,identity_q1_or_ytd_diff,missing_raw_value
601169.XSHG,parent_balance,2018-09-30,2018q3,,2018-10-31,loan_and_advance,1161613000000.0,finance_balance_sheet_parent_current_only.csv,loan_and_advance,quarterly_direct,identity_q1_or_ytd_diff,
601169.XSHG,parent_balance,2018-09-30,2018q3,,2018-10-31,advance_payment,,finance_balance_sheet_parent_current_only.csv,advance_payment,,identity_q1_or_ytd_diff,missing_raw_value
601169.XSHG,parent_balance,2018-09-30,2018q3,,2018-10-31,hold_for_sale_assets,233543000000.0,finance_balance_sheet_parent_current_only.csv,hold_for_sale_assets,quarterly_direct,identity_q1_or_ytd_diff,
601169.XSHG,parent_balance,2018-09-30,2018q3,,2018-10-31,hold_to_maturity_investments,236159000000.0,finance_balance_sheet_parent_current_only.csv,hold_to_maturity_investments,quarterly_direct,identity_q1_or_ytd_diff,
601169.XSHG,parent_balance,2018-09-30,2018q3,,2018-10-31,longterm_equity_invest,4208000000.0,finance_balance_sheet_parent_current_only.csv,longterm_equity_invest,quarterly_direct,identity_q1_or_ytd_diff,
601169.XSHG,parent_balance,2018-09-30,2018q3,,2018-10-31,investment_property,355000000.0,finance_balance_sheet_parent_current_only.csv,investment_property,quarterly_direct,identity_q1_or_ytd_diff,
601169.XSHG,parent_balance,2018-09-30,2018q3,,2018-10-31,inventories,,finance_balance_sheet_parent_current_only.csv,inventories,,identity_q1_or_ytd_diff,missing_raw_value
601169.XSHG,parent_balance,2018-09-30,2018q3,,2018-10-31,fixed_assets,14401000000.0,finance_balance_sheet_parent_current_only.csv,fixed_assets,quarterly_direct,identity_q1_or_ytd_diff,
601169.XSHG,parent_balance,2018-09-30,2018q3,,2018-10-31,constru_in_process,,finance_balance_sheet_parent_current_only.csv,constru_in_process,,identity_q1_or_ytd_diff,missing_raw_value
601169.XSHG,parent_balance,2018-09-30,2018q3,,2018-10-31,intangible_assets,556000000.0,finance_balance_sheet_parent_current_only.csv,intangible_assets,quarterly_direct,identity_q1_or_ytd_diff,
601169.XSHG,parent_balance,2018-09-30,2018q3,,2018-10-31,long_deferred_expense,,finance_balance_sheet_parent_current_only.csv,long_deferred_expense,,identity_q1_or_ytd_diff,missing_raw_value
601169.XSHG,parent_balance,2018-09-30,2018q3,,2018-10-31,deferred_tax_assets,12519000000.0,finance_balance_sheet_parent_current_only.csv,deferred_tax_assets,quarterly_direct,identity_q1_or_ytd_diff,
601169.XSHG,parent_balance,2018-09-30,2018q3,,2018-10-31,other_asset,47299000000.0,finance_balance_sheet_parent_current_only.csv,other_asset,quarterly_direct,identity_q1_or_ytd_diff,
601169.XSHG,parent_balance,2018-09-30,2018q3,,2018-10-31,total_assets,2495480000000.0,finance_balance_sheet_parent_current_only.csv,total_assets,quarterly_direct,identity_q1_or_ytd_diff,
601169.XSHG,parent_balance,2018-09-30,2018q3,,2018-10-31,borrowing_from_centralbank,66500000000.0,finance_balance_sheet_parent_current_only.csv,borrowing_from_centralbank,quarterly_direct,identity_q1_or_ytd_diff,
601169.XSHG,parent_balance,2018-09-30,2018q3,,2018-10-31,shortterm_loan,,finance_balance_sheet_parent_current_only.csv,shortterm_loan,,identity_q1_or_ytd_diff,missing_raw_value
601169.XSHG,parent_balance,2018-09-30,2018q3,,2018-10-31,borrowing_capital,51142000000.0,finance_balance_sheet_parent_current_only.csv,borrowing_capital,quarterly_direct,identity_q1_or_ytd_diff,
601169.XSHG,parent_balance,2018-09-30,2018q3,,2018-10-31,sold_buyback_secu_proceeds,14921000000.0,finance_balance_sheet_parent_current_only.csv,sold_buyback_secu_proceeds,quarterly_direct,identity_q1_or_ytd_diff,
601169.XSHG,parent_balance,2018-09-30,2018q3,,2018-10-31,proxy_secu_proceeds,,finance_balance_sheet_parent_current_only.csv,proxy_secu_proceeds,,identity_q1_or_ytd_diff,missing_raw_value
601169.XSHG,parent_balance,2018-09-30,2018q3,,2018-10-31,notes_payable,,finance_balance_sheet_parent_current_only.csv,notes_payable,,identity_q1_or_ytd_diff,missing_raw_value
601169.XSHG,parent_balance,2018-09-30,2018q3,,2018-10-31,advance_peceipts,,finance_balance_sheet_parent_current_only.csv,advance_peceipts,,identity_q1_or_ytd_diff,missing_raw_value
601169.XSHG,parent_balance,2018-09-30,2018q3,,2018-10-31,commission_payable,,finance_balance_sheet_parent_current_only.csv,commission_payable,,identity_q1_or_ytd_diff,missing_raw_value
601169.XSHG,parent_balance,2018-09-30,2018q3,,2018-10-31,salaries_payable,3014000000.0,finance_balance_sheet_parent_current_only.csv,salaries_payable,quarterly_direct,identity_q1_or_ytd_diff,
601169.XSHG,parent_balance,2018-09-30,2018q3,,2018-10-31,taxs_payable,2336000000.0,finance_balance_sheet_parent_current_only.csv,taxs_payable,quarterly_direct,identity_q1_or_ytd_diff,
601169.XSHG,parent_balance,2018-09-30,2018q3,,2018-10-31,interest_payable,21323000000.0,finance_balance_sheet_parent_current_only.csv,interest_payable,quarterly_direct,identity_q1_or_ytd_diff,
601169.XSHG,parent_balance,2018-09-30,2018q3,,2018-10-31,estimate_liability,24000000.0,finance_balance_sheet_parent_current_only.csv,estimate_liability,quarterly_direct,identity_q1_or_ytd_diff,
601169.XSHG,parent_balance,2018-09-30,2018q3,,2018-10-31,longterm_loan,,finance_balance_sheet_parent_current_only.csv,longterm_loan,,identity_q1_or_ytd_diff,missing_raw_value
601169.XSHG,parent_balance,2018-09-30,2018q3,,2018-10-31,bonds_payable,421602000000.0,finance_balance_sheet_parent_current_only.csv,bonds_payable,quarterly_direct,identity_q1_or_ytd_diff,
601169.XSHG,parent_balance,2018-09-30,2018q3,,2018-10-31,deferred_tax_liability,,finance_balance_sheet_parent_current_only.csv,deferred_tax_liability,,identity_q1_or_ytd_diff,missing_raw_value
601169.XSHG,parent_balance,2018-09-30,2018q3,,2018-10-31,other_liability,12662000000.0,finance_balance_sheet_parent_current_only.csv,other_liability,quarterly_direct,identity_q1_or_ytd_diff,
601169.XSHG,parent_balance,2018-09-30,2018q3,,2018-10-31,total_liability,2308689000000.0,finance_balance_sheet_parent_current_only.csv,total_liability,quarterly_direct,identity_q1_or_ytd_diff,
601169.XSHG,parent_balance,2018-09-30,2018q3,,2018-10-31,paidin_capital,21143000000.0,finance_balance_sheet_parent_current_only.csv,paidin_capital,quarterly_direct,identity_q1_or_ytd_diff,
601169.XSHG,parent_balance,2018-09-30,2018q3,,2018-10-31,capital_reserve_fund,43777000000.0,finance_balance_sheet_parent_current_only.csv,capital_reserve_fund,quarterly_direct,identity_q1_or_ytd_diff,
601169.XSHG,parent_balance,2018-09-30,2018q3,,2018-10-31,treasury_stock,,finance_balance_sheet_parent_current_only.csv,treasury_stock,,identity_q1_or_ytd_diff,missing_raw_value
601169.XSHG,parent_balance,2018-09-30,2018q3,,2018-10-31,surplus_reserve_fund,13646000000.0,finance_balance_sheet_parent_current_only.csv,surplus_reserve_fund,quarterly_direct,identity_q1_or_ytd_diff,
601169.XSHG,parent_balance,2018-09-30,2018q3,,2018-10-31,equities_parent_company_owners,186791000000.0,finance_balance_sheet_parent_current_only.csv,equities_parent_company_owners,quarterly_direct,identity_q1_or_ytd_diff,
601169.XSHG,parent_balance,2018-09-30,2018q3,,2018-10-31,retained_profit,62358000000.0,finance_balance_sheet_parent_current_only.csv,retained_profit,quarterly_direct,identity_q1_or_ytd_diff,
601169.XSHG,parent_balance,2018-09-30,2018q3,,2018-10-31,minority_interests,,finance_balance_sheet_parent_current_only.csv,minority_interests,,identity_q1_or_ytd_diff,missing_raw_value
601169.XSHG,parent_balance,2018-09-30,2018q3,,2018-10-31,total_owner_equities,186791000000.0,finance_balance_sheet_parent_current_only.csv,total_owner_equities,quarterly_direct,identity_q1_or_ytd_diff,
601169.XSHG,parent_balance,2018-09-30,2018q3,,2018-10-31,other_comprehensive_income,-149000000.0,finance_balance_sheet_parent_current_only.csv,other_comprehensive_income,quarterly_direct,identity_q1_or_ytd_diff,
601169.XSHG,parent_balance,2018-12-31,2018q4,,2019-04-25,deposit_in_ib,41238000000.0,finance_balance_sheet_parent_current_only.csv,deposit_in_ib,quarterly_direct,identity_q1_or_ytd_diff,
601169.XSHG,parent_balance,2018-12-31,2018q4,,2019-04-25,cash_equivalents,,finance_balance_sheet_parent_current_only.csv,cash_equivalents,,identity_q1_or_ytd_diff,missing_raw_value
601169.XSHG,parent_balance,2018-12-31,2018q4,,2019-04-25,deposit_client,,finance_balance_sheet_parent_current_only.csv,deposit_client,,identity_q1_or_ytd_diff,missing_raw_value
601169.XSHG,parent_balance,2018-12-31,2018q4,,2019-04-25,cash_in_cb,214632000000.0,finance_balance_sheet_parent_current_only.csv,cash_in_cb,quarterly_direct,identity_q1_or_ytd_diff,
601169.XSHG,parent_balance,2018-12-31,2018q4,,2019-04-25,settlement_provi,,finance_balance_sheet_parent_current_only.csv,settlement_provi,,identity_q1_or_ytd_diff,missing_raw_value
601169.XSHG,parent_balance,2018-12-31,2018q4,,2019-04-25,settlement_provi_client,,finance_balance_sheet_parent_current_only.csv,settlement_provi_client,,identity_q1_or_ytd_diff,missing_raw_value
601169.XSHG,parent_balance,2018-12-31,2018q4,,2019-04-25,lend_capital,74887000000.0,finance_balance_sheet_parent_current_only.csv,lend_capital,quarterly_direct,identity_q1_or_ytd_diff,
601169.XSHG,parent_balance,2018-12-31,2018q4,,2019-04-25,bought_sellback_assets,40605000000.0,finance_balance_sheet_parent_current_only.csv,bought_sellback_assets,quarterly_direct,identity_q1_or_ytd_diff,
601169.XSHG,parent_balance,2018-12-31,2018q4,,2019-04-25,interest_receivable,16473000000.0,finance_balance_sheet_parent_current_only.csv,interest_receivable,quarterly_direct,identity_q1_or_ytd_diff,
601169.XSHG,parent_balance,2018-12-31,2018q4,,2019-04-25,insurance_receivables,,finance_balance_sheet_parent_current_only.csv,insurance_receivables,,identity_q1_or_ytd_diff,missing_raw_value
601169.XSHG,parent_balance,2018-12-31,2018q4,,2019-04-25,loan_and_advance,1179921000000.0,finance_balance_sheet_parent_current_only.csv,loan_and_advance,quarterly_direct,identity_q1_or_ytd_diff,
601169.XSHG,parent_balance,2018-12-31,2018q4,,2019-04-25,advance_payment,,finance_balance_sheet_parent_current_only.csv,advance_payment,,identity_q1_or_ytd_diff,missing_raw_value
601169.XSHG,parent_balance,2018-12-31,2018q4,,2019-04-25,hold_for_sale_assets,233697000000.0,finance_balance_sheet_parent_current_only.csv,hold_for_sale_assets,quarterly_direct,identity_q1_or_ytd_diff,
601169.XSHG,parent_balance,2018-12-31,2018q4,,2019-04-25,hold_to_maturity_investments,228581000000.0,finance_balance_sheet_parent_current_only.csv,hold_to_maturity_investments,quarterly_direct,identity_q1_or_ytd_diff,
601169.XSHG,parent_balance,2018-12-31,2018q4,,2019-04-25,longterm_equity_invest,4531000000.0,finance_balance_sheet_parent_current_only.csv,longterm_equity_invest,quarterly_direct,identity_q1_or_ytd_diff,
601169.XSHG,parent_balance,2018-12-31,2018q4,,2019-04-25,investment_property,388000000.0,finance_balance_sheet_parent_current_only.csv,investment_property,quarterly_direct,identity_q1_or_ytd_diff,
601169.XSHG,parent_balance,2018-12-31,2018q4,,2019-04-25,inventories,,finance_balance_sheet_parent_current_only.csv,inventories,,identity_q1_or_ytd_diff,missing_raw_value
601169.XSHG,parent_balance,2018-12-31,2018q4,,2019-04-25,fixed_assets,15779000000.0,finance_balance_sheet_parent_current_only.csv,fixed_assets,quarterly_direct,identity_q1_or_ytd_diff,
601169.XSHG,parent_balance,2018-12-31,2018q4,,2019-04-25,constru_in_process,,finance_balance_sheet_parent_current_only.csv,constru_in_process,,identity_q1_or_ytd_diff,missing_raw_value
601169.XSHG,parent_balance,2018-12-31,2018q4,,2019-04-25,intangible_assets,552000000.0,finance_balance_sheet_parent_current_only.csv,intangible_assets,quarterly_direct,identity_q1_or_ytd_diff,
601169.XSHG,parent_balance,2018-12-31,2018q4,,2019-04-25,long_deferred_expense,,finance_balance_sheet_parent_current_only.csv,long_deferred_expense,,identity_q1_or_ytd_diff,missing_raw_value
601169.XSHG,parent_balance,2018-12-31,2018q4,,2019-04-25,deferred_tax_assets,12724000000.0,finance_balance_sheet_parent_current_only.csv,deferred_tax_assets,quarterly_direct,identity_q1_or_ytd_diff,
601169.XSHG,parent_balance,2018-12-31,2018q4,,2019-04-25,other_asset,6210000000.0,finance_balance_sheet_parent_current_only.csv,other_asset,quarterly_direct,identity_q1_or_ytd_diff,
601169.XSHG,parent_balance,2018-12-31,2018q4,,2019-04-25,total_assets,2536900000000.0,finance_balance_sheet_parent_current_only.csv,total_assets,quarterly_direct,identity_q1_or_ytd_diff,
601169.XSHG,parent_balance,2018-12-31,2018q4,,2019-04-25,borrowing_from_centralbank,64092000000.0,finance_balance_sheet_parent_current_only.csv,borrowing_from_centralbank,quarterly_direct,identity_q1_or_ytd_diff,
601169.XSHG,parent_balance,2018-12-31,2018q4,,2019-04-25,shortterm_loan,,finance_balance_sheet_parent_current_only.csv,shortterm_loan,,identity_q1_or_ytd_diff,missing_raw_value
601169.XSHG,parent_balance,2018-12-31,2018q4,,2019-04-25,borrowing_capital,68552000000.0,finance_balance_sheet_parent_current_only.csv,borrowing_capital,quarterly_direct,identity_q1_or_ytd_diff,
601169.XSHG,parent_balance,2018-12-31,2018q4,,2019-04-25,sold_buyback_secu_proceeds,21334000000.0,finance_balance_sheet_parent_current_only.csv,sold_buyback_secu_proceeds,quarterly_direct,identity_q1_or_ytd_diff,
601169.XSHG,parent_balance,2018-12-31,2018q4,,2019-04-25,proxy_secu_proceeds,,finance_balance_sheet_parent_current_only.csv,proxy_secu_proceeds,,identity_q1_or_ytd_diff,missing_raw_value
601169.XSHG,parent_balance,2018-12-31,2018q4,,2019-04-25,notes_payable,,finance_balance_sheet_parent_current_only.csv,notes_payable,,identity_q1_or_ytd_diff,missing_raw_value
601169.XSHG,parent_balance,2018-12-31,2018q4,,2019-04-25,advance_peceipts,,finance_balance_sheet_parent_current_only.csv,advance_peceipts,,identity_q1_or_ytd_diff,missing_raw_value
601169.XSHG,parent_balance,2018-12-31,2018q4,,2019-04-25,commission_payable,,finance_balance_sheet_parent_current_only.csv,commission_payable,,identity_q1_or_ytd_diff,missing_raw_value
601169.XSHG,parent_balance,2018-12-31,2018q4,,2019-04-25,salaries_payable,2898000000.0,finance_balance_sheet_parent_current_only.csv,salaries_payable,quarterly_direct,identity_q1_or_ytd_diff,
601169.XSHG,parent_balance,2018-12-31,2018q4,,2019-04-25,taxs_payable,2115000000.0,finance_balance_sheet_parent_current_only.csv,taxs_payable,quarterly_direct,identity_q1_or_ytd_diff,
601169.XSHG,parent_balance,2018-12-31,2018q4,,2019-04-25,interest_payable,20590000000.0,finance_balance_sheet_parent_current_only.csv,interest_payable,quarterly_direct,identity_q1_or_ytd_diff,
601169.XSHG,parent_balance,2018-12-31,2018q4,,2019-04-25,estimate_liability,24000000.0,finance_balance_sheet_parent_current_only.csv,estimate_liability,quarterly_direct,identity_q1_or_ytd_diff,
601169.XSHG,parent_balance,2018-12-31,2018q4,,2019-04-25,longterm_loan,,finance_balance_sheet_parent_current_only.csv,longterm_loan,,identity_q1_or_ytd_diff,missing_raw_value
601169.XSHG,parent_balance,2018-12-31,2018q4,,2019-04-25,bonds_payable,403102000000.0,finance_balance_sheet_parent_current_only.csv,bonds_payable,quarterly_direct,identity_q1_or_ytd_diff,
601169.XSHG,parent_balance,2018-12-31,2018q4,,2019-04-25,deferred_tax_liability,,finance_balance_sheet_parent_current_only.csv,deferred_tax_liability,,identity_q1_or_ytd_diff,missing_raw_value
601169.XSHG,parent_balance,2018-12-31,2018q4,,2019-04-25,other_liability,17190000000.0,finance_balance_sheet_parent_current_only.csv,other_liability,quarterly_direct,identity_q1_or_ytd_diff,
601169.XSHG,parent_balance,2018-12-31,2018q4,,2019-04-25,total_liability,2345102000000.0,finance_balance_sheet_parent_current_only.csv,total_liability,quarterly_direct,identity_q1_or_ytd_diff,
601169.XSHG,parent_balance,2018-12-31,2018q4,,2019-04-25,paidin_capital,21143000000.0,finance_balance_sheet_parent_current_only.csv,paidin_capital,quarterly_direct,identity_q1_or_ytd_diff,
601169.XSHG,parent_balance,2018-12-31,2018q4,,2019-04-25,capital_reserve_fund,43777000000.0,finance_balance_sheet_parent_current_only.csv,capital_reserve_fund,quarterly_direct,identity_q1_or_ytd_diff,
601169.XSHG,parent_balance,2018-12-31,2018q4,,2019-04-25,treasury_stock,,finance_balance_sheet_parent_current_only.csv,treasury_stock,,identity_q1_or_ytd_diff,missing_raw_value
601169.XSHG,parent_balance,2018-12-31,2018q4,,2019-04-25,surplus_reserve_fund,15637000000.0,finance_balance_sheet_parent_current_only.csv,surplus_reserve_fund,quarterly_direct,identity_q1_or_ytd_diff,
601169.XSHG,parent_balance,2018-12-31,2018q4,,2019-04-25,equities_parent_company_owners,191798000000.0,finance_balance_sheet_parent_current_only.csv,equities_parent_company_owners,quarterly_direct,identity_q1_or_ytd_diff,
601169.XSHG,parent_balance,2018-12-31,2018q4,,2019-04-25,retained_profit,61362000000.0,finance_balance_sheet_parent_current_only.csv,retained_profit,quarterly_direct,identity_q1_or_ytd_diff,
601169.XSHG,parent_balance,2018-12-31,2018q4,,2019-04-25,minority_interests,,finance_balance_sheet_parent_current_only.csv,minority_interests,,identity_q1_or_ytd_diff,missing_raw_value
601169.XSHG,parent_balance,2018-12-31,2018q4,,2019-04-25,total_owner_equities,191798000000.0,finance_balance_sheet_parent_current_only.csv,total_owner_equities,quarterly_direct,identity_q1_or_ytd_diff,
601169.XSHG,parent_balance,2018-12-31,2018q4,,2019-04-25,other_comprehensive_income,1653000000.0,finance_balance_sheet_parent_current_only.csv,other_comprehensive_income,quarterly_direct,identity_q1_or_ytd_diff,
601169.XSHG,parent_balance,2019-03-31,2019q1,,2019-04-25,deposit_in_ib,45434000000.0,finance_balance_sheet_parent_current_only.csv,deposit_in_ib,quarterly_direct,identity_q1_or_ytd_diff,
601169.XSHG,parent_balance,2019-03-31,2019q1,,2019-04-25,cash_equivalents,,finance_balance_sheet_parent_current_only.csv,cash_equivalents,,identity_q1_or_ytd_diff,missing_raw_value
601169.XSHG,parent_balance,2019-03-31,2019q1,,2019-04-25,deposit_client,,finance_balance_sheet_parent_current_only.csv,deposit_client,,identity_q1_or_ytd_diff,missing_raw_value
601169.XSHG,parent_balance,2019-03-31,2019q1,,2019-04-25,cash_in_cb,174441000000.0,finance_balance_sheet_parent_current_only.csv,cash_in_cb,quarterly_direct,identity_q1_or_ytd_diff,
601169.XSHG,parent_balance,2019-03-31,2019q1,,2019-04-25,settlement_provi,,finance_balance_sheet_parent_current_only.csv,settlement_provi,,identity_q1_or_ytd_diff,missing_raw_value
601169.XSHG,parent_balance,2019-03-31,2019q1,,2019-04-25,settlement_provi_client,,finance_balance_sheet_parent_current_only.csv,settlement_provi_client,,identity_q1_or_ytd_diff,missing_raw_value
601169.XSHG,parent_balance,2019-03-31,2019q1,,2019-04-25,lend_capital,76763000000.0,finance_balance_sheet_parent_current_only.csv,lend_capital,quarterly_direct,identity_q1_or_ytd_diff,
601169.XSHG,parent_balance,2019-03-31,2019q1,,2019-04-25,bought_sellback_assets,63573000000.0,finance_balance_sheet_parent_current_only.csv,bought_sellback_assets,quarterly_direct,identity_q1_or_ytd_diff,
601169.XSHG,parent_balance,2019-03-31,2019q1,,2019-04-25,interest_receivable,,finance_balance_sheet_parent_current_only.csv,interest_receivable,,identity_q1_or_ytd_diff,missing_raw_value
601169.XSHG,parent_balance,2019-03-31,2019q1,,2019-04-25,insurance_receivables,,finance_balance_sheet_parent_current_only.csv,insurance_receivables,,identity_q1_or_ytd_diff,missing_raw_value
601169.XSHG,parent_balance,2019-03-31,2019q1,,2019-04-25,loan_and_advance,1247155000000.0,finance_balance_sheet_parent_current_only.csv,loan_and_advance,quarterly_direct,identity_q1_or_ytd_diff,
601169.XSHG,parent_balance,2019-03-31,2019q1,,2019-04-25,advance_payment,,finance_balance_sheet_parent_current_only.csv,advance_payment,,identity_q1_or_ytd_diff,missing_raw_value
601169.XSHG,parent_balance,2019-03-31,2019q1,,2019-04-25,hold_for_sale_assets,,finance_balance_sheet_parent_current_only.csv,hold_for_sale_assets,,identity_q1_or_ytd_diff,missing_raw_value
601169.XSHG,parent_balance,2019-03-31,2019q1,,2019-04-25,hold_to_maturity_investments,,finance_balance_sheet_parent_current_only.csv,hold_to_maturity_investments,,identity_q1_or_ytd_diff,missing_raw_value
601169.XSHG,parent_balance,2019-03-31,2019q1,,2019-04-25,longterm_equity_invest,4718000000.0,finance_balance_sheet_parent_current_only.csv,longterm_equity_invest,quarterly_direct,identity_q1_or_ytd_diff,
601169.XSHG,parent_balance,2019-03-31,2019q1,,2019-04-25,investment_property,383000000.0,finance_balance_sheet_parent_current_only.csv,investment_property,quarterly_direct,identity_q1_or_ytd_diff,
601169.XSHG,parent_balance,2019-03-31,2019q1,,2019-04-25,inventories,,finance_balance_sheet_parent_current_only.csv,inventories,,identity_q1_or_ytd_diff,missing_raw_value
601169.XSHG,parent_balance,2019-03-31,2019q1,,2019-04-25,fixed_assets,16329000000.0,finance_balance_sheet_parent_current_only.csv,fixed_assets,quarterly_direct,identity_q1_or_ytd_diff,
601169.XSHG,parent_balance,2019-03-31,2019q1,,2019-04-25,constru_in_process,,finance_balance_sheet_parent_current_only.csv,constru_in_process,,identity_q1_or_ytd_diff,missing_raw_value
601169.XSHG,parent_balance,2019-03-31,2019q1,,2019-04-25,intangible_assets,548000000.0,finance_balance_sheet_parent_current_only.csv,intangible_assets,quarterly_direct,identity_q1_or_ytd_diff,
601169.XSHG,parent_balance,2019-03-31,2019q1,,2019-04-25,long_deferred_expense,,finance_balance_sheet_parent_current_only.csv,long_deferred_expense,,identity_q1_or_ytd_diff,missing_raw_value
601169.XSHG,parent_balance,2019-03-31,2019q1,,2019-04-25,deferred_tax_assets,14437000000.0,finance_balance_sheet_parent_current_only.csv,deferred_tax_assets,quarterly_direct,identity_q1_or_ytd_diff,
601169.XSHG,parent_balance,2019-03-31,2019q1,,2019-04-25,other_asset,814888000000.0,finance_balance_sheet_parent_current_only.csv,other_asset,quarterly_direct,identity_q1_or_ytd_diff,
601169.XSHG,parent_balance,2019-03-31,2019q1,,2019-04-25,total_assets,2599723000000.0,finance_balance_sheet_parent_current_only.csv,total_assets,quarterly_direct,identity_q1_or_ytd_diff,
601169.XSHG,parent_balance,2019-03-31,2019q1,,2019-04-25,borrowing_from_centralbank,55614000000.0,finance_balance_sheet_parent_current_only.csv,borrowing_from_centralbank,quarterly_direct,identity_q1_or_ytd_diff,
601169.XSHG,parent_balance,2019-03-31,2019q1,,2019-04-25,shortterm_loan,,finance_balance_sheet_parent_current_only.csv,shortterm_loan,,identity_q1_or_ytd_diff,missing_raw_value
601169.XSHG,parent_balance,2019-03-31,2019q1,,2019-04-25,borrowing_capital,63973000000.0,finance_balance_sheet_parent_current_only.csv,borrowing_capital,quarterly_direct,identity_q1_or_ytd_diff,
601169.XSHG,parent_balance,2019-03-31,2019q1,,2019-04-25,sold_buyback_secu_proceeds,8941000000.0,finance_balance_sheet_parent_current_only.csv,sold_buyback_secu_proceeds,quarterly_direct,identity_q1_or_ytd_diff,
601169.XSHG,parent_balance,2019-03-31,2019q1,,2019-04-25,proxy_secu_proceeds,,finance_balance_sheet_parent_current_only.csv,proxy_secu_proceeds,,identity_q1_or_ytd_diff,missing_raw_value
601169.XSHG,parent_balance,2019-03-31,2019q1,,2019-04-25,notes_payable,,finance_balance_sheet_parent_current_only.csv,notes_payable,,identity_q1_or_ytd_diff,missing_raw_value
601169.XSHG,parent_balance,2019-03-31,2019q1,,2019-04-25,advance_peceipts,,finance_balance_sheet_parent_current_only.csv,advance_peceipts,,identity_q1_or_ytd_diff,missing_raw_value
601169.XSHG,parent_balance,2019-03-31,2019q1,,2019-04-25,commission_payable,,finance_balance_sheet_parent_current_only.csv,commission_payable,,identity_q1_or_ytd_diff,missing_raw_value
601169.XSHG,parent_balance,2019-03-31,2019q1,,2019-04-25,salaries_payable,2928000000.0,finance_balance_sheet_parent_current_only.csv,salaries_payable,quarterly_direct,identity_q1_or_ytd_diff,
601169.XSHG,parent_balance,2019-03-31,2019q1,,2019-04-25,taxs_payable,2951000000.0,finance_balance_sheet_parent_current_only.csv,taxs_payable,quarterly_direct,identity_q1_or_ytd_diff,
601169.XSHG,parent_balance,2019-03-31,2019q1,,2019-04-25,interest_payable,,finance_balance_sheet_parent_current_only.csv,interest_payable,,identity_q1_or_ytd_diff,missing_raw_value
601169.XSHG,parent_balance,2019-03-31,2019q1,,2019-04-25,estimate_liability,4678000000.0,finance_balance_sheet_parent_current_only.csv,estimate_liability,quarterly_direct,identity_q1_or_ytd_diff,
601169.XSHG,parent_balance,2019-03-31,2019q1,,2019-04-25,longterm_loan,,finance_balance_sheet_parent_current_only.csv,longterm_loan,,identity_q1_or_ytd_diff,missing_raw_value
601169.XSHG,parent_balance,2019-03-31,2019q1,,2019-04-25,bonds_payable,391396000000.0,finance_balance_sheet_parent_current_only.csv,bonds_payable,quarterly_direct,identity_q1_or_ytd_diff,
601169.XSHG,parent_balance,2019-03-31,2019q1,,2019-04-25,deferred_tax_liability,,finance_balance_sheet_parent_current_only.csv,deferred_tax_liability,,identity_q1_or_ytd_diff,missing_raw_value
601169.XSHG,parent_balance,2019-03-31,2019q1,,2019-04-25,other_liability,17329000000.0,finance_balance_sheet_parent_current_only.csv,other_liability,quarterly_direct,identity_q1_or_ytd_diff,
601169.XSHG,parent_balance,2019-03-31,2019q1,,2019-04-25,total_liability,2402791000000.0,finance_balance_sheet_parent_current_only.csv,total_liability,quarterly_direct,identity_q1_or_ytd_diff,
601169.XSHG,parent_balance,2019-03-31,2019q1,,2019-04-25,paidin_capital,21143000000.0,finance_balance_sheet_parent_current_only.csv,paidin_capital,quarterly_direct,identity_q1_or_ytd_diff,
601169.XSHG,parent_balance,2019-03-31,2019q1,,2019-04-25,capital_reserve_fund,43777000000.0,finance_balance_sheet_parent_current_only.csv,capital_reserve_fund,quarterly_direct,identity_q1_or_ytd_diff,
601169.XSHG,parent_balance,2019-03-31,2019q1,,2019-04-25,treasury_stock,,finance_balance_sheet_parent_current_only.csv,treasury_stock,,identity_q1_or_ytd_diff,missing_raw_value
601169.XSHG,parent_balance,2019-03-31,2019q1,,2019-04-25,surplus_reserve_fund,15637000000.0,finance_balance_sheet_parent_current_only.csv,surplus_reserve_fund,quarterly_direct,identity_q1_or_ytd_diff,
601169.XSHG,parent_balance,2019-03-31,2019q1,,2019-04-25,equities_parent_company_owners,196932000000.0,finance_balance_sheet_parent_current_only.csv,equities_parent_company_owners,quarterly_direct,identity_q1_or_ytd_diff,
601169.XSHG,parent_balance,2019-03-31,2019q1,,2019-04-25,retained_profit,65949000000.0,finance_balance_sheet_parent_current_only.csv,retained_profit,quarterly_direct,identity_q1_or_ytd_diff,
601169.XSHG,parent_balance,2019-03-31,2019q1,,2019-04-25,minority_interests,,finance_balance_sheet_parent_current_only.csv,minority_interests,,identity_q1_or_ytd_diff,missing_raw_value
601169.XSHG,parent_balance,2019-03-31,2019q1,,2019-04-25,total_owner_equities,196932000000.0,finance_balance_sheet_parent_current_only.csv,total_owner_equities,quarterly_direct,identity_q1_or_ytd_diff,
601169.XSHG,parent_balance,2019-03-31,2019q1,,2019-04-25,other_comprehensive_income,2200000000.0,finance_balance_sheet_parent_current_only.csv,other_comprehensive_income,quarterly_direct,identity_q1_or_ytd_diff,
601169.XSHG,parent_balance,2019-06-30,2019q2,,2019-08-28,deposit_in_ib,41650000000.0,finance_balance_sheet_parent_current_only.csv,deposit_in_ib,quarterly_direct,identity_q1_or_ytd_diff,
601169.XSHG,parent_balance,2019-06-30,2019q2,,2019-08-28,cash_equivalents,,finance_balance_sheet_parent_current_only.csv,cash_equivalents,,identity_q1_or_ytd_diff,missing_raw_value
601169.XSHG,parent_balance,2019-06-30,2019q2,,2019-08-28,deposit_client,,finance_balance_sheet_parent_current_only.csv,deposit_client,,identity_q1_or_ytd_diff,missing_raw_value
601169.XSHG,parent_balance,2019-06-30,2019q2,,2019-08-28,cash_in_cb,182072000000.0,finance_balance_sheet_parent_current_only.csv,cash_in_cb,quarterly_direct,identity_q1_or_ytd_diff,
601169.XSHG,parent_balance,2019-06-30,2019q2,,2019-08-28,settlement_provi,,finance_balance_sheet_parent_current_only.csv,settlement_provi,,identity_q1_or_ytd_diff,missing_raw_value
601169.XSHG,parent_balance,2019-06-30,2019q2,,2019-08-28,settlement_provi_client,,finance_balance_sheet_parent_current_only.csv,settlement_provi_client,,identity_q1_or_ytd_diff,missing_raw_value
601169.XSHG,parent_balance,2019-06-30,2019q2,,2019-08-28,lend_capital,62426000000.0,finance_balance_sheet_parent_current_only.csv,lend_capital,quarterly_direct,identity_q1_or_ytd_diff,
601169.XSHG,parent_balance,2019-06-30,2019q2,,2019-08-28,bought_sellback_assets,70505000000.0,finance_balance_sheet_parent_current_only.csv,bought_sellback_assets,quarterly_direct,identity_q1_or_ytd_diff,
601169.XSHG,parent_balance,2019-06-30,2019q2,,2019-08-28,interest_receivable,,finance_balance_sheet_parent_current_only.csv,interest_receivable,,identity_q1_or_ytd_diff,missing_raw_value
601169.XSHG,parent_balance,2019-06-30,2019q2,,2019-08-28,insurance_receivables,,finance_balance_sheet_parent_current_only.csv,insurance_receivables,,identity_q1_or_ytd_diff,missing_raw_value
601169.XSHG,parent_balance,2019-06-30,2019q2,,2019-08-28,loan_and_advance,1278785000000.0,finance_balance_sheet_parent_current_only.csv,loan_and_advance,quarterly_direct,identity_q1_or_ytd_diff,
601169.XSHG,parent_balance,2019-06-30,2019q2,,2019-08-28,advance_payment,,finance_balance_sheet_parent_current_only.csv,advance_payment,,identity_q1_or_ytd_diff,missing_raw_value
601169.XSHG,parent_balance,2019-06-30,2019q2,,2019-08-28,hold_for_sale_assets,,finance_balance_sheet_parent_current_only.csv,hold_for_sale_assets,,identity_q1_or_ytd_diff,missing_raw_value
601169.XSHG,parent_balance,2019-06-30,2019q2,,2019-08-28,hold_to_maturity_investments,,finance_balance_sheet_parent_current_only.csv,hold_to_maturity_investments,,identity_q1_or_ytd_diff,missing_raw_value
601169.XSHG,parent_balance,2019-06-30,2019q2,,2019-08-28,longterm_equity_invest,4744000000.0,finance_balance_sheet_parent_current_only.csv,longterm_equity_invest,quarterly_direct,identity_q1_or_ytd_diff,
601169.XSHG,parent_balance,2019-06-30,2019q2,,2019-08-28,investment_property,379000000.0,finance_balance_sheet_parent_current_only.csv,investment_property,quarterly_direct,identity_q1_or_ytd_diff,
601169.XSHG,parent_balance,2019-06-30,2019q2,,2019-08-28,inventories,,finance_balance_sheet_parent_current_only.csv,inventories,,identity_q1_or_ytd_diff,missing_raw_value
601169.XSHG,parent_balance,2019-06-30,2019q2,,2019-08-28,fixed_assets,16620000000.0,finance_balance_sheet_parent_current_only.csv,fixed_assets,quarterly_direct,identity_q1_or_ytd_diff,
601169.XSHG,parent_balance,2019-06-30,2019q2,,2019-08-28,constru_in_process,,finance_balance_sheet_parent_current_only.csv,constru_in_process,,identity_q1_or_ytd_diff,missing_raw_value
601169.XSHG,parent_balance,2019-06-30,2019q2,,2019-08-28,intangible_assets,544000000.0,finance_balance_sheet_parent_current_only.csv,intangible_assets,quarterly_direct,identity_q1_or_ytd_diff,
601169.XSHG,parent_balance,2019-06-30,2019q2,,2019-08-28,long_deferred_expense,,finance_balance_sheet_parent_current_only.csv,long_deferred_expense,,identity_q1_or_ytd_diff,missing_raw_value
601169.XSHG,parent_balance,2019-06-30,2019q2,,2019-08-28,deferred_tax_assets,15271000000.0,finance_balance_sheet_parent_current_only.csv,deferred_tax_assets,quarterly_direct,identity_q1_or_ytd_diff,
601169.XSHG,parent_balance,2019-06-30,2019q2,,2019-08-28,other_asset,10162000000.0,finance_balance_sheet_parent_current_only.csv,other_asset,quarterly_direct,identity_q1_or_ytd_diff,
601169.XSHG,parent_balance,2019-06-30,2019q2,,2019-08-28,total_assets,2631617000000.0,finance_balance_sheet_parent_current_only.csv,total_assets,quarterly_direct,identity_q1_or_ytd_diff,
601169.XSHG,parent_balance,2019-06-30,2019q2,,2019-08-28,borrowing_from_centralbank,73019000000.0,finance_balance_sheet_parent_current_only.csv,borrowing_from_centralbank,quarterly_direct,identity_q1_or_ytd_diff,
601169.XSHG,parent_balance,2019-06-30,2019q2,,2019-08-28,shortterm_loan,,finance_balance_sheet_parent_current_only.csv,shortterm_loan,,identity_q1_or_ytd_diff,missing_raw_value
601169.XSHG,parent_balance,2019-06-30,2019q2,,2019-08-28,borrowing_capital,54872000000.0,finance_balance_sheet_parent_current_only.csv,borrowing_capital,quarterly_direct,identity_q1_or_ytd_diff,
601169.XSHG,parent_balance,2019-06-30,2019q2,,2019-08-28,sold_buyback_secu_proceeds,14322000000.0,finance_balance_sheet_parent_current_only.csv,sold_buyback_secu_proceeds,quarterly_direct,identity_q1_or_ytd_diff,
601169.XSHG,parent_balance,2019-06-30,2019q2,,2019-08-28,proxy_secu_proceeds,,finance_balance_sheet_parent_current_only.csv,proxy_secu_proceeds,,identity_q1_or_ytd_diff,missing_raw_value
601169.XSHG,parent_balance,2019-06-30,2019q2,,2019-08-28,notes_payable,,finance_balance_sheet_parent_current_only.csv,notes_payable,,identity_q1_or_ytd_diff,missing_raw_value
601169.XSHG,parent_balance,2019-06-30,2019q2,,2019-08-28,advance_peceipts,,finance_balance_sheet_parent_current_only.csv,advance_peceipts,,identity_q1_or_ytd_diff,missing_raw_value
601169.XSHG,parent_balance,2019-06-30,2019q2,,2019-08-28,commission_payable,,finance_balance_sheet_parent_current_only.csv,commission_payable,,identity_q1_or_ytd_diff,missing_raw_value
601169.XSHG,parent_balance,2019-06-30,2019q2,,2019-08-28,salaries_payable,3057000000.0,finance_balance_sheet_parent_current_only.csv,salaries_payable,quarterly_direct,identity_q1_or_ytd_diff,
601169.XSHG,parent_balance,2019-06-30,2019q2,,2019-08-28,taxs_payable,2882000000.0,finance_balance_sheet_parent_current_only.csv,taxs_payable,quarterly_direct,identity_q1_or_ytd_diff,
601169.XSHG,parent_balance,2019-06-30,2019q2,,2019-08-28,interest_payable,,finance_balance_sheet_parent_current_only.csv,interest_payable,,identity_q1_or_ytd_diff,missing_raw_value
601169.XSHG,parent_balance,2019-06-30,2019q2,,2019-08-28,estimate_liability,5024000000.0,finance_balance_sheet_parent_current_only.csv,estimate_liability,quarterly_direct,identity_q1_or_ytd_diff,
601169.XSHG,parent_balance,2019-06-30,2019q2,,2019-08-28,longterm_loan,,finance_balance_sheet_parent_current_only.csv,longterm_loan,,identity_q1_or_ytd_diff,missing_raw_value
601169.XSHG,parent_balance,2019-06-30,2019q2,,2019-08-28,bonds_payable,377578000000.0,finance_balance_sheet_parent_current_only.csv,bonds_payable,quarterly_direct,identity_q1_or_ytd_diff,
601169.XSHG,parent_balance,2019-06-30,2019q2,,2019-08-28,deferred_tax_liability,,finance_balance_sheet_parent_current_only.csv,deferred_tax_liability,,identity_q1_or_ytd_diff,missing_raw_value
601169.XSHG,parent_balance,2019-06-30,2019q2,,2019-08-28,other_liability,23208000000.0,finance_balance_sheet_parent_current_only.csv,other_liability,quarterly_direct,identity_q1_or_ytd_diff,
601169.XSHG,parent_balance,2019-06-30,2019q2,,2019-08-28,total_liability,2434642000000.0,finance_balance_sheet_parent_current_only.csv,total_liability,quarterly_direct,identity_q1_or_ytd_diff,
601169.XSHG,parent_balance,2019-06-30,2019q2,,2019-08-28,paidin_capital,21143000000.0,finance_balance_sheet_parent_current_only.csv,paidin_capital,quarterly_direct,identity_q1_or_ytd_diff,
601169.XSHG,parent_balance,2019-06-30,2019q2,,2019-08-28,capital_reserve_fund,43777000000.0,finance_balance_sheet_parent_current_only.csv,capital_reserve_fund,quarterly_direct,identity_q1_or_ytd_diff,
601169.XSHG,parent_balance,2019-06-30,2019q2,,2019-08-28,treasury_stock,,finance_balance_sheet_parent_current_only.csv,treasury_stock,,identity_q1_or_ytd_diff,missing_raw_value
601169.XSHG,parent_balance,2019-06-30,2019q2,,2019-08-28,surplus_reserve_fund,15637000000.0,finance_balance_sheet_parent_current_only.csv,surplus_reserve_fund,quarterly_direct,identity_q1_or_ytd_diff,
601169.XSHG,parent_balance,2019-06-30,2019q2,,2019-08-28,equities_parent_company_owners,196975000000.0,finance_balance_sheet_parent_current_only.csv,equities_parent_company_owners,quarterly_direct,identity_q1_or_ytd_diff,
601169.XSHG,parent_balance,2019-06-30,2019q2,,2019-08-28,retained_profit,65865000000.0,finance_balance_sheet_parent_current_only.csv,retained_profit,quarterly_direct,identity_q1_or_ytd_diff,
601169.XSHG,parent_balance,2019-06-30,2019q2,,2019-08-28,minority_interests,,finance_balance_sheet_parent_current_only.csv,minority_interests,,identity_q1_or_ytd_diff,missing_raw_value
601169.XSHG,parent_balance,2019-06-30,2019q2,,2019-08-28,total_owner_equities,196975000000.0,finance_balance_sheet_parent_current_only.csv,total_owner_equities,quarterly_direct,identity_q1_or_ytd_diff,
601169.XSHG,parent_balance,2019-06-30,2019q2,,2019-08-28,other_comprehensive_income,2327000000.0,finance_balance_sheet_parent_current_only.csv,other_comprehensive_income,quarterly_direct,identity_q1_or_ytd_diff,
601169.XSHG,parent_balance,2019-09-30,2019q3,,2019-10-30,deposit_in_ib,43392000000.0,finance_balance_sheet_parent_current_only.csv,deposit_in_ib,quarterly_direct,identity_q1_or_ytd_diff,
601169.XSHG,parent_balance,2019-09-30,2019q3,,2019-10-30,cash_equivalents,,finance_balance_sheet_parent_current_only.csv,cash_equivalents,,identity_q1_or_ytd_diff,missing_raw_value
601169.XSHG,parent_balance,2019-09-30,2019q3,,2019-10-30,deposit_client,,finance_balance_sheet_parent_current_only.csv,deposit_client,,identity_q1_or_ytd_diff,missing_raw_value
601169.XSHG,parent_balance,2019-09-30,2019q3,,2019-10-30,cash_in_cb,172490000000.0,finance_balance_sheet_parent_current_only.csv,cash_in_cb,quarterly_direct,identity_q1_or_ytd_diff,
601169.XSHG,parent_balance,2019-09-30,2019q3,,2019-10-30,settlement_provi,,finance_balance_sheet_parent_current_only.csv,settlement_provi,,identity_q1_or_ytd_diff,missing_raw_value
601169.XSHG,parent_balance,2019-09-30,2019q3,,2019-10-30,settlement_provi_client,,finance_balance_sheet_parent_current_only.csv,settlement_provi_client,,identity_q1_or_ytd_diff,missing_raw_value
601169.XSHG,parent_balance,2019-09-30,2019q3,,2019-10-30,lend_capital,60624000000.0,finance_balance_sheet_parent_current_only.csv,lend_capital,quarterly_direct,identity_q1_or_ytd_diff,
601169.XSHG,parent_balance,2019-09-30,2019q3,,2019-10-30,bought_sellback_assets,45867000000.0,finance_balance_sheet_parent_current_only.csv,bought_sellback_assets,quarterly_direct,identity_q1_or_ytd_diff,
601169.XSHG,parent_balance,2019-09-30,2019q3,,2019-10-30,interest_receivable,,finance_balance_sheet_parent_current_only.csv,interest_receivable,,identity_q1_or_ytd_diff,missing_raw_value
601169.XSHG,parent_balance,2019-09-30,2019q3,,2019-10-30,insurance_receivables,,finance_balance_sheet_parent_current_only.csv,insurance_receivables,,identity_q1_or_ytd_diff,missing_raw_value
601169.XSHG,parent_balance,2019-09-30,2019q3,,2019-10-30,loan_and_advance,1316860000000.0,finance_balance_sheet_parent_current_only.csv,loan_and_advance,quarterly_direct,identity_q1_or_ytd_diff,
601169.XSHG,parent_balance,2019-09-30,2019q3,,2019-10-30,advance_payment,,finance_balance_sheet_parent_current_only.csv,advance_payment,,identity_q1_or_ytd_diff,missing_raw_value
601169.XSHG,parent_balance,2019-09-30,2019q3,,2019-10-30,hold_for_sale_assets,,finance_balance_sheet_parent_current_only.csv,hold_for_sale_assets,,identity_q1_or_ytd_diff,missing_raw_value
601169.XSHG,parent_balance,2019-09-30,2019q3,,2019-10-30,hold_to_maturity_investments,,finance_balance_sheet_parent_current_only.csv,hold_to_maturity_investments,,identity_q1_or_ytd_diff,missing_raw_value
601169.XSHG,parent_balance,2019-09-30,2019q3,,2019-10-30,longterm_equity_invest,4840000000.0,finance_balance_sheet_parent_current_only.csv,longterm_equity_invest,quarterly_direct,identity_q1_or_ytd_diff,
601169.XSHG,parent_balance,2019-09-30,2019q3,,2019-10-30,investment_property,374000000.0,finance_balance_sheet_parent_current_only.csv,investment_property,quarterly_direct,identity_q1_or_ytd_diff,
601169.XSHG,parent_balance,2019-09-30,2019q3,,2019-10-30,inventories,,finance_balance_sheet_parent_current_only.csv,inventories,,identity_q1_or_ytd_diff,missing_raw_value
601169.XSHG,parent_balance,2019-09-30,2019q3,,2019-10-30,fixed_assets,16519000000.0,finance_balance_sheet_parent_current_only.csv,fixed_assets,quarterly_direct,identity_q1_or_ytd_diff,
601169.XSHG,parent_balance,2019-09-30,2019q3,,2019-10-30,constru_in_process,,finance_balance_sheet_parent_current_only.csv,constru_in_process,,identity_q1_or_ytd_diff,missing_raw_value
601169.XSHG,parent_balance,2019-09-30,2019q3,,2019-10-30,intangible_assets,540000000.0,finance_balance_sheet_parent_current_only.csv,intangible_assets,quarterly_direct,identity_q1_or_ytd_diff,
601169.XSHG,parent_balance,2019-09-30,2019q3,,2019-10-30,long_deferred_expense,,finance_balance_sheet_parent_current_only.csv,long_deferred_expense,,identity_q1_or_ytd_diff,missing_raw_value
601169.XSHG,parent_balance,2019-09-30,2019q3,,2019-10-30,deferred_tax_assets,16407000000.0,finance_balance_sheet_parent_current_only.csv,deferred_tax_assets,quarterly_direct,identity_q1_or_ytd_diff,
601169.XSHG,parent_balance,2019-09-30,2019q3,,2019-10-30,other_asset,8136000000.0,finance_balance_sheet_parent_current_only.csv,other_asset,quarterly_direct,identity_q1_or_ytd_diff,
601169.XSHG,parent_balance,2019-09-30,2019q3,,2019-10-30,total_assets,2640162000000.0,finance_balance_sheet_parent_current_only.csv,total_assets,quarterly_direct,identity_q1_or_ytd_diff,
601169.XSHG,parent_balance,2019-09-30,2019q3,,2019-10-30,borrowing_from_centralbank,75291000000.0,finance_balance_sheet_parent_current_only.csv,borrowing_from_centralbank,quarterly_direct,identity_q1_or_ytd_diff,
601169.XSHG,parent_balance,2019-09-30,2019q3,,2019-10-30,shortterm_loan,,finance_balance_sheet_parent_current_only.csv,shortterm_loan,,identity_q1_or_ytd_diff,missing_raw_value
601169.XSHG,parent_balance,2019-09-30,2019q3,,2019-10-30,borrowing_capital,45392000000.0,finance_balance_sheet_parent_current_only.csv,borrowing_capital,quarterly_direct,identity_q1_or_ytd_diff,
601169.XSHG,parent_balance,2019-09-30,2019q3,,2019-10-30,sold_buyback_secu_proceeds,16190000000.0,finance_balance_sheet_parent_current_only.csv,sold_buyback_secu_proceeds,quarterly_direct,identity_q1_or_ytd_diff,
601169.XSHG,parent_balance,2019-09-30,2019q3,,2019-10-30,proxy_secu_proceeds,,finance_balance_sheet_parent_current_only.csv,proxy_secu_proceeds,,identity_q1_or_ytd_diff,missing_raw_value
601169.XSHG,parent_balance,2019-09-30,2019q3,,2019-10-30,notes_payable,,finance_balance_sheet_parent_current_only.csv,notes_payable,,identity_q1_or_ytd_diff,missing_raw_value
601169.XSHG,parent_balance,2019-09-30,2019q3,,2019-10-30,advance_peceipts,,finance_balance_sheet_parent_current_only.csv,advance_peceipts,,identity_q1_or_ytd_diff,missing_raw_value
601169.XSHG,parent_balance,2019-09-30,2019q3,,2019-10-30,commission_payable,,finance_balance_sheet_parent_current_only.csv,commission_payable,,identity_q1_or_ytd_diff,missing_raw_value
601169.XSHG,parent_balance,2019-09-30,2019q3,,2019-10-30,salaries_payable,3545000000.0,finance_balance_sheet_parent_current_only.csv,salaries_payable,quarterly_direct,identity_q1_or_ytd_diff,
601169.XSHG,parent_balance,2019-09-30,2019q3,,2019-10-30,taxs_payable,3681000000.0,finance_balance_sheet_parent_current_only.csv,taxs_payable,quarterly_direct,identity_q1_or_ytd_diff,
601169.XSHG,parent_balance,2019-09-30,2019q3,,2019-10-30,interest_payable,,finance_balance_sheet_parent_current_only.csv,interest_payable,,identity_q1_or_ytd_diff,missing_raw_value
601169.XSHG,parent_balance,2019-09-30,2019q3,,2019-10-30,estimate_liability,5054000000.0,finance_balance_sheet_parent_current_only.csv,estimate_liability,quarterly_direct,identity_q1_or_ytd_diff,
601169.XSHG,parent_balance,2019-09-30,2019q3,,2019-10-30,longterm_loan,,finance_balance_sheet_parent_current_only.csv,longterm_loan,,identity_q1_or_ytd_diff,missing_raw_value
601169.XSHG,parent_balance,2019-09-30,2019q3,,2019-10-30,bonds_payable,402333000000.0,finance_balance_sheet_parent_current_only.csv,bonds_payable,quarterly_direct,identity_q1_or_ytd_diff,
601169.XSHG,parent_balance,2019-09-30,2019q3,,2019-10-30,deferred_tax_liability,,finance_balance_sheet_parent_current_only.csv,deferred_tax_liability,,identity_q1_or_ytd_diff,missing_raw_value
601169.XSHG,parent_balance,2019-09-30,2019q3,,2019-10-30,other_liability,13438000000.0,finance_balance_sheet_parent_current_only.csv,other_liability,quarterly_direct,identity_q1_or_ytd_diff,
601169.XSHG,parent_balance,2019-09-30,2019q3,,2019-10-30,total_liability,2437510000000.0,finance_balance_sheet_parent_current_only.csv,total_liability,quarterly_direct,identity_q1_or_ytd_diff,
601169.XSHG,parent_balance,2019-09-30,2019q3,,2019-10-30,paidin_capital,21143000000.0,finance_balance_sheet_parent_current_only.csv,paidin_capital,quarterly_direct,identity_q1_or_ytd_diff,
601169.XSHG,parent_balance,2019-09-30,2019q3,,2019-10-30,capital_reserve_fund,43777000000.0,finance_balance_sheet_parent_current_only.csv,capital_reserve_fund,quarterly_direct,identity_q1_or_ytd_diff,
601169.XSHG,parent_balance,2019-09-30,2019q3,,2019-10-30,treasury_stock,,finance_balance_sheet_parent_current_only.csv,treasury_stock,,identity_q1_or_ytd_diff,missing_raw_value
601169.XSHG,parent_balance,2019-09-30,2019q3,,2019-10-30,surplus_reserve_fund,15637000000.0,finance_balance_sheet_parent_current_only.csv,surplus_reserve_fund,quarterly_direct,identity_q1_or_ytd_diff,
601169.XSHG,parent_balance,2019-09-30,2019q3,,2019-10-30,equities_parent_company_owners,202652000000.0,finance_balance_sheet_parent_current_only.csv,equities_parent_company_owners,quarterly_direct,identity_q1_or_ytd_diff,
601169.XSHG,parent_balance,2019-09-30,2019q3,,2019-10-30,retained_profit,70981000000.0,finance_balance_sheet_parent_current_only.csv,retained_profit,quarterly_direct,identity_q1_or_ytd_diff,
601169.XSHG,parent_balance,2019-09-30,2019q3,,2019-10-30,minority_interests,,finance_balance_sheet_parent_current_only.csv,minority_interests,,identity_q1_or_ytd_diff,missing_raw_value
601169.XSHG,parent_balance,2019-09-30,2019q3,,2019-10-30,total_owner_equities,202652000000.0,finance_balance_sheet_parent_current_only.csv,total_owner_equities,quarterly_direct,identity_q1_or_ytd_diff,
601169.XSHG,parent_balance,2019-09-30,2019q3,,2019-10-30,other_comprehensive_income,2888000000.0,finance_balance_sheet_parent_current_only.csv,other_comprehensive_income,quarterly_direct,identity_q1_or_ytd_diff,
601169.XSHG,parent_balance,2019-12-31,2019q4,,2020-04-28,deposit_in_ib,17684000000.0,finance_balance_sheet_parent_current_only.csv,deposit_in_ib,quarterly_direct,identity_q1_or_ytd_diff,
601169.XSHG,parent_balance,2019-12-31,2019q4,,2020-04-28,cash_equivalents,,finance_balance_sheet_parent_current_only.csv,cash_equivalents,,identity_q1_or_ytd_diff,missing_raw_value
601169.XSHG,parent_balance,2019-12-31,2019q4,,2020-04-28,deposit_client,,finance_balance_sheet_parent_current_only.csv,deposit_client,,identity_q1_or_ytd_diff,missing_raw_value
601169.XSHG,parent_balance,2019-12-31,2019q4,,2020-04-28,cash_in_cb,170328000000.0,finance_balance_sheet_parent_current_only.csv,cash_in_cb,quarterly_direct,identity_q1_or_ytd_diff,
601169.XSHG,parent_balance,2019-12-31,2019q4,,2020-04-28,settlement_provi,,finance_balance_sheet_parent_current_only.csv,settlement_provi,,identity_q1_or_ytd_diff,missing_raw_value
601169.XSHG,parent_balance,2019-12-31,2019q4,,2020-04-28,settlement_provi_client,,finance_balance_sheet_parent_current_only.csv,settlement_provi_client,,identity_q1_or_ytd_diff,missing_raw_value
601169.XSHG,parent_balance,2019-12-31,2019q4,,2020-04-28,lend_capital,86623000000.0,finance_balance_sheet_parent_current_only.csv,lend_capital,quarterly_direct,identity_q1_or_ytd_diff,
601169.XSHG,parent_balance,2019-12-31,2019q4,,2020-04-28,bought_sellback_assets,27707000000.0,finance_balance_sheet_parent_current_only.csv,bought_sellback_assets,quarterly_direct,identity_q1_or_ytd_diff,
601169.XSHG,parent_balance,2019-12-31,2019q4,,2020-04-28,interest_receivable,,finance_balance_sheet_parent_current_only.csv,interest_receivable,,identity_q1_or_ytd_diff,missing_raw_value
601169.XSHG,parent_balance,2019-12-31,2019q4,,2020-04-28,insurance_receivables,,finance_balance_sheet_parent_current_only.csv,insurance_receivables,,identity_q1_or_ytd_diff,missing_raw_value
601169.XSHG,parent_balance,2019-12-31,2019q4,,2020-04-28,loan_and_advance,1362847000000.0,finance_balance_sheet_parent_current_only.csv,loan_and_advance,quarterly_direct,identity_q1_or_ytd_diff,
601169.XSHG,parent_balance,2019-12-31,2019q4,,2020-04-28,advance_payment,,finance_balance_sheet_parent_current_only.csv,advance_payment,,identity_q1_or_ytd_diff,missing_raw_value
601169.XSHG,parent_balance,2019-12-31,2019q4,,2020-04-28,hold_for_sale_assets,,finance_balance_sheet_parent_current_only.csv,hold_for_sale_assets,,identity_q1_or_ytd_diff,missing_raw_value
601169.XSHG,parent_balance,2019-12-31,2019q4,,2020-04-28,hold_to_maturity_investments,,finance_balance_sheet_parent_current_only.csv,hold_to_maturity_investments,,identity_q1_or_ytd_diff,missing_raw_value
601169.XSHG,parent_balance,2019-12-31,2019q4,,2020-04-28,longterm_equity_invest,4837000000.0,finance_balance_sheet_parent_current_only.csv,longterm_equity_invest,quarterly_direct,identity_q1_or_ytd_diff,
601169.XSHG,parent_balance,2019-12-31,2019q4,,2020-04-28,investment_property,370000000.0,finance_balance_sheet_parent_current_only.csv,investment_property,quarterly_direct,identity_q1_or_ytd_diff,
601169.XSHG,parent_balance,2019-12-31,2019q4,,2020-04-28,inventories,,finance_balance_sheet_parent_current_only.csv,inventories,,identity_q1_or_ytd_diff,missing_raw_value
601169.XSHG,parent_balance,2019-12-31,2019q4,,2020-04-28,fixed_assets,17779000000.0,finance_balance_sheet_parent_current_only.csv,fixed_assets,quarterly_direct,identity_q1_or_ytd_diff,
601169.XSHG,parent_balance,2019-12-31,2019q4,,2020-04-28,constru_in_process,,finance_balance_sheet_parent_current_only.csv,constru_in_process,,identity_q1_or_ytd_diff,missing_raw_value
601169.XSHG,parent_balance,2019-12-31,2019q4,,2020-04-28,intangible_assets,536000000.0,finance_balance_sheet_parent_current_only.csv,intangible_assets,quarterly_direct,identity_q1_or_ytd_diff,
601169.XSHG,parent_balance,2019-12-31,2019q4,,2020-04-28,long_deferred_expense,,finance_balance_sheet_parent_current_only.csv,long_deferred_expense,,identity_q1_or_ytd_diff,missing_raw_value
601169.XSHG,parent_balance,2019-12-31,2019q4,,2020-04-28,deferred_tax_assets,17675000000.0,finance_balance_sheet_parent_current_only.csv,deferred_tax_assets,quarterly_direct,identity_q1_or_ytd_diff,
601169.XSHG,parent_balance,2019-12-31,2019q4,,2020-04-28,other_asset,7975000000.0,finance_balance_sheet_parent_current_only.csv,other_asset,quarterly_direct,identity_q1_or_ytd_diff,
601169.XSHG,parent_balance,2019-12-31,2019q4,,2020-04-28,total_assets,2691534000000.0,finance_balance_sheet_parent_current_only.csv,total_assets,quarterly_direct,identity_q1_or_ytd_diff,
601169.XSHG,parent_balance,2019-12-31,2019q4,,2020-04-28,borrowing_from_centralbank,91595000000.0,finance_balance_sheet_parent_current_only.csv,borrowing_from_centralbank,quarterly_direct,identity_q1_or_ytd_diff,
601169.XSHG,parent_balance,2019-12-31,2019q4,,2020-04-28,shortterm_loan,,finance_balance_sheet_parent_current_only.csv,shortterm_loan,,identity_q1_or_ytd_diff,missing_raw_value
601169.XSHG,parent_balance,2019-12-31,2019q4,,2020-04-28,borrowing_capital,45103000000.0,finance_balance_sheet_parent_current_only.csv,borrowing_capital,quarterly_direct,identity_q1_or_ytd_diff,
601169.XSHG,parent_balance,2019-12-31,2019q4,,2020-04-28,sold_buyback_secu_proceeds,23091000000.0,finance_balance_sheet_parent_current_only.csv,sold_buyback_secu_proceeds,quarterly_direct,identity_q1_or_ytd_diff,
601169.XSHG,parent_balance,2019-12-31,2019q4,,2020-04-28,proxy_secu_proceeds,,finance_balance_sheet_parent_current_only.csv,proxy_secu_proceeds,,identity_q1_or_ytd_diff,missing_raw_value
601169.XSHG,parent_balance,2019-12-31,2019q4,,2020-04-28,notes_payable,,finance_balance_sheet_parent_current_only.csv,notes_payable,,identity_q1_or_ytd_diff,missing_raw_value
601169.XSHG,parent_balance,2019-12-31,2019q4,,2020-04-28,advance_peceipts,,finance_balance_sheet_parent_current_only.csv,advance_peceipts,,identity_q1_or_ytd_diff,missing_raw_value
601169.XSHG,parent_balance,2019-12-31,2019q4,,2020-04-28,commission_payable,,finance_balance_sheet_parent_current_only.csv,commission_payable,,identity_q1_or_ytd_diff,missing_raw_value
601169.XSHG,parent_balance,2019-12-31,2019q4,,2020-04-28,salaries_payable,3615000000.0,finance_balance_sheet_parent_current_only.csv,salaries_payable,quarterly_direct,identity_q1_or_ytd_diff,
601169.XSHG,parent_balance,2019-12-31,2019q4,,2020-04-28,taxs_payable,4042000000.0,finance_balance_sheet_parent_current_only.csv,taxs_payable,quarterly_direct,identity_q1_or_ytd_diff,
601169.XSHG,parent_balance,2019-12-31,2019q4,,2020-04-28,interest_payable,,finance_balance_sheet_parent_current_only.csv,interest_payable,,identity_q1_or_ytd_diff,missing_raw_value
601169.XSHG,parent_balance,2019-12-31,2019q4,,2020-04-28,estimate_liability,4967000000.0,finance_balance_sheet_parent_current_only.csv,estimate_liability,quarterly_direct,identity_q1_or_ytd_diff,
601169.XSHG,parent_balance,2019-12-31,2019q4,,2020-04-28,longterm_loan,,finance_balance_sheet_parent_current_only.csv,longterm_loan,,identity_q1_or_ytd_diff,missing_raw_value
601169.XSHG,parent_balance,2019-12-31,2019q4,,2020-04-28,bonds_payable,397056000000.0,finance_balance_sheet_parent_current_only.csv,bonds_payable,quarterly_direct,identity_q1_or_ytd_diff,
601169.XSHG,parent_balance,2019-12-31,2019q4,,2020-04-28,deferred_tax_liability,,finance_balance_sheet_parent_current_only.csv,deferred_tax_liability,,identity_q1_or_ytd_diff,missing_raw_value
601169.XSHG,parent_balance,2019-12-31,2019q4,,2020-04-28,other_liability,11926000000.0,finance_balance_sheet_parent_current_only.csv,other_liability,quarterly_direct,identity_q1_or_ytd_diff,
601169.XSHG,parent_balance,2019-12-31,2019q4,,2020-04-28,total_liability,2485352000000.0,finance_balance_sheet_parent_current_only.csv,total_liability,quarterly_direct,identity_q1_or_ytd_diff,
601169.XSHG,parent_balance,2019-12-31,2019q4,,2020-04-28,paidin_capital,21143000000.0,finance_balance_sheet_parent_current_only.csv,paidin_capital,quarterly_direct,identity_q1_or_ytd_diff,
601169.XSHG,parent_balance,2019-12-31,2019q4,,2020-04-28,capital_reserve_fund,43777000000.0,finance_balance_sheet_parent_current_only.csv,capital_reserve_fund,quarterly_direct,identity_q1_or_ytd_diff,
601169.XSHG,parent_balance,2019-12-31,2019q4,,2020-04-28,treasury_stock,,finance_balance_sheet_parent_current_only.csv,treasury_stock,,identity_q1_or_ytd_diff,missing_raw_value
601169.XSHG,parent_balance,2019-12-31,2019q4,,2020-04-28,surplus_reserve_fund,17751000000.0,finance_balance_sheet_parent_current_only.csv,surplus_reserve_fund,quarterly_direct,identity_q1_or_ytd_diff,
601169.XSHG,parent_balance,2019-12-31,2019q4,,2020-04-28,equities_parent_company_owners,206182000000.0,finance_balance_sheet_parent_current_only.csv,equities_parent_company_owners,quarterly_direct,identity_q1_or_ytd_diff,
601169.XSHG,parent_balance,2019-12-31,2019q4,,2020-04-28,retained_profit,71046000000.0,finance_balance_sheet_parent_current_only.csv,retained_profit,quarterly_direct,identity_q1_or_ytd_diff,
601169.XSHG,parent_balance,2019-12-31,2019q4,,2020-04-28,minority_interests,,finance_balance_sheet_parent_current_only.csv,minority_interests,,identity_q1_or_ytd_diff,missing_raw_value
601169.XSHG,parent_balance,2019-12-31,2019q4,,2020-04-28,total_owner_equities,206182000000.0,finance_balance_sheet_parent_current_only.csv,total_owner_equities,quarterly_direct,identity_q1_or_ytd_diff,
601169.XSHG,parent_balance,2019-12-31,2019q4,,2020-04-28,other_comprehensive_income,3364000000.0,finance_balance_sheet_parent_current_only.csv,other_comprehensive_income,quarterly_direct,identity_q1_or_ytd_diff,
601169.XSHG,parent_balance,2020-03-31,2020q1,,2020-04-28,deposit_in_ib,14423000000.0,finance_balance_sheet_parent_current_only.csv,deposit_in_ib,quarterly_direct,identity_q1_or_ytd_diff,
601169.XSHG,parent_balance,2020-03-31,2020q1,,2020-04-28,cash_equivalents,,finance_balance_sheet_parent_current_only.csv,cash_equivalents,,identity_q1_or_ytd_diff,missing_raw_value
601169.XSHG,parent_balance,2020-03-31,2020q1,,2020-04-28,deposit_client,,finance_balance_sheet_parent_current_only.csv,deposit_client,,identity_q1_or_ytd_diff,missing_raw_value
601169.XSHG,parent_balance,2020-03-31,2020q1,,2020-04-28,cash_in_cb,160671000000.0,finance_balance_sheet_parent_current_only.csv,cash_in_cb,quarterly_direct,identity_q1_or_ytd_diff,
601169.XSHG,parent_balance,2020-03-31,2020q1,,2020-04-28,settlement_provi,,finance_balance_sheet_parent_current_only.csv,settlement_provi,,identity_q1_or_ytd_diff,missing_raw_value
601169.XSHG,parent_balance,2020-03-31,2020q1,,2020-04-28,settlement_provi_client,,finance_balance_sheet_parent_current_only.csv,settlement_provi_client,,identity_q1_or_ytd_diff,missing_raw_value
601169.XSHG,parent_balance,2020-03-31,2020q1,,2020-04-28,lend_capital,100241000000.0,finance_balance_sheet_parent_current_only.csv,lend_capital,quarterly_direct,identity_q1_or_ytd_diff,
601169.XSHG,parent_balance,2020-03-31,2020q1,,2020-04-28,bought_sellback_assets,12217000000.0,finance_balance_sheet_parent_current_only.csv,bought_sellback_assets,quarterly_direct,identity_q1_or_ytd_diff,
601169.XSHG,parent_balance,2020-03-31,2020q1,,2020-04-28,interest_receivable,,finance_balance_sheet_parent_current_only.csv,interest_receivable,,identity_q1_or_ytd_diff,missing_raw_value
601169.XSHG,parent_balance,2020-03-31,2020q1,,2020-04-28,insurance_receivables,,finance_balance_sheet_parent_current_only.csv,insurance_receivables,,identity_q1_or_ytd_diff,missing_raw_value
601169.XSHG,parent_balance,2020-03-31,2020q1,,2020-04-28,loan_and_advance,1394247000000.0,finance_balance_sheet_parent_current_only.csv,loan_and_advance,quarterly_direct,identity_q1_or_ytd_diff,
601169.XSHG,parent_balance,2020-03-31,2020q1,,2020-04-28,advance_payment,,finance_balance_sheet_parent_current_only.csv,advance_payment,,identity_q1_or_ytd_diff,missing_raw_value
601169.XSHG,parent_balance,2020-03-31,2020q1,,2020-04-28,hold_for_sale_assets,,finance_balance_sheet_parent_current_only.csv,hold_for_sale_assets,,identity_q1_or_ytd_diff,missing_raw_value
601169.XSHG,parent_balance,2020-03-31,2020q1,,2020-04-28,hold_to_maturity_investments,,finance_balance_sheet_parent_current_only.csv,hold_to_maturity_investments,,identity_q1_or_ytd_diff,missing_raw_value
601169.XSHG,parent_balance,2020-03-31,2020q1,,2020-04-28,longterm_equity_invest,4942000000.0,finance_balance_sheet_parent_current_only.csv,longterm_equity_invest,quarterly_direct,identity_q1_or_ytd_diff,
601169.XSHG,parent_balance,2020-03-31,2020q1,,2020-04-28,investment_property,366000000.0,finance_balance_sheet_parent_current_only.csv,investment_property,quarterly_direct,identity_q1_or_ytd_diff,
601169.XSHG,parent_balance,2020-03-31,2020q1,,2020-04-28,inventories,,finance_balance_sheet_parent_current_only.csv,inventories,,identity_q1_or_ytd_diff,missing_raw_value
601169.XSHG,parent_balance,2020-03-31,2020q1,,2020-04-28,fixed_assets,17962000000.0,finance_balance_sheet_parent_current_only.csv,fixed_assets,quarterly_direct,identity_q1_or_ytd_diff,
601169.XSHG,parent_balance,2020-03-31,2020q1,,2020-04-28,constru_in_process,,finance_balance_sheet_parent_current_only.csv,constru_in_process,,identity_q1_or_ytd_diff,missing_raw_value
601169.XSHG,parent_balance,2020-03-31,2020q1,,2020-04-28,intangible_assets,532000000.0,finance_balance_sheet_parent_current_only.csv,intangible_assets,quarterly_direct,identity_q1_or_ytd_diff,
601169.XSHG,parent_balance,2020-03-31,2020q1,,2020-04-28,long_deferred_expense,,finance_balance_sheet_parent_current_only.csv,long_deferred_expense,,identity_q1_or_ytd_diff,missing_raw_value
601169.XSHG,parent_balance,2020-03-31,2020q1,,2020-04-28,deferred_tax_assets,18616000000.0,finance_balance_sheet_parent_current_only.csv,deferred_tax_assets,quarterly_direct,identity_q1_or_ytd_diff,
601169.XSHG,parent_balance,2020-03-31,2020q1,,2020-04-28,other_asset,9657000000.0,finance_balance_sheet_parent_current_only.csv,other_asset,quarterly_direct,identity_q1_or_ytd_diff,
601169.XSHG,parent_balance,2020-03-31,2020q1,,2020-04-28,total_assets,2746843000000.0,finance_balance_sheet_parent_current_only.csv,total_assets,quarterly_direct,identity_q1_or_ytd_diff,
601169.XSHG,parent_balance,2020-03-31,2020q1,,2020-04-28,borrowing_from_centralbank,104822000000.0,finance_balance_sheet_parent_current_only.csv,borrowing_from_centralbank,quarterly_direct,identity_q1_or_ytd_diff,
601169.XSHG,parent_balance,2020-03-31,2020q1,,2020-04-28,shortterm_loan,,finance_balance_sheet_parent_current_only.csv,shortterm_loan,,identity_q1_or_ytd_diff,missing_raw_value
601169.XSHG,parent_balance,2020-03-31,2020q1,,2020-04-28,borrowing_capital,35474000000.0,finance_balance_sheet_parent_current_only.csv,borrowing_capital,quarterly_direct,identity_q1_or_ytd_diff,
601169.XSHG,parent_balance,2020-03-31,2020q1,,2020-04-28,sold_buyback_secu_proceeds,11725000000.0,finance_balance_sheet_parent_current_only.csv,sold_buyback_secu_proceeds,quarterly_direct,identity_q1_or_ytd_diff,
601169.XSHG,parent_balance,2020-03-31,2020q1,,2020-04-28,proxy_secu_proceeds,,finance_balance_sheet_parent_current_only.csv,proxy_secu_proceeds,,identity_q1_or_ytd_diff,missing_raw_value
601169.XSHG,parent_balance,2020-03-31,2020q1,,2020-04-28,notes_payable,,finance_balance_sheet_parent_current_only.csv,notes_payable,,identity_q1_or_ytd_diff,missing_raw_value
601169.XSHG,parent_balance,2020-03-31,2020q1,,2020-04-28,advance_peceipts,,finance_balance_sheet_parent_current_only.csv,advance_peceipts,,identity_q1_or_ytd_diff,missing_raw_value
601169.XSHG,parent_balance,2020-03-31,2020q1,,2020-04-28,commission_payable,,finance_balance_sheet_parent_current_only.csv,commission_payable,,identity_q1_or_ytd_diff,missing_raw_value
601169.XSHG,parent_balance,2020-03-31,2020q1,,2020-04-28,salaries_payable,3802000000.0,finance_balance_sheet_parent_current_only.csv,salaries_payable,quarterly_direct,identity_q1_or_ytd_diff,
601169.XSHG,parent_balance,2020-03-31,2020q1,,2020-04-28,taxs_payable,4684000000.0,finance_balance_sheet_parent_current_only.csv,taxs_payable,quarterly_direct,identity_q1_or_ytd_diff,
601169.XSHG,parent_balance,2020-03-31,2020q1,,2020-04-28,interest_payable,,finance_balance_sheet_parent_current_only.csv,interest_payable,,identity_q1_or_ytd_diff,missing_raw_value
601169.XSHG,parent_balance,2020-03-31,2020q1,,2020-04-28,estimate_liability,5028000000.0,finance_balance_sheet_parent_current_only.csv,estimate_liability,quarterly_direct,identity_q1_or_ytd_diff,
601169.XSHG,parent_balance,2020-03-31,2020q1,,2020-04-28,longterm_loan,,finance_balance_sheet_parent_current_only.csv,longterm_loan,,identity_q1_or_ytd_diff,missing_raw_value
601169.XSHG,parent_balance,2020-03-31,2020q1,,2020-04-28,bonds_payable,437717000000.0,finance_balance_sheet_parent_current_only.csv,bonds_payable,quarterly_direct,identity_q1_or_ytd_diff,
601169.XSHG,parent_balance,2020-03-31,2020q1,,2020-04-28,deferred_tax_liability,,finance_balance_sheet_parent_current_only.csv,deferred_tax_liability,,identity_q1_or_ytd_diff,missing_raw_value
601169.XSHG,parent_balance,2020-03-31,2020q1,,2020-04-28,other_liability,12556000000.0,finance_balance_sheet_parent_current_only.csv,other_liability,quarterly_direct,identity_q1_or_ytd_diff,
601169.XSHG,parent_balance,2020-03-31,2020q1,,2020-04-28,total_liability,2533000000000.0,finance_balance_sheet_parent_current_only.csv,total_liability,quarterly_direct,identity_q1_or_ytd_diff,
601169.XSHG,parent_balance,2020-03-31,2020q1,,2020-04-28,paidin_capital,21143000000.0,finance_balance_sheet_parent_current_only.csv,paidin_capital,quarterly_direct,identity_q1_or_ytd_diff,
601169.XSHG,parent_balance,2020-03-31,2020q1,,2020-04-28,capital_reserve_fund,43777000000.0,finance_balance_sheet_parent_current_only.csv,capital_reserve_fund,quarterly_direct,identity_q1_or_ytd_diff,
601169.XSHG,parent_balance,2020-03-31,2020q1,,2020-04-28,treasury_stock,,finance_balance_sheet_parent_current_only.csv,treasury_stock,,identity_q1_or_ytd_diff,missing_raw_value
601169.XSHG,parent_balance,2020-03-31,2020q1,,2020-04-28,surplus_reserve_fund,17751000000.0,finance_balance_sheet_parent_current_only.csv,surplus_reserve_fund,quarterly_direct,identity_q1_or_ytd_diff,
601169.XSHG,parent_balance,2020-03-31,2020q1,,2020-04-28,equities_parent_company_owners,213843000000.0,finance_balance_sheet_parent_current_only.csv,equities_parent_company_owners,quarterly_direct,identity_q1_or_ytd_diff,
601169.XSHG,parent_balance,2020-03-31,2020q1,,2020-04-28,retained_profit,77605000000.0,finance_balance_sheet_parent_current_only.csv,retained_profit,quarterly_direct,identity_q1_or_ytd_diff,
601169.XSHG,parent_balance,2020-03-31,2020q1,,2020-04-28,minority_interests,,finance_balance_sheet_parent_current_only.csv,minority_interests,,identity_q1_or_ytd_diff,missing_raw_value
601169.XSHG,parent_balance,2020-03-31,2020q1,,2020-04-28,total_owner_equities,213843000000.0,finance_balance_sheet_parent_current_only.csv,total_owner_equities,quarterly_direct,identity_q1_or_ytd_diff,
601169.XSHG,parent_balance,2020-03-31,2020q1,,2020-04-28,other_comprehensive_income,4466000000.0,finance_balance_sheet_parent_current_only.csv,other_comprehensive_income,quarterly_direct,identity_q1_or_ytd_diff,
601169.XSHG,parent_balance,2020-06-30,2020q2,,2020-08-28,deposit_in_ib,17167000000.0,finance_balance_sheet_parent_current_only.csv,deposit_in_ib,quarterly_direct,identity_q1_or_ytd_diff,
601169.XSHG,parent_balance,2020-06-30,2020q2,,2020-08-28,cash_equivalents,,finance_balance_sheet_parent_current_only.csv,cash_equivalents,,identity_q1_or_ytd_diff,missing_raw_value
601169.XSHG,parent_balance,2020-06-30,2020q2,,2020-08-28,deposit_client,,finance_balance_sheet_parent_current_only.csv,deposit_client,,identity_q1_or_ytd_diff,missing_raw_value
601169.XSHG,parent_balance,2020-06-30,2020q2,,2020-08-28,cash_in_cb,179630000000.0,finance_balance_sheet_parent_current_only.csv,cash_in_cb,quarterly_direct,identity_q1_or_ytd_diff,
601169.XSHG,parent_balance,2020-06-30,2020q2,,2020-08-28,settlement_provi,,finance_balance_sheet_parent_current_only.csv,settlement_provi,,identity_q1_or_ytd_diff,missing_raw_value
601169.XSHG,parent_balance,2020-06-30,2020q2,,2020-08-28,settlement_provi_client,,finance_balance_sheet_parent_current_only.csv,settlement_provi_client,,identity_q1_or_ytd_diff,missing_raw_value
601169.XSHG,parent_balance,2020-06-30,2020q2,,2020-08-28,lend_capital,102597000000.0,finance_balance_sheet_parent_current_only.csv,lend_capital,quarterly_direct,identity_q1_or_ytd_diff,
601169.XSHG,parent_balance,2020-06-30,2020q2,,2020-08-28,bought_sellback_assets,21028000000.0,finance_balance_sheet_parent_current_only.csv,bought_sellback_assets,quarterly_direct,identity_q1_or_ytd_diff,
601169.XSHG,parent_balance,2020-06-30,2020q2,,2020-08-28,interest_receivable,,finance_balance_sheet_parent_current_only.csv,interest_receivable,,identity_q1_or_ytd_diff,missing_raw_value
601169.XSHG,parent_balance,2020-06-30,2020q2,,2020-08-28,insurance_receivables,,finance_balance_sheet_parent_current_only.csv,insurance_receivables,,identity_q1_or_ytd_diff,missing_raw_value
601169.XSHG,parent_balance,2020-06-30,2020q2,,2020-08-28,loan_and_advance,1439267000000.0,finance_balance_sheet_parent_current_only.csv,loan_and_advance,quarterly_direct,identity_q1_or_ytd_diff,
601169.XSHG,parent_balance,2020-06-30,2020q2,,2020-08-28,advance_payment,,finance_balance_sheet_parent_current_only.csv,advance_payment,,identity_q1_or_ytd_diff,missing_raw_value
601169.XSHG,parent_balance,2020-06-30,2020q2,,2020-08-28,hold_for_sale_assets,,finance_balance_sheet_parent_current_only.csv,hold_for_sale_assets,,identity_q1_or_ytd_diff,missing_raw_value
601169.XSHG,parent_balance,2020-06-30,2020q2,,2020-08-28,hold_to_maturity_investments,,finance_balance_sheet_parent_current_only.csv,hold_to_maturity_investments,,identity_q1_or_ytd_diff,missing_raw_value
601169.XSHG,parent_balance,2020-06-30,2020q2,,2020-08-28,longterm_equity_invest,4927000000.0,finance_balance_sheet_parent_current_only.csv,longterm_equity_invest,quarterly_direct,identity_q1_or_ytd_diff,
601169.XSHG,parent_balance,2020-06-30,2020q2,,2020-08-28,investment_property,370000000.0,finance_balance_sheet_parent_current_only.csv,investment_property,quarterly_direct,identity_q1_or_ytd_diff,
601169.XSHG,parent_balance,2020-06-30,2020q2,,2020-08-28,inventories,,finance_balance_sheet_parent_current_only.csv,inventories,,identity_q1_or_ytd_diff,missing_raw_value
601169.XSHG,parent_balance,2020-06-30,2020q2,,2020-08-28,fixed_assets,18307000000.0,finance_balance_sheet_parent_current_only.csv,fixed_assets,quarterly_direct,identity_q1_or_ytd_diff,
601169.XSHG,parent_balance,2020-06-30,2020q2,,2020-08-28,constru_in_process,,finance_balance_sheet_parent_current_only.csv,constru_in_process,,identity_q1_or_ytd_diff,missing_raw_value
601169.XSHG,parent_balance,2020-06-30,2020q2,,2020-08-28,intangible_assets,528000000.0,finance_balance_sheet_parent_current_only.csv,intangible_assets,quarterly_direct,identity_q1_or_ytd_diff,
601169.XSHG,parent_balance,2020-06-30,2020q2,,2020-08-28,long_deferred_expense,,finance_balance_sheet_parent_current_only.csv,long_deferred_expense,,identity_q1_or_ytd_diff,missing_raw_value
601169.XSHG,parent_balance,2020-06-30,2020q2,,2020-08-28,deferred_tax_assets,20790000000.0,finance_balance_sheet_parent_current_only.csv,deferred_tax_assets,quarterly_direct,identity_q1_or_ytd_diff,
601169.XSHG,parent_balance,2020-06-30,2020q2,,2020-08-28,other_asset,9248000000.0,finance_balance_sheet_parent_current_only.csv,other_asset,quarterly_direct,identity_q1_or_ytd_diff,
601169.XSHG,parent_balance,2020-06-30,2020q2,,2020-08-28,total_assets,2841350000000.0,finance_balance_sheet_parent_current_only.csv,total_assets,quarterly_direct,identity_q1_or_ytd_diff,
601169.XSHG,parent_balance,2020-06-30,2020q2,,2020-08-28,borrowing_from_centralbank,96169000000.0,finance_balance_sheet_parent_current_only.csv,borrowing_from_centralbank,quarterly_direct,identity_q1_or_ytd_diff,
601169.XSHG,parent_balance,2020-06-30,2020q2,,2020-08-28,shortterm_loan,,finance_balance_sheet_parent_current_only.csv,shortterm_loan,,identity_q1_or_ytd_diff,missing_raw_value
601169.XSHG,parent_balance,2020-06-30,2020q2,,2020-08-28,borrowing_capital,54474000000.0,finance_balance_sheet_parent_current_only.csv,borrowing_capital,quarterly_direct,identity_q1_or_ytd_diff,
601169.XSHG,parent_balance,2020-06-30,2020q2,,2020-08-28,sold_buyback_secu_proceeds,19279000000.0,finance_balance_sheet_parent_current_only.csv,sold_buyback_secu_proceeds,quarterly_direct,identity_q1_or_ytd_diff,
601169.XSHG,parent_balance,2020-06-30,2020q2,,2020-08-28,proxy_secu_proceeds,,finance_balance_sheet_parent_current_only.csv,proxy_secu_proceeds,,identity_q1_or_ytd_diff,missing_raw_value
601169.XSHG,parent_balance,2020-06-30,2020q2,,2020-08-28,notes_payable,,finance_balance_sheet_parent_current_only.csv,notes_payable,,identity_q1_or_ytd_diff,missing_raw_value
601169.XSHG,parent_balance,2020-06-30,2020q2,,2020-08-28,advance_peceipts,,finance_balance_sheet_parent_current_only.csv,advance_peceipts,,identity_q1_or_ytd_diff,missing_raw_value
601169.XSHG,parent_balance,2020-06-30,2020q2,,2020-08-28,commission_payable,,finance_balance_sheet_parent_current_only.csv,commission_payable,,identity_q1_or_ytd_diff,missing_raw_value
601169.XSHG,parent_balance,2020-06-30,2020q2,,2020-08-28,salaries_payable,3492000000.0,finance_balance_sheet_parent_current_only.csv,salaries_payable,quarterly_direct,identity_q1_or_ytd_diff,
601169.XSHG,parent_balance,2020-06-30,2020q2,,2020-08-28,taxs_payable,2420000000.0,finance_balance_sheet_parent_current_only.csv,taxs_payable,quarterly_direct,identity_q1_or_ytd_diff,
601169.XSHG,parent_balance,2020-06-30,2020q2,,2020-08-28,interest_payable,,finance_balance_sheet_parent_current_only.csv,interest_payable,,identity_q1_or_ytd_diff,missing_raw_value
601169.XSHG,parent_balance,2020-06-30,2020q2,,2020-08-28,estimate_liability,6451000000.0,finance_balance_sheet_parent_current_only.csv,estimate_liability,quarterly_direct,identity_q1_or_ytd_diff,
601169.XSHG,parent_balance,2020-06-30,2020q2,,2020-08-28,longterm_loan,,finance_balance_sheet_parent_current_only.csv,longterm_loan,,identity_q1_or_ytd_diff,missing_raw_value
601169.XSHG,parent_balance,2020-06-30,2020q2,,2020-08-28,bonds_payable,404137000000.0,finance_balance_sheet_parent_current_only.csv,bonds_payable,quarterly_direct,identity_q1_or_ytd_diff,
601169.XSHG,parent_balance,2020-06-30,2020q2,,2020-08-28,deferred_tax_liability,,finance_balance_sheet_parent_current_only.csv,deferred_tax_liability,,identity_q1_or_ytd_diff,missing_raw_value
601169.XSHG,parent_balance,2020-06-30,2020q2,,2020-08-28,other_liability,22005000000.0,finance_balance_sheet_parent_current_only.csv,other_liability,quarterly_direct,identity_q1_or_ytd_diff,
601169.XSHG,parent_balance,2020-06-30,2020q2,,2020-08-28,total_liability,2630987000000.0,finance_balance_sheet_parent_current_only.csv,total_liability,quarterly_direct,identity_q1_or_ytd_diff,
601169.XSHG,parent_balance,2020-06-30,2020q2,,2020-08-28,paidin_capital,21143000000.0,finance_balance_sheet_parent_current_only.csv,paidin_capital,quarterly_direct,identity_q1_or_ytd_diff,
601169.XSHG,parent_balance,2020-06-30,2020q2,,2020-08-28,capital_reserve_fund,43777000000.0,finance_balance_sheet_parent_current_only.csv,capital_reserve_fund,quarterly_direct,identity_q1_or_ytd_diff,
601169.XSHG,parent_balance,2020-06-30,2020q2,,2020-08-28,treasury_stock,,finance_balance_sheet_parent_current_only.csv,treasury_stock,,identity_q1_or_ytd_diff,missing_raw_value
601169.XSHG,parent_balance,2020-06-30,2020q2,,2020-08-28,surplus_reserve_fund,17751000000.0,finance_balance_sheet_parent_current_only.csv,surplus_reserve_fund,quarterly_direct,identity_q1_or_ytd_diff,
601169.XSHG,parent_balance,2020-06-30,2020q2,,2020-08-28,equities_parent_company_owners,210363000000.0,finance_balance_sheet_parent_current_only.csv,equities_parent_company_owners,quarterly_direct,identity_q1_or_ytd_diff,
601169.XSHG,parent_balance,2020-06-30,2020q2,,2020-08-28,retained_profit,75593000000.0,finance_balance_sheet_parent_current_only.csv,retained_profit,quarterly_direct,identity_q1_or_ytd_diff,
601169.XSHG,parent_balance,2020-06-30,2020q2,,2020-08-28,minority_interests,,finance_balance_sheet_parent_current_only.csv,minority_interests,,identity_q1_or_ytd_diff,missing_raw_value
601169.XSHG,parent_balance,2020-06-30,2020q2,,2020-08-28,total_owner_equities,210363000000.0,finance_balance_sheet_parent_current_only.csv,total_owner_equities,quarterly_direct,identity_q1_or_ytd_diff,
601169.XSHG,parent_balance,2020-06-30,2020q2,,2020-08-28,other_comprehensive_income,2998000000.0,finance_balance_sheet_parent_current_only.csv,other_comprehensive_income,quarterly_direct,identity_q1_or_ytd_diff,
601169.XSHG,parent_balance,2020-09-30,2020q3,,2020-10-31,deposit_in_ib,18687000000.0,finance_balance_sheet_parent_current_only.csv,deposit_in_ib,quarterly_direct,identity_q1_or_ytd_diff,
601169.XSHG,parent_balance,2020-09-30,2020q3,,2020-10-31,cash_equivalents,,finance_balance_sheet_parent_current_only.csv,cash_equivalents,,identity_q1_or_ytd_diff,missing_raw_value
601169.XSHG,parent_balance,2020-09-30,2020q3,,2020-10-31,deposit_client,,finance_balance_sheet_parent_current_only.csv,deposit_client,,identity_q1_or_ytd_diff,missing_raw_value
601169.XSHG,parent_balance,2020-09-30,2020q3,,2020-10-31,cash_in_cb,167857000000.0,finance_balance_sheet_parent_current_only.csv,cash_in_cb,quarterly_direct,identity_q1_or_ytd_diff,
601169.XSHG,parent_balance,2020-09-30,2020q3,,2020-10-31,settlement_provi,,finance_balance_sheet_parent_current_only.csv,settlement_provi,,identity_q1_or_ytd_diff,missing_raw_value
601169.XSHG,parent_balance,2020-09-30,2020q3,,2020-10-31,settlement_provi_client,,finance_balance_sheet_parent_current_only.csv,settlement_provi_client,,identity_q1_or_ytd_diff,missing_raw_value
601169.XSHG,parent_balance,2020-09-30,2020q3,,2020-10-31,lend_capital,107641000000.0,finance_balance_sheet_parent_current_only.csv,lend_capital,quarterly_direct,identity_q1_or_ytd_diff,
601169.XSHG,parent_balance,2020-09-30,2020q3,,2020-10-31,bought_sellback_assets,9569000000.0,finance_balance_sheet_parent_current_only.csv,bought_sellback_assets,quarterly_direct,identity_q1_or_ytd_diff,
601169.XSHG,parent_balance,2020-09-30,2020q3,,2020-10-31,interest_receivable,,finance_balance_sheet_parent_current_only.csv,interest_receivable,,identity_q1_or_ytd_diff,missing_raw_value
601169.XSHG,parent_balance,2020-09-30,2020q3,,2020-10-31,insurance_receivables,,finance_balance_sheet_parent_current_only.csv,insurance_receivables,,identity_q1_or_ytd_diff,missing_raw_value
601169.XSHG,parent_balance,2020-09-30,2020q3,,2020-10-31,loan_and_advance,1465639000000.0,finance_balance_sheet_parent_current_only.csv,loan_and_advance,quarterly_direct,identity_q1_or_ytd_diff,
601169.XSHG,parent_balance,2020-09-30,2020q3,,2020-10-31,advance_payment,,finance_balance_sheet_parent_current_only.csv,advance_payment,,identity_q1_or_ytd_diff,missing_raw_value
601169.XSHG,parent_balance,2020-09-30,2020q3,,2020-10-31,hold_for_sale_assets,,finance_balance_sheet_parent_current_only.csv,hold_for_sale_assets,,identity_q1_or_ytd_diff,missing_raw_value
601169.XSHG,parent_balance,2020-09-30,2020q3,,2020-10-31,hold_to_maturity_investments,,finance_balance_sheet_parent_current_only.csv,hold_to_maturity_investments,,identity_q1_or_ytd_diff,missing_raw_value
601169.XSHG,parent_balance,2020-09-30,2020q3,,2020-10-31,longterm_equity_invest,4884000000.0,finance_balance_sheet_parent_current_only.csv,longterm_equity_invest,quarterly_direct,identity_q1_or_ytd_diff,
601169.XSHG,parent_balance,2020-09-30,2020q3,,2020-10-31,investment_property,366000000.0,finance_balance_sheet_parent_current_only.csv,investment_property,quarterly_direct,identity_q1_or_ytd_diff,
601169.XSHG,parent_balance,2020-09-30,2020q3,,2020-10-31,inventories,,finance_balance_sheet_parent_current_only.csv,inventories,,identity_q1_or_ytd_diff,missing_raw_value
601169.XSHG,parent_balance,2020-09-30,2020q3,,2020-10-31,fixed_assets,18219000000.0,finance_balance_sheet_parent_current_only.csv,fixed_assets,quarterly_direct,identity_q1_or_ytd_diff,
601169.XSHG,parent_balance,2020-09-30,2020q3,,2020-10-31,constru_in_process,,finance_balance_sheet_parent_current_only.csv,constru_in_process,,identity_q1_or_ytd_diff,missing_raw_value
601169.XSHG,parent_balance,2020-09-30,2020q3,,2020-10-31,intangible_assets,524000000.0,finance_balance_sheet_parent_current_only.csv,intangible_assets,quarterly_direct,identity_q1_or_ytd_diff,
601169.XSHG,parent_balance,2020-09-30,2020q3,,2020-10-31,long_deferred_expense,,finance_balance_sheet_parent_current_only.csv,long_deferred_expense,,identity_q1_or_ytd_diff,missing_raw_value
601169.XSHG,parent_balance,2020-09-30,2020q3,,2020-10-31,deferred_tax_assets,23132000000.0,finance_balance_sheet_parent_current_only.csv,deferred_tax_assets,quarterly_direct,identity_q1_or_ytd_diff,
601169.XSHG,parent_balance,2020-09-30,2020q3,,2020-10-31,other_asset,10326000000.0,finance_balance_sheet_parent_current_only.csv,other_asset,quarterly_direct,identity_q1_or_ytd_diff,
601169.XSHG,parent_balance,2020-09-30,2020q3,,2020-10-31,total_assets,2824371000000.0,finance_balance_sheet_parent_current_only.csv,total_assets,quarterly_direct,identity_q1_or_ytd_diff,
601169.XSHG,parent_balance,2020-09-30,2020q3,,2020-10-31,borrowing_from_centralbank,116743000000.0,finance_balance_sheet_parent_current_only.csv,borrowing_from_centralbank,quarterly_direct,identity_q1_or_ytd_diff,
601169.XSHG,parent_balance,2020-09-30,2020q3,,2020-10-31,shortterm_loan,,finance_balance_sheet_parent_current_only.csv,shortterm_loan,,identity_q1_or_ytd_diff,missing_raw_value
601169.XSHG,parent_balance,2020-09-30,2020q3,,2020-10-31,borrowing_capital,50506000000.0,finance_balance_sheet_parent_current_only.csv,borrowing_capital,quarterly_direct,identity_q1_or_ytd_diff,
601169.XSHG,parent_balance,2020-09-30,2020q3,,2020-10-31,sold_buyback_secu_proceeds,18559000000.0,finance_balance_sheet_parent_current_only.csv,sold_buyback_secu_proceeds,quarterly_direct,identity_q1_or_ytd_diff,
601169.XSHG,parent_balance,2020-09-30,2020q3,,2020-10-31,proxy_secu_proceeds,,finance_balance_sheet_parent_current_only.csv,proxy_secu_proceeds,,identity_q1_or_ytd_diff,missing_raw_value
601169.XSHG,parent_balance,2020-09-30,2020q3,,2020-10-31,notes_payable,,finance_balance_sheet_parent_current_only.csv,notes_payable,,identity_q1_or_ytd_diff,missing_raw_value
601169.XSHG,parent_balance,2020-09-30,2020q3,,2020-10-31,advance_peceipts,,finance_balance_sheet_parent_current_only.csv,advance_peceipts,,identity_q1_or_ytd_diff,missing_raw_value
601169.XSHG,parent_balance,2020-09-30,2020q3,,2020-10-31,commission_payable,,finance_balance_sheet_parent_current_only.csv,commission_payable,,identity_q1_or_ytd_diff,missing_raw_value
601169.XSHG,parent_balance,2020-09-30,2020q3,,2020-10-31,salaries_payable,3506000000.0,finance_balance_sheet_parent_current_only.csv,salaries_payable,quarterly_direct,identity_q1_or_ytd_diff,
601169.XSHG,parent_balance,2020-09-30,2020q3,,2020-10-31,taxs_payable,3682000000.0,finance_balance_sheet_parent_current_only.csv,taxs_payable,quarterly_direct,identity_q1_or_ytd_diff,
601169.XSHG,parent_balance,2020-09-30,2020q3,,2020-10-31,interest_payable,,finance_balance_sheet_parent_current_only.csv,interest_payable,,identity_q1_or_ytd_diff,missing_raw_value
601169.XSHG,parent_balance,2020-09-30,2020q3,,2020-10-31,estimate_liability,5720000000.0,finance_balance_sheet_parent_current_only.csv,estimate_liability,quarterly_direct,identity_q1_or_ytd_diff,
601169.XSHG,parent_balance,2020-09-30,2020q3,,2020-10-31,longterm_loan,,finance_balance_sheet_parent_current_only.csv,longterm_loan,,identity_q1_or_ytd_diff,missing_raw_value
601169.XSHG,parent_balance,2020-09-30,2020q3,,2020-10-31,bonds_payable,390470000000.0,finance_balance_sheet_parent_current_only.csv,bonds_payable,quarterly_direct,identity_q1_or_ytd_diff,
601169.XSHG,parent_balance,2020-09-30,2020q3,,2020-10-31,deferred_tax_liability,,finance_balance_sheet_parent_current_only.csv,deferred_tax_liability,,identity_q1_or_ytd_diff,missing_raw_value
601169.XSHG,parent_balance,2020-09-30,2020q3,,2020-10-31,other_liability,9991000000.0,finance_balance_sheet_parent_current_only.csv,other_liability,quarterly_direct,identity_q1_or_ytd_diff,
601169.XSHG,parent_balance,2020-09-30,2020q3,,2020-10-31,total_liability,2611591000000.0,finance_balance_sheet_parent_current_only.csv,total_liability,quarterly_direct,identity_q1_or_ytd_diff,
601169.XSHG,parent_balance,2020-09-30,2020q3,,2020-10-31,paidin_capital,21143000000.0,finance_balance_sheet_parent_current_only.csv,paidin_capital,quarterly_direct,identity_q1_or_ytd_diff,
601169.XSHG,parent_balance,2020-09-30,2020q3,,2020-10-31,capital_reserve_fund,43777000000.0,finance_balance_sheet_parent_current_only.csv,capital_reserve_fund,quarterly_direct,identity_q1_or_ytd_diff,
601169.XSHG,parent_balance,2020-09-30,2020q3,,2020-10-31,treasury_stock,,finance_balance_sheet_parent_current_only.csv,treasury_stock,,identity_q1_or_ytd_diff,missing_raw_value
601169.XSHG,parent_balance,2020-09-30,2020q3,,2020-10-31,surplus_reserve_fund,17751000000.0,finance_balance_sheet_parent_current_only.csv,surplus_reserve_fund,quarterly_direct,identity_q1_or_ytd_diff,
601169.XSHG,parent_balance,2020-09-30,2020q3,,2020-10-31,equities_parent_company_owners,212780000000.0,finance_balance_sheet_parent_current_only.csv,equities_parent_company_owners,quarterly_direct,identity_q1_or_ytd_diff,
601169.XSHG,parent_balance,2020-09-30,2020q3,,2020-10-31,retained_profit,80581000000.0,finance_balance_sheet_parent_current_only.csv,retained_profit,quarterly_direct,identity_q1_or_ytd_diff,
601169.XSHG,parent_balance,2020-09-30,2020q3,,2020-10-31,minority_interests,,finance_balance_sheet_parent_current_only.csv,minority_interests,,identity_q1_or_ytd_diff,missing_raw_value
601169.XSHG,parent_balance,2020-09-30,2020q3,,2020-10-31,total_owner_equities,212780000000.0,finance_balance_sheet_parent_current_only.csv,total_owner_equities,quarterly_direct,identity_q1_or_ytd_diff,
601169.XSHG,parent_balance,2020-09-30,2020q3,,2020-10-31,other_comprehensive_income,427000000.0,finance_balance_sheet_parent_current_only.csv,other_comprehensive_income,quarterly_direct,identity_q1_or_ytd_diff,
601169.XSHG,parent_balance,2020-12-31,2020q4,,2021-04-30,deposit_in_ib,5869000000.0,finance_balance_sheet_parent_current_only.csv,deposit_in_ib,quarterly_direct,identity_q1_or_ytd_diff,
601169.XSHG,parent_balance,2020-12-31,2020q4,,2021-04-30,cash_equivalents,,finance_balance_sheet_parent_current_only.csv,cash_equivalents,,identity_q1_or_ytd_diff,missing_raw_value
601169.XSHG,parent_balance,2020-12-31,2020q4,,2021-04-30,deposit_client,,finance_balance_sheet_parent_current_only.csv,deposit_client,,identity_q1_or_ytd_diff,missing_raw_value
601169.XSHG,parent_balance,2020-12-31,2020q4,,2021-04-30,cash_in_cb,171352000000.0,finance_balance_sheet_parent_current_only.csv,cash_in_cb,quarterly_direct,identity_q1_or_ytd_diff,
601169.XSHG,parent_balance,2020-12-31,2020q4,,2021-04-30,settlement_provi,,finance_balance_sheet_parent_current_only.csv,settlement_provi,,identity_q1_or_ytd_diff,missing_raw_value
601169.XSHG,parent_balance,2020-12-31,2020q4,,2021-04-30,settlement_provi_client,,finance_balance_sheet_parent_current_only.csv,settlement_provi_client,,identity_q1_or_ytd_diff,missing_raw_value
601169.XSHG,parent_balance,2020-12-31,2020q4,,2021-04-30,lend_capital,123631000000.0,finance_balance_sheet_parent_current_only.csv,lend_capital,quarterly_direct,identity_q1_or_ytd_diff,
601169.XSHG,parent_balance,2020-12-31,2020q4,,2021-04-30,bought_sellback_assets,32028000000.0,finance_balance_sheet_parent_current_only.csv,bought_sellback_assets,quarterly_direct,identity_q1_or_ytd_diff,
601169.XSHG,parent_balance,2020-12-31,2020q4,,2021-04-30,interest_receivable,,finance_balance_sheet_parent_current_only.csv,interest_receivable,,identity_q1_or_ytd_diff,missing_raw_value
601169.XSHG,parent_balance,2020-12-31,2020q4,,2021-04-30,insurance_receivables,,finance_balance_sheet_parent_current_only.csv,insurance_receivables,,identity_q1_or_ytd_diff,missing_raw_value
601169.XSHG,parent_balance,2020-12-31,2020q4,,2021-04-30,loan_and_advance,1478552000000.0,finance_balance_sheet_parent_current_only.csv,loan_and_advance,quarterly_direct,identity_q1_or_ytd_diff,
601169.XSHG,parent_balance,2020-12-31,2020q4,,2021-04-30,advance_payment,,finance_balance_sheet_parent_current_only.csv,advance_payment,,identity_q1_or_ytd_diff,missing_raw_value
601169.XSHG,parent_balance,2020-12-31,2020q4,,2021-04-30,hold_for_sale_assets,,finance_balance_sheet_parent_current_only.csv,hold_for_sale_assets,,identity_q1_or_ytd_diff,missing_raw_value
601169.XSHG,parent_balance,2020-12-31,2020q4,,2021-04-30,hold_to_maturity_investments,,finance_balance_sheet_parent_current_only.csv,hold_to_maturity_investments,,identity_q1_or_ytd_diff,missing_raw_value
601169.XSHG,parent_balance,2020-12-31,2020q4,,2021-04-30,longterm_equity_invest,5056000000.0,finance_balance_sheet_parent_current_only.csv,longterm_equity_invest,quarterly_direct,identity_q1_or_ytd_diff,
601169.XSHG,parent_balance,2020-12-31,2020q4,,2021-04-30,investment_property,362000000.0,finance_balance_sheet_parent_current_only.csv,investment_property,quarterly_direct,identity_q1_or_ytd_diff,
601169.XSHG,parent_balance,2020-12-31,2020q4,,2021-04-30,inventories,,finance_balance_sheet_parent_current_only.csv,inventories,,identity_q1_or_ytd_diff,missing_raw_value
601169.XSHG,parent_balance,2020-12-31,2020q4,,2021-04-30,fixed_assets,18462000000.0,finance_balance_sheet_parent_current_only.csv,fixed_assets,quarterly_direct,identity_q1_or_ytd_diff,
601169.XSHG,parent_balance,2020-12-31,2020q4,,2021-04-30,constru_in_process,,finance_balance_sheet_parent_current_only.csv,constru_in_process,,identity_q1_or_ytd_diff,missing_raw_value
601169.XSHG,parent_balance,2020-12-31,2020q4,,2021-04-30,intangible_assets,581000000.0,finance_balance_sheet_parent_current_only.csv,intangible_assets,quarterly_direct,identity_q1_or_ytd_diff,
601169.XSHG,parent_balance,2020-12-31,2020q4,,2021-04-30,long_deferred_expense,,finance_balance_sheet_parent_current_only.csv,long_deferred_expense,,identity_q1_or_ytd_diff,missing_raw_value
601169.XSHG,parent_balance,2020-12-31,2020q4,,2021-04-30,deferred_tax_assets,24135000000.0,finance_balance_sheet_parent_current_only.csv,deferred_tax_assets,quarterly_direct,identity_q1_or_ytd_diff,
601169.XSHG,parent_balance,2020-12-31,2020q4,,2021-04-30,other_asset,9806000000.0,finance_balance_sheet_parent_current_only.csv,other_asset,quarterly_direct,identity_q1_or_ytd_diff,
601169.XSHG,parent_balance,2020-12-31,2020q4,,2021-04-30,total_assets,2856621000000.0,finance_balance_sheet_parent_current_only.csv,total_assets,quarterly_direct,identity_q1_or_ytd_diff,
601169.XSHG,parent_balance,2020-12-31,2020q4,,2021-04-30,borrowing_from_centralbank,123015000000.0,finance_balance_sheet_parent_current_only.csv,borrowing_from_centralbank,quarterly_direct,identity_q1_or_ytd_diff,
601169.XSHG,parent_balance,2020-12-31,2020q4,,2021-04-30,shortterm_loan,,finance_balance_sheet_parent_current_only.csv,shortterm_loan,,identity_q1_or_ytd_diff,missing_raw_value
601169.XSHG,parent_balance,2020-12-31,2020q4,,2021-04-30,borrowing_capital,47400000000.0,finance_balance_sheet_parent_current_only.csv,borrowing_capital,quarterly_direct,identity_q1_or_ytd_diff,
601169.XSHG,parent_balance,2020-12-31,2020q4,,2021-04-30,sold_buyback_secu_proceeds,17858000000.0,finance_balance_sheet_parent_current_only.csv,sold_buyback_secu_proceeds,quarterly_direct,identity_q1_or_ytd_diff,
601169.XSHG,parent_balance,2020-12-31,2020q4,,2021-04-30,proxy_secu_proceeds,,finance_balance_sheet_parent_current_only.csv,proxy_secu_proceeds,,identity_q1_or_ytd_diff,missing_raw_value
601169.XSHG,parent_balance,2020-12-31,2020q4,,2021-04-30,notes_payable,,finance_balance_sheet_parent_current_only.csv,notes_payable,,identity_q1_or_ytd_diff,missing_raw_value
601169.XSHG,parent_balance,2020-12-31,2020q4,,2021-04-30,advance_peceipts,,finance_balance_sheet_parent_current_only.csv,advance_peceipts,,identity_q1_or_ytd_diff,missing_raw_value
601169.XSHG,parent_balance,2020-12-31,2020q4,,2021-04-30,commission_payable,,finance_balance_sheet_parent_current_only.csv,commission_payable,,identity_q1_or_ytd_diff,missing_raw_value
601169.XSHG,parent_balance,2020-12-31,2020q4,,2021-04-30,salaries_payable,3872000000.0,finance_balance_sheet_parent_current_only.csv,salaries_payable,quarterly_direct,identity_q1_or_ytd_diff,
601169.XSHG,parent_balance,2020-12-31,2020q4,,2021-04-30,taxs_payable,4910000000.0,finance_balance_sheet_parent_current_only.csv,taxs_payable,quarterly_direct,identity_q1_or_ytd_diff,
601169.XSHG,parent_balance,2020-12-31,2020q4,,2021-04-30,interest_payable,,finance_balance_sheet_parent_current_only.csv,interest_payable,,identity_q1_or_ytd_diff,missing_raw_value
601169.XSHG,parent_balance,2020-12-31,2020q4,,2021-04-30,estimate_liability,5506000000.0,finance_balance_sheet_parent_current_only.csv,estimate_liability,quarterly_direct,identity_q1_or_ytd_diff,
601169.XSHG,parent_balance,2020-12-31,2020q4,,2021-04-30,longterm_loan,,finance_balance_sheet_parent_current_only.csv,longterm_loan,,identity_q1_or_ytd_diff,missing_raw_value
601169.XSHG,parent_balance,2020-12-31,2020q4,,2021-04-30,bonds_payable,379803000000.0,finance_balance_sheet_parent_current_only.csv,bonds_payable,quarterly_direct,identity_q1_or_ytd_diff,
601169.XSHG,parent_balance,2020-12-31,2020q4,,2021-04-30,deferred_tax_liability,,finance_balance_sheet_parent_current_only.csv,deferred_tax_liability,,identity_q1_or_ytd_diff,missing_raw_value
601169.XSHG,parent_balance,2020-12-31,2020q4,,2021-04-30,other_liability,7694000000.0,finance_balance_sheet_parent_current_only.csv,other_liability,quarterly_direct,identity_q1_or_ytd_diff,
601169.XSHG,parent_balance,2020-12-31,2020q4,,2021-04-30,total_liability,2638464000000.0,finance_balance_sheet_parent_current_only.csv,total_liability,quarterly_direct,identity_q1_or_ytd_diff,
601169.XSHG,parent_balance,2020-12-31,2020q4,,2021-04-30,paidin_capital,21143000000.0,finance_balance_sheet_parent_current_only.csv,paidin_capital,quarterly_direct,identity_q1_or_ytd_diff,
601169.XSHG,parent_balance,2020-12-31,2020q4,,2021-04-30,capital_reserve_fund,43777000000.0,finance_balance_sheet_parent_current_only.csv,capital_reserve_fund,quarterly_direct,identity_q1_or_ytd_diff,
601169.XSHG,parent_balance,2020-12-31,2020q4,,2021-04-30,treasury_stock,,finance_balance_sheet_parent_current_only.csv,treasury_stock,,identity_q1_or_ytd_diff,missing_raw_value
601169.XSHG,parent_balance,2020-12-31,2020q4,,2021-04-30,surplus_reserve_fund,19888000000.0,finance_balance_sheet_parent_current_only.csv,surplus_reserve_fund,quarterly_direct,identity_q1_or_ytd_diff,
601169.XSHG,parent_balance,2020-12-31,2020q4,,2021-04-30,equities_parent_company_owners,218157000000.0,finance_balance_sheet_parent_current_only.csv,equities_parent_company_owners,quarterly_direct,identity_q1_or_ytd_diff,
601169.XSHG,parent_balance,2020-12-31,2020q4,,2021-04-30,retained_profit,81857000000.0,finance_balance_sheet_parent_current_only.csv,retained_profit,quarterly_direct,identity_q1_or_ytd_diff,
601169.XSHG,parent_balance,2020-12-31,2020q4,,2021-04-30,minority_interests,,finance_balance_sheet_parent_current_only.csv,minority_interests,,identity_q1_or_ytd_diff,missing_raw_value
601169.XSHG,parent_balance,2020-12-31,2020q4,,2021-04-30,total_owner_equities,218157000000.0,finance_balance_sheet_parent_current_only.csv,total_owner_equities,quarterly_direct,identity_q1_or_ytd_diff,
601169.XSHG,parent_balance,2020-12-31,2020q4,,2021-04-30,other_comprehensive_income,1159000000.0,finance_balance_sheet_parent_current_only.csv,other_comprehensive_income,quarterly_direct,identity_q1_or_ytd_diff,
601169.XSHG,parent_balance,2021-03-31,2021q1,,2021-04-30,deposit_in_ib,7585000000.0,finance_balance_sheet_parent_current_only.csv,deposit_in_ib,quarterly_direct,identity_q1_or_ytd_diff,
601169.XSHG,parent_balance,2021-03-31,2021q1,,2021-04-30,cash_equivalents,,finance_balance_sheet_parent_current_only.csv,cash_equivalents,,identity_q1_or_ytd_diff,missing_raw_value
601169.XSHG,parent_balance,2021-03-31,2021q1,,2021-04-30,deposit_client,,finance_balance_sheet_parent_current_only.csv,deposit_client,,identity_q1_or_ytd_diff,missing_raw_value
601169.XSHG,parent_balance,2021-03-31,2021q1,,2021-04-30,cash_in_cb,180828000000.0,finance_balance_sheet_parent_current_only.csv,cash_in_cb,quarterly_direct,identity_q1_or_ytd_diff,
601169.XSHG,parent_balance,2021-03-31,2021q1,,2021-04-30,settlement_provi,,finance_balance_sheet_parent_current_only.csv,settlement_provi,,identity_q1_or_ytd_diff,missing_raw_value
601169.XSHG,parent_balance,2021-03-31,2021q1,,2021-04-30,settlement_provi_client,,finance_balance_sheet_parent_current_only.csv,settlement_provi_client,,identity_q1_or_ytd_diff,missing_raw_value
601169.XSHG,parent_balance,2021-03-31,2021q1,,2021-04-30,lend_capital,118809000000.0,finance_balance_sheet_parent_current_only.csv,lend_capital,quarterly_direct,identity_q1_or_ytd_diff,
601169.XSHG,parent_balance,2021-03-31,2021q1,,2021-04-30,bought_sellback_assets,60230000000.0,finance_balance_sheet_parent_current_only.csv,bought_sellback_assets,quarterly_direct,identity_q1_or_ytd_diff,
601169.XSHG,parent_balance,2021-03-31,2021q1,,2021-04-30,interest_receivable,,finance_balance_sheet_parent_current_only.csv,interest_receivable,,identity_q1_or_ytd_diff,missing_raw_value
601169.XSHG,parent_balance,2021-03-31,2021q1,,2021-04-30,insurance_receivables,,finance_balance_sheet_parent_current_only.csv,insurance_receivables,,identity_q1_or_ytd_diff,missing_raw_value
601169.XSHG,parent_balance,2021-03-31,2021q1,,2021-04-30,loan_and_advance,1541210000000.0,finance_balance_sheet_parent_current_only.csv,loan_and_advance,quarterly_direct,identity_q1_or_ytd_diff,
601169.XSHG,parent_balance,2021-03-31,2021q1,,2021-04-30,advance_payment,,finance_balance_sheet_parent_current_only.csv,advance_payment,,identity_q1_or_ytd_diff,missing_raw_value
601169.XSHG,parent_balance,2021-03-31,2021q1,,2021-04-30,hold_for_sale_assets,,finance_balance_sheet_parent_current_only.csv,hold_for_sale_assets,,identity_q1_or_ytd_diff,missing_raw_value
601169.XSHG,parent_balance,2021-03-31,2021q1,,2021-04-30,hold_to_maturity_investments,,finance_balance_sheet_parent_current_only.csv,hold_to_maturity_investments,,identity_q1_or_ytd_diff,missing_raw_value
601169.XSHG,parent_balance,2021-03-31,2021q1,,2021-04-30,longterm_equity_invest,5021000000.0,finance_balance_sheet_parent_current_only.csv,longterm_equity_invest,quarterly_direct,identity_q1_or_ytd_diff,
601169.XSHG,parent_balance,2021-03-31,2021q1,,2021-04-30,investment_property,358000000.0,finance_balance_sheet_parent_current_only.csv,investment_property,quarterly_direct,identity_q1_or_ytd_diff,
601169.XSHG,parent_balance,2021-03-31,2021q1,,2021-04-30,inventories,,finance_balance_sheet_parent_current_only.csv,inventories,,identity_q1_or_ytd_diff,missing_raw_value
601169.XSHG,parent_balance,2021-03-31,2021q1,,2021-04-30,fixed_assets,18311000000.0,finance_balance_sheet_parent_current_only.csv,fixed_assets,quarterly_direct,identity_q1_or_ytd_diff,
601169.XSHG,parent_balance,2021-03-31,2021q1,,2021-04-30,constru_in_process,,finance_balance_sheet_parent_current_only.csv,constru_in_process,,identity_q1_or_ytd_diff,missing_raw_value
601169.XSHG,parent_balance,2021-03-31,2021q1,,2021-04-30,intangible_assets,581000000.0,finance_balance_sheet_parent_current_only.csv,intangible_assets,quarterly_direct,identity_q1_or_ytd_diff,
601169.XSHG,parent_balance,2021-03-31,2021q1,,2021-04-30,long_deferred_expense,,finance_balance_sheet_parent_current_only.csv,long_deferred_expense,,identity_q1_or_ytd_diff,missing_raw_value
601169.XSHG,parent_balance,2021-03-31,2021q1,,2021-04-30,deferred_tax_assets,25468000000.0,finance_balance_sheet_parent_current_only.csv,deferred_tax_assets,quarterly_direct,identity_q1_or_ytd_diff,
601169.XSHG,parent_balance,2021-03-31,2021q1,,2021-04-30,other_asset,9377000000.0,finance_balance_sheet_parent_current_only.csv,other_asset,quarterly_direct,identity_q1_or_ytd_diff,
601169.XSHG,parent_balance,2021-03-31,2021q1,,2021-04-30,total_assets,2984817000000.0,finance_balance_sheet_parent_current_only.csv,total_assets,quarterly_direct,identity_q1_or_ytd_diff,
601169.XSHG,parent_balance,2021-03-31,2021q1,,2021-04-30,borrowing_from_centralbank,119979000000.0,finance_balance_sheet_parent_current_only.csv,borrowing_from_centralbank,quarterly_direct,identity_q1_or_ytd_diff,
601169.XSHG,parent_balance,2021-03-31,2021q1,,2021-04-30,shortterm_loan,,finance_balance_sheet_parent_current_only.csv,shortterm_loan,,identity_q1_or_ytd_diff,missing_raw_value
601169.XSHG,parent_balance,2021-03-31,2021q1,,2021-04-30,borrowing_capital,53850000000.0,finance_balance_sheet_parent_current_only.csv,borrowing_capital,quarterly_direct,identity_q1_or_ytd_diff,
601169.XSHG,parent_balance,2021-03-31,2021q1,,2021-04-30,sold_buyback_secu_proceeds,45630000000.0,finance_balance_sheet_parent_current_only.csv,sold_buyback_secu_proceeds,quarterly_direct,identity_q1_or_ytd_diff,
601169.XSHG,parent_balance,2021-03-31,2021q1,,2021-04-30,proxy_secu_proceeds,,finance_balance_sheet_parent_current_only.csv,proxy_secu_proceeds,,identity_q1_or_ytd_diff,missing_raw_value
601169.XSHG,parent_balance,2021-03-31,2021q1,,2021-04-30,notes_payable,,finance_balance_sheet_parent_current_only.csv,notes_payable,,identity_q1_or_ytd_diff,missing_raw_value
601169.XSHG,parent_balance,2021-03-31,2021q1,,2021-04-30,advance_peceipts,,finance_balance_sheet_parent_current_only.csv,advance_peceipts,,identity_q1_or_ytd_diff,missing_raw_value
601169.XSHG,parent_balance,2021-03-31,2021q1,,2021-04-30,commission_payable,,finance_balance_sheet_parent_current_only.csv,commission_payable,,identity_q1_or_ytd_diff,missing_raw_value
601169.XSHG,parent_balance,2021-03-31,2021q1,,2021-04-30,salaries_payable,3595000000.0,finance_balance_sheet_parent_current_only.csv,salaries_payable,quarterly_direct,identity_q1_or_ytd_diff,
601169.XSHG,parent_balance,2021-03-31,2021q1,,2021-04-30,taxs_payable,6182000000.0,finance_balance_sheet_parent_current_only.csv,taxs_payable,quarterly_direct,identity_q1_or_ytd_diff,
601169.XSHG,parent_balance,2021-03-31,2021q1,,2021-04-30,interest_payable,,finance_balance_sheet_parent_current_only.csv,interest_payable,,identity_q1_or_ytd_diff,missing_raw_value
601169.XSHG,parent_balance,2021-03-31,2021q1,,2021-04-30,estimate_liability,6732000000.0,finance_balance_sheet_parent_current_only.csv,estimate_liability,quarterly_direct,identity_q1_or_ytd_diff,
601169.XSHG,parent_balance,2021-03-31,2021q1,,2021-04-30,longterm_loan,,finance_balance_sheet_parent_current_only.csv,longterm_loan,,identity_q1_or_ytd_diff,missing_raw_value
601169.XSHG,parent_balance,2021-03-31,2021q1,,2021-04-30,bonds_payable,393592000000.0,finance_balance_sheet_parent_current_only.csv,bonds_payable,quarterly_direct,identity_q1_or_ytd_diff,
601169.XSHG,parent_balance,2021-03-31,2021q1,,2021-04-30,deferred_tax_liability,,finance_balance_sheet_parent_current_only.csv,deferred_tax_liability,,identity_q1_or_ytd_diff,missing_raw_value
601169.XSHG,parent_balance,2021-03-31,2021q1,,2021-04-30,other_liability,9780000000.0,finance_balance_sheet_parent_current_only.csv,other_liability,quarterly_direct,identity_q1_or_ytd_diff,
601169.XSHG,parent_balance,2021-03-31,2021q1,,2021-04-30,total_liability,2759678000000.0,finance_balance_sheet_parent_current_only.csv,total_liability,quarterly_direct,identity_q1_or_ytd_diff,
601169.XSHG,parent_balance,2021-03-31,2021q1,,2021-04-30,paidin_capital,21143000000.0,finance_balance_sheet_parent_current_only.csv,paidin_capital,quarterly_direct,identity_q1_or_ytd_diff,
601169.XSHG,parent_balance,2021-03-31,2021q1,,2021-04-30,capital_reserve_fund,43777000000.0,finance_balance_sheet_parent_current_only.csv,capital_reserve_fund,quarterly_direct,identity_q1_or_ytd_diff,
601169.XSHG,parent_balance,2021-03-31,2021q1,,2021-04-30,treasury_stock,,finance_balance_sheet_parent_current_only.csv,treasury_stock,,identity_q1_or_ytd_diff,missing_raw_value
601169.XSHG,parent_balance,2021-03-31,2021q1,,2021-04-30,surplus_reserve_fund,19888000000.0,finance_balance_sheet_parent_current_only.csv,surplus_reserve_fund,quarterly_direct,identity_q1_or_ytd_diff,
601169.XSHG,parent_balance,2021-03-31,2021q1,,2021-04-30,equities_parent_company_owners,225139000000.0,finance_balance_sheet_parent_current_only.csv,equities_parent_company_owners,quarterly_direct,identity_q1_or_ytd_diff,
601169.XSHG,parent_balance,2021-03-31,2021q1,,2021-04-30,retained_profit,88704000000.0,finance_balance_sheet_parent_current_only.csv,retained_profit,quarterly_direct,identity_q1_or_ytd_diff,
601169.XSHG,parent_balance,2021-03-31,2021q1,,2021-04-30,minority_interests,,finance_balance_sheet_parent_current_only.csv,minority_interests,,identity_q1_or_ytd_diff,missing_raw_value
601169.XSHG,parent_balance,2021-03-31,2021q1,,2021-04-30,total_owner_equities,225139000000.0,finance_balance_sheet_parent_current_only.csv,total_owner_equities,quarterly_direct,identity_q1_or_ytd_diff,
601169.XSHG,parent_balance,2021-03-31,2021q1,,2021-04-30,other_comprehensive_income,1294000000.0,finance_balance_sheet_parent_current_only.csv,other_comprehensive_income,quarterly_direct,identity_q1_or_ytd_diff,
601169.XSHG,parent_balance,2021-06-30,2021q2,,2021-08-28,deposit_in_ib,7504000000.0,finance_balance_sheet_parent_current_only.csv,deposit_in_ib,quarterly_direct,identity_q1_or_ytd_diff,
601169.XSHG,parent_balance,2021-06-30,2021q2,,2021-08-28,cash_equivalents,,finance_balance_sheet_parent_current_only.csv,cash_equivalents,,identity_q1_or_ytd_diff,missing_raw_value
601169.XSHG,parent_balance,2021-06-30,2021q2,,2021-08-28,deposit_client,,finance_balance_sheet_parent_current_only.csv,deposit_client,,identity_q1_or_ytd_diff,missing_raw_value
601169.XSHG,parent_balance,2021-06-30,2021q2,,2021-08-28,cash_in_cb,193689000000.0,finance_balance_sheet_parent_current_only.csv,cash_in_cb,quarterly_direct,identity_q1_or_ytd_diff,
601169.XSHG,parent_balance,2021-06-30,2021q2,,2021-08-28,settlement_provi,,finance_balance_sheet_parent_current_only.csv,settlement_provi,,identity_q1_or_ytd_diff,missing_raw_value
601169.XSHG,parent_balance,2021-06-30,2021q2,,2021-08-28,settlement_provi_client,,finance_balance_sheet_parent_current_only.csv,settlement_provi_client,,identity_q1_or_ytd_diff,missing_raw_value
601169.XSHG,parent_balance,2021-06-30,2021q2,,2021-08-28,lend_capital,133343000000.0,finance_balance_sheet_parent_current_only.csv,lend_capital,quarterly_direct,identity_q1_or_ytd_diff,
601169.XSHG,parent_balance,2021-06-30,2021q2,,2021-08-28,bought_sellback_assets,39665000000.0,finance_balance_sheet_parent_current_only.csv,bought_sellback_assets,quarterly_direct,identity_q1_or_ytd_diff,
601169.XSHG,parent_balance,2021-06-30,2021q2,,2021-08-28,interest_receivable,,finance_balance_sheet_parent_current_only.csv,interest_receivable,,identity_q1_or_ytd_diff,missing_raw_value
601169.XSHG,parent_balance,2021-06-30,2021q2,,2021-08-28,insurance_receivables,,finance_balance_sheet_parent_current_only.csv,insurance_receivables,,identity_q1_or_ytd_diff,missing_raw_value
601169.XSHG,parent_balance,2021-06-30,2021q2,,2021-08-28,loan_and_advance,1561932000000.0,finance_balance_sheet_parent_current_only.csv,loan_and_advance,quarterly_direct,identity_q1_or_ytd_diff,
601169.XSHG,parent_balance,2021-06-30,2021q2,,2021-08-28,advance_payment,,finance_balance_sheet_parent_current_only.csv,advance_payment,,identity_q1_or_ytd_diff,missing_raw_value
601169.XSHG,parent_balance,2021-06-30,2021q2,,2021-08-28,hold_for_sale_assets,,finance_balance_sheet_parent_current_only.csv,hold_for_sale_assets,,identity_q1_or_ytd_diff,missing_raw_value
601169.XSHG,parent_balance,2021-06-30,2021q2,,2021-08-28,hold_to_maturity_investments,,finance_balance_sheet_parent_current_only.csv,hold_to_maturity_investments,,identity_q1_or_ytd_diff,missing_raw_value
601169.XSHG,parent_balance,2021-06-30,2021q2,,2021-08-28,longterm_equity_invest,5104000000.0,finance_balance_sheet_parent_current_only.csv,longterm_equity_invest,quarterly_direct,identity_q1_or_ytd_diff,
601169.XSHG,parent_balance,2021-06-30,2021q2,,2021-08-28,investment_property,354000000.0,finance_balance_sheet_parent_current_only.csv,investment_property,quarterly_direct,identity_q1_or_ytd_diff,
601169.XSHG,parent_balance,2021-06-30,2021q2,,2021-08-28,inventories,,finance_balance_sheet_parent_current_only.csv,inventories,,identity_q1_or_ytd_diff,missing_raw_value
601169.XSHG,parent_balance,2021-06-30,2021q2,,2021-08-28,fixed_assets,18167000000.0,finance_balance_sheet_parent_current_only.csv,fixed_assets,quarterly_direct,identity_q1_or_ytd_diff,
601169.XSHG,parent_balance,2021-06-30,2021q2,,2021-08-28,constru_in_process,,finance_balance_sheet_parent_current_only.csv,constru_in_process,,identity_q1_or_ytd_diff,missing_raw_value
601169.XSHG,parent_balance,2021-06-30,2021q2,,2021-08-28,intangible_assets,601000000.0,finance_balance_sheet_parent_current_only.csv,intangible_assets,quarterly_direct,identity_q1_or_ytd_diff,
601169.XSHG,parent_balance,2021-06-30,2021q2,,2021-08-28,long_deferred_expense,,finance_balance_sheet_parent_current_only.csv,long_deferred_expense,,identity_q1_or_ytd_diff,missing_raw_value
601169.XSHG,parent_balance,2021-06-30,2021q2,,2021-08-28,deferred_tax_assets,24966000000.0,finance_balance_sheet_parent_current_only.csv,deferred_tax_assets,quarterly_direct,identity_q1_or_ytd_diff,
601169.XSHG,parent_balance,2021-06-30,2021q2,,2021-08-28,other_asset,22552000000.0,finance_balance_sheet_parent_current_only.csv,other_asset,quarterly_direct,identity_q1_or_ytd_diff,
601169.XSHG,parent_balance,2021-06-30,2021q2,,2021-08-28,total_assets,3014066000000.0,finance_balance_sheet_parent_current_only.csv,total_assets,quarterly_direct,identity_q1_or_ytd_diff,
601169.XSHG,parent_balance,2021-06-30,2021q2,,2021-08-28,borrowing_from_centralbank,123089000000.0,finance_balance_sheet_parent_current_only.csv,borrowing_from_centralbank,quarterly_direct,identity_q1_or_ytd_diff,
601169.XSHG,parent_balance,2021-06-30,2021q2,,2021-08-28,shortterm_loan,,finance_balance_sheet_parent_current_only.csv,shortterm_loan,,identity_q1_or_ytd_diff,missing_raw_value
601169.XSHG,parent_balance,2021-06-30,2021q2,,2021-08-28,borrowing_capital,52343000000.0,finance_balance_sheet_parent_current_only.csv,borrowing_capital,quarterly_direct,identity_q1_or_ytd_diff,
601169.XSHG,parent_balance,2021-06-30,2021q2,,2021-08-28,sold_buyback_secu_proceeds,43687000000.0,finance_balance_sheet_parent_current_only.csv,sold_buyback_secu_proceeds,quarterly_direct,identity_q1_or_ytd_diff,
601169.XSHG,parent_balance,2021-06-30,2021q2,,2021-08-28,proxy_secu_proceeds,,finance_balance_sheet_parent_current_only.csv,proxy_secu_proceeds,,identity_q1_or_ytd_diff,missing_raw_value
601169.XSHG,parent_balance,2021-06-30,2021q2,,2021-08-28,notes_payable,,finance_balance_sheet_parent_current_only.csv,notes_payable,,identity_q1_or_ytd_diff,missing_raw_value
601169.XSHG,parent_balance,2021-06-30,2021q2,,2021-08-28,advance_peceipts,,finance_balance_sheet_parent_current_only.csv,advance_peceipts,,identity_q1_or_ytd_diff,missing_raw_value
601169.XSHG,parent_balance,2021-06-30,2021q2,,2021-08-28,commission_payable,,finance_balance_sheet_parent_current_only.csv,commission_payable,,identity_q1_or_ytd_diff,missing_raw_value
601169.XSHG,parent_balance,2021-06-30,2021q2,,2021-08-28,salaries_payable,3911000000.0,finance_balance_sheet_parent_current_only.csv,salaries_payable,quarterly_direct,identity_q1_or_ytd_diff,
601169.XSHG,parent_balance,2021-06-30,2021q2,,2021-08-28,taxs_payable,2300000000.0,finance_balance_sheet_parent_current_only.csv,taxs_payable,quarterly_direct,identity_q1_or_ytd_diff,
601169.XSHG,parent_balance,2021-06-30,2021q2,,2021-08-28,interest_payable,,finance_balance_sheet_parent_current_only.csv,interest_payable,,identity_q1_or_ytd_diff,missing_raw_value
601169.XSHG,parent_balance,2021-06-30,2021q2,,2021-08-28,estimate_liability,7076000000.0,finance_balance_sheet_parent_current_only.csv,estimate_liability,quarterly_direct,identity_q1_or_ytd_diff,
601169.XSHG,parent_balance,2021-06-30,2021q2,,2021-08-28,longterm_loan,,finance_balance_sheet_parent_current_only.csv,longterm_loan,,identity_q1_or_ytd_diff,missing_raw_value
601169.XSHG,parent_balance,2021-06-30,2021q2,,2021-08-28,bonds_payable,389781000000.0,finance_balance_sheet_parent_current_only.csv,bonds_payable,quarterly_direct,identity_q1_or_ytd_diff,
601169.XSHG,parent_balance,2021-06-30,2021q2,,2021-08-28,deferred_tax_liability,,finance_balance_sheet_parent_current_only.csv,deferred_tax_liability,,identity_q1_or_ytd_diff,missing_raw_value
601169.XSHG,parent_balance,2021-06-30,2021q2,,2021-08-28,other_liability,20762000000.0,finance_balance_sheet_parent_current_only.csv,other_liability,quarterly_direct,identity_q1_or_ytd_diff,
601169.XSHG,parent_balance,2021-06-30,2021q2,,2021-08-28,total_liability,2790103000000.0,finance_balance_sheet_parent_current_only.csv,total_liability,quarterly_direct,identity_q1_or_ytd_diff,
601169.XSHG,parent_balance,2021-06-30,2021q2,,2021-08-28,paidin_capital,21143000000.0,finance_balance_sheet_parent_current_only.csv,paidin_capital,quarterly_direct,identity_q1_or_ytd_diff,
601169.XSHG,parent_balance,2021-06-30,2021q2,,2021-08-28,capital_reserve_fund,43777000000.0,finance_balance_sheet_parent_current_only.csv,capital_reserve_fund,quarterly_direct,identity_q1_or_ytd_diff,
601169.XSHG,parent_balance,2021-06-30,2021q2,,2021-08-28,treasury_stock,,finance_balance_sheet_parent_current_only.csv,treasury_stock,,identity_q1_or_ytd_diff,missing_raw_value
601169.XSHG,parent_balance,2021-06-30,2021q2,,2021-08-28,surplus_reserve_fund,19888000000.0,finance_balance_sheet_parent_current_only.csv,surplus_reserve_fund,quarterly_direct,identity_q1_or_ytd_diff,
601169.XSHG,parent_balance,2021-06-30,2021q2,,2021-08-28,equities_parent_company_owners,223963000000.0,finance_balance_sheet_parent_current_only.csv,equities_parent_company_owners,quarterly_direct,identity_q1_or_ytd_diff,
601169.XSHG,parent_balance,2021-06-30,2021q2,,2021-08-28,retained_profit,87526000000.0,finance_balance_sheet_parent_current_only.csv,retained_profit,quarterly_direct,identity_q1_or_ytd_diff,
601169.XSHG,parent_balance,2021-06-30,2021q2,,2021-08-28,minority_interests,,finance_balance_sheet_parent_current_only.csv,minority_interests,,identity_q1_or_ytd_diff,missing_raw_value
601169.XSHG,parent_balance,2021-06-30,2021q2,,2021-08-28,total_owner_equities,223963000000.0,finance_balance_sheet_parent_current_only.csv,total_owner_equities,quarterly_direct,identity_q1_or_ytd_diff,
601169.XSHG,parent_balance,2021-06-30,2021q2,,2021-08-28,other_comprehensive_income,1296000000.0,finance_balance_sheet_parent_current_only.csv,other_comprehensive_income,quarterly_direct,identity_q1_or_ytd_diff,
601169.XSHG,parent_balance,2021-09-30,2021q3,,,deposit_in_ib,,,deposit_in_ib,,identity_q1_or_ytd_diff,missing_target_report
601169.XSHG,parent_balance,2021-09-30,2021q3,,,cash_equivalents,,,cash_equivalents,,identity_q1_or_ytd_diff,missing_target_report
601169.XSHG,parent_balance,2021-09-30,2021q3,,,deposit_client,,,deposit_client,,identity_q1_or_ytd_diff,missing_target_report
601169.XSHG,parent_balance,2021-09-30,2021q3,,,cash_in_cb,,,cash_in_cb,,identity_q1_or_ytd_diff,missing_target_report
601169.XSHG,parent_balance,2021-09-30,2021q3,,,settlement_provi,,,settlement_provi,,identity_q1_or_ytd_diff,missing_target_report
601169.XSHG,parent_balance,2021-09-30,2021q3,,,settlement_provi_client,,,settlement_provi_client,,identity_q1_or_ytd_diff,missing_target_report
601169.XSHG,parent_balance,2021-09-30,2021q3,,,lend_capital,,,lend_capital,,identity_q1_or_ytd_diff,missing_target_report
601169.XSHG,parent_balance,2021-09-30,2021q3,,,bought_sellback_assets,,,bought_sellback_assets,,identity_q1_or_ytd_diff,missing_target_report
601169.XSHG,parent_balance,2021-09-30,2021q3,,,interest_receivable,,,interest_receivable,,identity_q1_or_ytd_diff,missing_target_report
601169.XSHG,parent_balance,2021-09-30,2021q3,,,insurance_receivables,,,insurance_receivables,,identity_q1_or_ytd_diff,missing_target_report
601169.XSHG,parent_balance,2021-09-30,2021q3,,,loan_and_advance,,,loan_and_advance,,identity_q1_or_ytd_diff,missing_target_report
601169.XSHG,parent_balance,2021-09-30,2021q3,,,advance_payment,,,advance_payment,,identity_q1_or_ytd_diff,missing_target_report
601169.XSHG,parent_balance,2021-09-30,2021q3,,,hold_for_sale_assets,,,hold_for_sale_assets,,identity_q1_or_ytd_diff,missing_target_report
601169.XSHG,parent_balance,2021-09-30,2021q3,,,hold_to_maturity_investments,,,hold_to_maturity_investments,,identity_q1_or_ytd_diff,missing_target_report
601169.XSHG,parent_balance,2021-09-30,2021q3,,,longterm_equity_invest,,,longterm_equity_invest,,identity_q1_or_ytd_diff,missing_target_report
601169.XSHG,parent_balance,2021-09-30,2021q3,,,investment_property,,,investment_property,,identity_q1_or_ytd_diff,missing_target_report
601169.XSHG,parent_balance,2021-09-30,2021q3,,,inventories,,,inventories,,identity_q1_or_ytd_diff,missing_target_report
601169.XSHG,parent_balance,2021-09-30,2021q3,,,fixed_assets,,,fixed_assets,,identity_q1_or_ytd_diff,missing_target_report
601169.XSHG,parent_balance,2021-09-30,2021q3,,,constru_in_process,,,constru_in_process,,identity_q1_or_ytd_diff,missing_target_report
601169.XSHG,parent_balance,2021-09-30,2021q3,,,intangible_assets,,,intangible_assets,,identity_q1_or_ytd_diff,missing_target_report
601169.XSHG,parent_balance,2021-09-30,2021q3,,,long_deferred_expense,,,long_deferred_expense,,identity_q1_or_ytd_diff,missing_target_report
601169.XSHG,parent_balance,2021-09-30,2021q3,,,deferred_tax_assets,,,deferred_tax_assets,,identity_q1_or_ytd_diff,missing_target_report
601169.XSHG,parent_balance,2021-09-30,2021q3,,,other_asset,,,other_asset,,identity_q1_or_ytd_diff,missing_target_report
601169.XSHG,parent_balance,2021-09-30,2021q3,,,total_assets,,,total_assets,,identity_q1_or_ytd_diff,missing_target_report
601169.XSHG,parent_balance,2021-09-30,2021q3,,,borrowing_from_centralbank,,,borrowing_from_centralbank,,identity_q1_or_ytd_diff,missing_target_report
601169.XSHG,parent_balance,2021-09-30,2021q3,,,shortterm_loan,,,shortterm_loan,,identity_q1_or_ytd_diff,missing_target_report
601169.XSHG,parent_balance,2021-09-30,2021q3,,,borrowing_capital,,,borrowing_capital,,identity_q1_or_ytd_diff,missing_target_report
601169.XSHG,parent_balance,2021-09-30,2021q3,,,sold_buyback_secu_proceeds,,,sold_buyback_secu_proceeds,,identity_q1_or_ytd_diff,missing_target_report
601169.XSHG,parent_balance,2021-09-30,2021q3,,,proxy_secu_proceeds,,,proxy_secu_proceeds,,identity_q1_or_ytd_diff,missing_target_report
601169.XSHG,parent_balance,2021-09-30,2021q3,,,notes_payable,,,notes_payable,,identity_q1_or_ytd_diff,missing_target_report
601169.XSHG,parent_balance,2021-09-30,2021q3,,,advance_peceipts,,,advance_peceipts,,identity_q1_or_ytd_diff,missing_target_report
601169.XSHG,parent_balance,2021-09-30,2021q3,,,commission_payable,,,commission_payable,,identity_q1_or_ytd_diff,missing_target_report
601169.XSHG,parent_balance,2021-09-30,2021q3,,,salaries_payable,,,salaries_payable,,identity_q1_or_ytd_diff,missing_target_report
601169.XSHG,parent_balance,2021-09-30,2021q3,,,taxs_payable,,,taxs_payable,,identity_q1_or_ytd_diff,missing_target_report
601169.XSHG,parent_balance,2021-09-30,2021q3,,,interest_payable,,,interest_payable,,identity_q1_or_ytd_diff,missing_target_report
601169.XSHG,parent_balance,2021-09-30,2021q3,,,estimate_liability,,,estimate_liability,,identity_q1_or_ytd_diff,missing_target_report
601169.XSHG,parent_balance,2021-09-30,2021q3,,,longterm_loan,,,longterm_loan,,identity_q1_or_ytd_diff,missing_target_report
601169.XSHG,parent_balance,2021-09-30,2021q3,,,bonds_payable,,,bonds_payable,,identity_q1_or_ytd_diff,missing_target_report
601169.XSHG,parent_balance,2021-09-30,2021q3,,,deferred_tax_liability,,,deferred_tax_liability,,identity_q1_or_ytd_diff,missing_target_report
601169.XSHG,parent_balance,2021-09-30,2021q3,,,other_liability,,,other_liability,,identity_q1_or_ytd_diff,missing_target_report
601169.XSHG,parent_balance,2021-09-30,2021q3,,,total_liability,,,total_liability,,identity_q1_or_ytd_diff,missing_target_report
601169.XSHG,parent_balance,2021-09-30,2021q3,,,paidin_capital,,,paidin_capital,,identity_q1_or_ytd_diff,missing_target_report
601169.XSHG,parent_balance,2021-09-30,2021q3,,,capital_reserve_fund,,,capital_reserve_fund,,identity_q1_or_ytd_diff,missing_target_report
601169.XSHG,parent_balance,2021-09-30,2021q3,,,treasury_stock,,,treasury_stock,,identity_q1_or_ytd_diff,missing_target_report
601169.XSHG,parent_balance,2021-09-30,2021q3,,,surplus_reserve_fund,,,surplus_reserve_fund,,identity_q1_or_ytd_diff,missing_target_report
601169.XSHG,parent_balance,2021-09-30,2021q3,,,equities_parent_company_owners,,,equities_parent_company_owners,,identity_q1_or_ytd_diff,missing_target_report
601169.XSHG,parent_balance,2021-09-30,2021q3,,,retained_profit,,,retained_profit,,identity_q1_or_ytd_diff,missing_target_report
601169.XSHG,parent_balance,2021-09-30,2021q3,,,minority_interests,,,minority_interests,,identity_q1_or_ytd_diff,missing_target_report
601169.XSHG,parent_balance,2021-09-30,2021q3,,,total_owner_equities,,,total_owner_equities,,identity_q1_or_ytd_diff,missing_target_report
601169.XSHG,parent_balance,2021-09-30,2021q3,,,other_comprehensive_income,,,other_comprehensive_income,,identity_q1_or_ytd_diff,missing_target_report
601169.XSHG,parent_balance,2021-12-31,2021q4,,2022-04-30,deposit_in_ib,7086000000.0,finance_balance_sheet_parent_current_only.csv,deposit_in_ib,quarterly_direct,identity_q1_or_ytd_diff,
601169.XSHG,parent_balance,2021-12-31,2021q4,,2022-04-30,cash_equivalents,,finance_balance_sheet_parent_current_only.csv,cash_equivalents,,identity_q1_or_ytd_diff,missing_raw_value
601169.XSHG,parent_balance,2021-12-31,2021q4,,2022-04-30,deposit_client,,finance_balance_sheet_parent_current_only.csv,deposit_client,,identity_q1_or_ytd_diff,missing_raw_value
601169.XSHG,parent_balance,2021-12-31,2021q4,,2022-04-30,cash_in_cb,162295000000.0,finance_balance_sheet_parent_current_only.csv,cash_in_cb,quarterly_direct,identity_q1_or_ytd_diff,
601169.XSHG,parent_balance,2021-12-31,2021q4,,2022-04-30,settlement_provi,,finance_balance_sheet_parent_current_only.csv,settlement_provi,,identity_q1_or_ytd_diff,missing_raw_value
601169.XSHG,parent_balance,2021-12-31,2021q4,,2022-04-30,settlement_provi_client,,finance_balance_sheet_parent_current_only.csv,settlement_provi_client,,identity_q1_or_ytd_diff,missing_raw_value
601169.XSHG,parent_balance,2021-12-31,2021q4,,2022-04-30,lend_capital,159298000000.0,finance_balance_sheet_parent_current_only.csv,lend_capital,quarterly_direct,identity_q1_or_ytd_diff,
601169.XSHG,parent_balance,2021-12-31,2021q4,,2022-04-30,bought_sellback_assets,42691000000.0,finance_balance_sheet_parent_current_only.csv,bought_sellback_assets,quarterly_direct,identity_q1_or_ytd_diff,
601169.XSHG,parent_balance,2021-12-31,2021q4,,2022-04-30,interest_receivable,,finance_balance_sheet_parent_current_only.csv,interest_receivable,,identity_q1_or_ytd_diff,missing_raw_value
601169.XSHG,parent_balance,2021-12-31,2021q4,,2022-04-30,insurance_receivables,,finance_balance_sheet_parent_current_only.csv,insurance_receivables,,identity_q1_or_ytd_diff,missing_raw_value
601169.XSHG,parent_balance,2021-12-31,2021q4,,2022-04-30,loan_and_advance,1584041000000.0,finance_balance_sheet_parent_current_only.csv,loan_and_advance,quarterly_direct,identity_q1_or_ytd_diff,
601169.XSHG,parent_balance,2021-12-31,2021q4,,2022-04-30,advance_payment,,finance_balance_sheet_parent_current_only.csv,advance_payment,,identity_q1_or_ytd_diff,missing_raw_value
601169.XSHG,parent_balance,2021-12-31,2021q4,,2022-04-30,hold_for_sale_assets,,finance_balance_sheet_parent_current_only.csv,hold_for_sale_assets,,identity_q1_or_ytd_diff,missing_raw_value
601169.XSHG,parent_balance,2021-12-31,2021q4,,2022-04-30,hold_to_maturity_investments,,finance_balance_sheet_parent_current_only.csv,hold_to_maturity_investments,,identity_q1_or_ytd_diff,missing_raw_value
601169.XSHG,parent_balance,2021-12-31,2021q4,,2022-04-30,longterm_equity_invest,5354000000.0,finance_balance_sheet_parent_current_only.csv,longterm_equity_invest,quarterly_direct,identity_q1_or_ytd_diff,
601169.XSHG,parent_balance,2021-12-31,2021q4,,2022-04-30,investment_property,317000000.0,finance_balance_sheet_parent_current_only.csv,investment_property,quarterly_direct,identity_q1_or_ytd_diff,
601169.XSHG,parent_balance,2021-12-31,2021q4,,2022-04-30,inventories,,finance_balance_sheet_parent_current_only.csv,inventories,,identity_q1_or_ytd_diff,missing_raw_value
601169.XSHG,parent_balance,2021-12-31,2021q4,,2022-04-30,fixed_assets,18280000000.0,finance_balance_sheet_parent_current_only.csv,fixed_assets,quarterly_direct,identity_q1_or_ytd_diff,
601169.XSHG,parent_balance,2021-12-31,2021q4,,2022-04-30,constru_in_process,,finance_balance_sheet_parent_current_only.csv,constru_in_process,,identity_q1_or_ytd_diff,missing_raw_value
601169.XSHG,parent_balance,2021-12-31,2021q4,,2022-04-30,intangible_assets,655000000.0,finance_balance_sheet_parent_current_only.csv,intangible_assets,quarterly_direct,identity_q1_or_ytd_diff,
601169.XSHG,parent_balance,2021-12-31,2021q4,,2022-04-30,long_deferred_expense,,finance_balance_sheet_parent_current_only.csv,long_deferred_expense,,identity_q1_or_ytd_diff,missing_raw_value
601169.XSHG,parent_balance,2021-12-31,2021q4,,2022-04-30,deferred_tax_assets,26642000000.0,finance_balance_sheet_parent_current_only.csv,deferred_tax_assets,quarterly_direct,identity_q1_or_ytd_diff,
601169.XSHG,parent_balance,2021-12-31,2021q4,,2022-04-30,other_asset,16684000000.0,finance_balance_sheet_parent_current_only.csv,other_asset,quarterly_direct,identity_q1_or_ytd_diff,
601169.XSHG,parent_balance,2021-12-31,2021q4,,2022-04-30,total_assets,3016975000000.0,finance_balance_sheet_parent_current_only.csv,total_assets,quarterly_direct,identity_q1_or_ytd_diff,
601169.XSHG,parent_balance,2021-12-31,2021q4,,2022-04-30,borrowing_from_centralbank,127510000000.0,finance_balance_sheet_parent_current_only.csv,borrowing_from_centralbank,quarterly_direct,identity_q1_or_ytd_diff,
601169.XSHG,parent_balance,2021-12-31,2021q4,,2022-04-30,shortterm_loan,,finance_balance_sheet_parent_current_only.csv,shortterm_loan,,identity_q1_or_ytd_diff,missing_raw_value
601169.XSHG,parent_balance,2021-12-31,2021q4,,2022-04-30,borrowing_capital,52583000000.0,finance_balance_sheet_parent_current_only.csv,borrowing_capital,quarterly_direct,identity_q1_or_ytd_diff,
601169.XSHG,parent_balance,2021-12-31,2021q4,,2022-04-30,sold_buyback_secu_proceeds,43674000000.0,finance_balance_sheet_parent_current_only.csv,sold_buyback_secu_proceeds,quarterly_direct,identity_q1_or_ytd_diff,
601169.XSHG,parent_balance,2021-12-31,2021q4,,2022-04-30,proxy_secu_proceeds,,finance_balance_sheet_parent_current_only.csv,proxy_secu_proceeds,,identity_q1_or_ytd_diff,missing_raw_value
601169.XSHG,parent_balance,2021-12-31,2021q4,,2022-04-30,notes_payable,,finance_balance_sheet_parent_current_only.csv,notes_payable,,identity_q1_or_ytd_diff,missing_raw_value
601169.XSHG,parent_balance,2021-12-31,2021q4,,2022-04-30,advance_peceipts,,finance_balance_sheet_parent_current_only.csv,advance_peceipts,,identity_q1_or_ytd_diff,missing_raw_value
601169.XSHG,parent_balance,2021-12-31,2021q4,,2022-04-30,commission_payable,,finance_balance_sheet_parent_current_only.csv,commission_payable,,identity_q1_or_ytd_diff,missing_raw_value
601169.XSHG,parent_balance,2021-12-31,2021q4,,2022-04-30,salaries_payable,3718000000.0,finance_balance_sheet_parent_current_only.csv,salaries_payable,quarterly_direct,identity_q1_or_ytd_diff,
601169.XSHG,parent_balance,2021-12-31,2021q4,,2022-04-30,taxs_payable,3703000000.0,finance_balance_sheet_parent_current_only.csv,taxs_payable,quarterly_direct,identity_q1_or_ytd_diff,
601169.XSHG,parent_balance,2021-12-31,2021q4,,2022-04-30,interest_payable,,finance_balance_sheet_parent_current_only.csv,interest_payable,,identity_q1_or_ytd_diff,missing_raw_value
601169.XSHG,parent_balance,2021-12-31,2021q4,,2022-04-30,estimate_liability,4501000000.0,finance_balance_sheet_parent_current_only.csv,estimate_liability,quarterly_direct,identity_q1_or_ytd_diff,
601169.XSHG,parent_balance,2021-12-31,2021q4,,2022-04-30,longterm_loan,,finance_balance_sheet_parent_current_only.csv,longterm_loan,,identity_q1_or_ytd_diff,missing_raw_value
601169.XSHG,parent_balance,2021-12-31,2021q4,,2022-04-30,bonds_payable,382784000000.0,finance_balance_sheet_parent_current_only.csv,bonds_payable,quarterly_direct,identity_q1_or_ytd_diff,
601169.XSHG,parent_balance,2021-12-31,2021q4,,2022-04-30,deferred_tax_liability,,finance_balance_sheet_parent_current_only.csv,deferred_tax_liability,,identity_q1_or_ytd_diff,missing_raw_value
601169.XSHG,parent_balance,2021-12-31,2021q4,,2022-04-30,other_liability,10155000000.0,finance_balance_sheet_parent_current_only.csv,other_liability,quarterly_direct,identity_q1_or_ytd_diff,
601169.XSHG,parent_balance,2021-12-31,2021q4,,2022-04-30,total_liability,2723131000000.0,finance_balance_sheet_parent_current_only.csv,total_liability,quarterly_direct,identity_q1_or_ytd_diff,
601169.XSHG,parent_balance,2021-12-31,2021q4,,2022-04-30,paidin_capital,21143000000.0,finance_balance_sheet_parent_current_only.csv,paidin_capital,quarterly_direct,identity_q1_or_ytd_diff,
601169.XSHG,parent_balance,2021-12-31,2021q4,,2022-04-30,capital_reserve_fund,43777000000.0,finance_balance_sheet_parent_current_only.csv,capital_reserve_fund,quarterly_direct,identity_q1_or_ytd_diff,
601169.XSHG,parent_balance,2021-12-31,2021q4,,2022-04-30,treasury_stock,,finance_balance_sheet_parent_current_only.csv,treasury_stock,,identity_q1_or_ytd_diff,missing_raw_value
601169.XSHG,parent_balance,2021-12-31,2021q4,,2022-04-30,surplus_reserve_fund,22095000000.0,finance_balance_sheet_parent_current_only.csv,surplus_reserve_fund,quarterly_direct,identity_q1_or_ytd_diff,
601169.XSHG,parent_balance,2021-12-31,2021q4,,2022-04-30,equities_parent_company_owners,293844000000.0,finance_balance_sheet_parent_current_only.csv,equities_parent_company_owners,quarterly_direct,identity_q1_or_ytd_diff,
601169.XSHG,parent_balance,2021-12-31,2021q4,,2022-04-30,retained_profit,92315000000.0,finance_balance_sheet_parent_current_only.csv,retained_profit,quarterly_direct,identity_q1_or_ytd_diff,
601169.XSHG,parent_balance,2021-12-31,2021q4,,2022-04-30,minority_interests,,finance_balance_sheet_parent_current_only.csv,minority_interests,,identity_q1_or_ytd_diff,missing_raw_value
601169.XSHG,parent_balance,2021-12-31,2021q4,,2022-04-30,total_owner_equities,293844000000.0,finance_balance_sheet_parent_current_only.csv,total_owner_equities,quarterly_direct,identity_q1_or_ytd_diff,
601169.XSHG,parent_balance,2021-12-31,2021q4,,2022-04-30,other_comprehensive_income,1872000000.0,finance_balance_sheet_parent_current_only.csv,other_comprehensive_income,quarterly_direct,identity_q1_or_ytd_diff,
601169.XSHG,parent_balance,2022-03-31,2022q1,,,deposit_in_ib,,,deposit_in_ib,,identity_q1_or_ytd_diff,missing_target_report
601169.XSHG,parent_balance,2022-03-31,2022q1,,,cash_equivalents,,,cash_equivalents,,identity_q1_or_ytd_diff,missing_target_report
601169.XSHG,parent_balance,2022-03-31,2022q1,,,deposit_client,,,deposit_client,,identity_q1_or_ytd_diff,missing_target_report
601169.XSHG,parent_balance,2022-03-31,2022q1,,,cash_in_cb,,,cash_in_cb,,identity_q1_or_ytd_diff,missing_target_report
601169.XSHG,parent_balance,2022-03-31,2022q1,,,settlement_provi,,,settlement_provi,,identity_q1_or_ytd_diff,missing_target_report
601169.XSHG,parent_balance,2022-03-31,2022q1,,,settlement_provi_client,,,settlement_provi_client,,identity_q1_or_ytd_diff,missing_target_report
601169.XSHG,parent_balance,2022-03-31,2022q1,,,lend_capital,,,lend_capital,,identity_q1_or_ytd_diff,missing_target_report
601169.XSHG,parent_balance,2022-03-31,2022q1,,,bought_sellback_assets,,,bought_sellback_assets,,identity_q1_or_ytd_diff,missing_target_report
601169.XSHG,parent_balance,2022-03-31,2022q1,,,interest_receivable,,,interest_receivable,,identity_q1_or_ytd_diff,missing_target_report
601169.XSHG,parent_balance,2022-03-31,2022q1,,,insurance_receivables,,,insurance_receivables,,identity_q1_or_ytd_diff,missing_target_report
601169.XSHG,parent_balance,2022-03-31,2022q1,,,loan_and_advance,,,loan_and_advance,,identity_q1_or_ytd_diff,missing_target_report
601169.XSHG,parent_balance,2022-03-31,2022q1,,,advance_payment,,,advance_payment,,identity_q1_or_ytd_diff,missing_target_report
601169.XSHG,parent_balance,2022-03-31,2022q1,,,hold_for_sale_assets,,,hold_for_sale_assets,,identity_q1_or_ytd_diff,missing_target_report
601169.XSHG,parent_balance,2022-03-31,2022q1,,,hold_to_maturity_investments,,,hold_to_maturity_investments,,identity_q1_or_ytd_diff,missing_target_report
601169.XSHG,parent_balance,2022-03-31,2022q1,,,longterm_equity_invest,,,longterm_equity_invest,,identity_q1_or_ytd_diff,missing_target_report
601169.XSHG,parent_balance,2022-03-31,2022q1,,,investment_property,,,investment_property,,identity_q1_or_ytd_diff,missing_target_report
601169.XSHG,parent_balance,2022-03-31,2022q1,,,inventories,,,inventories,,identity_q1_or_ytd_diff,missing_target_report
601169.XSHG,parent_balance,2022-03-31,2022q1,,,fixed_assets,,,fixed_assets,,identity_q1_or_ytd_diff,missing_target_report
601169.XSHG,parent_balance,2022-03-31,2022q1,,,constru_in_process,,,constru_in_process,,identity_q1_or_ytd_diff,missing_target_report
601169.XSHG,parent_balance,2022-03-31,2022q1,,,intangible_assets,,,intangible_assets,,identity_q1_or_ytd_diff,missing_target_report
601169.XSHG,parent_balance,2022-03-31,2022q1,,,long_deferred_expense,,,long_deferred_expense,,identity_q1_or_ytd_diff,missing_target_report
601169.XSHG,parent_balance,2022-03-31,2022q1,,,deferred_tax_assets,,,deferred_tax_assets,,identity_q1_or_ytd_diff,missing_target_report
601169.XSHG,parent_balance,2022-03-31,2022q1,,,other_asset,,,other_asset,,identity_q1_or_ytd_diff,missing_target_report
601169.XSHG,parent_balance,2022-03-31,2022q1,,,total_assets,,,total_assets,,identity_q1_or_ytd_diff,missing_target_report
601169.XSHG,parent_balance,2022-03-31,2022q1,,,borrowing_from_centralbank,,,borrowing_from_centralbank,,identity_q1_or_ytd_diff,missing_target_report
601169.XSHG,parent_balance,2022-03-31,2022q1,,,shortterm_loan,,,shortterm_loan,,identity_q1_or_ytd_diff,missing_target_report
601169.XSHG,parent_balance,2022-03-31,2022q1,,,borrowing_capital,,,borrowing_capital,,identity_q1_or_ytd_diff,missing_target_report
601169.XSHG,parent_balance,2022-03-31,2022q1,,,sold_buyback_secu_proceeds,,,sold_buyback_secu_proceeds,,identity_q1_or_ytd_diff,missing_target_report
601169.XSHG,parent_balance,2022-03-31,2022q1,,,proxy_secu_proceeds,,,proxy_secu_proceeds,,identity_q1_or_ytd_diff,missing_target_report
601169.XSHG,parent_balance,2022-03-31,2022q1,,,notes_payable,,,notes_payable,,identity_q1_or_ytd_diff,missing_target_report
601169.XSHG,parent_balance,2022-03-31,2022q1,,,advance_peceipts,,,advance_peceipts,,identity_q1_or_ytd_diff,missing_target_report
601169.XSHG,parent_balance,2022-03-31,2022q1,,,commission_payable,,,commission_payable,,identity_q1_or_ytd_diff,missing_target_report
601169.XSHG,parent_balance,2022-03-31,2022q1,,,salaries_payable,,,salaries_payable,,identity_q1_or_ytd_diff,missing_target_report
601169.XSHG,parent_balance,2022-03-31,2022q1,,,taxs_payable,,,taxs_payable,,identity_q1_or_ytd_diff,missing_target_report
601169.XSHG,parent_balance,2022-03-31,2022q1,,,interest_payable,,,interest_payable,,identity_q1_or_ytd_diff,missing_target_report
601169.XSHG,parent_balance,2022-03-31,2022q1,,,estimate_liability,,,estimate_liability,,identity_q1_or_ytd_diff,missing_target_report
601169.XSHG,parent_balance,2022-03-31,2022q1,,,longterm_loan,,,longterm_loan,,identity_q1_or_ytd_diff,missing_target_report
601169.XSHG,parent_balance,2022-03-31,2022q1,,,bonds_payable,,,bonds_payable,,identity_q1_or_ytd_diff,missing_target_report
601169.XSHG,parent_balance,2022-03-31,2022q1,,,deferred_tax_liability,,,deferred_tax_liability,,identity_q1_or_ytd_diff,missing_target_report
601169.XSHG,parent_balance,2022-03-31,2022q1,,,other_liability,,,other_liability,,identity_q1_or_ytd_diff,missing_target_report
601169.XSHG,parent_balance,2022-03-31,2022q1,,,total_liability,,,total_liability,,identity_q1_or_ytd_diff,missing_target_report
601169.XSHG,parent_balance,2022-03-31,2022q1,,,paidin_capital,,,paidin_capital,,identity_q1_or_ytd_diff,missing_target_report
601169.XSHG,parent_balance,2022-03-31,2022q1,,,capital_reserve_fund,,,capital_reserve_fund,,identity_q1_or_ytd_diff,missing_target_report
601169.XSHG,parent_balance,2022-03-31,2022q1,,,treasury_stock,,,treasury_stock,,identity_q1_or_ytd_diff,missing_target_report
601169.XSHG,parent_balance,2022-03-31,2022q1,,,surplus_reserve_fund,,,surplus_reserve_fund,,identity_q1_or_ytd_diff,missing_target_report
601169.XSHG,parent_balance,2022-03-31,2022q1,,,equities_parent_company_owners,,,equities_parent_company_owners,,identity_q1_or_ytd_diff,missing_target_report
601169.XSHG,parent_balance,2022-03-31,2022q1,,,retained_profit,,,retained_profit,,identity_q1_or_ytd_diff,missing_target_report
601169.XSHG,parent_balance,2022-03-31,2022q1,,,minority_interests,,,minority_interests,,identity_q1_or_ytd_diff,missing_target_report
601169.XSHG,parent_balance,2022-03-31,2022q1,,,total_owner_equities,,,total_owner_equities,,identity_q1_or_ytd_diff,missing_target_report
601169.XSHG,parent_balance,2022-03-31,2022q1,,,other_comprehensive_income,,,other_comprehensive_income,,identity_q1_or_ytd_diff,missing_target_report
601169.XSHG,parent_balance,2022-06-30,2022q2,,2022-08-31,deposit_in_ib,11415000000.0,finance_balance_sheet_parent_current_only.csv,deposit_in_ib,quarterly_direct,identity_q1_or_ytd_diff,
601169.XSHG,parent_balance,2022-06-30,2022q2,,2022-08-31,cash_equivalents,,finance_balance_sheet_parent_current_only.csv,cash_equivalents,,identity_q1_or_ytd_diff,missing_raw_value
601169.XSHG,parent_balance,2022-06-30,2022q2,,2022-08-31,deposit_client,,finance_balance_sheet_parent_current_only.csv,deposit_client,,identity_q1_or_ytd_diff,missing_raw_value
601169.XSHG,parent_balance,2022-06-30,2022q2,,2022-08-31,cash_in_cb,160959000000.0,finance_balance_sheet_parent_current_only.csv,cash_in_cb,quarterly_direct,identity_q1_or_ytd_diff,
601169.XSHG,parent_balance,2022-06-30,2022q2,,2022-08-31,settlement_provi,,finance_balance_sheet_parent_current_only.csv,settlement_provi,,identity_q1_or_ytd_diff,missing_raw_value
601169.XSHG,parent_balance,2022-06-30,2022q2,,2022-08-31,settlement_provi_client,,finance_balance_sheet_parent_current_only.csv,settlement_provi_client,,identity_q1_or_ytd_diff,missing_raw_value
601169.XSHG,parent_balance,2022-06-30,2022q2,,2022-08-31,lend_capital,147792000000.0,finance_balance_sheet_parent_current_only.csv,lend_capital,quarterly_direct,identity_q1_or_ytd_diff,
601169.XSHG,parent_balance,2022-06-30,2022q2,,2022-08-31,bought_sellback_assets,37509000000.0,finance_balance_sheet_parent_current_only.csv,bought_sellback_assets,quarterly_direct,identity_q1_or_ytd_diff,
601169.XSHG,parent_balance,2022-06-30,2022q2,,2022-08-31,interest_receivable,,finance_balance_sheet_parent_current_only.csv,interest_receivable,,identity_q1_or_ytd_diff,missing_raw_value
601169.XSHG,parent_balance,2022-06-30,2022q2,,2022-08-31,insurance_receivables,,finance_balance_sheet_parent_current_only.csv,insurance_receivables,,identity_q1_or_ytd_diff,missing_raw_value
601169.XSHG,parent_balance,2022-06-30,2022q2,,2022-08-31,loan_and_advance,1679491000000.0,finance_balance_sheet_parent_current_only.csv,loan_and_advance,quarterly_direct,identity_q1_or_ytd_diff,
601169.XSHG,parent_balance,2022-06-30,2022q2,,2022-08-31,advance_payment,,finance_balance_sheet_parent_current_only.csv,advance_payment,,identity_q1_or_ytd_diff,missing_raw_value
601169.XSHG,parent_balance,2022-06-30,2022q2,,2022-08-31,hold_for_sale_assets,,finance_balance_sheet_parent_current_only.csv,hold_for_sale_assets,,identity_q1_or_ytd_diff,missing_raw_value
601169.XSHG,parent_balance,2022-06-30,2022q2,,2022-08-31,hold_to_maturity_investments,,finance_balance_sheet_parent_current_only.csv,hold_to_maturity_investments,,identity_q1_or_ytd_diff,missing_raw_value
601169.XSHG,parent_balance,2022-06-30,2022q2,,2022-08-31,longterm_equity_invest,5256000000.0,finance_balance_sheet_parent_current_only.csv,longterm_equity_invest,quarterly_direct,identity_q1_or_ytd_diff,
601169.XSHG,parent_balance,2022-06-30,2022q2,,2022-08-31,investment_property,310000000.0,finance_balance_sheet_parent_current_only.csv,investment_property,quarterly_direct,identity_q1_or_ytd_diff,
601169.XSHG,parent_balance,2022-06-30,2022q2,,2022-08-31,inventories,,finance_balance_sheet_parent_current_only.csv,inventories,,identity_q1_or_ytd_diff,missing_raw_value
601169.XSHG,parent_balance,2022-06-30,2022q2,,2022-08-31,fixed_assets,18082000000.0,finance_balance_sheet_parent_current_only.csv,fixed_assets,quarterly_direct,identity_q1_or_ytd_diff,
601169.XSHG,parent_balance,2022-06-30,2022q2,,2022-08-31,constru_in_process,,finance_balance_sheet_parent_current_only.csv,constru_in_process,,identity_q1_or_ytd_diff,missing_raw_value
601169.XSHG,parent_balance,2022-06-30,2022q2,,2022-08-31,intangible_assets,653000000.0,finance_balance_sheet_parent_current_only.csv,intangible_assets,quarterly_direct,identity_q1_or_ytd_diff,
601169.XSHG,parent_balance,2022-06-30,2022q2,,2022-08-31,long_deferred_expense,,finance_balance_sheet_parent_current_only.csv,long_deferred_expense,,identity_q1_or_ytd_diff,missing_raw_value
601169.XSHG,parent_balance,2022-06-30,2022q2,,2022-08-31,deferred_tax_assets,29534000000.0,finance_balance_sheet_parent_current_only.csv,deferred_tax_assets,quarterly_direct,identity_q1_or_ytd_diff,
601169.XSHG,parent_balance,2022-06-30,2022q2,,2022-08-31,other_asset,27761000000.0,finance_balance_sheet_parent_current_only.csv,other_asset,quarterly_direct,identity_q1_or_ytd_diff,
601169.XSHG,parent_balance,2022-06-30,2022q2,,2022-08-31,total_assets,3155909000000.0,finance_balance_sheet_parent_current_only.csv,total_assets,quarterly_direct,identity_q1_or_ytd_diff,
601169.XSHG,parent_balance,2022-06-30,2022q2,,2022-08-31,borrowing_from_centralbank,128533000000.0,finance_balance_sheet_parent_current_only.csv,borrowing_from_centralbank,quarterly_direct,identity_q1_or_ytd_diff,
601169.XSHG,parent_balance,2022-06-30,2022q2,,2022-08-31,shortterm_loan,,finance_balance_sheet_parent_current_only.csv,shortterm_loan,,identity_q1_or_ytd_diff,missing_raw_value
601169.XSHG,parent_balance,2022-06-30,2022q2,,2022-08-31,borrowing_capital,61884000000.0,finance_balance_sheet_parent_current_only.csv,borrowing_capital,quarterly_direct,identity_q1_or_ytd_diff,
601169.XSHG,parent_balance,2022-06-30,2022q2,,2022-08-31,sold_buyback_secu_proceeds,8741000000.0,finance_balance_sheet_parent_current_only.csv,sold_buyback_secu_proceeds,quarterly_direct,identity_q1_or_ytd_diff,
601169.XSHG,parent_balance,2022-06-30,2022q2,,2022-08-31,proxy_secu_proceeds,,finance_balance_sheet_parent_current_only.csv,proxy_secu_proceeds,,identity_q1_or_ytd_diff,missing_raw_value
601169.XSHG,parent_balance,2022-06-30,2022q2,,2022-08-31,notes_payable,,finance_balance_sheet_parent_current_only.csv,notes_payable,,identity_q1_or_ytd_diff,missing_raw_value
601169.XSHG,parent_balance,2022-06-30,2022q2,,2022-08-31,advance_peceipts,,finance_balance_sheet_parent_current_only.csv,advance_peceipts,,identity_q1_or_ytd_diff,missing_raw_value
601169.XSHG,parent_balance,2022-06-30,2022q2,,2022-08-31,commission_payable,,finance_balance_sheet_parent_current_only.csv,commission_payable,,identity_q1_or_ytd_diff,missing_raw_value
601169.XSHG,parent_balance,2022-06-30,2022q2,,2022-08-31,salaries_payable,3652000000.0,finance_balance_sheet_parent_current_only.csv,salaries_payable,quarterly_direct,identity_q1_or_ytd_diff,
601169.XSHG,parent_balance,2022-06-30,2022q2,,2022-08-31,taxs_payable,2332000000.0,finance_balance_sheet_parent_current_only.csv,taxs_payable,quarterly_direct,identity_q1_or_ytd_diff,
601169.XSHG,parent_balance,2022-06-30,2022q2,,2022-08-31,interest_payable,,finance_balance_sheet_parent_current_only.csv,interest_payable,,identity_q1_or_ytd_diff,missing_raw_value
601169.XSHG,parent_balance,2022-06-30,2022q2,,2022-08-31,estimate_liability,4964000000.0,finance_balance_sheet_parent_current_only.csv,estimate_liability,quarterly_direct,identity_q1_or_ytd_diff,
601169.XSHG,parent_balance,2022-06-30,2022q2,,2022-08-31,longterm_loan,,finance_balance_sheet_parent_current_only.csv,longterm_loan,,identity_q1_or_ytd_diff,missing_raw_value
601169.XSHG,parent_balance,2022-06-30,2022q2,,2022-08-31,bonds_payable,391893000000.0,finance_balance_sheet_parent_current_only.csv,bonds_payable,quarterly_direct,identity_q1_or_ytd_diff,
601169.XSHG,parent_balance,2022-06-30,2022q2,,2022-08-31,deferred_tax_liability,,finance_balance_sheet_parent_current_only.csv,deferred_tax_liability,,identity_q1_or_ytd_diff,missing_raw_value
601169.XSHG,parent_balance,2022-06-30,2022q2,,2022-08-31,other_liability,21946000000.0,finance_balance_sheet_parent_current_only.csv,other_liability,quarterly_direct,identity_q1_or_ytd_diff,
601169.XSHG,parent_balance,2022-06-30,2022q2,,2022-08-31,total_liability,2856250000000.0,finance_balance_sheet_parent_current_only.csv,total_liability,quarterly_direct,identity_q1_or_ytd_diff,
601169.XSHG,parent_balance,2022-06-30,2022q2,,2022-08-31,paidin_capital,21143000000.0,finance_balance_sheet_parent_current_only.csv,paidin_capital,quarterly_direct,identity_q1_or_ytd_diff,
601169.XSHG,parent_balance,2022-06-30,2022q2,,2022-08-31,capital_reserve_fund,43777000000.0,finance_balance_sheet_parent_current_only.csv,capital_reserve_fund,quarterly_direct,identity_q1_or_ytd_diff,
601169.XSHG,parent_balance,2022-06-30,2022q2,,2022-08-31,treasury_stock,,finance_balance_sheet_parent_current_only.csv,treasury_stock,,identity_q1_or_ytd_diff,missing_raw_value
601169.XSHG,parent_balance,2022-06-30,2022q2,,2022-08-31,surplus_reserve_fund,22095000000.0,finance_balance_sheet_parent_current_only.csv,surplus_reserve_fund,quarterly_direct,identity_q1_or_ytd_diff,
601169.XSHG,parent_balance,2022-06-30,2022q2,,2022-08-31,equities_parent_company_owners,299659000000.0,finance_balance_sheet_parent_current_only.csv,equities_parent_company_owners,quarterly_direct,identity_q1_or_ytd_diff,
601169.XSHG,parent_balance,2022-06-30,2022q2,,2022-08-31,retained_profit,98746000000.0,finance_balance_sheet_parent_current_only.csv,retained_profit,quarterly_direct,identity_q1_or_ytd_diff,
601169.XSHG,parent_balance,2022-06-30,2022q2,,2022-08-31,minority_interests,,finance_balance_sheet_parent_current_only.csv,minority_interests,,identity_q1_or_ytd_diff,missing_raw_value
601169.XSHG,parent_balance,2022-06-30,2022q2,,2022-08-31,total_owner_equities,299659000000.0,finance_balance_sheet_parent_current_only.csv,total_owner_equities,quarterly_direct,identity_q1_or_ytd_diff,
601169.XSHG,parent_balance,2022-06-30,2022q2,,2022-08-31,other_comprehensive_income,1256000000.0,finance_balance_sheet_parent_current_only.csv,other_comprehensive_income,quarterly_direct,identity_q1_or_ytd_diff,
601169.XSHG,parent_balance,2022-09-30,2022q3,,2022-10-29,deposit_in_ib,19003000000.0,finance_balance_sheet_parent_current_only.csv,deposit_in_ib,quarterly_direct,identity_q1_or_ytd_diff,
601169.XSHG,parent_balance,2022-09-30,2022q3,,2022-10-29,cash_equivalents,,finance_balance_sheet_parent_current_only.csv,cash_equivalents,,identity_q1_or_ytd_diff,missing_raw_value
601169.XSHG,parent_balance,2022-09-30,2022q3,,2022-10-29,deposit_client,,finance_balance_sheet_parent_current_only.csv,deposit_client,,identity_q1_or_ytd_diff,missing_raw_value
601169.XSHG,parent_balance,2022-09-30,2022q3,,2022-10-29,cash_in_cb,158297000000.0,finance_balance_sheet_parent_current_only.csv,cash_in_cb,quarterly_direct,identity_q1_or_ytd_diff,
601169.XSHG,parent_balance,2022-09-30,2022q3,,2022-10-29,settlement_provi,,finance_balance_sheet_parent_current_only.csv,settlement_provi,,identity_q1_or_ytd_diff,missing_raw_value
601169.XSHG,parent_balance,2022-09-30,2022q3,,2022-10-29,settlement_provi_client,,finance_balance_sheet_parent_current_only.csv,settlement_provi_client,,identity_q1_or_ytd_diff,missing_raw_value
601169.XSHG,parent_balance,2022-09-30,2022q3,,2022-10-29,lend_capital,156600000000.0,finance_balance_sheet_parent_current_only.csv,lend_capital,quarterly_direct,identity_q1_or_ytd_diff,
601169.XSHG,parent_balance,2022-09-30,2022q3,,2022-10-29,bought_sellback_assets,7218000000.0,finance_balance_sheet_parent_current_only.csv,bought_sellback_assets,quarterly_direct,identity_q1_or_ytd_diff,
601169.XSHG,parent_balance,2022-09-30,2022q3,,2022-10-29,interest_receivable,,finance_balance_sheet_parent_current_only.csv,interest_receivable,,identity_q1_or_ytd_diff,missing_raw_value
601169.XSHG,parent_balance,2022-09-30,2022q3,,2022-10-29,insurance_receivables,,finance_balance_sheet_parent_current_only.csv,insurance_receivables,,identity_q1_or_ytd_diff,missing_raw_value
601169.XSHG,parent_balance,2022-09-30,2022q3,,2022-10-29,loan_and_advance,1662023000000.0,finance_balance_sheet_parent_current_only.csv,loan_and_advance,quarterly_direct,identity_q1_or_ytd_diff,
601169.XSHG,parent_balance,2022-09-30,2022q3,,2022-10-29,advance_payment,,finance_balance_sheet_parent_current_only.csv,advance_payment,,identity_q1_or_ytd_diff,missing_raw_value
601169.XSHG,parent_balance,2022-09-30,2022q3,,2022-10-29,hold_for_sale_assets,,finance_balance_sheet_parent_current_only.csv,hold_for_sale_assets,,identity_q1_or_ytd_diff,missing_raw_value
601169.XSHG,parent_balance,2022-09-30,2022q3,,2022-10-29,hold_to_maturity_investments,,finance_balance_sheet_parent_current_only.csv,hold_to_maturity_investments,,identity_q1_or_ytd_diff,missing_raw_value
601169.XSHG,parent_balance,2022-09-30,2022q3,,2022-10-29,longterm_equity_invest,5670000000.0,finance_balance_sheet_parent_current_only.csv,longterm_equity_invest,quarterly_direct,identity_q1_or_ytd_diff,
601169.XSHG,parent_balance,2022-09-30,2022q3,,2022-10-29,investment_property,306000000.0,finance_balance_sheet_parent_current_only.csv,investment_property,quarterly_direct,identity_q1_or_ytd_diff,
601169.XSHG,parent_balance,2022-09-30,2022q3,,2022-10-29,inventories,,finance_balance_sheet_parent_current_only.csv,inventories,,identity_q1_or_ytd_diff,missing_raw_value
601169.XSHG,parent_balance,2022-09-30,2022q3,,2022-10-29,fixed_assets,18146000000.0,finance_balance_sheet_parent_current_only.csv,fixed_assets,quarterly_direct,identity_q1_or_ytd_diff,
601169.XSHG,parent_balance,2022-09-30,2022q3,,2022-10-29,constru_in_process,,finance_balance_sheet_parent_current_only.csv,constru_in_process,,identity_q1_or_ytd_diff,missing_raw_value
601169.XSHG,parent_balance,2022-09-30,2022q3,,2022-10-29,intangible_assets,686000000.0,finance_balance_sheet_parent_current_only.csv,intangible_assets,quarterly_direct,identity_q1_or_ytd_diff,
601169.XSHG,parent_balance,2022-09-30,2022q3,,2022-10-29,long_deferred_expense,,finance_balance_sheet_parent_current_only.csv,long_deferred_expense,,identity_q1_or_ytd_diff,missing_raw_value
601169.XSHG,parent_balance,2022-09-30,2022q3,,2022-10-29,deferred_tax_assets,30742000000.0,finance_balance_sheet_parent_current_only.csv,deferred_tax_assets,quarterly_direct,identity_q1_or_ytd_diff,
601169.XSHG,parent_balance,2022-09-30,2022q3,,2022-10-29,other_asset,29869000000.0,finance_balance_sheet_parent_current_only.csv,other_asset,quarterly_direct,identity_q1_or_ytd_diff,
601169.XSHG,parent_balance,2022-09-30,2022q3,,2022-10-29,total_assets,3141386000000.0,finance_balance_sheet_parent_current_only.csv,total_assets,quarterly_direct,identity_q1_or_ytd_diff,
601169.XSHG,parent_balance,2022-09-30,2022q3,,2022-10-29,borrowing_from_centralbank,117627000000.0,finance_balance_sheet_parent_current_only.csv,borrowing_from_centralbank,quarterly_direct,identity_q1_or_ytd_diff,
601169.XSHG,parent_balance,2022-09-30,2022q3,,2022-10-29,shortterm_loan,,finance_balance_sheet_parent_current_only.csv,shortterm_loan,,identity_q1_or_ytd_diff,missing_raw_value
601169.XSHG,parent_balance,2022-09-30,2022q3,,2022-10-29,borrowing_capital,89765000000.0,finance_balance_sheet_parent_current_only.csv,borrowing_capital,quarterly_direct,identity_q1_or_ytd_diff,
601169.XSHG,parent_balance,2022-09-30,2022q3,,2022-10-29,sold_buyback_secu_proceeds,31422000000.0,finance_balance_sheet_parent_current_only.csv,sold_buyback_secu_proceeds,quarterly_direct,identity_q1_or_ytd_diff,
601169.XSHG,parent_balance,2022-09-30,2022q3,,2022-10-29,proxy_secu_proceeds,,finance_balance_sheet_parent_current_only.csv,proxy_secu_proceeds,,identity_q1_or_ytd_diff,missing_raw_value
601169.XSHG,parent_balance,2022-09-30,2022q3,,2022-10-29,notes_payable,,finance_balance_sheet_parent_current_only.csv,notes_payable,,identity_q1_or_ytd_diff,missing_raw_value
601169.XSHG,parent_balance,2022-09-30,2022q3,,2022-10-29,advance_peceipts,,finance_balance_sheet_parent_current_only.csv,advance_peceipts,,identity_q1_or_ytd_diff,missing_raw_value
601169.XSHG,parent_balance,2022-09-30,2022q3,,2022-10-29,commission_payable,,finance_balance_sheet_parent_current_only.csv,commission_payable,,identity_q1_or_ytd_diff,missing_raw_value
601169.XSHG,parent_balance,2022-09-30,2022q3,,2022-10-29,salaries_payable,3372000000.0,finance_balance_sheet_parent_current_only.csv,salaries_payable,quarterly_direct,identity_q1_or_ytd_diff,
601169.XSHG,parent_balance,2022-09-30,2022q3,,2022-10-29,taxs_payable,3502000000.0,finance_balance_sheet_parent_current_only.csv,taxs_payable,quarterly_direct,identity_q1_or_ytd_diff,
601169.XSHG,parent_balance,2022-09-30,2022q3,,2022-10-29,interest_payable,,finance_balance_sheet_parent_current_only.csv,interest_payable,,identity_q1_or_ytd_diff,missing_raw_value
601169.XSHG,parent_balance,2022-09-30,2022q3,,2022-10-29,estimate_liability,4542000000.0,finance_balance_sheet_parent_current_only.csv,estimate_liability,quarterly_direct,identity_q1_or_ytd_diff,
601169.XSHG,parent_balance,2022-09-30,2022q3,,2022-10-29,longterm_loan,,finance_balance_sheet_parent_current_only.csv,longterm_loan,,identity_q1_or_ytd_diff,missing_raw_value
601169.XSHG,parent_balance,2022-09-30,2022q3,,2022-10-29,bonds_payable,358064000000.0,finance_balance_sheet_parent_current_only.csv,bonds_payable,quarterly_direct,identity_q1_or_ytd_diff,
601169.XSHG,parent_balance,2022-09-30,2022q3,,2022-10-29,deferred_tax_liability,,finance_balance_sheet_parent_current_only.csv,deferred_tax_liability,,identity_q1_or_ytd_diff,missing_raw_value
601169.XSHG,parent_balance,2022-09-30,2022q3,,2022-10-29,other_liability,11380000000.0,finance_balance_sheet_parent_current_only.csv,other_liability,quarterly_direct,identity_q1_or_ytd_diff,
601169.XSHG,parent_balance,2022-09-30,2022q3,,2022-10-29,total_liability,2835519000000.0,finance_balance_sheet_parent_current_only.csv,total_liability,quarterly_direct,identity_q1_or_ytd_diff,
601169.XSHG,parent_balance,2022-09-30,2022q3,,2022-10-29,paidin_capital,21143000000.0,finance_balance_sheet_parent_current_only.csv,paidin_capital,quarterly_direct,identity_q1_or_ytd_diff,
601169.XSHG,parent_balance,2022-09-30,2022q3,,2022-10-29,capital_reserve_fund,43777000000.0,finance_balance_sheet_parent_current_only.csv,capital_reserve_fund,quarterly_direct,identity_q1_or_ytd_diff,
601169.XSHG,parent_balance,2022-09-30,2022q3,,2022-10-29,treasury_stock,,finance_balance_sheet_parent_current_only.csv,treasury_stock,,identity_q1_or_ytd_diff,missing_raw_value
601169.XSHG,parent_balance,2022-09-30,2022q3,,2022-10-29,surplus_reserve_fund,22095000000.0,finance_balance_sheet_parent_current_only.csv,surplus_reserve_fund,quarterly_direct,identity_q1_or_ytd_diff,
601169.XSHG,parent_balance,2022-09-30,2022q3,,2022-10-29,equities_parent_company_owners,305867000000.0,finance_balance_sheet_parent_current_only.csv,equities_parent_company_owners,quarterly_direct,identity_q1_or_ytd_diff,
601169.XSHG,parent_balance,2022-09-30,2022q3,,2022-10-29,retained_profit,104449000000.0,finance_balance_sheet_parent_current_only.csv,retained_profit,quarterly_direct,identity_q1_or_ytd_diff,
601169.XSHG,parent_balance,2022-09-30,2022q3,,2022-10-29,minority_interests,,finance_balance_sheet_parent_current_only.csv,minority_interests,,identity_q1_or_ytd_diff,missing_raw_value
601169.XSHG,parent_balance,2022-09-30,2022q3,,2022-10-29,total_owner_equities,305867000000.0,finance_balance_sheet_parent_current_only.csv,total_owner_equities,quarterly_direct,identity_q1_or_ytd_diff,
601169.XSHG,parent_balance,2022-09-30,2022q3,,2022-10-29,other_comprehensive_income,1761000000.0,finance_balance_sheet_parent_current_only.csv,other_comprehensive_income,quarterly_direct,identity_q1_or_ytd_diff,
601169.XSHG,parent_balance,2022-12-31,2022q4,,2023-04-08,deposit_in_ib,20435000000.0,finance_balance_sheet_parent_current_only.csv,deposit_in_ib,quarterly_direct,identity_q1_or_ytd_diff,
601169.XSHG,parent_balance,2022-12-31,2022q4,,2023-04-08,cash_equivalents,,finance_balance_sheet_parent_current_only.csv,cash_equivalents,,identity_q1_or_ytd_diff,missing_raw_value
601169.XSHG,parent_balance,2022-12-31,2022q4,,2023-04-08,deposit_client,,finance_balance_sheet_parent_current_only.csv,deposit_client,,identity_q1_or_ytd_diff,missing_raw_value
601169.XSHG,parent_balance,2022-12-31,2022q4,,2023-04-08,cash_in_cb,163054000000.0,finance_balance_sheet_parent_current_only.csv,cash_in_cb,quarterly_direct,identity_q1_or_ytd_diff,
601169.XSHG,parent_balance,2022-12-31,2022q4,,2023-04-08,settlement_provi,,finance_balance_sheet_parent_current_only.csv,settlement_provi,,identity_q1_or_ytd_diff,missing_raw_value
601169.XSHG,parent_balance,2022-12-31,2022q4,,2023-04-08,settlement_provi_client,,finance_balance_sheet_parent_current_only.csv,settlement_provi_client,,identity_q1_or_ytd_diff,missing_raw_value
601169.XSHG,parent_balance,2022-12-31,2022q4,,2023-04-08,lend_capital,165111000000.0,finance_balance_sheet_parent_current_only.csv,lend_capital,quarterly_direct,identity_q1_or_ytd_diff,
601169.XSHG,parent_balance,2022-12-31,2022q4,,2023-04-08,bought_sellback_assets,74572000000.0,finance_balance_sheet_parent_current_only.csv,bought_sellback_assets,quarterly_direct,identity_q1_or_ytd_diff,
601169.XSHG,parent_balance,2022-12-31,2022q4,,2023-04-08,interest_receivable,,finance_balance_sheet_parent_current_only.csv,interest_receivable,,identity_q1_or_ytd_diff,missing_raw_value
601169.XSHG,parent_balance,2022-12-31,2022q4,,2023-04-08,insurance_receivables,,finance_balance_sheet_parent_current_only.csv,insurance_receivables,,identity_q1_or_ytd_diff,missing_raw_value
601169.XSHG,parent_balance,2022-12-31,2022q4,,2023-04-08,loan_and_advance,1704835000000.0,finance_balance_sheet_parent_current_only.csv,loan_and_advance,quarterly_direct,identity_q1_or_ytd_diff,
601169.XSHG,parent_balance,2022-12-31,2022q4,,2023-04-08,advance_payment,,finance_balance_sheet_parent_current_only.csv,advance_payment,,identity_q1_or_ytd_diff,missing_raw_value
601169.XSHG,parent_balance,2022-12-31,2022q4,,2023-04-08,hold_for_sale_assets,,finance_balance_sheet_parent_current_only.csv,hold_for_sale_assets,,identity_q1_or_ytd_diff,missing_raw_value
601169.XSHG,parent_balance,2022-12-31,2022q4,,2023-04-08,hold_to_maturity_investments,,finance_balance_sheet_parent_current_only.csv,hold_to_maturity_investments,,identity_q1_or_ytd_diff,missing_raw_value
601169.XSHG,parent_balance,2022-12-31,2022q4,,2023-04-08,longterm_equity_invest,7610000000.0,finance_balance_sheet_parent_current_only.csv,longterm_equity_invest,quarterly_direct,identity_q1_or_ytd_diff,
601169.XSHG,parent_balance,2022-12-31,2022q4,,2023-04-08,investment_property,303000000.0,finance_balance_sheet_parent_current_only.csv,investment_property,quarterly_direct,identity_q1_or_ytd_diff,
601169.XSHG,parent_balance,2022-12-31,2022q4,,2023-04-08,inventories,,finance_balance_sheet_parent_current_only.csv,inventories,,identity_q1_or_ytd_diff,missing_raw_value
601169.XSHG,parent_balance,2022-12-31,2022q4,,2023-04-08,fixed_assets,18028000000.0,finance_balance_sheet_parent_current_only.csv,fixed_assets,quarterly_direct,identity_q1_or_ytd_diff,
601169.XSHG,parent_balance,2022-12-31,2022q4,,2023-04-08,constru_in_process,,finance_balance_sheet_parent_current_only.csv,constru_in_process,,identity_q1_or_ytd_diff,missing_raw_value
601169.XSHG,parent_balance,2022-12-31,2022q4,,2023-04-08,intangible_assets,716000000.0,finance_balance_sheet_parent_current_only.csv,intangible_assets,quarterly_direct,identity_q1_or_ytd_diff,
601169.XSHG,parent_balance,2022-12-31,2022q4,,2023-04-08,long_deferred_expense,,finance_balance_sheet_parent_current_only.csv,long_deferred_expense,,identity_q1_or_ytd_diff,missing_raw_value
601169.XSHG,parent_balance,2022-12-31,2022q4,,2023-04-08,deferred_tax_assets,31278000000.0,finance_balance_sheet_parent_current_only.csv,deferred_tax_assets,quarterly_direct,identity_q1_or_ytd_diff,
601169.XSHG,parent_balance,2022-12-31,2022q4,,2023-04-08,other_asset,28665000000.0,finance_balance_sheet_parent_current_only.csv,other_asset,quarterly_direct,identity_q1_or_ytd_diff,
601169.XSHG,parent_balance,2022-12-31,2022q4,,2023-04-08,total_assets,3347722000000.0,finance_balance_sheet_parent_current_only.csv,total_assets,quarterly_direct,identity_q1_or_ytd_diff,
601169.XSHG,parent_balance,2022-12-31,2022q4,,2023-04-08,borrowing_from_centralbank,125381000000.0,finance_balance_sheet_parent_current_only.csv,borrowing_from_centralbank,quarterly_direct,identity_q1_or_ytd_diff,
601169.XSHG,parent_balance,2022-12-31,2022q4,,2023-04-08,shortterm_loan,,finance_balance_sheet_parent_current_only.csv,shortterm_loan,,identity_q1_or_ytd_diff,missing_raw_value
601169.XSHG,parent_balance,2022-12-31,2022q4,,2023-04-08,borrowing_capital,77073000000.0,finance_balance_sheet_parent_current_only.csv,borrowing_capital,quarterly_direct,identity_q1_or_ytd_diff,
601169.XSHG,parent_balance,2022-12-31,2022q4,,2023-04-08,sold_buyback_secu_proceeds,83222000000.0,finance_balance_sheet_parent_current_only.csv,sold_buyback_secu_proceeds,quarterly_direct,identity_q1_or_ytd_diff,
601169.XSHG,parent_balance,2022-12-31,2022q4,,2023-04-08,proxy_secu_proceeds,,finance_balance_sheet_parent_current_only.csv,proxy_secu_proceeds,,identity_q1_or_ytd_diff,missing_raw_value
601169.XSHG,parent_balance,2022-12-31,2022q4,,2023-04-08,notes_payable,,finance_balance_sheet_parent_current_only.csv,notes_payable,,identity_q1_or_ytd_diff,missing_raw_value
601169.XSHG,parent_balance,2022-12-31,2022q4,,2023-04-08,advance_peceipts,,finance_balance_sheet_parent_current_only.csv,advance_peceipts,,identity_q1_or_ytd_diff,missing_raw_value
601169.XSHG,parent_balance,2022-12-31,2022q4,,2023-04-08,commission_payable,,finance_balance_sheet_parent_current_only.csv,commission_payable,,identity_q1_or_ytd_diff,missing_raw_value
601169.XSHG,parent_balance,2022-12-31,2022q4,,2023-04-08,salaries_payable,3284000000.0,finance_balance_sheet_parent_current_only.csv,salaries_payable,quarterly_direct,identity_q1_or_ytd_diff,
601169.XSHG,parent_balance,2022-12-31,2022q4,,2023-04-08,taxs_payable,3016000000.0,finance_balance_sheet_parent_current_only.csv,taxs_payable,quarterly_direct,identity_q1_or_ytd_diff,
601169.XSHG,parent_balance,2022-12-31,2022q4,,2023-04-08,interest_payable,,finance_balance_sheet_parent_current_only.csv,interest_payable,,identity_q1_or_ytd_diff,missing_raw_value
601169.XSHG,parent_balance,2022-12-31,2022q4,,2023-04-08,estimate_liability,4111000000.0,finance_balance_sheet_parent_current_only.csv,estimate_liability,quarterly_direct,identity_q1_or_ytd_diff,
601169.XSHG,parent_balance,2022-12-31,2022q4,,2023-04-08,longterm_loan,,finance_balance_sheet_parent_current_only.csv,longterm_loan,,identity_q1_or_ytd_diff,missing_raw_value
601169.XSHG,parent_balance,2022-12-31,2022q4,,2023-04-08,bonds_payable,402834000000.0,finance_balance_sheet_parent_current_only.csv,bonds_payable,quarterly_direct,identity_q1_or_ytd_diff,
601169.XSHG,parent_balance,2022-12-31,2022q4,,2023-04-08,deferred_tax_liability,,finance_balance_sheet_parent_current_only.csv,deferred_tax_liability,,identity_q1_or_ytd_diff,missing_raw_value
601169.XSHG,parent_balance,2022-12-31,2022q4,,2023-04-08,other_liability,9675000000.0,finance_balance_sheet_parent_current_only.csv,other_liability,quarterly_direct,identity_q1_or_ytd_diff,
601169.XSHG,parent_balance,2022-12-31,2022q4,,2023-04-08,total_liability,3040626000000.0,finance_balance_sheet_parent_current_only.csv,total_liability,quarterly_direct,identity_q1_or_ytd_diff,
601169.XSHG,parent_balance,2022-12-31,2022q4,,2023-04-08,paidin_capital,21143000000.0,finance_balance_sheet_parent_current_only.csv,paidin_capital,quarterly_direct,identity_q1_or_ytd_diff,
601169.XSHG,parent_balance,2022-12-31,2022q4,,2023-04-08,capital_reserve_fund,43777000000.0,finance_balance_sheet_parent_current_only.csv,capital_reserve_fund,quarterly_direct,identity_q1_or_ytd_diff,
601169.XSHG,parent_balance,2022-12-31,2022q4,,2023-04-08,treasury_stock,,finance_balance_sheet_parent_current_only.csv,treasury_stock,,identity_q1_or_ytd_diff,missing_raw_value
601169.XSHG,parent_balance,2022-12-31,2022q4,,2023-04-08,surplus_reserve_fund,24554000000.0,finance_balance_sheet_parent_current_only.csv,surplus_reserve_fund,quarterly_direct,identity_q1_or_ytd_diff,
601169.XSHG,parent_balance,2022-12-31,2022q4,,2023-04-08,equities_parent_company_owners,307096000000.0,finance_balance_sheet_parent_current_only.csv,equities_parent_company_owners,quarterly_direct,identity_q1_or_ytd_diff,
601169.XSHG,parent_balance,2022-12-31,2022q4,,2023-04-08,retained_profit,101403000000.0,finance_balance_sheet_parent_current_only.csv,retained_profit,quarterly_direct,identity_q1_or_ytd_diff,
601169.XSHG,parent_balance,2022-12-31,2022q4,,2023-04-08,minority_interests,,finance_balance_sheet_parent_current_only.csv,minority_interests,,identity_q1_or_ytd_diff,missing_raw_value
601169.XSHG,parent_balance,2022-12-31,2022q4,,2023-04-08,total_owner_equities,307096000000.0,finance_balance_sheet_parent_current_only.csv,total_owner_equities,quarterly_direct,identity_q1_or_ytd_diff,
601169.XSHG,parent_balance,2022-12-31,2022q4,,2023-04-08,other_comprehensive_income,263000000.0,finance_balance_sheet_parent_current_only.csv,other_comprehensive_income,quarterly_direct,identity_q1_or_ytd_diff,
601169.XSHG,parent_balance,2023-03-31,2023q1,,2023-04-29,deposit_in_ib,10895000000.0,finance_balance_sheet_parent_current_only.csv,deposit_in_ib,quarterly_direct,identity_q1_or_ytd_diff,
601169.XSHG,parent_balance,2023-03-31,2023q1,,2023-04-29,cash_equivalents,,finance_balance_sheet_parent_current_only.csv,cash_equivalents,,identity_q1_or_ytd_diff,missing_raw_value
601169.XSHG,parent_balance,2023-03-31,2023q1,,2023-04-29,deposit_client,,finance_balance_sheet_parent_current_only.csv,deposit_client,,identity_q1_or_ytd_diff,missing_raw_value
601169.XSHG,parent_balance,2023-03-31,2023q1,,2023-04-29,cash_in_cb,158058000000.0,finance_balance_sheet_parent_current_only.csv,cash_in_cb,quarterly_direct,identity_q1_or_ytd_diff,
601169.XSHG,parent_balance,2023-03-31,2023q1,,2023-04-29,settlement_provi,,finance_balance_sheet_parent_current_only.csv,settlement_provi,,identity_q1_or_ytd_diff,missing_raw_value
601169.XSHG,parent_balance,2023-03-31,2023q1,,2023-04-29,settlement_provi_client,,finance_balance_sheet_parent_current_only.csv,settlement_provi_client,,identity_q1_or_ytd_diff,missing_raw_value
601169.XSHG,parent_balance,2023-03-31,2023q1,,2023-04-29,lend_capital,179304000000.0,finance_balance_sheet_parent_current_only.csv,lend_capital,quarterly_direct,identity_q1_or_ytd_diff,
601169.XSHG,parent_balance,2023-03-31,2023q1,,2023-04-29,bought_sellback_assets,6011000000.0,finance_balance_sheet_parent_current_only.csv,bought_sellback_assets,quarterly_direct,identity_q1_or_ytd_diff,
601169.XSHG,parent_balance,2023-03-31,2023q1,,2023-04-29,interest_receivable,,finance_balance_sheet_parent_current_only.csv,interest_receivable,,identity_q1_or_ytd_diff,missing_raw_value
601169.XSHG,parent_balance,2023-03-31,2023q1,,2023-04-29,insurance_receivables,,finance_balance_sheet_parent_current_only.csv,insurance_receivables,,identity_q1_or_ytd_diff,missing_raw_value
601169.XSHG,parent_balance,2023-03-31,2023q1,,2023-04-29,loan_and_advance,1795901000000.0,finance_balance_sheet_parent_current_only.csv,loan_and_advance,quarterly_direct,identity_q1_or_ytd_diff,
601169.XSHG,parent_balance,2023-03-31,2023q1,,2023-04-29,advance_payment,,finance_balance_sheet_parent_current_only.csv,advance_payment,,identity_q1_or_ytd_diff,missing_raw_value
601169.XSHG,parent_balance,2023-03-31,2023q1,,2023-04-29,hold_for_sale_assets,,finance_balance_sheet_parent_current_only.csv,hold_for_sale_assets,,identity_q1_or_ytd_diff,missing_raw_value
601169.XSHG,parent_balance,2023-03-31,2023q1,,2023-04-29,hold_to_maturity_investments,,finance_balance_sheet_parent_current_only.csv,hold_to_maturity_investments,,identity_q1_or_ytd_diff,missing_raw_value
601169.XSHG,parent_balance,2023-03-31,2023q1,,2023-04-29,longterm_equity_invest,8780000000.0,finance_balance_sheet_parent_current_only.csv,longterm_equity_invest,quarterly_direct,identity_q1_or_ytd_diff,
601169.XSHG,parent_balance,2023-03-31,2023q1,,2023-04-29,investment_property,299000000.0,finance_balance_sheet_parent_current_only.csv,investment_property,quarterly_direct,identity_q1_or_ytd_diff,
601169.XSHG,parent_balance,2023-03-31,2023q1,,2023-04-29,inventories,,finance_balance_sheet_parent_current_only.csv,inventories,,identity_q1_or_ytd_diff,missing_raw_value
601169.XSHG,parent_balance,2023-03-31,2023q1,,2023-04-29,fixed_assets,17787000000.0,finance_balance_sheet_parent_current_only.csv,fixed_assets,quarterly_direct,identity_q1_or_ytd_diff,
601169.XSHG,parent_balance,2023-03-31,2023q1,,2023-04-29,constru_in_process,,finance_balance_sheet_parent_current_only.csv,constru_in_process,,identity_q1_or_ytd_diff,missing_raw_value
601169.XSHG,parent_balance,2023-03-31,2023q1,,2023-04-29,intangible_assets,725000000.0,finance_balance_sheet_parent_current_only.csv,intangible_assets,quarterly_direct,identity_q1_or_ytd_diff,
601169.XSHG,parent_balance,2023-03-31,2023q1,,2023-04-29,long_deferred_expense,,finance_balance_sheet_parent_current_only.csv,long_deferred_expense,,identity_q1_or_ytd_diff,missing_raw_value
601169.XSHG,parent_balance,2023-03-31,2023q1,,2023-04-29,deferred_tax_assets,31743000000.0,finance_balance_sheet_parent_current_only.csv,deferred_tax_assets,quarterly_direct,identity_q1_or_ytd_diff,
601169.XSHG,parent_balance,2023-03-31,2023q1,,2023-04-29,other_asset,37370000000.0,finance_balance_sheet_parent_current_only.csv,other_asset,quarterly_direct,identity_q1_or_ytd_diff,
601169.XSHG,parent_balance,2023-03-31,2023q1,,2023-04-29,total_assets,3457180000000.0,finance_balance_sheet_parent_current_only.csv,total_assets,quarterly_direct,identity_q1_or_ytd_diff,
601169.XSHG,parent_balance,2023-03-31,2023q1,,2023-04-29,borrowing_from_centralbank,138397000000.0,finance_balance_sheet_parent_current_only.csv,borrowing_from_centralbank,quarterly_direct,identity_q1_or_ytd_diff,
601169.XSHG,parent_balance,2023-03-31,2023q1,,2023-04-29,shortterm_loan,,finance_balance_sheet_parent_current_only.csv,shortterm_loan,,identity_q1_or_ytd_diff,missing_raw_value
601169.XSHG,parent_balance,2023-03-31,2023q1,,2023-04-29,borrowing_capital,73478000000.0,finance_balance_sheet_parent_current_only.csv,borrowing_capital,quarterly_direct,identity_q1_or_ytd_diff,
601169.XSHG,parent_balance,2023-03-31,2023q1,,2023-04-29,sold_buyback_secu_proceeds,50068000000.0,finance_balance_sheet_parent_current_only.csv,sold_buyback_secu_proceeds,quarterly_direct,identity_q1_or_ytd_diff,
601169.XSHG,parent_balance,2023-03-31,2023q1,,2023-04-29,proxy_secu_proceeds,,finance_balance_sheet_parent_current_only.csv,proxy_secu_proceeds,,identity_q1_or_ytd_diff,missing_raw_value
601169.XSHG,parent_balance,2023-03-31,2023q1,,2023-04-29,notes_payable,,finance_balance_sheet_parent_current_only.csv,notes_payable,,identity_q1_or_ytd_diff,missing_raw_value
601169.XSHG,parent_balance,2023-03-31,2023q1,,2023-04-29,advance_peceipts,,finance_balance_sheet_parent_current_only.csv,advance_peceipts,,identity_q1_or_ytd_diff,missing_raw_value
601169.XSHG,parent_balance,2023-03-31,2023q1,,2023-04-29,commission_payable,,finance_balance_sheet_parent_current_only.csv,commission_payable,,identity_q1_or_ytd_diff,missing_raw_value
601169.XSHG,parent_balance,2023-03-31,2023q1,,2023-04-29,salaries_payable,3301000000.0,finance_balance_sheet_parent_current_only.csv,salaries_payable,quarterly_direct,identity_q1_or_ytd_diff,
601169.XSHG,parent_balance,2023-03-31,2023q1,,2023-04-29,taxs_payable,3335000000.0,finance_balance_sheet_parent_current_only.csv,taxs_payable,quarterly_direct,identity_q1_or_ytd_diff,
601169.XSHG,parent_balance,2023-03-31,2023q1,,2023-04-29,interest_payable,,finance_balance_sheet_parent_current_only.csv,interest_payable,,identity_q1_or_ytd_diff,missing_raw_value
601169.XSHG,parent_balance,2023-03-31,2023q1,,2023-04-29,estimate_liability,4319000000.0,finance_balance_sheet_parent_current_only.csv,estimate_liability,quarterly_direct,identity_q1_or_ytd_diff,
601169.XSHG,parent_balance,2023-03-31,2023q1,,2023-04-29,longterm_loan,,finance_balance_sheet_parent_current_only.csv,longterm_loan,,identity_q1_or_ytd_diff,missing_raw_value
601169.XSHG,parent_balance,2023-03-31,2023q1,,2023-04-29,bonds_payable,412759000000.0,finance_balance_sheet_parent_current_only.csv,bonds_payable,quarterly_direct,identity_q1_or_ytd_diff,
601169.XSHG,parent_balance,2023-03-31,2023q1,,2023-04-29,deferred_tax_liability,,finance_balance_sheet_parent_current_only.csv,deferred_tax_liability,,identity_q1_or_ytd_diff,missing_raw_value
601169.XSHG,parent_balance,2023-03-31,2023q1,,2023-04-29,other_liability,9383000000.0,finance_balance_sheet_parent_current_only.csv,other_liability,quarterly_direct,identity_q1_or_ytd_diff,
601169.XSHG,parent_balance,2023-03-31,2023q1,,2023-04-29,total_liability,3142123000000.0,finance_balance_sheet_parent_current_only.csv,total_liability,quarterly_direct,identity_q1_or_ytd_diff,
601169.XSHG,parent_balance,2023-03-31,2023q1,,2023-04-29,paidin_capital,21143000000.0,finance_balance_sheet_parent_current_only.csv,paidin_capital,quarterly_direct,identity_q1_or_ytd_diff,
601169.XSHG,parent_balance,2023-03-31,2023q1,,2023-04-29,capital_reserve_fund,43777000000.0,finance_balance_sheet_parent_current_only.csv,capital_reserve_fund,quarterly_direct,identity_q1_or_ytd_diff,
601169.XSHG,parent_balance,2023-03-31,2023q1,,2023-04-29,treasury_stock,,finance_balance_sheet_parent_current_only.csv,treasury_stock,,identity_q1_or_ytd_diff,missing_raw_value
601169.XSHG,parent_balance,2023-03-31,2023q1,,2023-04-29,surplus_reserve_fund,24554000000.0,finance_balance_sheet_parent_current_only.csv,surplus_reserve_fund,quarterly_direct,identity_q1_or_ytd_diff,
601169.XSHG,parent_balance,2023-03-31,2023q1,,2023-04-29,equities_parent_company_owners,315057000000.0,finance_balance_sheet_parent_current_only.csv,equities_parent_company_owners,quarterly_direct,identity_q1_or_ytd_diff,
601169.XSHG,parent_balance,2023-03-31,2023q1,,2023-04-29,retained_profit,108709000000.0,finance_balance_sheet_parent_current_only.csv,retained_profit,quarterly_direct,identity_q1_or_ytd_diff,
601169.XSHG,parent_balance,2023-03-31,2023q1,,2023-04-29,minority_interests,,finance_balance_sheet_parent_current_only.csv,minority_interests,,identity_q1_or_ytd_diff,missing_raw_value
601169.XSHG,parent_balance,2023-03-31,2023q1,,2023-04-29,total_owner_equities,315057000000.0,finance_balance_sheet_parent_current_only.csv,total_owner_equities,quarterly_direct,identity_q1_or_ytd_diff,
601169.XSHG,parent_balance,2023-03-31,2023q1,,2023-04-29,other_comprehensive_income,918000000.0,finance_balance_sheet_parent_current_only.csv,other_comprehensive_income,quarterly_direct,identity_q1_or_ytd_diff,
601169.XSHG,parent_balance,2023-06-30,2023q2,,2023-08-31,deposit_in_ib,14342000000.0,finance_balance_sheet_parent_current_only.csv,deposit_in_ib,quarterly_direct,identity_q1_or_ytd_diff,
601169.XSHG,parent_balance,2023-06-30,2023q2,,2023-08-31,cash_equivalents,,finance_balance_sheet_parent_current_only.csv,cash_equivalents,,identity_q1_or_ytd_diff,missing_raw_value
601169.XSHG,parent_balance,2023-06-30,2023q2,,2023-08-31,deposit_client,,finance_balance_sheet_parent_current_only.csv,deposit_client,,identity_q1_or_ytd_diff,missing_raw_value
601169.XSHG,parent_balance,2023-06-30,2023q2,,2023-08-31,cash_in_cb,154786000000.0,finance_balance_sheet_parent_current_only.csv,cash_in_cb,quarterly_direct,identity_q1_or_ytd_diff,
601169.XSHG,parent_balance,2023-06-30,2023q2,,2023-08-31,settlement_provi,,finance_balance_sheet_parent_current_only.csv,settlement_provi,,identity_q1_or_ytd_diff,missing_raw_value
601169.XSHG,parent_balance,2023-06-30,2023q2,,2023-08-31,settlement_provi_client,,finance_balance_sheet_parent_current_only.csv,settlement_provi_client,,identity_q1_or_ytd_diff,missing_raw_value
601169.XSHG,parent_balance,2023-06-30,2023q2,,2023-08-31,lend_capital,193811000000.0,finance_balance_sheet_parent_current_only.csv,lend_capital,quarterly_direct,identity_q1_or_ytd_diff,
601169.XSHG,parent_balance,2023-06-30,2023q2,,2023-08-31,bought_sellback_assets,5323000000.0,finance_balance_sheet_parent_current_only.csv,bought_sellback_assets,quarterly_direct,identity_q1_or_ytd_diff,
601169.XSHG,parent_balance,2023-06-30,2023q2,,2023-08-31,interest_receivable,,finance_balance_sheet_parent_current_only.csv,interest_receivable,,identity_q1_or_ytd_diff,missing_raw_value
601169.XSHG,parent_balance,2023-06-30,2023q2,,2023-08-31,insurance_receivables,,finance_balance_sheet_parent_current_only.csv,insurance_receivables,,identity_q1_or_ytd_diff,missing_raw_value
601169.XSHG,parent_balance,2023-06-30,2023q2,,2023-08-31,loan_and_advance,1872381000000.0,finance_balance_sheet_parent_current_only.csv,loan_and_advance,quarterly_direct,identity_q1_or_ytd_diff,
601169.XSHG,parent_balance,2023-06-30,2023q2,,2023-08-31,advance_payment,,finance_balance_sheet_parent_current_only.csv,advance_payment,,identity_q1_or_ytd_diff,missing_raw_value
601169.XSHG,parent_balance,2023-06-30,2023q2,,2023-08-31,hold_for_sale_assets,,finance_balance_sheet_parent_current_only.csv,hold_for_sale_assets,,identity_q1_or_ytd_diff,missing_raw_value
601169.XSHG,parent_balance,2023-06-30,2023q2,,2023-08-31,hold_to_maturity_investments,,finance_balance_sheet_parent_current_only.csv,hold_to_maturity_investments,,identity_q1_or_ytd_diff,missing_raw_value
601169.XSHG,parent_balance,2023-06-30,2023q2,,2023-08-31,longterm_equity_invest,8931000000.0,finance_balance_sheet_parent_current_only.csv,longterm_equity_invest,quarterly_direct,identity_q1_or_ytd_diff,
601169.XSHG,parent_balance,2023-06-30,2023q2,,2023-08-31,investment_property,296000000.0,finance_balance_sheet_parent_current_only.csv,investment_property,quarterly_direct,identity_q1_or_ytd_diff,
601169.XSHG,parent_balance,2023-06-30,2023q2,,2023-08-31,inventories,,finance_balance_sheet_parent_current_only.csv,inventories,,identity_q1_or_ytd_diff,missing_raw_value
601169.XSHG,parent_balance,2023-06-30,2023q2,,2023-08-31,fixed_assets,17815000000.0,finance_balance_sheet_parent_current_only.csv,fixed_assets,quarterly_direct,identity_q1_or_ytd_diff,
601169.XSHG,parent_balance,2023-06-30,2023q2,,2023-08-31,constru_in_process,,finance_balance_sheet_parent_current_only.csv,constru_in_process,,identity_q1_or_ytd_diff,missing_raw_value
601169.XSHG,parent_balance,2023-06-30,2023q2,,2023-08-31,intangible_assets,800000000.0,finance_balance_sheet_parent_current_only.csv,intangible_assets,quarterly_direct,identity_q1_or_ytd_diff,
601169.XSHG,parent_balance,2023-06-30,2023q2,,2023-08-31,long_deferred_expense,,finance_balance_sheet_parent_current_only.csv,long_deferred_expense,,identity_q1_or_ytd_diff,missing_raw_value
601169.XSHG,parent_balance,2023-06-30,2023q2,,2023-08-31,deferred_tax_assets,32253000000.0,finance_balance_sheet_parent_current_only.csv,deferred_tax_assets,quarterly_direct,identity_q1_or_ytd_diff,
601169.XSHG,parent_balance,2023-06-30,2023q2,,2023-08-31,other_asset,45213000000.0,finance_balance_sheet_parent_current_only.csv,other_asset,quarterly_direct,identity_q1_or_ytd_diff,
601169.XSHG,parent_balance,2023-06-30,2023q2,,2023-08-31,total_assets,3584631000000.0,finance_balance_sheet_parent_current_only.csv,total_assets,quarterly_direct,identity_q1_or_ytd_diff,
601169.XSHG,parent_balance,2023-06-30,2023q2,,2023-08-31,borrowing_from_centralbank,138889000000.0,finance_balance_sheet_parent_current_only.csv,borrowing_from_centralbank,quarterly_direct,identity_q1_or_ytd_diff,
601169.XSHG,parent_balance,2023-06-30,2023q2,,2023-08-31,shortterm_loan,,finance_balance_sheet_parent_current_only.csv,shortterm_loan,,identity_q1_or_ytd_diff,missing_raw_value
601169.XSHG,parent_balance,2023-06-30,2023q2,,2023-08-31,borrowing_capital,77112000000.0,finance_balance_sheet_parent_current_only.csv,borrowing_capital,quarterly_direct,identity_q1_or_ytd_diff,
601169.XSHG,parent_balance,2023-06-30,2023q2,,2023-08-31,sold_buyback_secu_proceeds,64848000000.0,finance_balance_sheet_parent_current_only.csv,sold_buyback_secu_proceeds,quarterly_direct,identity_q1_or_ytd_diff,
601169.XSHG,parent_balance,2023-06-30,2023q2,,2023-08-31,proxy_secu_proceeds,,finance_balance_sheet_parent_current_only.csv,proxy_secu_proceeds,,identity_q1_or_ytd_diff,missing_raw_value
601169.XSHG,parent_balance,2023-06-30,2023q2,,2023-08-31,notes_payable,,finance_balance_sheet_parent_current_only.csv,notes_payable,,identity_q1_or_ytd_diff,missing_raw_value
601169.XSHG,parent_balance,2023-06-30,2023q2,,2023-08-31,advance_peceipts,,finance_balance_sheet_parent_current_only.csv,advance_peceipts,,identity_q1_or_ytd_diff,missing_raw_value
601169.XSHG,parent_balance,2023-06-30,2023q2,,2023-08-31,commission_payable,,finance_balance_sheet_parent_current_only.csv,commission_payable,,identity_q1_or_ytd_diff,missing_raw_value
601169.XSHG,parent_balance,2023-06-30,2023q2,,2023-08-31,salaries_payable,3313000000.0,finance_balance_sheet_parent_current_only.csv,salaries_payable,quarterly_direct,identity_q1_or_ytd_diff,
601169.XSHG,parent_balance,2023-06-30,2023q2,,2023-08-31,taxs_payable,1355000000.0,finance_balance_sheet_parent_current_only.csv,taxs_payable,quarterly_direct,identity_q1_or_ytd_diff,
601169.XSHG,parent_balance,2023-06-30,2023q2,,2023-08-31,interest_payable,,finance_balance_sheet_parent_current_only.csv,interest_payable,,identity_q1_or_ytd_diff,missing_raw_value
601169.XSHG,parent_balance,2023-06-30,2023q2,,2023-08-31,estimate_liability,3945000000.0,finance_balance_sheet_parent_current_only.csv,estimate_liability,quarterly_direct,identity_q1_or_ytd_diff,
601169.XSHG,parent_balance,2023-06-30,2023q2,,2023-08-31,longterm_loan,,finance_balance_sheet_parent_current_only.csv,longterm_loan,,identity_q1_or_ytd_diff,missing_raw_value
601169.XSHG,parent_balance,2023-06-30,2023q2,,2023-08-31,bonds_payable,451616000000.0,finance_balance_sheet_parent_current_only.csv,bonds_payable,quarterly_direct,identity_q1_or_ytd_diff,
601169.XSHG,parent_balance,2023-06-30,2023q2,,2023-08-31,deferred_tax_liability,,finance_balance_sheet_parent_current_only.csv,deferred_tax_liability,,identity_q1_or_ytd_diff,missing_raw_value
601169.XSHG,parent_balance,2023-06-30,2023q2,,2023-08-31,other_liability,18682000000.0,finance_balance_sheet_parent_current_only.csv,other_liability,quarterly_direct,identity_q1_or_ytd_diff,
601169.XSHG,parent_balance,2023-06-30,2023q2,,2023-08-31,total_liability,3268613000000.0,finance_balance_sheet_parent_current_only.csv,total_liability,quarterly_direct,identity_q1_or_ytd_diff,
601169.XSHG,parent_balance,2023-06-30,2023q2,,2023-08-31,paidin_capital,21143000000.0,finance_balance_sheet_parent_current_only.csv,paidin_capital,quarterly_direct,identity_q1_or_ytd_diff,
601169.XSHG,parent_balance,2023-06-30,2023q2,,2023-08-31,capital_reserve_fund,43777000000.0,finance_balance_sheet_parent_current_only.csv,capital_reserve_fund,quarterly_direct,identity_q1_or_ytd_diff,
601169.XSHG,parent_balance,2023-06-30,2023q2,,2023-08-31,treasury_stock,,finance_balance_sheet_parent_current_only.csv,treasury_stock,,identity_q1_or_ytd_diff,missing_raw_value
601169.XSHG,parent_balance,2023-06-30,2023q2,,2023-08-31,surplus_reserve_fund,24554000000.0,finance_balance_sheet_parent_current_only.csv,surplus_reserve_fund,quarterly_direct,identity_q1_or_ytd_diff,
601169.XSHG,parent_balance,2023-06-30,2023q2,,2023-08-31,equities_parent_company_owners,316018000000.0,finance_balance_sheet_parent_current_only.csv,equities_parent_company_owners,quarterly_direct,identity_q1_or_ytd_diff,
601169.XSHG,parent_balance,2023-06-30,2023q2,,2023-08-31,retained_profit,108197000000.0,finance_balance_sheet_parent_current_only.csv,retained_profit,quarterly_direct,identity_q1_or_ytd_diff,
601169.XSHG,parent_balance,2023-06-30,2023q2,,2023-08-31,minority_interests,,finance_balance_sheet_parent_current_only.csv,minority_interests,,identity_q1_or_ytd_diff,missing_raw_value
601169.XSHG,parent_balance,2023-06-30,2023q2,,2023-08-31,total_owner_equities,316018000000.0,finance_balance_sheet_parent_current_only.csv,total_owner_equities,quarterly_direct,identity_q1_or_ytd_diff,
601169.XSHG,parent_balance,2023-06-30,2023q2,,2023-08-31,other_comprehensive_income,2391000000.0,finance_balance_sheet_parent_current_only.csv,other_comprehensive_income,quarterly_direct,identity_q1_or_ytd_diff,
601169.XSHG,parent_balance,2023-09-30,2023q3,,2023-10-31,deposit_in_ib,23333000000.0,finance_balance_sheet_parent_current_only.csv,deposit_in_ib,quarterly_direct,identity_q1_or_ytd_diff,
601169.XSHG,parent_balance,2023-09-30,2023q3,,2023-10-31,cash_equivalents,,finance_balance_sheet_parent_current_only.csv,cash_equivalents,,identity_q1_or_ytd_diff,missing_raw_value
601169.XSHG,parent_balance,2023-09-30,2023q3,,2023-10-31,deposit_client,,finance_balance_sheet_parent_current_only.csv,deposit_client,,identity_q1_or_ytd_diff,missing_raw_value
601169.XSHG,parent_balance,2023-09-30,2023q3,,2023-10-31,cash_in_cb,167578000000.0,finance_balance_sheet_parent_current_only.csv,cash_in_cb,quarterly_direct,identity_q1_or_ytd_diff,
601169.XSHG,parent_balance,2023-09-30,2023q3,,2023-10-31,settlement_provi,,finance_balance_sheet_parent_current_only.csv,settlement_provi,,identity_q1_or_ytd_diff,missing_raw_value
601169.XSHG,parent_balance,2023-09-30,2023q3,,2023-10-31,settlement_provi_client,,finance_balance_sheet_parent_current_only.csv,settlement_provi_client,,identity_q1_or_ytd_diff,missing_raw_value
601169.XSHG,parent_balance,2023-09-30,2023q3,,2023-10-31,lend_capital,167159000000.0,finance_balance_sheet_parent_current_only.csv,lend_capital,quarterly_direct,identity_q1_or_ytd_diff,
601169.XSHG,parent_balance,2023-09-30,2023q3,,2023-10-31,bought_sellback_assets,30805000000.0,finance_balance_sheet_parent_current_only.csv,bought_sellback_assets,quarterly_direct,identity_q1_or_ytd_diff,
601169.XSHG,parent_balance,2023-09-30,2023q3,,2023-10-31,interest_receivable,,finance_balance_sheet_parent_current_only.csv,interest_receivable,,identity_q1_or_ytd_diff,missing_raw_value
601169.XSHG,parent_balance,2023-09-30,2023q3,,2023-10-31,insurance_receivables,,finance_balance_sheet_parent_current_only.csv,insurance_receivables,,identity_q1_or_ytd_diff,missing_raw_value
601169.XSHG,parent_balance,2023-09-30,2023q3,,2023-10-31,loan_and_advance,1889493000000.0,finance_balance_sheet_parent_current_only.csv,loan_and_advance,quarterly_direct,identity_q1_or_ytd_diff,
601169.XSHG,parent_balance,2023-09-30,2023q3,,2023-10-31,advance_payment,,finance_balance_sheet_parent_current_only.csv,advance_payment,,identity_q1_or_ytd_diff,missing_raw_value
601169.XSHG,parent_balance,2023-09-30,2023q3,,2023-10-31,hold_for_sale_assets,,finance_balance_sheet_parent_current_only.csv,hold_for_sale_assets,,identity_q1_or_ytd_diff,missing_raw_value
601169.XSHG,parent_balance,2023-09-30,2023q3,,2023-10-31,hold_to_maturity_investments,,finance_balance_sheet_parent_current_only.csv,hold_to_maturity_investments,,identity_q1_or_ytd_diff,missing_raw_value
601169.XSHG,parent_balance,2023-09-30,2023q3,,2023-10-31,longterm_equity_invest,8895000000.0,finance_balance_sheet_parent_current_only.csv,longterm_equity_invest,quarterly_direct,identity_q1_or_ytd_diff,
601169.XSHG,parent_balance,2023-09-30,2023q3,,2023-10-31,investment_property,292000000.0,finance_balance_sheet_parent_current_only.csv,investment_property,quarterly_direct,identity_q1_or_ytd_diff,
601169.XSHG,parent_balance,2023-09-30,2023q3,,2023-10-31,inventories,,finance_balance_sheet_parent_current_only.csv,inventories,,identity_q1_or_ytd_diff,missing_raw_value
601169.XSHG,parent_balance,2023-09-30,2023q3,,2023-10-31,fixed_assets,17826000000.0,finance_balance_sheet_parent_current_only.csv,fixed_assets,quarterly_direct,identity_q1_or_ytd_diff,
601169.XSHG,parent_balance,2023-09-30,2023q3,,2023-10-31,constru_in_process,,finance_balance_sheet_parent_current_only.csv,constru_in_process,,identity_q1_or_ytd_diff,missing_raw_value
601169.XSHG,parent_balance,2023-09-30,2023q3,,2023-10-31,intangible_assets,838000000.0,finance_balance_sheet_parent_current_only.csv,intangible_assets,quarterly_direct,identity_q1_or_ytd_diff,
601169.XSHG,parent_balance,2023-09-30,2023q3,,2023-10-31,long_deferred_expense,,finance_balance_sheet_parent_current_only.csv,long_deferred_expense,,identity_q1_or_ytd_diff,missing_raw_value
601169.XSHG,parent_balance,2023-09-30,2023q3,,2023-10-31,deferred_tax_assets,33526000000.0,finance_balance_sheet_parent_current_only.csv,deferred_tax_assets,quarterly_direct,identity_q1_or_ytd_diff,
601169.XSHG,parent_balance,2023-09-30,2023q3,,2023-10-31,other_asset,39210000000.0,finance_balance_sheet_parent_current_only.csv,other_asset,quarterly_direct,identity_q1_or_ytd_diff,
601169.XSHG,parent_balance,2023-09-30,2023q3,,2023-10-31,total_assets,3630823000000.0,finance_balance_sheet_parent_current_only.csv,total_assets,quarterly_direct,identity_q1_or_ytd_diff,
601169.XSHG,parent_balance,2023-09-30,2023q3,,2023-10-31,borrowing_from_centralbank,141745000000.0,finance_balance_sheet_parent_current_only.csv,borrowing_from_centralbank,quarterly_direct,identity_q1_or_ytd_diff,
601169.XSHG,parent_balance,2023-09-30,2023q3,,2023-10-31,shortterm_loan,,finance_balance_sheet_parent_current_only.csv,shortterm_loan,,identity_q1_or_ytd_diff,missing_raw_value
601169.XSHG,parent_balance,2023-09-30,2023q3,,2023-10-31,borrowing_capital,83931000000.0,finance_balance_sheet_parent_current_only.csv,borrowing_capital,quarterly_direct,identity_q1_or_ytd_diff,
601169.XSHG,parent_balance,2023-09-30,2023q3,,2023-10-31,sold_buyback_secu_proceeds,104939000000.0,finance_balance_sheet_parent_current_only.csv,sold_buyback_secu_proceeds,quarterly_direct,identity_q1_or_ytd_diff,
601169.XSHG,parent_balance,2023-09-30,2023q3,,2023-10-31,proxy_secu_proceeds,,finance_balance_sheet_parent_current_only.csv,proxy_secu_proceeds,,identity_q1_or_ytd_diff,missing_raw_value
601169.XSHG,parent_balance,2023-09-30,2023q3,,2023-10-31,notes_payable,,finance_balance_sheet_parent_current_only.csv,notes_payable,,identity_q1_or_ytd_diff,missing_raw_value
601169.XSHG,parent_balance,2023-09-30,2023q3,,2023-10-31,advance_peceipts,,finance_balance_sheet_parent_current_only.csv,advance_peceipts,,identity_q1_or_ytd_diff,missing_raw_value
601169.XSHG,parent_balance,2023-09-30,2023q3,,2023-10-31,commission_payable,,finance_balance_sheet_parent_current_only.csv,commission_payable,,identity_q1_or_ytd_diff,missing_raw_value
601169.XSHG,parent_balance,2023-09-30,2023q3,,2023-10-31,salaries_payable,3445000000.0,finance_balance_sheet_parent_current_only.csv,salaries_payable,quarterly_direct,identity_q1_or_ytd_diff,
601169.XSHG,parent_balance,2023-09-30,2023q3,,2023-10-31,taxs_payable,2171000000.0,finance_balance_sheet_parent_current_only.csv,taxs_payable,quarterly_direct,identity_q1_or_ytd_diff,
601169.XSHG,parent_balance,2023-09-30,2023q3,,2023-10-31,interest_payable,,finance_balance_sheet_parent_current_only.csv,interest_payable,,identity_q1_or_ytd_diff,missing_raw_value
601169.XSHG,parent_balance,2023-09-30,2023q3,,2023-10-31,estimate_liability,3785000000.0,finance_balance_sheet_parent_current_only.csv,estimate_liability,quarterly_direct,identity_q1_or_ytd_diff,
601169.XSHG,parent_balance,2023-09-30,2023q3,,2023-10-31,longterm_loan,,finance_balance_sheet_parent_current_only.csv,longterm_loan,,identity_q1_or_ytd_diff,missing_raw_value
601169.XSHG,parent_balance,2023-09-30,2023q3,,2023-10-31,bonds_payable,453290000000.0,finance_balance_sheet_parent_current_only.csv,bonds_payable,quarterly_direct,identity_q1_or_ytd_diff,
601169.XSHG,parent_balance,2023-09-30,2023q3,,2023-10-31,deferred_tax_liability,,finance_balance_sheet_parent_current_only.csv,deferred_tax_liability,,identity_q1_or_ytd_diff,missing_raw_value
601169.XSHG,parent_balance,2023-09-30,2023q3,,2023-10-31,other_liability,19599000000.0,finance_balance_sheet_parent_current_only.csv,other_liability,quarterly_direct,identity_q1_or_ytd_diff,
601169.XSHG,parent_balance,2023-09-30,2023q3,,2023-10-31,total_liability,3309470000000.0,finance_balance_sheet_parent_current_only.csv,total_liability,quarterly_direct,identity_q1_or_ytd_diff,
601169.XSHG,parent_balance,2023-09-30,2023q3,,2023-10-31,paidin_capital,21143000000.0,finance_balance_sheet_parent_current_only.csv,paidin_capital,quarterly_direct,identity_q1_or_ytd_diff,
601169.XSHG,parent_balance,2023-09-30,2023q3,,2023-10-31,capital_reserve_fund,43777000000.0,finance_balance_sheet_parent_current_only.csv,capital_reserve_fund,quarterly_direct,identity_q1_or_ytd_diff,
601169.XSHG,parent_balance,2023-09-30,2023q3,,2023-10-31,treasury_stock,,finance_balance_sheet_parent_current_only.csv,treasury_stock,,identity_q1_or_ytd_diff,missing_raw_value
601169.XSHG,parent_balance,2023-09-30,2023q3,,2023-10-31,surplus_reserve_fund,24554000000.0,finance_balance_sheet_parent_current_only.csv,surplus_reserve_fund,quarterly_direct,identity_q1_or_ytd_diff,
601169.XSHG,parent_balance,2023-09-30,2023q3,,2023-10-31,equities_parent_company_owners,321353000000.0,finance_balance_sheet_parent_current_only.csv,equities_parent_company_owners,quarterly_direct,identity_q1_or_ytd_diff,
601169.XSHG,parent_balance,2023-09-30,2023q3,,2023-10-31,retained_profit,114003000000.0,finance_balance_sheet_parent_current_only.csv,retained_profit,quarterly_direct,identity_q1_or_ytd_diff,
601169.XSHG,parent_balance,2023-09-30,2023q3,,2023-10-31,minority_interests,,finance_balance_sheet_parent_current_only.csv,minority_interests,,identity_q1_or_ytd_diff,missing_raw_value
601169.XSHG,parent_balance,2023-09-30,2023q3,,2023-10-31,total_owner_equities,321353000000.0,finance_balance_sheet_parent_current_only.csv,total_owner_equities,quarterly_direct,identity_q1_or_ytd_diff,
601169.XSHG,parent_balance,2023-09-30,2023q3,,2023-10-31,other_comprehensive_income,1920000000.0,finance_balance_sheet_parent_current_only.csv,other_comprehensive_income,quarterly_direct,identity_q1_or_ytd_diff,
601169.XSHG,parent_balance,2023-12-31,2023q4,,2024-04-12,deposit_in_ib,11856000000.0,finance_balance_sheet_parent_current_only.csv,deposit_in_ib,quarterly_direct,identity_q1_or_ytd_diff,
601169.XSHG,parent_balance,2023-12-31,2023q4,,2024-04-12,cash_equivalents,,finance_balance_sheet_parent_current_only.csv,cash_equivalents,,identity_q1_or_ytd_diff,missing_raw_value
601169.XSHG,parent_balance,2023-12-31,2023q4,,2024-04-12,deposit_client,,finance_balance_sheet_parent_current_only.csv,deposit_client,,identity_q1_or_ytd_diff,missing_raw_value
601169.XSHG,parent_balance,2023-12-31,2023q4,,2024-04-12,cash_in_cb,164487000000.0,finance_balance_sheet_parent_current_only.csv,cash_in_cb,quarterly_direct,identity_q1_or_ytd_diff,
601169.XSHG,parent_balance,2023-12-31,2023q4,,2024-04-12,settlement_provi,,finance_balance_sheet_parent_current_only.csv,settlement_provi,,identity_q1_or_ytd_diff,missing_raw_value
601169.XSHG,parent_balance,2023-12-31,2023q4,,2024-04-12,settlement_provi_client,,finance_balance_sheet_parent_current_only.csv,settlement_provi_client,,identity_q1_or_ytd_diff,missing_raw_value
601169.XSHG,parent_balance,2023-12-31,2023q4,,2024-04-12,lend_capital,183544000000.0,finance_balance_sheet_parent_current_only.csv,lend_capital,quarterly_direct,identity_q1_or_ytd_diff,
601169.XSHG,parent_balance,2023-12-31,2023q4,,2024-04-12,bought_sellback_assets,65871000000.0,finance_balance_sheet_parent_current_only.csv,bought_sellback_assets,quarterly_direct,identity_q1_or_ytd_diff,
601169.XSHG,parent_balance,2023-12-31,2023q4,,2024-04-12,interest_receivable,,finance_balance_sheet_parent_current_only.csv,interest_receivable,,identity_q1_or_ytd_diff,missing_raw_value
601169.XSHG,parent_balance,2023-12-31,2023q4,,2024-04-12,insurance_receivables,,finance_balance_sheet_parent_current_only.csv,insurance_receivables,,identity_q1_or_ytd_diff,missing_raw_value
601169.XSHG,parent_balance,2023-12-31,2023q4,,2024-04-12,loan_and_advance,1912548000000.0,finance_balance_sheet_parent_current_only.csv,loan_and_advance,quarterly_direct,identity_q1_or_ytd_diff,
601169.XSHG,parent_balance,2023-12-31,2023q4,,2024-04-12,advance_payment,,finance_balance_sheet_parent_current_only.csv,advance_payment,,identity_q1_or_ytd_diff,missing_raw_value
601169.XSHG,parent_balance,2023-12-31,2023q4,,2024-04-12,hold_for_sale_assets,,finance_balance_sheet_parent_current_only.csv,hold_for_sale_assets,,identity_q1_or_ytd_diff,missing_raw_value
601169.XSHG,parent_balance,2023-12-31,2023q4,,2024-04-12,hold_to_maturity_investments,,finance_balance_sheet_parent_current_only.csv,hold_to_maturity_investments,,identity_q1_or_ytd_diff,missing_raw_value
601169.XSHG,parent_balance,2023-12-31,2023q4,,2024-04-12,longterm_equity_invest,11007000000.0,finance_balance_sheet_parent_current_only.csv,longterm_equity_invest,quarterly_direct,identity_q1_or_ytd_diff,
601169.XSHG,parent_balance,2023-12-31,2023q4,,2024-04-12,investment_property,289000000.0,finance_balance_sheet_parent_current_only.csv,investment_property,quarterly_direct,identity_q1_or_ytd_diff,
601169.XSHG,parent_balance,2023-12-31,2023q4,,2024-04-12,inventories,,finance_balance_sheet_parent_current_only.csv,inventories,,identity_q1_or_ytd_diff,missing_raw_value
601169.XSHG,parent_balance,2023-12-31,2023q4,,2024-04-12,fixed_assets,18753000000.0,finance_balance_sheet_parent_current_only.csv,fixed_assets,quarterly_direct,identity_q1_or_ytd_diff,
601169.XSHG,parent_balance,2023-12-31,2023q4,,2024-04-12,constru_in_process,,finance_balance_sheet_parent_current_only.csv,constru_in_process,,identity_q1_or_ytd_diff,missing_raw_value
601169.XSHG,parent_balance,2023-12-31,2023q4,,2024-04-12,intangible_assets,923000000.0,finance_balance_sheet_parent_current_only.csv,intangible_assets,quarterly_direct,identity_q1_or_ytd_diff,
601169.XSHG,parent_balance,2023-12-31,2023q4,,2024-04-12,long_deferred_expense,,finance_balance_sheet_parent_current_only.csv,long_deferred_expense,,identity_q1_or_ytd_diff,missing_raw_value
601169.XSHG,parent_balance,2023-12-31,2023q4,,2024-04-12,deferred_tax_assets,34374000000.0,finance_balance_sheet_parent_current_only.csv,deferred_tax_assets,quarterly_direct,identity_q1_or_ytd_diff,
601169.XSHG,parent_balance,2023-12-31,2023q4,,2024-04-12,other_asset,17777000000.0,finance_balance_sheet_parent_current_only.csv,other_asset,quarterly_direct,identity_q1_or_ytd_diff,
601169.XSHG,parent_balance,2023-12-31,2023q4,,2024-04-12,total_assets,3701507000000.0,finance_balance_sheet_parent_current_only.csv,total_assets,quarterly_direct,identity_q1_or_ytd_diff,
601169.XSHG,parent_balance,2023-12-31,2023q4,,2024-04-12,borrowing_from_centralbank,177441000000.0,finance_balance_sheet_parent_current_only.csv,borrowing_from_centralbank,quarterly_direct,identity_q1_or_ytd_diff,
601169.XSHG,parent_balance,2023-12-31,2023q4,,2024-04-12,shortterm_loan,,finance_balance_sheet_parent_current_only.csv,shortterm_loan,,identity_q1_or_ytd_diff,missing_raw_value
601169.XSHG,parent_balance,2023-12-31,2023q4,,2024-04-12,borrowing_capital,102808000000.0,finance_balance_sheet_parent_current_only.csv,borrowing_capital,quarterly_direct,identity_q1_or_ytd_diff,
601169.XSHG,parent_balance,2023-12-31,2023q4,,2024-04-12,sold_buyback_secu_proceeds,78402000000.0,finance_balance_sheet_parent_current_only.csv,sold_buyback_secu_proceeds,quarterly_direct,identity_q1_or_ytd_diff,
601169.XSHG,parent_balance,2023-12-31,2023q4,,2024-04-12,proxy_secu_proceeds,,finance_balance_sheet_parent_current_only.csv,proxy_secu_proceeds,,identity_q1_or_ytd_diff,missing_raw_value
601169.XSHG,parent_balance,2023-12-31,2023q4,,2024-04-12,notes_payable,,finance_balance_sheet_parent_current_only.csv,notes_payable,,identity_q1_or_ytd_diff,missing_raw_value
601169.XSHG,parent_balance,2023-12-31,2023q4,,2024-04-12,advance_peceipts,,finance_balance_sheet_parent_current_only.csv,advance_peceipts,,identity_q1_or_ytd_diff,missing_raw_value
601169.XSHG,parent_balance,2023-12-31,2023q4,,2024-04-12,commission_payable,,finance_balance_sheet_parent_current_only.csv,commission_payable,,identity_q1_or_ytd_diff,missing_raw_value
601169.XSHG,parent_balance,2023-12-31,2023q4,,2024-04-12,salaries_payable,3175000000.0,finance_balance_sheet_parent_current_only.csv,salaries_payable,quarterly_direct,identity_q1_or_ytd_diff,
601169.XSHG,parent_balance,2023-12-31,2023q4,,2024-04-12,taxs_payable,2697000000.0,finance_balance_sheet_parent_current_only.csv,taxs_payable,quarterly_direct,identity_q1_or_ytd_diff,
601169.XSHG,parent_balance,2023-12-31,2023q4,,2024-04-12,interest_payable,,finance_balance_sheet_parent_current_only.csv,interest_payable,,identity_q1_or_ytd_diff,missing_raw_value
601169.XSHG,parent_balance,2023-12-31,2023q4,,2024-04-12,estimate_liability,3683000000.0,finance_balance_sheet_parent_current_only.csv,estimate_liability,quarterly_direct,identity_q1_or_ytd_diff,
601169.XSHG,parent_balance,2023-12-31,2023q4,,2024-04-12,longterm_loan,,finance_balance_sheet_parent_current_only.csv,longterm_loan,,identity_q1_or_ytd_diff,missing_raw_value
601169.XSHG,parent_balance,2023-12-31,2023q4,,2024-04-12,bonds_payable,468839000000.0,finance_balance_sheet_parent_current_only.csv,bonds_payable,quarterly_direct,identity_q1_or_ytd_diff,
601169.XSHG,parent_balance,2023-12-31,2023q4,,2024-04-12,deferred_tax_liability,,finance_balance_sheet_parent_current_only.csv,deferred_tax_liability,,identity_q1_or_ytd_diff,missing_raw_value
601169.XSHG,parent_balance,2023-12-31,2023q4,,2024-04-12,other_liability,7439000000.0,finance_balance_sheet_parent_current_only.csv,other_liability,quarterly_direct,identity_q1_or_ytd_diff,
601169.XSHG,parent_balance,2023-12-31,2023q4,,2024-04-12,total_liability,3376561000000.0,finance_balance_sheet_parent_current_only.csv,total_liability,quarterly_direct,identity_q1_or_ytd_diff,
601169.XSHG,parent_balance,2023-12-31,2023q4,,2024-04-12,paidin_capital,21143000000.0,finance_balance_sheet_parent_current_only.csv,paidin_capital,quarterly_direct,identity_q1_or_ytd_diff,
601169.XSHG,parent_balance,2023-12-31,2023q4,,2024-04-12,capital_reserve_fund,43777000000.0,finance_balance_sheet_parent_current_only.csv,capital_reserve_fund,quarterly_direct,identity_q1_or_ytd_diff,
601169.XSHG,parent_balance,2023-12-31,2023q4,,2024-04-12,treasury_stock,,finance_balance_sheet_parent_current_only.csv,treasury_stock,,identity_q1_or_ytd_diff,missing_raw_value
601169.XSHG,parent_balance,2023-12-31,2023q4,,2024-04-12,surplus_reserve_fund,27050000000.0,finance_balance_sheet_parent_current_only.csv,surplus_reserve_fund,quarterly_direct,identity_q1_or_ytd_diff,
601169.XSHG,parent_balance,2023-12-31,2023q4,,2024-04-12,equities_parent_company_owners,324946000000.0,finance_balance_sheet_parent_current_only.csv,equities_parent_company_owners,quarterly_direct,identity_q1_or_ytd_diff,
601169.XSHG,parent_balance,2023-12-31,2023q4,,2024-04-12,retained_profit,110066000000.0,finance_balance_sheet_parent_current_only.csv,retained_profit,quarterly_direct,identity_q1_or_ytd_diff,
601169.XSHG,parent_balance,2023-12-31,2023q4,,2024-04-12,minority_interests,,finance_balance_sheet_parent_current_only.csv,minority_interests,,identity_q1_or_ytd_diff,missing_raw_value
601169.XSHG,parent_balance,2023-12-31,2023q4,,2024-04-12,total_owner_equities,324946000000.0,finance_balance_sheet_parent_current_only.csv,total_owner_equities,quarterly_direct,identity_q1_or_ytd_diff,
601169.XSHG,parent_balance,2023-12-31,2023q4,,2024-04-12,other_comprehensive_income,2989000000.0,finance_balance_sheet_parent_current_only.csv,other_comprehensive_income,quarterly_direct,identity_q1_or_ytd_diff,
601169.XSHG,parent_balance,2024-03-31,2024q1,,2024-04-30,deposit_in_ib,15383000000.0,finance_balance_sheet_parent_current_only.csv,deposit_in_ib,quarterly_direct,identity_q1_or_ytd_diff,
601169.XSHG,parent_balance,2024-03-31,2024q1,,2024-04-30,cash_equivalents,,finance_balance_sheet_parent_current_only.csv,cash_equivalents,,identity_q1_or_ytd_diff,missing_raw_value
601169.XSHG,parent_balance,2024-03-31,2024q1,,2024-04-30,deposit_client,,finance_balance_sheet_parent_current_only.csv,deposit_client,,identity_q1_or_ytd_diff,missing_raw_value
601169.XSHG,parent_balance,2024-03-31,2024q1,,2024-04-30,cash_in_cb,151416000000.0,finance_balance_sheet_parent_current_only.csv,cash_in_cb,quarterly_direct,identity_q1_or_ytd_diff,
601169.XSHG,parent_balance,2024-03-31,2024q1,,2024-04-30,settlement_provi,,finance_balance_sheet_parent_current_only.csv,settlement_provi,,identity_q1_or_ytd_diff,missing_raw_value
601169.XSHG,parent_balance,2024-03-31,2024q1,,2024-04-30,settlement_provi_client,,finance_balance_sheet_parent_current_only.csv,settlement_provi_client,,identity_q1_or_ytd_diff,missing_raw_value
601169.XSHG,parent_balance,2024-03-31,2024q1,,2024-04-30,lend_capital,204025000000.0,finance_balance_sheet_parent_current_only.csv,lend_capital,quarterly_direct,identity_q1_or_ytd_diff,
601169.XSHG,parent_balance,2024-03-31,2024q1,,2024-04-30,bought_sellback_assets,29398000000.0,finance_balance_sheet_parent_current_only.csv,bought_sellback_assets,quarterly_direct,identity_q1_or_ytd_diff,
601169.XSHG,parent_balance,2024-03-31,2024q1,,2024-04-30,interest_receivable,,finance_balance_sheet_parent_current_only.csv,interest_receivable,,identity_q1_or_ytd_diff,missing_raw_value
601169.XSHG,parent_balance,2024-03-31,2024q1,,2024-04-30,insurance_receivables,,finance_balance_sheet_parent_current_only.csv,insurance_receivables,,identity_q1_or_ytd_diff,missing_raw_value
601169.XSHG,parent_balance,2024-03-31,2024q1,,2024-04-30,loan_and_advance,2010241000000.0,finance_balance_sheet_parent_current_only.csv,loan_and_advance,quarterly_direct,identity_q1_or_ytd_diff,
601169.XSHG,parent_balance,2024-03-31,2024q1,,2024-04-30,advance_payment,,finance_balance_sheet_parent_current_only.csv,advance_payment,,identity_q1_or_ytd_diff,missing_raw_value
601169.XSHG,parent_balance,2024-03-31,2024q1,,2024-04-30,hold_for_sale_assets,,finance_balance_sheet_parent_current_only.csv,hold_for_sale_assets,,identity_q1_or_ytd_diff,missing_raw_value
601169.XSHG,parent_balance,2024-03-31,2024q1,,2024-04-30,hold_to_maturity_investments,,finance_balance_sheet_parent_current_only.csv,hold_to_maturity_investments,,identity_q1_or_ytd_diff,missing_raw_value
601169.XSHG,parent_balance,2024-03-31,2024q1,,2024-04-30,longterm_equity_invest,11790000000.0,finance_balance_sheet_parent_current_only.csv,longterm_equity_invest,quarterly_direct,identity_q1_or_ytd_diff,
601169.XSHG,parent_balance,2024-03-31,2024q1,,2024-04-30,investment_property,285000000.0,finance_balance_sheet_parent_current_only.csv,investment_property,quarterly_direct,identity_q1_or_ytd_diff,
601169.XSHG,parent_balance,2024-03-31,2024q1,,2024-04-30,inventories,,finance_balance_sheet_parent_current_only.csv,inventories,,identity_q1_or_ytd_diff,missing_raw_value
601169.XSHG,parent_balance,2024-03-31,2024q1,,2024-04-30,fixed_assets,18942000000.0,finance_balance_sheet_parent_current_only.csv,fixed_assets,quarterly_direct,identity_q1_or_ytd_diff,
601169.XSHG,parent_balance,2024-03-31,2024q1,,2024-04-30,constru_in_process,,finance_balance_sheet_parent_current_only.csv,constru_in_process,,identity_q1_or_ytd_diff,missing_raw_value
601169.XSHG,parent_balance,2024-03-31,2024q1,,2024-04-30,intangible_assets,907000000.0,finance_balance_sheet_parent_current_only.csv,intangible_assets,quarterly_direct,identity_q1_or_ytd_diff,
601169.XSHG,parent_balance,2024-03-31,2024q1,,2024-04-30,long_deferred_expense,,finance_balance_sheet_parent_current_only.csv,long_deferred_expense,,identity_q1_or_ytd_diff,missing_raw_value
601169.XSHG,parent_balance,2024-03-31,2024q1,,2024-04-30,deferred_tax_assets,34720000000.0,finance_balance_sheet_parent_current_only.csv,deferred_tax_assets,quarterly_direct,identity_q1_or_ytd_diff,
601169.XSHG,parent_balance,2024-03-31,2024q1,,2024-04-30,other_asset,47505000000.0,finance_balance_sheet_parent_current_only.csv,other_asset,quarterly_direct,identity_q1_or_ytd_diff,
601169.XSHG,parent_balance,2024-03-31,2024q1,,2024-04-30,total_assets,3842593000000.0,finance_balance_sheet_parent_current_only.csv,total_assets,quarterly_direct,identity_q1_or_ytd_diff,
601169.XSHG,parent_balance,2024-03-31,2024q1,,2024-04-30,borrowing_from_centralbank,177592000000.0,finance_balance_sheet_parent_current_only.csv,borrowing_from_centralbank,quarterly_direct,identity_q1_or_ytd_diff,
601169.XSHG,parent_balance,2024-03-31,2024q1,,2024-04-30,shortterm_loan,,finance_balance_sheet_parent_current_only.csv,shortterm_loan,,identity_q1_or_ytd_diff,missing_raw_value
601169.XSHG,parent_balance,2024-03-31,2024q1,,2024-04-30,borrowing_capital,93847000000.0,finance_balance_sheet_parent_current_only.csv,borrowing_capital,quarterly_direct,identity_q1_or_ytd_diff,
601169.XSHG,parent_balance,2024-03-31,2024q1,,2024-04-30,sold_buyback_secu_proceeds,91318000000.0,finance_balance_sheet_parent_current_only.csv,sold_buyback_secu_proceeds,quarterly_direct,identity_q1_or_ytd_diff,
601169.XSHG,parent_balance,2024-03-31,2024q1,,2024-04-30,proxy_secu_proceeds,,finance_balance_sheet_parent_current_only.csv,proxy_secu_proceeds,,identity_q1_or_ytd_diff,missing_raw_value
601169.XSHG,parent_balance,2024-03-31,2024q1,,2024-04-30,notes_payable,,finance_balance_sheet_parent_current_only.csv,notes_payable,,identity_q1_or_ytd_diff,missing_raw_value
601169.XSHG,parent_balance,2024-03-31,2024q1,,2024-04-30,advance_peceipts,,finance_balance_sheet_parent_current_only.csv,advance_peceipts,,identity_q1_or_ytd_diff,missing_raw_value
601169.XSHG,parent_balance,2024-03-31,2024q1,,2024-04-30,commission_payable,,finance_balance_sheet_parent_current_only.csv,commission_payable,,identity_q1_or_ytd_diff,missing_raw_value
601169.XSHG,parent_balance,2024-03-31,2024q1,,2024-04-30,salaries_payable,3220000000.0,finance_balance_sheet_parent_current_only.csv,salaries_payable,quarterly_direct,identity_q1_or_ytd_diff,
601169.XSHG,parent_balance,2024-03-31,2024q1,,2024-04-30,taxs_payable,2762000000.0,finance_balance_sheet_parent_current_only.csv,taxs_payable,quarterly_direct,identity_q1_or_ytd_diff,
601169.XSHG,parent_balance,2024-03-31,2024q1,,2024-04-30,interest_payable,,finance_balance_sheet_parent_current_only.csv,interest_payable,,identity_q1_or_ytd_diff,missing_raw_value
601169.XSHG,parent_balance,2024-03-31,2024q1,,2024-04-30,estimate_liability,3526000000.0,finance_balance_sheet_parent_current_only.csv,estimate_liability,quarterly_direct,identity_q1_or_ytd_diff,
601169.XSHG,parent_balance,2024-03-31,2024q1,,2024-04-30,longterm_loan,,finance_balance_sheet_parent_current_only.csv,longterm_loan,,identity_q1_or_ytd_diff,missing_raw_value
601169.XSHG,parent_balance,2024-03-31,2024q1,,2024-04-30,bonds_payable,452524000000.0,finance_balance_sheet_parent_current_only.csv,bonds_payable,quarterly_direct,identity_q1_or_ytd_diff,
601169.XSHG,parent_balance,2024-03-31,2024q1,,2024-04-30,deferred_tax_liability,,finance_balance_sheet_parent_current_only.csv,deferred_tax_liability,,identity_q1_or_ytd_diff,missing_raw_value
601169.XSHG,parent_balance,2024-03-31,2024q1,,2024-04-30,other_liability,25370000000.0,finance_balance_sheet_parent_current_only.csv,other_liability,quarterly_direct,identity_q1_or_ytd_diff,
601169.XSHG,parent_balance,2024-03-31,2024q1,,2024-04-30,total_liability,3508394000000.0,finance_balance_sheet_parent_current_only.csv,total_liability,quarterly_direct,identity_q1_or_ytd_diff,
601169.XSHG,parent_balance,2024-03-31,2024q1,,2024-04-30,paidin_capital,21143000000.0,finance_balance_sheet_parent_current_only.csv,paidin_capital,quarterly_direct,identity_q1_or_ytd_diff,
601169.XSHG,parent_balance,2024-03-31,2024q1,,2024-04-30,capital_reserve_fund,43777000000.0,finance_balance_sheet_parent_current_only.csv,capital_reserve_fund,quarterly_direct,identity_q1_or_ytd_diff,
601169.XSHG,parent_balance,2024-03-31,2024q1,,2024-04-30,treasury_stock,,finance_balance_sheet_parent_current_only.csv,treasury_stock,,identity_q1_or_ytd_diff,missing_raw_value
601169.XSHG,parent_balance,2024-03-31,2024q1,,2024-04-30,surplus_reserve_fund,27050000000.0,finance_balance_sheet_parent_current_only.csv,surplus_reserve_fund,quarterly_direct,identity_q1_or_ytd_diff,
601169.XSHG,parent_balance,2024-03-31,2024q1,,2024-04-30,equities_parent_company_owners,334199000000.0,finance_balance_sheet_parent_current_only.csv,equities_parent_company_owners,quarterly_direct,identity_q1_or_ytd_diff,
601169.XSHG,parent_balance,2024-03-31,2024q1,,2024-04-30,retained_profit,117733000000.0,finance_balance_sheet_parent_current_only.csv,retained_profit,quarterly_direct,identity_q1_or_ytd_diff,
601169.XSHG,parent_balance,2024-03-31,2024q1,,2024-04-30,minority_interests,,finance_balance_sheet_parent_current_only.csv,minority_interests,,identity_q1_or_ytd_diff,missing_raw_value
601169.XSHG,parent_balance,2024-03-31,2024q1,,2024-04-30,total_owner_equities,334199000000.0,finance_balance_sheet_parent_current_only.csv,total_owner_equities,quarterly_direct,identity_q1_or_ytd_diff,
601169.XSHG,parent_balance,2024-03-31,2024q1,,2024-04-30,other_comprehensive_income,4575000000.0,finance_balance_sheet_parent_current_only.csv,other_comprehensive_income,quarterly_direct,identity_q1_or_ytd_diff,
601169.XSHG,parent_balance,2024-06-30,2024q2,,2024-08-31,deposit_in_ib,13336000000.0,finance_balance_sheet_parent_current_only.csv,deposit_in_ib,quarterly_direct,identity_q1_or_ytd_diff,
601169.XSHG,parent_balance,2024-06-30,2024q2,,2024-08-31,cash_equivalents,,finance_balance_sheet_parent_current_only.csv,cash_equivalents,,identity_q1_or_ytd_diff,missing_raw_value
601169.XSHG,parent_balance,2024-06-30,2024q2,,2024-08-31,deposit_client,,finance_balance_sheet_parent_current_only.csv,deposit_client,,identity_q1_or_ytd_diff,missing_raw_value
601169.XSHG,parent_balance,2024-06-30,2024q2,,2024-08-31,cash_in_cb,164960000000.0,finance_balance_sheet_parent_current_only.csv,cash_in_cb,quarterly_direct,identity_q1_or_ytd_diff,
601169.XSHG,parent_balance,2024-06-30,2024q2,,2024-08-31,settlement_provi,,finance_balance_sheet_parent_current_only.csv,settlement_provi,,identity_q1_or_ytd_diff,missing_raw_value
601169.XSHG,parent_balance,2024-06-30,2024q2,,2024-08-31,settlement_provi_client,,finance_balance_sheet_parent_current_only.csv,settlement_provi_client,,identity_q1_or_ytd_diff,missing_raw_value
601169.XSHG,parent_balance,2024-06-30,2024q2,,2024-08-31,lend_capital,200307000000.0,finance_balance_sheet_parent_current_only.csv,lend_capital,quarterly_direct,identity_q1_or_ytd_diff,
601169.XSHG,parent_balance,2024-06-30,2024q2,,2024-08-31,bought_sellback_assets,47443000000.0,finance_balance_sheet_parent_current_only.csv,bought_sellback_assets,quarterly_direct,identity_q1_or_ytd_diff,
601169.XSHG,parent_balance,2024-06-30,2024q2,,2024-08-31,interest_receivable,,finance_balance_sheet_parent_current_only.csv,interest_receivable,,identity_q1_or_ytd_diff,missing_raw_value
601169.XSHG,parent_balance,2024-06-30,2024q2,,2024-08-31,insurance_receivables,,finance_balance_sheet_parent_current_only.csv,insurance_receivables,,identity_q1_or_ytd_diff,missing_raw_value
601169.XSHG,parent_balance,2024-06-30,2024q2,,2024-08-31,loan_and_advance,2058923000000.0,finance_balance_sheet_parent_current_only.csv,loan_and_advance,quarterly_direct,identity_q1_or_ytd_diff,
601169.XSHG,parent_balance,2024-06-30,2024q2,,2024-08-31,advance_payment,,finance_balance_sheet_parent_current_only.csv,advance_payment,,identity_q1_or_ytd_diff,missing_raw_value
601169.XSHG,parent_balance,2024-06-30,2024q2,,2024-08-31,hold_for_sale_assets,,finance_balance_sheet_parent_current_only.csv,hold_for_sale_assets,,identity_q1_or_ytd_diff,missing_raw_value
601169.XSHG,parent_balance,2024-06-30,2024q2,,2024-08-31,hold_to_maturity_investments,,finance_balance_sheet_parent_current_only.csv,hold_to_maturity_investments,,identity_q1_or_ytd_diff,missing_raw_value
601169.XSHG,parent_balance,2024-06-30,2024q2,,2024-08-31,longterm_equity_invest,12035000000.0,finance_balance_sheet_parent_current_only.csv,longterm_equity_invest,quarterly_direct,identity_q1_or_ytd_diff,
601169.XSHG,parent_balance,2024-06-30,2024q2,,2024-08-31,investment_property,281000000.0,finance_balance_sheet_parent_current_only.csv,investment_property,quarterly_direct,identity_q1_or_ytd_diff,
601169.XSHG,parent_balance,2024-06-30,2024q2,,2024-08-31,inventories,,finance_balance_sheet_parent_current_only.csv,inventories,,identity_q1_or_ytd_diff,missing_raw_value
601169.XSHG,parent_balance,2024-06-30,2024q2,,2024-08-31,fixed_assets,19010000000.0,finance_balance_sheet_parent_current_only.csv,fixed_assets,quarterly_direct,identity_q1_or_ytd_diff,
601169.XSHG,parent_balance,2024-06-30,2024q2,,2024-08-31,constru_in_process,,finance_balance_sheet_parent_current_only.csv,constru_in_process,,identity_q1_or_ytd_diff,missing_raw_value
601169.XSHG,parent_balance,2024-06-30,2024q2,,2024-08-31,intangible_assets,973000000.0,finance_balance_sheet_parent_current_only.csv,intangible_assets,quarterly_direct,identity_q1_or_ytd_diff,
601169.XSHG,parent_balance,2024-06-30,2024q2,,2024-08-31,long_deferred_expense,,finance_balance_sheet_parent_current_only.csv,long_deferred_expense,,identity_q1_or_ytd_diff,missing_raw_value
601169.XSHG,parent_balance,2024-06-30,2024q2,,2024-08-31,deferred_tax_assets,34196000000.0,finance_balance_sheet_parent_current_only.csv,deferred_tax_assets,quarterly_direct,identity_q1_or_ytd_diff,
601169.XSHG,parent_balance,2024-06-30,2024q2,,2024-08-31,other_asset,59839000000.0,finance_balance_sheet_parent_current_only.csv,other_asset,quarterly_direct,identity_q1_or_ytd_diff,
601169.XSHG,parent_balance,2024-06-30,2024q2,,2024-08-31,total_assets,3891333000000.0,finance_balance_sheet_parent_current_only.csv,total_assets,quarterly_direct,identity_q1_or_ytd_diff,
601169.XSHG,parent_balance,2024-06-30,2024q2,,2024-08-31,borrowing_from_centralbank,172461000000.0,finance_balance_sheet_parent_current_only.csv,borrowing_from_centralbank,quarterly_direct,identity_q1_or_ytd_diff,
601169.XSHG,parent_balance,2024-06-30,2024q2,,2024-08-31,shortterm_loan,,finance_balance_sheet_parent_current_only.csv,shortterm_loan,,identity_q1_or_ytd_diff,missing_raw_value
601169.XSHG,parent_balance,2024-06-30,2024q2,,2024-08-31,borrowing_capital,69602000000.0,finance_balance_sheet_parent_current_only.csv,borrowing_capital,quarterly_direct,identity_q1_or_ytd_diff,
601169.XSHG,parent_balance,2024-06-30,2024q2,,2024-08-31,sold_buyback_secu_proceeds,34986000000.0,finance_balance_sheet_parent_current_only.csv,sold_buyback_secu_proceeds,quarterly_direct,identity_q1_or_ytd_diff,
601169.XSHG,parent_balance,2024-06-30,2024q2,,2024-08-31,proxy_secu_proceeds,,finance_balance_sheet_parent_current_only.csv,proxy_secu_proceeds,,identity_q1_or_ytd_diff,missing_raw_value
601169.XSHG,parent_balance,2024-06-30,2024q2,,2024-08-31,notes_payable,,finance_balance_sheet_parent_current_only.csv,notes_payable,,identity_q1_or_ytd_diff,missing_raw_value
601169.XSHG,parent_balance,2024-06-30,2024q2,,2024-08-31,advance_peceipts,,finance_balance_sheet_parent_current_only.csv,advance_peceipts,,identity_q1_or_ytd_diff,missing_raw_value
601169.XSHG,parent_balance,2024-06-30,2024q2,,2024-08-31,commission_payable,,finance_balance_sheet_parent_current_only.csv,commission_payable,,identity_q1_or_ytd_diff,missing_raw_value
601169.XSHG,parent_balance,2024-06-30,2024q2,,2024-08-31,salaries_payable,3198000000.0,finance_balance_sheet_parent_current_only.csv,salaries_payable,quarterly_direct,identity_q1_or_ytd_diff,
601169.XSHG,parent_balance,2024-06-30,2024q2,,2024-08-31,taxs_payable,1655000000.0,finance_balance_sheet_parent_current_only.csv,taxs_payable,quarterly_direct,identity_q1_or_ytd_diff,
601169.XSHG,parent_balance,2024-06-30,2024q2,,2024-08-31,interest_payable,,finance_balance_sheet_parent_current_only.csv,interest_payable,,identity_q1_or_ytd_diff,missing_raw_value
601169.XSHG,parent_balance,2024-06-30,2024q2,,2024-08-31,estimate_liability,3790000000.0,finance_balance_sheet_parent_current_only.csv,estimate_liability,quarterly_direct,identity_q1_or_ytd_diff,
601169.XSHG,parent_balance,2024-06-30,2024q2,,2024-08-31,longterm_loan,,finance_balance_sheet_parent_current_only.csv,longterm_loan,,identity_q1_or_ytd_diff,missing_raw_value
601169.XSHG,parent_balance,2024-06-30,2024q2,,2024-08-31,bonds_payable,454793000000.0,finance_balance_sheet_parent_current_only.csv,bonds_payable,quarterly_direct,identity_q1_or_ytd_diff,
601169.XSHG,parent_balance,2024-06-30,2024q2,,2024-08-31,deferred_tax_liability,,finance_balance_sheet_parent_current_only.csv,deferred_tax_liability,,identity_q1_or_ytd_diff,missing_raw_value
601169.XSHG,parent_balance,2024-06-30,2024q2,,2024-08-31,other_liability,34683000000.0,finance_balance_sheet_parent_current_only.csv,other_liability,quarterly_direct,identity_q1_or_ytd_diff,
601169.XSHG,parent_balance,2024-06-30,2024q2,,2024-08-31,total_liability,3555964000000.0,finance_balance_sheet_parent_current_only.csv,total_liability,quarterly_direct,identity_q1_or_ytd_diff,
601169.XSHG,parent_balance,2024-06-30,2024q2,,2024-08-31,paidin_capital,21143000000.0,finance_balance_sheet_parent_current_only.csv,paidin_capital,quarterly_direct,identity_q1_or_ytd_diff,
601169.XSHG,parent_balance,2024-06-30,2024q2,,2024-08-31,capital_reserve_fund,43777000000.0,finance_balance_sheet_parent_current_only.csv,capital_reserve_fund,quarterly_direct,identity_q1_or_ytd_diff,
601169.XSHG,parent_balance,2024-06-30,2024q2,,2024-08-31,treasury_stock,,finance_balance_sheet_parent_current_only.csv,treasury_stock,,identity_q1_or_ytd_diff,missing_raw_value
601169.XSHG,parent_balance,2024-06-30,2024q2,,2024-08-31,surplus_reserve_fund,27050000000.0,finance_balance_sheet_parent_current_only.csv,surplus_reserve_fund,quarterly_direct,identity_q1_or_ytd_diff,
601169.XSHG,parent_balance,2024-06-30,2024q2,,2024-08-31,equities_parent_company_owners,335369000000.0,finance_balance_sheet_parent_current_only.csv,equities_parent_company_owners,quarterly_direct,identity_q1_or_ytd_diff,
601169.XSHG,parent_balance,2024-06-30,2024q2,,2024-08-31,retained_profit,116974000000.0,finance_balance_sheet_parent_current_only.csv,retained_profit,quarterly_direct,identity_q1_or_ytd_diff,
601169.XSHG,parent_balance,2024-06-30,2024q2,,2024-08-31,minority_interests,,finance_balance_sheet_parent_current_only.csv,minority_interests,,identity_q1_or_ytd_diff,missing_raw_value
601169.XSHG,parent_balance,2024-06-30,2024q2,,2024-08-31,total_owner_equities,335369000000.0,finance_balance_sheet_parent_current_only.csv,total_owner_equities,quarterly_direct,identity_q1_or_ytd_diff,
601169.XSHG,parent_balance,2024-06-30,2024q2,,2024-08-31,other_comprehensive_income,6504000000.0,finance_balance_sheet_parent_current_only.csv,other_comprehensive_income,quarterly_direct,identity_q1_or_ytd_diff,
601169.XSHG,parent_balance,2024-09-30,2024q3,,2024-10-31,deposit_in_ib,22812000000.0,finance_balance_sheet_parent_current_only.csv,deposit_in_ib,quarterly_direct,identity_q1_or_ytd_diff,
601169.XSHG,parent_balance,2024-09-30,2024q3,,2024-10-31,cash_equivalents,,finance_balance_sheet_parent_current_only.csv,cash_equivalents,,identity_q1_or_ytd_diff,missing_raw_value
601169.XSHG,parent_balance,2024-09-30,2024q3,,2024-10-31,deposit_client,,finance_balance_sheet_parent_current_only.csv,deposit_client,,identity_q1_or_ytd_diff,missing_raw_value
601169.XSHG,parent_balance,2024-09-30,2024q3,,2024-10-31,cash_in_cb,161118000000.0,finance_balance_sheet_parent_current_only.csv,cash_in_cb,quarterly_direct,identity_q1_or_ytd_diff,
601169.XSHG,parent_balance,2024-09-30,2024q3,,2024-10-31,settlement_provi,,finance_balance_sheet_parent_current_only.csv,settlement_provi,,identity_q1_or_ytd_diff,missing_raw_value
601169.XSHG,parent_balance,2024-09-30,2024q3,,2024-10-31,settlement_provi_client,,finance_balance_sheet_parent_current_only.csv,settlement_provi_client,,identity_q1_or_ytd_diff,missing_raw_value
601169.XSHG,parent_balance,2024-09-30,2024q3,,2024-10-31,lend_capital,201147000000.0,finance_balance_sheet_parent_current_only.csv,lend_capital,quarterly_direct,identity_q1_or_ytd_diff,
601169.XSHG,parent_balance,2024-09-30,2024q3,,2024-10-31,bought_sellback_assets,85196000000.0,finance_balance_sheet_parent_current_only.csv,bought_sellback_assets,quarterly_direct,identity_q1_or_ytd_diff,
601169.XSHG,parent_balance,2024-09-30,2024q3,,2024-10-31,interest_receivable,,finance_balance_sheet_parent_current_only.csv,interest_receivable,,identity_q1_or_ytd_diff,missing_raw_value
601169.XSHG,parent_balance,2024-09-30,2024q3,,2024-10-31,insurance_receivables,,finance_balance_sheet_parent_current_only.csv,insurance_receivables,,identity_q1_or_ytd_diff,missing_raw_value
601169.XSHG,parent_balance,2024-09-30,2024q3,,2024-10-31,loan_and_advance,2057212000000.0,finance_balance_sheet_parent_current_only.csv,loan_and_advance,quarterly_direct,identity_q1_or_ytd_diff,
601169.XSHG,parent_balance,2024-09-30,2024q3,,2024-10-31,advance_payment,,finance_balance_sheet_parent_current_only.csv,advance_payment,,identity_q1_or_ytd_diff,missing_raw_value
601169.XSHG,parent_balance,2024-09-30,2024q3,,2024-10-31,hold_for_sale_assets,,finance_balance_sheet_parent_current_only.csv,hold_for_sale_assets,,identity_q1_or_ytd_diff,missing_raw_value
601169.XSHG,parent_balance,2024-09-30,2024q3,,2024-10-31,hold_to_maturity_investments,,finance_balance_sheet_parent_current_only.csv,hold_to_maturity_investments,,identity_q1_or_ytd_diff,missing_raw_value
601169.XSHG,parent_balance,2024-09-30,2024q3,,2024-10-31,longterm_equity_invest,12348000000.0,finance_balance_sheet_parent_current_only.csv,longterm_equity_invest,quarterly_direct,identity_q1_or_ytd_diff,
601169.XSHG,parent_balance,2024-09-30,2024q3,,2024-10-31,investment_property,278000000.0,finance_balance_sheet_parent_current_only.csv,investment_property,quarterly_direct,identity_q1_or_ytd_diff,
601169.XSHG,parent_balance,2024-09-30,2024q3,,2024-10-31,inventories,,finance_balance_sheet_parent_current_only.csv,inventories,,identity_q1_or_ytd_diff,missing_raw_value
601169.XSHG,parent_balance,2024-09-30,2024q3,,2024-10-31,fixed_assets,18769000000.0,finance_balance_sheet_parent_current_only.csv,fixed_assets,quarterly_direct,identity_q1_or_ytd_diff,
601169.XSHG,parent_balance,2024-09-30,2024q3,,2024-10-31,constru_in_process,,finance_balance_sheet_parent_current_only.csv,constru_in_process,,identity_q1_or_ytd_diff,missing_raw_value
601169.XSHG,parent_balance,2024-09-30,2024q3,,2024-10-31,intangible_assets,971000000.0,finance_balance_sheet_parent_current_only.csv,intangible_assets,quarterly_direct,identity_q1_or_ytd_diff,
601169.XSHG,parent_balance,2024-09-30,2024q3,,2024-10-31,long_deferred_expense,,finance_balance_sheet_parent_current_only.csv,long_deferred_expense,,identity_q1_or_ytd_diff,missing_raw_value
601169.XSHG,parent_balance,2024-09-30,2024q3,,2024-10-31,deferred_tax_assets,35471000000.0,finance_balance_sheet_parent_current_only.csv,deferred_tax_assets,quarterly_direct,identity_q1_or_ytd_diff,
601169.XSHG,parent_balance,2024-09-30,2024q3,,2024-10-31,other_asset,43230000000.0,finance_balance_sheet_parent_current_only.csv,other_asset,quarterly_direct,identity_q1_or_ytd_diff,
601169.XSHG,parent_balance,2024-09-30,2024q3,,2024-10-31,total_assets,3969394000000.0,finance_balance_sheet_parent_current_only.csv,total_assets,quarterly_direct,identity_q1_or_ytd_diff,
601169.XSHG,parent_balance,2024-09-30,2024q3,,2024-10-31,borrowing_from_centralbank,155058000000.0,finance_balance_sheet_parent_current_only.csv,borrowing_from_centralbank,quarterly_direct,identity_q1_or_ytd_diff,
601169.XSHG,parent_balance,2024-09-30,2024q3,,2024-10-31,shortterm_loan,,finance_balance_sheet_parent_current_only.csv,shortterm_loan,,identity_q1_or_ytd_diff,missing_raw_value
601169.XSHG,parent_balance,2024-09-30,2024q3,,2024-10-31,borrowing_capital,73850000000.0,finance_balance_sheet_parent_current_only.csv,borrowing_capital,quarterly_direct,identity_q1_or_ytd_diff,
601169.XSHG,parent_balance,2024-09-30,2024q3,,2024-10-31,sold_buyback_secu_proceeds,126451000000.0,finance_balance_sheet_parent_current_only.csv,sold_buyback_secu_proceeds,quarterly_direct,identity_q1_or_ytd_diff,
601169.XSHG,parent_balance,2024-09-30,2024q3,,2024-10-31,proxy_secu_proceeds,,finance_balance_sheet_parent_current_only.csv,proxy_secu_proceeds,,identity_q1_or_ytd_diff,missing_raw_value
601169.XSHG,parent_balance,2024-09-30,2024q3,,2024-10-31,notes_payable,,finance_balance_sheet_parent_current_only.csv,notes_payable,,identity_q1_or_ytd_diff,missing_raw_value
601169.XSHG,parent_balance,2024-09-30,2024q3,,2024-10-31,advance_peceipts,,finance_balance_sheet_parent_current_only.csv,advance_peceipts,,identity_q1_or_ytd_diff,missing_raw_value
601169.XSHG,parent_balance,2024-09-30,2024q3,,2024-10-31,commission_payable,,finance_balance_sheet_parent_current_only.csv,commission_payable,,identity_q1_or_ytd_diff,missing_raw_value
601169.XSHG,parent_balance,2024-09-30,2024q3,,2024-10-31,salaries_payable,3084000000.0,finance_balance_sheet_parent_current_only.csv,salaries_payable,quarterly_direct,identity_q1_or_ytd_diff,
601169.XSHG,parent_balance,2024-09-30,2024q3,,2024-10-31,taxs_payable,2781000000.0,finance_balance_sheet_parent_current_only.csv,taxs_payable,quarterly_direct,identity_q1_or_ytd_diff,
601169.XSHG,parent_balance,2024-09-30,2024q3,,2024-10-31,interest_payable,,finance_balance_sheet_parent_current_only.csv,interest_payable,,identity_q1_or_ytd_diff,missing_raw_value
601169.XSHG,parent_balance,2024-09-30,2024q3,,2024-10-31,estimate_liability,3847000000.0,finance_balance_sheet_parent_current_only.csv,estimate_liability,quarterly_direct,identity_q1_or_ytd_diff,
601169.XSHG,parent_balance,2024-09-30,2024q3,,2024-10-31,longterm_loan,,finance_balance_sheet_parent_current_only.csv,longterm_loan,,identity_q1_or_ytd_diff,missing_raw_value
601169.XSHG,parent_balance,2024-09-30,2024q3,,2024-10-31,bonds_payable,494774000000.0,finance_balance_sheet_parent_current_only.csv,bonds_payable,quarterly_direct,identity_q1_or_ytd_diff,
601169.XSHG,parent_balance,2024-09-30,2024q3,,2024-10-31,deferred_tax_liability,,finance_balance_sheet_parent_current_only.csv,deferred_tax_liability,,identity_q1_or_ytd_diff,missing_raw_value
601169.XSHG,parent_balance,2024-09-30,2024q3,,2024-10-31,other_liability,12787000000.0,finance_balance_sheet_parent_current_only.csv,other_liability,quarterly_direct,identity_q1_or_ytd_diff,
601169.XSHG,parent_balance,2024-09-30,2024q3,,2024-10-31,total_liability,3618173000000.0,finance_balance_sheet_parent_current_only.csv,total_liability,quarterly_direct,identity_q1_or_ytd_diff,
601169.XSHG,parent_balance,2024-09-30,2024q3,,2024-10-31,paidin_capital,21143000000.0,finance_balance_sheet_parent_current_only.csv,paidin_capital,quarterly_direct,identity_q1_or_ytd_diff,
601169.XSHG,parent_balance,2024-09-30,2024q3,,2024-10-31,capital_reserve_fund,43777000000.0,finance_balance_sheet_parent_current_only.csv,capital_reserve_fund,quarterly_direct,identity_q1_or_ytd_diff,
601169.XSHG,parent_balance,2024-09-30,2024q3,,2024-10-31,treasury_stock,,finance_balance_sheet_parent_current_only.csv,treasury_stock,,identity_q1_or_ytd_diff,missing_raw_value
601169.XSHG,parent_balance,2024-09-30,2024q3,,2024-10-31,surplus_reserve_fund,27050000000.0,finance_balance_sheet_parent_current_only.csv,surplus_reserve_fund,quarterly_direct,identity_q1_or_ytd_diff,
601169.XSHG,parent_balance,2024-09-30,2024q3,,2024-10-31,equities_parent_company_owners,351221000000.0,finance_balance_sheet_parent_current_only.csv,equities_parent_company_owners,quarterly_direct,identity_q1_or_ytd_diff,
601169.XSHG,parent_balance,2024-09-30,2024q3,,2024-10-31,retained_profit,122851000000.0,finance_balance_sheet_parent_current_only.csv,retained_profit,quarterly_direct,identity_q1_or_ytd_diff,
601169.XSHG,parent_balance,2024-09-30,2024q3,,2024-10-31,minority_interests,,finance_balance_sheet_parent_current_only.csv,minority_interests,,identity_q1_or_ytd_diff,missing_raw_value
601169.XSHG,parent_balance,2024-09-30,2024q3,,2024-10-31,total_owner_equities,351221000000.0,finance_balance_sheet_parent_current_only.csv,total_owner_equities,quarterly_direct,identity_q1_or_ytd_diff,
601169.XSHG,parent_balance,2024-09-30,2024q3,,2024-10-31,other_comprehensive_income,6479000000.0,finance_balance_sheet_parent_current_only.csv,other_comprehensive_income,quarterly_direct,identity_q1_or_ytd_diff,
601169.XSHG,parent_balance,2024-12-31,2024q4,,2025-04-15,deposit_in_ib,9578000000.0,finance_balance_sheet_parent_current_only.csv,deposit_in_ib,quarterly_direct,identity_q1_or_ytd_diff,
601169.XSHG,parent_balance,2024-12-31,2024q4,,2025-04-15,cash_equivalents,,finance_balance_sheet_parent_current_only.csv,cash_equivalents,,identity_q1_or_ytd_diff,missing_raw_value
601169.XSHG,parent_balance,2024-12-31,2024q4,,2025-04-15,deposit_client,,finance_balance_sheet_parent_current_only.csv,deposit_client,,identity_q1_or_ytd_diff,missing_raw_value
601169.XSHG,parent_balance,2024-12-31,2024q4,,2025-04-15,cash_in_cb,164305000000.0,finance_balance_sheet_parent_current_only.csv,cash_in_cb,quarterly_direct,identity_q1_or_ytd_diff,
601169.XSHG,parent_balance,2024-12-31,2024q4,,2025-04-15,settlement_provi,,finance_balance_sheet_parent_current_only.csv,settlement_provi,,identity_q1_or_ytd_diff,missing_raw_value
601169.XSHG,parent_balance,2024-12-31,2024q4,,2025-04-15,settlement_provi_client,,finance_balance_sheet_parent_current_only.csv,settlement_provi_client,,identity_q1_or_ytd_diff,missing_raw_value
601169.XSHG,parent_balance,2024-12-31,2024q4,,2025-04-15,lend_capital,201481000000.0,finance_balance_sheet_parent_current_only.csv,lend_capital,quarterly_direct,identity_q1_or_ytd_diff,
601169.XSHG,parent_balance,2024-12-31,2024q4,,2025-04-15,bought_sellback_assets,127360000000.0,finance_balance_sheet_parent_current_only.csv,bought_sellback_assets,quarterly_direct,identity_q1_or_ytd_diff,
601169.XSHG,parent_balance,2024-12-31,2024q4,,2025-04-15,interest_receivable,,finance_balance_sheet_parent_current_only.csv,interest_receivable,,identity_q1_or_ytd_diff,missing_raw_value
601169.XSHG,parent_balance,2024-12-31,2024q4,,2025-04-15,insurance_receivables,,finance_balance_sheet_parent_current_only.csv,insurance_receivables,,identity_q1_or_ytd_diff,missing_raw_value
601169.XSHG,parent_balance,2024-12-31,2024q4,,2025-04-15,loan_and_advance,2098129000000.0,finance_balance_sheet_parent_current_only.csv,loan_and_advance,quarterly_direct,identity_q1_or_ytd_diff,
601169.XSHG,parent_balance,2024-12-31,2024q4,,2025-04-15,advance_payment,,finance_balance_sheet_parent_current_only.csv,advance_payment,,identity_q1_or_ytd_diff,missing_raw_value
601169.XSHG,parent_balance,2024-12-31,2024q4,,2025-04-15,hold_for_sale_assets,,finance_balance_sheet_parent_current_only.csv,hold_for_sale_assets,,identity_q1_or_ytd_diff,missing_raw_value
601169.XSHG,parent_balance,2024-12-31,2024q4,,2025-04-15,hold_to_maturity_investments,,finance_balance_sheet_parent_current_only.csv,hold_to_maturity_investments,,identity_q1_or_ytd_diff,missing_raw_value
601169.XSHG,parent_balance,2024-12-31,2024q4,,2025-04-15,longterm_equity_invest,12741000000.0,finance_balance_sheet_parent_current_only.csv,longterm_equity_invest,quarterly_direct,identity_q1_or_ytd_diff,
601169.XSHG,parent_balance,2024-12-31,2024q4,,2025-04-15,investment_property,275000000.0,finance_balance_sheet_parent_current_only.csv,investment_property,quarterly_direct,identity_q1_or_ytd_diff,
601169.XSHG,parent_balance,2024-12-31,2024q4,,2025-04-15,inventories,,finance_balance_sheet_parent_current_only.csv,inventories,,identity_q1_or_ytd_diff,missing_raw_value
601169.XSHG,parent_balance,2024-12-31,2024q4,,2025-04-15,fixed_assets,19003000000.0,finance_balance_sheet_parent_current_only.csv,fixed_assets,quarterly_direct,identity_q1_or_ytd_diff,
601169.XSHG,parent_balance,2024-12-31,2024q4,,2025-04-15,constru_in_process,,finance_balance_sheet_parent_current_only.csv,constru_in_process,,identity_q1_or_ytd_diff,missing_raw_value
601169.XSHG,parent_balance,2024-12-31,2024q4,,2025-04-15,intangible_assets,1018000000.0,finance_balance_sheet_parent_current_only.csv,intangible_assets,quarterly_direct,identity_q1_or_ytd_diff,
601169.XSHG,parent_balance,2024-12-31,2024q4,,2025-04-15,long_deferred_expense,,finance_balance_sheet_parent_current_only.csv,long_deferred_expense,,identity_q1_or_ytd_diff,missing_raw_value
601169.XSHG,parent_balance,2024-12-31,2024q4,,2025-04-15,deferred_tax_assets,35896000000.0,finance_balance_sheet_parent_current_only.csv,deferred_tax_assets,quarterly_direct,identity_q1_or_ytd_diff,
601169.XSHG,parent_balance,2024-12-31,2024q4,,2025-04-15,other_asset,39472000000.0,finance_balance_sheet_parent_current_only.csv,other_asset,quarterly_direct,identity_q1_or_ytd_diff,
601169.XSHG,parent_balance,2024-12-31,2024q4,,2025-04-15,total_assets,4142472000000.0,finance_balance_sheet_parent_current_only.csv,total_assets,quarterly_direct,identity_q1_or_ytd_diff,
601169.XSHG,parent_balance,2024-12-31,2024q4,,2025-04-15,borrowing_from_centralbank,148198000000.0,finance_balance_sheet_parent_current_only.csv,borrowing_from_centralbank,quarterly_direct,identity_q1_or_ytd_diff,
601169.XSHG,parent_balance,2024-12-31,2024q4,,2025-04-15,shortterm_loan,,finance_balance_sheet_parent_current_only.csv,shortterm_loan,,identity_q1_or_ytd_diff,missing_raw_value
601169.XSHG,parent_balance,2024-12-31,2024q4,,2025-04-15,borrowing_capital,95865000000.0,finance_balance_sheet_parent_current_only.csv,borrowing_capital,quarterly_direct,identity_q1_or_ytd_diff,
601169.XSHG,parent_balance,2024-12-31,2024q4,,2025-04-15,sold_buyback_secu_proceeds,104372000000.0,finance_balance_sheet_parent_current_only.csv,sold_buyback_secu_proceeds,quarterly_direct,identity_q1_or_ytd_diff,
601169.XSHG,parent_balance,2024-12-31,2024q4,,2025-04-15,proxy_secu_proceeds,,finance_balance_sheet_parent_current_only.csv,proxy_secu_proceeds,,identity_q1_or_ytd_diff,missing_raw_value
601169.XSHG,parent_balance,2024-12-31,2024q4,,2025-04-15,notes_payable,,finance_balance_sheet_parent_current_only.csv,notes_payable,,identity_q1_or_ytd_diff,missing_raw_value
601169.XSHG,parent_balance,2024-12-31,2024q4,,2025-04-15,advance_peceipts,,finance_balance_sheet_parent_current_only.csv,advance_peceipts,,identity_q1_or_ytd_diff,missing_raw_value
601169.XSHG,parent_balance,2024-12-31,2024q4,,2025-04-15,commission_payable,,finance_balance_sheet_parent_current_only.csv,commission_payable,,identity_q1_or_ytd_diff,missing_raw_value
601169.XSHG,parent_balance,2024-12-31,2024q4,,2025-04-15,salaries_payable,2693000000.0,finance_balance_sheet_parent_current_only.csv,salaries_payable,quarterly_direct,identity_q1_or_ytd_diff,
601169.XSHG,parent_balance,2024-12-31,2024q4,,2025-04-15,taxs_payable,2998000000.0,finance_balance_sheet_parent_current_only.csv,taxs_payable,quarterly_direct,identity_q1_or_ytd_diff,
601169.XSHG,parent_balance,2024-12-31,2024q4,,2025-04-15,interest_payable,,finance_balance_sheet_parent_current_only.csv,interest_payable,,identity_q1_or_ytd_diff,missing_raw_value
601169.XSHG,parent_balance,2024-12-31,2024q4,,2025-04-15,estimate_liability,3902000000.0,finance_balance_sheet_parent_current_only.csv,estimate_liability,quarterly_direct,identity_q1_or_ytd_diff,
601169.XSHG,parent_balance,2024-12-31,2024q4,,2025-04-15,longterm_loan,,finance_balance_sheet_parent_current_only.csv,longterm_loan,,identity_q1_or_ytd_diff,missing_raw_value
601169.XSHG,parent_balance,2024-12-31,2024q4,,2025-04-15,bonds_payable,548144000000.0,finance_balance_sheet_parent_current_only.csv,bonds_payable,quarterly_direct,identity_q1_or_ytd_diff,
601169.XSHG,parent_balance,2024-12-31,2024q4,,2025-04-15,deferred_tax_liability,,finance_balance_sheet_parent_current_only.csv,deferred_tax_liability,,identity_q1_or_ytd_diff,missing_raw_value
601169.XSHG,parent_balance,2024-12-31,2024q4,,2025-04-15,other_liability,14605000000.0,finance_balance_sheet_parent_current_only.csv,other_liability,quarterly_direct,identity_q1_or_ytd_diff,
601169.XSHG,parent_balance,2024-12-31,2024q4,,2025-04-15,total_liability,3788078000000.0,finance_balance_sheet_parent_current_only.csv,total_liability,quarterly_direct,identity_q1_or_ytd_diff,
601169.XSHG,parent_balance,2024-12-31,2024q4,,2025-04-15,paidin_capital,21143000000.0,finance_balance_sheet_parent_current_only.csv,paidin_capital,quarterly_direct,identity_q1_or_ytd_diff,
601169.XSHG,parent_balance,2024-12-31,2024q4,,2025-04-15,capital_reserve_fund,43843000000.0,finance_balance_sheet_parent_current_only.csv,capital_reserve_fund,quarterly_direct,identity_q1_or_ytd_diff,
601169.XSHG,parent_balance,2024-12-31,2024q4,,2025-04-15,treasury_stock,,finance_balance_sheet_parent_current_only.csv,treasury_stock,,identity_q1_or_ytd_diff,missing_raw_value
601169.XSHG,parent_balance,2024-12-31,2024q4,,2025-04-15,surplus_reserve_fund,29569000000.0,finance_balance_sheet_parent_current_only.csv,surplus_reserve_fund,quarterly_direct,identity_q1_or_ytd_diff,
601169.XSHG,parent_balance,2024-12-31,2024q4,,2025-04-15,equities_parent_company_owners,354394000000.0,finance_balance_sheet_parent_current_only.csv,equities_parent_company_owners,quarterly_direct,identity_q1_or_ytd_diff,
601169.XSHG,parent_balance,2024-12-31,2024q4,,2025-04-15,retained_profit,114910000000.0,finance_balance_sheet_parent_current_only.csv,retained_profit,quarterly_direct,identity_q1_or_ytd_diff,
601169.XSHG,parent_balance,2024-12-31,2024q4,,2025-04-15,minority_interests,,finance_balance_sheet_parent_current_only.csv,minority_interests,,identity_q1_or_ytd_diff,missing_raw_value
601169.XSHG,parent_balance,2024-12-31,2024q4,,2025-04-15,total_owner_equities,354394000000.0,finance_balance_sheet_parent_current_only.csv,total_owner_equities,quarterly_direct,identity_q1_or_ytd_diff,
601169.XSHG,parent_balance,2024-12-31,2024q4,,2025-04-15,other_comprehensive_income,9885000000.0,finance_balance_sheet_parent_current_only.csv,other_comprehensive_income,quarterly_direct,identity_q1_or_ytd_diff,
601169.XSHG,parent_balance,2025-03-31,2025q1,,2025-04-30,deposit_in_ib,16114000000.0,finance_balance_sheet_parent_current_only.csv,deposit_in_ib,quarterly_direct,identity_q1_or_ytd_diff,
601169.XSHG,parent_balance,2025-03-31,2025q1,,2025-04-30,cash_equivalents,,finance_balance_sheet_parent_current_only.csv,cash_equivalents,,identity_q1_or_ytd_diff,missing_raw_value
601169.XSHG,parent_balance,2025-03-31,2025q1,,2025-04-30,deposit_client,,finance_balance_sheet_parent_current_only.csv,deposit_client,,identity_q1_or_ytd_diff,missing_raw_value
601169.XSHG,parent_balance,2025-03-31,2025q1,,2025-04-30,cash_in_cb,163916000000.0,finance_balance_sheet_parent_current_only.csv,cash_in_cb,quarterly_direct,identity_q1_or_ytd_diff,
601169.XSHG,parent_balance,2025-03-31,2025q1,,2025-04-30,settlement_provi,,finance_balance_sheet_parent_current_only.csv,settlement_provi,,identity_q1_or_ytd_diff,missing_raw_value
601169.XSHG,parent_balance,2025-03-31,2025q1,,2025-04-30,settlement_provi_client,,finance_balance_sheet_parent_current_only.csv,settlement_provi_client,,identity_q1_or_ytd_diff,missing_raw_value
601169.XSHG,parent_balance,2025-03-31,2025q1,,2025-04-30,lend_capital,212393000000.0,finance_balance_sheet_parent_current_only.csv,lend_capital,quarterly_direct,identity_q1_or_ytd_diff,
601169.XSHG,parent_balance,2025-03-31,2025q1,,2025-04-30,bought_sellback_assets,73813000000.0,finance_balance_sheet_parent_current_only.csv,bought_sellback_assets,quarterly_direct,identity_q1_or_ytd_diff,
601169.XSHG,parent_balance,2025-03-31,2025q1,,2025-04-30,interest_receivable,,finance_balance_sheet_parent_current_only.csv,interest_receivable,,identity_q1_or_ytd_diff,missing_raw_value
601169.XSHG,parent_balance,2025-03-31,2025q1,,2025-04-30,insurance_receivables,,finance_balance_sheet_parent_current_only.csv,insurance_receivables,,identity_q1_or_ytd_diff,missing_raw_value
601169.XSHG,parent_balance,2025-03-31,2025q1,,2025-04-30,loan_and_advance,2221608000000.0,finance_balance_sheet_parent_current_only.csv,loan_and_advance,quarterly_direct,identity_q1_or_ytd_diff,
601169.XSHG,parent_balance,2025-03-31,2025q1,,2025-04-30,advance_payment,,finance_balance_sheet_parent_current_only.csv,advance_payment,,identity_q1_or_ytd_diff,missing_raw_value
601169.XSHG,parent_balance,2025-03-31,2025q1,,2025-04-30,hold_for_sale_assets,,finance_balance_sheet_parent_current_only.csv,hold_for_sale_assets,,identity_q1_or_ytd_diff,missing_raw_value
601169.XSHG,parent_balance,2025-03-31,2025q1,,2025-04-30,hold_to_maturity_investments,,finance_balance_sheet_parent_current_only.csv,hold_to_maturity_investments,,identity_q1_or_ytd_diff,missing_raw_value
601169.XSHG,parent_balance,2025-03-31,2025q1,,2025-04-30,longterm_equity_invest,12504000000.0,finance_balance_sheet_parent_current_only.csv,longterm_equity_invest,quarterly_direct,identity_q1_or_ytd_diff,
601169.XSHG,parent_balance,2025-03-31,2025q1,,2025-04-30,investment_property,271000000.0,finance_balance_sheet_parent_current_only.csv,investment_property,quarterly_direct,identity_q1_or_ytd_diff,
601169.XSHG,parent_balance,2025-03-31,2025q1,,2025-04-30,inventories,,finance_balance_sheet_parent_current_only.csv,inventories,,identity_q1_or_ytd_diff,missing_raw_value
601169.XSHG,parent_balance,2025-03-31,2025q1,,2025-04-30,fixed_assets,18788000000.0,finance_balance_sheet_parent_current_only.csv,fixed_assets,quarterly_direct,identity_q1_or_ytd_diff,
601169.XSHG,parent_balance,2025-03-31,2025q1,,2025-04-30,constru_in_process,,finance_balance_sheet_parent_current_only.csv,constru_in_process,,identity_q1_or_ytd_diff,missing_raw_value
601169.XSHG,parent_balance,2025-03-31,2025q1,,2025-04-30,intangible_assets,979000000.0,finance_balance_sheet_parent_current_only.csv,intangible_assets,quarterly_direct,identity_q1_or_ytd_diff,
601169.XSHG,parent_balance,2025-03-31,2025q1,,2025-04-30,long_deferred_expense,,finance_balance_sheet_parent_current_only.csv,long_deferred_expense,,identity_q1_or_ytd_diff,missing_raw_value
601169.XSHG,parent_balance,2025-03-31,2025q1,,2025-04-30,deferred_tax_assets,37770000000.0,finance_balance_sheet_parent_current_only.csv,deferred_tax_assets,quarterly_direct,identity_q1_or_ytd_diff,
601169.XSHG,parent_balance,2025-03-31,2025q1,,2025-04-30,other_asset,43573000000.0,finance_balance_sheet_parent_current_only.csv,other_asset,quarterly_direct,identity_q1_or_ytd_diff,
601169.XSHG,parent_balance,2025-03-31,2025q1,,2025-04-30,total_assets,4328052000000.0,finance_balance_sheet_parent_current_only.csv,total_assets,quarterly_direct,identity_q1_or_ytd_diff,
601169.XSHG,parent_balance,2025-03-31,2025q1,,2025-04-30,borrowing_from_centralbank,137109000000.0,finance_balance_sheet_parent_current_only.csv,borrowing_from_centralbank,quarterly_direct,identity_q1_or_ytd_diff,
601169.XSHG,parent_balance,2025-03-31,2025q1,,2025-04-30,shortterm_loan,,finance_balance_sheet_parent_current_only.csv,shortterm_loan,,identity_q1_or_ytd_diff,missing_raw_value
601169.XSHG,parent_balance,2025-03-31,2025q1,,2025-04-30,borrowing_capital,53550000000.0,finance_balance_sheet_parent_current_only.csv,borrowing_capital,quarterly_direct,identity_q1_or_ytd_diff,
601169.XSHG,parent_balance,2025-03-31,2025q1,,2025-04-30,sold_buyback_secu_proceeds,120361000000.0,finance_balance_sheet_parent_current_only.csv,sold_buyback_secu_proceeds,quarterly_direct,identity_q1_or_ytd_diff,
601169.XSHG,parent_balance,2025-03-31,2025q1,,2025-04-30,proxy_secu_proceeds,,finance_balance_sheet_parent_current_only.csv,proxy_secu_proceeds,,identity_q1_or_ytd_diff,missing_raw_value
601169.XSHG,parent_balance,2025-03-31,2025q1,,2025-04-30,notes_payable,,finance_balance_sheet_parent_current_only.csv,notes_payable,,identity_q1_or_ytd_diff,missing_raw_value
601169.XSHG,parent_balance,2025-03-31,2025q1,,2025-04-30,advance_peceipts,,finance_balance_sheet_parent_current_only.csv,advance_peceipts,,identity_q1_or_ytd_diff,missing_raw_value
601169.XSHG,parent_balance,2025-03-31,2025q1,,2025-04-30,commission_payable,,finance_balance_sheet_parent_current_only.csv,commission_payable,,identity_q1_or_ytd_diff,missing_raw_value
601169.XSHG,parent_balance,2025-03-31,2025q1,,2025-04-30,salaries_payable,2581000000.0,finance_balance_sheet_parent_current_only.csv,salaries_payable,quarterly_direct,identity_q1_or_ytd_diff,
601169.XSHG,parent_balance,2025-03-31,2025q1,,2025-04-30,taxs_payable,4020000000.0,finance_balance_sheet_parent_current_only.csv,taxs_payable,quarterly_direct,identity_q1_or_ytd_diff,
601169.XSHG,parent_balance,2025-03-31,2025q1,,2025-04-30,interest_payable,,finance_balance_sheet_parent_current_only.csv,interest_payable,,identity_q1_or_ytd_diff,missing_raw_value
601169.XSHG,parent_balance,2025-03-31,2025q1,,2025-04-30,estimate_liability,3801000000.0,finance_balance_sheet_parent_current_only.csv,estimate_liability,quarterly_direct,identity_q1_or_ytd_diff,
601169.XSHG,parent_balance,2025-03-31,2025q1,,2025-04-30,longterm_loan,,finance_balance_sheet_parent_current_only.csv,longterm_loan,,identity_q1_or_ytd_diff,missing_raw_value
601169.XSHG,parent_balance,2025-03-31,2025q1,,2025-04-30,bonds_payable,626827000000.0,finance_balance_sheet_parent_current_only.csv,bonds_payable,quarterly_direct,identity_q1_or_ytd_diff,
601169.XSHG,parent_balance,2025-03-31,2025q1,,2025-04-30,deferred_tax_liability,,finance_balance_sheet_parent_current_only.csv,deferred_tax_liability,,identity_q1_or_ytd_diff,missing_raw_value
601169.XSHG,parent_balance,2025-03-31,2025q1,,2025-04-30,other_liability,26810000000.0,finance_balance_sheet_parent_current_only.csv,other_liability,quarterly_direct,identity_q1_or_ytd_diff,
601169.XSHG,parent_balance,2025-03-31,2025q1,,2025-04-30,total_liability,3969488000000.0,finance_balance_sheet_parent_current_only.csv,total_liability,quarterly_direct,identity_q1_or_ytd_diff,
601169.XSHG,parent_balance,2025-03-31,2025q1,,2025-04-30,paidin_capital,21143000000.0,finance_balance_sheet_parent_current_only.csv,paidin_capital,quarterly_direct,identity_q1_or_ytd_diff,
601169.XSHG,parent_balance,2025-03-31,2025q1,,2025-04-30,capital_reserve_fund,43843000000.0,finance_balance_sheet_parent_current_only.csv,capital_reserve_fund,quarterly_direct,identity_q1_or_ytd_diff,
601169.XSHG,parent_balance,2025-03-31,2025q1,,2025-04-30,treasury_stock,,finance_balance_sheet_parent_current_only.csv,treasury_stock,,identity_q1_or_ytd_diff,missing_raw_value
601169.XSHG,parent_balance,2025-03-31,2025q1,,2025-04-30,surplus_reserve_fund,29569000000.0,finance_balance_sheet_parent_current_only.csv,surplus_reserve_fund,quarterly_direct,identity_q1_or_ytd_diff,
601169.XSHG,parent_balance,2025-03-31,2025q1,,2025-04-30,equities_parent_company_owners,358564000000.0,finance_balance_sheet_parent_current_only.csv,equities_parent_company_owners,quarterly_direct,identity_q1_or_ytd_diff,
601169.XSHG,parent_balance,2025-03-31,2025q1,,2025-04-30,retained_profit,122406000000.0,finance_balance_sheet_parent_current_only.csv,retained_profit,quarterly_direct,identity_q1_or_ytd_diff,
601169.XSHG,parent_balance,2025-03-31,2025q1,,2025-04-30,minority_interests,,finance_balance_sheet_parent_current_only.csv,minority_interests,,identity_q1_or_ytd_diff,missing_raw_value
601169.XSHG,parent_balance,2025-03-31,2025q1,,2025-04-30,total_owner_equities,358564000000.0,finance_balance_sheet_parent_current_only.csv,total_owner_equities,quarterly_direct,identity_q1_or_ytd_diff,
601169.XSHG,parent_balance,2025-03-31,2025q1,,2025-04-30,other_comprehensive_income,6559000000.0,finance_balance_sheet_parent_current_only.csv,other_comprehensive_income,quarterly_direct,identity_q1_or_ytd_diff,
601169.XSHG,parent_balance,2025-06-30,2025q2,,2025-08-30,deposit_in_ib,67241000000.0,finance_balance_sheet_parent_current_only.csv,deposit_in_ib,quarterly_direct,identity_q1_or_ytd_diff,
601169.XSHG,parent_balance,2025-06-30,2025q2,,2025-08-30,cash_equivalents,,finance_balance_sheet_parent_current_only.csv,cash_equivalents,,identity_q1_or_ytd_diff,missing_raw_value
601169.XSHG,parent_balance,2025-06-30,2025q2,,2025-08-30,deposit_client,,finance_balance_sheet_parent_current_only.csv,deposit_client,,identity_q1_or_ytd_diff,missing_raw_value
601169.XSHG,parent_balance,2025-06-30,2025q2,,2025-08-30,cash_in_cb,160735000000.0,finance_balance_sheet_parent_current_only.csv,cash_in_cb,quarterly_direct,identity_q1_or_ytd_diff,
601169.XSHG,parent_balance,2025-06-30,2025q2,,2025-08-30,settlement_provi,,finance_balance_sheet_parent_current_only.csv,settlement_provi,,identity_q1_or_ytd_diff,missing_raw_value
601169.XSHG,parent_balance,2025-06-30,2025q2,,2025-08-30,settlement_provi_client,,finance_balance_sheet_parent_current_only.csv,settlement_provi_client,,identity_q1_or_ytd_diff,missing_raw_value
601169.XSHG,parent_balance,2025-06-30,2025q2,,2025-08-30,lend_capital,226234000000.0,finance_balance_sheet_parent_current_only.csv,lend_capital,quarterly_direct,identity_q1_or_ytd_diff,
601169.XSHG,parent_balance,2025-06-30,2025q2,,2025-08-30,bought_sellback_assets,158940000000.0,finance_balance_sheet_parent_current_only.csv,bought_sellback_assets,quarterly_direct,identity_q1_or_ytd_diff,
601169.XSHG,parent_balance,2025-06-30,2025q2,,2025-08-30,interest_receivable,,finance_balance_sheet_parent_current_only.csv,interest_receivable,,identity_q1_or_ytd_diff,missing_raw_value
601169.XSHG,parent_balance,2025-06-30,2025q2,,2025-08-30,insurance_receivables,,finance_balance_sheet_parent_current_only.csv,insurance_receivables,,identity_q1_or_ytd_diff,missing_raw_value
601169.XSHG,parent_balance,2025-06-30,2025q2,,2025-08-30,loan_and_advance,2273354000000.0,finance_balance_sheet_parent_current_only.csv,loan_and_advance,quarterly_direct,identity_q1_or_ytd_diff,
601169.XSHG,parent_balance,2025-06-30,2025q2,,2025-08-30,advance_payment,,finance_balance_sheet_parent_current_only.csv,advance_payment,,identity_q1_or_ytd_diff,missing_raw_value
601169.XSHG,parent_balance,2025-06-30,2025q2,,2025-08-30,hold_for_sale_assets,,finance_balance_sheet_parent_current_only.csv,hold_for_sale_assets,,identity_q1_or_ytd_diff,missing_raw_value
601169.XSHG,parent_balance,2025-06-30,2025q2,,2025-08-30,hold_to_maturity_investments,,finance_balance_sheet_parent_current_only.csv,hold_to_maturity_investments,,identity_q1_or_ytd_diff,missing_raw_value
601169.XSHG,parent_balance,2025-06-30,2025q2,,2025-08-30,longterm_equity_invest,10284000000.0,finance_balance_sheet_parent_current_only.csv,longterm_equity_invest,quarterly_direct,identity_q1_or_ytd_diff,
601169.XSHG,parent_balance,2025-06-30,2025q2,,2025-08-30,investment_property,268000000.0,finance_balance_sheet_parent_current_only.csv,investment_property,quarterly_direct,identity_q1_or_ytd_diff,
601169.XSHG,parent_balance,2025-06-30,2025q2,,2025-08-30,inventories,,finance_balance_sheet_parent_current_only.csv,inventories,,identity_q1_or_ytd_diff,missing_raw_value
601169.XSHG,parent_balance,2025-06-30,2025q2,,2025-08-30,fixed_assets,18556000000.0,finance_balance_sheet_parent_current_only.csv,fixed_assets,quarterly_direct,identity_q1_or_ytd_diff,
601169.XSHG,parent_balance,2025-06-30,2025q2,,2025-08-30,constru_in_process,,finance_balance_sheet_parent_current_only.csv,constru_in_process,,identity_q1_or_ytd_diff,missing_raw_value
601169.XSHG,parent_balance,2025-06-30,2025q2,,2025-08-30,intangible_assets,947000000.0,finance_balance_sheet_parent_current_only.csv,intangible_assets,quarterly_direct,identity_q1_or_ytd_diff,
601169.XSHG,parent_balance,2025-06-30,2025q2,,2025-08-30,long_deferred_expense,,finance_balance_sheet_parent_current_only.csv,long_deferred_expense,,identity_q1_or_ytd_diff,missing_raw_value
601169.XSHG,parent_balance,2025-06-30,2025q2,,2025-08-30,deferred_tax_assets,37072000000.0,finance_balance_sheet_parent_current_only.csv,deferred_tax_assets,quarterly_direct,identity_q1_or_ytd_diff,
601169.XSHG,parent_balance,2025-06-30,2025q2,,2025-08-30,other_asset,36289000000.0,finance_balance_sheet_parent_current_only.csv,other_asset,quarterly_direct,identity_q1_or_ytd_diff,
601169.XSHG,parent_balance,2025-06-30,2025q2,,2025-08-30,total_assets,4648673000000.0,finance_balance_sheet_parent_current_only.csv,total_assets,quarterly_direct,identity_q1_or_ytd_diff,
601169.XSHG,parent_balance,2025-06-30,2025q2,,2025-08-30,borrowing_from_centralbank,139478000000.0,finance_balance_sheet_parent_current_only.csv,borrowing_from_centralbank,quarterly_direct,identity_q1_or_ytd_diff,
601169.XSHG,parent_balance,2025-06-30,2025q2,,2025-08-30,shortterm_loan,,finance_balance_sheet_parent_current_only.csv,shortterm_loan,,identity_q1_or_ytd_diff,missing_raw_value
601169.XSHG,parent_balance,2025-06-30,2025q2,,2025-08-30,borrowing_capital,54114000000.0,finance_balance_sheet_parent_current_only.csv,borrowing_capital,quarterly_direct,identity_q1_or_ytd_diff,
601169.XSHG,parent_balance,2025-06-30,2025q2,,2025-08-30,sold_buyback_secu_proceeds,211046000000.0,finance_balance_sheet_parent_current_only.csv,sold_buyback_secu_proceeds,quarterly_direct,identity_q1_or_ytd_diff,
601169.XSHG,parent_balance,2025-06-30,2025q2,,2025-08-30,proxy_secu_proceeds,,finance_balance_sheet_parent_current_only.csv,proxy_secu_proceeds,,identity_q1_or_ytd_diff,missing_raw_value
601169.XSHG,parent_balance,2025-06-30,2025q2,,2025-08-30,notes_payable,,finance_balance_sheet_parent_current_only.csv,notes_payable,,identity_q1_or_ytd_diff,missing_raw_value
601169.XSHG,parent_balance,2025-06-30,2025q2,,2025-08-30,advance_peceipts,,finance_balance_sheet_parent_current_only.csv,advance_peceipts,,identity_q1_or_ytd_diff,missing_raw_value
601169.XSHG,parent_balance,2025-06-30,2025q2,,2025-08-30,commission_payable,,finance_balance_sheet_parent_current_only.csv,commission_payable,,identity_q1_or_ytd_diff,missing_raw_value
601169.XSHG,parent_balance,2025-06-30,2025q2,,2025-08-30,salaries_payable,2628000000.0,finance_balance_sheet_parent_current_only.csv,salaries_payable,quarterly_direct,identity_q1_or_ytd_diff,
601169.XSHG,parent_balance,2025-06-30,2025q2,,2025-08-30,taxs_payable,2327000000.0,finance_balance_sheet_parent_current_only.csv,taxs_payable,quarterly_direct,identity_q1_or_ytd_diff,
601169.XSHG,parent_balance,2025-06-30,2025q2,,2025-08-30,interest_payable,,finance_balance_sheet_parent_current_only.csv,interest_payable,,identity_q1_or_ytd_diff,missing_raw_value
601169.XSHG,parent_balance,2025-06-30,2025q2,,2025-08-30,estimate_liability,3774000000.0,finance_balance_sheet_parent_current_only.csv,estimate_liability,quarterly_direct,identity_q1_or_ytd_diff,
601169.XSHG,parent_balance,2025-06-30,2025q2,,2025-08-30,longterm_loan,,finance_balance_sheet_parent_current_only.csv,longterm_loan,,identity_q1_or_ytd_diff,missing_raw_value
601169.XSHG,parent_balance,2025-06-30,2025q2,,2025-08-30,bonds_payable,722321000000.0,finance_balance_sheet_parent_current_only.csv,bonds_payable,quarterly_direct,identity_q1_or_ytd_diff,
601169.XSHG,parent_balance,2025-06-30,2025q2,,2025-08-30,deferred_tax_liability,,finance_balance_sheet_parent_current_only.csv,deferred_tax_liability,,identity_q1_or_ytd_diff,missing_raw_value
601169.XSHG,parent_balance,2025-06-30,2025q2,,2025-08-30,other_liability,22872000000.0,finance_balance_sheet_parent_current_only.csv,other_liability,quarterly_direct,identity_q1_or_ytd_diff,
601169.XSHG,parent_balance,2025-06-30,2025q2,,2025-08-30,total_liability,4268498000000.0,finance_balance_sheet_parent_current_only.csv,total_liability,quarterly_direct,identity_q1_or_ytd_diff,
601169.XSHG,parent_balance,2025-06-30,2025q2,,2025-08-30,paidin_capital,21143000000.0,finance_balance_sheet_parent_current_only.csv,paidin_capital,quarterly_direct,identity_q1_or_ytd_diff,
601169.XSHG,parent_balance,2025-06-30,2025q2,,2025-08-30,capital_reserve_fund,43843000000.0,finance_balance_sheet_parent_current_only.csv,capital_reserve_fund,quarterly_direct,identity_q1_or_ytd_diff,
601169.XSHG,parent_balance,2025-06-30,2025q2,,2025-08-30,treasury_stock,,finance_balance_sheet_parent_current_only.csv,treasury_stock,,identity_q1_or_ytd_diff,missing_raw_value
601169.XSHG,parent_balance,2025-06-30,2025q2,,2025-08-30,surplus_reserve_fund,29569000000.0,finance_balance_sheet_parent_current_only.csv,surplus_reserve_fund,quarterly_direct,identity_q1_or_ytd_diff,
601169.XSHG,parent_balance,2025-06-30,2025q2,,2025-08-30,equities_parent_company_owners,380175000000.0,finance_balance_sheet_parent_current_only.csv,equities_parent_company_owners,quarterly_direct,identity_q1_or_ytd_diff,
601169.XSHG,parent_balance,2025-06-30,2025q2,,2025-08-30,retained_profit,125039000000.0,finance_balance_sheet_parent_current_only.csv,retained_profit,quarterly_direct,identity_q1_or_ytd_diff,
601169.XSHG,parent_balance,2025-06-30,2025q2,,2025-08-30,minority_interests,,finance_balance_sheet_parent_current_only.csv,minority_interests,,identity_q1_or_ytd_diff,missing_raw_value
601169.XSHG,parent_balance,2025-06-30,2025q2,,2025-08-30,total_owner_equities,380175000000.0,finance_balance_sheet_parent_current_only.csv,total_owner_equities,quarterly_direct,identity_q1_or_ytd_diff,
601169.XSHG,parent_balance,2025-06-30,2025q2,,2025-08-30,other_comprehensive_income,5537000000.0,finance_balance_sheet_parent_current_only.csv,other_comprehensive_income,quarterly_direct,identity_q1_or_ytd_diff,
601169.XSHG,parent_balance,2025-09-30,2025q3,,2025-10-31,deposit_in_ib,119156000000.0,finance_balance_sheet_parent_current_only.csv,deposit_in_ib,quarterly_direct,identity_q1_or_ytd_diff,
601169.XSHG,parent_balance,2025-09-30,2025q3,,2025-10-31,cash_equivalents,,finance_balance_sheet_parent_current_only.csv,cash_equivalents,,identity_q1_or_ytd_diff,missing_raw_value
601169.XSHG,parent_balance,2025-09-30,2025q3,,2025-10-31,deposit_client,,finance_balance_sheet_parent_current_only.csv,deposit_client,,identity_q1_or_ytd_diff,missing_raw_value
601169.XSHG,parent_balance,2025-09-30,2025q3,,2025-10-31,cash_in_cb,171935000000.0,finance_balance_sheet_parent_current_only.csv,cash_in_cb,quarterly_direct,identity_q1_or_ytd_diff,
601169.XSHG,parent_balance,2025-09-30,2025q3,,2025-10-31,settlement_provi,,finance_balance_sheet_parent_current_only.csv,settlement_provi,,identity_q1_or_ytd_diff,missing_raw_value
601169.XSHG,parent_balance,2025-09-30,2025q3,,2025-10-31,settlement_provi_client,,finance_balance_sheet_parent_current_only.csv,settlement_provi_client,,identity_q1_or_ytd_diff,missing_raw_value
601169.XSHG,parent_balance,2025-09-30,2025q3,,2025-10-31,lend_capital,229681000000.0,finance_balance_sheet_parent_current_only.csv,lend_capital,quarterly_direct,identity_q1_or_ytd_diff,
601169.XSHG,parent_balance,2025-09-30,2025q3,,2025-10-31,bought_sellback_assets,153352000000.0,finance_balance_sheet_parent_current_only.csv,bought_sellback_assets,quarterly_direct,identity_q1_or_ytd_diff,
601169.XSHG,parent_balance,2025-09-30,2025q3,,2025-10-31,interest_receivable,,finance_balance_sheet_parent_current_only.csv,interest_receivable,,identity_q1_or_ytd_diff,missing_raw_value
601169.XSHG,parent_balance,2025-09-30,2025q3,,2025-10-31,insurance_receivables,,finance_balance_sheet_parent_current_only.csv,insurance_receivables,,identity_q1_or_ytd_diff,missing_raw_value
601169.XSHG,parent_balance,2025-09-30,2025q3,,2025-10-31,loan_and_advance,2257998000000.0,finance_balance_sheet_parent_current_only.csv,loan_and_advance,quarterly_direct,identity_q1_or_ytd_diff,
601169.XSHG,parent_balance,2025-09-30,2025q3,,2025-10-31,advance_payment,,finance_balance_sheet_parent_current_only.csv,advance_payment,,identity_q1_or_ytd_diff,missing_raw_value
601169.XSHG,parent_balance,2025-09-30,2025q3,,2025-10-31,hold_for_sale_assets,,finance_balance_sheet_parent_current_only.csv,hold_for_sale_assets,,identity_q1_or_ytd_diff,missing_raw_value
601169.XSHG,parent_balance,2025-09-30,2025q3,,2025-10-31,hold_to_maturity_investments,,finance_balance_sheet_parent_current_only.csv,hold_to_maturity_investments,,identity_q1_or_ytd_diff,missing_raw_value
601169.XSHG,parent_balance,2025-09-30,2025q3,,2025-10-31,longterm_equity_invest,10430000000.0,finance_balance_sheet_parent_current_only.csv,longterm_equity_invest,quarterly_direct,identity_q1_or_ytd_diff,
601169.XSHG,parent_balance,2025-09-30,2025q3,,2025-10-31,investment_property,265000000.0,finance_balance_sheet_parent_current_only.csv,investment_property,quarterly_direct,identity_q1_or_ytd_diff,
601169.XSHG,parent_balance,2025-09-30,2025q3,,2025-10-31,inventories,,finance_balance_sheet_parent_current_only.csv,inventories,,identity_q1_or_ytd_diff,missing_raw_value
601169.XSHG,parent_balance,2025-09-30,2025q3,,2025-10-31,fixed_assets,18574000000.0,finance_balance_sheet_parent_current_only.csv,fixed_assets,quarterly_direct,identity_q1_or_ytd_diff,
601169.XSHG,parent_balance,2025-09-30,2025q3,,2025-10-31,constru_in_process,,finance_balance_sheet_parent_current_only.csv,constru_in_process,,identity_q1_or_ytd_diff,missing_raw_value
601169.XSHG,parent_balance,2025-09-30,2025q3,,2025-10-31,intangible_assets,960000000.0,finance_balance_sheet_parent_current_only.csv,intangible_assets,quarterly_direct,identity_q1_or_ytd_diff,
601169.XSHG,parent_balance,2025-09-30,2025q3,,2025-10-31,long_deferred_expense,,finance_balance_sheet_parent_current_only.csv,long_deferred_expense,,identity_q1_or_ytd_diff,missing_raw_value
601169.XSHG,parent_balance,2025-09-30,2025q3,,2025-10-31,deferred_tax_assets,39160000000.0,finance_balance_sheet_parent_current_only.csv,deferred_tax_assets,quarterly_direct,identity_q1_or_ytd_diff,
601169.XSHG,parent_balance,2025-09-30,2025q3,,2025-10-31,other_asset,28856000000.0,finance_balance_sheet_parent_current_only.csv,other_asset,quarterly_direct,identity_q1_or_ytd_diff,
601169.XSHG,parent_balance,2025-09-30,2025q3,,2025-10-31,total_assets,4806024000000.0,finance_balance_sheet_parent_current_only.csv,total_assets,quarterly_direct,identity_q1_or_ytd_diff,
601169.XSHG,parent_balance,2025-09-30,2025q3,,2025-10-31,borrowing_from_centralbank,161074000000.0,finance_balance_sheet_parent_current_only.csv,borrowing_from_centralbank,quarterly_direct,identity_q1_or_ytd_diff,
601169.XSHG,parent_balance,2025-09-30,2025q3,,2025-10-31,shortterm_loan,,finance_balance_sheet_parent_current_only.csv,shortterm_loan,,identity_q1_or_ytd_diff,missing_raw_value
601169.XSHG,parent_balance,2025-09-30,2025q3,,2025-10-31,borrowing_capital,64118000000.0,finance_balance_sheet_parent_current_only.csv,borrowing_capital,quarterly_direct,identity_q1_or_ytd_diff,
601169.XSHG,parent_balance,2025-09-30,2025q3,,2025-10-31,sold_buyback_secu_proceeds,250967000000.0,finance_balance_sheet_parent_current_only.csv,sold_buyback_secu_proceeds,quarterly_direct,identity_q1_or_ytd_diff,
601169.XSHG,parent_balance,2025-09-30,2025q3,,2025-10-31,proxy_secu_proceeds,,finance_balance_sheet_parent_current_only.csv,proxy_secu_proceeds,,identity_q1_or_ytd_diff,missing_raw_value
601169.XSHG,parent_balance,2025-09-30,2025q3,,2025-10-31,notes_payable,,finance_balance_sheet_parent_current_only.csv,notes_payable,,identity_q1_or_ytd_diff,missing_raw_value
601169.XSHG,parent_balance,2025-09-30,2025q3,,2025-10-31,advance_peceipts,,finance_balance_sheet_parent_current_only.csv,advance_peceipts,,identity_q1_or_ytd_diff,missing_raw_value
601169.XSHG,parent_balance,2025-09-30,2025q3,,2025-10-31,commission_payable,,finance_balance_sheet_parent_current_only.csv,commission_payable,,identity_q1_or_ytd_diff,missing_raw_value
601169.XSHG,parent_balance,2025-09-30,2025q3,,2025-10-31,salaries_payable,2755000000.0,finance_balance_sheet_parent_current_only.csv,salaries_payable,quarterly_direct,identity_q1_or_ytd_diff,
601169.XSHG,parent_balance,2025-09-30,2025q3,,2025-10-31,taxs_payable,2794000000.0,finance_balance_sheet_parent_current_only.csv,taxs_payable,quarterly_direct,identity_q1_or_ytd_diff,
601169.XSHG,parent_balance,2025-09-30,2025q3,,2025-10-31,interest_payable,,finance_balance_sheet_parent_current_only.csv,interest_payable,,identity_q1_or_ytd_diff,missing_raw_value
601169.XSHG,parent_balance,2025-09-30,2025q3,,2025-10-31,estimate_liability,3850000000.0,finance_balance_sheet_parent_current_only.csv,estimate_liability,quarterly_direct,identity_q1_or_ytd_diff,
601169.XSHG,parent_balance,2025-09-30,2025q3,,2025-10-31,longterm_loan,,finance_balance_sheet_parent_current_only.csv,longterm_loan,,identity_q1_or_ytd_diff,missing_raw_value
601169.XSHG,parent_balance,2025-09-30,2025q3,,2025-10-31,bonds_payable,705654000000.0,finance_balance_sheet_parent_current_only.csv,bonds_payable,quarterly_direct,identity_q1_or_ytd_diff,
601169.XSHG,parent_balance,2025-09-30,2025q3,,2025-10-31,deferred_tax_liability,,finance_balance_sheet_parent_current_only.csv,deferred_tax_liability,,identity_q1_or_ytd_diff,missing_raw_value
601169.XSHG,parent_balance,2025-09-30,2025q3,,2025-10-31,other_liability,15628000000.0,finance_balance_sheet_parent_current_only.csv,other_liability,quarterly_direct,identity_q1_or_ytd_diff,
601169.XSHG,parent_balance,2025-09-30,2025q3,,2025-10-31,total_liability,4423448000000.0,finance_balance_sheet_parent_current_only.csv,total_liability,quarterly_direct,identity_q1_or_ytd_diff,
601169.XSHG,parent_balance,2025-09-30,2025q3,,2025-10-31,paidin_capital,21143000000.0,finance_balance_sheet_parent_current_only.csv,paidin_capital,quarterly_direct,identity_q1_or_ytd_diff,
601169.XSHG,parent_balance,2025-09-30,2025q3,,2025-10-31,capital_reserve_fund,43843000000.0,finance_balance_sheet_parent_current_only.csv,capital_reserve_fund,quarterly_direct,identity_q1_or_ytd_diff,
601169.XSHG,parent_balance,2025-09-30,2025q3,,2025-10-31,treasury_stock,,finance_balance_sheet_parent_current_only.csv,treasury_stock,,identity_q1_or_ytd_diff,missing_raw_value
601169.XSHG,parent_balance,2025-09-30,2025q3,,2025-10-31,surplus_reserve_fund,29569000000.0,finance_balance_sheet_parent_current_only.csv,surplus_reserve_fund,quarterly_direct,identity_q1_or_ytd_diff,
601169.XSHG,parent_balance,2025-09-30,2025q3,,2025-10-31,equities_parent_company_owners,382576000000.0,finance_balance_sheet_parent_current_only.csv,equities_parent_company_owners,quarterly_direct,identity_q1_or_ytd_diff,
601169.XSHG,parent_balance,2025-09-30,2025q3,,2025-10-31,retained_profit,130661000000.0,finance_balance_sheet_parent_current_only.csv,retained_profit,quarterly_direct,identity_q1_or_ytd_diff,
601169.XSHG,parent_balance,2025-09-30,2025q3,,2025-10-31,minority_interests,,finance_balance_sheet_parent_current_only.csv,minority_interests,,identity_q1_or_ytd_diff,missing_raw_value
601169.XSHG,parent_balance,2025-09-30,2025q3,,2025-10-31,total_owner_equities,382576000000.0,finance_balance_sheet_parent_current_only.csv,total_owner_equities,quarterly_direct,identity_q1_or_ytd_diff,
601169.XSHG,parent_balance,2025-09-30,2025q3,,2025-10-31,other_comprehensive_income,2316000000.0,finance_balance_sheet_parent_current_only.csv,other_comprehensive_income,quarterly_direct,identity_q1_or_ytd_diff,
601169.XSHG,parent_balance,2025-12-31,2025q4,,2026-04-28,deposit_in_ib,150227000000.0,finance_balance_sheet_parent_current_only.csv,deposit_in_ib,quarterly_direct,identity_q1_or_ytd_diff,
601169.XSHG,parent_balance,2025-12-31,2025q4,,2026-04-28,cash_equivalents,,finance_balance_sheet_parent_current_only.csv,cash_equivalents,,identity_q1_or_ytd_diff,missing_raw_value
601169.XSHG,parent_balance,2025-12-31,2025q4,,2026-04-28,deposit_client,,finance_balance_sheet_parent_current_only.csv,deposit_client,,identity_q1_or_ytd_diff,missing_raw_value
601169.XSHG,parent_balance,2025-12-31,2025q4,,2026-04-28,cash_in_cb,160953000000.0,finance_balance_sheet_parent_current_only.csv,cash_in_cb,quarterly_direct,identity_q1_or_ytd_diff,
601169.XSHG,parent_balance,2025-12-31,2025q4,,2026-04-28,settlement_provi,,finance_balance_sheet_parent_current_only.csv,settlement_provi,,identity_q1_or_ytd_diff,missing_raw_value
601169.XSHG,parent_balance,2025-12-31,2025q4,,2026-04-28,settlement_provi_client,,finance_balance_sheet_parent_current_only.csv,settlement_provi_client,,identity_q1_or_ytd_diff,missing_raw_value
601169.XSHG,parent_balance,2025-12-31,2025q4,,2026-04-28,lend_capital,224443000000.0,finance_balance_sheet_parent_current_only.csv,lend_capital,quarterly_direct,identity_q1_or_ytd_diff,
601169.XSHG,parent_balance,2025-12-31,2025q4,,2026-04-28,bought_sellback_assets,156323000000.0,finance_balance_sheet_parent_current_only.csv,bought_sellback_assets,quarterly_direct,identity_q1_or_ytd_diff,
601169.XSHG,parent_balance,2025-12-31,2025q4,,2026-04-28,interest_receivable,,finance_balance_sheet_parent_current_only.csv,interest_receivable,,identity_q1_or_ytd_diff,missing_raw_value
601169.XSHG,parent_balance,2025-12-31,2025q4,,2026-04-28,insurance_receivables,,finance_balance_sheet_parent_current_only.csv,insurance_receivables,,identity_q1_or_ytd_diff,missing_raw_value
601169.XSHG,parent_balance,2025-12-31,2025q4,,2026-04-28,loan_and_advance,2284282000000.0,finance_balance_sheet_parent_current_only.csv,loan_and_advance,quarterly_direct,identity_q1_or_ytd_diff,
601169.XSHG,parent_balance,2025-12-31,2025q4,,2026-04-28,advance_payment,,finance_balance_sheet_parent_current_only.csv,advance_payment,,identity_q1_or_ytd_diff,missing_raw_value
601169.XSHG,parent_balance,2025-12-31,2025q4,,2026-04-28,hold_for_sale_assets,,finance_balance_sheet_parent_current_only.csv,hold_for_sale_assets,,identity_q1_or_ytd_diff,missing_raw_value
601169.XSHG,parent_balance,2025-12-31,2025q4,,2026-04-28,hold_to_maturity_investments,,finance_balance_sheet_parent_current_only.csv,hold_to_maturity_investments,,identity_q1_or_ytd_diff,missing_raw_value
601169.XSHG,parent_balance,2025-12-31,2025q4,,2026-04-28,longterm_equity_invest,10330000000.0,finance_balance_sheet_parent_current_only.csv,longterm_equity_invest,quarterly_direct,identity_q1_or_ytd_diff,
601169.XSHG,parent_balance,2025-12-31,2025q4,,2026-04-28,investment_property,261000000.0,finance_balance_sheet_parent_current_only.csv,investment_property,quarterly_direct,identity_q1_or_ytd_diff,
601169.XSHG,parent_balance,2025-12-31,2025q4,,2026-04-28,inventories,,finance_balance_sheet_parent_current_only.csv,inventories,,identity_q1_or_ytd_diff,missing_raw_value
601169.XSHG,parent_balance,2025-12-31,2025q4,,2026-04-28,fixed_assets,18511000000.0,finance_balance_sheet_parent_current_only.csv,fixed_assets,quarterly_direct,identity_q1_or_ytd_diff,
601169.XSHG,parent_balance,2025-12-31,2025q4,,2026-04-28,constru_in_process,,finance_balance_sheet_parent_current_only.csv,constru_in_process,,identity_q1_or_ytd_diff,missing_raw_value
601169.XSHG,parent_balance,2025-12-31,2025q4,,2026-04-28,intangible_assets,981000000.0,finance_balance_sheet_parent_current_only.csv,intangible_assets,quarterly_direct,identity_q1_or_ytd_diff,
601169.XSHG,parent_balance,2025-12-31,2025q4,,2026-04-28,long_deferred_expense,,finance_balance_sheet_parent_current_only.csv,long_deferred_expense,,identity_q1_or_ytd_diff,missing_raw_value
601169.XSHG,parent_balance,2025-12-31,2025q4,,2026-04-28,deferred_tax_assets,42207000000.0,finance_balance_sheet_parent_current_only.csv,deferred_tax_assets,quarterly_direct,identity_q1_or_ytd_diff,
601169.XSHG,parent_balance,2025-12-31,2025q4,,2026-04-28,other_asset,26874000000.0,finance_balance_sheet_parent_current_only.csv,other_asset,quarterly_direct,identity_q1_or_ytd_diff,
601169.XSHG,parent_balance,2025-12-31,2025q4,,2026-04-28,total_assets,4858581000000.0,finance_balance_sheet_parent_current_only.csv,total_assets,quarterly_direct,identity_q1_or_ytd_diff,
601169.XSHG,parent_balance,2025-12-31,2025q4,,2026-04-28,borrowing_from_centralbank,144536000000.0,finance_balance_sheet_parent_current_only.csv,borrowing_from_centralbank,quarterly_direct,identity_q1_or_ytd_diff,
601169.XSHG,parent_balance,2025-12-31,2025q4,,2026-04-28,shortterm_loan,,finance_balance_sheet_parent_current_only.csv,shortterm_loan,,identity_q1_or_ytd_diff,missing_raw_value
601169.XSHG,parent_balance,2025-12-31,2025q4,,2026-04-28,borrowing_capital,42613000000.0,finance_balance_sheet_parent_current_only.csv,borrowing_capital,quarterly_direct,identity_q1_or_ytd_diff,
601169.XSHG,parent_balance,2025-12-31,2025q4,,2026-04-28,sold_buyback_secu_proceeds,246581000000.0,finance_balance_sheet_parent_current_only.csv,sold_buyback_secu_proceeds,quarterly_direct,identity_q1_or_ytd_diff,
601169.XSHG,parent_balance,2025-12-31,2025q4,,2026-04-28,proxy_secu_proceeds,,finance_balance_sheet_parent_current_only.csv,proxy_secu_proceeds,,identity_q1_or_ytd_diff,missing_raw_value
601169.XSHG,parent_balance,2025-12-31,2025q4,,2026-04-28,notes_payable,,finance_balance_sheet_parent_current_only.csv,notes_payable,,identity_q1_or_ytd_diff,missing_raw_value
601169.XSHG,parent_balance,2025-12-31,2025q4,,2026-04-28,advance_peceipts,,finance_balance_sheet_parent_current_only.csv,advance_peceipts,,identity_q1_or_ytd_diff,missing_raw_value
601169.XSHG,parent_balance,2025-12-31,2025q4,,2026-04-28,commission_payable,,finance_balance_sheet_parent_current_only.csv,commission_payable,,identity_q1_or_ytd_diff,missing_raw_value
601169.XSHG,parent_balance,2025-12-31,2025q4,,2026-04-28,salaries_payable,2410000000.0,finance_balance_sheet_parent_current_only.csv,salaries_payable,quarterly_direct,identity_q1_or_ytd_diff,
601169.XSHG,parent_balance,2025-12-31,2025q4,,2026-04-28,taxs_payable,2680000000.0,finance_balance_sheet_parent_current_only.csv,taxs_payable,quarterly_direct,identity_q1_or_ytd_diff,
601169.XSHG,parent_balance,2025-12-31,2025q4,,2026-04-28,interest_payable,,finance_balance_sheet_parent_current_only.csv,interest_payable,,identity_q1_or_ytd_diff,missing_raw_value
601169.XSHG,parent_balance,2025-12-31,2025q4,,2026-04-28,estimate_liability,3596000000.0,finance_balance_sheet_parent_current_only.csv,estimate_liability,quarterly_direct,identity_q1_or_ytd_diff,
601169.XSHG,parent_balance,2025-12-31,2025q4,,2026-04-28,longterm_loan,,finance_balance_sheet_parent_current_only.csv,longterm_loan,,identity_q1_or_ytd_diff,missing_raw_value
601169.XSHG,parent_balance,2025-12-31,2025q4,,2026-04-28,bonds_payable,694394000000.0,finance_balance_sheet_parent_current_only.csv,bonds_payable,quarterly_direct,identity_q1_or_ytd_diff,
601169.XSHG,parent_balance,2025-12-31,2025q4,,2026-04-28,deferred_tax_liability,,finance_balance_sheet_parent_current_only.csv,deferred_tax_liability,,identity_q1_or_ytd_diff,missing_raw_value
601169.XSHG,parent_balance,2025-12-31,2025q4,,2026-04-28,other_liability,16529000000.0,finance_balance_sheet_parent_current_only.csv,other_liability,quarterly_direct,identity_q1_or_ytd_diff,
601169.XSHG,parent_balance,2025-12-31,2025q4,,2026-04-28,total_liability,4484579000000.0,finance_balance_sheet_parent_current_only.csv,total_liability,quarterly_direct,identity_q1_or_ytd_diff,
601169.XSHG,parent_balance,2025-12-31,2025q4,,2026-04-28,paidin_capital,21143000000.0,finance_balance_sheet_parent_current_only.csv,paidin_capital,quarterly_direct,identity_q1_or_ytd_diff,
601169.XSHG,parent_balance,2025-12-31,2025q4,,2026-04-28,capital_reserve_fund,43819000000.0,finance_balance_sheet_parent_current_only.csv,capital_reserve_fund,quarterly_direct,identity_q1_or_ytd_diff,
601169.XSHG,parent_balance,2025-12-31,2025q4,,2026-04-28,treasury_stock,,finance_balance_sheet_parent_current_only.csv,treasury_stock,,identity_q1_or_ytd_diff,missing_raw_value
601169.XSHG,parent_balance,2025-12-31,2025q4,,2026-04-28,surplus_reserve_fund,31516000000.0,finance_balance_sheet_parent_current_only.csv,surplus_reserve_fund,quarterly_direct,identity_q1_or_ytd_diff,
601169.XSHG,parent_balance,2025-12-31,2025q4,,2026-04-28,equities_parent_company_owners,374002000000.0,finance_balance_sheet_parent_current_only.csv,equities_parent_company_owners,quarterly_direct,identity_q1_or_ytd_diff,
601169.XSHG,parent_balance,2025-12-31,2025q4,,2026-04-28,retained_profit,115478000000.0,finance_balance_sheet_parent_current_only.csv,retained_profit,quarterly_direct,identity_q1_or_ytd_diff,
601169.XSHG,parent_balance,2025-12-31,2025q4,,2026-04-28,minority_interests,,finance_balance_sheet_parent_current_only.csv,minority_interests,,identity_q1_or_ytd_diff,missing_raw_value
601169.XSHG,parent_balance,2025-12-31,2025q4,,2026-04-28,total_owner_equities,374002000000.0,finance_balance_sheet_parent_current_only.csv,total_owner_equities,quarterly_direct,identity_q1_or_ytd_diff,
601169.XSHG,parent_balance,2025-12-31,2025q4,,2026-04-28,other_comprehensive_income,2395000000.0,finance_balance_sheet_parent_current_only.csv,other_comprehensive_income,quarterly_direct,identity_q1_or_ytd_diff,
601169.XSHG,parent_balance,2026-03-31,2026q1,,2026-04-28,deposit_in_ib,116274000000.0,finance_balance_sheet_parent_current_only.csv,deposit_in_ib,quarterly_direct,identity_q1_or_ytd_diff,
601169.XSHG,parent_balance,2026-03-31,2026q1,,2026-04-28,cash_equivalents,,finance_balance_sheet_parent_current_only.csv,cash_equivalents,,identity_q1_or_ytd_diff,missing_raw_value
601169.XSHG,parent_balance,2026-03-31,2026q1,,2026-04-28,deposit_client,,finance_balance_sheet_parent_current_only.csv,deposit_client,,identity_q1_or_ytd_diff,missing_raw_value
601169.XSHG,parent_balance,2026-03-31,2026q1,,2026-04-28,cash_in_cb,169360000000.0,finance_balance_sheet_parent_current_only.csv,cash_in_cb,quarterly_direct,identity_q1_or_ytd_diff,
601169.XSHG,parent_balance,2026-03-31,2026q1,,2026-04-28,settlement_provi,,finance_balance_sheet_parent_current_only.csv,settlement_provi,,identity_q1_or_ytd_diff,missing_raw_value
601169.XSHG,parent_balance,2026-03-31,2026q1,,2026-04-28,settlement_provi_client,,finance_balance_sheet_parent_current_only.csv,settlement_provi_client,,identity_q1_or_ytd_diff,missing_raw_value
601169.XSHG,parent_balance,2026-03-31,2026q1,,2026-04-28,lend_capital,235352000000.0,finance_balance_sheet_parent_current_only.csv,lend_capital,quarterly_direct,identity_q1_or_ytd_diff,
601169.XSHG,parent_balance,2026-03-31,2026q1,,2026-04-28,bought_sellback_assets,215968000000.0,finance_balance_sheet_parent_current_only.csv,bought_sellback_assets,quarterly_direct,identity_q1_or_ytd_diff,
601169.XSHG,parent_balance,2026-03-31,2026q1,,2026-04-28,interest_receivable,,finance_balance_sheet_parent_current_only.csv,interest_receivable,,identity_q1_or_ytd_diff,missing_raw_value
601169.XSHG,parent_balance,2026-03-31,2026q1,,2026-04-28,insurance_receivables,,finance_balance_sheet_parent_current_only.csv,insurance_receivables,,identity_q1_or_ytd_diff,missing_raw_value
601169.XSHG,parent_balance,2026-03-31,2026q1,,2026-04-28,loan_and_advance,2306333000000.0,finance_balance_sheet_parent_current_only.csv,loan_and_advance,quarterly_direct,identity_q1_or_ytd_diff,
601169.XSHG,parent_balance,2026-03-31,2026q1,,2026-04-28,advance_payment,,finance_balance_sheet_parent_current_only.csv,advance_payment,,identity_q1_or_ytd_diff,missing_raw_value
601169.XSHG,parent_balance,2026-03-31,2026q1,,2026-04-28,hold_for_sale_assets,,finance_balance_sheet_parent_current_only.csv,hold_for_sale_assets,,identity_q1_or_ytd_diff,missing_raw_value
601169.XSHG,parent_balance,2026-03-31,2026q1,,2026-04-28,hold_to_maturity_investments,,finance_balance_sheet_parent_current_only.csv,hold_to_maturity_investments,,identity_q1_or_ytd_diff,missing_raw_value
601169.XSHG,parent_balance,2026-03-31,2026q1,,2026-04-28,longterm_equity_invest,10328000000.0,finance_balance_sheet_parent_current_only.csv,longterm_equity_invest,quarterly_direct,identity_q1_or_ytd_diff,
601169.XSHG,parent_balance,2026-03-31,2026q1,,2026-04-28,investment_property,258000000.0,finance_balance_sheet_parent_current_only.csv,investment_property,quarterly_direct,identity_q1_or_ytd_diff,
601169.XSHG,parent_balance,2026-03-31,2026q1,,2026-04-28,inventories,,finance_balance_sheet_parent_current_only.csv,inventories,,identity_q1_or_ytd_diff,missing_raw_value
601169.XSHG,parent_balance,2026-03-31,2026q1,,2026-04-28,fixed_assets,18276000000.0,finance_balance_sheet_parent_current_only.csv,fixed_assets,quarterly_direct,identity_q1_or_ytd_diff,
601169.XSHG,parent_balance,2026-03-31,2026q1,,2026-04-28,constru_in_process,,finance_balance_sheet_parent_current_only.csv,constru_in_process,,identity_q1_or_ytd_diff,missing_raw_value
601169.XSHG,parent_balance,2026-03-31,2026q1,,2026-04-28,intangible_assets,955000000.0,finance_balance_sheet_parent_current_only.csv,intangible_assets,quarterly_direct,identity_q1_or_ytd_diff,
601169.XSHG,parent_balance,2026-03-31,2026q1,,2026-04-28,long_deferred_expense,,finance_balance_sheet_parent_current_only.csv,long_deferred_expense,,identity_q1_or_ytd_diff,missing_raw_value
601169.XSHG,parent_balance,2026-03-31,2026q1,,2026-04-28,deferred_tax_assets,43130000000.0,finance_balance_sheet_parent_current_only.csv,deferred_tax_assets,quarterly_direct,identity_q1_or_ytd_diff,
601169.XSHG,parent_balance,2026-03-31,2026q1,,2026-04-28,other_asset,22257000000.0,finance_balance_sheet_parent_current_only.csv,other_asset,quarterly_direct,identity_q1_or_ytd_diff,
601169.XSHG,parent_balance,2026-03-31,2026q1,,2026-04-28,total_assets,4874400000000.0,finance_balance_sheet_parent_current_only.csv,total_assets,quarterly_direct,identity_q1_or_ytd_diff,
601169.XSHG,parent_balance,2026-03-31,2026q1,,2026-04-28,borrowing_from_centralbank,164056000000.0,finance_balance_sheet_parent_current_only.csv,borrowing_from_centralbank,quarterly_direct,identity_q1_or_ytd_diff,
601169.XSHG,parent_balance,2026-03-31,2026q1,,2026-04-28,shortterm_loan,,finance_balance_sheet_parent_current_only.csv,shortterm_loan,,identity_q1_or_ytd_diff,missing_raw_value
601169.XSHG,parent_balance,2026-03-31,2026q1,,2026-04-28,borrowing_capital,57251000000.0,finance_balance_sheet_parent_current_only.csv,borrowing_capital,quarterly_direct,identity_q1_or_ytd_diff,
601169.XSHG,parent_balance,2026-03-31,2026q1,,2026-04-28,sold_buyback_secu_proceeds,220780000000.0,finance_balance_sheet_parent_current_only.csv,sold_buyback_secu_proceeds,quarterly_direct,identity_q1_or_ytd_diff,
601169.XSHG,parent_balance,2026-03-31,2026q1,,2026-04-28,proxy_secu_proceeds,,finance_balance_sheet_parent_current_only.csv,proxy_secu_proceeds,,identity_q1_or_ytd_diff,missing_raw_value
601169.XSHG,parent_balance,2026-03-31,2026q1,,2026-04-28,notes_payable,,finance_balance_sheet_parent_current_only.csv,notes_payable,,identity_q1_or_ytd_diff,missing_raw_value
601169.XSHG,parent_balance,2026-03-31,2026q1,,2026-04-28,advance_peceipts,,finance_balance_sheet_parent_current_only.csv,advance_peceipts,,identity_q1_or_ytd_diff,missing_raw_value
601169.XSHG,parent_balance,2026-03-31,2026q1,,2026-04-28,commission_payable,,finance_balance_sheet_parent_current_only.csv,commission_payable,,identity_q1_or_ytd_diff,missing_raw_value
601169.XSHG,parent_balance,2026-03-31,2026q1,,2026-04-28,salaries_payable,1951000000.0,finance_balance_sheet_parent_current_only.csv,salaries_payable,quarterly_direct,identity_q1_or_ytd_diff,
601169.XSHG,parent_balance,2026-03-31,2026q1,,2026-04-28,taxs_payable,4125000000.0,finance_balance_sheet_parent_current_only.csv,taxs_payable,quarterly_direct,identity_q1_or_ytd_diff,
601169.XSHG,parent_balance,2026-03-31,2026q1,,2026-04-28,interest_payable,,finance_balance_sheet_parent_current_only.csv,interest_payable,,identity_q1_or_ytd_diff,missing_raw_value
601169.XSHG,parent_balance,2026-03-31,2026q1,,2026-04-28,estimate_liability,3170000000.0,finance_balance_sheet_parent_current_only.csv,estimate_liability,quarterly_direct,identity_q1_or_ytd_diff,
601169.XSHG,parent_balance,2026-03-31,2026q1,,2026-04-28,longterm_loan,,finance_balance_sheet_parent_current_only.csv,longterm_loan,,identity_q1_or_ytd_diff,missing_raw_value
601169.XSHG,parent_balance,2026-03-31,2026q1,,2026-04-28,bonds_payable,631277000000.0,finance_balance_sheet_parent_current_only.csv,bonds_payable,quarterly_direct,identity_q1_or_ytd_diff,
601169.XSHG,parent_balance,2026-03-31,2026q1,,2026-04-28,deferred_tax_liability,,finance_balance_sheet_parent_current_only.csv,deferred_tax_liability,,identity_q1_or_ytd_diff,missing_raw_value
601169.XSHG,parent_balance,2026-03-31,2026q1,,2026-04-28,other_liability,18179000000.0,finance_balance_sheet_parent_current_only.csv,other_liability,quarterly_direct,identity_q1_or_ytd_diff,
601169.XSHG,parent_balance,2026-03-31,2026q1,,2026-04-28,total_liability,4491516000000.0,finance_balance_sheet_parent_current_only.csv,total_liability,quarterly_direct,identity_q1_or_ytd_diff,
601169.XSHG,parent_balance,2026-03-31,2026q1,,2026-04-28,paidin_capital,21143000000.0,finance_balance_sheet_parent_current_only.csv,paidin_capital,quarterly_direct,identity_q1_or_ytd_diff,
601169.XSHG,parent_balance,2026-03-31,2026q1,,2026-04-28,capital_reserve_fund,43819000000.0,finance_balance_sheet_parent_current_only.csv,capital_reserve_fund,quarterly_direct,identity_q1_or_ytd_diff,
601169.XSHG,parent_balance,2026-03-31,2026q1,,2026-04-28,treasury_stock,,finance_balance_sheet_parent_current_only.csv,treasury_stock,,identity_q1_or_ytd_diff,missing_raw_value
601169.XSHG,parent_balance,2026-03-31,2026q1,,2026-04-28,surplus_reserve_fund,31516000000.0,finance_balance_sheet_parent_current_only.csv,surplus_reserve_fund,quarterly_direct,identity_q1_or_ytd_diff,
601169.XSHG,parent_balance,2026-03-31,2026q1,,2026-04-28,equities_parent_company_owners,382884000000.0,finance_balance_sheet_parent_current_only.csv,equities_parent_company_owners,quarterly_direct,identity_q1_or_ytd_diff,
601169.XSHG,parent_balance,2026-03-31,2026q1,,2026-04-28,retained_profit,123366000000.0,finance_balance_sheet_parent_current_only.csv,retained_profit,quarterly_direct,identity_q1_or_ytd_diff,
601169.XSHG,parent_balance,2026-03-31,2026q1,,2026-04-28,minority_interests,,finance_balance_sheet_parent_current_only.csv,minority_interests,,identity_q1_or_ytd_diff,missing_raw_value
601169.XSHG,parent_balance,2026-03-31,2026q1,,2026-04-28,total_owner_equities,382884000000.0,finance_balance_sheet_parent_current_only.csv,total_owner_equities,quarterly_direct,identity_q1_or_ytd_diff,
601169.XSHG,parent_balance,2026-03-31,2026q1,,2026-04-28,other_comprehensive_income,3389000000.0,finance_balance_sheet_parent_current_only.csv,other_comprehensive_income,quarterly_direct,identity_q1_or_ytd_diff,
601169.XSHG,parent_balance,2026-06-30,2026q2,,,deposit_in_ib,,,deposit_in_ib,,identity_q1_or_ytd_diff,outside_current_available_window
601169.XSHG,parent_balance,2026-06-30,2026q2,,,cash_equivalents,,,cash_equivalents,,identity_q1_or_ytd_diff,outside_current_available_window
601169.XSHG,parent_balance,2026-06-30,2026q2,,,deposit_client,,,deposit_client,,identity_q1_or_ytd_diff,outside_current_available_window
601169.XSHG,parent_balance,2026-06-30,2026q2,,,cash_in_cb,,,cash_in_cb,,identity_q1_or_ytd_diff,outside_current_available_window
601169.XSHG,parent_balance,2026-06-30,2026q2,,,settlement_provi,,,settlement_provi,,identity_q1_or_ytd_diff,outside_current_available_window
601169.XSHG,parent_balance,2026-06-30,2026q2,,,settlement_provi_client,,,settlement_provi_client,,identity_q1_or_ytd_diff,outside_current_available_window
601169.XSHG,parent_balance,2026-06-30,2026q2,,,lend_capital,,,lend_capital,,identity_q1_or_ytd_diff,outside_current_available_window
601169.XSHG,parent_balance,2026-06-30,2026q2,,,bought_sellback_assets,,,bought_sellback_assets,,identity_q1_or_ytd_diff,outside_current_available_window
601169.XSHG,parent_balance,2026-06-30,2026q2,,,interest_receivable,,,interest_receivable,,identity_q1_or_ytd_diff,outside_current_available_window
601169.XSHG,parent_balance,2026-06-30,2026q2,,,insurance_receivables,,,insurance_receivables,,identity_q1_or_ytd_diff,outside_current_available_window
601169.XSHG,parent_balance,2026-06-30,2026q2,,,loan_and_advance,,,loan_and_advance,,identity_q1_or_ytd_diff,outside_current_available_window
601169.XSHG,parent_balance,2026-06-30,2026q2,,,advance_payment,,,advance_payment,,identity_q1_or_ytd_diff,outside_current_available_window
601169.XSHG,parent_balance,2026-06-30,2026q2,,,hold_for_sale_assets,,,hold_for_sale_assets,,identity_q1_or_ytd_diff,outside_current_available_window
601169.XSHG,parent_balance,2026-06-30,2026q2,,,hold_to_maturity_investments,,,hold_to_maturity_investments,,identity_q1_or_ytd_diff,outside_current_available_window
601169.XSHG,parent_balance,2026-06-30,2026q2,,,longterm_equity_invest,,,longterm_equity_invest,,identity_q1_or_ytd_diff,outside_current_available_window
601169.XSHG,parent_balance,2026-06-30,2026q2,,,investment_property,,,investment_property,,identity_q1_or_ytd_diff,outside_current_available_window
601169.XSHG,parent_balance,2026-06-30,2026q2,,,inventories,,,inventories,,identity_q1_or_ytd_diff,outside_current_available_window
601169.XSHG,parent_balance,2026-06-30,2026q2,,,fixed_assets,,,fixed_assets,,identity_q1_or_ytd_diff,outside_current_available_window
601169.XSHG,parent_balance,2026-06-30,2026q2,,,constru_in_process,,,constru_in_process,,identity_q1_or_ytd_diff,outside_current_available_window
601169.XSHG,parent_balance,2026-06-30,2026q2,,,intangible_assets,,,intangible_assets,,identity_q1_or_ytd_diff,outside_current_available_window
601169.XSHG,parent_balance,2026-06-30,2026q2,,,long_deferred_expense,,,long_deferred_expense,,identity_q1_or_ytd_diff,outside_current_available_window
601169.XSHG,parent_balance,2026-06-30,2026q2,,,deferred_tax_assets,,,deferred_tax_assets,,identity_q1_or_ytd_diff,outside_current_available_window
601169.XSHG,parent_balance,2026-06-30,2026q2,,,other_asset,,,other_asset,,identity_q1_or_ytd_diff,outside_current_available_window
601169.XSHG,parent_balance,2026-06-30,2026q2,,,total_assets,,,total_assets,,identity_q1_or_ytd_diff,outside_current_available_window
601169.XSHG,parent_balance,2026-06-30,2026q2,,,borrowing_from_centralbank,,,borrowing_from_centralbank,,identity_q1_or_ytd_diff,outside_current_available_window
601169.XSHG,parent_balance,2026-06-30,2026q2,,,shortterm_loan,,,shortterm_loan,,identity_q1_or_ytd_diff,outside_current_available_window
601169.XSHG,parent_balance,2026-06-30,2026q2,,,borrowing_capital,,,borrowing_capital,,identity_q1_or_ytd_diff,outside_current_available_window
601169.XSHG,parent_balance,2026-06-30,2026q2,,,sold_buyback_secu_proceeds,,,sold_buyback_secu_proceeds,,identity_q1_or_ytd_diff,outside_current_available_window
601169.XSHG,parent_balance,2026-06-30,2026q2,,,proxy_secu_proceeds,,,proxy_secu_proceeds,,identity_q1_or_ytd_diff,outside_current_available_window
601169.XSHG,parent_balance,2026-06-30,2026q2,,,notes_payable,,,notes_payable,,identity_q1_or_ytd_diff,outside_current_available_window
601169.XSHG,parent_balance,2026-06-30,2026q2,,,advance_peceipts,,,advance_peceipts,,identity_q1_or_ytd_diff,outside_current_available_window
601169.XSHG,parent_balance,2026-06-30,2026q2,,,commission_payable,,,commission_payable,,identity_q1_or_ytd_diff,outside_current_available_window
601169.XSHG,parent_balance,2026-06-30,2026q2,,,salaries_payable,,,salaries_payable,,identity_q1_or_ytd_diff,outside_current_available_window
601169.XSHG,parent_balance,2026-06-30,2026q2,,,taxs_payable,,,taxs_payable,,identity_q1_or_ytd_diff,outside_current_available_window
601169.XSHG,parent_balance,2026-06-30,2026q2,,,interest_payable,,,interest_payable,,identity_q1_or_ytd_diff,outside_current_available_window
601169.XSHG,parent_balance,2026-06-30,2026q2,,,estimate_liability,,,estimate_liability,,identity_q1_or_ytd_diff,outside_current_available_window
601169.XSHG,parent_balance,2026-06-30,2026q2,,,longterm_loan,,,longterm_loan,,identity_q1_or_ytd_diff,outside_current_available_window
601169.XSHG,parent_balance,2026-06-30,2026q2,,,bonds_payable,,,bonds_payable,,identity_q1_or_ytd_diff,outside_current_available_window
601169.XSHG,parent_balance,2026-06-30,2026q2,,,deferred_tax_liability,,,deferred_tax_liability,,identity_q1_or_ytd_diff,outside_current_available_window
601169.XSHG,parent_balance,2026-06-30,2026q2,,,other_liability,,,other_liability,,identity_q1_or_ytd_diff,outside_current_available_window
601169.XSHG,parent_balance,2026-06-30,2026q2,,,total_liability,,,total_liability,,identity_q1_or_ytd_diff,outside_current_available_window
601169.XSHG,parent_balance,2026-06-30,2026q2,,,paidin_capital,,,paidin_capital,,identity_q1_or_ytd_diff,outside_current_available_window
601169.XSHG,parent_balance,2026-06-30,2026q2,,,capital_reserve_fund,,,capital_reserve_fund,,identity_q1_or_ytd_diff,outside_current_available_window
601169.XSHG,parent_balance,2026-06-30,2026q2,,,treasury_stock,,,treasury_stock,,identity_q1_or_ytd_diff,outside_current_available_window
601169.XSHG,parent_balance,2026-06-30,2026q2,,,surplus_reserve_fund,,,surplus_reserve_fund,,identity_q1_or_ytd_diff,outside_current_available_window
601169.XSHG,parent_balance,2026-06-30,2026q2,,,equities_parent_company_owners,,,equities_parent_company_owners,,identity_q1_or_ytd_diff,outside_current_available_window
601169.XSHG,parent_balance,2026-06-30,2026q2,,,retained_profit,,,retained_profit,,identity_q1_or_ytd_diff,outside_current_available_window
601169.XSHG,parent_balance,2026-06-30,2026q2,,,minority_interests,,,minority_interests,,identity_q1_or_ytd_diff,outside_current_available_window
601169.XSHG,parent_balance,2026-06-30,2026q2,,,total_owner_equities,,,total_owner_equities,,identity_q1_or_ytd_diff,outside_current_available_window
601169.XSHG,parent_balance,2026-06-30,2026q2,,,other_comprehensive_income,,,other_comprehensive_income,,identity_q1_or_ytd_diff,outside_current_available_window
601169.XSHG,parent_balance,2026-09-30,2026q3,,,deposit_in_ib,,,deposit_in_ib,,identity_q1_or_ytd_diff,outside_current_available_window
601169.XSHG,parent_balance,2026-09-30,2026q3,,,cash_equivalents,,,cash_equivalents,,identity_q1_or_ytd_diff,outside_current_available_window
601169.XSHG,parent_balance,2026-09-30,2026q3,,,deposit_client,,,deposit_client,,identity_q1_or_ytd_diff,outside_current_available_window
601169.XSHG,parent_balance,2026-09-30,2026q3,,,cash_in_cb,,,cash_in_cb,,identity_q1_or_ytd_diff,outside_current_available_window
601169.XSHG,parent_balance,2026-09-30,2026q3,,,settlement_provi,,,settlement_provi,,identity_q1_or_ytd_diff,outside_current_available_window
601169.XSHG,parent_balance,2026-09-30,2026q3,,,settlement_provi_client,,,settlement_provi_client,,identity_q1_or_ytd_diff,outside_current_available_window
601169.XSHG,parent_balance,2026-09-30,2026q3,,,lend_capital,,,lend_capital,,identity_q1_or_ytd_diff,outside_current_available_window
601169.XSHG,parent_balance,2026-09-30,2026q3,,,bought_sellback_assets,,,bought_sellback_assets,,identity_q1_or_ytd_diff,outside_current_available_window
601169.XSHG,parent_balance,2026-09-30,2026q3,,,interest_receivable,,,interest_receivable,,identity_q1_or_ytd_diff,outside_current_available_window
601169.XSHG,parent_balance,2026-09-30,2026q3,,,insurance_receivables,,,insurance_receivables,,identity_q1_or_ytd_diff,outside_current_available_window
601169.XSHG,parent_balance,2026-09-30,2026q3,,,loan_and_advance,,,loan_and_advance,,identity_q1_or_ytd_diff,outside_current_available_window
601169.XSHG,parent_balance,2026-09-30,2026q3,,,advance_payment,,,advance_payment,,identity_q1_or_ytd_diff,outside_current_available_window
601169.XSHG,parent_balance,2026-09-30,2026q3,,,hold_for_sale_assets,,,hold_for_sale_assets,,identity_q1_or_ytd_diff,outside_current_available_window
601169.XSHG,parent_balance,2026-09-30,2026q3,,,hold_to_maturity_investments,,,hold_to_maturity_investments,,identity_q1_or_ytd_diff,outside_current_available_window
601169.XSHG,parent_balance,2026-09-30,2026q3,,,longterm_equity_invest,,,longterm_equity_invest,,identity_q1_or_ytd_diff,outside_current_available_window
601169.XSHG,parent_balance,2026-09-30,2026q3,,,investment_property,,,investment_property,,identity_q1_or_ytd_diff,outside_current_available_window
601169.XSHG,parent_balance,2026-09-30,2026q3,,,inventories,,,inventories,,identity_q1_or_ytd_diff,outside_current_available_window
601169.XSHG,parent_balance,2026-09-30,2026q3,,,fixed_assets,,,fixed_assets,,identity_q1_or_ytd_diff,outside_current_available_window
601169.XSHG,parent_balance,2026-09-30,2026q3,,,constru_in_process,,,constru_in_process,,identity_q1_or_ytd_diff,outside_current_available_window
601169.XSHG,parent_balance,2026-09-30,2026q3,,,intangible_assets,,,intangible_assets,,identity_q1_or_ytd_diff,outside_current_available_window
601169.XSHG,parent_balance,2026-09-30,2026q3,,,long_deferred_expense,,,long_deferred_expense,,identity_q1_or_ytd_diff,outside_current_available_window
601169.XSHG,parent_balance,2026-09-30,2026q3,,,deferred_tax_assets,,,deferred_tax_assets,,identity_q1_or_ytd_diff,outside_current_available_window
601169.XSHG,parent_balance,2026-09-30,2026q3,,,other_asset,,,other_asset,,identity_q1_or_ytd_diff,outside_current_available_window
601169.XSHG,parent_balance,2026-09-30,2026q3,,,total_assets,,,total_assets,,identity_q1_or_ytd_diff,outside_current_available_window
601169.XSHG,parent_balance,2026-09-30,2026q3,,,borrowing_from_centralbank,,,borrowing_from_centralbank,,identity_q1_or_ytd_diff,outside_current_available_window
601169.XSHG,parent_balance,2026-09-30,2026q3,,,shortterm_loan,,,shortterm_loan,,identity_q1_or_ytd_diff,outside_current_available_window
601169.XSHG,parent_balance,2026-09-30,2026q3,,,borrowing_capital,,,borrowing_capital,,identity_q1_or_ytd_diff,outside_current_available_window
601169.XSHG,parent_balance,2026-09-30,2026q3,,,sold_buyback_secu_proceeds,,,sold_buyback_secu_proceeds,,identity_q1_or_ytd_diff,outside_current_available_window
601169.XSHG,parent_balance,2026-09-30,2026q3,,,proxy_secu_proceeds,,,proxy_secu_proceeds,,identity_q1_or_ytd_diff,outside_current_available_window
601169.XSHG,parent_balance,2026-09-30,2026q3,,,notes_payable,,,notes_payable,,identity_q1_or_ytd_diff,outside_current_available_window
601169.XSHG,parent_balance,2026-09-30,2026q3,,,advance_peceipts,,,advance_peceipts,,identity_q1_or_ytd_diff,outside_current_available_window
601169.XSHG,parent_balance,2026-09-30,2026q3,,,commission_payable,,,commission_payable,,identity_q1_or_ytd_diff,outside_current_available_window
601169.XSHG,parent_balance,2026-09-30,2026q3,,,salaries_payable,,,salaries_payable,,identity_q1_or_ytd_diff,outside_current_available_window
601169.XSHG,parent_balance,2026-09-30,2026q3,,,taxs_payable,,,taxs_payable,,identity_q1_or_ytd_diff,outside_current_available_window
601169.XSHG,parent_balance,2026-09-30,2026q3,,,interest_payable,,,interest_payable,,identity_q1_or_ytd_diff,outside_current_available_window
601169.XSHG,parent_balance,2026-09-30,2026q3,,,estimate_liability,,,estimate_liability,,identity_q1_or_ytd_diff,outside_current_available_window
601169.XSHG,parent_balance,2026-09-30,2026q3,,,longterm_loan,,,longterm_loan,,identity_q1_or_ytd_diff,outside_current_available_window
601169.XSHG,parent_balance,2026-09-30,2026q3,,,bonds_payable,,,bonds_payable,,identity_q1_or_ytd_diff,outside_current_available_window
601169.XSHG,parent_balance,2026-09-30,2026q3,,,deferred_tax_liability,,,deferred_tax_liability,,identity_q1_or_ytd_diff,outside_current_available_window
601169.XSHG,parent_balance,2026-09-30,2026q3,,,other_liability,,,other_liability,,identity_q1_or_ytd_diff,outside_current_available_window
601169.XSHG,parent_balance,2026-09-30,2026q3,,,total_liability,,,total_liability,,identity_q1_or_ytd_diff,outside_current_available_window
601169.XSHG,parent_balance,2026-09-30,2026q3,,,paidin_capital,,,paidin_capital,,identity_q1_or_ytd_diff,outside_current_available_window
601169.XSHG,parent_balance,2026-09-30,2026q3,,,capital_reserve_fund,,,capital_reserve_fund,,identity_q1_or_ytd_diff,outside_current_available_window
601169.XSHG,parent_balance,2026-09-30,2026q3,,,treasury_stock,,,treasury_stock,,identity_q1_or_ytd_diff,outside_current_available_window
601169.XSHG,parent_balance,2026-09-30,2026q3,,,surplus_reserve_fund,,,surplus_reserve_fund,,identity_q1_or_ytd_diff,outside_current_available_window
601169.XSHG,parent_balance,2026-09-30,2026q3,,,equities_parent_company_owners,,,equities_parent_company_owners,,identity_q1_or_ytd_diff,outside_current_available_window
601169.XSHG,parent_balance,2026-09-30,2026q3,,,retained_profit,,,retained_profit,,identity_q1_or_ytd_diff,outside_current_available_window
601169.XSHG,parent_balance,2026-09-30,2026q3,,,minority_interests,,,minority_interests,,identity_q1_or_ytd_diff,outside_current_available_window
601169.XSHG,parent_balance,2026-09-30,2026q3,,,total_owner_equities,,,total_owner_equities,,identity_q1_or_ytd_diff,outside_current_available_window
601169.XSHG,parent_balance,2026-09-30,2026q3,,,other_comprehensive_income,,,other_comprehensive_income,,identity_q1_or_ytd_diff,outside_current_available_window
601169.XSHG,parent_balance,2026-12-31,2026q4,,,deposit_in_ib,,,deposit_in_ib,,identity_q1_or_ytd_diff,outside_current_available_window
601169.XSHG,parent_balance,2026-12-31,2026q4,,,cash_equivalents,,,cash_equivalents,,identity_q1_or_ytd_diff,outside_current_available_window
601169.XSHG,parent_balance,2026-12-31,2026q4,,,deposit_client,,,deposit_client,,identity_q1_or_ytd_diff,outside_current_available_window
601169.XSHG,parent_balance,2026-12-31,2026q4,,,cash_in_cb,,,cash_in_cb,,identity_q1_or_ytd_diff,outside_current_available_window
601169.XSHG,parent_balance,2026-12-31,2026q4,,,settlement_provi,,,settlement_provi,,identity_q1_or_ytd_diff,outside_current_available_window
601169.XSHG,parent_balance,2026-12-31,2026q4,,,settlement_provi_client,,,settlement_provi_client,,identity_q1_or_ytd_diff,outside_current_available_window
601169.XSHG,parent_balance,2026-12-31,2026q4,,,lend_capital,,,lend_capital,,identity_q1_or_ytd_diff,outside_current_available_window
601169.XSHG,parent_balance,2026-12-31,2026q4,,,bought_sellback_assets,,,bought_sellback_assets,,identity_q1_or_ytd_diff,outside_current_available_window
601169.XSHG,parent_balance,2026-12-31,2026q4,,,interest_receivable,,,interest_receivable,,identity_q1_or_ytd_diff,outside_current_available_window
601169.XSHG,parent_balance,2026-12-31,2026q4,,,insurance_receivables,,,insurance_receivables,,identity_q1_or_ytd_diff,outside_current_available_window
601169.XSHG,parent_balance,2026-12-31,2026q4,,,loan_and_advance,,,loan_and_advance,,identity_q1_or_ytd_diff,outside_current_available_window
601169.XSHG,parent_balance,2026-12-31,2026q4,,,advance_payment,,,advance_payment,,identity_q1_or_ytd_diff,outside_current_available_window
601169.XSHG,parent_balance,2026-12-31,2026q4,,,hold_for_sale_assets,,,hold_for_sale_assets,,identity_q1_or_ytd_diff,outside_current_available_window
601169.XSHG,parent_balance,2026-12-31,2026q4,,,hold_to_maturity_investments,,,hold_to_maturity_investments,,identity_q1_or_ytd_diff,outside_current_available_window
601169.XSHG,parent_balance,2026-12-31,2026q4,,,longterm_equity_invest,,,longterm_equity_invest,,identity_q1_or_ytd_diff,outside_current_available_window
601169.XSHG,parent_balance,2026-12-31,2026q4,,,investment_property,,,investment_property,,identity_q1_or_ytd_diff,outside_current_available_window
601169.XSHG,parent_balance,2026-12-31,2026q4,,,inventories,,,inventories,,identity_q1_or_ytd_diff,outside_current_available_window
601169.XSHG,parent_balance,2026-12-31,2026q4,,,fixed_assets,,,fixed_assets,,identity_q1_or_ytd_diff,outside_current_available_window
601169.XSHG,parent_balance,2026-12-31,2026q4,,,constru_in_process,,,constru_in_process,,identity_q1_or_ytd_diff,outside_current_available_window
601169.XSHG,parent_balance,2026-12-31,2026q4,,,intangible_assets,,,intangible_assets,,identity_q1_or_ytd_diff,outside_current_available_window
601169.XSHG,parent_balance,2026-12-31,2026q4,,,long_deferred_expense,,,long_deferred_expense,,identity_q1_or_ytd_diff,outside_current_available_window
601169.XSHG,parent_balance,2026-12-31,2026q4,,,deferred_tax_assets,,,deferred_tax_assets,,identity_q1_or_ytd_diff,outside_current_available_window
601169.XSHG,parent_balance,2026-12-31,2026q4,,,other_asset,,,other_asset,,identity_q1_or_ytd_diff,outside_current_available_window
601169.XSHG,parent_balance,2026-12-31,2026q4,,,total_assets,,,total_assets,,identity_q1_or_ytd_diff,outside_current_available_window
601169.XSHG,parent_balance,2026-12-31,2026q4,,,borrowing_from_centralbank,,,borrowing_from_centralbank,,identity_q1_or_ytd_diff,outside_current_available_window
601169.XSHG,parent_balance,2026-12-31,2026q4,,,shortterm_loan,,,shortterm_loan,,identity_q1_or_ytd_diff,outside_current_available_window
601169.XSHG,parent_balance,2026-12-31,2026q4,,,borrowing_capital,,,borrowing_capital,,identity_q1_or_ytd_diff,outside_current_available_window
601169.XSHG,parent_balance,2026-12-31,2026q4,,,sold_buyback_secu_proceeds,,,sold_buyback_secu_proceeds,,identity_q1_or_ytd_diff,outside_current_available_window
601169.XSHG,parent_balance,2026-12-31,2026q4,,,proxy_secu_proceeds,,,proxy_secu_proceeds,,identity_q1_or_ytd_diff,outside_current_available_window
601169.XSHG,parent_balance,2026-12-31,2026q4,,,notes_payable,,,notes_payable,,identity_q1_or_ytd_diff,outside_current_available_window
601169.XSHG,parent_balance,2026-12-31,2026q4,,,advance_peceipts,,,advance_peceipts,,identity_q1_or_ytd_diff,outside_current_available_window
601169.XSHG,parent_balance,2026-12-31,2026q4,,,commission_payable,,,commission_payable,,identity_q1_or_ytd_diff,outside_current_available_window
601169.XSHG,parent_balance,2026-12-31,2026q4,,,salaries_payable,,,salaries_payable,,identity_q1_or_ytd_diff,outside_current_available_window
601169.XSHG,parent_balance,2026-12-31,2026q4,,,taxs_payable,,,taxs_payable,,identity_q1_or_ytd_diff,outside_current_available_window
601169.XSHG,parent_balance,2026-12-31,2026q4,,,interest_payable,,,interest_payable,,identity_q1_or_ytd_diff,outside_current_available_window
601169.XSHG,parent_balance,2026-12-31,2026q4,,,estimate_liability,,,estimate_liability,,identity_q1_or_ytd_diff,outside_current_available_window
601169.XSHG,parent_balance,2026-12-31,2026q4,,,longterm_loan,,,longterm_loan,,identity_q1_or_ytd_diff,outside_current_available_window
601169.XSHG,parent_balance,2026-12-31,2026q4,,,bonds_payable,,,bonds_payable,,identity_q1_or_ytd_diff,outside_current_available_window
601169.XSHG,parent_balance,2026-12-31,2026q4,,,deferred_tax_liability,,,deferred_tax_liability,,identity_q1_or_ytd_diff,outside_current_available_window
601169.XSHG,parent_balance,2026-12-31,2026q4,,,other_liability,,,other_liability,,identity_q1_or_ytd_diff,outside_current_available_window
601169.XSHG,parent_balance,2026-12-31,2026q4,,,total_liability,,,total_liability,,identity_q1_or_ytd_diff,outside_current_available_window
601169.XSHG,parent_balance,2026-12-31,2026q4,,,paidin_capital,,,paidin_capital,,identity_q1_or_ytd_diff,outside_current_available_window
601169.XSHG,parent_balance,2026-12-31,2026q4,,,capital_reserve_fund,,,capital_reserve_fund,,identity_q1_or_ytd_diff,outside_current_available_window
601169.XSHG,parent_balance,2026-12-31,2026q4,,,treasury_stock,,,treasury_stock,,identity_q1_or_ytd_diff,outside_current_available_window
601169.XSHG,parent_balance,2026-12-31,2026q4,,,surplus_reserve_fund,,,surplus_reserve_fund,,identity_q1_or_ytd_diff,outside_current_available_window
601169.XSHG,parent_balance,2026-12-31,2026q4,,,equities_parent_company_owners,,,equities_parent_company_owners,,identity_q1_or_ytd_diff,outside_current_available_window
601169.XSHG,parent_balance,2026-12-31,2026q4,,,retained_profit,,,retained_profit,,identity_q1_or_ytd_diff,outside_current_available_window
601169.XSHG,parent_balance,2026-12-31,2026q4,,,minority_interests,,,minority_interests,,identity_q1_or_ytd_diff,outside_current_available_window
601169.XSHG,parent_balance,2026-12-31,2026q4,,,total_owner_equities,,,total_owner_equities,,identity_q1_or_ytd_diff,outside_current_available_window
601169.XSHG,parent_balance,2026-12-31,2026q4,,,other_comprehensive_income,,,other_comprehensive_income,,identity_q1_or_ytd_diff,outside_current_available_window
