code,statement_family,report_period_end,quarter_key,year_key,pub_date,standard_field_name,standard_value,source_table,source_field,period_basis,transformation_rule,missing_reason
000001.XSHE,indicator,2014-03-31,2014q1,,2014-04-24,eps,0.5308,indicator.csv,eps,quarterly_direct,identity_q1_or_ytd_diff,
000001.XSHE,indicator,2014-03-31,2014q1,,2014-04-24,adjusted_profit,5065000000.0,indicator.csv,adjusted_profit,quarterly_direct,identity_q1_or_ytd_diff,
000001.XSHE,indicator,2014-03-31,2014q1,,2014-04-24,operating_profit,7479000000.0,indicator.csv,operating_profit,quarterly_direct,identity_q1_or_ytd_diff,
000001.XSHE,indicator,2014-03-31,2014q1,,2014-04-24,value_change_profit,1300000000.0,indicator.csv,value_change_profit,quarterly_direct,identity_q1_or_ytd_diff,
000001.XSHE,indicator,2014-03-31,2014q1,,2014-04-24,roe,4.41,indicator.csv,roe,quarterly_direct,identity_q1_or_ytd_diff,
000001.XSHE,indicator,2014-03-31,2014q1,,2014-04-24,inc_return,4.42,indicator.csv,inc_return,quarterly_direct,identity_q1_or_ytd_diff,
000001.XSHE,indicator,2014-03-31,2014q1,,2014-04-24,roa,0.25,indicator.csv,roa,quarterly_direct,identity_q1_or_ytd_diff,
000001.XSHE,indicator,2014-03-31,2014q1,,2014-04-24,net_profit_margin,31.39,indicator.csv,net_profit_margin,quarterly_direct,identity_q1_or_ytd_diff,
000001.XSHE,indicator,2014-03-31,2014q1,,2014-04-24,gross_profit_margin,,indicator.csv,gross_profit_margin,,identity_q1_or_ytd_diff,missing_raw_value
000001.XSHE,indicator,2014-03-31,2014q1,,2014-04-24,expense_to_total_revenue,45.47,indicator.csv,expense_to_total_revenue,quarterly_direct,identity_q1_or_ytd_diff,
000001.XSHE,indicator,2014-03-31,2014q1,,2014-04-24,operation_profit_to_total_revenue,41.69,indicator.csv,operation_profit_to_total_revenue,quarterly_direct,identity_q1_or_ytd_diff,
000001.XSHE,indicator,2014-03-31,2014q1,,2014-04-24,net_profit_to_total_revenue,31.39,indicator.csv,net_profit_to_total_revenue,quarterly_direct,identity_q1_or_ytd_diff,
000001.XSHE,indicator,2014-03-31,2014q1,,2014-04-24,operating_expense_to_total_revenue,,indicator.csv,operating_expense_to_total_revenue,,identity_q1_or_ytd_diff,missing_raw_value
000001.XSHE,indicator,2014-03-31,2014q1,,2014-04-24,ga_expense_to_total_revenue,37.65,indicator.csv,ga_expense_to_total_revenue,quarterly_direct,identity_q1_or_ytd_diff,
000001.XSHE,indicator,2014-03-31,2014q1,,2014-04-24,financing_expense_to_total_revenue,,indicator.csv,financing_expense_to_total_revenue,,identity_q1_or_ytd_diff,missing_raw_value
000001.XSHE,indicator,2014-03-31,2014q1,,2014-04-24,operating_profit_to_profit,111.68,indicator.csv,operating_profit_to_profit,quarterly_direct,identity_q1_or_ytd_diff,
000001.XSHE,indicator,2014-03-31,2014q1,,2014-04-24,invesment_profit_to_profit,19.41,indicator.csv,invesment_profit_to_profit,quarterly_direct,identity_q1_or_ytd_diff,
000001.XSHE,indicator,2014-03-31,2014q1,,2014-04-24,adjusted_profit_to_profit,100.22,indicator.csv,adjusted_profit_to_profit,quarterly_direct,identity_q1_or_ytd_diff,
000001.XSHE,indicator,2014-03-31,2014q1,,2014-04-24,goods_sale_and_service_to_revenue,,indicator.csv,goods_sale_and_service_to_revenue,,identity_q1_or_ytd_diff,missing_raw_value
000001.XSHE,indicator,2014-03-31,2014q1,,2014-04-24,ocf_to_revenue,373.27,indicator.csv,ocf_to_revenue,quarterly_direct,identity_q1_or_ytd_diff,
000001.XSHE,indicator,2014-03-31,2014q1,,2014-04-24,ocf_to_operating_profit,803.54,indicator.csv,ocf_to_operating_profit,quarterly_direct,identity_q1_or_ytd_diff,
000001.XSHE,indicator,2014-03-31,2014q1,,2014-04-24,inc_total_revenue_year_on_year,49.05,indicator.csv,inc_total_revenue_year_on_year,quarterly_direct,identity_q1_or_ytd_diff,
000001.XSHE,indicator,2014-03-31,2014q1,,2014-04-24,inc_total_revenue_annual,8.46,indicator.csv,inc_total_revenue_annual,quarterly_direct,identity_q1_or_ytd_diff,
000001.XSHE,indicator,2014-03-31,2014q1,,2014-04-24,inc_revenue_year_on_year,49.05,indicator.csv,inc_revenue_year_on_year,quarterly_direct,identity_q1_or_ytd_diff,
000001.XSHE,indicator,2014-03-31,2014q1,,2014-04-24,inc_revenue_annual,8.46,indicator.csv,inc_revenue_annual,quarterly_direct,identity_q1_or_ytd_diff,
000001.XSHE,indicator,2014-03-31,2014q1,,2014-04-24,inc_operation_profit_year_on_year,42.29,indicator.csv,inc_operation_profit_year_on_year,quarterly_direct,identity_q1_or_ytd_diff,
000001.XSHE,indicator,2014-03-31,2014q1,,2014-04-24,inc_operation_profit_annual,44.41,indicator.csv,inc_operation_profit_annual,quarterly_direct,identity_q1_or_ytd_diff,
000001.XSHE,indicator,2014-03-31,2014q1,,2014-04-24,inc_net_profit_year_on_year,40.82,indicator.csv,inc_net_profit_year_on_year,quarterly_direct,identity_q1_or_ytd_diff,
000001.XSHE,indicator,2014-03-31,2014q1,,2014-04-24,inc_net_profit_annual,42.97,indicator.csv,inc_net_profit_annual,quarterly_direct,identity_q1_or_ytd_diff,
000001.XSHE,indicator,2014-03-31,2014q1,,2014-04-24,inc_net_profit_to_shareholders_year_on_year,40.82,indicator.csv,inc_net_profit_to_shareholders_year_on_year,quarterly_direct,identity_q1_or_ytd_diff,
000001.XSHE,indicator,2014-03-31,2014q1,,2014-04-24,inc_net_profit_to_shareholders_annual,42.97,indicator.csv,inc_net_profit_to_shareholders_annual,quarterly_direct,identity_q1_or_ytd_diff,
000001.XSHE,indicator,2014-06-30,2014q2,,2014-08-14,eps,0.4392,indicator.csv,eps,quarterly_direct,identity_q1_or_ytd_diff,
000001.XSHE,indicator,2014-06-30,2014q2,,2014-08-14,adjusted_profit,5020000000.0,indicator.csv,adjusted_profit,quarterly_direct,identity_q1_or_ytd_diff,
000001.XSHE,indicator,2014-06-30,2014q2,,2014-08-14,operating_profit,9197000000.0,indicator.csv,operating_profit,quarterly_direct,identity_q1_or_ytd_diff,
000001.XSHE,indicator,2014-06-30,2014q2,,2014-08-14,value_change_profit,1021000000.0,indicator.csv,value_change_profit,quarterly_direct,identity_q1_or_ytd_diff,
000001.XSHE,indicator,2014-06-30,2014q2,,2014-08-14,roe,4.21,indicator.csv,roe,quarterly_direct,identity_q1_or_ytd_diff,
000001.XSHE,indicator,2014-06-30,2014q2,,2014-08-14,inc_return,4.21,indicator.csv,inc_return,quarterly_direct,identity_q1_or_ytd_diff,
000001.XSHE,indicator,2014-06-30,2014q2,,2014-08-14,roa,0.24,indicator.csv,roa,quarterly_direct,identity_q1_or_ytd_diff,
000001.XSHE,indicator,2014-06-30,2014q2,,2014-08-14,net_profit_margin,26.93,indicator.csv,net_profit_margin,quarterly_direct,identity_q1_or_ytd_diff,
000001.XSHE,indicator,2014-06-30,2014q2,,2014-08-14,gross_profit_margin,,indicator.csv,gross_profit_margin,,identity_q1_or_ytd_diff,missing_raw_value
000001.XSHE,indicator,2014-06-30,2014q2,,2014-08-14,expense_to_total_revenue,45.16,indicator.csv,expense_to_total_revenue,quarterly_direct,identity_q1_or_ytd_diff,
000001.XSHE,indicator,2014-06-30,2014q2,,2014-08-14,operation_profit_to_total_revenue,35.6,indicator.csv,operation_profit_to_total_revenue,quarterly_direct,identity_q1_or_ytd_diff,
000001.XSHE,indicator,2014-06-30,2014q2,,2014-08-14,net_profit_to_total_revenue,26.93,indicator.csv,net_profit_to_total_revenue,quarterly_direct,identity_q1_or_ytd_diff,
000001.XSHE,indicator,2014-06-30,2014q2,,2014-08-14,operating_expense_to_total_revenue,,indicator.csv,operating_expense_to_total_revenue,,identity_q1_or_ytd_diff,missing_raw_value
000001.XSHE,indicator,2014-06-30,2014q2,,2014-08-14,ga_expense_to_total_revenue,37.53,indicator.csv,ga_expense_to_total_revenue,quarterly_direct,identity_q1_or_ytd_diff,
000001.XSHE,indicator,2014-06-30,2014q2,,2014-08-14,financing_expense_to_total_revenue,,indicator.csv,financing_expense_to_total_revenue,,identity_q1_or_ytd_diff,missing_raw_value
000001.XSHE,indicator,2014-06-30,2014q2,,2014-08-14,operating_profit_to_profit,138.7,indicator.csv,operating_profit_to_profit,quarterly_direct,identity_q1_or_ytd_diff,
000001.XSHE,indicator,2014-06-30,2014q2,,2014-08-14,invesment_profit_to_profit,15.4,indicator.csv,invesment_profit_to_profit,quarterly_direct,identity_q1_or_ytd_diff,
000001.XSHE,indicator,2014-06-30,2014q2,,2014-08-14,adjusted_profit_to_profit,100.04,indicator.csv,adjusted_profit_to_profit,quarterly_direct,identity_q1_or_ytd_diff,
000001.XSHE,indicator,2014-06-30,2014q2,,2014-08-14,goods_sale_and_service_to_revenue,,indicator.csv,goods_sale_and_service_to_revenue,,identity_q1_or_ytd_diff,missing_raw_value
000001.XSHE,indicator,2014-06-30,2014q2,,2014-08-14,ocf_to_revenue,-35.81,indicator.csv,ocf_to_revenue,quarterly_direct,identity_q1_or_ytd_diff,
000001.XSHE,indicator,2014-06-30,2014q2,,2014-08-14,ocf_to_operating_profit,-72.56,indicator.csv,ocf_to_operating_profit,quarterly_direct,identity_q1_or_ytd_diff,
000001.XSHE,indicator,2014-06-30,2014q2,,2014-08-14,inc_total_revenue_year_on_year,47.6,indicator.csv,inc_total_revenue_year_on_year,quarterly_direct,identity_q1_or_ytd_diff,
000001.XSHE,indicator,2014-06-30,2014q2,,2014-08-14,inc_total_revenue_annual,15.73,indicator.csv,inc_total_revenue_annual,quarterly_direct,identity_q1_or_ytd_diff,
000001.XSHE,indicator,2014-06-30,2014q2,,2014-08-14,inc_revenue_year_on_year,47.6,indicator.csv,inc_revenue_year_on_year,quarterly_direct,identity_q1_or_ytd_diff,
000001.XSHE,indicator,2014-06-30,2014q2,,2014-08-14,inc_revenue_annual,15.73,indicator.csv,inc_revenue_annual,quarterly_direct,identity_q1_or_ytd_diff,
000001.XSHE,indicator,2014-06-30,2014q2,,2014-08-14,inc_operation_profit_year_on_year,28.12,indicator.csv,inc_operation_profit_year_on_year,quarterly_direct,identity_q1_or_ytd_diff,
000001.XSHE,indicator,2014-06-30,2014q2,,2014-08-14,inc_operation_profit_annual,-1.18,indicator.csv,inc_operation_profit_annual,quarterly_direct,identity_q1_or_ytd_diff,
000001.XSHE,indicator,2014-06-30,2014q2,,2014-08-14,inc_net_profit_year_on_year,27.3,indicator.csv,inc_net_profit_year_on_year,quarterly_direct,identity_q1_or_ytd_diff,
000001.XSHE,indicator,2014-06-30,2014q2,,2014-08-14,inc_net_profit_annual,-0.71,indicator.csv,inc_net_profit_annual,quarterly_direct,identity_q1_or_ytd_diff,
000001.XSHE,indicator,2014-06-30,2014q2,,2014-08-14,inc_net_profit_to_shareholders_year_on_year,27.3,indicator.csv,inc_net_profit_to_shareholders_year_on_year,quarterly_direct,identity_q1_or_ytd_diff,
000001.XSHE,indicator,2014-06-30,2014q2,,2014-08-14,inc_net_profit_to_shareholders_annual,-0.71,indicator.csv,inc_net_profit_to_shareholders_annual,quarterly_direct,identity_q1_or_ytd_diff,
000001.XSHE,indicator,2014-09-30,2014q3,,2014-10-24,eps,0.49,indicator.csv,eps,quarterly_direct,identity_q1_or_ytd_diff,
000001.XSHE,indicator,2014-09-30,2014q3,,2014-10-24,adjusted_profit,5626000000.0,indicator.csv,adjusted_profit,quarterly_direct,identity_q1_or_ytd_diff,
000001.XSHE,indicator,2014-09-30,2014q3,,2014-10-24,operating_profit,10517000000.0,indicator.csv,operating_profit,quarterly_direct,identity_q1_or_ytd_diff,
000001.XSHE,indicator,2014-09-30,2014q3,,2014-10-24,value_change_profit,958000000.0,indicator.csv,value_change_profit,quarterly_direct,identity_q1_or_ytd_diff,
000001.XSHE,indicator,2014-09-30,2014q3,,2014-10-24,roe,4.54,indicator.csv,roe,quarterly_direct,identity_q1_or_ytd_diff,
000001.XSHE,indicator,2014-09-30,2014q3,,2014-10-24,inc_return,4.54,indicator.csv,inc_return,quarterly_direct,identity_q1_or_ytd_diff,
000001.XSHE,indicator,2014-09-30,2014q3,,2014-10-24,roa,0.26,indicator.csv,roa,quarterly_direct,identity_q1_or_ytd_diff,
000001.XSHE,indicator,2014-09-30,2014q3,,2014-10-24,net_profit_margin,28.23,indicator.csv,net_profit_margin,quarterly_direct,identity_q1_or_ytd_diff,
000001.XSHE,indicator,2014-09-30,2014q3,,2014-10-24,gross_profit_margin,,indicator.csv,gross_profit_margin,,identity_q1_or_ytd_diff,missing_raw_value
000001.XSHE,indicator,2014-09-30,2014q3,,2014-10-24,expense_to_total_revenue,42.39,indicator.csv,expense_to_total_revenue,quarterly_direct,identity_q1_or_ytd_diff,
000001.XSHE,indicator,2014-09-30,2014q3,,2014-10-24,operation_profit_to_total_revenue,37.28,indicator.csv,operation_profit_to_total_revenue,quarterly_direct,identity_q1_or_ytd_diff,
000001.XSHE,indicator,2014-09-30,2014q3,,2014-10-24,net_profit_to_total_revenue,28.23,indicator.csv,net_profit_to_total_revenue,quarterly_direct,identity_q1_or_ytd_diff,
000001.XSHE,indicator,2014-09-30,2014q3,,2014-10-24,operating_expense_to_total_revenue,,indicator.csv,operating_expense_to_total_revenue,,identity_q1_or_ytd_diff,missing_raw_value
000001.XSHE,indicator,2014-09-30,2014q3,,2014-10-24,ga_expense_to_total_revenue,35.15,indicator.csv,ga_expense_to_total_revenue,quarterly_direct,identity_q1_or_ytd_diff,
000001.XSHE,indicator,2014-09-30,2014q3,,2014-10-24,financing_expense_to_total_revenue,,indicator.csv,financing_expense_to_total_revenue,,identity_q1_or_ytd_diff,missing_raw_value
000001.XSHE,indicator,2014-09-30,2014q3,,2014-10-24,operating_profit_to_profit,141.74,indicator.csv,operating_profit_to_profit,quarterly_direct,identity_q1_or_ytd_diff,
000001.XSHE,indicator,2014-09-30,2014q3,,2014-10-24,invesment_profit_to_profit,12.91,indicator.csv,invesment_profit_to_profit,quarterly_direct,identity_q1_or_ytd_diff,
000001.XSHE,indicator,2014-09-30,2014q3,,2014-10-24,adjusted_profit_to_profit,100.07,indicator.csv,adjusted_profit_to_profit,quarterly_direct,identity_q1_or_ytd_diff,
000001.XSHE,indicator,2014-09-30,2014q3,,2014-10-24,goods_sale_and_service_to_revenue,,indicator.csv,goods_sale_and_service_to_revenue,,identity_q1_or_ytd_diff,missing_raw_value
000001.XSHE,indicator,2014-09-30,2014q3,,2014-10-24,ocf_to_revenue,-293.87,indicator.csv,ocf_to_revenue,quarterly_direct,identity_q1_or_ytd_diff,
000001.XSHE,indicator,2014-09-30,2014q3,,2014-10-24,ocf_to_operating_profit,-556.56,indicator.csv,ocf_to_operating_profit,quarterly_direct,identity_q1_or_ytd_diff,
000001.XSHE,indicator,2014-09-30,2014q3,,2014-10-24,inc_total_revenue_year_on_year,43.1,indicator.csv,inc_total_revenue_year_on_year,quarterly_direct,identity_q1_or_ytd_diff,
000001.XSHE,indicator,2014-09-30,2014q3,,2014-10-24,inc_total_revenue_annual,6.9,indicator.csv,inc_total_revenue_annual,quarterly_direct,identity_q1_or_ytd_diff,
000001.XSHE,indicator,2014-09-30,2014q3,,2014-10-24,inc_revenue_year_on_year,43.1,indicator.csv,inc_revenue_year_on_year,quarterly_direct,identity_q1_or_ytd_diff,
000001.XSHE,indicator,2014-09-30,2014q3,,2014-10-24,inc_revenue_annual,6.9,indicator.csv,inc_revenue_annual,quarterly_direct,identity_q1_or_ytd_diff,
000001.XSHE,indicator,2014-09-30,2014q3,,2014-10-24,inc_operation_profit_year_on_year,37.19,indicator.csv,inc_operation_profit_year_on_year,quarterly_direct,identity_q1_or_ytd_diff,
000001.XSHE,indicator,2014-09-30,2014q3,,2014-10-24,inc_operation_profit_annual,11.96,indicator.csv,inc_operation_profit_annual,quarterly_direct,identity_q1_or_ytd_diff,
000001.XSHE,indicator,2014-09-30,2014q3,,2014-10-24,inc_net_profit_year_on_year,34.98,indicator.csv,inc_net_profit_year_on_year,quarterly_direct,identity_q1_or_ytd_diff,
000001.XSHE,indicator,2014-09-30,2014q3,,2014-10-24,inc_net_profit_annual,12.04,indicator.csv,inc_net_profit_annual,quarterly_direct,identity_q1_or_ytd_diff,
000001.XSHE,indicator,2014-09-30,2014q3,,2014-10-24,inc_net_profit_to_shareholders_year_on_year,34.98,indicator.csv,inc_net_profit_to_shareholders_year_on_year,quarterly_direct,identity_q1_or_ytd_diff,
000001.XSHE,indicator,2014-09-30,2014q3,,2014-10-24,inc_net_profit_to_shareholders_annual,12.04,indicator.csv,inc_net_profit_to_shareholders_annual,quarterly_direct,identity_q1_or_ytd_diff,
000001.XSHE,indicator,2014-12-31,2014q4,,2015-03-13,eps,0.3596,indicator.csv,eps,quarterly_direct,identity_q1_or_ytd_diff,
000001.XSHE,indicator,2014-12-31,2014q4,,2015-03-13,adjusted_profit,4130000000.0,indicator.csv,adjusted_profit,quarterly_direct,identity_q1_or_ytd_diff,
000001.XSHE,indicator,2014-12-31,2014q4,,2015-03-13,operating_profit,-3717000000.0,indicator.csv,operating_profit,quarterly_direct,identity_q1_or_ytd_diff,
000001.XSHE,indicator,2014-12-31,2014q4,,2015-03-13,value_change_profit,-509000000.0,indicator.csv,value_change_profit,quarterly_direct,identity_q1_or_ytd_diff,
000001.XSHE,indicator,2014-12-31,2014q4,,2015-03-13,roe,3.19,indicator.csv,roe,quarterly_direct,identity_q1_or_ytd_diff,
000001.XSHE,indicator,2014-12-31,2014q4,,2015-03-13,inc_return,3.21,indicator.csv,inc_return,quarterly_direct,identity_q1_or_ytd_diff,
000001.XSHE,indicator,2014-12-31,2014q4,,2015-03-13,roa,0.19,indicator.csv,roa,quarterly_direct,identity_q1_or_ytd_diff,
000001.XSHE,indicator,2014-12-31,2014q4,,2015-03-13,net_profit_margin,21.9,indicator.csv,net_profit_margin,quarterly_direct,identity_q1_or_ytd_diff,
000001.XSHE,indicator,2014-12-31,2014q4,,2015-03-13,gross_profit_margin,,indicator.csv,gross_profit_margin,,identity_q1_or_ytd_diff,missing_raw_value
000001.XSHE,indicator,2014-12-31,2014q4,,2015-03-13,expense_to_total_revenue,122.53,indicator.csv,expense_to_total_revenue,quarterly_direct,identity_q1_or_ytd_diff,
000001.XSHE,indicator,2014-12-31,2014q4,,2015-03-13,operation_profit_to_total_revenue,29.19,indicator.csv,operation_profit_to_total_revenue,quarterly_direct,identity_q1_or_ytd_diff,
000001.XSHE,indicator,2014-12-31,2014q4,,2015-03-13,net_profit_to_total_revenue,21.9,indicator.csv,net_profit_to_total_revenue,quarterly_direct,identity_q1_or_ytd_diff,
000001.XSHE,indicator,2014-12-31,2014q4,,2015-03-13,operating_expense_to_total_revenue,,indicator.csv,operating_expense_to_total_revenue,,identity_q1_or_ytd_diff,missing_raw_value
000001.XSHE,indicator,2014-12-31,2014q4,,2015-03-13,ga_expense_to_total_revenue,35.25,indicator.csv,ga_expense_to_total_revenue,quarterly_direct,identity_q1_or_ytd_diff,
000001.XSHE,indicator,2014-12-31,2014q4,,2015-03-13,financing_expense_to_total_revenue,,indicator.csv,financing_expense_to_total_revenue,,identity_q1_or_ytd_diff,missing_raw_value
000001.XSHE,indicator,2014-12-31,2014q4,,2015-03-13,operating_profit_to_profit,-68.25,indicator.csv,operating_profit_to_profit,quarterly_direct,identity_q1_or_ytd_diff,
000001.XSHE,indicator,2014-12-31,2014q4,,2015-03-13,invesment_profit_to_profit,-9.35,indicator.csv,invesment_profit_to_profit,quarterly_direct,identity_q1_or_ytd_diff,
000001.XSHE,indicator,2014-12-31,2014q4,,2015-03-13,adjusted_profit_to_profit,100.54,indicator.csv,adjusted_profit_to_profit,quarterly_direct,identity_q1_or_ytd_diff,
000001.XSHE,indicator,2014-12-31,2014q4,,2015-03-13,goods_sale_and_service_to_revenue,,indicator.csv,goods_sale_and_service_to_revenue,,identity_q1_or_ytd_diff,missing_raw_value
000001.XSHE,indicator,2014-12-31,2014q4,,2015-03-13,ocf_to_revenue,162.24,indicator.csv,ocf_to_revenue,quarterly_direct,identity_q1_or_ytd_diff,
000001.XSHE,indicator,2014-12-31,2014q4,,2015-03-13,ocf_to_operating_profit,-818.67,indicator.csv,ocf_to_operating_profit,quarterly_direct,identity_q1_or_ytd_diff,
000001.XSHE,indicator,2014-12-31,2014q4,,2015-03-13,inc_total_revenue_year_on_year,26.35,indicator.csv,inc_total_revenue_year_on_year,quarterly_direct,identity_q1_or_ytd_diff,
000001.XSHE,indicator,2014-12-31,2014q4,,2015-03-13,inc_total_revenue_annual,-5.83,indicator.csv,inc_total_revenue_annual,quarterly_direct,identity_q1_or_ytd_diff,
000001.XSHE,indicator,2014-12-31,2014q4,,2015-03-13,inc_revenue_year_on_year,26.35,indicator.csv,inc_revenue_year_on_year,quarterly_direct,identity_q1_or_ytd_diff,
000001.XSHE,indicator,2014-12-31,2014q4,,2015-03-13,inc_revenue_annual,-5.83,indicator.csv,inc_revenue_annual,quarterly_direct,identity_q1_or_ytd_diff,
000001.XSHE,indicator,2014-12-31,2014q4,,2015-03-13,inc_operation_profit_year_on_year,17.79,indicator.csv,inc_operation_profit_year_on_year,quarterly_direct,identity_q1_or_ytd_diff,
000001.XSHE,indicator,2014-12-31,2014q4,,2015-03-13,inc_operation_profit_annual,-26.27,indicator.csv,inc_operation_profit_annual,quarterly_direct,identity_q1_or_ytd_diff,
000001.XSHE,indicator,2014-12-31,2014q4,,2015-03-13,inc_net_profit_year_on_year,16.21,indicator.csv,inc_net_profit_year_on_year,quarterly_direct,identity_q1_or_ytd_diff,
000001.XSHE,indicator,2014-12-31,2014q4,,2015-03-13,inc_net_profit_annual,-26.93,indicator.csv,inc_net_profit_annual,quarterly_direct,identity_q1_or_ytd_diff,
000001.XSHE,indicator,2014-12-31,2014q4,,2015-03-13,inc_net_profit_to_shareholders_year_on_year,16.21,indicator.csv,inc_net_profit_to_shareholders_year_on_year,quarterly_direct,identity_q1_or_ytd_diff,
000001.XSHE,indicator,2014-12-31,2014q4,,2015-03-13,inc_net_profit_to_shareholders_annual,-26.93,indicator.csv,inc_net_profit_to_shareholders_annual,quarterly_direct,identity_q1_or_ytd_diff,
000001.XSHE,indicator,2015-03-31,2015q1,,2015-04-24,eps,0.4927,indicator.csv,eps,quarterly_direct,identity_q1_or_ytd_diff,
000001.XSHE,indicator,2015-03-31,2015q1,,2015-04-24,adjusted_profit,5637000000.0,indicator.csv,adjusted_profit,quarterly_direct,identity_q1_or_ytd_diff,
000001.XSHE,indicator,2015-03-31,2015q1,,2015-04-24,operating_profit,7339000000.0,indicator.csv,operating_profit,quarterly_direct,identity_q1_or_ytd_diff,
000001.XSHE,indicator,2015-03-31,2015q1,,2015-04-24,value_change_profit,108000000.0,indicator.csv,value_change_profit,quarterly_direct,identity_q1_or_ytd_diff,
000001.XSHE,indicator,2015-03-31,2015q1,,2015-04-24,roe,4.21,indicator.csv,roe,quarterly_direct,identity_q1_or_ytd_diff,
000001.XSHE,indicator,2015-03-31,2015q1,,2015-04-24,inc_return,4.21,indicator.csv,inc_return,quarterly_direct,identity_q1_or_ytd_diff,
000001.XSHE,indicator,2015-03-31,2015q1,,2015-04-24,roa,0.25,indicator.csv,roa,quarterly_direct,identity_q1_or_ytd_diff,
000001.XSHE,indicator,2015-03-31,2015q1,,2015-04-24,net_profit_margin,27.23,indicator.csv,net_profit_margin,quarterly_direct,identity_q1_or_ytd_diff,
000001.XSHE,indicator,2015-03-31,2015q1,,2015-04-24,gross_profit_margin,,indicator.csv,gross_profit_margin,,identity_q1_or_ytd_diff,missing_raw_value
000001.XSHE,indicator,2015-03-31,2015q1,,2015-04-24,expense_to_total_revenue,63.97,indicator.csv,expense_to_total_revenue,quarterly_direct,identity_q1_or_ytd_diff,
000001.XSHE,indicator,2015-03-31,2015q1,,2015-04-24,operation_profit_to_total_revenue,36.03,indicator.csv,operation_profit_to_total_revenue,quarterly_direct,identity_q1_or_ytd_diff,
000001.XSHE,indicator,2015-03-31,2015q1,,2015-04-24,net_profit_to_total_revenue,27.23,indicator.csv,net_profit_to_total_revenue,quarterly_direct,identity_q1_or_ytd_diff,
000001.XSHE,indicator,2015-03-31,2015q1,,2015-04-24,operating_expense_to_total_revenue,,indicator.csv,operating_expense_to_total_revenue,,identity_q1_or_ytd_diff,missing_raw_value
000001.XSHE,indicator,2015-03-31,2015q1,,2015-04-24,ga_expense_to_total_revenue,33.38,indicator.csv,ga_expense_to_total_revenue,quarterly_direct,identity_q1_or_ytd_diff,
000001.XSHE,indicator,2015-03-31,2015q1,,2015-04-24,financing_expense_to_total_revenue,,indicator.csv,financing_expense_to_total_revenue,,identity_q1_or_ytd_diff,missing_raw_value
000001.XSHE,indicator,2015-03-31,2015q1,,2015-04-24,operating_profit_to_profit,98.68,indicator.csv,operating_profit_to_profit,quarterly_direct,identity_q1_or_ytd_diff,
000001.XSHE,indicator,2015-03-31,2015q1,,2015-04-24,invesment_profit_to_profit,1.45,indicator.csv,invesment_profit_to_profit,quarterly_direct,identity_q1_or_ytd_diff,
000001.XSHE,indicator,2015-03-31,2015q1,,2015-04-24,adjusted_profit_to_profit,100.14,indicator.csv,adjusted_profit_to_profit,quarterly_direct,identity_q1_or_ytd_diff,
000001.XSHE,indicator,2015-03-31,2015q1,,2015-04-24,goods_sale_and_service_to_revenue,,indicator.csv,goods_sale_and_service_to_revenue,,identity_q1_or_ytd_diff,missing_raw_value
000001.XSHE,indicator,2015-03-31,2015q1,,2015-04-24,ocf_to_revenue,55.61,indicator.csv,ocf_to_revenue,quarterly_direct,identity_q1_or_ytd_diff,
000001.XSHE,indicator,2015-03-31,2015q1,,2015-04-24,ocf_to_operating_profit,156.63,indicator.csv,ocf_to_operating_profit,quarterly_direct,identity_q1_or_ytd_diff,
000001.XSHE,indicator,2015-03-31,2015q1,,2015-04-24,inc_total_revenue_year_on_year,28.39,indicator.csv,inc_total_revenue_year_on_year,quarterly_direct,identity_q1_or_ytd_diff,
000001.XSHE,indicator,2015-03-31,2015q1,,2015-04-24,inc_total_revenue_annual,10.21,indicator.csv,inc_total_revenue_annual,quarterly_direct,identity_q1_or_ytd_diff,
000001.XSHE,indicator,2015-03-31,2015q1,,2015-04-24,inc_revenue_year_on_year,28.39,indicator.csv,inc_revenue_year_on_year,quarterly_direct,identity_q1_or_ytd_diff,
000001.XSHE,indicator,2015-03-31,2015q1,,2015-04-24,inc_revenue_annual,10.21,indicator.csv,inc_revenue_annual,quarterly_direct,identity_q1_or_ytd_diff,
000001.XSHE,indicator,2015-03-31,2015q1,,2015-04-24,inc_operation_profit_year_on_year,10.95,indicator.csv,inc_operation_profit_year_on_year,quarterly_direct,identity_q1_or_ytd_diff,
000001.XSHE,indicator,2015-03-31,2015q1,,2015-04-24,inc_operation_profit_annual,36.02,indicator.csv,inc_operation_profit_annual,quarterly_direct,identity_q1_or_ytd_diff,
000001.XSHE,indicator,2015-03-31,2015q1,,2015-04-24,inc_net_profit_year_on_year,11.38,indicator.csv,inc_net_profit_year_on_year,quarterly_direct,identity_q1_or_ytd_diff,
000001.XSHE,indicator,2015-03-31,2015q1,,2015-04-24,inc_net_profit_annual,37.03,indicator.csv,inc_net_profit_annual,quarterly_direct,identity_q1_or_ytd_diff,
000001.XSHE,indicator,2015-03-31,2015q1,,2015-04-24,inc_net_profit_to_shareholders_year_on_year,11.38,indicator.csv,inc_net_profit_to_shareholders_year_on_year,quarterly_direct,identity_q1_or_ytd_diff,
000001.XSHE,indicator,2015-03-31,2015q1,,2015-04-24,inc_net_profit_to_shareholders_annual,37.03,indicator.csv,inc_net_profit_to_shareholders_annual,quarterly_direct,identity_q1_or_ytd_diff,
000001.XSHE,indicator,2015-06-30,2015q2,,2015-08-14,eps,0.4162,indicator.csv,eps,quarterly_direct,identity_q1_or_ytd_diff,
000001.XSHE,indicator,2015-06-30,2015q2,,2015-08-14,adjusted_profit,5954000000.0,indicator.csv,adjusted_profit,quarterly_direct,identity_q1_or_ytd_diff,
000001.XSHE,indicator,2015-06-30,2015q2,,2015-08-14,operating_profit,6254000000.0,indicator.csv,operating_profit,quarterly_direct,identity_q1_or_ytd_diff,
000001.XSHE,indicator,2015-06-30,2015q2,,2015-08-14,value_change_profit,1566000000.0,indicator.csv,value_change_profit,quarterly_direct,identity_q1_or_ytd_diff,
000001.XSHE,indicator,2015-06-30,2015q2,,2015-08-14,roe,4.14,indicator.csv,roe,quarterly_direct,identity_q1_or_ytd_diff,
000001.XSHE,indicator,2015-06-30,2015q2,,2015-08-14,inc_return,4.14,indicator.csv,inc_return,quarterly_direct,identity_q1_or_ytd_diff,
000001.XSHE,indicator,2015-06-30,2015q2,,2015-08-14,roa,0.24,indicator.csv,roa,quarterly_direct,identity_q1_or_ytd_diff,
000001.XSHE,indicator,2015-06-30,2015q2,,2015-08-14,net_profit_margin,22.99,indicator.csv,net_profit_margin,quarterly_direct,identity_q1_or_ytd_diff,
000001.XSHE,indicator,2015-06-30,2015q2,,2015-08-14,gross_profit_margin,,indicator.csv,gross_profit_margin,,identity_q1_or_ytd_diff,missing_raw_value
000001.XSHE,indicator,2015-06-30,2015q2,,2015-08-14,expense_to_total_revenue,69.81,indicator.csv,expense_to_total_revenue,quarterly_direct,identity_q1_or_ytd_diff,
000001.XSHE,indicator,2015-06-30,2015q2,,2015-08-14,operation_profit_to_total_revenue,30.19,indicator.csv,operation_profit_to_total_revenue,quarterly_direct,identity_q1_or_ytd_diff,
000001.XSHE,indicator,2015-06-30,2015q2,,2015-08-14,net_profit_to_total_revenue,22.99,indicator.csv,net_profit_to_total_revenue,quarterly_direct,identity_q1_or_ytd_diff,
000001.XSHE,indicator,2015-06-30,2015q2,,2015-08-14,operating_expense_to_total_revenue,,indicator.csv,operating_expense_to_total_revenue,,identity_q1_or_ytd_diff,missing_raw_value
000001.XSHE,indicator,2015-06-30,2015q2,,2015-08-14,ga_expense_to_total_revenue,31.28,indicator.csv,ga_expense_to_total_revenue,quarterly_direct,identity_q1_or_ytd_diff,
000001.XSHE,indicator,2015-06-30,2015q2,,2015-08-14,financing_expense_to_total_revenue,,indicator.csv,financing_expense_to_total_revenue,,identity_q1_or_ytd_diff,missing_raw_value
000001.XSHE,indicator,2015-06-30,2015q2,,2015-08-14,operating_profit_to_profit,79.95,indicator.csv,operating_profit_to_profit,quarterly_direct,identity_q1_or_ytd_diff,
000001.XSHE,indicator,2015-06-30,2015q2,,2015-08-14,invesment_profit_to_profit,20.02,indicator.csv,invesment_profit_to_profit,quarterly_direct,identity_q1_or_ytd_diff,
000001.XSHE,indicator,2015-06-30,2015q2,,2015-08-14,adjusted_profit_to_profit,99.97,indicator.csv,adjusted_profit_to_profit,quarterly_direct,identity_q1_or_ytd_diff,
000001.XSHE,indicator,2015-06-30,2015q2,,2015-08-14,goods_sale_and_service_to_revenue,,indicator.csv,goods_sale_and_service_to_revenue,,identity_q1_or_ytd_diff,missing_raw_value
000001.XSHE,indicator,2015-06-30,2015q2,,2015-08-14,ocf_to_revenue,660.23,indicator.csv,ocf_to_revenue,quarterly_direct,identity_q1_or_ytd_diff,
000001.XSHE,indicator,2015-06-30,2015q2,,2015-08-14,ocf_to_operating_profit,2734.68,indicator.csv,ocf_to_operating_profit,quarterly_direct,identity_q1_or_ytd_diff,
000001.XSHE,indicator,2015-06-30,2015q2,,2015-08-14,inc_total_revenue_year_on_year,39.02,indicator.csv,inc_total_revenue_year_on_year,quarterly_direct,identity_q1_or_ytd_diff,
000001.XSHE,indicator,2015-06-30,2015q2,,2015-08-14,inc_total_revenue_annual,25.32,indicator.csv,inc_total_revenue_annual,quarterly_direct,identity_q1_or_ytd_diff,
000001.XSHE,indicator,2015-06-30,2015q2,,2015-08-14,inc_revenue_year_on_year,39.02,indicator.csv,inc_revenue_year_on_year,quarterly_direct,identity_q1_or_ytd_diff,
000001.XSHE,indicator,2015-06-30,2015q2,,2015-08-14,inc_revenue_annual,25.32,indicator.csv,inc_revenue_annual,quarterly_direct,identity_q1_or_ytd_diff,
000001.XSHE,indicator,2015-06-30,2015q2,,2015-08-14,inc_operation_profit_year_on_year,17.9,indicator.csv,inc_operation_profit_year_on_year,quarterly_direct,identity_q1_or_ytd_diff,
000001.XSHE,indicator,2015-06-30,2015q2,,2015-08-14,inc_operation_profit_annual,5.01,indicator.csv,inc_operation_profit_annual,quarterly_direct,identity_q1_or_ytd_diff,
000001.XSHE,indicator,2015-06-30,2015q2,,2015-08-14,inc_net_profit_year_on_year,18.69,indicator.csv,inc_net_profit_year_on_year,quarterly_direct,identity_q1_or_ytd_diff,
000001.XSHE,indicator,2015-06-30,2015q2,,2015-08-14,inc_net_profit_annual,5.81,indicator.csv,inc_net_profit_annual,quarterly_direct,identity_q1_or_ytd_diff,
000001.XSHE,indicator,2015-06-30,2015q2,,2015-08-14,inc_net_profit_to_shareholders_year_on_year,18.69,indicator.csv,inc_net_profit_to_shareholders_year_on_year,quarterly_direct,identity_q1_or_ytd_diff,
000001.XSHE,indicator,2015-06-30,2015q2,,2015-08-14,inc_net_profit_to_shareholders_annual,5.81,indicator.csv,inc_net_profit_to_shareholders_annual,quarterly_direct,identity_q1_or_ytd_diff,
000001.XSHE,indicator,2015-09-30,2015q3,,2015-10-23,eps,0.43,indicator.csv,eps,quarterly_direct,identity_q1_or_ytd_diff,
000001.XSHE,indicator,2015-09-30,2015q3,,2015-10-23,adjusted_profit,6163000000.0,indicator.csv,adjusted_profit,quarterly_direct,identity_q1_or_ytd_diff,
000001.XSHE,indicator,2015-09-30,2015q3,,2015-10-23,operating_profit,7105000000.0,indicator.csv,operating_profit,quarterly_direct,identity_q1_or_ytd_diff,
000001.XSHE,indicator,2015-09-30,2015q3,,2015-10-23,value_change_profit,933000000.0,indicator.csv,value_change_profit,quarterly_direct,identity_q1_or_ytd_diff,
000001.XSHE,indicator,2015-09-30,2015q3,,2015-10-23,roe,4.0,indicator.csv,roe,quarterly_direct,identity_q1_or_ytd_diff,
000001.XSHE,indicator,2015-09-30,2015q3,,2015-10-23,inc_return,4.0,indicator.csv,inc_return,quarterly_direct,identity_q1_or_ytd_diff,
000001.XSHE,indicator,2015-09-30,2015q3,,2015-10-23,roa,0.24,indicator.csv,roa,quarterly_direct,identity_q1_or_ytd_diff,
000001.XSHE,indicator,2015-09-30,2015q3,,2015-10-23,net_profit_margin,25.04,indicator.csv,net_profit_margin,quarterly_direct,identity_q1_or_ytd_diff,
000001.XSHE,indicator,2015-09-30,2015q3,,2015-10-23,gross_profit_margin,,indicator.csv,gross_profit_margin,,identity_q1_or_ytd_diff,missing_raw_value
000001.XSHE,indicator,2015-09-30,2015q3,,2015-10-23,expense_to_total_revenue,38.76,indicator.csv,expense_to_total_revenue,quarterly_direct,identity_q1_or_ytd_diff,
000001.XSHE,indicator,2015-09-30,2015q3,,2015-10-23,operation_profit_to_total_revenue,32.71,indicator.csv,operation_profit_to_total_revenue,quarterly_direct,identity_q1_or_ytd_diff,
000001.XSHE,indicator,2015-09-30,2015q3,,2015-10-23,net_profit_to_total_revenue,25.04,indicator.csv,net_profit_to_total_revenue,quarterly_direct,identity_q1_or_ytd_diff,
000001.XSHE,indicator,2015-09-30,2015q3,,2015-10-23,operating_expense_to_total_revenue,,indicator.csv,operating_expense_to_total_revenue,,identity_q1_or_ytd_diff,missing_raw_value
000001.XSHE,indicator,2015-09-30,2015q3,,2015-10-23,ga_expense_to_total_revenue,31.99,indicator.csv,ga_expense_to_total_revenue,quarterly_direct,identity_q1_or_ytd_diff,
000001.XSHE,indicator,2015-09-30,2015q3,,2015-10-23,financing_expense_to_total_revenue,,indicator.csv,financing_expense_to_total_revenue,,identity_q1_or_ytd_diff,missing_raw_value
000001.XSHE,indicator,2015-09-30,2015q3,,2015-10-23,operating_profit_to_profit,88.51,indicator.csv,operating_profit_to_profit,quarterly_direct,identity_q1_or_ytd_diff,
000001.XSHE,indicator,2015-09-30,2015q3,,2015-10-23,invesment_profit_to_profit,11.62,indicator.csv,invesment_profit_to_profit,quarterly_direct,identity_q1_or_ytd_diff,
000001.XSHE,indicator,2015-09-30,2015q3,,2015-10-23,adjusted_profit_to_profit,100.13,indicator.csv,adjusted_profit_to_profit,quarterly_direct,identity_q1_or_ytd_diff,
000001.XSHE,indicator,2015-09-30,2015q3,,2015-10-23,goods_sale_and_service_to_revenue,,indicator.csv,goods_sale_and_service_to_revenue,,identity_q1_or_ytd_diff,missing_raw_value
000001.XSHE,indicator,2015-09-30,2015q3,,2015-10-23,ocf_to_revenue,-368.38,indicator.csv,ocf_to_revenue,quarterly_direct,identity_q1_or_ytd_diff,
000001.XSHE,indicator,2015-09-30,2015q3,,2015-10-23,ocf_to_operating_profit,-1274.27,indicator.csv,ocf_to_operating_profit,quarterly_direct,identity_q1_or_ytd_diff,
000001.XSHE,indicator,2015-09-30,2015q3,,2015-10-23,inc_total_revenue_year_on_year,23.39,indicator.csv,inc_total_revenue_year_on_year,quarterly_direct,identity_q1_or_ytd_diff,
000001.XSHE,indicator,2015-09-30,2015q3,,2015-10-23,inc_total_revenue_annual,-5.12,indicator.csv,inc_total_revenue_annual,quarterly_direct,identity_q1_or_ytd_diff,
000001.XSHE,indicator,2015-09-30,2015q3,,2015-10-23,inc_revenue_year_on_year,23.39,indicator.csv,inc_revenue_year_on_year,quarterly_direct,identity_q1_or_ytd_diff,
000001.XSHE,indicator,2015-09-30,2015q3,,2015-10-23,inc_revenue_annual,-5.12,indicator.csv,inc_revenue_annual,quarterly_direct,identity_q1_or_ytd_diff,
000001.XSHE,indicator,2015-09-30,2015q3,,2015-10-23,inc_operation_profit_year_on_year,8.24,indicator.csv,inc_operation_profit_year_on_year,quarterly_direct,identity_q1_or_ytd_diff,
000001.XSHE,indicator,2015-09-30,2015q3,,2015-10-23,inc_operation_profit_annual,2.79,indicator.csv,inc_operation_profit_annual,quarterly_direct,identity_q1_or_ytd_diff,
000001.XSHE,indicator,2015-09-30,2015q3,,2015-10-23,inc_net_profit_year_on_year,9.48,indicator.csv,inc_net_profit_year_on_year,quarterly_direct,identity_q1_or_ytd_diff,
000001.XSHE,indicator,2015-09-30,2015q3,,2015-10-23,inc_net_profit_annual,3.34,indicator.csv,inc_net_profit_annual,quarterly_direct,identity_q1_or_ytd_diff,
000001.XSHE,indicator,2015-09-30,2015q3,,2015-10-23,inc_net_profit_to_shareholders_year_on_year,9.48,indicator.csv,inc_net_profit_to_shareholders_year_on_year,quarterly_direct,identity_q1_or_ytd_diff,
000001.XSHE,indicator,2015-09-30,2015q3,,2015-10-23,inc_net_profit_to_shareholders_annual,3.34,indicator.csv,inc_net_profit_to_shareholders_annual,quarterly_direct,identity_q1_or_ytd_diff,
000001.XSHE,indicator,2015-12-31,2015q4,,2016-03-10,eps,0.2883,indicator.csv,eps,quarterly_direct,identity_q1_or_ytd_diff,
000001.XSHE,indicator,2015-12-31,2015q4,,2016-03-10,adjusted_profit,4148000000.0,indicator.csv,adjusted_profit,quarterly_direct,identity_q1_or_ytd_diff,
000001.XSHE,indicator,2015-12-31,2015q4,,2016-03-10,operating_profit,4739000000.0,indicator.csv,operating_profit,quarterly_direct,identity_q1_or_ytd_diff,
000001.XSHE,indicator,2015-12-31,2015q4,,2016-03-10,value_change_profit,851000000.0,indicator.csv,value_change_profit,quarterly_direct,identity_q1_or_ytd_diff,
000001.XSHE,indicator,2015-12-31,2015q4,,2016-03-10,roe,2.59,indicator.csv,roe,quarterly_direct,identity_q1_or_ytd_diff,
000001.XSHE,indicator,2015-12-31,2015q4,,2016-03-10,inc_return,2.6,indicator.csv,inc_return,quarterly_direct,identity_q1_or_ytd_diff,
000001.XSHE,indicator,2015-12-31,2015q4,,2016-03-10,roa,0.16,indicator.csv,roa,quarterly_direct,identity_q1_or_ytd_diff,
000001.XSHE,indicator,2015-12-31,2015q4,,2016-03-10,net_profit_margin,16.49,indicator.csv,net_profit_margin,quarterly_direct,identity_q1_or_ytd_diff,
000001.XSHE,indicator,2015-12-31,2015q4,,2016-03-10,gross_profit_margin,,indicator.csv,gross_profit_margin,,identity_q1_or_ytd_diff,missing_raw_value
000001.XSHE,indicator,2015-12-31,2015q4,,2016-03-10,expense_to_total_revenue,77.65,indicator.csv,expense_to_total_revenue,quarterly_direct,identity_q1_or_ytd_diff,
000001.XSHE,indicator,2015-12-31,2015q4,,2016-03-10,operation_profit_to_total_revenue,22.35,indicator.csv,operation_profit_to_total_revenue,quarterly_direct,identity_q1_or_ytd_diff,
000001.XSHE,indicator,2015-12-31,2015q4,,2016-03-10,net_profit_to_total_revenue,16.49,indicator.csv,net_profit_to_total_revenue,quarterly_direct,identity_q1_or_ytd_diff,
000001.XSHE,indicator,2015-12-31,2015q4,,2016-03-10,operating_expense_to_total_revenue,,indicator.csv,operating_expense_to_total_revenue,,identity_q1_or_ytd_diff,missing_raw_value
000001.XSHE,indicator,2015-12-31,2015q4,,2016-03-10,ga_expense_to_total_revenue,28.97,indicator.csv,ga_expense_to_total_revenue,quarterly_direct,identity_q1_or_ytd_diff,
000001.XSHE,indicator,2015-12-31,2015q4,,2016-03-10,financing_expense_to_total_revenue,,indicator.csv,financing_expense_to_total_revenue,,identity_q1_or_ytd_diff,missing_raw_value
000001.XSHE,indicator,2015-12-31,2015q4,,2016-03-10,operating_profit_to_profit,85.23,indicator.csv,operating_profit_to_profit,quarterly_direct,identity_q1_or_ytd_diff,
000001.XSHE,indicator,2015-12-31,2015q4,,2016-03-10,invesment_profit_to_profit,15.31,indicator.csv,invesment_profit_to_profit,quarterly_direct,identity_q1_or_ytd_diff,
000001.XSHE,indicator,2015-12-31,2015q4,,2016-03-10,adjusted_profit_to_profit,100.56,indicator.csv,adjusted_profit_to_profit,quarterly_direct,identity_q1_or_ytd_diff,
000001.XSHE,indicator,2015-12-31,2015q4,,2016-03-10,goods_sale_and_service_to_revenue,,indicator.csv,goods_sale_and_service_to_revenue,,identity_q1_or_ytd_diff,missing_raw_value
000001.XSHE,indicator,2015-12-31,2015q4,,2016-03-10,ocf_to_revenue,-375.08,indicator.csv,ocf_to_revenue,quarterly_direct,identity_q1_or_ytd_diff,
000001.XSHE,indicator,2015-12-31,2015q4,,2016-03-10,ocf_to_operating_profit,-1979.55,indicator.csv,ocf_to_operating_profit,quarterly_direct,identity_q1_or_ytd_diff,
000001.XSHE,indicator,2015-12-31,2015q4,,2016-03-10,inc_total_revenue_year_on_year,33.35,indicator.csv,inc_total_revenue_year_on_year,quarterly_direct,identity_q1_or_ytd_diff,
000001.XSHE,indicator,2015-12-31,2015q4,,2016-03-10,inc_total_revenue_annual,1.77,indicator.csv,inc_total_revenue_annual,quarterly_direct,identity_q1_or_ytd_diff,
000001.XSHE,indicator,2015-12-31,2015q4,,2016-03-10,inc_revenue_year_on_year,33.35,indicator.csv,inc_revenue_year_on_year,quarterly_direct,identity_q1_or_ytd_diff,
000001.XSHE,indicator,2015-12-31,2015q4,,2016-03-10,inc_revenue_annual,1.77,indicator.csv,inc_revenue_annual,quarterly_direct,identity_q1_or_ytd_diff,
000001.XSHE,indicator,2015-12-31,2015q4,,2016-03-10,inc_operation_profit_year_on_year,2.1,indicator.csv,inc_operation_profit_year_on_year,quarterly_direct,identity_q1_or_ytd_diff,
000001.XSHE,indicator,2015-12-31,2015q4,,2016-03-10,inc_operation_profit_annual,-30.46,indicator.csv,inc_operation_profit_annual,quarterly_direct,identity_q1_or_ytd_diff,
000001.XSHE,indicator,2015-12-31,2015q4,,2016-03-10,inc_net_profit_year_on_year,0.41,indicator.csv,inc_net_profit_year_on_year,quarterly_direct,identity_q1_or_ytd_diff,
000001.XSHE,indicator,2015-12-31,2015q4,,2016-03-10,inc_net_profit_annual,-32.98,indicator.csv,inc_net_profit_annual,quarterly_direct,identity_q1_or_ytd_diff,
000001.XSHE,indicator,2015-12-31,2015q4,,2016-03-10,inc_net_profit_to_shareholders_year_on_year,0.41,indicator.csv,inc_net_profit_to_shareholders_year_on_year,quarterly_direct,identity_q1_or_ytd_diff,
000001.XSHE,indicator,2015-12-31,2015q4,,2016-03-10,inc_net_profit_to_shareholders_annual,-32.98,indicator.csv,inc_net_profit_to_shareholders_annual,quarterly_direct,identity_q1_or_ytd_diff,
000001.XSHE,indicator,2016-03-31,2016q1,,2016-04-21,eps,0.4253,indicator.csv,eps,quarterly_direct,identity_q1_or_ytd_diff,
000001.XSHE,indicator,2016-03-31,2016q1,,2016-04-21,adjusted_profit,6075000000.0,indicator.csv,adjusted_profit,quarterly_direct,identity_q1_or_ytd_diff,
000001.XSHE,indicator,2016-03-31,2016q1,,2016-04-21,operating_profit,7052000000.0,indicator.csv,operating_profit,quarterly_direct,identity_q1_or_ytd_diff,
000001.XSHE,indicator,2016-03-31,2016q1,,2016-04-21,value_change_profit,962000000.0,indicator.csv,value_change_profit,quarterly_direct,identity_q1_or_ytd_diff,
000001.XSHE,indicator,2016-03-31,2016q1,,2016-04-21,roe,3.49,indicator.csv,roe,quarterly_direct,identity_q1_or_ytd_diff,
000001.XSHE,indicator,2016-03-31,2016q1,,2016-04-21,inc_return,3.48,indicator.csv,inc_return,quarterly_direct,identity_q1_or_ytd_diff,
000001.XSHE,indicator,2016-03-31,2016q1,,2016-04-21,roa,0.23,indicator.csv,roa,quarterly_direct,identity_q1_or_ytd_diff,
000001.XSHE,indicator,2016-03-31,2016q1,,2016-04-21,net_profit_margin,22.11,indicator.csv,net_profit_margin,quarterly_direct,identity_q1_or_ytd_diff,
000001.XSHE,indicator,2016-03-31,2016q1,,2016-04-21,gross_profit_margin,,indicator.csv,gross_profit_margin,,identity_q1_or_ytd_diff,missing_raw_value
000001.XSHE,indicator,2016-03-31,2016q1,,2016-04-21,expense_to_total_revenue,70.89,indicator.csv,expense_to_total_revenue,quarterly_direct,identity_q1_or_ytd_diff,
000001.XSHE,indicator,2016-03-31,2016q1,,2016-04-21,operation_profit_to_total_revenue,29.11,indicator.csv,operation_profit_to_total_revenue,quarterly_direct,identity_q1_or_ytd_diff,
000001.XSHE,indicator,2016-03-31,2016q1,,2016-04-21,net_profit_to_total_revenue,22.11,indicator.csv,net_profit_to_total_revenue,quarterly_direct,identity_q1_or_ytd_diff,
000001.XSHE,indicator,2016-03-31,2016q1,,2016-04-21,operating_expense_to_total_revenue,,indicator.csv,operating_expense_to_total_revenue,,identity_q1_or_ytd_diff,missing_raw_value
000001.XSHE,indicator,2016-03-31,2016q1,,2016-04-21,ga_expense_to_total_revenue,29.35,indicator.csv,ga_expense_to_total_revenue,quarterly_direct,identity_q1_or_ytd_diff,
000001.XSHE,indicator,2016-03-31,2016q1,,2016-04-21,financing_expense_to_total_revenue,,indicator.csv,financing_expense_to_total_revenue,,identity_q1_or_ytd_diff,missing_raw_value
000001.XSHE,indicator,2016-03-31,2016q1,,2016-04-21,operating_profit_to_profit,87.83,indicator.csv,operating_profit_to_profit,quarterly_direct,identity_q1_or_ytd_diff,
000001.XSHE,indicator,2016-03-31,2016q1,,2016-04-21,invesment_profit_to_profit,11.98,indicator.csv,invesment_profit_to_profit,quarterly_direct,identity_q1_or_ytd_diff,
000001.XSHE,indicator,2016-03-31,2016q1,,2016-04-21,adjusted_profit_to_profit,99.82,indicator.csv,adjusted_profit_to_profit,quarterly_direct,identity_q1_or_ytd_diff,
000001.XSHE,indicator,2016-03-31,2016q1,,2016-04-21,goods_sale_and_service_to_revenue,,indicator.csv,goods_sale_and_service_to_revenue,,identity_q1_or_ytd_diff,missing_raw_value
000001.XSHE,indicator,2016-03-31,2016q1,,2016-04-21,ocf_to_revenue,215.27,indicator.csv,ocf_to_revenue,quarterly_direct,identity_q1_or_ytd_diff,
000001.XSHE,indicator,2016-03-31,2016q1,,2016-04-21,ocf_to_operating_profit,840.44,indicator.csv,ocf_to_operating_profit,quarterly_direct,identity_q1_or_ytd_diff,
000001.XSHE,indicator,2016-03-31,2016q1,,2016-04-21,inc_total_revenue_year_on_year,33.19,indicator.csv,inc_total_revenue_year_on_year,quarterly_direct,identity_q1_or_ytd_diff,
000001.XSHE,indicator,2016-03-31,2016q1,,2016-04-21,inc_total_revenue_annual,10.08,indicator.csv,inc_total_revenue_annual,quarterly_direct,identity_q1_or_ytd_diff,
000001.XSHE,indicator,2016-03-31,2016q1,,2016-04-21,inc_revenue_year_on_year,33.19,indicator.csv,inc_revenue_year_on_year,quarterly_direct,identity_q1_or_ytd_diff,
000001.XSHE,indicator,2016-03-31,2016q1,,2016-04-21,inc_revenue_annual,10.08,indicator.csv,inc_revenue_annual,quarterly_direct,identity_q1_or_ytd_diff,
000001.XSHE,indicator,2016-03-31,2016q1,,2016-04-21,inc_operation_profit_year_on_year,7.61,indicator.csv,inc_operation_profit_year_on_year,quarterly_direct,identity_q1_or_ytd_diff,
000001.XSHE,indicator,2016-03-31,2016q1,,2016-04-21,inc_operation_profit_annual,43.36,indicator.csv,inc_operation_profit_annual,quarterly_direct,identity_q1_or_ytd_diff,
000001.XSHE,indicator,2016-03-31,2016q1,,2016-04-21,inc_net_profit_year_on_year,8.12,indicator.csv,inc_net_profit_year_on_year,quarterly_direct,identity_q1_or_ytd_diff,
000001.XSHE,indicator,2016-03-31,2016q1,,2016-04-21,inc_net_profit_annual,47.54,indicator.csv,inc_net_profit_annual,quarterly_direct,identity_q1_or_ytd_diff,
000001.XSHE,indicator,2016-03-31,2016q1,,2016-04-21,inc_net_profit_to_shareholders_year_on_year,8.12,indicator.csv,inc_net_profit_to_shareholders_year_on_year,quarterly_direct,identity_q1_or_ytd_diff,
000001.XSHE,indicator,2016-03-31,2016q1,,2016-04-21,inc_net_profit_to_shareholders_annual,47.54,indicator.csv,inc_net_profit_to_shareholders_annual,quarterly_direct,identity_q1_or_ytd_diff,
000001.XSHE,indicator,2016-06-30,2016q2,,2016-08-12,eps,0.3614,indicator.csv,eps,quarterly_direct,identity_q1_or_ytd_diff,
000001.XSHE,indicator,2016-06-30,2016q2,,2016-08-12,adjusted_profit,6219000000.0,indicator.csv,adjusted_profit,quarterly_direct,identity_q1_or_ytd_diff,
000001.XSHE,indicator,2016-06-30,2016q2,,2016-08-12,operating_profit,7053000000.0,indicator.csv,operating_profit,quarterly_direct,identity_q1_or_ytd_diff,
000001.XSHE,indicator,2016-06-30,2016q2,,2016-08-12,value_change_profit,1089000000.0,indicator.csv,value_change_profit,quarterly_direct,identity_q1_or_ytd_diff,
000001.XSHE,indicator,2016-06-30,2016q2,,2016-08-12,roe,3.27,indicator.csv,roe,quarterly_direct,identity_q1_or_ytd_diff,
000001.XSHE,indicator,2016-06-30,2016q2,,2016-08-12,inc_return,3.28,indicator.csv,inc_return,quarterly_direct,identity_q1_or_ytd_diff,
000001.XSHE,indicator,2016-06-30,2016q2,,2016-08-12,roa,0.23,indicator.csv,roa,quarterly_direct,identity_q1_or_ytd_diff,
000001.XSHE,indicator,2016-06-30,2016q2,,2016-08-12,net_profit_margin,22.79,indicator.csv,net_profit_margin,quarterly_direct,identity_q1_or_ytd_diff,
000001.XSHE,indicator,2016-06-30,2016q2,,2016-08-12,gross_profit_margin,,indicator.csv,gross_profit_margin,,identity_q1_or_ytd_diff,missing_raw_value
000001.XSHE,indicator,2016-06-30,2016q2,,2016-08-12,expense_to_total_revenue,70.11,indicator.csv,expense_to_total_revenue,quarterly_direct,identity_q1_or_ytd_diff,
000001.XSHE,indicator,2016-06-30,2016q2,,2016-08-12,operation_profit_to_total_revenue,29.89,indicator.csv,operation_profit_to_total_revenue,quarterly_direct,identity_q1_or_ytd_diff,
000001.XSHE,indicator,2016-06-30,2016q2,,2016-08-12,net_profit_to_total_revenue,22.79,indicator.csv,net_profit_to_total_revenue,quarterly_direct,identity_q1_or_ytd_diff,
000001.XSHE,indicator,2016-06-30,2016q2,,2016-08-12,operating_expense_to_total_revenue,,indicator.csv,operating_expense_to_total_revenue,,identity_q1_or_ytd_diff,missing_raw_value
000001.XSHE,indicator,2016-06-30,2016q2,,2016-08-12,ga_expense_to_total_revenue,28.25,indicator.csv,ga_expense_to_total_revenue,quarterly_direct,identity_q1_or_ytd_diff,
000001.XSHE,indicator,2016-06-30,2016q2,,2016-08-12,financing_expense_to_total_revenue,,indicator.csv,financing_expense_to_total_revenue,,identity_q1_or_ytd_diff,missing_raw_value
000001.XSHE,indicator,2016-06-30,2016q2,,2016-08-12,operating_profit_to_profit,86.81,indicator.csv,operating_profit_to_profit,quarterly_direct,identity_q1_or_ytd_diff,
000001.XSHE,indicator,2016-06-30,2016q2,,2016-08-12,invesment_profit_to_profit,13.4,indicator.csv,invesment_profit_to_profit,quarterly_direct,identity_q1_or_ytd_diff,
000001.XSHE,indicator,2016-06-30,2016q2,,2016-08-12,adjusted_profit_to_profit,100.21,indicator.csv,adjusted_profit_to_profit,quarterly_direct,identity_q1_or_ytd_diff,
000001.XSHE,indicator,2016-06-30,2016q2,,2016-08-12,goods_sale_and_service_to_revenue,,indicator.csv,goods_sale_and_service_to_revenue,,identity_q1_or_ytd_diff,missing_raw_value
000001.XSHE,indicator,2016-06-30,2016q2,,2016-08-12,ocf_to_revenue,-339.49,indicator.csv,ocf_to_revenue,quarterly_direct,identity_q1_or_ytd_diff,
000001.XSHE,indicator,2016-06-30,2016q2,,2016-08-12,ocf_to_operating_profit,-1311.02,indicator.csv,ocf_to_operating_profit,quarterly_direct,identity_q1_or_ytd_diff,
000001.XSHE,indicator,2016-06-30,2016q2,,2016-08-12,inc_total_revenue_year_on_year,5.15,indicator.csv,inc_total_revenue_year_on_year,quarterly_direct,identity_q1_or_ytd_diff,
000001.XSHE,indicator,2016-06-30,2016q2,,2016-08-12,inc_total_revenue_annual,-1.07,indicator.csv,inc_total_revenue_annual,quarterly_direct,identity_q1_or_ytd_diff,
000001.XSHE,indicator,2016-06-30,2016q2,,2016-08-12,inc_revenue_year_on_year,5.15,indicator.csv,inc_revenue_year_on_year,quarterly_direct,identity_q1_or_ytd_diff,
000001.XSHE,indicator,2016-06-30,2016q2,,2016-08-12,inc_revenue_annual,-1.07,indicator.csv,inc_revenue_annual,quarterly_direct,identity_q1_or_ytd_diff,
000001.XSHE,indicator,2016-06-30,2016q2,,2016-08-12,inc_operation_profit_year_on_year,4.12,indicator.csv,inc_operation_profit_year_on_year,quarterly_direct,identity_q1_or_ytd_diff,
000001.XSHE,indicator,2016-06-30,2016q2,,2016-08-12,inc_operation_profit_annual,1.6,indicator.csv,inc_operation_profit_annual,quarterly_direct,identity_q1_or_ytd_diff,
000001.XSHE,indicator,2016-06-30,2016q2,,2016-08-12,inc_net_profit_year_on_year,4.2,indicator.csv,inc_net_profit_year_on_year,quarterly_direct,identity_q1_or_ytd_diff,
000001.XSHE,indicator,2016-06-30,2016q2,,2016-08-12,inc_net_profit_annual,1.97,indicator.csv,inc_net_profit_annual,quarterly_direct,identity_q1_or_ytd_diff,
000001.XSHE,indicator,2016-06-30,2016q2,,2016-08-12,inc_net_profit_to_shareholders_year_on_year,4.2,indicator.csv,inc_net_profit_to_shareholders_year_on_year,quarterly_direct,identity_q1_or_ytd_diff,
000001.XSHE,indicator,2016-06-30,2016q2,,2016-08-12,inc_net_profit_to_shareholders_annual,1.97,indicator.csv,inc_net_profit_to_shareholders_annual,quarterly_direct,identity_q1_or_ytd_diff,
000001.XSHE,indicator,2016-09-30,2016q3,,2016-10-21,eps,0.37,indicator.csv,eps,quarterly_direct,identity_q1_or_ytd_diff,
000001.XSHE,indicator,2016-09-30,2016q3,,2016-10-21,adjusted_profit,6413000000.0,indicator.csv,adjusted_profit,quarterly_direct,identity_q1_or_ytd_diff,
000001.XSHE,indicator,2016-09-30,2016q3,,2016-10-21,operating_profit,38911000000.0,indicator.csv,operating_profit,quarterly_direct,identity_q1_or_ytd_diff,
000001.XSHE,indicator,2016-09-30,2016q3,,2016-10-21,value_change_profit,1093000000.0,indicator.csv,value_change_profit,quarterly_direct,identity_q1_or_ytd_diff,
000001.XSHE,indicator,2016-09-30,2016q3,,2016-10-21,roe,3.3,indicator.csv,roe,quarterly_direct,identity_q1_or_ytd_diff,
000001.XSHE,indicator,2016-09-30,2016q3,,2016-10-21,inc_return,3.29,indicator.csv,inc_return,quarterly_direct,identity_q1_or_ytd_diff,
000001.XSHE,indicator,2016-09-30,2016q3,,2016-10-21,roa,0.23,indicator.csv,roa,quarterly_direct,identity_q1_or_ytd_diff,
000001.XSHE,indicator,2016-09-30,2016q3,,2016-10-21,net_profit_margin,23.63,indicator.csv,net_profit_margin,quarterly_direct,identity_q1_or_ytd_diff,
000001.XSHE,indicator,2016-09-30,2016q3,,2016-10-21,gross_profit_margin,,indicator.csv,gross_profit_margin,,identity_q1_or_ytd_diff,missing_raw_value
000001.XSHE,indicator,2016-09-30,2016q3,,2016-10-21,expense_to_total_revenue,26.45,indicator.csv,expense_to_total_revenue,quarterly_direct,identity_q1_or_ytd_diff,
000001.XSHE,indicator,2016-09-30,2016q3,,2016-10-21,operation_profit_to_total_revenue,30.84,indicator.csv,operation_profit_to_total_revenue,quarterly_direct,identity_q1_or_ytd_diff,
000001.XSHE,indicator,2016-09-30,2016q3,,2016-10-21,net_profit_to_total_revenue,23.63,indicator.csv,net_profit_to_total_revenue,quarterly_direct,identity_q1_or_ytd_diff,
000001.XSHE,indicator,2016-09-30,2016q3,,2016-10-21,operating_expense_to_total_revenue,,indicator.csv,operating_expense_to_total_revenue,,identity_q1_or_ytd_diff,missing_raw_value
000001.XSHE,indicator,2016-09-30,2016q3,,2016-10-21,ga_expense_to_total_revenue,25.49,indicator.csv,ga_expense_to_total_revenue,quarterly_direct,identity_q1_or_ytd_diff,
000001.XSHE,indicator,2016-09-30,2016q3,,2016-10-21,financing_expense_to_total_revenue,,indicator.csv,financing_expense_to_total_revenue,,identity_q1_or_ytd_diff,missing_raw_value
000001.XSHE,indicator,2016-09-30,2016q3,,2016-10-21,operating_profit_to_profit,462.9,indicator.csv,operating_profit_to_profit,quarterly_direct,identity_q1_or_ytd_diff,
000001.XSHE,indicator,2016-09-30,2016q3,,2016-10-21,invesment_profit_to_profit,13.0,indicator.csv,invesment_profit_to_profit,quarterly_direct,identity_q1_or_ytd_diff,
000001.XSHE,indicator,2016-09-30,2016q3,,2016-10-21,adjusted_profit_to_profit,99.78,indicator.csv,adjusted_profit_to_profit,quarterly_direct,identity_q1_or_ytd_diff,
000001.XSHE,indicator,2016-09-30,2016q3,,2016-10-21,goods_sale_and_service_to_revenue,,indicator.csv,goods_sale_and_service_to_revenue,,identity_q1_or_ytd_diff,missing_raw_value
000001.XSHE,indicator,2016-09-30,2016q3,,2016-10-21,ocf_to_revenue,-440.25,indicator.csv,ocf_to_revenue,quarterly_direct,identity_q1_or_ytd_diff,
000001.XSHE,indicator,2016-09-30,2016q3,,2016-10-21,ocf_to_operating_profit,-307.74,indicator.csv,ocf_to_operating_profit,quarterly_direct,identity_q1_or_ytd_diff,
000001.XSHE,indicator,2016-09-30,2016q3,,2016-10-21,inc_total_revenue_year_on_year,10.67,indicator.csv,inc_total_revenue_year_on_year,quarterly_direct,identity_q1_or_ytd_diff,
000001.XSHE,indicator,2016-09-30,2016q3,,2016-10-21,inc_total_revenue_annual,-0.14,indicator.csv,inc_total_revenue_annual,quarterly_direct,identity_q1_or_ytd_diff,
000001.XSHE,indicator,2016-09-30,2016q3,,2016-10-21,inc_revenue_year_on_year,10.67,indicator.csv,inc_revenue_year_on_year,quarterly_direct,identity_q1_or_ytd_diff,
000001.XSHE,indicator,2016-09-30,2016q3,,2016-10-21,inc_revenue_annual,-0.14,indicator.csv,inc_revenue_annual,quarterly_direct,identity_q1_or_ytd_diff,
000001.XSHE,indicator,2016-09-30,2016q3,,2016-10-21,inc_operation_profit_year_on_year,4.37,indicator.csv,inc_operation_profit_year_on_year,quarterly_direct,identity_q1_or_ytd_diff,
000001.XSHE,indicator,2016-09-30,2016q3,,2016-10-21,inc_operation_profit_annual,3.03,indicator.csv,inc_operation_profit_annual,quarterly_direct,identity_q1_or_ytd_diff,
000001.XSHE,indicator,2016-09-30,2016q3,,2016-10-21,inc_net_profit_year_on_year,4.42,indicator.csv,inc_net_profit_year_on_year,quarterly_direct,identity_q1_or_ytd_diff,
000001.XSHE,indicator,2016-09-30,2016q3,,2016-10-21,inc_net_profit_annual,3.56,indicator.csv,inc_net_profit_annual,quarterly_direct,identity_q1_or_ytd_diff,
000001.XSHE,indicator,2016-09-30,2016q3,,2016-10-21,inc_net_profit_to_shareholders_year_on_year,4.42,indicator.csv,inc_net_profit_to_shareholders_year_on_year,quarterly_direct,identity_q1_or_ytd_diff,
000001.XSHE,indicator,2016-09-30,2016q3,,2016-10-21,inc_net_profit_to_shareholders_annual,3.56,indicator.csv,inc_net_profit_to_shareholders_annual,quarterly_direct,identity_q1_or_ytd_diff,
000001.XSHE,indicator,2016-12-31,2016q4,,2017-03-17,eps,0.226,indicator.csv,eps,quarterly_direct,identity_q1_or_ytd_diff,
000001.XSHE,indicator,2016-12-31,2016q4,,2017-03-17,adjusted_profit,3899000000.0,indicator.csv,adjusted_profit,quarterly_direct,identity_q1_or_ytd_diff,
000001.XSHE,indicator,2016-12-31,2016q4,,2017-03-17,operating_profit,-26536000000.0,indicator.csv,operating_profit,quarterly_direct,identity_q1_or_ytd_diff,
000001.XSHE,indicator,2016-12-31,2016q4,,2017-03-17,value_change_profit,155000000.0,indicator.csv,value_change_profit,quarterly_direct,identity_q1_or_ytd_diff,
000001.XSHE,indicator,2016-12-31,2016q4,,2017-03-17,roe,1.94,indicator.csv,roe,quarterly_direct,identity_q1_or_ytd_diff,
000001.XSHE,indicator,2016-12-31,2016q4,,2017-03-17,inc_return,1.95,indicator.csv,inc_return,quarterly_direct,identity_q1_or_ytd_diff,
000001.XSHE,indicator,2016-12-31,2016q4,,2017-03-17,roa,0.14,indicator.csv,roa,quarterly_direct,identity_q1_or_ytd_diff,
000001.XSHE,indicator,2016-12-31,2016q4,,2017-03-17,net_profit_margin,15.07,indicator.csv,net_profit_margin,quarterly_direct,identity_q1_or_ytd_diff,
000001.XSHE,indicator,2016-12-31,2016q4,,2017-03-17,gross_profit_margin,,indicator.csv,gross_profit_margin,,identity_q1_or_ytd_diff,missing_raw_value
000001.XSHE,indicator,2016-12-31,2016q4,,2017-03-17,expense_to_total_revenue,202.46,indicator.csv,expense_to_total_revenue,quarterly_direct,identity_q1_or_ytd_diff,
000001.XSHE,indicator,2016-12-31,2016q4,,2017-03-17,operation_profit_to_total_revenue,20.33,indicator.csv,operation_profit_to_total_revenue,quarterly_direct,identity_q1_or_ytd_diff,
000001.XSHE,indicator,2016-12-31,2016q4,,2017-03-17,net_profit_to_total_revenue,15.07,indicator.csv,net_profit_to_total_revenue,quarterly_direct,identity_q1_or_ytd_diff,
000001.XSHE,indicator,2016-12-31,2016q4,,2017-03-17,operating_expense_to_total_revenue,,indicator.csv,operating_expense_to_total_revenue,,identity_q1_or_ytd_diff,missing_raw_value
000001.XSHE,indicator,2016-12-31,2016q4,,2017-03-17,ga_expense_to_total_revenue,20.45,indicator.csv,ga_expense_to_total_revenue,quarterly_direct,identity_q1_or_ytd_diff,
000001.XSHE,indicator,2016-12-31,2016q4,,2017-03-17,financing_expense_to_total_revenue,,indicator.csv,financing_expense_to_total_revenue,,identity_q1_or_ytd_diff,missing_raw_value
000001.XSHE,indicator,2016-12-31,2016q4,,2017-03-17,operating_profit_to_profit,-493.69,indicator.csv,operating_profit_to_profit,quarterly_direct,identity_q1_or_ytd_diff,
000001.XSHE,indicator,2016-12-31,2016q4,,2017-03-17,invesment_profit_to_profit,2.88,indicator.csv,invesment_profit_to_profit,quarterly_direct,identity_q1_or_ytd_diff,
000001.XSHE,indicator,2016-12-31,2016q4,,2017-03-17,adjusted_profit_to_profit,100.49,indicator.csv,adjusted_profit_to_profit,quarterly_direct,identity_q1_or_ytd_diff,
000001.XSHE,indicator,2016-12-31,2016q4,,2017-03-17,goods_sale_and_service_to_revenue,,indicator.csv,goods_sale_and_service_to_revenue,,identity_q1_or_ytd_diff,missing_raw_value
000001.XSHE,indicator,2016-12-31,2016q4,,2017-03-17,ocf_to_revenue,636.7,indicator.csv,ocf_to_revenue,quarterly_direct,identity_q1_or_ytd_diff,
000001.XSHE,indicator,2016-12-31,2016q4,,2017-03-17,ocf_to_operating_profit,-617.77,indicator.csv,ocf_to_operating_profit,quarterly_direct,identity_q1_or_ytd_diff,
000001.XSHE,indicator,2016-12-31,2016q4,,2017-03-17,inc_total_revenue_year_on_year,2.94,indicator.csv,inc_total_revenue_year_on_year,quarterly_direct,identity_q1_or_ytd_diff,
000001.XSHE,indicator,2016-12-31,2016q4,,2017-03-17,inc_total_revenue_annual,-5.34,indicator.csv,inc_total_revenue_annual,quarterly_direct,identity_q1_or_ytd_diff,
000001.XSHE,indicator,2016-12-31,2016q4,,2017-03-17,inc_revenue_year_on_year,2.94,indicator.csv,inc_revenue_year_on_year,quarterly_direct,identity_q1_or_ytd_diff,
000001.XSHE,indicator,2016-12-31,2016q4,,2017-03-17,inc_revenue_annual,-5.34,indicator.csv,inc_revenue_annual,quarterly_direct,identity_q1_or_ytd_diff,
000001.XSHE,indicator,2016-12-31,2016q4,,2017-03-17,inc_operation_profit_year_on_year,-6.37,indicator.csv,inc_operation_profit_year_on_year,quarterly_direct,identity_q1_or_ytd_diff,
000001.XSHE,indicator,2016-12-31,2016q4,,2017-03-17,inc_operation_profit_annual,-37.61,indicator.csv,inc_operation_profit_annual,quarterly_direct,identity_q1_or_ytd_diff,
000001.XSHE,indicator,2016-12-31,2016q4,,2017-03-17,inc_net_profit_year_on_year,-5.94,indicator.csv,inc_net_profit_year_on_year,quarterly_direct,identity_q1_or_ytd_diff,
000001.XSHE,indicator,2016-12-31,2016q4,,2017-03-17,inc_net_profit_annual,-39.63,indicator.csv,inc_net_profit_annual,quarterly_direct,identity_q1_or_ytd_diff,
000001.XSHE,indicator,2016-12-31,2016q4,,2017-03-17,inc_net_profit_to_shareholders_year_on_year,-5.94,indicator.csv,inc_net_profit_to_shareholders_year_on_year,quarterly_direct,identity_q1_or_ytd_diff,
000001.XSHE,indicator,2016-12-31,2016q4,,2017-03-17,inc_net_profit_to_shareholders_annual,-39.63,indicator.csv,inc_net_profit_to_shareholders_annual,quarterly_direct,identity_q1_or_ytd_diff,
000001.XSHE,indicator,2017-03-31,2017q1,,2017-04-22,eps,0.3619,indicator.csv,eps,quarterly_direct,identity_q1_or_ytd_diff,
000001.XSHE,indicator,2017-03-31,2017q1,,2017-04-22,adjusted_profit,6211999744.0,indicator.csv,adjusted_profit,quarterly_direct,identity_q1_or_ytd_diff,
000001.XSHE,indicator,2017-03-31,2017q1,,2017-04-22,operating_profit,7597000192.0,indicator.csv,operating_profit,quarterly_direct,identity_q1_or_ytd_diff,
000001.XSHE,indicator,2017-03-31,2017q1,,2017-04-22,value_change_profit,631000000.0,indicator.csv,value_change_profit,quarterly_direct,identity_q1_or_ytd_diff,
000001.XSHE,indicator,2017-03-31,2017q1,,2017-04-22,roe,3.0319,indicator.csv,roe,quarterly_direct,identity_q1_or_ytd_diff,
000001.XSHE,indicator,2017-03-31,2017q1,,2017-04-22,inc_return,3.0309,indicator.csv,inc_return,quarterly_direct,identity_q1_or_ytd_diff,
000001.XSHE,indicator,2017-03-31,2017q1,,2017-04-22,roa,0.2085,indicator.csv,roa,quarterly_direct,identity_q1_or_ytd_diff,
000001.XSHE,indicator,2017-03-31,2017q1,,2017-04-22,net_profit_margin,22.4235,indicator.csv,net_profit_margin,quarterly_direct,identity_q1_or_ytd_diff,
000001.XSHE,indicator,2017-03-31,2017q1,,2017-04-22,gross_profit_margin,,indicator.csv,gross_profit_margin,,identity_q1_or_ytd_diff,missing_raw_value
000001.XSHE,indicator,2017-03-31,2017q1,,2017-04-22,expense_to_total_revenue,70.3089,indicator.csv,expense_to_total_revenue,quarterly_direct,identity_q1_or_ytd_diff,
000001.XSHE,indicator,2017-03-31,2017q1,,2017-04-22,operation_profit_to_total_revenue,29.6911,indicator.csv,operation_profit_to_total_revenue,quarterly_direct,identity_q1_or_ytd_diff,
000001.XSHE,indicator,2017-03-31,2017q1,,2017-04-22,net_profit_to_total_revenue,22.4235,indicator.csv,net_profit_to_total_revenue,quarterly_direct,identity_q1_or_ytd_diff,
000001.XSHE,indicator,2017-03-31,2017q1,,2017-04-22,operating_expense_to_total_revenue,,indicator.csv,operating_expense_to_total_revenue,,identity_q1_or_ytd_diff,missing_raw_value
000001.XSHE,indicator,2017-03-31,2017q1,,2017-04-22,ga_expense_to_total_revenue,24.5525,indicator.csv,ga_expense_to_total_revenue,quarterly_direct,identity_q1_or_ytd_diff,
000001.XSHE,indicator,2017-03-31,2017q1,,2017-04-22,financing_expense_to_total_revenue,,indicator.csv,financing_expense_to_total_revenue,,identity_q1_or_ytd_diff,missing_raw_value
000001.XSHE,indicator,2017-03-31,2017q1,,2017-04-22,operating_profit_to_profit,92.3086,indicator.csv,operating_profit_to_profit,quarterly_direct,identity_q1_or_ytd_diff,
000001.XSHE,indicator,2017-03-31,2017q1,,2017-04-22,invesment_profit_to_profit,7.6671,indicator.csv,invesment_profit_to_profit,quarterly_direct,identity_q1_or_ytd_diff,
000001.XSHE,indicator,2017-03-31,2017q1,,2017-04-22,adjusted_profit_to_profit,99.9678,indicator.csv,adjusted_profit_to_profit,quarterly_direct,identity_q1_or_ytd_diff,
000001.XSHE,indicator,2017-03-31,2017q1,,2017-04-22,goods_sale_and_service_to_revenue,,indicator.csv,goods_sale_and_service_to_revenue,,identity_q1_or_ytd_diff,missing_raw_value
000001.XSHE,indicator,2017-03-31,2017q1,,2017-04-22,ocf_to_revenue,-415.0115,indicator.csv,ocf_to_revenue,quarterly_direct,identity_q1_or_ytd_diff,
000001.XSHE,indicator,2017-03-31,2017q1,,2017-04-22,ocf_to_operating_profit,-1513.8607,indicator.csv,ocf_to_operating_profit,quarterly_direct,identity_q1_or_ytd_diff,
000001.XSHE,indicator,2017-03-31,2017q1,,2017-04-22,inc_total_revenue_year_on_year,0.6538,indicator.csv,inc_total_revenue_year_on_year,quarterly_direct,identity_q1_or_ytd_diff,
000001.XSHE,indicator,2017-03-31,2017q1,,2017-04-22,inc_total_revenue_annual,7.632000000000001,indicator.csv,inc_total_revenue_annual,quarterly_direct,identity_q1_or_ytd_diff,
000001.XSHE,indicator,2017-03-31,2017q1,,2017-04-22,inc_revenue_year_on_year,0.6538,indicator.csv,inc_revenue_year_on_year,quarterly_direct,identity_q1_or_ytd_diff,
000001.XSHE,indicator,2017-03-31,2017q1,,2017-04-22,inc_revenue_annual,7.632000000000001,indicator.csv,inc_revenue_annual,quarterly_direct,identity_q1_or_ytd_diff,
000001.XSHE,indicator,2017-03-31,2017q1,,2017-04-22,inc_operation_profit_year_on_year,2.6703,indicator.csv,inc_operation_profit_year_on_year,quarterly_direct,identity_q1_or_ytd_diff,
000001.XSHE,indicator,2017-03-31,2017q1,,2017-04-22,inc_operation_profit_annual,57.2029,indicator.csv,inc_operation_profit_annual,quarterly_direct,identity_q1_or_ytd_diff,
000001.XSHE,indicator,2017-03-31,2017q1,,2017-04-22,inc_net_profit_year_on_year,2.1032,indicator.csv,inc_net_profit_year_on_year,quarterly_direct,identity_q1_or_ytd_diff,
000001.XSHE,indicator,2017-03-31,2017q1,,2017-04-22,inc_net_profit_annual,60.1546,indicator.csv,inc_net_profit_annual,quarterly_direct,identity_q1_or_ytd_diff,
000001.XSHE,indicator,2017-03-31,2017q1,,2017-04-22,inc_net_profit_to_shareholders_year_on_year,2.1032,indicator.csv,inc_net_profit_to_shareholders_year_on_year,quarterly_direct,identity_q1_or_ytd_diff,
000001.XSHE,indicator,2017-03-31,2017q1,,2017-04-22,inc_net_profit_to_shareholders_annual,60.1546,indicator.csv,inc_net_profit_to_shareholders_annual,quarterly_direct,identity_q1_or_ytd_diff,
000001.XSHE,indicator,2017-06-30,2017q2,,2017-08-11,eps,0.3692,indicator.csv,eps,quarterly_direct,identity_q1_or_ytd_diff,
000001.XSHE,indicator,2017-06-30,2017q2,,2017-08-11,adjusted_profit,6300000256.0,indicator.csv,adjusted_profit,quarterly_direct,identity_q1_or_ytd_diff,
000001.XSHE,indicator,2017-06-30,2017q2,,2017-08-11,operating_profit,8001999872.0,indicator.csv,operating_profit,quarterly_direct,identity_q1_or_ytd_diff,
000001.XSHE,indicator,2017-06-30,2017q2,,2017-08-11,value_change_profit,177000000.0,indicator.csv,value_change_profit,quarterly_direct,identity_q1_or_ytd_diff,
000001.XSHE,indicator,2017-06-30,2017q2,,2017-08-11,roe,3.0249,indicator.csv,roe,quarterly_direct,identity_q1_or_ytd_diff,
000001.XSHE,indicator,2017-06-30,2017q2,,2017-08-11,inc_return,3.0058,indicator.csv,inc_return,quarterly_direct,identity_q1_or_ytd_diff,
000001.XSHE,indicator,2017-06-30,2017q2,,2017-08-11,roa,0.2079,indicator.csv,roa,quarterly_direct,identity_q1_or_ytd_diff,
000001.XSHE,indicator,2017-06-30,2017q2,,2017-08-11,net_profit_margin,24.0507,indicator.csv,net_profit_margin,quarterly_direct,identity_q1_or_ytd_diff,
000001.XSHE,indicator,2017-06-30,2017q2,,2017-08-11,gross_profit_margin,,indicator.csv,gross_profit_margin,,identity_q1_or_ytd_diff,missing_raw_value
000001.XSHE,indicator,2017-06-30,2017q2,,2017-08-11,expense_to_total_revenue,68.7417,indicator.csv,expense_to_total_revenue,quarterly_direct,identity_q1_or_ytd_diff,
000001.XSHE,indicator,2017-06-30,2017q2,,2017-08-11,operation_profit_to_total_revenue,31.2583,indicator.csv,operation_profit_to_total_revenue,quarterly_direct,identity_q1_or_ytd_diff,
000001.XSHE,indicator,2017-06-30,2017q2,,2017-08-11,net_profit_to_total_revenue,24.0507,indicator.csv,net_profit_to_total_revenue,quarterly_direct,identity_q1_or_ytd_diff,
000001.XSHE,indicator,2017-06-30,2017q2,,2017-08-11,operating_expense_to_total_revenue,,indicator.csv,operating_expense_to_total_revenue,,identity_q1_or_ytd_diff,missing_raw_value
000001.XSHE,indicator,2017-06-30,2017q2,,2017-08-11,ga_expense_to_total_revenue,24.9687,indicator.csv,ga_expense_to_total_revenue,quarterly_direct,identity_q1_or_ytd_diff,
000001.XSHE,indicator,2017-06-30,2017q2,,2017-08-11,financing_expense_to_total_revenue,,indicator.csv,financing_expense_to_total_revenue,,identity_q1_or_ytd_diff,missing_raw_value
000001.XSHE,indicator,2017-06-30,2017q2,,2017-08-11,operating_profit_to_profit,97.5616,indicator.csv,operating_profit_to_profit,quarterly_direct,identity_q1_or_ytd_diff,
000001.XSHE,indicator,2017-06-30,2017q2,,2017-08-11,invesment_profit_to_profit,2.158,indicator.csv,invesment_profit_to_profit,quarterly_direct,identity_q1_or_ytd_diff,
000001.XSHE,indicator,2017-06-30,2017q2,,2017-08-11,adjusted_profit_to_profit,99.3691,indicator.csv,adjusted_profit_to_profit,quarterly_direct,identity_q1_or_ytd_diff,
000001.XSHE,indicator,2017-06-30,2017q2,,2017-08-11,goods_sale_and_service_to_revenue,,indicator.csv,goods_sale_and_service_to_revenue,,identity_q1_or_ytd_diff,missing_raw_value
000001.XSHE,indicator,2017-06-30,2017q2,,2017-08-11,ocf_to_revenue,-49.9678,indicator.csv,ocf_to_revenue,quarterly_direct,identity_q1_or_ytd_diff,
000001.XSHE,indicator,2017-06-30,2017q2,,2017-08-11,ocf_to_operating_profit,-164.6088,indicator.csv,ocf_to_operating_profit,quarterly_direct,identity_q1_or_ytd_diff,
000001.XSHE,indicator,2017-06-30,2017q2,,2017-08-11,inc_total_revenue_year_on_year,-3.2162,indicator.csv,inc_total_revenue_year_on_year,quarterly_direct,identity_q1_or_ytd_diff,
000001.XSHE,indicator,2017-06-30,2017q2,,2017-08-11,inc_total_revenue_annual,-4.8751,indicator.csv,inc_total_revenue_annual,quarterly_direct,identity_q1_or_ytd_diff,
000001.XSHE,indicator,2017-06-30,2017q2,,2017-08-11,inc_revenue_year_on_year,-3.2162,indicator.csv,inc_revenue_year_on_year,quarterly_direct,identity_q1_or_ytd_diff,
000001.XSHE,indicator,2017-06-30,2017q2,,2017-08-11,inc_revenue_annual,-4.8751,indicator.csv,inc_revenue_annual,quarterly_direct,identity_q1_or_ytd_diff,
000001.XSHE,indicator,2017-06-30,2017q2,,2017-08-11,inc_operation_profit_year_on_year,1.2036,indicator.csv,inc_operation_profit_year_on_year,quarterly_direct,identity_q1_or_ytd_diff,
000001.XSHE,indicator,2017-06-30,2017q2,,2017-08-11,inc_operation_profit_annual,0.1458,indicator.csv,inc_operation_profit_annual,quarterly_direct,identity_q1_or_ytd_diff,
000001.XSHE,indicator,2017-06-30,2017q2,,2017-08-11,inc_net_profit_year_on_year,2.1592,indicator.csv,inc_net_profit_year_on_year,quarterly_direct,identity_q1_or_ytd_diff,
000001.XSHE,indicator,2017-06-30,2017q2,,2017-08-11,inc_net_profit_annual,2.0277,indicator.csv,inc_net_profit_annual,quarterly_direct,identity_q1_or_ytd_diff,
000001.XSHE,indicator,2017-06-30,2017q2,,2017-08-11,inc_net_profit_to_shareholders_year_on_year,2.1592,indicator.csv,inc_net_profit_to_shareholders_year_on_year,quarterly_direct,identity_q1_or_ytd_diff,
000001.XSHE,indicator,2017-06-30,2017q2,,2017-08-11,inc_net_profit_to_shareholders_annual,2.0277,indicator.csv,inc_net_profit_to_shareholders_annual,quarterly_direct,identity_q1_or_ytd_diff,
000001.XSHE,indicator,2017-09-30,2017q3,,2017-10-21,eps,0.38,indicator.csv,eps,quarterly_direct,identity_q1_or_ytd_diff,
000001.XSHE,indicator,2017-09-30,2017q3,,2017-10-21,adjusted_profit,6618000000.0,indicator.csv,adjusted_profit,quarterly_direct,identity_q1_or_ytd_diff,
000001.XSHE,indicator,2017-09-30,2017q3,,2017-10-21,operating_profit,8341000000.0,indicator.csv,operating_profit,quarterly_direct,identity_q1_or_ytd_diff,
000001.XSHE,indicator,2017-09-30,2017q3,,2017-10-21,value_change_profit,150000000.0,indicator.csv,value_change_profit,quarterly_direct,identity_q1_or_ytd_diff,
000001.XSHE,indicator,2017-09-30,2017q3,,2017-10-21,roe,3.0724,indicator.csv,roe,quarterly_direct,identity_q1_or_ytd_diff,
000001.XSHE,indicator,2017-09-30,2017q3,,2017-10-21,inc_return,3.0813,indicator.csv,inc_return,quarterly_direct,identity_q1_or_ytd_diff,
000001.XSHE,indicator,2017-09-30,2017q3,,2017-10-21,roa,0.2119,indicator.csv,roa,quarterly_direct,identity_q1_or_ytd_diff,
000001.XSHE,indicator,2017-09-30,2017q3,,2017-10-21,net_profit_margin,25.6172,indicator.csv,net_profit_margin,quarterly_direct,identity_q1_or_ytd_diff,
000001.XSHE,indicator,2017-09-30,2017q3,,2017-10-21,gross_profit_margin,,indicator.csv,gross_profit_margin,,identity_q1_or_ytd_diff,missing_raw_value
000001.XSHE,indicator,2017-09-30,2017q3,,2017-10-21,expense_to_total_revenue,66.8789,indicator.csv,expense_to_total_revenue,quarterly_direct,identity_q1_or_ytd_diff,
000001.XSHE,indicator,2017-09-30,2017q3,,2017-10-21,operation_profit_to_total_revenue,33.1211,indicator.csv,operation_profit_to_total_revenue,quarterly_direct,identity_q1_or_ytd_diff,
000001.XSHE,indicator,2017-09-30,2017q3,,2017-10-21,net_profit_to_total_revenue,25.6172,indicator.csv,net_profit_to_total_revenue,quarterly_direct,identity_q1_or_ytd_diff,
000001.XSHE,indicator,2017-09-30,2017q3,,2017-10-21,operating_expense_to_total_revenue,,indicator.csv,operating_expense_to_total_revenue,,identity_q1_or_ytd_diff,missing_raw_value
000001.XSHE,indicator,2017-09-30,2017q3,,2017-10-21,ga_expense_to_total_revenue,30.5978,indicator.csv,ga_expense_to_total_revenue,quarterly_direct,identity_q1_or_ytd_diff,
000001.XSHE,indicator,2017-09-30,2017q3,,2017-10-21,financing_expense_to_total_revenue,,indicator.csv,financing_expense_to_total_revenue,,identity_q1_or_ytd_diff,missing_raw_value
000001.XSHE,indicator,2017-09-30,2017q3,,2017-10-21,operating_profit_to_profit,98.0487,indicator.csv,operating_profit_to_profit,quarterly_direct,identity_q1_or_ytd_diff,
000001.XSHE,indicator,2017-09-30,2017q3,,2017-10-21,invesment_profit_to_profit,1.7633,indicator.csv,invesment_profit_to_profit,quarterly_direct,identity_q1_or_ytd_diff,
000001.XSHE,indicator,2017-09-30,2017q3,,2017-10-21,adjusted_profit_to_profit,100.2879,indicator.csv,adjusted_profit_to_profit,quarterly_direct,identity_q1_or_ytd_diff,
000001.XSHE,indicator,2017-09-30,2017q3,,2017-10-21,goods_sale_and_service_to_revenue,,indicator.csv,goods_sale_and_service_to_revenue,,identity_q1_or_ytd_diff,missing_raw_value
000001.XSHE,indicator,2017-09-30,2017q3,,2017-10-21,ocf_to_revenue,-115.7104,indicator.csv,ocf_to_revenue,quarterly_direct,identity_q1_or_ytd_diff,
000001.XSHE,indicator,2017-09-30,2017q3,,2017-10-21,ocf_to_operating_profit,-357.3552,indicator.csv,ocf_to_operating_profit,quarterly_direct,identity_q1_or_ytd_diff,
000001.XSHE,indicator,2017-09-30,2017q3,,2017-10-21,inc_total_revenue_year_on_year,-5.2906,indicator.csv,inc_total_revenue_year_on_year,quarterly_direct,identity_q1_or_ytd_diff,
000001.XSHE,indicator,2017-09-30,2017q3,,2017-10-21,inc_total_revenue_annual,-2.2799,indicator.csv,inc_total_revenue_annual,quarterly_direct,identity_q1_or_ytd_diff,
000001.XSHE,indicator,2017-09-30,2017q3,,2017-10-21,inc_revenue_year_on_year,-5.2906,indicator.csv,inc_revenue_year_on_year,quarterly_direct,identity_q1_or_ytd_diff,
000001.XSHE,indicator,2017-09-30,2017q3,,2017-10-21,inc_revenue_annual,-2.2799,indicator.csv,inc_revenue_annual,quarterly_direct,identity_q1_or_ytd_diff,
000001.XSHE,indicator,2017-09-30,2017q3,,2017-10-21,inc_operation_profit_year_on_year,1.7046,indicator.csv,inc_operation_profit_year_on_year,quarterly_direct,identity_q1_or_ytd_diff,
000001.XSHE,indicator,2017-09-30,2017q3,,2017-10-21,inc_operation_profit_annual,3.5437,indicator.csv,inc_operation_profit_annual,quarterly_direct,identity_q1_or_ytd_diff,
000001.XSHE,indicator,2017-09-30,2017q3,,2017-10-21,inc_net_profit_year_on_year,2.6762,indicator.csv,inc_net_profit_year_on_year,quarterly_direct,identity_q1_or_ytd_diff,
000001.XSHE,indicator,2017-09-30,2017q3,,2017-10-21,inc_net_profit_annual,4.0852,indicator.csv,inc_net_profit_annual,quarterly_direct,identity_q1_or_ytd_diff,
000001.XSHE,indicator,2017-09-30,2017q3,,2017-10-21,inc_net_profit_to_shareholders_year_on_year,2.6762,indicator.csv,inc_net_profit_to_shareholders_year_on_year,quarterly_direct,identity_q1_or_ytd_diff,
000001.XSHE,indicator,2017-09-30,2017q3,,2017-10-21,inc_net_profit_to_shareholders_annual,4.0852,indicator.csv,inc_net_profit_to_shareholders_annual,quarterly_direct,identity_q1_or_ytd_diff,
000001.XSHE,indicator,2017-12-31,2017q4,,2018-03-15,eps,0.2351,indicator.csv,eps,quarterly_direct,identity_q1_or_ytd_diff,
000001.XSHE,indicator,2017-12-31,2017q4,,2018-03-15,adjusted_profit,4032000000.0,indicator.csv,adjusted_profit,quarterly_direct,identity_q1_or_ytd_diff,
000001.XSHE,indicator,2017-12-31,2017q4,,2018-03-15,operating_profit,5366000000.0,indicator.csv,operating_profit,quarterly_direct,identity_q1_or_ytd_diff,
000001.XSHE,indicator,2017-12-31,2017q4,,2018-03-15,value_change_profit,-221000000.0,indicator.csv,value_change_profit,quarterly_direct,identity_q1_or_ytd_diff,
000001.XSHE,indicator,2017-12-31,2017q4,,2018-03-15,roe,1.8339,indicator.csv,roe,quarterly_direct,identity_q1_or_ytd_diff,
000001.XSHE,indicator,2017-12-31,2017q4,,2018-03-15,inc_return,1.832,indicator.csv,inc_return,quarterly_direct,identity_q1_or_ytd_diff,
000001.XSHE,indicator,2017-12-31,2017q4,,2018-03-15,roa,0.1264,indicator.csv,roa,quarterly_direct,identity_q1_or_ytd_diff,
000001.XSHE,indicator,2017-12-31,2017q4,,2018-03-15,net_profit_margin,15.5512,indicator.csv,net_profit_margin,quarterly_direct,identity_q1_or_ytd_diff,
000001.XSHE,indicator,2017-12-31,2017q4,,2018-03-15,gross_profit_margin,,indicator.csv,gross_profit_margin,,identity_q1_or_ytd_diff,missing_raw_value
000001.XSHE,indicator,2017-12-31,2017q4,,2018-03-15,expense_to_total_revenue,79.8752,indicator.csv,expense_to_total_revenue,quarterly_direct,identity_q1_or_ytd_diff,
000001.XSHE,indicator,2017-12-31,2017q4,,2018-03-15,operation_profit_to_total_revenue,20.1248,indicator.csv,operation_profit_to_total_revenue,quarterly_direct,identity_q1_or_ytd_diff,
000001.XSHE,indicator,2017-12-31,2017q4,,2018-03-15,net_profit_to_total_revenue,15.5512,indicator.csv,net_profit_to_total_revenue,quarterly_direct,identity_q1_or_ytd_diff,
000001.XSHE,indicator,2017-12-31,2017q4,,2018-03-15,operating_expense_to_total_revenue,,indicator.csv,operating_expense_to_total_revenue,,identity_q1_or_ytd_diff,missing_raw_value
000001.XSHE,indicator,2017-12-31,2017q4,,2018-03-15,ga_expense_to_total_revenue,39.8721,indicator.csv,ga_expense_to_total_revenue,quarterly_direct,identity_q1_or_ytd_diff,
000001.XSHE,indicator,2017-12-31,2017q4,,2018-03-15,financing_expense_to_total_revenue,,indicator.csv,financing_expense_to_total_revenue,,identity_q1_or_ytd_diff,missing_raw_value
000001.XSHE,indicator,2017-12-31,2017q4,,2018-03-15,operating_profit_to_profit,102.8363,indicator.csv,operating_profit_to_profit,quarterly_direct,identity_q1_or_ytd_diff,
000001.XSHE,indicator,2017-12-31,2017q4,,2018-03-15,invesment_profit_to_profit,-4.2353,indicator.csv,invesment_profit_to_profit,quarterly_direct,identity_q1_or_ytd_diff,
000001.XSHE,indicator,2017-12-31,2017q4,,2018-03-15,adjusted_profit_to_profit,99.9009,indicator.csv,adjusted_profit_to_profit,quarterly_direct,identity_q1_or_ytd_diff,
000001.XSHE,indicator,2017-12-31,2017q4,,2018-03-15,goods_sale_and_service_to_revenue,,indicator.csv,goods_sale_and_service_to_revenue,,identity_q1_or_ytd_diff,missing_raw_value
000001.XSHE,indicator,2017-12-31,2017q4,,2018-03-15,ocf_to_revenue,151.0692,indicator.csv,ocf_to_revenue,quarterly_direct,identity_q1_or_ytd_diff,
000001.XSHE,indicator,2017-12-31,2017q4,,2018-03-15,ocf_to_operating_profit,730.6560000000001,indicator.csv,ocf_to_operating_profit,quarterly_direct,identity_q1_or_ytd_diff,
000001.XSHE,indicator,2017-12-31,2017q4,,2018-03-15,inc_total_revenue_year_on_year,0.8001,indicator.csv,inc_total_revenue_year_on_year,quarterly_direct,identity_q1_or_ytd_diff,
000001.XSHE,indicator,2017-12-31,2017q4,,2018-03-15,inc_total_revenue_annual,0.7492,indicator.csv,inc_total_revenue_annual,quarterly_direct,identity_q1_or_ytd_diff,
000001.XSHE,indicator,2017-12-31,2017q4,,2018-03-15,inc_revenue_year_on_year,0.8001,indicator.csv,inc_revenue_year_on_year,quarterly_direct,identity_q1_or_ytd_diff,
000001.XSHE,indicator,2017-12-31,2017q4,,2018-03-15,inc_revenue_annual,0.7492,indicator.csv,inc_revenue_annual,quarterly_direct,identity_q1_or_ytd_diff,
000001.XSHE,indicator,2017-12-31,2017q4,,2018-03-15,inc_operation_profit_year_on_year,-0.2102,indicator.csv,inc_operation_profit_year_on_year,quarterly_direct,identity_q1_or_ytd_diff,
000001.XSHE,indicator,2017-12-31,2017q4,,2018-03-15,inc_operation_profit_annual,-38.7834,indicator.csv,inc_operation_profit_annual,quarterly_direct,identity_q1_or_ytd_diff,
000001.XSHE,indicator,2017-12-31,2017q4,,2018-03-15,inc_net_profit_year_on_year,4.0206,indicator.csv,inc_net_profit_year_on_year,quarterly_direct,identity_q1_or_ytd_diff,
000001.XSHE,indicator,2017-12-31,2017q4,,2018-03-15,inc_net_profit_annual,-38.8392,indicator.csv,inc_net_profit_annual,quarterly_direct,identity_q1_or_ytd_diff,
000001.XSHE,indicator,2017-12-31,2017q4,,2018-03-15,inc_net_profit_to_shareholders_year_on_year,4.0206,indicator.csv,inc_net_profit_to_shareholders_year_on_year,quarterly_direct,identity_q1_or_ytd_diff,
000001.XSHE,indicator,2017-12-31,2017q4,,2018-03-15,inc_net_profit_to_shareholders_annual,-38.8392,indicator.csv,inc_net_profit_to_shareholders_annual,quarterly_direct,identity_q1_or_ytd_diff,
000001.XSHE,indicator,2018-03-31,2018q1,,2018-04-20,eps,0.3841,indicator.csv,eps,quarterly_direct,identity_q1_or_ytd_diff,
000001.XSHE,indicator,2018-03-31,2018q1,,2018-04-20,adjusted_profit,6555000000.0,indicator.csv,adjusted_profit,quarterly_direct,identity_q1_or_ytd_diff,
000001.XSHE,indicator,2018-03-31,2018q1,,2018-04-20,operating_profit,7915000000.0,indicator.csv,operating_profit,quarterly_direct,identity_q1_or_ytd_diff,
000001.XSHE,indicator,2018-03-31,2018q1,,2018-04-20,value_change_profit,611000000.0,indicator.csv,value_change_profit,quarterly_direct,identity_q1_or_ytd_diff,
000001.XSHE,indicator,2018-03-31,2018q1,,2018-04-20,roe,2.9611,indicator.csv,roe,quarterly_direct,identity_q1_or_ytd_diff,
000001.XSHE,indicator,2018-03-31,2018q1,,2018-04-20,inc_return,2.9431,indicator.csv,inc_return,quarterly_direct,identity_q1_or_ytd_diff,
000001.XSHE,indicator,2018-03-31,2018q1,,2018-04-20,roa,0.2002,indicator.csv,roa,quarterly_direct,identity_q1_or_ytd_diff,
000001.XSHE,indicator,2018-03-31,2018q1,,2018-04-20,net_profit_margin,23.5317,indicator.csv,net_profit_margin,quarterly_direct,identity_q1_or_ytd_diff,
000001.XSHE,indicator,2018-03-31,2018q1,,2018-04-20,gross_profit_margin,,indicator.csv,gross_profit_margin,,identity_q1_or_ytd_diff,missing_raw_value
000001.XSHE,indicator,2018-03-31,2018q1,,2018-04-20,expense_to_total_revenue,69.3713,indicator.csv,expense_to_total_revenue,quarterly_direct,identity_q1_or_ytd_diff,
000001.XSHE,indicator,2018-03-31,2018q1,,2018-04-20,operation_profit_to_total_revenue,30.6287,indicator.csv,operation_profit_to_total_revenue,quarterly_direct,identity_q1_or_ytd_diff,
000001.XSHE,indicator,2018-03-31,2018q1,,2018-04-20,net_profit_to_total_revenue,23.5317,indicator.csv,net_profit_to_total_revenue,quarterly_direct,identity_q1_or_ytd_diff,
000001.XSHE,indicator,2018-03-31,2018q1,,2018-04-20,operating_expense_to_total_revenue,,indicator.csv,operating_expense_to_total_revenue,,identity_q1_or_ytd_diff,missing_raw_value
000001.XSHE,indicator,2018-03-31,2018q1,,2018-04-20,ga_expense_to_total_revenue,30.3647,indicator.csv,ga_expense_to_total_revenue,quarterly_direct,identity_q1_or_ytd_diff,
000001.XSHE,indicator,2018-03-31,2018q1,,2018-04-20,financing_expense_to_total_revenue,,indicator.csv,financing_expense_to_total_revenue,,identity_q1_or_ytd_diff,missing_raw_value
000001.XSHE,indicator,2018-03-31,2018q1,,2018-04-20,operating_profit_to_profit,92.3894,indicator.csv,operating_profit_to_profit,quarterly_direct,identity_q1_or_ytd_diff,
000001.XSHE,indicator,2018-03-31,2018q1,,2018-04-20,invesment_profit_to_profit,7.132000000000001,indicator.csv,invesment_profit_to_profit,quarterly_direct,identity_q1_or_ytd_diff,
000001.XSHE,indicator,2018-03-31,2018q1,,2018-04-20,adjusted_profit_to_profit,99.3935,indicator.csv,adjusted_profit_to_profit,quarterly_direct,identity_q1_or_ytd_diff,
000001.XSHE,indicator,2018-03-31,2018q1,,2018-04-20,goods_sale_and_service_to_revenue,,indicator.csv,goods_sale_and_service_to_revenue,,identity_q1_or_ytd_diff,missing_raw_value
000001.XSHE,indicator,2018-03-31,2018q1,,2018-04-20,ocf_to_revenue,147.8698,indicator.csv,ocf_to_revenue,quarterly_direct,identity_q1_or_ytd_diff,
000001.XSHE,indicator,2018-03-31,2018q1,,2018-04-20,ocf_to_operating_profit,523.5881,indicator.csv,ocf_to_operating_profit,quarterly_direct,identity_q1_or_ytd_diff,
000001.XSHE,indicator,2018-03-31,2018q1,,2018-04-20,inc_total_revenue_year_on_year,1.082,indicator.csv,inc_total_revenue_year_on_year,quarterly_direct,identity_q1_or_ytd_diff,
000001.XSHE,indicator,2018-03-31,2018q1,,2018-04-20,inc_total_revenue_annual,7.9875,indicator.csv,inc_total_revenue_annual,quarterly_direct,identity_q1_or_ytd_diff,
000001.XSHE,indicator,2018-03-31,2018q1,,2018-04-20,inc_revenue_year_on_year,1.082,indicator.csv,inc_revenue_year_on_year,quarterly_direct,identity_q1_or_ytd_diff,
000001.XSHE,indicator,2018-03-31,2018q1,,2018-04-20,inc_revenue_annual,7.9875,indicator.csv,inc_revenue_annual,quarterly_direct,identity_q1_or_ytd_diff,
000001.XSHE,indicator,2018-03-31,2018q1,,2018-04-20,inc_operation_profit_year_on_year,4.1495,indicator.csv,inc_operation_profit_year_on_year,quarterly_direct,identity_q1_or_ytd_diff,
000001.XSHE,indicator,2018-03-31,2018q1,,2018-04-20,inc_operation_profit_annual,64.35,indicator.csv,inc_operation_profit_annual,quarterly_direct,identity_q1_or_ytd_diff,
000001.XSHE,indicator,2018-03-31,2018q1,,2018-04-20,inc_net_profit_year_on_year,6.1313,indicator.csv,inc_net_profit_year_on_year,quarterly_direct,identity_q1_or_ytd_diff,
000001.XSHE,indicator,2018-03-31,2018q1,,2018-04-20,inc_net_profit_annual,63.4044,indicator.csv,inc_net_profit_annual,quarterly_direct,identity_q1_or_ytd_diff,
000001.XSHE,indicator,2018-03-31,2018q1,,2018-04-20,inc_net_profit_to_shareholders_year_on_year,6.1313,indicator.csv,inc_net_profit_to_shareholders_year_on_year,quarterly_direct,identity_q1_or_ytd_diff,
000001.XSHE,indicator,2018-03-31,2018q1,,2018-04-20,inc_net_profit_to_shareholders_annual,63.4044,indicator.csv,inc_net_profit_to_shareholders_annual,quarterly_direct,identity_q1_or_ytd_diff,
000001.XSHE,indicator,2018-06-30,2018q2,,2018-08-16,eps,0.3947,indicator.csv,eps,quarterly_direct,identity_q1_or_ytd_diff,
000001.XSHE,indicator,2018-06-30,2018q2,,2018-08-16,adjusted_profit,6771000000.0,indicator.csv,adjusted_profit,quarterly_direct,identity_q1_or_ytd_diff,
000001.XSHE,indicator,2018-06-30,2018q2,,2018-08-16,operating_profit,7730000000.0,indicator.csv,operating_profit,quarterly_direct,identity_q1_or_ytd_diff,
000001.XSHE,indicator,2018-06-30,2018q2,,2018-08-16,value_change_profit,1061000000.0,indicator.csv,value_change_profit,quarterly_direct,identity_q1_or_ytd_diff,
000001.XSHE,indicator,2018-06-30,2018q2,,2018-08-16,roe,3.0,indicator.csv,roe,quarterly_direct,identity_q1_or_ytd_diff,
000001.XSHE,indicator,2018-06-30,2018q2,,2018-08-16,inc_return,3.0,indicator.csv,inc_return,quarterly_direct,identity_q1_or_ytd_diff,
000001.XSHE,indicator,2018-06-30,2018q2,,2018-08-16,roa,0.2,indicator.csv,roa,quarterly_direct,identity_q1_or_ytd_diff,
000001.XSHE,indicator,2018-06-30,2018q2,,2018-08-16,net_profit_margin,23.2,indicator.csv,net_profit_margin,quarterly_direct,identity_q1_or_ytd_diff,
000001.XSHE,indicator,2018-06-30,2018q2,,2018-08-16,gross_profit_margin,,indicator.csv,gross_profit_margin,,identity_q1_or_ytd_diff,missing_raw_value
000001.XSHE,indicator,2018-06-30,2018q2,,2018-08-16,expense_to_total_revenue,69.82,indicator.csv,expense_to_total_revenue,quarterly_direct,identity_q1_or_ytd_diff,
000001.XSHE,indicator,2018-06-30,2018q2,,2018-08-16,operation_profit_to_total_revenue,30.18,indicator.csv,operation_profit_to_total_revenue,quarterly_direct,identity_q1_or_ytd_diff,
000001.XSHE,indicator,2018-06-30,2018q2,,2018-08-16,net_profit_to_total_revenue,23.2,indicator.csv,net_profit_to_total_revenue,quarterly_direct,identity_q1_or_ytd_diff,
000001.XSHE,indicator,2018-06-30,2018q2,,2018-08-16,operating_expense_to_total_revenue,,indicator.csv,operating_expense_to_total_revenue,,identity_q1_or_ytd_diff,missing_raw_value
000001.XSHE,indicator,2018-06-30,2018q2,,2018-08-16,ga_expense_to_total_revenue,28.99,indicator.csv,ga_expense_to_total_revenue,quarterly_direct,identity_q1_or_ytd_diff,
000001.XSHE,indicator,2018-06-30,2018q2,,2018-08-16,financing_expense_to_total_revenue,,indicator.csv,financing_expense_to_total_revenue,,identity_q1_or_ytd_diff,missing_raw_value
000001.XSHE,indicator,2018-06-30,2018q2,,2018-08-16,operating_profit_to_profit,87.84,indicator.csv,operating_profit_to_profit,quarterly_direct,identity_q1_or_ytd_diff,
000001.XSHE,indicator,2018-06-30,2018q2,,2018-08-16,invesment_profit_to_profit,12.06,indicator.csv,invesment_profit_to_profit,quarterly_direct,identity_q1_or_ytd_diff,
000001.XSHE,indicator,2018-06-30,2018q2,,2018-08-16,adjusted_profit_to_profit,99.91,indicator.csv,adjusted_profit_to_profit,quarterly_direct,identity_q1_or_ytd_diff,
000001.XSHE,indicator,2018-06-30,2018q2,,2018-08-16,goods_sale_and_service_to_revenue,,indicator.csv,goods_sale_and_service_to_revenue,,identity_q1_or_ytd_diff,missing_raw_value
000001.XSHE,indicator,2018-06-30,2018q2,,2018-08-16,ocf_to_revenue,-116.33,indicator.csv,ocf_to_revenue,quarterly_direct,identity_q1_or_ytd_diff,
000001.XSHE,indicator,2018-06-30,2018q2,,2018-08-16,ocf_to_operating_profit,-439.68,indicator.csv,ocf_to_operating_profit,quarterly_direct,identity_q1_or_ytd_diff,
000001.XSHE,indicator,2018-06-30,2018q2,,2018-08-16,inc_total_revenue_year_on_year,10.9,indicator.csv,inc_total_revenue_year_on_year,quarterly_direct,identity_q1_or_ytd_diff,
000001.XSHE,indicator,2018-06-30,2018q2,,2018-08-16,inc_total_revenue_annual,4.24,indicator.csv,inc_total_revenue_annual,quarterly_direct,identity_q1_or_ytd_diff,
000001.XSHE,indicator,2018-06-30,2018q2,,2018-08-16,inc_revenue_year_on_year,10.9,indicator.csv,inc_revenue_year_on_year,quarterly_direct,identity_q1_or_ytd_diff,
000001.XSHE,indicator,2018-06-30,2018q2,,2018-08-16,inc_revenue_annual,4.24,indicator.csv,inc_revenue_annual,quarterly_direct,identity_q1_or_ytd_diff,
000001.XSHE,indicator,2018-06-30,2018q2,,2018-08-16,inc_operation_profit_year_on_year,7.25,indicator.csv,inc_operation_profit_year_on_year,quarterly_direct,identity_q1_or_ytd_diff,
000001.XSHE,indicator,2018-06-30,2018q2,,2018-08-16,inc_operation_profit_annual,2.73,indicator.csv,inc_operation_profit_annual,quarterly_direct,identity_q1_or_ytd_diff,
000001.XSHE,indicator,2018-06-30,2018q2,,2018-08-16,inc_net_profit_year_on_year,6.89,indicator.csv,inc_net_profit_year_on_year,quarterly_direct,identity_q1_or_ytd_diff,
000001.XSHE,indicator,2018-06-30,2018q2,,2018-08-16,inc_net_profit_annual,2.76,indicator.csv,inc_net_profit_annual,quarterly_direct,identity_q1_or_ytd_diff,
000001.XSHE,indicator,2018-06-30,2018q2,,2018-08-16,inc_net_profit_to_shareholders_year_on_year,6.89,indicator.csv,inc_net_profit_to_shareholders_year_on_year,quarterly_direct,identity_q1_or_ytd_diff,
000001.XSHE,indicator,2018-06-30,2018q2,,2018-08-16,inc_net_profit_to_shareholders_annual,2.76,indicator.csv,inc_net_profit_to_shareholders_annual,quarterly_direct,identity_q1_or_ytd_diff,
000001.XSHE,indicator,2018-09-30,2018q3,,2018-10-24,eps,0.41,indicator.csv,eps,quarterly_direct,identity_q1_or_ytd_diff,
000001.XSHE,indicator,2018-09-30,2018q3,,2018-10-24,adjusted_profit,7021000000.0,indicator.csv,adjusted_profit,quarterly_direct,identity_q1_or_ytd_diff,
000001.XSHE,indicator,2018-09-30,2018q3,,2018-10-24,operating_profit,36305000000.0,indicator.csv,operating_profit,quarterly_direct,identity_q1_or_ytd_diff,
000001.XSHE,indicator,2018-09-30,2018q3,,2018-10-24,value_change_profit,6434000000.0,indicator.csv,value_change_profit,quarterly_direct,identity_q1_or_ytd_diff,
000001.XSHE,indicator,2018-09-30,2018q3,,2018-10-24,roe,3.06,indicator.csv,roe,quarterly_direct,identity_q1_or_ytd_diff,
000001.XSHE,indicator,2018-09-30,2018q3,,2018-10-24,inc_return,3.03,indicator.csv,inc_return,quarterly_direct,identity_q1_or_ytd_diff,
000001.XSHE,indicator,2018-09-30,2018q3,,2018-10-24,roa,0.21,indicator.csv,roa,quarterly_direct,identity_q1_or_ytd_diff,
000001.XSHE,indicator,2018-09-30,2018q3,,2018-10-24,net_profit_margin,24.08,indicator.csv,net_profit_margin,quarterly_direct,identity_q1_or_ytd_diff,
000001.XSHE,indicator,2018-09-30,2018q3,,2018-10-24,gross_profit_margin,,indicator.csv,gross_profit_margin,,identity_q1_or_ytd_diff,missing_raw_value
000001.XSHE,indicator,2018-09-30,2018q3,,2018-10-24,expense_to_total_revenue,30.2,indicator.csv,expense_to_total_revenue,quarterly_direct,identity_q1_or_ytd_diff,
000001.XSHE,indicator,2018-09-30,2018q3,,2018-10-24,operation_profit_to_total_revenue,31.31,indicator.csv,operation_profit_to_total_revenue,quarterly_direct,identity_q1_or_ytd_diff,
000001.XSHE,indicator,2018-09-30,2018q3,,2018-10-24,net_profit_to_total_revenue,24.08,indicator.csv,net_profit_to_total_revenue,quarterly_direct,identity_q1_or_ytd_diff,
000001.XSHE,indicator,2018-09-30,2018q3,,2018-10-24,operating_expense_to_total_revenue,,indicator.csv,operating_expense_to_total_revenue,,identity_q1_or_ytd_diff,missing_raw_value
000001.XSHE,indicator,2018-09-30,2018q3,,2018-10-24,ga_expense_to_total_revenue,29.23,indicator.csv,ga_expense_to_total_revenue,quarterly_direct,identity_q1_or_ytd_diff,
000001.XSHE,indicator,2018-09-30,2018q3,,2018-10-24,financing_expense_to_total_revenue,,indicator.csv,financing_expense_to_total_revenue,,identity_q1_or_ytd_diff,missing_raw_value
000001.XSHE,indicator,2018-09-30,2018q3,,2018-10-24,operating_profit_to_profit,394.66,indicator.csv,operating_profit_to_profit,quarterly_direct,identity_q1_or_ytd_diff,
000001.XSHE,indicator,2018-09-30,2018q3,,2018-10-24,invesment_profit_to_profit,69.94,indicator.csv,invesment_profit_to_profit,quarterly_direct,identity_q1_or_ytd_diff,
000001.XSHE,indicator,2018-09-30,2018q3,,2018-10-24,adjusted_profit_to_profit,99.11,indicator.csv,adjusted_profit_to_profit,quarterly_direct,identity_q1_or_ytd_diff,
000001.XSHE,indicator,2018-09-30,2018q3,,2018-10-24,goods_sale_and_service_to_revenue,,indicator.csv,goods_sale_and_service_to_revenue,,identity_q1_or_ytd_diff,missing_raw_value
000001.XSHE,indicator,2018-09-30,2018q3,,2018-10-24,ocf_to_revenue,-63.78,indicator.csv,ocf_to_revenue,quarterly_direct,identity_q1_or_ytd_diff,
000001.XSHE,indicator,2018-09-30,2018q3,,2018-10-24,ocf_to_operating_profit,-51.69,indicator.csv,ocf_to_operating_profit,quarterly_direct,identity_q1_or_ytd_diff,
000001.XSHE,indicator,2018-09-30,2018q3,,2018-10-24,inc_total_revenue_year_on_year,14.21,indicator.csv,inc_total_revenue_year_on_year,quarterly_direct,identity_q1_or_ytd_diff,
000001.XSHE,indicator,2018-09-30,2018q3,,2018-10-24,inc_total_revenue_annual,0.71,indicator.csv,inc_total_revenue_annual,quarterly_direct,identity_q1_or_ytd_diff,
000001.XSHE,indicator,2018-09-30,2018q3,,2018-10-24,inc_revenue_year_on_year,14.21,indicator.csv,inc_revenue_year_on_year,quarterly_direct,identity_q1_or_ytd_diff,
000001.XSHE,indicator,2018-09-30,2018q3,,2018-10-24,inc_revenue_annual,0.71,indicator.csv,inc_revenue_annual,quarterly_direct,identity_q1_or_ytd_diff,
000001.XSHE,indicator,2018-09-30,2018q3,,2018-10-24,inc_operation_profit_year_on_year,7.93,indicator.csv,inc_operation_profit_year_on_year,quarterly_direct,identity_q1_or_ytd_diff,
000001.XSHE,indicator,2018-09-30,2018q3,,2018-10-24,inc_operation_profit_annual,4.47,indicator.csv,inc_operation_profit_annual,quarterly_direct,identity_q1_or_ytd_diff,
000001.XSHE,indicator,2018-09-30,2018q3,,2018-10-24,inc_net_profit_year_on_year,7.35,indicator.csv,inc_net_profit_year_on_year,quarterly_direct,identity_q1_or_ytd_diff,
000001.XSHE,indicator,2018-09-30,2018q3,,2018-10-24,inc_net_profit_annual,4.53,indicator.csv,inc_net_profit_annual,quarterly_direct,identity_q1_or_ytd_diff,
000001.XSHE,indicator,2018-09-30,2018q3,,2018-10-24,inc_net_profit_to_shareholders_year_on_year,7.35,indicator.csv,inc_net_profit_to_shareholders_year_on_year,quarterly_direct,identity_q1_or_ytd_diff,
000001.XSHE,indicator,2018-09-30,2018q3,,2018-10-24,inc_net_profit_to_shareholders_annual,4.53,indicator.csv,inc_net_profit_to_shareholders_annual,quarterly_direct,identity_q1_or_ytd_diff,
000001.XSHE,indicator,2018-12-31,2018q4,,2019-03-07,eps,0.254,indicator.csv,eps,quarterly_direct,identity_q1_or_ytd_diff,
000001.XSHE,indicator,2018-12-31,2018q4,,2019-03-07,adjusted_profit,4353000000.0,indicator.csv,adjusted_profit,quarterly_direct,identity_q1_or_ytd_diff,
000001.XSHE,indicator,2018-12-31,2018q4,,2019-03-07,operating_profit,17722000000.0,indicator.csv,operating_profit,quarterly_direct,identity_q1_or_ytd_diff,
000001.XSHE,indicator,2018-12-31,2018q4,,2019-03-07,value_change_profit,2181000000.0,indicator.csv,value_change_profit,quarterly_direct,identity_q1_or_ytd_diff,
000001.XSHE,indicator,2018-12-31,2018q4,,2019-03-07,roe,1.84,indicator.csv,roe,quarterly_direct,identity_q1_or_ytd_diff,
000001.XSHE,indicator,2018-12-31,2018q4,,2019-03-07,inc_return,1.83,indicator.csv,inc_return,quarterly_direct,identity_q1_or_ytd_diff,
000001.XSHE,indicator,2018-12-31,2018q4,,2019-03-07,roa,0.13,indicator.csv,roa,quarterly_direct,identity_q1_or_ytd_diff,
000001.XSHE,indicator,2018-12-31,2018q4,,2019-03-07,net_profit_margin,14.51,indicator.csv,net_profit_margin,quarterly_direct,identity_q1_or_ytd_diff,
000001.XSHE,indicator,2018-12-31,2018q4,,2019-03-07,gross_profit_margin,,indicator.csv,gross_profit_margin,,identity_q1_or_ytd_diff,missing_raw_value
000001.XSHE,indicator,2018-12-31,2018q4,,2019-03-07,expense_to_total_revenue,33.65,indicator.csv,expense_to_total_revenue,quarterly_direct,identity_q1_or_ytd_diff,
000001.XSHE,indicator,2018-12-31,2018q4,,2019-03-07,operation_profit_to_total_revenue,18.94,indicator.csv,operation_profit_to_total_revenue,quarterly_direct,identity_q1_or_ytd_diff,
000001.XSHE,indicator,2018-12-31,2018q4,,2019-03-07,net_profit_to_total_revenue,14.51,indicator.csv,net_profit_to_total_revenue,quarterly_direct,identity_q1_or_ytd_diff,
000001.XSHE,indicator,2018-12-31,2018q4,,2019-03-07,operating_expense_to_total_revenue,,indicator.csv,operating_expense_to_total_revenue,,identity_q1_or_ytd_diff,missing_raw_value
000001.XSHE,indicator,2018-12-31,2018q4,,2019-03-07,ga_expense_to_total_revenue,32.64,indicator.csv,ga_expense_to_total_revenue,quarterly_direct,identity_q1_or_ytd_diff,
000001.XSHE,indicator,2018-12-31,2018q4,,2019-03-07,financing_expense_to_total_revenue,,indicator.csv,financing_expense_to_total_revenue,,identity_q1_or_ytd_diff,missing_raw_value
000001.XSHE,indicator,2018-12-31,2018q4,,2019-03-07,operating_profit_to_profit,312.83,indicator.csv,operating_profit_to_profit,quarterly_direct,identity_q1_or_ytd_diff,
000001.XSHE,indicator,2018-12-31,2018q4,,2019-03-07,invesment_profit_to_profit,38.5,indicator.csv,invesment_profit_to_profit,quarterly_direct,identity_q1_or_ytd_diff,
000001.XSHE,indicator,2018-12-31,2018q4,,2019-03-07,adjusted_profit_to_profit,99.79,indicator.csv,adjusted_profit_to_profit,quarterly_direct,identity_q1_or_ytd_diff,
000001.XSHE,indicator,2018-12-31,2018q4,,2019-03-07,goods_sale_and_service_to_revenue,,indicator.csv,goods_sale_and_service_to_revenue,,identity_q1_or_ytd_diff,missing_raw_value
000001.XSHE,indicator,2018-12-31,2018q4,,2019-03-07,ocf_to_revenue,-153.11,indicator.csv,ocf_to_revenue,quarterly_direct,identity_q1_or_ytd_diff,
000001.XSHE,indicator,2018-12-31,2018q4,,2019-03-07,ocf_to_operating_profit,-259.64,indicator.csv,ocf_to_operating_profit,quarterly_direct,identity_q1_or_ytd_diff,
000001.XSHE,indicator,2018-12-31,2018q4,,2019-03-07,inc_total_revenue_year_on_year,15.79,indicator.csv,inc_total_revenue_year_on_year,quarterly_direct,identity_q1_or_ytd_diff,
000001.XSHE,indicator,2018-12-31,2018q4,,2019-03-07,inc_total_revenue_annual,2.14,indicator.csv,inc_total_revenue_annual,quarterly_direct,identity_q1_or_ytd_diff,
000001.XSHE,indicator,2018-12-31,2018q4,,2019-03-07,inc_revenue_year_on_year,15.79,indicator.csv,inc_revenue_year_on_year,quarterly_direct,identity_q1_or_ytd_diff,
000001.XSHE,indicator,2018-12-31,2018q4,,2019-03-07,inc_revenue_annual,2.14,indicator.csv,inc_revenue_annual,quarterly_direct,identity_q1_or_ytd_diff,
000001.XSHE,indicator,2018-12-31,2018q4,,2019-03-07,inc_operation_profit_year_on_year,8.94,indicator.csv,inc_operation_profit_year_on_year,quarterly_direct,identity_q1_or_ytd_diff,
000001.XSHE,indicator,2018-12-31,2018q4,,2019-03-07,inc_operation_profit_annual,-38.22,indicator.csv,inc_operation_profit_annual,quarterly_direct,identity_q1_or_ytd_diff,
000001.XSHE,indicator,2018-12-31,2018q4,,2019-03-07,inc_net_profit_year_on_year,8.08,indicator.csv,inc_net_profit_year_on_year,quarterly_direct,identity_q1_or_ytd_diff,
000001.XSHE,indicator,2018-12-31,2018q4,,2019-03-07,inc_net_profit_annual,-38.42,indicator.csv,inc_net_profit_annual,quarterly_direct,identity_q1_or_ytd_diff,
000001.XSHE,indicator,2018-12-31,2018q4,,2019-03-07,inc_net_profit_to_shareholders_year_on_year,8.08,indicator.csv,inc_net_profit_to_shareholders_year_on_year,quarterly_direct,identity_q1_or_ytd_diff,
000001.XSHE,indicator,2018-12-31,2018q4,,2019-03-07,inc_net_profit_to_shareholders_annual,-38.42,indicator.csv,inc_net_profit_to_shareholders_annual,quarterly_direct,identity_q1_or_ytd_diff,
000001.XSHE,indicator,2019-03-31,2019q1,,2019-04-24,eps,0.4337,indicator.csv,eps,quarterly_direct,identity_q1_or_ytd_diff,
000001.XSHE,indicator,2019-03-31,2019q1,,2019-04-24,adjusted_profit,7422000000.0,indicator.csv,adjusted_profit,quarterly_direct,identity_q1_or_ytd_diff,
000001.XSHE,indicator,2019-03-31,2019q1,,2019-04-24,operating_profit,7542000000.0,indicator.csv,operating_profit,quarterly_direct,identity_q1_or_ytd_diff,
000001.XSHE,indicator,2019-03-31,2019q1,,2019-04-24,value_change_profit,2098000000.0,indicator.csv,value_change_profit,quarterly_direct,identity_q1_or_ytd_diff,
000001.XSHE,indicator,2019-03-31,2019q1,,2019-04-24,roe,3.03,indicator.csv,roe,quarterly_direct,identity_q1_or_ytd_diff,
000001.XSHE,indicator,2019-03-31,2019q1,,2019-04-24,inc_return,3.02,indicator.csv,inc_return,quarterly_direct,identity_q1_or_ytd_diff,
000001.XSHE,indicator,2019-03-31,2019q1,,2019-04-24,roa,0.21,indicator.csv,roa,quarterly_direct,identity_q1_or_ytd_diff,
000001.XSHE,indicator,2019-03-31,2019q1,,2019-04-24,net_profit_margin,22.93,indicator.csv,net_profit_margin,quarterly_direct,identity_q1_or_ytd_diff,
000001.XSHE,indicator,2019-03-31,2019q1,,2019-04-24,gross_profit_margin,,indicator.csv,gross_profit_margin,,identity_q1_or_ytd_diff,missing_raw_value
000001.XSHE,indicator,2019-03-31,2019q1,,2019-04-24,expense_to_total_revenue,70.23,indicator.csv,expense_to_total_revenue,quarterly_direct,identity_q1_or_ytd_diff,
000001.XSHE,indicator,2019-03-31,2019q1,,2019-04-24,operation_profit_to_total_revenue,29.77,indicator.csv,operation_profit_to_total_revenue,quarterly_direct,identity_q1_or_ytd_diff,
000001.XSHE,indicator,2019-03-31,2019q1,,2019-04-24,net_profit_to_total_revenue,22.93,indicator.csv,net_profit_to_total_revenue,quarterly_direct,identity_q1_or_ytd_diff,
000001.XSHE,indicator,2019-03-31,2019q1,,2019-04-24,operating_expense_to_total_revenue,,indicator.csv,operating_expense_to_total_revenue,,identity_q1_or_ytd_diff,missing_raw_value
000001.XSHE,indicator,2019-03-31,2019q1,,2019-04-24,ga_expense_to_total_revenue,29.62,indicator.csv,ga_expense_to_total_revenue,quarterly_direct,identity_q1_or_ytd_diff,
000001.XSHE,indicator,2019-03-31,2019q1,,2019-04-24,financing_expense_to_total_revenue,,indicator.csv,financing_expense_to_total_revenue,,identity_q1_or_ytd_diff,missing_raw_value
000001.XSHE,indicator,2019-03-31,2019q1,,2019-04-24,operating_profit_to_profit,77.99,indicator.csv,operating_profit_to_profit,quarterly_direct,identity_q1_or_ytd_diff,
000001.XSHE,indicator,2019-03-31,2019q1,,2019-04-24,invesment_profit_to_profit,21.69,indicator.csv,invesment_profit_to_profit,quarterly_direct,identity_q1_or_ytd_diff,
000001.XSHE,indicator,2019-03-31,2019q1,,2019-04-24,adjusted_profit_to_profit,99.68,indicator.csv,adjusted_profit_to_profit,quarterly_direct,identity_q1_or_ytd_diff,
000001.XSHE,indicator,2019-03-31,2019q1,,2019-04-24,goods_sale_and_service_to_revenue,,indicator.csv,goods_sale_and_service_to_revenue,,identity_q1_or_ytd_diff,missing_raw_value
000001.XSHE,indicator,2019-03-31,2019q1,,2019-04-24,ocf_to_revenue,163.76,indicator.csv,ocf_to_revenue,quarterly_direct,identity_q1_or_ytd_diff,
000001.XSHE,indicator,2019-03-31,2019q1,,2019-04-24,ocf_to_operating_profit,705.17,indicator.csv,ocf_to_operating_profit,quarterly_direct,identity_q1_or_ytd_diff,
000001.XSHE,indicator,2019-03-31,2019q1,,2019-04-24,inc_total_revenue_year_on_year,15.88,indicator.csv,inc_total_revenue_year_on_year,quarterly_direct,identity_q1_or_ytd_diff,
000001.XSHE,indicator,2019-03-31,2019q1,,2019-04-24,inc_total_revenue_annual,8.07,indicator.csv,inc_total_revenue_annual,quarterly_direct,identity_q1_or_ytd_diff,
000001.XSHE,indicator,2019-03-31,2019q1,,2019-04-24,inc_revenue_year_on_year,15.88,indicator.csv,inc_revenue_year_on_year,quarterly_direct,identity_q1_or_ytd_diff,
000001.XSHE,indicator,2019-03-31,2019q1,,2019-04-24,inc_revenue_annual,8.07,indicator.csv,inc_revenue_annual,quarterly_direct,identity_q1_or_ytd_diff,
000001.XSHE,indicator,2019-03-31,2019q1,,2019-04-24,inc_operation_profit_year_on_year,12.62,indicator.csv,inc_operation_profit_year_on_year,quarterly_direct,identity_q1_or_ytd_diff,
000001.XSHE,indicator,2019-03-31,2019q1,,2019-04-24,inc_operation_profit_annual,69.86,indicator.csv,inc_operation_profit_annual,quarterly_direct,identity_q1_or_ytd_diff,
000001.XSHE,indicator,2019-03-31,2019q1,,2019-04-24,inc_net_profit_year_on_year,12.9,indicator.csv,inc_net_profit_year_on_year,quarterly_direct,identity_q1_or_ytd_diff,
000001.XSHE,indicator,2019-03-31,2019q1,,2019-04-24,inc_net_profit_annual,70.7,indicator.csv,inc_net_profit_annual,quarterly_direct,identity_q1_or_ytd_diff,
000001.XSHE,indicator,2019-03-31,2019q1,,2019-04-24,inc_net_profit_to_shareholders_year_on_year,12.9,indicator.csv,inc_net_profit_to_shareholders_year_on_year,quarterly_direct,identity_q1_or_ytd_diff,
000001.XSHE,indicator,2019-03-31,2019q1,,2019-04-24,inc_net_profit_to_shareholders_annual,70.7,indicator.csv,inc_net_profit_to_shareholders_annual,quarterly_direct,identity_q1_or_ytd_diff,
000001.XSHE,indicator,2019-06-30,2019q2,,2019-08-08,eps,0.4634,indicator.csv,eps,quarterly_direct,identity_q1_or_ytd_diff,
000001.XSHE,indicator,2019-06-30,2019q2,,2019-08-08,adjusted_profit,7894000000.0,indicator.csv,adjusted_profit,quarterly_direct,identity_q1_or_ytd_diff,
000001.XSHE,indicator,2019-06-30,2019q2,,2019-08-08,operating_profit,6735000000.0,indicator.csv,operating_profit,quarterly_direct,identity_q1_or_ytd_diff,
000001.XSHE,indicator,2019-06-30,2019q2,,2019-08-08,value_change_profit,3514000000.0,indicator.csv,value_change_profit,quarterly_direct,identity_q1_or_ytd_diff,
000001.XSHE,indicator,2019-06-30,2019q2,,2019-08-08,roe,3.14,indicator.csv,roe,quarterly_direct,identity_q1_or_ytd_diff,
000001.XSHE,indicator,2019-06-30,2019q2,,2019-08-08,inc_return,3.11,indicator.csv,inc_return,quarterly_direct,identity_q1_or_ytd_diff,
000001.XSHE,indicator,2019-06-30,2019q2,,2019-08-08,roa,0.22,indicator.csv,roa,quarterly_direct,identity_q1_or_ytd_diff,
000001.XSHE,indicator,2019-06-30,2019q2,,2019-08-08,net_profit_margin,22.51,indicator.csv,net_profit_margin,quarterly_direct,identity_q1_or_ytd_diff,
000001.XSHE,indicator,2019-06-30,2019q2,,2019-08-08,gross_profit_margin,,indicator.csv,gross_profit_margin,,identity_q1_or_ytd_diff,missing_raw_value
000001.XSHE,indicator,2019-06-30,2019q2,,2019-08-08,expense_to_total_revenue,70.67,indicator.csv,expense_to_total_revenue,quarterly_direct,identity_q1_or_ytd_diff,
000001.XSHE,indicator,2019-06-30,2019q2,,2019-08-08,operation_profit_to_total_revenue,29.33,indicator.csv,operation_profit_to_total_revenue,quarterly_direct,identity_q1_or_ytd_diff,
000001.XSHE,indicator,2019-06-30,2019q2,,2019-08-08,net_profit_to_total_revenue,22.51,indicator.csv,net_profit_to_total_revenue,quarterly_direct,identity_q1_or_ytd_diff,
000001.XSHE,indicator,2019-06-30,2019q2,,2019-08-08,operating_expense_to_total_revenue,,indicator.csv,operating_expense_to_total_revenue,,identity_q1_or_ytd_diff,missing_raw_value
000001.XSHE,indicator,2019-06-30,2019q2,,2019-08-08,ga_expense_to_total_revenue,29.31,indicator.csv,ga_expense_to_total_revenue,quarterly_direct,identity_q1_or_ytd_diff,
000001.XSHE,indicator,2019-06-30,2019q2,,2019-08-08,financing_expense_to_total_revenue,,indicator.csv,financing_expense_to_total_revenue,,identity_q1_or_ytd_diff,missing_raw_value
000001.XSHE,indicator,2019-06-30,2019q2,,2019-08-08,operating_profit_to_profit,65.19,indicator.csv,operating_profit_to_profit,quarterly_direct,identity_q1_or_ytd_diff,
000001.XSHE,indicator,2019-06-30,2019q2,,2019-08-08,invesment_profit_to_profit,34.01,indicator.csv,invesment_profit_to_profit,quarterly_direct,identity_q1_or_ytd_diff,
000001.XSHE,indicator,2019-06-30,2019q2,,2019-08-08,adjusted_profit_to_profit,99.21,indicator.csv,adjusted_profit_to_profit,quarterly_direct,identity_q1_or_ytd_diff,
000001.XSHE,indicator,2019-06-30,2019q2,,2019-08-08,goods_sale_and_service_to_revenue,,indicator.csv,goods_sale_and_service_to_revenue,,identity_q1_or_ytd_diff,missing_raw_value
000001.XSHE,indicator,2019-06-30,2019q2,,2019-08-08,ocf_to_revenue,-75.67,indicator.csv,ocf_to_revenue,quarterly_direct,identity_q1_or_ytd_diff,
000001.XSHE,indicator,2019-06-30,2019q2,,2019-08-08,ocf_to_operating_profit,-397.21,indicator.csv,ocf_to_operating_profit,quarterly_direct,identity_q1_or_ytd_diff,
000001.XSHE,indicator,2019-06-30,2019q2,,2019-08-08,inc_total_revenue_year_on_year,21.01,indicator.csv,inc_total_revenue_year_on_year,quarterly_direct,identity_q1_or_ytd_diff,
000001.XSHE,indicator,2019-06-30,2019q2,,2019-08-08,inc_total_revenue_annual,8.86,indicator.csv,inc_total_revenue_annual,quarterly_direct,identity_q1_or_ytd_diff,
000001.XSHE,indicator,2019-06-30,2019q2,,2019-08-08,inc_revenue_year_on_year,21.01,indicator.csv,inc_revenue_year_on_year,quarterly_direct,identity_q1_or_ytd_diff,
000001.XSHE,indicator,2019-06-30,2019q2,,2019-08-08,inc_revenue_annual,8.86,indicator.csv,inc_revenue_annual,quarterly_direct,identity_q1_or_ytd_diff,
000001.XSHE,indicator,2019-06-30,2019q2,,2019-08-08,inc_operation_profit_year_on_year,17.6,indicator.csv,inc_operation_profit_year_on_year,quarterly_direct,identity_q1_or_ytd_diff,
000001.XSHE,indicator,2019-06-30,2019q2,,2019-08-08,inc_operation_profit_annual,7.27,indicator.csv,inc_operation_profit_annual,quarterly_direct,identity_q1_or_ytd_diff,
000001.XSHE,indicator,2019-06-30,2019q2,,2019-08-08,inc_net_profit_year_on_year,17.41,indicator.csv,inc_net_profit_year_on_year,quarterly_direct,identity_q1_or_ytd_diff,
000001.XSHE,indicator,2019-06-30,2019q2,,2019-08-08,inc_net_profit_annual,6.86,indicator.csv,inc_net_profit_annual,quarterly_direct,identity_q1_or_ytd_diff,
000001.XSHE,indicator,2019-06-30,2019q2,,2019-08-08,inc_net_profit_to_shareholders_year_on_year,17.41,indicator.csv,inc_net_profit_to_shareholders_year_on_year,quarterly_direct,identity_q1_or_ytd_diff,
000001.XSHE,indicator,2019-06-30,2019q2,,2019-08-08,inc_net_profit_to_shareholders_annual,6.86,indicator.csv,inc_net_profit_to_shareholders_annual,quarterly_direct,identity_q1_or_ytd_diff,
000001.XSHE,indicator,2019-09-30,2019q3,,2019-10-22,eps,0.4235,indicator.csv,eps,quarterly_direct,identity_q1_or_ytd_diff,
000001.XSHE,indicator,2019-09-30,2019q3,,2019-10-22,adjusted_profit,8211000000.0,indicator.csv,adjusted_profit,quarterly_direct,identity_q1_or_ytd_diff,
000001.XSHE,indicator,2019-09-30,2019q3,,2019-10-22,operating_profit,7644000000.0,indicator.csv,operating_profit,quarterly_direct,identity_q1_or_ytd_diff,
000001.XSHE,indicator,2019-09-30,2019q3,,2019-10-22,value_change_profit,3020000000.0,indicator.csv,value_change_profit,quarterly_direct,identity_q1_or_ytd_diff,
000001.XSHE,indicator,2019-09-30,2019q3,,2019-10-22,roe,3.02,indicator.csv,roe,quarterly_direct,identity_q1_or_ytd_diff,
000001.XSHE,indicator,2019-09-30,2019q3,,2019-10-22,inc_return,3.02,indicator.csv,inc_return,quarterly_direct,identity_q1_or_ytd_diff,
000001.XSHE,indicator,2019-09-30,2019q3,,2019-10-22,roa,0.23,indicator.csv,roa,quarterly_direct,identity_q1_or_ytd_diff,
000001.XSHE,indicator,2019-09-30,2019q3,,2019-10-22,net_profit_margin,23.39,indicator.csv,net_profit_margin,quarterly_direct,identity_q1_or_ytd_diff,
000001.XSHE,indicator,2019-09-30,2019q3,,2019-10-22,gross_profit_margin,,indicator.csv,gross_profit_margin,,identity_q1_or_ytd_diff,missing_raw_value
000001.XSHE,indicator,2019-09-30,2019q3,,2019-10-22,expense_to_total_revenue,69.61,indicator.csv,expense_to_total_revenue,quarterly_direct,identity_q1_or_ytd_diff,
000001.XSHE,indicator,2019-09-30,2019q3,,2019-10-22,operation_profit_to_total_revenue,30.39,indicator.csv,operation_profit_to_total_revenue,quarterly_direct,identity_q1_or_ytd_diff,
000001.XSHE,indicator,2019-09-30,2019q3,,2019-10-22,net_profit_to_total_revenue,23.39,indicator.csv,net_profit_to_total_revenue,quarterly_direct,identity_q1_or_ytd_diff,
000001.XSHE,indicator,2019-09-30,2019q3,,2019-10-22,operating_expense_to_total_revenue,,indicator.csv,operating_expense_to_total_revenue,,identity_q1_or_ytd_diff,missing_raw_value
000001.XSHE,indicator,2019-09-30,2019q3,,2019-10-22,ga_expense_to_total_revenue,29.37,indicator.csv,ga_expense_to_total_revenue,quarterly_direct,identity_q1_or_ytd_diff,
000001.XSHE,indicator,2019-09-30,2019q3,,2019-10-22,financing_expense_to_total_revenue,,indicator.csv,financing_expense_to_total_revenue,,identity_q1_or_ytd_diff,missing_raw_value
000001.XSHE,indicator,2019-09-30,2019q3,,2019-10-22,operating_profit_to_profit,71.62,indicator.csv,operating_profit_to_profit,quarterly_direct,identity_q1_or_ytd_diff,
000001.XSHE,indicator,2019-09-30,2019q3,,2019-10-22,invesment_profit_to_profit,28.3,indicator.csv,invesment_profit_to_profit,quarterly_direct,identity_q1_or_ytd_diff,
000001.XSHE,indicator,2019-09-30,2019q3,,2019-10-22,adjusted_profit_to_profit,99.91,indicator.csv,adjusted_profit_to_profit,quarterly_direct,identity_q1_or_ytd_diff,
000001.XSHE,indicator,2019-09-30,2019q3,,2019-10-22,goods_sale_and_service_to_revenue,,indicator.csv,goods_sale_and_service_to_revenue,,identity_q1_or_ytd_diff,missing_raw_value
000001.XSHE,indicator,2019-09-30,2019q3,,2019-10-22,ocf_to_revenue,165.24,indicator.csv,ocf_to_revenue,quarterly_direct,identity_q1_or_ytd_diff,
000001.XSHE,indicator,2019-09-30,2019q3,,2019-10-22,ocf_to_operating_profit,759.39,indicator.csv,ocf_to_operating_profit,quarterly_direct,identity_q1_or_ytd_diff,
000001.XSHE,indicator,2019-09-30,2019q3,,2019-10-22,inc_total_revenue_year_on_year,19.39,indicator.csv,inc_total_revenue_year_on_year,quarterly_direct,identity_q1_or_ytd_diff,
000001.XSHE,indicator,2019-09-30,2019q3,,2019-10-22,inc_total_revenue_annual,-0.63,indicator.csv,inc_total_revenue_annual,quarterly_direct,identity_q1_or_ytd_diff,
000001.XSHE,indicator,2019-09-30,2019q3,,2019-10-22,inc_revenue_year_on_year,19.39,indicator.csv,inc_revenue_year_on_year,quarterly_direct,identity_q1_or_ytd_diff,
000001.XSHE,indicator,2019-09-30,2019q3,,2019-10-22,inc_revenue_annual,-0.63,indicator.csv,inc_revenue_annual,quarterly_direct,identity_q1_or_ytd_diff,
000001.XSHE,indicator,2019-09-30,2019q3,,2019-10-22,inc_operation_profit_year_on_year,15.89,indicator.csv,inc_operation_profit_year_on_year,quarterly_direct,identity_q1_or_ytd_diff,
000001.XSHE,indicator,2019-09-30,2019q3,,2019-10-22,inc_operation_profit_annual,2.95,indicator.csv,inc_operation_profit_annual,quarterly_direct,identity_q1_or_ytd_diff,
000001.XSHE,indicator,2019-09-30,2019q3,,2019-10-22,inc_net_profit_year_on_year,16.01,indicator.csv,inc_net_profit_year_on_year,quarterly_direct,identity_q1_or_ytd_diff,
000001.XSHE,indicator,2019-09-30,2019q3,,2019-10-22,inc_net_profit_annual,3.28,indicator.csv,inc_net_profit_annual,quarterly_direct,identity_q1_or_ytd_diff,
000001.XSHE,indicator,2019-09-30,2019q3,,2019-10-22,inc_net_profit_to_shareholders_year_on_year,16.01,indicator.csv,inc_net_profit_to_shareholders_year_on_year,quarterly_direct,identity_q1_or_ytd_diff,
000001.XSHE,indicator,2019-09-30,2019q3,,2019-10-22,inc_net_profit_to_shareholders_annual,3.28,indicator.csv,inc_net_profit_to_shareholders_annual,quarterly_direct,identity_q1_or_ytd_diff,
000001.XSHE,indicator,2019-12-31,2019q4,,2020-02-14,eps,0.2357,indicator.csv,eps,quarterly_direct,identity_q1_or_ytd_diff,
000001.XSHE,indicator,2019-12-31,2019q4,,2020-02-14,adjusted_profit,4559000000.0,indicator.csv,adjusted_profit,quarterly_direct,identity_q1_or_ytd_diff,
000001.XSHE,indicator,2019-12-31,2019q4,,2020-02-14,operating_profit,3224000000.0,indicator.csv,operating_profit,quarterly_direct,identity_q1_or_ytd_diff,
000001.XSHE,indicator,2019-12-31,2019q4,,2020-02-14,value_change_profit,2323000000.0,indicator.csv,value_change_profit,quarterly_direct,identity_q1_or_ytd_diff,
000001.XSHE,indicator,2019-12-31,2019q4,,2020-02-14,roe,1.52,indicator.csv,roe,quarterly_direct,identity_q1_or_ytd_diff,
000001.XSHE,indicator,2019-12-31,2019q4,,2020-02-14,inc_return,1.52,indicator.csv,inc_return,quarterly_direct,identity_q1_or_ytd_diff,
000001.XSHE,indicator,2019-12-31,2019q4,,2020-02-14,roa,0.12,indicator.csv,roa,quarterly_direct,identity_q1_or_ytd_diff,
000001.XSHE,indicator,2019-12-31,2019q4,,2020-02-14,net_profit_margin,13.07,indicator.csv,net_profit_margin,quarterly_direct,identity_q1_or_ytd_diff,
000001.XSHE,indicator,2019-12-31,2019q4,,2020-02-14,gross_profit_margin,,indicator.csv,gross_profit_margin,,identity_q1_or_ytd_diff,missing_raw_value
000001.XSHE,indicator,2019-12-31,2019q4,,2020-02-14,expense_to_total_revenue,84.07,indicator.csv,expense_to_total_revenue,quarterly_direct,identity_q1_or_ytd_diff,
000001.XSHE,indicator,2019-12-31,2019q4,,2020-02-14,operation_profit_to_total_revenue,15.93,indicator.csv,operation_profit_to_total_revenue,quarterly_direct,identity_q1_or_ytd_diff,
000001.XSHE,indicator,2019-12-31,2019q4,,2020-02-14,net_profit_to_total_revenue,13.07,indicator.csv,net_profit_to_total_revenue,quarterly_direct,identity_q1_or_ytd_diff,
000001.XSHE,indicator,2019-12-31,2019q4,,2020-02-14,operating_expense_to_total_revenue,,indicator.csv,operating_expense_to_total_revenue,,identity_q1_or_ytd_diff,missing_raw_value
000001.XSHE,indicator,2019-12-31,2019q4,,2020-02-14,ga_expense_to_total_revenue,30.16,indicator.csv,ga_expense_to_total_revenue,quarterly_direct,identity_q1_or_ytd_diff,
000001.XSHE,indicator,2019-12-31,2019q4,,2020-02-14,financing_expense_to_total_revenue,,indicator.csv,financing_expense_to_total_revenue,,identity_q1_or_ytd_diff,missing_raw_value
000001.XSHE,indicator,2019-12-31,2019q4,,2020-02-14,operating_profit_to_profit,57.94,indicator.csv,operating_profit_to_profit,quarterly_direct,identity_q1_or_ytd_diff,
000001.XSHE,indicator,2019-12-31,2019q4,,2020-02-14,invesment_profit_to_profit,41.75,indicator.csv,invesment_profit_to_profit,quarterly_direct,identity_q1_or_ytd_diff,
000001.XSHE,indicator,2019-12-31,2019q4,,2020-02-14,adjusted_profit_to_profit,99.67,indicator.csv,adjusted_profit_to_profit,quarterly_direct,identity_q1_or_ytd_diff,
000001.XSHE,indicator,2019-12-31,2019q4,,2020-02-14,goods_sale_and_service_to_revenue,,indicator.csv,goods_sale_and_service_to_revenue,,identity_q1_or_ytd_diff,missing_raw_value
000001.XSHE,indicator,2019-12-31,2019q4,,2020-02-14,ocf_to_revenue,-355.73,indicator.csv,ocf_to_revenue,quarterly_direct,identity_q1_or_ytd_diff,
000001.XSHE,indicator,2019-12-31,2019q4,,2020-02-14,ocf_to_operating_profit,-3861.82,indicator.csv,ocf_to_operating_profit,quarterly_direct,identity_q1_or_ytd_diff,
000001.XSHE,indicator,2019-12-31,2019q4,,2020-02-14,inc_total_revenue_year_on_year,16.46,indicator.csv,inc_total_revenue_year_on_year,quarterly_direct,identity_q1_or_ytd_diff,
000001.XSHE,indicator,2019-12-31,2019q4,,2020-02-14,inc_total_revenue_annual,-0.37,indicator.csv,inc_total_revenue_annual,quarterly_direct,identity_q1_or_ytd_diff,
000001.XSHE,indicator,2019-12-31,2019q4,,2020-02-14,inc_revenue_year_on_year,16.46,indicator.csv,inc_revenue_year_on_year,quarterly_direct,identity_q1_or_ytd_diff,
000001.XSHE,indicator,2019-12-31,2019q4,,2020-02-14,inc_revenue_annual,-0.37,indicator.csv,inc_revenue_annual,quarterly_direct,identity_q1_or_ytd_diff,
000001.XSHE,indicator,2019-12-31,2019q4,,2020-02-14,inc_operation_profit_year_on_year,-2.02,indicator.csv,inc_operation_profit_year_on_year,quarterly_direct,identity_q1_or_ytd_diff,
000001.XSHE,indicator,2019-12-31,2019q4,,2020-02-14,inc_operation_profit_annual,-47.77,indicator.csv,inc_operation_profit_annual,quarterly_direct,identity_q1_or_ytd_diff,
000001.XSHE,indicator,2019-12-31,2019q4,,2020-02-14,inc_net_profit_year_on_year,4.86,indicator.csv,inc_net_profit_year_on_year,quarterly_direct,identity_q1_or_ytd_diff,
000001.XSHE,indicator,2019-12-31,2019q4,,2020-02-14,inc_net_profit_annual,-44.34,indicator.csv,inc_net_profit_annual,quarterly_direct,identity_q1_or_ytd_diff,
000001.XSHE,indicator,2019-12-31,2019q4,,2020-02-14,inc_net_profit_to_shareholders_year_on_year,4.86,indicator.csv,inc_net_profit_to_shareholders_year_on_year,quarterly_direct,identity_q1_or_ytd_diff,
000001.XSHE,indicator,2019-12-31,2019q4,,2020-02-14,inc_net_profit_to_shareholders_annual,-44.34,indicator.csv,inc_net_profit_to_shareholders_annual,quarterly_direct,identity_q1_or_ytd_diff,
000001.XSHE,indicator,2020-03-31,2020q1,,2020-04-21,eps,0.4405,indicator.csv,eps,quarterly_direct,identity_q1_or_ytd_diff,
000001.XSHE,indicator,2020-03-31,2020q1,,2020-04-21,adjusted_profit,8506000000.0,indicator.csv,adjusted_profit,quarterly_direct,identity_q1_or_ytd_diff,
000001.XSHE,indicator,2020-03-31,2020q1,,2020-04-21,operating_profit,7555000000.0,indicator.csv,operating_profit,quarterly_direct,identity_q1_or_ytd_diff,
000001.XSHE,indicator,2020-03-31,2020q1,,2020-04-21,value_change_profit,3363000000.0,indicator.csv,value_change_profit,quarterly_direct,identity_q1_or_ytd_diff,
000001.XSHE,indicator,2020-03-31,2020q1,,2020-04-21,roe,2.57,indicator.csv,roe,quarterly_direct,identity_q1_or_ytd_diff,
000001.XSHE,indicator,2020-03-31,2020q1,,2020-04-21,inc_return,2.56,indicator.csv,inc_return,quarterly_direct,identity_q1_or_ytd_diff,
000001.XSHE,indicator,2020-03-31,2020q1,,2020-04-21,roa,0.21,indicator.csv,roa,quarterly_direct,identity_q1_or_ytd_diff,
000001.XSHE,indicator,2020-03-31,2020q1,,2020-04-21,net_profit_margin,22.54,indicator.csv,net_profit_margin,quarterly_direct,identity_q1_or_ytd_diff,
000001.XSHE,indicator,2020-03-31,2020q1,,2020-04-21,gross_profit_margin,,indicator.csv,gross_profit_margin,,identity_q1_or_ytd_diff,missing_raw_value
000001.XSHE,indicator,2020-03-31,2020q1,,2020-04-21,expense_to_total_revenue,71.0,indicator.csv,expense_to_total_revenue,quarterly_direct,identity_q1_or_ytd_diff,
000001.XSHE,indicator,2020-03-31,2020q1,,2020-04-21,operation_profit_to_total_revenue,29.0,indicator.csv,operation_profit_to_total_revenue,quarterly_direct,identity_q1_or_ytd_diff,
000001.XSHE,indicator,2020-03-31,2020q1,,2020-04-21,net_profit_to_total_revenue,22.54,indicator.csv,net_profit_to_total_revenue,quarterly_direct,identity_q1_or_ytd_diff,
000001.XSHE,indicator,2020-03-31,2020q1,,2020-04-21,operating_expense_to_total_revenue,,indicator.csv,operating_expense_to_total_revenue,,identity_q1_or_ytd_diff,missing_raw_value
000001.XSHE,indicator,2020-03-31,2020q1,,2020-04-21,ga_expense_to_total_revenue,27.94,indicator.csv,ga_expense_to_total_revenue,quarterly_direct,identity_q1_or_ytd_diff,
000001.XSHE,indicator,2020-03-31,2020q1,,2020-04-21,financing_expense_to_total_revenue,,indicator.csv,financing_expense_to_total_revenue,,identity_q1_or_ytd_diff,missing_raw_value
000001.XSHE,indicator,2020-03-31,2020q1,,2020-04-21,operating_profit_to_profit,68.95,indicator.csv,operating_profit_to_profit,quarterly_direct,identity_q1_or_ytd_diff,
000001.XSHE,indicator,2020-03-31,2020q1,,2020-04-21,invesment_profit_to_profit,30.69,indicator.csv,invesment_profit_to_profit,quarterly_direct,identity_q1_or_ytd_diff,
000001.XSHE,indicator,2020-03-31,2020q1,,2020-04-21,adjusted_profit_to_profit,99.51,indicator.csv,adjusted_profit_to_profit,quarterly_direct,identity_q1_or_ytd_diff,
000001.XSHE,indicator,2020-03-31,2020q1,,2020-04-21,goods_sale_and_service_to_revenue,,indicator.csv,goods_sale_and_service_to_revenue,,identity_q1_or_ytd_diff,missing_raw_value
000001.XSHE,indicator,2020-03-31,2020q1,,2020-04-21,ocf_to_revenue,47.43,indicator.csv,ocf_to_revenue,quarterly_direct,identity_q1_or_ytd_diff,
000001.XSHE,indicator,2020-03-31,2020q1,,2020-04-21,ocf_to_operating_profit,238.11,indicator.csv,ocf_to_operating_profit,quarterly_direct,identity_q1_or_ytd_diff,
000001.XSHE,indicator,2020-03-31,2020q1,,2020-04-21,inc_total_revenue_year_on_year,16.78,indicator.csv,inc_total_revenue_year_on_year,quarterly_direct,identity_q1_or_ytd_diff,
000001.XSHE,indicator,2020-03-31,2020q1,,2020-04-21,inc_total_revenue_annual,8.36,indicator.csv,inc_total_revenue_annual,quarterly_direct,identity_q1_or_ytd_diff,
000001.XSHE,indicator,2020-03-31,2020q1,,2020-04-21,inc_revenue_year_on_year,16.78,indicator.csv,inc_revenue_year_on_year,quarterly_direct,identity_q1_or_ytd_diff,
000001.XSHE,indicator,2020-03-31,2020q1,,2020-04-21,inc_revenue_annual,8.36,indicator.csv,inc_revenue_annual,quarterly_direct,identity_q1_or_ytd_diff,
000001.XSHE,indicator,2020-03-31,2020q1,,2020-04-21,inc_operation_profit_year_on_year,13.77,indicator.csv,inc_operation_profit_year_on_year,quarterly_direct,identity_q1_or_ytd_diff,
000001.XSHE,indicator,2020-03-31,2020q1,,2020-04-21,inc_operation_profit_annual,97.24,indicator.csv,inc_operation_profit_annual,quarterly_direct,identity_q1_or_ytd_diff,
000001.XSHE,indicator,2020-03-31,2020q1,,2020-04-21,inc_net_profit_year_on_year,14.8,indicator.csv,inc_net_profit_year_on_year,quarterly_direct,identity_q1_or_ytd_diff,
000001.XSHE,indicator,2020-03-31,2020q1,,2020-04-21,inc_net_profit_annual,86.88,indicator.csv,inc_net_profit_annual,quarterly_direct,identity_q1_or_ytd_diff,
000001.XSHE,indicator,2020-03-31,2020q1,,2020-04-21,inc_net_profit_to_shareholders_year_on_year,14.8,indicator.csv,inc_net_profit_to_shareholders_year_on_year,quarterly_direct,identity_q1_or_ytd_diff,
000001.XSHE,indicator,2020-03-31,2020q1,,2020-04-21,inc_net_profit_to_shareholders_annual,86.88,indicator.csv,inc_net_profit_to_shareholders_annual,quarterly_direct,identity_q1_or_ytd_diff,
000001.XSHE,indicator,2020-06-30,2020q2,,2020-08-28,eps,0.2644,indicator.csv,eps,quarterly_direct,identity_q1_or_ytd_diff,
000001.XSHE,indicator,2020-06-30,2020q2,,2020-08-28,adjusted_profit,5080000000.0,indicator.csv,adjusted_profit,quarterly_direct,identity_q1_or_ytd_diff,
000001.XSHE,indicator,2020-06-30,2020q2,,2020-08-28,operating_profit,1847000000.0,indicator.csv,operating_profit,quarterly_direct,identity_q1_or_ytd_diff,
000001.XSHE,indicator,2020-06-30,2020q2,,2020-08-28,value_change_profit,4717000000.0,indicator.csv,value_change_profit,quarterly_direct,identity_q1_or_ytd_diff,
000001.XSHE,indicator,2020-06-30,2020q2,,2020-08-28,roe,1.46,indicator.csv,roe,quarterly_direct,identity_q1_or_ytd_diff,
000001.XSHE,indicator,2020-06-30,2020q2,,2020-08-28,inc_return,1.44,indicator.csv,inc_return,quarterly_direct,identity_q1_or_ytd_diff,
000001.XSHE,indicator,2020-06-30,2020q2,,2020-08-28,roa,0.12,indicator.csv,roa,quarterly_direct,identity_q1_or_ytd_diff,
000001.XSHE,indicator,2020-06-30,2020q2,,2020-08-28,net_profit_margin,12.7,indicator.csv,net_profit_margin,quarterly_direct,identity_q1_or_ytd_diff,
000001.XSHE,indicator,2020-06-30,2020q2,,2020-08-28,gross_profit_margin,,indicator.csv,gross_profit_margin,,identity_q1_or_ytd_diff,missing_raw_value
000001.XSHE,indicator,2020-06-30,2020q2,,2020-08-28,expense_to_total_revenue,83.51,indicator.csv,expense_to_total_revenue,quarterly_direct,identity_q1_or_ytd_diff,
000001.XSHE,indicator,2020-06-30,2020q2,,2020-08-28,operation_profit_to_total_revenue,16.49,indicator.csv,operation_profit_to_total_revenue,quarterly_direct,identity_q1_or_ytd_diff,
000001.XSHE,indicator,2020-06-30,2020q2,,2020-08-28,net_profit_to_total_revenue,12.7,indicator.csv,net_profit_to_total_revenue,quarterly_direct,identity_q1_or_ytd_diff,
000001.XSHE,indicator,2020-06-30,2020q2,,2020-08-28,operating_expense_to_total_revenue,,indicator.csv,operating_expense_to_total_revenue,,identity_q1_or_ytd_diff,missing_raw_value
000001.XSHE,indicator,2020-06-30,2020q2,,2020-08-28,ga_expense_to_total_revenue,26.69,indicator.csv,ga_expense_to_total_revenue,quarterly_direct,identity_q1_or_ytd_diff,
000001.XSHE,indicator,2020-06-30,2020q2,,2020-08-28,financing_expense_to_total_revenue,,indicator.csv,financing_expense_to_total_revenue,,identity_q1_or_ytd_diff,missing_raw_value
000001.XSHE,indicator,2020-06-30,2020q2,,2020-08-28,operating_profit_to_profit,27.86,indicator.csv,operating_profit_to_profit,quarterly_direct,identity_q1_or_ytd_diff,
000001.XSHE,indicator,2020-06-30,2020q2,,2020-08-28,invesment_profit_to_profit,71.16,indicator.csv,invesment_profit_to_profit,quarterly_direct,identity_q1_or_ytd_diff,
000001.XSHE,indicator,2020-06-30,2020q2,,2020-08-28,adjusted_profit_to_profit,99.03,indicator.csv,adjusted_profit_to_profit,quarterly_direct,identity_q1_or_ytd_diff,
000001.XSHE,indicator,2020-06-30,2020q2,,2020-08-28,goods_sale_and_service_to_revenue,,indicator.csv,goods_sale_and_service_to_revenue,,identity_q1_or_ytd_diff,missing_raw_value
000001.XSHE,indicator,2020-06-30,2020q2,,2020-08-28,ocf_to_revenue,-108.05,indicator.csv,ocf_to_revenue,quarterly_direct,identity_q1_or_ytd_diff,
000001.XSHE,indicator,2020-06-30,2020q2,,2020-08-28,ocf_to_operating_profit,-2363.56,indicator.csv,ocf_to_operating_profit,quarterly_direct,identity_q1_or_ytd_diff,
000001.XSHE,indicator,2020-06-30,2020q2,,2020-08-28,inc_total_revenue_year_on_year,14.28,indicator.csv,inc_total_revenue_year_on_year,quarterly_direct,identity_q1_or_ytd_diff,
000001.XSHE,indicator,2020-06-30,2020q2,,2020-08-28,inc_total_revenue_annual,6.53,indicator.csv,inc_total_revenue_annual,quarterly_direct,identity_q1_or_ytd_diff,
000001.XSHE,indicator,2020-06-30,2020q2,,2020-08-28,inc_revenue_year_on_year,14.28,indicator.csv,inc_revenue_year_on_year,quarterly_direct,identity_q1_or_ytd_diff,
000001.XSHE,indicator,2020-06-30,2020q2,,2020-08-28,inc_revenue_annual,6.53,indicator.csv,inc_revenue_annual,quarterly_direct,identity_q1_or_ytd_diff,
000001.XSHE,indicator,2020-06-30,2020q2,,2020-08-28,inc_operation_profit_year_on_year,-35.77,indicator.csv,inc_operation_profit_year_on_year,quarterly_direct,identity_q1_or_ytd_diff,
000001.XSHE,indicator,2020-06-30,2020q2,,2020-08-28,inc_operation_profit_annual,-39.43,indicator.csv,inc_operation_profit_annual,quarterly_direct,identity_q1_or_ytd_diff,
000001.XSHE,indicator,2020-06-30,2020q2,,2020-08-28,inc_net_profit_year_on_year,-35.53,indicator.csv,inc_net_profit_year_on_year,quarterly_direct,identity_q1_or_ytd_diff,
000001.XSHE,indicator,2020-06-30,2020q2,,2020-08-28,inc_net_profit_annual,-39.99,indicator.csv,inc_net_profit_annual,quarterly_direct,identity_q1_or_ytd_diff,
000001.XSHE,indicator,2020-06-30,2020q2,,2020-08-28,inc_net_profit_to_shareholders_year_on_year,-35.53,indicator.csv,inc_net_profit_to_shareholders_year_on_year,quarterly_direct,identity_q1_or_ytd_diff,
000001.XSHE,indicator,2020-06-30,2020q2,,2020-08-28,inc_net_profit_to_shareholders_annual,-39.99,indicator.csv,inc_net_profit_to_shareholders_annual,quarterly_direct,identity_q1_or_ytd_diff,
000001.XSHE,indicator,2020-09-30,2020q3,,2020-10-22,eps,0.4493,indicator.csv,eps,quarterly_direct,identity_q1_or_ytd_diff,
000001.XSHE,indicator,2020-09-30,2020q3,,2020-10-22,adjusted_profit,8730000000.0,indicator.csv,adjusted_profit,quarterly_direct,identity_q1_or_ytd_diff,
000001.XSHE,indicator,2020-09-30,2020q3,,2020-10-22,operating_profit,10412000000.0,indicator.csv,operating_profit,quarterly_direct,identity_q1_or_ytd_diff,
000001.XSHE,indicator,2020-09-30,2020q3,,2020-10-22,value_change_profit,857000000.0,indicator.csv,value_change_profit,quarterly_direct,identity_q1_or_ytd_diff,
000001.XSHE,indicator,2020-09-30,2020q3,,2020-10-22,roe,2.46,indicator.csv,roe,quarterly_direct,identity_q1_or_ytd_diff,
000001.XSHE,indicator,2020-09-30,2020q3,,2020-10-22,inc_return,2.46,indicator.csv,inc_return,quarterly_direct,identity_q1_or_ytd_diff,
000001.XSHE,indicator,2020-09-30,2020q3,,2020-10-22,roa,0.2,indicator.csv,roa,quarterly_direct,identity_q1_or_ytd_diff,
000001.XSHE,indicator,2020-09-30,2020q3,,2020-10-22,net_profit_margin,22.81,indicator.csv,net_profit_margin,quarterly_direct,identity_q1_or_ytd_diff,
000001.XSHE,indicator,2020-09-30,2020q3,,2020-10-22,gross_profit_margin,,indicator.csv,gross_profit_margin,,identity_q1_or_ytd_diff,missing_raw_value
000001.XSHE,indicator,2020-09-30,2020q3,,2020-10-22,expense_to_total_revenue,70.54,indicator.csv,expense_to_total_revenue,quarterly_direct,identity_q1_or_ytd_diff,
000001.XSHE,indicator,2020-09-30,2020q3,,2020-10-22,operation_profit_to_total_revenue,29.46,indicator.csv,operation_profit_to_total_revenue,quarterly_direct,identity_q1_or_ytd_diff,
000001.XSHE,indicator,2020-09-30,2020q3,,2020-10-22,net_profit_to_total_revenue,22.81,indicator.csv,net_profit_to_total_revenue,quarterly_direct,identity_q1_or_ytd_diff,
000001.XSHE,indicator,2020-09-30,2020q3,,2020-10-22,operating_expense_to_total_revenue,,indicator.csv,operating_expense_to_total_revenue,,identity_q1_or_ytd_diff,missing_raw_value
000001.XSHE,indicator,2020-09-30,2020q3,,2020-10-22,ga_expense_to_total_revenue,28.02,indicator.csv,ga_expense_to_total_revenue,quarterly_direct,identity_q1_or_ytd_diff,
000001.XSHE,indicator,2020-09-30,2020q3,,2020-10-22,financing_expense_to_total_revenue,,indicator.csv,financing_expense_to_total_revenue,,identity_q1_or_ytd_diff,missing_raw_value
000001.XSHE,indicator,2020-09-30,2020q3,,2020-10-22,operating_profit_to_profit,92.64,indicator.csv,operating_profit_to_profit,quarterly_direct,identity_q1_or_ytd_diff,
000001.XSHE,indicator,2020-09-30,2020q3,,2020-10-22,invesment_profit_to_profit,7.63,indicator.csv,invesment_profit_to_profit,quarterly_direct,identity_q1_or_ytd_diff,
000001.XSHE,indicator,2020-09-30,2020q3,,2020-10-22,adjusted_profit_to_profit,100.11,indicator.csv,adjusted_profit_to_profit,quarterly_direct,identity_q1_or_ytd_diff,
000001.XSHE,indicator,2020-09-30,2020q3,,2020-10-22,goods_sale_and_service_to_revenue,,indicator.csv,goods_sale_and_service_to_revenue,,identity_q1_or_ytd_diff,missing_raw_value
000001.XSHE,indicator,2020-09-30,2020q3,,2020-10-22,ocf_to_revenue,147.41,indicator.csv,ocf_to_revenue,quarterly_direct,identity_q1_or_ytd_diff,
000001.XSHE,indicator,2020-09-30,2020q3,,2020-10-22,ocf_to_operating_profit,541.34,indicator.csv,ocf_to_operating_profit,quarterly_direct,identity_q1_or_ytd_diff,
000001.XSHE,indicator,2020-09-30,2020q3,,2020-10-22,inc_total_revenue_year_on_year,8.84,indicator.csv,inc_total_revenue_year_on_year,quarterly_direct,identity_q1_or_ytd_diff,
000001.XSHE,indicator,2020-09-30,2020q3,,2020-10-22,inc_total_revenue_annual,-5.36,indicator.csv,inc_total_revenue_annual,quarterly_direct,identity_q1_or_ytd_diff,
000001.XSHE,indicator,2020-09-30,2020q3,,2020-10-22,inc_revenue_year_on_year,8.84,indicator.csv,inc_revenue_year_on_year,quarterly_direct,identity_q1_or_ytd_diff,
000001.XSHE,indicator,2020-09-30,2020q3,,2020-10-22,inc_revenue_annual,-5.36,indicator.csv,inc_revenue_annual,quarterly_direct,identity_q1_or_ytd_diff,
000001.XSHE,indicator,2020-09-30,2020q3,,2020-10-22,inc_operation_profit_year_on_year,5.51,indicator.csv,inc_operation_profit_year_on_year,quarterly_direct,identity_q1_or_ytd_diff,
000001.XSHE,indicator,2020-09-30,2020q3,,2020-10-22,inc_operation_profit_annual,69.1,indicator.csv,inc_operation_profit_annual,quarterly_direct,identity_q1_or_ytd_diff,
000001.XSHE,indicator,2020-09-30,2020q3,,2020-10-22,inc_net_profit_year_on_year,6.11,indicator.csv,inc_net_profit_year_on_year,quarterly_direct,identity_q1_or_ytd_diff,
000001.XSHE,indicator,2020-09-30,2020q3,,2020-10-22,inc_net_profit_annual,69.98,indicator.csv,inc_net_profit_annual,quarterly_direct,identity_q1_or_ytd_diff,
000001.XSHE,indicator,2020-09-30,2020q3,,2020-10-22,inc_net_profit_to_shareholders_year_on_year,6.11,indicator.csv,inc_net_profit_to_shareholders_year_on_year,quarterly_direct,identity_q1_or_ytd_diff,
000001.XSHE,indicator,2020-09-30,2020q3,,2020-10-22,inc_net_profit_to_shareholders_annual,69.98,indicator.csv,inc_net_profit_to_shareholders_annual,quarterly_direct,identity_q1_or_ytd_diff,
000001.XSHE,indicator,2020-12-31,2020q4,,2021-02-02,eps,0.3365,indicator.csv,eps,quarterly_direct,identity_q1_or_ytd_diff,
000001.XSHE,indicator,2020-12-31,2020q4,,2021-02-02,adjusted_profit,6524000000.0,indicator.csv,adjusted_profit,quarterly_direct,identity_q1_or_ytd_diff,
000001.XSHE,indicator,2020-12-31,2020q4,,2021-02-02,operating_profit,6795000000.0,indicator.csv,operating_profit,quarterly_direct,identity_q1_or_ytd_diff,
000001.XSHE,indicator,2020-12-31,2020q4,,2021-02-02,value_change_profit,1132000000.0,indicator.csv,value_change_profit,quarterly_direct,identity_q1_or_ytd_diff,
000001.XSHE,indicator,2020-12-31,2020q4,,2021-02-02,roe,1.81,indicator.csv,roe,quarterly_direct,identity_q1_or_ytd_diff,
000001.XSHE,indicator,2020-12-31,2020q4,,2021-02-02,inc_return,1.8,indicator.csv,inc_return,quarterly_direct,identity_q1_or_ytd_diff,
000001.XSHE,indicator,2020-12-31,2020q4,,2021-02-02,roa,0.15,indicator.csv,roa,quarterly_direct,identity_q1_or_ytd_diff,
000001.XSHE,indicator,2020-12-31,2020q4,,2021-02-02,net_profit_margin,17.66,indicator.csv,net_profit_margin,quarterly_direct,identity_q1_or_ytd_diff,
000001.XSHE,indicator,2020-12-31,2020q4,,2021-02-02,gross_profit_margin,,indicator.csv,gross_profit_margin,,identity_q1_or_ytd_diff,missing_raw_value
000001.XSHE,indicator,2020-12-31,2020q4,,2021-02-02,expense_to_total_revenue,78.4,indicator.csv,expense_to_total_revenue,quarterly_direct,identity_q1_or_ytd_diff,
000001.XSHE,indicator,2020-12-31,2020q4,,2021-02-02,operation_profit_to_total_revenue,21.6,indicator.csv,operation_profit_to_total_revenue,quarterly_direct,identity_q1_or_ytd_diff,
000001.XSHE,indicator,2020-12-31,2020q4,,2021-02-02,net_profit_to_total_revenue,17.66,indicator.csv,net_profit_to_total_revenue,quarterly_direct,identity_q1_or_ytd_diff,
000001.XSHE,indicator,2020-12-31,2020q4,,2021-02-02,operating_expense_to_total_revenue,,indicator.csv,operating_expense_to_total_revenue,,identity_q1_or_ytd_diff,missing_raw_value
000001.XSHE,indicator,2020-12-31,2020q4,,2021-02-02,ga_expense_to_total_revenue,34.06,indicator.csv,ga_expense_to_total_revenue,quarterly_direct,identity_q1_or_ytd_diff,
000001.XSHE,indicator,2020-12-31,2020q4,,2021-02-02,financing_expense_to_total_revenue,,indicator.csv,financing_expense_to_total_revenue,,identity_q1_or_ytd_diff,missing_raw_value
000001.XSHE,indicator,2020-12-31,2020q4,,2021-02-02,operating_profit_to_profit,85.71,indicator.csv,operating_profit_to_profit,quarterly_direct,identity_q1_or_ytd_diff,
000001.XSHE,indicator,2020-12-31,2020q4,,2021-02-02,invesment_profit_to_profit,14.28,indicator.csv,invesment_profit_to_profit,quarterly_direct,identity_q1_or_ytd_diff,
000001.XSHE,indicator,2020-12-31,2020q4,,2021-02-02,adjusted_profit_to_profit,99.91,indicator.csv,adjusted_profit_to_profit,quarterly_direct,identity_q1_or_ytd_diff,
000001.XSHE,indicator,2020-12-31,2020q4,,2021-02-02,goods_sale_and_service_to_revenue,,indicator.csv,goods_sale_and_service_to_revenue,,identity_q1_or_ytd_diff,missing_raw_value
000001.XSHE,indicator,2020-12-31,2020q4,,2021-02-02,ocf_to_revenue,-126.72,indicator.csv,ocf_to_revenue,quarterly_direct,identity_q1_or_ytd_diff,
000001.XSHE,indicator,2020-12-31,2020q4,,2021-02-02,ocf_to_operating_profit,-689.61,indicator.csv,ocf_to_operating_profit,quarterly_direct,identity_q1_or_ytd_diff,
000001.XSHE,indicator,2020-12-31,2020q4,,2021-02-02,inc_total_revenue_year_on_year,5.65,indicator.csv,inc_total_revenue_year_on_year,quarterly_direct,identity_q1_or_ytd_diff,
000001.XSHE,indicator,2020-12-31,2020q4,,2021-02-02,inc_total_revenue_annual,-3.29,indicator.csv,inc_total_revenue_annual,quarterly_direct,identity_q1_or_ytd_diff,
000001.XSHE,indicator,2020-12-31,2020q4,,2021-02-02,inc_revenue_year_on_year,5.65,indicator.csv,inc_revenue_year_on_year,quarterly_direct,identity_q1_or_ytd_diff,
000001.XSHE,indicator,2020-12-31,2020q4,,2021-02-02,inc_revenue_annual,-3.29,indicator.csv,inc_revenue_annual,quarterly_direct,identity_q1_or_ytd_diff,
000001.XSHE,indicator,2020-12-31,2020q4,,2021-02-02,inc_operation_profit_year_on_year,43.22,indicator.csv,inc_operation_profit_year_on_year,quarterly_direct,identity_q1_or_ytd_diff,
000001.XSHE,indicator,2020-12-31,2020q4,,2021-02-02,inc_operation_profit_annual,-29.1,indicator.csv,inc_operation_profit_annual,quarterly_direct,identity_q1_or_ytd_diff,
000001.XSHE,indicator,2020-12-31,2020q4,,2021-02-02,inc_net_profit_year_on_year,42.76,indicator.csv,inc_net_profit_year_on_year,quarterly_direct,identity_q1_or_ytd_diff,
000001.XSHE,indicator,2020-12-31,2020q4,,2021-02-02,inc_net_profit_annual,-25.11,indicator.csv,inc_net_profit_annual,quarterly_direct,identity_q1_or_ytd_diff,
000001.XSHE,indicator,2020-12-31,2020q4,,2021-02-02,inc_net_profit_to_shareholders_year_on_year,42.76,indicator.csv,inc_net_profit_to_shareholders_year_on_year,quarterly_direct,identity_q1_or_ytd_diff,
000001.XSHE,indicator,2020-12-31,2020q4,,2021-02-02,inc_net_profit_to_shareholders_annual,-25.11,indicator.csv,inc_net_profit_to_shareholders_annual,quarterly_direct,identity_q1_or_ytd_diff,
000001.XSHE,indicator,2021-03-31,2021q1,,2021-04-21,eps,0.5221,indicator.csv,eps,quarterly_direct,identity_q1_or_ytd_diff,
000001.XSHE,indicator,2021-03-31,2021q1,,2021-04-21,adjusted_profit,10111000000.0,indicator.csv,adjusted_profit,quarterly_direct,identity_q1_or_ytd_diff,
000001.XSHE,indicator,2021-03-31,2021q1,,2021-04-21,operating_profit,9412000000.0,indicator.csv,operating_profit,quarterly_direct,identity_q1_or_ytd_diff,
000001.XSHE,indicator,2021-03-31,2021q1,,2021-04-21,value_change_profit,3436000000.0,indicator.csv,value_change_profit,quarterly_direct,identity_q1_or_ytd_diff,
000001.XSHE,indicator,2021-03-31,2021q1,,2021-04-21,roe,2.75,indicator.csv,roe,quarterly_direct,identity_q1_or_ytd_diff,
000001.XSHE,indicator,2021-03-31,2021q1,,2021-04-21,inc_return,2.74,indicator.csv,inc_return,quarterly_direct,identity_q1_or_ytd_diff,
000001.XSHE,indicator,2021-03-31,2021q1,,2021-04-21,roa,0.22,indicator.csv,roa,quarterly_direct,identity_q1_or_ytd_diff,
000001.XSHE,indicator,2021-03-31,2021q1,,2021-04-21,net_profit_margin,24.25,indicator.csv,net_profit_margin,quarterly_direct,identity_q1_or_ytd_diff,
000001.XSHE,indicator,2021-03-31,2021q1,,2021-04-21,gross_profit_margin,,indicator.csv,gross_profit_margin,,identity_q1_or_ytd_diff,missing_raw_value
000001.XSHE,indicator,2021-03-31,2021q1,,2021-04-21,expense_to_total_revenue,69.06,indicator.csv,expense_to_total_revenue,quarterly_direct,identity_q1_or_ytd_diff,
000001.XSHE,indicator,2021-03-31,2021q1,,2021-04-21,operation_profit_to_total_revenue,30.94,indicator.csv,operation_profit_to_total_revenue,quarterly_direct,identity_q1_or_ytd_diff,
000001.XSHE,indicator,2021-03-31,2021q1,,2021-04-21,net_profit_to_total_revenue,24.25,indicator.csv,net_profit_to_total_revenue,quarterly_direct,identity_q1_or_ytd_diff,
000001.XSHE,indicator,2021-03-31,2021q1,,2021-04-21,operating_expense_to_total_revenue,,indicator.csv,operating_expense_to_total_revenue,,identity_q1_or_ytd_diff,missing_raw_value
000001.XSHE,indicator,2021-03-31,2021q1,,2021-04-21,ga_expense_to_total_revenue,28.12,indicator.csv,ga_expense_to_total_revenue,quarterly_direct,identity_q1_or_ytd_diff,
000001.XSHE,indicator,2021-03-31,2021q1,,2021-04-21,financing_expense_to_total_revenue,,indicator.csv,financing_expense_to_total_revenue,,identity_q1_or_ytd_diff,missing_raw_value
000001.XSHE,indicator,2021-03-31,2021q1,,2021-04-21,operating_profit_to_profit,73.11,indicator.csv,operating_profit_to_profit,quarterly_direct,identity_q1_or_ytd_diff,
000001.XSHE,indicator,2021-03-31,2021q1,,2021-04-21,invesment_profit_to_profit,26.69,indicator.csv,invesment_profit_to_profit,quarterly_direct,identity_q1_or_ytd_diff,
000001.XSHE,indicator,2021-03-31,2021q1,,2021-04-21,adjusted_profit_to_profit,99.79,indicator.csv,adjusted_profit_to_profit,quarterly_direct,identity_q1_or_ytd_diff,
000001.XSHE,indicator,2021-03-31,2021q1,,2021-04-21,goods_sale_and_service_to_revenue,,indicator.csv,goods_sale_and_service_to_revenue,,identity_q1_or_ytd_diff,missing_raw_value
000001.XSHE,indicator,2021-03-31,2021q1,,2021-04-21,ocf_to_revenue,-27.65,indicator.csv,ocf_to_revenue,quarterly_direct,identity_q1_or_ytd_diff,
000001.XSHE,indicator,2021-03-31,2021q1,,2021-04-21,ocf_to_operating_profit,-122.75,indicator.csv,ocf_to_operating_profit,quarterly_direct,identity_q1_or_ytd_diff,
000001.XSHE,indicator,2021-03-31,2021q1,,2021-04-21,inc_total_revenue_year_on_year,10.18,indicator.csv,inc_total_revenue_year_on_year,quarterly_direct,identity_q1_or_ytd_diff,
000001.XSHE,indicator,2021-03-31,2021q1,,2021-04-21,inc_total_revenue_annual,13.01,indicator.csv,inc_total_revenue_annual,quarterly_direct,identity_q1_or_ytd_diff,
000001.XSHE,indicator,2021-03-31,2021q1,,2021-04-21,inc_revenue_year_on_year,10.18,indicator.csv,inc_revenue_year_on_year,quarterly_direct,identity_q1_or_ytd_diff,
000001.XSHE,indicator,2021-03-31,2021q1,,2021-04-21,inc_revenue_annual,13.01,indicator.csv,inc_revenue_annual,quarterly_direct,identity_q1_or_ytd_diff,
000001.XSHE,indicator,2021-03-31,2021q1,,2021-04-21,inc_operation_profit_year_on_year,17.56,indicator.csv,inc_operation_profit_year_on_year,quarterly_direct,identity_q1_or_ytd_diff,
000001.XSHE,indicator,2021-03-31,2021q1,,2021-04-21,inc_operation_profit_annual,61.9,indicator.csv,inc_operation_profit_annual,quarterly_direct,identity_q1_or_ytd_diff,
000001.XSHE,indicator,2021-03-31,2021q1,,2021-04-21,inc_net_profit_year_on_year,18.53,indicator.csv,inc_net_profit_year_on_year,quarterly_direct,identity_q1_or_ytd_diff,
000001.XSHE,indicator,2021-03-31,2021q1,,2021-04-21,inc_net_profit_annual,55.16,indicator.csv,inc_net_profit_annual,quarterly_direct,identity_q1_or_ytd_diff,
000001.XSHE,indicator,2021-03-31,2021q1,,2021-04-21,inc_net_profit_to_shareholders_year_on_year,18.53,indicator.csv,inc_net_profit_to_shareholders_year_on_year,quarterly_direct,identity_q1_or_ytd_diff,
000001.XSHE,indicator,2021-03-31,2021q1,,2021-04-21,inc_net_profit_to_shareholders_annual,55.16,indicator.csv,inc_net_profit_to_shareholders_annual,quarterly_direct,identity_q1_or_ytd_diff,
000001.XSHE,indicator,2021-06-30,2021q2,,2021-08-20,eps,0.384,indicator.csv,eps,quarterly_direct,identity_q1_or_ytd_diff,
000001.XSHE,indicator,2021-06-30,2021q2,,2021-08-20,adjusted_profit,7400000000.0,indicator.csv,adjusted_profit,quarterly_direct,identity_q1_or_ytd_diff,
000001.XSHE,indicator,2021-06-30,2021q2,,2021-08-20,operating_profit,5158000000.0,indicator.csv,operating_profit,quarterly_direct,identity_q1_or_ytd_diff,
000001.XSHE,indicator,2021-06-30,2021q2,,2021-08-20,value_change_profit,4247000000.0,indicator.csv,value_change_profit,quarterly_direct,identity_q1_or_ytd_diff,
000001.XSHE,indicator,2021-06-30,2021q2,,2021-08-20,roe,1.99,indicator.csv,roe,quarterly_direct,identity_q1_or_ytd_diff,
000001.XSHE,indicator,2021-06-30,2021q2,,2021-08-20,inc_return,1.97,indicator.csv,inc_return,quarterly_direct,identity_q1_or_ytd_diff,
000001.XSHE,indicator,2021-06-30,2021q2,,2021-08-20,roa,0.16,indicator.csv,roa,quarterly_direct,identity_q1_or_ytd_diff,
000001.XSHE,indicator,2021-06-30,2021q2,,2021-08-20,net_profit_margin,17.37,indicator.csv,net_profit_margin,quarterly_direct,identity_q1_or_ytd_diff,
000001.XSHE,indicator,2021-06-30,2021q2,,2021-08-20,gross_profit_margin,,indicator.csv,gross_profit_margin,,identity_q1_or_ytd_diff,missing_raw_value
000001.XSHE,indicator,2021-06-30,2021q2,,2021-08-20,expense_to_total_revenue,77.88,indicator.csv,expense_to_total_revenue,quarterly_direct,identity_q1_or_ytd_diff,
000001.XSHE,indicator,2021-06-30,2021q2,,2021-08-20,operation_profit_to_total_revenue,22.12,indicator.csv,operation_profit_to_total_revenue,quarterly_direct,identity_q1_or_ytd_diff,
000001.XSHE,indicator,2021-06-30,2021q2,,2021-08-20,net_profit_to_total_revenue,17.37,indicator.csv,net_profit_to_total_revenue,quarterly_direct,identity_q1_or_ytd_diff,
000001.XSHE,indicator,2021-06-30,2021q2,,2021-08-20,operating_expense_to_total_revenue,,indicator.csv,operating_expense_to_total_revenue,,identity_q1_or_ytd_diff,missing_raw_value
000001.XSHE,indicator,2021-06-30,2021q2,,2021-08-20,ga_expense_to_total_revenue,26.6,indicator.csv,ga_expense_to_total_revenue,quarterly_direct,identity_q1_or_ytd_diff,
000001.XSHE,indicator,2021-06-30,2021q2,,2021-08-20,financing_expense_to_total_revenue,,indicator.csv,financing_expense_to_total_revenue,,identity_q1_or_ytd_diff,missing_raw_value
000001.XSHE,indicator,2021-06-30,2021q2,,2021-08-20,operating_profit_to_profit,54.48,indicator.csv,operating_profit_to_profit,quarterly_direct,identity_q1_or_ytd_diff,
000001.XSHE,indicator,2021-06-30,2021q2,,2021-08-20,invesment_profit_to_profit,44.86,indicator.csv,invesment_profit_to_profit,quarterly_direct,identity_q1_or_ytd_diff,
000001.XSHE,indicator,2021-06-30,2021q2,,2021-08-20,adjusted_profit_to_profit,99.32,indicator.csv,adjusted_profit_to_profit,quarterly_direct,identity_q1_or_ytd_diff,
000001.XSHE,indicator,2021-06-30,2021q2,,2021-08-20,goods_sale_and_service_to_revenue,,indicator.csv,goods_sale_and_service_to_revenue,,identity_q1_or_ytd_diff,missing_raw_value
000001.XSHE,indicator,2021-06-30,2021q2,,2021-08-20,ocf_to_revenue,-243.45,indicator.csv,ocf_to_revenue,quarterly_direct,identity_q1_or_ytd_diff,
000001.XSHE,indicator,2021-06-30,2021q2,,2021-08-20,ocf_to_operating_profit,-2024.41,indicator.csv,ocf_to_operating_profit,quarterly_direct,identity_q1_or_ytd_diff,
000001.XSHE,indicator,2021-06-30,2021q2,,2021-08-20,inc_total_revenue_year_on_year,6.16,indicator.csv,inc_total_revenue_year_on_year,quarterly_direct,identity_q1_or_ytd_diff,
000001.XSHE,indicator,2021-06-30,2021q2,,2021-08-20,inc_total_revenue_annual,2.64,indicator.csv,inc_total_revenue_annual,quarterly_direct,identity_q1_or_ytd_diff,
000001.XSHE,indicator,2021-06-30,2021q2,,2021-08-20,inc_revenue_year_on_year,6.16,indicator.csv,inc_revenue_year_on_year,quarterly_direct,identity_q1_or_ytd_diff,
000001.XSHE,indicator,2021-06-30,2021q2,,2021-08-20,inc_revenue_annual,2.64,indicator.csv,inc_revenue_annual,quarterly_direct,identity_q1_or_ytd_diff,
000001.XSHE,indicator,2021-06-30,2021q2,,2021-08-20,inc_operation_profit_year_on_year,42.41,indicator.csv,inc_operation_profit_year_on_year,quarterly_direct,identity_q1_or_ytd_diff,
000001.XSHE,indicator,2021-06-30,2021q2,,2021-08-20,inc_operation_profit_annual,-26.63,indicator.csv,inc_operation_profit_annual,quarterly_direct,identity_q1_or_ytd_diff,
000001.XSHE,indicator,2021-06-30,2021q2,,2021-08-20,inc_net_profit_year_on_year,45.24,indicator.csv,inc_net_profit_year_on_year,quarterly_direct,identity_q1_or_ytd_diff,
000001.XSHE,indicator,2021-06-30,2021q2,,2021-08-20,inc_net_profit_annual,-26.46,indicator.csv,inc_net_profit_annual,quarterly_direct,identity_q1_or_ytd_diff,
000001.XSHE,indicator,2021-06-30,2021q2,,2021-08-20,inc_net_profit_to_shareholders_year_on_year,45.24,indicator.csv,inc_net_profit_to_shareholders_year_on_year,quarterly_direct,identity_q1_or_ytd_diff,
000001.XSHE,indicator,2021-06-30,2021q2,,2021-08-20,inc_net_profit_to_shareholders_annual,-26.46,indicator.csv,inc_net_profit_to_shareholders_annual,quarterly_direct,identity_q1_or_ytd_diff,
000001.XSHE,indicator,2021-09-30,2021q3,,2021-10-21,eps,0.5953,indicator.csv,eps,quarterly_direct,identity_q1_or_ytd_diff,
000001.XSHE,indicator,2021-09-30,2021q3,,2021-10-21,adjusted_profit,11481000000.0,indicator.csv,adjusted_profit,quarterly_direct,identity_q1_or_ytd_diff,
000001.XSHE,indicator,2021-09-30,2021q3,,2021-10-21,operating_profit,10177000000.0,indicator.csv,operating_profit,quarterly_direct,identity_q1_or_ytd_diff,
000001.XSHE,indicator,2021-09-30,2021q3,,2021-10-21,value_change_profit,4179000000.0,indicator.csv,value_change_profit,quarterly_direct,identity_q1_or_ytd_diff,
000001.XSHE,indicator,2021-09-30,2021q3,,2021-10-21,roe,3.02,indicator.csv,roe,quarterly_direct,identity_q1_or_ytd_diff,
000001.XSHE,indicator,2021-09-30,2021q3,,2021-10-21,inc_return,3.0,indicator.csv,inc_return,quarterly_direct,identity_q1_or_ytd_diff,
000001.XSHE,indicator,2021-09-30,2021q3,,2021-10-21,roa,0.24,indicator.csv,roa,quarterly_direct,identity_q1_or_ytd_diff,
000001.XSHE,indicator,2021-09-30,2021q3,,2021-10-21,net_profit_margin,27.17,indicator.csv,net_profit_margin,quarterly_direct,identity_q1_or_ytd_diff,
000001.XSHE,indicator,2021-09-30,2021q3,,2021-10-21,gross_profit_margin,,indicator.csv,gross_profit_margin,,identity_q1_or_ytd_diff,missing_raw_value
000001.XSHE,indicator,2021-09-30,2021q3,,2021-10-21,expense_to_total_revenue,66.09,indicator.csv,expense_to_total_revenue,quarterly_direct,identity_q1_or_ytd_diff,
000001.XSHE,indicator,2021-09-30,2021q3,,2021-10-21,operation_profit_to_total_revenue,33.91,indicator.csv,operation_profit_to_total_revenue,quarterly_direct,identity_q1_or_ytd_diff,
000001.XSHE,indicator,2021-09-30,2021q3,,2021-10-21,net_profit_to_total_revenue,27.17,indicator.csv,net_profit_to_total_revenue,quarterly_direct,identity_q1_or_ytd_diff,
000001.XSHE,indicator,2021-09-30,2021q3,,2021-10-21,operating_expense_to_total_revenue,,indicator.csv,operating_expense_to_total_revenue,,identity_q1_or_ytd_diff,missing_raw_value
000001.XSHE,indicator,2021-09-30,2021q3,,2021-10-21,ga_expense_to_total_revenue,28.72,indicator.csv,ga_expense_to_total_revenue,quarterly_direct,identity_q1_or_ytd_diff,
000001.XSHE,indicator,2021-09-30,2021q3,,2021-10-21,financing_expense_to_total_revenue,,indicator.csv,financing_expense_to_total_revenue,,identity_q1_or_ytd_diff,missing_raw_value
000001.XSHE,indicator,2021-09-30,2021q3,,2021-10-21,operating_profit_to_profit,70.45,indicator.csv,operating_profit_to_profit,quarterly_direct,identity_q1_or_ytd_diff,
000001.XSHE,indicator,2021-09-30,2021q3,,2021-10-21,invesment_profit_to_profit,28.93,indicator.csv,invesment_profit_to_profit,quarterly_direct,identity_q1_or_ytd_diff,
000001.XSHE,indicator,2021-09-30,2021q3,,2021-10-21,adjusted_profit_to_profit,99.39,indicator.csv,adjusted_profit_to_profit,quarterly_direct,identity_q1_or_ytd_diff,
000001.XSHE,indicator,2021-09-30,2021q3,,2021-10-21,goods_sale_and_service_to_revenue,,indicator.csv,goods_sale_and_service_to_revenue,,identity_q1_or_ytd_diff,missing_raw_value
000001.XSHE,indicator,2021-09-30,2021q3,,2021-10-21,ocf_to_revenue,-23.14,indicator.csv,ocf_to_revenue,quarterly_direct,identity_q1_or_ytd_diff,
000001.XSHE,indicator,2021-09-30,2021q3,,2021-10-21,ocf_to_operating_profit,-96.65,indicator.csv,ocf_to_operating_profit,quarterly_direct,identity_q1_or_ytd_diff,
000001.XSHE,indicator,2021-09-30,2021q3,,2021-10-21,inc_total_revenue_year_on_year,11.18,indicator.csv,inc_total_revenue_year_on_year,quarterly_direct,identity_q1_or_ytd_diff,
000001.XSHE,indicator,2021-09-30,2021q3,,2021-10-21,inc_total_revenue_annual,-0.89,indicator.csv,inc_total_revenue_annual,quarterly_direct,identity_q1_or_ytd_diff,
000001.XSHE,indicator,2021-09-30,2021q3,,2021-10-21,inc_revenue_year_on_year,11.18,indicator.csv,inc_revenue_year_on_year,quarterly_direct,identity_q1_or_ytd_diff,
000001.XSHE,indicator,2021-09-30,2021q3,,2021-10-21,inc_revenue_annual,-0.89,indicator.csv,inc_revenue_annual,quarterly_direct,identity_q1_or_ytd_diff,
000001.XSHE,indicator,2021-09-30,2021q3,,2021-10-21,inc_operation_profit_year_on_year,27.97,indicator.csv,inc_operation_profit_year_on_year,quarterly_direct,identity_q1_or_ytd_diff,
000001.XSHE,indicator,2021-09-30,2021q3,,2021-10-21,inc_operation_profit_annual,51.95,indicator.csv,inc_operation_profit_annual,quarterly_direct,identity_q1_or_ytd_diff,
000001.XSHE,indicator,2021-09-30,2021q3,,2021-10-21,inc_net_profit_year_on_year,32.48,indicator.csv,inc_net_profit_year_on_year,quarterly_direct,identity_q1_or_ytd_diff,
000001.XSHE,indicator,2021-09-30,2021q3,,2021-10-21,inc_net_profit_annual,55.04,indicator.csv,inc_net_profit_annual,quarterly_direct,identity_q1_or_ytd_diff,
000001.XSHE,indicator,2021-09-30,2021q3,,2021-10-21,inc_net_profit_to_shareholders_year_on_year,32.48,indicator.csv,inc_net_profit_to_shareholders_year_on_year,quarterly_direct,identity_q1_or_ytd_diff,
000001.XSHE,indicator,2021-09-30,2021q3,,2021-10-21,inc_net_profit_to_shareholders_annual,55.04,indicator.csv,inc_net_profit_to_shareholders_annual,quarterly_direct,identity_q1_or_ytd_diff,
000001.XSHE,indicator,2021-12-31,2021q4,,2022-03-10,eps,0.3711,indicator.csv,eps,quarterly_direct,identity_q1_or_ytd_diff,
000001.XSHE,indicator,2021-12-31,2021q4,,2022-03-10,adjusted_profit,7238000000.0,indicator.csv,adjusted_profit,quarterly_direct,identity_q1_or_ytd_diff,
000001.XSHE,indicator,2021-12-31,2021q4,,2022-03-10,operating_profit,9156000000.0,indicator.csv,operating_profit,quarterly_direct,identity_q1_or_ytd_diff,
000001.XSHE,indicator,2021-12-31,2021q4,,2022-03-10,value_change_profit,3781000000.0,indicator.csv,value_change_profit,quarterly_direct,identity_q1_or_ytd_diff,
000001.XSHE,indicator,2021-12-31,2021q4,,2022-03-10,roe,1.84,indicator.csv,roe,quarterly_direct,identity_q1_or_ytd_diff,
000001.XSHE,indicator,2021-12-31,2021q4,,2022-03-10,inc_return,1.85,indicator.csv,inc_return,quarterly_direct,identity_q1_or_ytd_diff,
000001.XSHE,indicator,2021-12-31,2021q4,,2022-03-10,roa,0.15,indicator.csv,roa,quarterly_direct,identity_q1_or_ytd_diff,
000001.XSHE,indicator,2021-12-31,2021q4,,2022-03-10,net_profit_margin,17.07,indicator.csv,net_profit_margin,quarterly_direct,identity_q1_or_ytd_diff,
000001.XSHE,indicator,2021-12-31,2021q4,,2022-03-10,gross_profit_margin,,indicator.csv,gross_profit_margin,,identity_q1_or_ytd_diff,missing_raw_value
000001.XSHE,indicator,2021-12-31,2021q4,,2022-03-10,expense_to_total_revenue,78.3,indicator.csv,expense_to_total_revenue,quarterly_direct,identity_q1_or_ytd_diff,
000001.XSHE,indicator,2021-12-31,2021q4,,2022-03-10,operation_profit_to_total_revenue,21.7,indicator.csv,operation_profit_to_total_revenue,quarterly_direct,identity_q1_or_ytd_diff,
000001.XSHE,indicator,2021-12-31,2021q4,,2022-03-10,net_profit_to_total_revenue,17.07,indicator.csv,net_profit_to_total_revenue,quarterly_direct,identity_q1_or_ytd_diff,
000001.XSHE,indicator,2021-12-31,2021q4,,2022-03-10,operating_expense_to_total_revenue,,indicator.csv,operating_expense_to_total_revenue,,identity_q1_or_ytd_diff,missing_raw_value
000001.XSHE,indicator,2021-12-31,2021q4,,2022-03-10,ga_expense_to_total_revenue,29.78,indicator.csv,ga_expense_to_total_revenue,quarterly_direct,identity_q1_or_ytd_diff,
000001.XSHE,indicator,2021-12-31,2021q4,,2022-03-10,financing_expense_to_total_revenue,,indicator.csv,financing_expense_to_total_revenue,,identity_q1_or_ytd_diff,missing_raw_value
000001.XSHE,indicator,2021-12-31,2021q4,,2022-03-10,operating_profit_to_profit,59.12,indicator.csv,operating_profit_to_profit,quarterly_direct,identity_q1_or_ytd_diff,
000001.XSHE,indicator,2021-12-31,2021q4,,2022-03-10,invesment_profit_to_profit,41.59,indicator.csv,invesment_profit_to_profit,quarterly_direct,identity_q1_or_ytd_diff,
000001.XSHE,indicator,2021-12-31,2021q4,,2022-03-10,adjusted_profit_to_profit,100.51,indicator.csv,adjusted_profit_to_profit,quarterly_direct,identity_q1_or_ytd_diff,
000001.XSHE,indicator,2021-12-31,2021q4,,2022-03-10,goods_sale_and_service_to_revenue,,indicator.csv,goods_sale_and_service_to_revenue,,identity_q1_or_ytd_diff,missing_raw_value
000001.XSHE,indicator,2021-12-31,2021q4,,2022-03-10,ocf_to_revenue,-158.62,indicator.csv,ocf_to_revenue,quarterly_direct,identity_q1_or_ytd_diff,
000001.XSHE,indicator,2021-12-31,2021q4,,2022-03-10,ocf_to_operating_profit,-730.94,indicator.csv,ocf_to_operating_profit,quarterly_direct,identity_q1_or_ytd_diff,
000001.XSHE,indicator,2021-12-31,2021q4,,2022-03-10,inc_total_revenue_year_on_year,14.1,indicator.csv,inc_total_revenue_year_on_year,quarterly_direct,identity_q1_or_ytd_diff,
000001.XSHE,indicator,2021-12-31,2021q4,,2022-03-10,inc_total_revenue_annual,-0.75,indicator.csv,inc_total_revenue_annual,quarterly_direct,identity_q1_or_ytd_diff,
000001.XSHE,indicator,2021-12-31,2021q4,,2022-03-10,inc_revenue_year_on_year,14.1,indicator.csv,inc_revenue_year_on_year,quarterly_direct,identity_q1_or_ytd_diff,
000001.XSHE,indicator,2021-12-31,2021q4,,2022-03-10,inc_revenue_annual,-0.75,indicator.csv,inc_revenue_annual,quarterly_direct,identity_q1_or_ytd_diff,
000001.XSHE,indicator,2021-12-31,2021q4,,2022-03-10,inc_operation_profit_year_on_year,14.65,indicator.csv,inc_operation_profit_year_on_year,quarterly_direct,identity_q1_or_ytd_diff,
000001.XSHE,indicator,2021-12-31,2021q4,,2022-03-10,inc_operation_profit_annual,-36.48,indicator.csv,inc_operation_profit_annual,quarterly_direct,identity_q1_or_ytd_diff,
000001.XSHE,indicator,2021-12-31,2021q4,,2022-03-10,inc_net_profit_year_on_year,10.28,indicator.csv,inc_net_profit_year_on_year,quarterly_direct,identity_q1_or_ytd_diff,
000001.XSHE,indicator,2021-12-31,2021q4,,2022-03-10,inc_net_profit_annual,-37.66,indicator.csv,inc_net_profit_annual,quarterly_direct,identity_q1_or_ytd_diff,
000001.XSHE,indicator,2021-12-31,2021q4,,2022-03-10,inc_net_profit_to_shareholders_year_on_year,10.28,indicator.csv,inc_net_profit_to_shareholders_year_on_year,quarterly_direct,identity_q1_or_ytd_diff,
000001.XSHE,indicator,2021-12-31,2021q4,,2022-03-10,inc_net_profit_to_shareholders_annual,-37.66,indicator.csv,inc_net_profit_to_shareholders_annual,quarterly_direct,identity_q1_or_ytd_diff,
000001.XSHE,indicator,2022-03-31,2022q1,,2022-04-27,eps,0.6622,indicator.csv,eps,quarterly_direct,identity_q1_or_ytd_diff,
000001.XSHE,indicator,2022-03-31,2022q1,,2022-04-27,adjusted_profit,12873000000.0,indicator.csv,adjusted_profit,quarterly_direct,identity_q1_or_ytd_diff,
000001.XSHE,indicator,2022-03-31,2022q1,,2022-04-27,operating_profit,16340000000.0,indicator.csv,operating_profit,quarterly_direct,identity_q1_or_ytd_diff,
000001.XSHE,indicator,2022-03-31,2022q1,,2022-04-27,value_change_profit,5229000000.0,indicator.csv,value_change_profit,quarterly_direct,identity_q1_or_ytd_diff,
000001.XSHE,indicator,2022-03-31,2022q1,,2022-04-27,roe,3.21,indicator.csv,roe,quarterly_direct,identity_q1_or_ytd_diff,
000001.XSHE,indicator,2022-03-31,2022q1,,2022-04-27,inc_return,3.21,indicator.csv,inc_return,quarterly_direct,identity_q1_or_ytd_diff,
000001.XSHE,indicator,2022-03-31,2022q1,,2022-04-27,roa,0.26,indicator.csv,roa,quarterly_direct,identity_q1_or_ytd_diff,
000001.XSHE,indicator,2022-03-31,2022q1,,2022-04-27,net_profit_margin,27.81,indicator.csv,net_profit_margin,quarterly_direct,identity_q1_or_ytd_diff,
000001.XSHE,indicator,2022-03-31,2022q1,,2022-04-27,gross_profit_margin,,indicator.csv,gross_profit_margin,,identity_q1_or_ytd_diff,missing_raw_value
000001.XSHE,indicator,2022-03-31,2022q1,,2022-04-27,expense_to_total_revenue,64.64,indicator.csv,expense_to_total_revenue,quarterly_direct,identity_q1_or_ytd_diff,
000001.XSHE,indicator,2022-03-31,2022q1,,2022-04-27,operation_profit_to_total_revenue,35.36,indicator.csv,operation_profit_to_total_revenue,quarterly_direct,identity_q1_or_ytd_diff,
000001.XSHE,indicator,2022-03-31,2022q1,,2022-04-27,net_profit_to_total_revenue,27.81,indicator.csv,net_profit_to_total_revenue,quarterly_direct,identity_q1_or_ytd_diff,
000001.XSHE,indicator,2022-03-31,2022q1,,2022-04-27,operating_expense_to_total_revenue,,indicator.csv,operating_expense_to_total_revenue,,identity_q1_or_ytd_diff,missing_raw_value
000001.XSHE,indicator,2022-03-31,2022q1,,2022-04-27,ga_expense_to_total_revenue,26.2,indicator.csv,ga_expense_to_total_revenue,quarterly_direct,identity_q1_or_ytd_diff,
000001.XSHE,indicator,2022-03-31,2022q1,,2022-04-27,financing_expense_to_total_revenue,,indicator.csv,financing_expense_to_total_revenue,,identity_q1_or_ytd_diff,missing_raw_value
000001.XSHE,indicator,2022-03-31,2022q1,,2022-04-27,operating_profit_to_profit,68.65,indicator.csv,operating_profit_to_profit,quarterly_direct,identity_q1_or_ytd_diff,
000001.XSHE,indicator,2022-03-31,2022q1,,2022-04-27,invesment_profit_to_profit,32.31,indicator.csv,invesment_profit_to_profit,quarterly_direct,identity_q1_or_ytd_diff,
000001.XSHE,indicator,2022-03-31,2022q1,,2022-04-27,adjusted_profit_to_profit,100.18,indicator.csv,adjusted_profit_to_profit,quarterly_direct,identity_q1_or_ytd_diff,
000001.XSHE,indicator,2022-03-31,2022q1,,2022-04-27,goods_sale_and_service_to_revenue,,indicator.csv,goods_sale_and_service_to_revenue,,identity_q1_or_ytd_diff,missing_raw_value
000001.XSHE,indicator,2022-03-31,2022q1,,2022-04-27,ocf_to_revenue,318.41,indicator.csv,ocf_to_revenue,quarterly_direct,identity_q1_or_ytd_diff,
000001.XSHE,indicator,2022-03-31,2022q1,,2022-04-27,ocf_to_operating_profit,900.41,indicator.csv,ocf_to_operating_profit,quarterly_direct,identity_q1_or_ytd_diff,
000001.XSHE,indicator,2022-03-31,2022q1,,2022-04-27,inc_total_revenue_year_on_year,10.57,indicator.csv,inc_total_revenue_year_on_year,quarterly_direct,identity_q1_or_ytd_diff,
000001.XSHE,indicator,2022-03-31,2022q1,,2022-04-27,inc_total_revenue_annual,9.51,indicator.csv,inc_total_revenue_annual,quarterly_direct,identity_q1_or_ytd_diff,
000001.XSHE,indicator,2022-03-31,2022q1,,2022-04-27,inc_revenue_year_on_year,10.57,indicator.csv,inc_revenue_year_on_year,quarterly_direct,identity_q1_or_ytd_diff,
000001.XSHE,indicator,2022-03-31,2022q1,,2022-04-27,inc_revenue_annual,9.51,indicator.csv,inc_revenue_annual,quarterly_direct,identity_q1_or_ytd_diff,
000001.XSHE,indicator,2022-03-31,2022q1,,2022-04-27,inc_operation_profit_year_on_year,26.38,indicator.csv,inc_operation_profit_year_on_year,quarterly_direct,identity_q1_or_ytd_diff,
000001.XSHE,indicator,2022-03-31,2022q1,,2022-04-27,inc_operation_profit_annual,78.46,indicator.csv,inc_operation_profit_annual,quarterly_direct,identity_q1_or_ytd_diff,
000001.XSHE,indicator,2022-03-31,2022q1,,2022-04-27,inc_net_profit_year_on_year,26.83,indicator.csv,inc_net_profit_year_on_year,quarterly_direct,identity_q1_or_ytd_diff,
000001.XSHE,indicator,2022-03-31,2022q1,,2022-04-27,inc_net_profit_annual,78.45,indicator.csv,inc_net_profit_annual,quarterly_direct,identity_q1_or_ytd_diff,
000001.XSHE,indicator,2022-03-31,2022q1,,2022-04-27,inc_net_profit_to_shareholders_year_on_year,26.83,indicator.csv,inc_net_profit_to_shareholders_year_on_year,quarterly_direct,identity_q1_or_ytd_diff,
000001.XSHE,indicator,2022-03-31,2022q1,,2022-04-27,inc_net_profit_to_shareholders_annual,78.45,indicator.csv,inc_net_profit_to_shareholders_annual,quarterly_direct,identity_q1_or_ytd_diff,
000001.XSHE,indicator,2022-06-30,2022q2,,2022-08-18,eps,0.476,indicator.csv,eps,quarterly_direct,identity_q1_or_ytd_diff,
000001.XSHE,indicator,2022-06-30,2022q2,,2022-08-18,adjusted_profit,9169000000.0,indicator.csv,adjusted_profit,quarterly_direct,identity_q1_or_ytd_diff,
000001.XSHE,indicator,2022-06-30,2022q2,,2022-08-18,operating_profit,11621000000.0,indicator.csv,operating_profit,quarterly_direct,identity_q1_or_ytd_diff,
000001.XSHE,indicator,2022-06-30,2022q2,,2022-08-18,value_change_profit,6370000000.0,indicator.csv,value_change_profit,quarterly_direct,identity_q1_or_ytd_diff,
000001.XSHE,indicator,2022-06-30,2022q2,,2022-08-18,roe,2.26,indicator.csv,roe,quarterly_direct,identity_q1_or_ytd_diff,
000001.XSHE,indicator,2022-06-30,2022q2,,2022-08-18,inc_return,2.24,indicator.csv,inc_return,quarterly_direct,identity_q1_or_ytd_diff,
000001.XSHE,indicator,2022-06-30,2022q2,,2022-08-18,roa,0.18,indicator.csv,roa,quarterly_direct,identity_q1_or_ytd_diff,
000001.XSHE,indicator,2022-06-30,2022q2,,2022-08-18,net_profit_margin,20.16,indicator.csv,net_profit_margin,quarterly_direct,identity_q1_or_ytd_diff,
000001.XSHE,indicator,2022-06-30,2022q2,,2022-08-18,gross_profit_margin,,indicator.csv,gross_profit_margin,,identity_q1_or_ytd_diff,missing_raw_value
000001.XSHE,indicator,2022-06-30,2022q2,,2022-08-18,expense_to_total_revenue,74.63,indicator.csv,expense_to_total_revenue,quarterly_direct,identity_q1_or_ytd_diff,
000001.XSHE,indicator,2022-06-30,2022q2,,2022-08-18,operation_profit_to_total_revenue,25.37,indicator.csv,operation_profit_to_total_revenue,quarterly_direct,identity_q1_or_ytd_diff,
000001.XSHE,indicator,2022-06-30,2022q2,,2022-08-18,net_profit_to_total_revenue,20.16,indicator.csv,net_profit_to_total_revenue,quarterly_direct,identity_q1_or_ytd_diff,
000001.XSHE,indicator,2022-06-30,2022q2,,2022-08-18,operating_expense_to_total_revenue,,indicator.csv,operating_expense_to_total_revenue,,identity_q1_or_ytd_diff,missing_raw_value
000001.XSHE,indicator,2022-06-30,2022q2,,2022-08-18,ga_expense_to_total_revenue,26.72,indicator.csv,ga_expense_to_total_revenue,quarterly_direct,identity_q1_or_ytd_diff,
000001.XSHE,indicator,2022-06-30,2022q2,,2022-08-18,financing_expense_to_total_revenue,,indicator.csv,financing_expense_to_total_revenue,,identity_q1_or_ytd_diff,missing_raw_value
000001.XSHE,indicator,2022-06-30,2022q2,,2022-08-18,operating_profit_to_profit,45.27,indicator.csv,operating_profit_to_profit,quarterly_direct,identity_q1_or_ytd_diff,
000001.XSHE,indicator,2022-06-30,2022q2,,2022-08-18,invesment_profit_to_profit,54.92,indicator.csv,invesment_profit_to_profit,quarterly_direct,identity_q1_or_ytd_diff,
000001.XSHE,indicator,2022-06-30,2022q2,,2022-08-18,adjusted_profit_to_profit,99.25,indicator.csv,adjusted_profit_to_profit,quarterly_direct,identity_q1_or_ytd_diff,
000001.XSHE,indicator,2022-06-30,2022q2,,2022-08-18,goods_sale_and_service_to_revenue,,indicator.csv,goods_sale_and_service_to_revenue,,identity_q1_or_ytd_diff,missing_raw_value
000001.XSHE,indicator,2022-06-30,2022q2,,2022-08-18,ocf_to_revenue,7.33,indicator.csv,ocf_to_revenue,quarterly_direct,identity_q1_or_ytd_diff,
000001.XSHE,indicator,2022-06-30,2022q2,,2022-08-18,ocf_to_operating_profit,28.88,indicator.csv,ocf_to_operating_profit,quarterly_direct,identity_q1_or_ytd_diff,
000001.XSHE,indicator,2022-06-30,2022q2,,2022-08-18,inc_total_revenue_year_on_year,6.81,indicator.csv,inc_total_revenue_year_on_year,quarterly_direct,identity_q1_or_ytd_diff,
000001.XSHE,indicator,2022-06-30,2022q2,,2022-08-18,inc_total_revenue_annual,-0.85,indicator.csv,inc_total_revenue_annual,quarterly_direct,identity_q1_or_ytd_diff,
000001.XSHE,indicator,2022-06-30,2022q2,,2022-08-18,inc_revenue_year_on_year,6.81,indicator.csv,inc_revenue_year_on_year,quarterly_direct,identity_q1_or_ytd_diff,
000001.XSHE,indicator,2022-06-30,2022q2,,2022-08-18,inc_revenue_annual,-0.85,indicator.csv,inc_revenue_annual,quarterly_direct,identity_q1_or_ytd_diff,
000001.XSHE,indicator,2022-06-30,2022q2,,2022-08-18,inc_operation_profit_year_on_year,22.51,indicator.csv,inc_operation_profit_year_on_year,quarterly_direct,identity_q1_or_ytd_diff,
000001.XSHE,indicator,2022-06-30,2022q2,,2022-08-18,inc_operation_profit_annual,-28.88,indicator.csv,inc_operation_profit_annual,quarterly_direct,identity_q1_or_ytd_diff,
000001.XSHE,indicator,2022-06-30,2022q2,,2022-08-18,inc_net_profit_year_on_year,23.98,indicator.csv,inc_net_profit_year_on_year,quarterly_direct,identity_q1_or_ytd_diff,
000001.XSHE,indicator,2022-06-30,2022q2,,2022-08-18,inc_net_profit_annual,-28.11,indicator.csv,inc_net_profit_annual,quarterly_direct,identity_q1_or_ytd_diff,
000001.XSHE,indicator,2022-06-30,2022q2,,2022-08-18,inc_net_profit_to_shareholders_year_on_year,23.98,indicator.csv,inc_net_profit_to_shareholders_year_on_year,quarterly_direct,identity_q1_or_ytd_diff,
000001.XSHE,indicator,2022-06-30,2022q2,,2022-08-18,inc_net_profit_to_shareholders_annual,-28.11,indicator.csv,inc_net_profit_to_shareholders_annual,quarterly_direct,identity_q1_or_ytd_diff,
000001.XSHE,indicator,2022-09-30,2022q3,,2022-10-25,eps,0.7509,indicator.csv,eps,quarterly_direct,identity_q1_or_ytd_diff,
000001.XSHE,indicator,2022-09-30,2022q3,,2022-10-25,adjusted_profit,14555398409.83,indicator.csv,adjusted_profit,quarterly_direct,identity_q1_or_ytd_diff,
000001.XSHE,indicator,2022-09-30,2022q3,,2022-10-25,operating_profit,18334000000.0,indicator.csv,operating_profit,quarterly_direct,identity_q1_or_ytd_diff,
000001.XSHE,indicator,2022-09-30,2022q3,,2022-10-25,value_change_profit,6555000000.0,indicator.csv,value_change_profit,quarterly_direct,identity_q1_or_ytd_diff,
000001.XSHE,indicator,2022-09-30,2022q3,,2022-10-25,roe,3.48,indicator.csv,roe,quarterly_direct,identity_q1_or_ytd_diff,
000001.XSHE,indicator,2022-09-30,2022q3,,2022-10-25,inc_return,3.48,indicator.csv,inc_return,quarterly_direct,identity_q1_or_ytd_diff,
000001.XSHE,indicator,2022-09-30,2022q3,,2022-10-25,roa,0.28,indicator.csv,roa,quarterly_direct,identity_q1_or_ytd_diff,
000001.XSHE,indicator,2022-09-30,2022q3,,2022-10-25,net_profit_margin,31.51,indicator.csv,net_profit_margin,quarterly_direct,identity_q1_or_ytd_diff,
000001.XSHE,indicator,2022-09-30,2022q3,,2022-10-25,gross_profit_margin,,indicator.csv,gross_profit_margin,,identity_q1_or_ytd_diff,missing_raw_value
000001.XSHE,indicator,2022-09-30,2022q3,,2022-10-25,expense_to_total_revenue,60.35,indicator.csv,expense_to_total_revenue,quarterly_direct,identity_q1_or_ytd_diff,
000001.XSHE,indicator,2022-09-30,2022q3,,2022-10-25,operation_profit_to_total_revenue,39.65,indicator.csv,operation_profit_to_total_revenue,quarterly_direct,identity_q1_or_ytd_diff,
000001.XSHE,indicator,2022-09-30,2022q3,,2022-10-25,net_profit_to_total_revenue,31.51,indicator.csv,net_profit_to_total_revenue,quarterly_direct,identity_q1_or_ytd_diff,
000001.XSHE,indicator,2022-09-30,2022q3,,2022-10-25,operating_expense_to_total_revenue,,indicator.csv,operating_expense_to_total_revenue,,identity_q1_or_ytd_diff,missing_raw_value
000001.XSHE,indicator,2022-09-30,2022q3,,2022-10-25,ga_expense_to_total_revenue,26.32,indicator.csv,ga_expense_to_total_revenue,quarterly_direct,identity_q1_or_ytd_diff,
000001.XSHE,indicator,2022-09-30,2022q3,,2022-10-25,financing_expense_to_total_revenue,,indicator.csv,financing_expense_to_total_revenue,,identity_q1_or_ytd_diff,missing_raw_value
000001.XSHE,indicator,2022-09-30,2022q3,,2022-10-25,operating_profit_to_profit,64.26,indicator.csv,operating_profit_to_profit,quarterly_direct,identity_q1_or_ytd_diff,
000001.XSHE,indicator,2022-09-30,2022q3,,2022-10-25,invesment_profit_to_profit,35.76,indicator.csv,invesment_profit_to_profit,quarterly_direct,identity_q1_or_ytd_diff,
000001.XSHE,indicator,2022-09-30,2022q3,,2022-10-25,adjusted_profit_to_profit,99.89,indicator.csv,adjusted_profit_to_profit,quarterly_direct,identity_q1_or_ytd_diff,
000001.XSHE,indicator,2022-09-30,2022q3,,2022-10-25,goods_sale_and_service_to_revenue,,indicator.csv,goods_sale_and_service_to_revenue,,identity_q1_or_ytd_diff,missing_raw_value
000001.XSHE,indicator,2022-09-30,2022q3,,2022-10-25,ocf_to_revenue,-125.35,indicator.csv,ocf_to_revenue,quarterly_direct,identity_q1_or_ytd_diff,
000001.XSHE,indicator,2022-09-30,2022q3,,2022-10-25,ocf_to_operating_profit,-316.16,indicator.csv,ocf_to_operating_profit,quarterly_direct,identity_q1_or_ytd_diff,
000001.XSHE,indicator,2022-09-30,2022q3,,2022-10-25,inc_total_revenue_year_on_year,8.78,indicator.csv,inc_total_revenue_year_on_year,quarterly_direct,identity_q1_or_ytd_diff,
000001.XSHE,indicator,2022-09-30,2022q3,,2022-10-25,inc_total_revenue_annual,0.93,indicator.csv,inc_total_revenue_annual,quarterly_direct,identity_q1_or_ytd_diff,
000001.XSHE,indicator,2022-09-30,2022q3,,2022-10-25,inc_revenue_year_on_year,8.78,indicator.csv,inc_revenue_year_on_year,quarterly_direct,identity_q1_or_ytd_diff,
000001.XSHE,indicator,2022-09-30,2022q3,,2022-10-25,inc_revenue_annual,0.93,indicator.csv,inc_revenue_annual,quarterly_direct,identity_q1_or_ytd_diff,
000001.XSHE,indicator,2022-09-30,2022q3,,2022-10-25,inc_operation_profit_year_on_year,27.2,indicator.csv,inc_operation_profit_year_on_year,quarterly_direct,identity_q1_or_ytd_diff,
000001.XSHE,indicator,2022-09-30,2022q3,,2022-10-25,inc_operation_profit_annual,57.77,indicator.csv,inc_operation_profit_annual,quarterly_direct,identity_q1_or_ytd_diff,
000001.XSHE,indicator,2022-09-30,2022q3,,2022-10-25,inc_net_profit_year_on_year,26.13,indicator.csv,inc_net_profit_year_on_year,quarterly_direct,identity_q1_or_ytd_diff,
000001.XSHE,indicator,2022-09-30,2022q3,,2022-10-25,inc_net_profit_annual,57.73,indicator.csv,inc_net_profit_annual,quarterly_direct,identity_q1_or_ytd_diff,
000001.XSHE,indicator,2022-09-30,2022q3,,2022-10-25,inc_net_profit_to_shareholders_year_on_year,26.13,indicator.csv,inc_net_profit_to_shareholders_year_on_year,quarterly_direct,identity_q1_or_ytd_diff,
000001.XSHE,indicator,2022-09-30,2022q3,,2022-10-25,inc_net_profit_to_shareholders_annual,57.73,indicator.csv,inc_net_profit_to_shareholders_annual,quarterly_direct,identity_q1_or_ytd_diff,
000001.XSHE,indicator,2022-12-31,2022q4,,2023-03-09,eps,0.4564,indicator.csv,eps,quarterly_direct,identity_q1_or_ytd_diff,
000001.XSHE,indicator,2022-12-31,2022q4,,2023-03-09,adjusted_profit,8809601590.17,indicator.csv,adjusted_profit,quarterly_direct,identity_q1_or_ytd_diff,
000001.XSHE,indicator,2022-12-31,2022q4,,2023-03-09,operating_profit,11180000000.0,indicator.csv,operating_profit,quarterly_direct,identity_q1_or_ytd_diff,
000001.XSHE,indicator,2022-12-31,2022q4,,2023-03-09,value_change_profit,877000000.0,indicator.csv,value_change_profit,quarterly_direct,identity_q1_or_ytd_diff,
000001.XSHE,indicator,2022-12-31,2022q4,,2023-03-09,roe,2.06,indicator.csv,roe,quarterly_direct,identity_q1_or_ytd_diff,
000001.XSHE,indicator,2022-12-31,2022q4,,2023-03-09,inc_return,2.05,indicator.csv,inc_return,quarterly_direct,identity_q1_or_ytd_diff,
000001.XSHE,indicator,2022-12-31,2022q4,,2023-03-09,roa,0.17,indicator.csv,roa,quarterly_direct,identity_q1_or_ytd_diff,
000001.XSHE,indicator,2022-12-31,2022q4,,2023-03-09,net_profit_margin,21.28,indicator.csv,net_profit_margin,quarterly_direct,identity_q1_or_ytd_diff,
000001.XSHE,indicator,2022-12-31,2022q4,,2023-03-09,gross_profit_margin,,indicator.csv,gross_profit_margin,,identity_q1_or_ytd_diff,missing_raw_value
000001.XSHE,indicator,2022-12-31,2022q4,,2023-03-09,expense_to_total_revenue,73.14,indicator.csv,expense_to_total_revenue,quarterly_direct,identity_q1_or_ytd_diff,
000001.XSHE,indicator,2022-12-31,2022q4,,2023-03-09,operation_profit_to_total_revenue,26.86,indicator.csv,operation_profit_to_total_revenue,quarterly_direct,identity_q1_or_ytd_diff,
000001.XSHE,indicator,2022-12-31,2022q4,,2023-03-09,net_profit_to_total_revenue,21.28,indicator.csv,net_profit_to_total_revenue,quarterly_direct,identity_q1_or_ytd_diff,
000001.XSHE,indicator,2022-12-31,2022q4,,2023-03-09,operating_expense_to_total_revenue,,indicator.csv,operating_expense_to_total_revenue,,identity_q1_or_ytd_diff,missing_raw_value
000001.XSHE,indicator,2022-12-31,2022q4,,2023-03-09,ga_expense_to_total_revenue,30.91,indicator.csv,ga_expense_to_total_revenue,quarterly_direct,identity_q1_or_ytd_diff,
000001.XSHE,indicator,2022-12-31,2022q4,,2023-03-09,financing_expense_to_total_revenue,,indicator.csv,financing_expense_to_total_revenue,,identity_q1_or_ytd_diff,missing_raw_value
000001.XSHE,indicator,2022-12-31,2022q4,,2023-03-09,operating_profit_to_profit,92.48,indicator.csv,operating_profit_to_profit,quarterly_direct,identity_q1_or_ytd_diff,
000001.XSHE,indicator,2022-12-31,2022q4,,2023-03-09,invesment_profit_to_profit,7.87,indicator.csv,invesment_profit_to_profit,quarterly_direct,identity_q1_or_ytd_diff,
000001.XSHE,indicator,2022-12-31,2022q4,,2023-03-09,adjusted_profit_to_profit,99.46,indicator.csv,adjusted_profit_to_profit,quarterly_direct,identity_q1_or_ytd_diff,
000001.XSHE,indicator,2022-12-31,2022q4,,2023-03-09,goods_sale_and_service_to_revenue,,indicator.csv,goods_sale_and_service_to_revenue,,identity_q1_or_ytd_diff,missing_raw_value
000001.XSHE,indicator,2022-12-31,2022q4,,2023-03-09,ocf_to_revenue,101.02,indicator.csv,ocf_to_revenue,quarterly_direct,identity_q1_or_ytd_diff,
000001.XSHE,indicator,2022-12-31,2022q4,,2023-03-09,ocf_to_operating_profit,376.15,indicator.csv,ocf_to_operating_profit,quarterly_direct,identity_q1_or_ytd_diff,
000001.XSHE,indicator,2022-12-31,2022q4,,2023-03-09,inc_total_revenue_year_on_year,-1.33,indicator.csv,inc_total_revenue_year_on_year,quarterly_direct,identity_q1_or_ytd_diff,
000001.XSHE,indicator,2022-12-31,2022q4,,2023-03-09,inc_total_revenue_annual,-9.98,indicator.csv,inc_total_revenue_annual,quarterly_direct,identity_q1_or_ytd_diff,
000001.XSHE,indicator,2022-12-31,2022q4,,2023-03-09,inc_revenue_year_on_year,-1.33,indicator.csv,inc_revenue_year_on_year,quarterly_direct,identity_q1_or_ytd_diff,
000001.XSHE,indicator,2022-12-31,2022q4,,2023-03-09,inc_revenue_annual,-9.98,indicator.csv,inc_revenue_annual,quarterly_direct,identity_q1_or_ytd_diff,
000001.XSHE,indicator,2022-12-31,2022q4,,2023-03-09,inc_operation_profit_year_on_year,22.11,indicator.csv,inc_operation_profit_year_on_year,quarterly_direct,identity_q1_or_ytd_diff,
000001.XSHE,indicator,2022-12-31,2022q4,,2023-03-09,inc_operation_profit_annual,-39.02,indicator.csv,inc_operation_profit_annual,quarterly_direct,identity_q1_or_ytd_diff,
000001.XSHE,indicator,2022-12-31,2022q4,,2023-03-09,inc_net_profit_year_on_year,23.0,indicator.csv,inc_net_profit_year_on_year,quarterly_direct,identity_q1_or_ytd_diff,
000001.XSHE,indicator,2022-12-31,2022q4,,2023-03-09,inc_net_profit_annual,-39.21,indicator.csv,inc_net_profit_annual,quarterly_direct,identity_q1_or_ytd_diff,
000001.XSHE,indicator,2022-12-31,2022q4,,2023-03-09,inc_net_profit_to_shareholders_year_on_year,23.0,indicator.csv,inc_net_profit_to_shareholders_year_on_year,quarterly_direct,identity_q1_or_ytd_diff,
000001.XSHE,indicator,2022-12-31,2022q4,,2023-03-09,inc_net_profit_to_shareholders_annual,-39.21,indicator.csv,inc_net_profit_to_shareholders_annual,quarterly_direct,identity_q1_or_ytd_diff,
000001.XSHE,indicator,2023-03-31,2023q1,,2023-04-25,eps,0.7525,indicator.csv,eps,quarterly_direct,identity_q1_or_ytd_diff,
000001.XSHE,indicator,2023-03-31,2023q1,,2023-04-25,adjusted_profit,14469000000.0,indicator.csv,adjusted_profit,quarterly_direct,identity_q1_or_ytd_diff,
000001.XSHE,indicator,2023-03-31,2023q1,,2023-04-25,operating_profit,18369000000.0,indicator.csv,operating_profit,quarterly_direct,identity_q1_or_ytd_diff,
000001.XSHE,indicator,2023-03-31,2023q1,,2023-04-25,value_change_profit,3672000000.0,indicator.csv,value_change_profit,quarterly_direct,identity_q1_or_ytd_diff,
000001.XSHE,indicator,2023-03-31,2023q1,,2023-04-25,roe,3.31,indicator.csv,roe,quarterly_direct,identity_q1_or_ytd_diff,
000001.XSHE,indicator,2023-03-31,2023q1,,2023-04-25,inc_return,3.28,indicator.csv,inc_return,quarterly_direct,identity_q1_or_ytd_diff,
000001.XSHE,indicator,2023-03-31,2023q1,,2023-04-25,roa,0.27,indicator.csv,roa,quarterly_direct,identity_q1_or_ytd_diff,
000001.XSHE,indicator,2023-03-31,2023q1,,2023-04-25,net_profit_margin,32.38,indicator.csv,net_profit_margin,quarterly_direct,identity_q1_or_ytd_diff,
000001.XSHE,indicator,2023-03-31,2023q1,,2023-04-25,gross_profit_margin,,indicator.csv,gross_profit_margin,,identity_q1_or_ytd_diff,missing_raw_value
000001.XSHE,indicator,2023-03-31,2023q1,,2023-04-25,expense_to_total_revenue,59.27,indicator.csv,expense_to_total_revenue,quarterly_direct,identity_q1_or_ytd_diff,
000001.XSHE,indicator,2023-03-31,2023q1,,2023-04-25,operation_profit_to_total_revenue,40.73,indicator.csv,operation_profit_to_total_revenue,quarterly_direct,identity_q1_or_ytd_diff,
000001.XSHE,indicator,2023-03-31,2023q1,,2023-04-25,net_profit_to_total_revenue,32.38,indicator.csv,net_profit_to_total_revenue,quarterly_direct,identity_q1_or_ytd_diff,
000001.XSHE,indicator,2023-03-31,2023q1,,2023-04-25,operating_expense_to_total_revenue,,indicator.csv,operating_expense_to_total_revenue,,identity_q1_or_ytd_diff,missing_raw_value
000001.XSHE,indicator,2023-03-31,2023q1,,2023-04-25,ga_expense_to_total_revenue,26.18,indicator.csv,ga_expense_to_total_revenue,quarterly_direct,identity_q1_or_ytd_diff,
000001.XSHE,indicator,2023-03-31,2023q1,,2023-04-25,financing_expense_to_total_revenue,,indicator.csv,financing_expense_to_total_revenue,,identity_q1_or_ytd_diff,missing_raw_value
000001.XSHE,indicator,2023-03-31,2023q1,,2023-04-25,operating_profit_to_profit,80.02,indicator.csv,operating_profit_to_profit,quarterly_direct,identity_q1_or_ytd_diff,
000001.XSHE,indicator,2023-03-31,2023q1,,2023-04-25,invesment_profit_to_profit,19.99,indicator.csv,invesment_profit_to_profit,quarterly_direct,identity_q1_or_ytd_diff,
000001.XSHE,indicator,2023-03-31,2023q1,,2023-04-25,adjusted_profit_to_profit,99.09,indicator.csv,adjusted_profit_to_profit,quarterly_direct,identity_q1_or_ytd_diff,
000001.XSHE,indicator,2023-03-31,2023q1,,2023-04-25,goods_sale_and_service_to_revenue,0.0,indicator.csv,goods_sale_and_service_to_revenue,quarterly_direct,identity_q1_or_ytd_diff,
000001.XSHE,indicator,2023-03-31,2023q1,,2023-04-25,ocf_to_revenue,242.04,indicator.csv,ocf_to_revenue,quarterly_direct,identity_q1_or_ytd_diff,
000001.XSHE,indicator,2023-03-31,2023q1,,2023-04-25,ocf_to_operating_profit,594.24,indicator.csv,ocf_to_operating_profit,quarterly_direct,identity_q1_or_ytd_diff,
000001.XSHE,indicator,2023-03-31,2023q1,,2023-04-25,inc_total_revenue_year_on_year,-2.4,indicator.csv,inc_total_revenue_year_on_year,quarterly_direct,identity_q1_or_ytd_diff,
000001.XSHE,indicator,2023-03-31,2023q1,,2023-04-25,inc_total_revenue_annual,8.33,indicator.csv,inc_total_revenue_annual,quarterly_direct,identity_q1_or_ytd_diff,
000001.XSHE,indicator,2023-03-31,2023q1,,2023-04-25,inc_revenue_year_on_year,-2.4,indicator.csv,inc_revenue_year_on_year,quarterly_direct,identity_q1_or_ytd_diff,
000001.XSHE,indicator,2023-03-31,2023q1,,2023-04-25,inc_revenue_annual,8.33,indicator.csv,inc_revenue_annual,quarterly_direct,identity_q1_or_ytd_diff,
000001.XSHE,indicator,2023-03-31,2023q1,,2023-04-25,inc_operation_profit_year_on_year,12.42,indicator.csv,inc_operation_profit_year_on_year,quarterly_direct,identity_q1_or_ytd_diff,
000001.XSHE,indicator,2023-03-31,2023q1,,2023-04-25,inc_operation_profit_annual,64.3,indicator.csv,inc_operation_profit_annual,quarterly_direct,identity_q1_or_ytd_diff,
000001.XSHE,indicator,2023-03-31,2023q1,,2023-04-25,inc_net_profit_year_on_year,13.63,indicator.csv,inc_net_profit_year_on_year,quarterly_direct,identity_q1_or_ytd_diff,
000001.XSHE,indicator,2023-03-31,2023q1,,2023-04-25,inc_net_profit_annual,64.86,indicator.csv,inc_net_profit_annual,quarterly_direct,identity_q1_or_ytd_diff,
000001.XSHE,indicator,2023-03-31,2023q1,,2023-04-25,inc_net_profit_to_shareholders_year_on_year,13.63,indicator.csv,inc_net_profit_to_shareholders_year_on_year,quarterly_direct,identity_q1_or_ytd_diff,
000001.XSHE,indicator,2023-03-31,2023q1,,2023-04-25,inc_net_profit_to_shareholders_annual,64.86,indicator.csv,inc_net_profit_to_shareholders_annual,quarterly_direct,identity_q1_or_ytd_diff,
000001.XSHE,indicator,2023-06-30,2023q2,,2023-08-24,eps,0.5558,indicator.csv,eps,quarterly_direct,identity_q1_or_ytd_diff,
000001.XSHE,indicator,2023-06-30,2023q2,,2023-08-24,adjusted_profit,10747000000.0,indicator.csv,adjusted_profit,quarterly_direct,identity_q1_or_ytd_diff,
000001.XSHE,indicator,2023-06-30,2023q2,,2023-08-24,operating_profit,13568000000.0,indicator.csv,operating_profit,quarterly_direct,identity_q1_or_ytd_diff,
000001.XSHE,indicator,2023-06-30,2023q2,,2023-08-24,value_change_profit,5330000000.0,indicator.csv,value_change_profit,quarterly_direct,identity_q1_or_ytd_diff,
000001.XSHE,indicator,2023-06-30,2023q2,,2023-08-24,roe,2.4,indicator.csv,roe,quarterly_direct,identity_q1_or_ytd_diff,
000001.XSHE,indicator,2023-06-30,2023q2,,2023-08-24,inc_return,2.39,indicator.csv,inc_return,quarterly_direct,identity_q1_or_ytd_diff,
000001.XSHE,indicator,2023-06-30,2023q2,,2023-08-24,roa,0.2,indicator.csv,roa,quarterly_direct,identity_q1_or_ytd_diff,
000001.XSHE,indicator,2023-06-30,2023q2,,2023-08-24,net_profit_margin,24.79,indicator.csv,net_profit_margin,quarterly_direct,identity_q1_or_ytd_diff,
000001.XSHE,indicator,2023-06-30,2023q2,,2023-08-24,gross_profit_margin,,indicator.csv,gross_profit_margin,,identity_q1_or_ytd_diff,missing_raw_value
000001.XSHE,indicator,2023-06-30,2023q2,,2023-08-24,expense_to_total_revenue,68.82,indicator.csv,expense_to_total_revenue,quarterly_direct,identity_q1_or_ytd_diff,
000001.XSHE,indicator,2023-06-30,2023q2,,2023-08-24,operation_profit_to_total_revenue,31.18,indicator.csv,operation_profit_to_total_revenue,quarterly_direct,identity_q1_or_ytd_diff,
000001.XSHE,indicator,2023-06-30,2023q2,,2023-08-24,net_profit_to_total_revenue,24.79,indicator.csv,net_profit_to_total_revenue,quarterly_direct,identity_q1_or_ytd_diff,
000001.XSHE,indicator,2023-06-30,2023q2,,2023-08-24,operating_expense_to_total_revenue,,indicator.csv,operating_expense_to_total_revenue,,identity_q1_or_ytd_diff,missing_raw_value
000001.XSHE,indicator,2023-06-30,2023q2,,2023-08-24,ga_expense_to_total_revenue,26.73,indicator.csv,ga_expense_to_total_revenue,quarterly_direct,identity_q1_or_ytd_diff,
000001.XSHE,indicator,2023-06-30,2023q2,,2023-08-24,financing_expense_to_total_revenue,,indicator.csv,financing_expense_to_total_revenue,,identity_q1_or_ytd_diff,missing_raw_value
000001.XSHE,indicator,2023-06-30,2023q2,,2023-08-24,operating_profit_to_profit,60.73,indicator.csv,operating_profit_to_profit,quarterly_direct,identity_q1_or_ytd_diff,
000001.XSHE,indicator,2023-06-30,2023q2,,2023-08-24,invesment_profit_to_profit,39.29,indicator.csv,invesment_profit_to_profit,quarterly_direct,identity_q1_or_ytd_diff,
000001.XSHE,indicator,2023-06-30,2023q2,,2023-08-24,adjusted_profit_to_profit,99.65,indicator.csv,adjusted_profit_to_profit,quarterly_direct,identity_q1_or_ytd_diff,
000001.XSHE,indicator,2023-06-30,2023q2,,2023-08-24,goods_sale_and_service_to_revenue,,indicator.csv,goods_sale_and_service_to_revenue,,identity_q1_or_ytd_diff,missing_raw_value
000001.XSHE,indicator,2023-06-30,2023q2,,2023-08-24,ocf_to_revenue,-149.19,indicator.csv,ocf_to_revenue,quarterly_direct,identity_q1_or_ytd_diff,
000001.XSHE,indicator,2023-06-30,2023q2,,2023-08-24,ocf_to_operating_profit,-478.44,indicator.csv,ocf_to_operating_profit,quarterly_direct,identity_q1_or_ytd_diff,
000001.XSHE,indicator,2023-06-30,2023q2,,2023-08-24,inc_total_revenue_year_on_year,-5.03,indicator.csv,inc_total_revenue_year_on_year,quarterly_direct,identity_q1_or_ytd_diff,
000001.XSHE,indicator,2023-06-30,2023q2,,2023-08-24,inc_total_revenue_annual,-3.52,indicator.csv,inc_total_revenue_annual,quarterly_direct,identity_q1_or_ytd_diff,
000001.XSHE,indicator,2023-06-30,2023q2,,2023-08-24,inc_revenue_year_on_year,-5.03,indicator.csv,inc_revenue_year_on_year,quarterly_direct,identity_q1_or_ytd_diff,
000001.XSHE,indicator,2023-06-30,2023q2,,2023-08-24,inc_revenue_annual,-3.52,indicator.csv,inc_revenue_annual,quarterly_direct,identity_q1_or_ytd_diff,
000001.XSHE,indicator,2023-06-30,2023q2,,2023-08-24,inc_operation_profit_year_on_year,16.75,indicator.csv,inc_operation_profit_year_on_year,quarterly_direct,identity_q1_or_ytd_diff,
000001.XSHE,indicator,2023-06-30,2023q2,,2023-08-24,inc_operation_profit_annual,-26.14,indicator.csv,inc_operation_profit_annual,quarterly_direct,identity_q1_or_ytd_diff,
000001.XSHE,indicator,2023-06-30,2023q2,,2023-08-24,inc_net_profit_year_on_year,16.75,indicator.csv,inc_net_profit_year_on_year,quarterly_direct,identity_q1_or_ytd_diff,
000001.XSHE,indicator,2023-06-30,2023q2,,2023-08-24,inc_net_profit_annual,-26.14,indicator.csv,inc_net_profit_annual,quarterly_direct,identity_q1_or_ytd_diff,
000001.XSHE,indicator,2023-06-30,2023q2,,2023-08-24,inc_net_profit_to_shareholders_year_on_year,16.75,indicator.csv,inc_net_profit_to_shareholders_year_on_year,quarterly_direct,identity_q1_or_ytd_diff,
000001.XSHE,indicator,2023-06-30,2023q2,,2023-08-24,inc_net_profit_to_shareholders_annual,-26.14,indicator.csv,inc_net_profit_to_shareholders_annual,quarterly_direct,identity_q1_or_ytd_diff,
000001.XSHE,indicator,2023-09-30,2023q3,,2023-10-25,eps,0.7342,indicator.csv,eps,quarterly_direct,identity_q1_or_ytd_diff,
000001.XSHE,indicator,2023-09-30,2023q3,,2023-10-25,adjusted_profit,14352000000.0,indicator.csv,adjusted_profit,quarterly_direct,identity_q1_or_ytd_diff,
000001.XSHE,indicator,2023-09-30,2023q3,,2023-10-25,operating_profit,17110000000.0,indicator.csv,operating_profit,quarterly_direct,identity_q1_or_ytd_diff,
000001.XSHE,indicator,2023-09-30,2023q3,,2023-10-25,value_change_profit,3611000000.0,indicator.csv,value_change_profit,quarterly_direct,identity_q1_or_ytd_diff,
000001.XSHE,indicator,2023-09-30,2023q3,,2023-10-25,roe,3.1,indicator.csv,roe,quarterly_direct,identity_q1_or_ytd_diff,
000001.XSHE,indicator,2023-09-30,2023q3,,2023-10-25,inc_return,3.13,indicator.csv,inc_return,quarterly_direct,identity_q1_or_ytd_diff,
000001.XSHE,indicator,2023-09-30,2023q3,,2023-10-25,roa,0.26,indicator.csv,roa,quarterly_direct,identity_q1_or_ytd_diff,
000001.XSHE,indicator,2023-09-30,2023q3,,2023-10-25,net_profit_margin,36.51,indicator.csv,net_profit_margin,quarterly_direct,identity_q1_or_ytd_diff,
000001.XSHE,indicator,2023-09-30,2023q3,,2023-10-25,gross_profit_margin,,indicator.csv,gross_profit_margin,,identity_q1_or_ytd_diff,missing_raw_value
000001.XSHE,indicator,2023-09-30,2023q3,,2023-10-25,expense_to_total_revenue,56.16,indicator.csv,expense_to_total_revenue,quarterly_direct,identity_q1_or_ytd_diff,
000001.XSHE,indicator,2023-09-30,2023q3,,2023-10-25,operation_profit_to_total_revenue,43.84,indicator.csv,operation_profit_to_total_revenue,quarterly_direct,identity_q1_or_ytd_diff,
000001.XSHE,indicator,2023-09-30,2023q3,,2023-10-25,net_profit_to_total_revenue,36.51,indicator.csv,net_profit_to_total_revenue,quarterly_direct,identity_q1_or_ytd_diff,
000001.XSHE,indicator,2023-09-30,2023q3,,2023-10-25,operating_expense_to_total_revenue,,indicator.csv,operating_expense_to_total_revenue,,identity_q1_or_ytd_diff,missing_raw_value
000001.XSHE,indicator,2023-09-30,2023q3,,2023-10-25,ga_expense_to_total_revenue,26.78,indicator.csv,ga_expense_to_total_revenue,quarterly_direct,identity_q1_or_ytd_diff,
000001.XSHE,indicator,2023-09-30,2023q3,,2023-10-25,financing_expense_to_total_revenue,,indicator.csv,financing_expense_to_total_revenue,,identity_q1_or_ytd_diff,missing_raw_value
000001.XSHE,indicator,2023-09-30,2023q3,,2023-10-25,operating_profit_to_profit,79.13,indicator.csv,operating_profit_to_profit,quarterly_direct,identity_q1_or_ytd_diff,
000001.XSHE,indicator,2023-09-30,2023q3,,2023-10-25,invesment_profit_to_profit,21.17,indicator.csv,invesment_profit_to_profit,quarterly_direct,identity_q1_or_ytd_diff,
000001.XSHE,indicator,2023-09-30,2023q3,,2023-10-25,adjusted_profit_to_profit,100.73,indicator.csv,adjusted_profit_to_profit,quarterly_direct,identity_q1_or_ytd_diff,
000001.XSHE,indicator,2023-09-30,2023q3,,2023-10-25,goods_sale_and_service_to_revenue,,indicator.csv,goods_sale_and_service_to_revenue,,identity_q1_or_ytd_diff,missing_raw_value
000001.XSHE,indicator,2023-09-30,2023q3,,2023-10-25,ocf_to_revenue,183.7,indicator.csv,ocf_to_revenue,quarterly_direct,identity_q1_or_ytd_diff,
000001.XSHE,indicator,2023-09-30,2023q3,,2023-10-25,ocf_to_operating_profit,418.99,indicator.csv,ocf_to_operating_profit,quarterly_direct,identity_q1_or_ytd_diff,
000001.XSHE,indicator,2023-09-30,2023q3,,2023-10-25,inc_total_revenue_year_on_year,-15.61,indicator.csv,inc_total_revenue_year_on_year,quarterly_direct,identity_q1_or_ytd_diff,
000001.XSHE,indicator,2023-09-30,2023q3,,2023-10-25,inc_total_revenue_annual,-10.31,indicator.csv,inc_total_revenue_annual,quarterly_direct,identity_q1_or_ytd_diff,
000001.XSHE,indicator,2023-09-30,2023q3,,2023-10-25,inc_revenue_year_on_year,-15.61,indicator.csv,inc_revenue_year_on_year,quarterly_direct,identity_q1_or_ytd_diff,
000001.XSHE,indicator,2023-09-30,2023q3,,2023-10-25,inc_revenue_annual,-10.31,indicator.csv,inc_revenue_annual,quarterly_direct,identity_q1_or_ytd_diff,
000001.XSHE,indicator,2023-09-30,2023q3,,2023-10-25,inc_operation_profit_year_on_year,-6.68,indicator.csv,inc_operation_profit_year_on_year,quarterly_direct,identity_q1_or_ytd_diff,
000001.XSHE,indicator,2023-09-30,2023q3,,2023-10-25,inc_operation_profit_annual,26.11,indicator.csv,inc_operation_profit_annual,quarterly_direct,identity_q1_or_ytd_diff,
000001.XSHE,indicator,2023-09-30,2023q3,,2023-10-25,inc_net_profit_year_on_year,-2.22,indicator.csv,inc_net_profit_year_on_year,quarterly_direct,identity_q1_or_ytd_diff,
000001.XSHE,indicator,2023-09-30,2023q3,,2023-10-25,inc_net_profit_annual,32.11,indicator.csv,inc_net_profit_annual,quarterly_direct,identity_q1_or_ytd_diff,
000001.XSHE,indicator,2023-09-30,2023q3,,2023-10-25,inc_net_profit_to_shareholders_year_on_year,-2.22,indicator.csv,inc_net_profit_to_shareholders_year_on_year,quarterly_direct,identity_q1_or_ytd_diff,
000001.XSHE,indicator,2023-09-30,2023q3,,2023-10-25,inc_net_profit_to_shareholders_annual,32.11,indicator.csv,inc_net_profit_to_shareholders_annual,quarterly_direct,identity_q1_or_ytd_diff,
000001.XSHE,indicator,2023-12-31,2023q4,,2024-03-15,eps,0.3514,indicator.csv,eps,quarterly_direct,identity_q1_or_ytd_diff,
000001.XSHE,indicator,2023-12-31,2023q4,,2024-03-15,adjusted_profit,6863000000.0,indicator.csv,adjusted_profit,quarterly_direct,identity_q1_or_ytd_diff,
000001.XSHE,indicator,2023-12-31,2023q4,,2024-03-15,operating_profit,8881000000.0,indicator.csv,operating_profit,quarterly_direct,identity_q1_or_ytd_diff,
000001.XSHE,indicator,2023-12-31,2023q4,,2024-03-15,value_change_profit,3749000000.0,indicator.csv,value_change_profit,quarterly_direct,identity_q1_or_ytd_diff,
000001.XSHE,indicator,2023-12-31,2023q4,,2024-03-15,roe,1.45,indicator.csv,roe,quarterly_direct,identity_q1_or_ytd_diff,
000001.XSHE,indicator,2023-12-31,2023q4,,2024-03-15,inc_return,1.46,indicator.csv,inc_return,quarterly_direct,identity_q1_or_ytd_diff,
000001.XSHE,indicator,2023-12-31,2023q4,,2024-03-15,roa,0.12,indicator.csv,roa,quarterly_direct,identity_q1_or_ytd_diff,
000001.XSHE,indicator,2023-12-31,2023q4,,2024-03-15,net_profit_margin,18.4,indicator.csv,net_profit_margin,quarterly_direct,identity_q1_or_ytd_diff,
000001.XSHE,indicator,2023-12-31,2023q4,,2024-03-15,gross_profit_margin,,indicator.csv,gross_profit_margin,,identity_q1_or_ytd_diff,missing_raw_value
000001.XSHE,indicator,2023-12-31,2023q4,,2024-03-15,expense_to_total_revenue,76.04,indicator.csv,expense_to_total_revenue,quarterly_direct,identity_q1_or_ytd_diff,
000001.XSHE,indicator,2023-12-31,2023q4,,2024-03-15,operation_profit_to_total_revenue,23.96,indicator.csv,operation_profit_to_total_revenue,quarterly_direct,identity_q1_or_ytd_diff,
000001.XSHE,indicator,2023-12-31,2023q4,,2024-03-15,net_profit_to_total_revenue,18.4,indicator.csv,net_profit_to_total_revenue,quarterly_direct,identity_q1_or_ytd_diff,
000001.XSHE,indicator,2023-12-31,2023q4,,2024-03-15,operating_expense_to_total_revenue,,indicator.csv,operating_expense_to_total_revenue,,identity_q1_or_ytd_diff,missing_raw_value
000001.XSHE,indicator,2023-12-31,2023q4,,2024-03-15,ga_expense_to_total_revenue,32.57,indicator.csv,ga_expense_to_total_revenue,quarterly_direct,identity_q1_or_ytd_diff,
000001.XSHE,indicator,2023-12-31,2023q4,,2024-03-15,financing_expense_to_total_revenue,,indicator.csv,financing_expense_to_total_revenue,,identity_q1_or_ytd_diff,missing_raw_value
000001.XSHE,indicator,2023-12-31,2023q4,,2024-03-15,operating_profit_to_profit,58.82,indicator.csv,operating_profit_to_profit,quarterly_direct,identity_q1_or_ytd_diff,
000001.XSHE,indicator,2023-12-31,2023q4,,2024-03-15,invesment_profit_to_profit,42.97,indicator.csv,invesment_profit_to_profit,quarterly_direct,identity_q1_or_ytd_diff,
000001.XSHE,indicator,2023-12-31,2023q4,,2024-03-15,adjusted_profit_to_profit,100.63,indicator.csv,adjusted_profit_to_profit,quarterly_direct,identity_q1_or_ytd_diff,
000001.XSHE,indicator,2023-12-31,2023q4,,2024-03-15,goods_sale_and_service_to_revenue,,indicator.csv,goods_sale_and_service_to_revenue,,identity_q1_or_ytd_diff,missing_raw_value
000001.XSHE,indicator,2023-12-31,2023q4,,2024-03-15,ocf_to_revenue,-63.32,indicator.csv,ocf_to_revenue,quarterly_direct,identity_q1_or_ytd_diff,
000001.XSHE,indicator,2023-12-31,2023q4,,2024-03-15,ocf_to_operating_profit,-264.26,indicator.csv,ocf_to_operating_profit,quarterly_direct,identity_q1_or_ytd_diff,
000001.XSHE,indicator,2023-12-31,2023q4,,2024-03-15,inc_total_revenue_year_on_year,-10.97,indicator.csv,inc_total_revenue_year_on_year,quarterly_direct,identity_q1_or_ytd_diff,
000001.XSHE,indicator,2023-12-31,2023q4,,2024-03-15,inc_total_revenue_annual,-5.02,indicator.csv,inc_total_revenue_annual,quarterly_direct,identity_q1_or_ytd_diff,
000001.XSHE,indicator,2023-12-31,2023q4,,2024-03-15,inc_revenue_year_on_year,-10.97,indicator.csv,inc_revenue_year_on_year,quarterly_direct,identity_q1_or_ytd_diff,
000001.XSHE,indicator,2023-12-31,2023q4,,2024-03-15,inc_revenue_annual,-5.02,indicator.csv,inc_revenue_annual,quarterly_direct,identity_q1_or_ytd_diff,
000001.XSHE,indicator,2023-12-31,2023q4,,2024-03-15,inc_operation_profit_year_on_year,-20.56,indicator.csv,inc_operation_profit_year_on_year,quarterly_direct,identity_q1_or_ytd_diff,
000001.XSHE,indicator,2023-12-31,2023q4,,2024-03-15,inc_operation_profit_annual,-48.09,indicator.csv,inc_operation_profit_annual,quarterly_direct,identity_q1_or_ytd_diff,
000001.XSHE,indicator,2023-12-31,2023q4,,2024-03-15,inc_net_profit_year_on_year,-23.0,indicator.csv,inc_net_profit_year_on_year,quarterly_direct,identity_q1_or_ytd_diff,
000001.XSHE,indicator,2023-12-31,2023q4,,2024-03-15,inc_net_profit_annual,-52.13,indicator.csv,inc_net_profit_annual,quarterly_direct,identity_q1_or_ytd_diff,
000001.XSHE,indicator,2023-12-31,2023q4,,2024-03-15,inc_net_profit_to_shareholders_year_on_year,-23.0,indicator.csv,inc_net_profit_to_shareholders_year_on_year,quarterly_direct,identity_q1_or_ytd_diff,
000001.XSHE,indicator,2023-12-31,2023q4,,2024-03-15,inc_net_profit_to_shareholders_annual,-52.13,indicator.csv,inc_net_profit_to_shareholders_annual,quarterly_direct,identity_q1_or_ytd_diff,
000001.XSHE,indicator,2024-03-31,2024q1,,2024-04-20,eps,0.7695,indicator.csv,eps,quarterly_direct,identity_q1_or_ytd_diff,
000001.XSHE,indicator,2024-03-31,2024q1,,2024-04-20,adjusted_profit,14906000000.0,indicator.csv,adjusted_profit,quarterly_direct,identity_q1_or_ytd_diff,
000001.XSHE,indicator,2024-03-31,2024q1,,2024-04-20,operating_profit,18554000000.0,indicator.csv,operating_profit,quarterly_direct,identity_q1_or_ytd_diff,
000001.XSHE,indicator,2024-03-31,2024q1,,2024-04-20,value_change_profit,6281000000.0,indicator.csv,value_change_profit,quarterly_direct,identity_q1_or_ytd_diff,
000001.XSHE,indicator,2024-03-31,2024q1,,2024-04-20,roe,3.12,indicator.csv,roe,quarterly_direct,identity_q1_or_ytd_diff,
000001.XSHE,indicator,2024-03-31,2024q1,,2024-04-20,inc_return,3.11,indicator.csv,inc_return,quarterly_direct,identity_q1_or_ytd_diff,
000001.XSHE,indicator,2024-03-31,2024q1,,2024-04-20,roa,0.26,indicator.csv,roa,quarterly_direct,identity_q1_or_ytd_diff,
000001.XSHE,indicator,2024-03-31,2024q1,,2024-04-20,net_profit_margin,38.51,indicator.csv,net_profit_margin,quarterly_direct,identity_q1_or_ytd_diff,
000001.XSHE,indicator,2024-03-31,2024q1,,2024-04-20,gross_profit_margin,,indicator.csv,gross_profit_margin,,identity_q1_or_ytd_diff,missing_raw_value
000001.XSHE,indicator,2024-03-31,2024q1,,2024-04-20,expense_to_total_revenue,52.14,indicator.csv,expense_to_total_revenue,quarterly_direct,identity_q1_or_ytd_diff,
000001.XSHE,indicator,2024-03-31,2024q1,,2024-04-20,operation_profit_to_total_revenue,47.86,indicator.csv,operation_profit_to_total_revenue,quarterly_direct,identity_q1_or_ytd_diff,
000001.XSHE,indicator,2024-03-31,2024q1,,2024-04-20,net_profit_to_total_revenue,38.51,indicator.csv,net_profit_to_total_revenue,quarterly_direct,identity_q1_or_ytd_diff,
000001.XSHE,indicator,2024-03-31,2024q1,,2024-04-20,operating_expense_to_total_revenue,,indicator.csv,operating_expense_to_total_revenue,,identity_q1_or_ytd_diff,missing_raw_value
000001.XSHE,indicator,2024-03-31,2024q1,,2024-04-20,ga_expense_to_total_revenue,26.9,indicator.csv,ga_expense_to_total_revenue,quarterly_direct,identity_q1_or_ytd_diff,
000001.XSHE,indicator,2024-03-31,2024q1,,2024-04-20,financing_expense_to_total_revenue,,indicator.csv,financing_expense_to_total_revenue,,identity_q1_or_ytd_diff,missing_raw_value
000001.XSHE,indicator,2024-03-31,2024q1,,2024-04-20,operating_profit_to_profit,66.25,indicator.csv,operating_profit_to_profit,quarterly_direct,identity_q1_or_ytd_diff,
000001.XSHE,indicator,2024-03-31,2024q1,,2024-04-20,invesment_profit_to_profit,33.91,indicator.csv,invesment_profit_to_profit,quarterly_direct,identity_q1_or_ytd_diff,
000001.XSHE,indicator,2024-03-31,2024q1,,2024-04-20,adjusted_profit_to_profit,99.83,indicator.csv,adjusted_profit_to_profit,quarterly_direct,identity_q1_or_ytd_diff,
000001.XSHE,indicator,2024-03-31,2024q1,,2024-04-20,goods_sale_and_service_to_revenue,0.0,indicator.csv,goods_sale_and_service_to_revenue,quarterly_direct,identity_q1_or_ytd_diff,
000001.XSHE,indicator,2024-03-31,2024q1,,2024-04-20,ocf_to_revenue,-55.15,indicator.csv,ocf_to_revenue,quarterly_direct,identity_q1_or_ytd_diff,
000001.XSHE,indicator,2024-03-31,2024q1,,2024-04-20,ocf_to_operating_profit,-115.24,indicator.csv,ocf_to_operating_profit,quarterly_direct,identity_q1_or_ytd_diff,
000001.XSHE,indicator,2024-03-31,2024q1,,2024-04-20,inc_total_revenue_year_on_year,-14.03,indicator.csv,inc_total_revenue_year_on_year,quarterly_direct,identity_q1_or_ytd_diff,
000001.XSHE,indicator,2024-03-31,2024q1,,2024-04-20,inc_total_revenue_annual,4.6,indicator.csv,inc_total_revenue_annual,quarterly_direct,identity_q1_or_ytd_diff,
000001.XSHE,indicator,2024-03-31,2024q1,,2024-04-20,inc_revenue_year_on_year,-14.03,indicator.csv,inc_revenue_year_on_year,quarterly_direct,identity_q1_or_ytd_diff,
000001.XSHE,indicator,2024-03-31,2024q1,,2024-04-20,inc_revenue_annual,4.6,indicator.csv,inc_revenue_annual,quarterly_direct,identity_q1_or_ytd_diff,
000001.XSHE,indicator,2024-03-31,2024q1,,2024-04-20,inc_operation_profit_year_on_year,1.01,indicator.csv,inc_operation_profit_year_on_year,quarterly_direct,identity_q1_or_ytd_diff,
000001.XSHE,indicator,2024-03-31,2024q1,,2024-04-20,inc_operation_profit_annual,108.92,indicator.csv,inc_operation_profit_annual,quarterly_direct,identity_q1_or_ytd_diff,
000001.XSHE,indicator,2024-03-31,2024q1,,2024-04-20,inc_net_profit_year_on_year,2.26,indicator.csv,inc_net_profit_year_on_year,quarterly_direct,identity_q1_or_ytd_diff,
000001.XSHE,indicator,2024-03-31,2024q1,,2024-04-20,inc_net_profit_annual,118.94,indicator.csv,inc_net_profit_annual,quarterly_direct,identity_q1_or_ytd_diff,
000001.XSHE,indicator,2024-03-31,2024q1,,2024-04-20,inc_net_profit_to_shareholders_year_on_year,2.26,indicator.csv,inc_net_profit_to_shareholders_year_on_year,quarterly_direct,identity_q1_or_ytd_diff,
000001.XSHE,indicator,2024-03-31,2024q1,,2024-04-20,inc_net_profit_to_shareholders_annual,118.94,indicator.csv,inc_net_profit_to_shareholders_annual,quarterly_direct,identity_q1_or_ytd_diff,
000001.XSHE,indicator,2024-06-30,2024q2,,2024-08-16,eps,0.5641,indicator.csv,eps,quarterly_direct,identity_q1_or_ytd_diff,
000001.XSHE,indicator,2024-06-30,2024q2,,2024-08-16,adjusted_profit,10974000000.0,indicator.csv,adjusted_profit,quarterly_direct,identity_q1_or_ytd_diff,
000001.XSHE,indicator,2024-06-30,2024q2,,2024-08-16,operating_profit,13533000000.0,indicator.csv,operating_profit,quarterly_direct,identity_q1_or_ytd_diff,
000001.XSHE,indicator,2024-06-30,2024q2,,2024-08-16,value_change_profit,8438000000.0,indicator.csv,value_change_profit,quarterly_direct,identity_q1_or_ytd_diff,
000001.XSHE,indicator,2024-06-30,2024q2,,2024-08-16,roe,2.26,indicator.csv,roe,quarterly_direct,identity_q1_or_ytd_diff,
000001.XSHE,indicator,2024-06-30,2024q2,,2024-08-16,inc_return,2.27,indicator.csv,inc_return,quarterly_direct,identity_q1_or_ytd_diff,
000001.XSHE,indicator,2024-06-30,2024q2,,2024-08-16,roa,0.19,indicator.csv,roa,quarterly_direct,identity_q1_or_ytd_diff,
000001.XSHE,indicator,2024-06-30,2024q2,,2024-08-16,net_profit_margin,28.54,indicator.csv,net_profit_margin,quarterly_direct,identity_q1_or_ytd_diff,
000001.XSHE,indicator,2024-06-30,2024q2,,2024-08-16,gross_profit_margin,,indicator.csv,gross_profit_margin,,identity_q1_or_ytd_diff,missing_raw_value
000001.XSHE,indicator,2024-06-30,2024q2,,2024-08-16,expense_to_total_revenue,64.72,indicator.csv,expense_to_total_revenue,quarterly_direct,identity_q1_or_ytd_diff,
000001.XSHE,indicator,2024-06-30,2024q2,,2024-08-16,operation_profit_to_total_revenue,35.28,indicator.csv,operation_profit_to_total_revenue,quarterly_direct,identity_q1_or_ytd_diff,
000001.XSHE,indicator,2024-06-30,2024q2,,2024-08-16,net_profit_to_total_revenue,28.54,indicator.csv,net_profit_to_total_revenue,quarterly_direct,identity_q1_or_ytd_diff,
000001.XSHE,indicator,2024-06-30,2024q2,,2024-08-16,operating_expense_to_total_revenue,,indicator.csv,operating_expense_to_total_revenue,,identity_q1_or_ytd_diff,missing_raw_value
000001.XSHE,indicator,2024-06-30,2024q2,,2024-08-16,ga_expense_to_total_revenue,27.84,indicator.csv,ga_expense_to_total_revenue,quarterly_direct,identity_q1_or_ytd_diff,
000001.XSHE,indicator,2024-06-30,2024q2,,2024-08-16,financing_expense_to_total_revenue,,indicator.csv,financing_expense_to_total_revenue,,identity_q1_or_ytd_diff,missing_raw_value
000001.XSHE,indicator,2024-06-30,2024q2,,2024-08-16,operating_profit_to_profit,37.88,indicator.csv,operating_profit_to_profit,quarterly_direct,identity_q1_or_ytd_diff,
000001.XSHE,indicator,2024-06-30,2024q2,,2024-08-16,invesment_profit_to_profit,62.73,indicator.csv,invesment_profit_to_profit,quarterly_direct,identity_q1_or_ytd_diff,
000001.XSHE,indicator,2024-06-30,2024q2,,2024-08-16,adjusted_profit_to_profit,100.25,indicator.csv,adjusted_profit_to_profit,quarterly_direct,identity_q1_or_ytd_diff,
000001.XSHE,indicator,2024-06-30,2024q2,,2024-08-16,goods_sale_and_service_to_revenue,,indicator.csv,goods_sale_and_service_to_revenue,,identity_q1_or_ytd_diff,missing_raw_value
000001.XSHE,indicator,2024-06-30,2024q2,,2024-08-16,ocf_to_revenue,352.18,indicator.csv,ocf_to_revenue,quarterly_direct,identity_q1_or_ytd_diff,
000001.XSHE,indicator,2024-06-30,2024q2,,2024-08-16,ocf_to_operating_profit,998.33,indicator.csv,ocf_to_operating_profit,quarterly_direct,identity_q1_or_ytd_diff,
000001.XSHE,indicator,2024-06-30,2024q2,,2024-08-16,inc_total_revenue_year_on_year,-11.84,indicator.csv,inc_total_revenue_year_on_year,quarterly_direct,identity_q1_or_ytd_diff,
000001.XSHE,indicator,2024-06-30,2024q2,,2024-08-16,inc_total_revenue_annual,-1.05,indicator.csv,inc_total_revenue_annual,quarterly_direct,identity_q1_or_ytd_diff,
000001.XSHE,indicator,2024-06-30,2024q2,,2024-08-16,inc_revenue_year_on_year,-11.84,indicator.csv,inc_revenue_year_on_year,quarterly_direct,identity_q1_or_ytd_diff,
000001.XSHE,indicator,2024-06-30,2024q2,,2024-08-16,inc_revenue_annual,-1.05,indicator.csv,inc_revenue_annual,quarterly_direct,identity_q1_or_ytd_diff,
000001.XSHE,indicator,2024-06-30,2024q2,,2024-08-16,inc_operation_profit_year_on_year,-0.26,indicator.csv,inc_operation_profit_year_on_year,quarterly_direct,identity_q1_or_ytd_diff,
000001.XSHE,indicator,2024-06-30,2024q2,,2024-08-16,inc_operation_profit_annual,-27.06,indicator.csv,inc_operation_profit_annual,quarterly_direct,identity_q1_or_ytd_diff,
000001.XSHE,indicator,2024-06-30,2024q2,,2024-08-16,inc_net_profit_year_on_year,1.5,indicator.csv,inc_net_profit_year_on_year,quarterly_direct,identity_q1_or_ytd_diff,
000001.XSHE,indicator,2024-06-30,2024q2,,2024-08-16,inc_net_profit_annual,-26.69,indicator.csv,inc_net_profit_annual,quarterly_direct,identity_q1_or_ytd_diff,
000001.XSHE,indicator,2024-06-30,2024q2,,2024-08-16,inc_net_profit_to_shareholders_year_on_year,1.5,indicator.csv,inc_net_profit_to_shareholders_year_on_year,quarterly_direct,identity_q1_or_ytd_diff,
000001.XSHE,indicator,2024-06-30,2024q2,,2024-08-16,inc_net_profit_to_shareholders_annual,-26.69,indicator.csv,inc_net_profit_to_shareholders_annual,quarterly_direct,identity_q1_or_ytd_diff,
000001.XSHE,indicator,2024-09-30,2024q3,,2024-10-19,eps,0.7137,indicator.csv,eps,quarterly_direct,identity_q1_or_ytd_diff,
000001.XSHE,indicator,2024-09-30,2024q3,,2024-10-19,adjusted_profit,13868000000.0,indicator.csv,adjusted_profit,quarterly_direct,identity_q1_or_ytd_diff,
000001.XSHE,indicator,2024-09-30,2024q3,,2024-10-19,operating_profit,15782000000.0,indicator.csv,operating_profit,quarterly_direct,identity_q1_or_ytd_diff,
000001.XSHE,indicator,2024-09-30,2024q3,,2024-10-19,value_change_profit,5195000000.0,indicator.csv,value_change_profit,quarterly_direct,identity_q1_or_ytd_diff,
000001.XSHE,indicator,2024-09-30,2024q3,,2024-10-19,roe,2.85,indicator.csv,roe,quarterly_direct,identity_q1_or_ytd_diff,
000001.XSHE,indicator,2024-09-30,2024q3,,2024-10-19,inc_return,2.85,indicator.csv,inc_return,quarterly_direct,identity_q1_or_ytd_diff,
000001.XSHE,indicator,2024-09-30,2024q3,,2024-10-19,roa,0.24,indicator.csv,roa,quarterly_direct,identity_q1_or_ytd_diff,
000001.XSHE,indicator,2024-09-30,2024q3,,2024-10-19,net_profit_margin,40.2,indicator.csv,net_profit_margin,quarterly_direct,identity_q1_or_ytd_diff,
000001.XSHE,indicator,2024-09-30,2024q3,,2024-10-19,gross_profit_margin,,indicator.csv,gross_profit_margin,,identity_q1_or_ytd_diff,missing_raw_value
000001.XSHE,indicator,2024-09-30,2024q3,,2024-10-19,expense_to_total_revenue,54.19,indicator.csv,expense_to_total_revenue,quarterly_direct,identity_q1_or_ytd_diff,
000001.XSHE,indicator,2024-09-30,2024q3,,2024-10-19,operation_profit_to_total_revenue,45.81,indicator.csv,operation_profit_to_total_revenue,quarterly_direct,identity_q1_or_ytd_diff,
000001.XSHE,indicator,2024-09-30,2024q3,,2024-10-19,net_profit_to_total_revenue,40.2,indicator.csv,net_profit_to_total_revenue,quarterly_direct,identity_q1_or_ytd_diff,
000001.XSHE,indicator,2024-09-30,2024q3,,2024-10-19,operating_expense_to_total_revenue,,indicator.csv,operating_expense_to_total_revenue,,identity_q1_or_ytd_diff,missing_raw_value
000001.XSHE,indicator,2024-09-30,2024q3,,2024-10-19,ga_expense_to_total_revenue,27.48,indicator.csv,ga_expense_to_total_revenue,quarterly_direct,identity_q1_or_ytd_diff,
000001.XSHE,indicator,2024-09-30,2024q3,,2024-10-19,financing_expense_to_total_revenue,,indicator.csv,financing_expense_to_total_revenue,,identity_q1_or_ytd_diff,missing_raw_value
000001.XSHE,indicator,2024-09-30,2024q3,,2024-10-19,operating_profit_to_profit,67.15,indicator.csv,operating_profit_to_profit,quarterly_direct,identity_q1_or_ytd_diff,
000001.XSHE,indicator,2024-09-30,2024q3,,2024-10-19,invesment_profit_to_profit,32.95,indicator.csv,invesment_profit_to_profit,quarterly_direct,identity_q1_or_ytd_diff,
000001.XSHE,indicator,2024-09-30,2024q3,,2024-10-19,adjusted_profit_to_profit,100.13,indicator.csv,adjusted_profit_to_profit,quarterly_direct,identity_q1_or_ytd_diff,
000001.XSHE,indicator,2024-09-30,2024q3,,2024-10-19,goods_sale_and_service_to_revenue,,indicator.csv,goods_sale_and_service_to_revenue,,identity_q1_or_ytd_diff,missing_raw_value
000001.XSHE,indicator,2024-09-30,2024q3,,2024-10-19,ocf_to_revenue,68.03,indicator.csv,ocf_to_revenue,quarterly_direct,identity_q1_or_ytd_diff,
000001.XSHE,indicator,2024-09-30,2024q3,,2024-10-19,ocf_to_operating_profit,148.5,indicator.csv,ocf_to_operating_profit,quarterly_direct,identity_q1_or_ytd_diff,
000001.XSHE,indicator,2024-09-30,2024q3,,2024-10-19,inc_total_revenue_year_on_year,-11.72,indicator.csv,inc_total_revenue_year_on_year,quarterly_direct,identity_q1_or_ytd_diff,
000001.XSHE,indicator,2024-09-30,2024q3,,2024-10-19,inc_total_revenue_annual,-10.2,indicator.csv,inc_total_revenue_annual,quarterly_direct,identity_q1_or_ytd_diff,
000001.XSHE,indicator,2024-09-30,2024q3,,2024-10-19,inc_revenue_year_on_year,-11.72,indicator.csv,inc_revenue_year_on_year,quarterly_direct,identity_q1_or_ytd_diff,
000001.XSHE,indicator,2024-09-30,2024q3,,2024-10-19,inc_revenue_annual,-10.2,indicator.csv,inc_revenue_annual,quarterly_direct,identity_q1_or_ytd_diff,
000001.XSHE,indicator,2024-09-30,2024q3,,2024-10-19,inc_operation_profit_year_on_year,-7.76,indicator.csv,inc_operation_profit_year_on_year,quarterly_direct,identity_q1_or_ytd_diff,
000001.XSHE,indicator,2024-09-30,2024q3,,2024-10-19,inc_operation_profit_annual,16.62,indicator.csv,inc_operation_profit_annual,quarterly_direct,identity_q1_or_ytd_diff,
000001.XSHE,indicator,2024-09-30,2024q3,,2024-10-19,inc_net_profit_year_on_year,-2.79,indicator.csv,inc_net_profit_year_on_year,quarterly_direct,identity_q1_or_ytd_diff,
000001.XSHE,indicator,2024-09-30,2024q3,,2024-10-19,inc_net_profit_annual,26.52,indicator.csv,inc_net_profit_annual,quarterly_direct,identity_q1_or_ytd_diff,
000001.XSHE,indicator,2024-09-30,2024q3,,2024-10-19,inc_net_profit_to_shareholders_year_on_year,-2.79,indicator.csv,inc_net_profit_to_shareholders_year_on_year,quarterly_direct,identity_q1_or_ytd_diff,
000001.XSHE,indicator,2024-09-30,2024q3,,2024-10-19,inc_net_profit_to_shareholders_annual,26.52,indicator.csv,inc_net_profit_to_shareholders_annual,quarterly_direct,identity_q1_or_ytd_diff,
000001.XSHE,indicator,2024-12-31,2024q4,,2025-03-15,eps,0.2463,indicator.csv,eps,quarterly_direct,identity_q1_or_ytd_diff,
000001.XSHE,indicator,2024-12-31,2024q4,,2025-03-15,adjusted_profit,5090000000.0,indicator.csv,adjusted_profit,quarterly_direct,identity_q1_or_ytd_diff,
000001.XSHE,indicator,2024-12-31,2024q4,,2025-03-15,operating_profit,7337000000.0,indicator.csv,operating_profit,quarterly_direct,identity_q1_or_ytd_diff,
000001.XSHE,indicator,2024-12-31,2024q4,,2025-03-15,value_change_profit,8674000000.0,indicator.csv,value_change_profit,quarterly_direct,identity_q1_or_ytd_diff,
000001.XSHE,indicator,2024-12-31,2024q4,,2025-03-15,roe,0.97,indicator.csv,roe,quarterly_direct,identity_q1_or_ytd_diff,
000001.XSHE,indicator,2024-12-31,2024q4,,2025-03-15,inc_return,1.03,indicator.csv,inc_return,quarterly_direct,identity_q1_or_ytd_diff,
000001.XSHE,indicator,2024-12-31,2024q4,,2025-03-15,roa,0.08,indicator.csv,roa,quarterly_direct,identity_q1_or_ytd_diff,
000001.XSHE,indicator,2024-12-31,2024q4,,2025-03-15,net_profit_margin,13.61,indicator.csv,net_profit_margin,quarterly_direct,identity_q1_or_ytd_diff,
000001.XSHE,indicator,2024-12-31,2024q4,,2025-03-15,gross_profit_margin,,indicator.csv,gross_profit_margin,,identity_q1_or_ytd_diff,missing_raw_value
000001.XSHE,indicator,2024-12-31,2024q4,,2025-03-15,expense_to_total_revenue,79.1,indicator.csv,expense_to_total_revenue,quarterly_direct,identity_q1_or_ytd_diff,
000001.XSHE,indicator,2024-12-31,2024q4,,2025-03-15,operation_profit_to_total_revenue,20.9,indicator.csv,operation_profit_to_total_revenue,quarterly_direct,identity_q1_or_ytd_diff,
000001.XSHE,indicator,2024-12-31,2024q4,,2025-03-15,net_profit_to_total_revenue,13.61,indicator.csv,net_profit_to_total_revenue,quarterly_direct,identity_q1_or_ytd_diff,
000001.XSHE,indicator,2024-12-31,2024q4,,2025-03-15,operating_expense_to_total_revenue,,indicator.csv,operating_expense_to_total_revenue,,identity_q1_or_ytd_diff,missing_raw_value
000001.XSHE,indicator,2024-12-31,2024q4,,2025-03-15,ga_expense_to_total_revenue,28.5,indicator.csv,ga_expense_to_total_revenue,quarterly_direct,identity_q1_or_ytd_diff,
000001.XSHE,indicator,2024-12-31,2024q4,,2025-03-15,financing_expense_to_total_revenue,,indicator.csv,financing_expense_to_total_revenue,,identity_q1_or_ytd_diff,missing_raw_value
000001.XSHE,indicator,2024-12-31,2024q4,,2025-03-15,operating_profit_to_profit,-19.12,indicator.csv,operating_profit_to_profit,quarterly_direct,identity_q1_or_ytd_diff,
000001.XSHE,indicator,2024-12-31,2024q4,,2025-03-15,invesment_profit_to_profit,124.02,indicator.csv,invesment_profit_to_profit,quarterly_direct,identity_q1_or_ytd_diff,
000001.XSHE,indicator,2024-12-31,2024q4,,2025-03-15,adjusted_profit_to_profit,106.51,indicator.csv,adjusted_profit_to_profit,quarterly_direct,identity_q1_or_ytd_diff,
000001.XSHE,indicator,2024-12-31,2024q4,,2025-03-15,goods_sale_and_service_to_revenue,,indicator.csv,goods_sale_and_service_to_revenue,,identity_q1_or_ytd_diff,missing_raw_value
000001.XSHE,indicator,2024-12-31,2024q4,,2025-03-15,ocf_to_revenue,-210.24,indicator.csv,ocf_to_revenue,quarterly_direct,identity_q1_or_ytd_diff,
000001.XSHE,indicator,2024-12-31,2024q4,,2025-03-15,ocf_to_operating_profit,-1006.16,indicator.csv,ocf_to_operating_profit,quarterly_direct,identity_q1_or_ytd_diff,
000001.XSHE,indicator,2024-12-31,2024q4,,2025-03-15,inc_total_revenue_year_on_year,-5.27,indicator.csv,inc_total_revenue_year_on_year,quarterly_direct,identity_q1_or_ytd_diff,
000001.XSHE,indicator,2024-12-31,2024q4,,2025-03-15,inc_total_revenue_annual,1.92,indicator.csv,inc_total_revenue_annual,quarterly_direct,identity_q1_or_ytd_diff,
000001.XSHE,indicator,2024-12-31,2024q4,,2025-03-15,inc_revenue_year_on_year,-5.27,indicator.csv,inc_revenue_year_on_year,quarterly_direct,identity_q1_or_ytd_diff,
000001.XSHE,indicator,2024-12-31,2024q4,,2025-03-15,inc_revenue_annual,1.92,indicator.csv,inc_revenue_annual,quarterly_direct,identity_q1_or_ytd_diff,
000001.XSHE,indicator,2024-12-31,2024q4,,2025-03-15,inc_operation_profit_year_on_year,-17.39,indicator.csv,inc_operation_profit_year_on_year,quarterly_direct,identity_q1_or_ytd_diff,
000001.XSHE,indicator,2024-12-31,2024q4,,2025-03-15,inc_operation_profit_annual,-53.51,indicator.csv,inc_operation_profit_annual,quarterly_direct,identity_q1_or_ytd_diff,
000001.XSHE,indicator,2024-12-31,2024q4,,2025-03-15,inc_net_profit_year_on_year,-29.93,indicator.csv,inc_net_profit_year_on_year,quarterly_direct,identity_q1_or_ytd_diff,
000001.XSHE,indicator,2024-12-31,2024q4,,2025-03-15,inc_net_profit_annual,-65.49,indicator.csv,inc_net_profit_annual,quarterly_direct,identity_q1_or_ytd_diff,
000001.XSHE,indicator,2024-12-31,2024q4,,2025-03-15,inc_net_profit_to_shareholders_year_on_year,-29.93,indicator.csv,inc_net_profit_to_shareholders_year_on_year,quarterly_direct,identity_q1_or_ytd_diff,
000001.XSHE,indicator,2024-12-31,2024q4,,2025-03-15,inc_net_profit_to_shareholders_annual,-65.49,indicator.csv,inc_net_profit_to_shareholders_annual,quarterly_direct,identity_q1_or_ytd_diff,
000001.XSHE,indicator,2025-03-31,2025q1,,2025-04-19,eps,0.7264,indicator.csv,eps,quarterly_direct,identity_q1_or_ytd_diff,
000001.XSHE,indicator,2025-03-31,2025q1,,2025-04-19,adjusted_profit,14043000000.0,indicator.csv,adjusted_profit,quarterly_direct,identity_q1_or_ytd_diff,
000001.XSHE,indicator,2025-03-31,2025q1,,2025-04-19,operating_profit,16910000000.0,indicator.csv,operating_profit,quarterly_direct,identity_q1_or_ytd_diff,
000001.XSHE,indicator,2025-03-31,2025q1,,2025-04-19,value_change_profit,4094000000.0,indicator.csv,value_change_profit,quarterly_direct,identity_q1_or_ytd_diff,
000001.XSHE,indicator,2025-03-31,2025q1,,2025-04-19,roe,2.82,indicator.csv,roe,quarterly_direct,identity_q1_or_ytd_diff,
000001.XSHE,indicator,2025-03-31,2025q1,,2025-04-19,inc_return,2.81,indicator.csv,inc_return,quarterly_direct,identity_q1_or_ytd_diff,
000001.XSHE,indicator,2025-03-31,2025q1,,2025-04-19,roa,0.24,indicator.csv,roa,quarterly_direct,identity_q1_or_ytd_diff,
000001.XSHE,indicator,2025-03-31,2025q1,,2025-04-19,net_profit_margin,41.82,indicator.csv,net_profit_margin,quarterly_direct,identity_q1_or_ytd_diff,
000001.XSHE,indicator,2025-03-31,2025q1,,2025-04-19,gross_profit_margin,,indicator.csv,gross_profit_margin,,identity_q1_or_ytd_diff,missing_raw_value
000001.XSHE,indicator,2025-03-31,2025q1,,2025-04-19,expense_to_total_revenue,49.84,indicator.csv,expense_to_total_revenue,quarterly_direct,identity_q1_or_ytd_diff,
000001.XSHE,indicator,2025-03-31,2025q1,,2025-04-19,operation_profit_to_total_revenue,50.16,indicator.csv,operation_profit_to_total_revenue,quarterly_direct,identity_q1_or_ytd_diff,
000001.XSHE,indicator,2025-03-31,2025q1,,2025-04-19,net_profit_to_total_revenue,41.82,indicator.csv,net_profit_to_total_revenue,quarterly_direct,identity_q1_or_ytd_diff,
000001.XSHE,indicator,2025-03-31,2025q1,,2025-04-19,operating_expense_to_total_revenue,,indicator.csv,operating_expense_to_total_revenue,,identity_q1_or_ytd_diff,missing_raw_value
000001.XSHE,indicator,2025-03-31,2025q1,,2025-04-19,ga_expense_to_total_revenue,26.86,indicator.csv,ga_expense_to_total_revenue,quarterly_direct,identity_q1_or_ytd_diff,
000001.XSHE,indicator,2025-03-31,2025q1,,2025-04-19,financing_expense_to_total_revenue,,indicator.csv,financing_expense_to_total_revenue,,identity_q1_or_ytd_diff,missing_raw_value
000001.XSHE,indicator,2025-03-31,2025q1,,2025-04-19,operating_profit_to_profit,75.91,indicator.csv,operating_profit_to_profit,quarterly_direct,identity_q1_or_ytd_diff,
000001.XSHE,indicator,2025-03-31,2025q1,,2025-04-19,invesment_profit_to_profit,24.25,indicator.csv,invesment_profit_to_profit,quarterly_direct,identity_q1_or_ytd_diff,
000001.XSHE,indicator,2025-03-31,2025q1,,2025-04-19,adjusted_profit_to_profit,99.62,indicator.csv,adjusted_profit_to_profit,quarterly_direct,identity_q1_or_ytd_diff,
000001.XSHE,indicator,2025-03-31,2025q1,,2025-04-19,goods_sale_and_service_to_revenue,,indicator.csv,goods_sale_and_service_to_revenue,,identity_q1_or_ytd_diff,missing_raw_value
000001.XSHE,indicator,2025-03-31,2025q1,,2025-04-19,ocf_to_revenue,483.39,indicator.csv,ocf_to_revenue,quarterly_direct,identity_q1_or_ytd_diff,
000001.XSHE,indicator,2025-03-31,2025q1,,2025-04-19,ocf_to_operating_profit,963.61,indicator.csv,ocf_to_operating_profit,quarterly_direct,identity_q1_or_ytd_diff,
000001.XSHE,indicator,2025-03-31,2025q1,,2025-04-19,inc_total_revenue_year_on_year,-13.05,indicator.csv,inc_total_revenue_year_on_year,quarterly_direct,identity_q1_or_ytd_diff,
000001.XSHE,indicator,2025-03-31,2025q1,,2025-04-19,inc_total_revenue_annual,-4.0,indicator.csv,inc_total_revenue_annual,quarterly_direct,identity_q1_or_ytd_diff,
000001.XSHE,indicator,2025-03-31,2025q1,,2025-04-19,inc_revenue_year_on_year,-13.05,indicator.csv,inc_revenue_year_on_year,quarterly_direct,identity_q1_or_ytd_diff,
000001.XSHE,indicator,2025-03-31,2025q1,,2025-04-19,inc_revenue_annual,-4.0,indicator.csv,inc_revenue_annual,quarterly_direct,identity_q1_or_ytd_diff,
000001.XSHE,indicator,2025-03-31,2025q1,,2025-04-19,inc_operation_profit_year_on_year,-8.86,indicator.csv,inc_operation_profit_year_on_year,quarterly_direct,identity_q1_or_ytd_diff,
000001.XSHE,indicator,2025-03-31,2025q1,,2025-04-19,inc_operation_profit_annual,130.48,indicator.csv,inc_operation_profit_annual,quarterly_direct,identity_q1_or_ytd_diff,
000001.XSHE,indicator,2025-03-31,2025q1,,2025-04-19,inc_net_profit_year_on_year,-5.6,indicator.csv,inc_net_profit_year_on_year,quarterly_direct,identity_q1_or_ytd_diff,
000001.XSHE,indicator,2025-03-31,2025q1,,2025-04-19,inc_net_profit_annual,194.96,indicator.csv,inc_net_profit_annual,quarterly_direct,identity_q1_or_ytd_diff,
000001.XSHE,indicator,2025-03-31,2025q1,,2025-04-19,inc_net_profit_to_shareholders_year_on_year,-5.6,indicator.csv,inc_net_profit_to_shareholders_year_on_year,quarterly_direct,identity_q1_or_ytd_diff,
000001.XSHE,indicator,2025-03-31,2025q1,,2025-04-19,inc_net_profit_to_shareholders_annual,194.96,indicator.csv,inc_net_profit_to_shareholders_annual,quarterly_direct,identity_q1_or_ytd_diff,
000001.XSHE,indicator,2025-06-30,2025q2,,2025-08-23,eps,0.5552,indicator.csv,eps,quarterly_direct,identity_q1_or_ytd_diff,
000001.XSHE,indicator,2025-06-30,2025q2,,2025-08-23,adjusted_profit,10887000000.0,indicator.csv,adjusted_profit,quarterly_direct,identity_q1_or_ytd_diff,
000001.XSHE,indicator,2025-06-30,2025q2,,2025-08-23,operating_profit,13192000000.0,indicator.csv,operating_profit,quarterly_direct,identity_q1_or_ytd_diff,
000001.XSHE,indicator,2025-06-30,2025q2,,2025-08-23,value_change_profit,7738000000.0,indicator.csv,value_change_profit,quarterly_direct,identity_q1_or_ytd_diff,
000001.XSHE,indicator,2025-06-30,2025q2,,2025-08-23,roe,2.12,indicator.csv,roe,quarterly_direct,identity_q1_or_ytd_diff,
000001.XSHE,indicator,2025-06-30,2025q2,,2025-08-23,inc_return,2.14,indicator.csv,inc_return,quarterly_direct,identity_q1_or_ytd_diff,
000001.XSHE,indicator,2025-06-30,2025q2,,2025-08-23,roa,0.18,indicator.csv,roa,quarterly_direct,identity_q1_or_ytd_diff,
000001.XSHE,indicator,2025-06-30,2025q2,,2025-08-23,net_profit_margin,30.2,indicator.csv,net_profit_margin,quarterly_direct,identity_q1_or_ytd_diff,
000001.XSHE,indicator,2025-06-30,2025q2,,2025-08-23,gross_profit_margin,,indicator.csv,gross_profit_margin,,identity_q1_or_ytd_diff,missing_raw_value
000001.XSHE,indicator,2025-06-30,2025q2,,2025-08-23,expense_to_total_revenue,63.02,indicator.csv,expense_to_total_revenue,quarterly_direct,identity_q1_or_ytd_diff,
000001.XSHE,indicator,2025-06-30,2025q2,,2025-08-23,operation_profit_to_total_revenue,36.98,indicator.csv,operation_profit_to_total_revenue,quarterly_direct,identity_q1_or_ytd_diff,
000001.XSHE,indicator,2025-06-30,2025q2,,2025-08-23,net_profit_to_total_revenue,30.2,indicator.csv,net_profit_to_total_revenue,quarterly_direct,identity_q1_or_ytd_diff,
000001.XSHE,indicator,2025-06-30,2025q2,,2025-08-23,operating_expense_to_total_revenue,,indicator.csv,operating_expense_to_total_revenue,,identity_q1_or_ytd_diff,missing_raw_value
000001.XSHE,indicator,2025-06-30,2025q2,,2025-08-23,ga_expense_to_total_revenue,28.45,indicator.csv,ga_expense_to_total_revenue,quarterly_direct,identity_q1_or_ytd_diff,
000001.XSHE,indicator,2025-06-30,2025q2,,2025-08-23,financing_expense_to_total_revenue,,indicator.csv,financing_expense_to_total_revenue,,identity_q1_or_ytd_diff,missing_raw_value
000001.XSHE,indicator,2025-06-30,2025q2,,2025-08-23,operating_profit_to_profit,41.8,indicator.csv,operating_profit_to_profit,quarterly_direct,identity_q1_or_ytd_diff,
000001.XSHE,indicator,2025-06-30,2025q2,,2025-08-23,invesment_profit_to_profit,59.3,indicator.csv,invesment_profit_to_profit,quarterly_direct,identity_q1_or_ytd_diff,
000001.XSHE,indicator,2025-06-30,2025q2,,2025-08-23,adjusted_profit_to_profit,101.05,indicator.csv,adjusted_profit_to_profit,quarterly_direct,identity_q1_or_ytd_diff,
000001.XSHE,indicator,2025-06-30,2025q2,,2025-08-23,goods_sale_and_service_to_revenue,,indicator.csv,goods_sale_and_service_to_revenue,,identity_q1_or_ytd_diff,missing_raw_value
000001.XSHE,indicator,2025-06-30,2025q2,,2025-08-23,ocf_to_revenue,32.9,indicator.csv,ocf_to_revenue,quarterly_direct,identity_q1_or_ytd_diff,
000001.XSHE,indicator,2025-06-30,2025q2,,2025-08-23,ocf_to_operating_profit,88.96,indicator.csv,ocf_to_operating_profit,quarterly_direct,identity_q1_or_ytd_diff,
000001.XSHE,indicator,2025-06-30,2025q2,,2025-08-23,inc_total_revenue_year_on_year,-7.0,indicator.csv,inc_total_revenue_year_on_year,quarterly_direct,identity_q1_or_ytd_diff,
000001.XSHE,indicator,2025-06-30,2025q2,,2025-08-23,inc_total_revenue_annual,5.84,indicator.csv,inc_total_revenue_annual,quarterly_direct,identity_q1_or_ytd_diff,
000001.XSHE,indicator,2025-06-30,2025q2,,2025-08-23,inc_revenue_year_on_year,-7.0,indicator.csv,inc_revenue_year_on_year,quarterly_direct,identity_q1_or_ytd_diff,
000001.XSHE,indicator,2025-06-30,2025q2,,2025-08-23,inc_revenue_annual,5.84,indicator.csv,inc_revenue_annual,quarterly_direct,identity_q1_or_ytd_diff,
000001.XSHE,indicator,2025-06-30,2025q2,,2025-08-23,inc_operation_profit_year_on_year,-2.52,indicator.csv,inc_operation_profit_year_on_year,quarterly_direct,identity_q1_or_ytd_diff,
000001.XSHE,indicator,2025-06-30,2025q2,,2025-08-23,inc_operation_profit_annual,-21.99,indicator.csv,inc_operation_profit_annual,quarterly_direct,identity_q1_or_ytd_diff,
000001.XSHE,indicator,2025-06-30,2025q2,,2025-08-23,inc_net_profit_year_on_year,-1.58,indicator.csv,inc_net_profit_year_on_year,quarterly_direct,identity_q1_or_ytd_diff,
000001.XSHE,indicator,2025-06-30,2025q2,,2025-08-23,inc_net_profit_annual,-23.57,indicator.csv,inc_net_profit_annual,quarterly_direct,identity_q1_or_ytd_diff,
000001.XSHE,indicator,2025-06-30,2025q2,,2025-08-23,inc_net_profit_to_shareholders_year_on_year,-1.58,indicator.csv,inc_net_profit_to_shareholders_year_on_year,quarterly_direct,identity_q1_or_ytd_diff,
000001.XSHE,indicator,2025-06-30,2025q2,,2025-08-23,inc_net_profit_to_shareholders_annual,-23.57,indicator.csv,inc_net_profit_to_shareholders_annual,quarterly_direct,identity_q1_or_ytd_diff,
000001.XSHE,indicator,2025-09-30,2025q3,,2025-10-25,eps,0.6941,indicator.csv,eps,quarterly_direct,identity_q1_or_ytd_diff,
000001.XSHE,indicator,2025-09-30,2025q3,,2025-10-25,adjusted_profit,13339000000.0,indicator.csv,adjusted_profit,quarterly_direct,identity_q1_or_ytd_diff,
000001.XSHE,indicator,2025-09-30,2025q3,,2025-10-25,operating_profit,15995000000.0,indicator.csv,operating_profit,quarterly_direct,identity_q1_or_ytd_diff,
000001.XSHE,indicator,2025-09-30,2025q3,,2025-10-25,value_change_profit,3056000000.0,indicator.csv,value_change_profit,quarterly_direct,identity_q1_or_ytd_diff,
000001.XSHE,indicator,2025-09-30,2025q3,,2025-10-25,roe,2.62,indicator.csv,roe,quarterly_direct,identity_q1_or_ytd_diff,
000001.XSHE,indicator,2025-09-30,2025q3,,2025-10-25,inc_return,2.6,indicator.csv,inc_return,quarterly_direct,identity_q1_or_ytd_diff,
000001.XSHE,indicator,2025-09-30,2025q3,,2025-10-25,roa,0.23,indicator.csv,roa,quarterly_direct,identity_q1_or_ytd_diff,
000001.XSHE,indicator,2025-09-30,2025q3,,2025-10-25,net_profit_margin,43.05,indicator.csv,net_profit_margin,quarterly_direct,identity_q1_or_ytd_diff,
000001.XSHE,indicator,2025-09-30,2025q3,,2025-10-25,gross_profit_margin,,indicator.csv,gross_profit_margin,,identity_q1_or_ytd_diff,missing_raw_value
000001.XSHE,indicator,2025-09-30,2025q3,,2025-10-25,expense_to_total_revenue,48.87,indicator.csv,expense_to_total_revenue,quarterly_direct,identity_q1_or_ytd_diff,
000001.XSHE,indicator,2025-09-30,2025q3,,2025-10-25,operation_profit_to_total_revenue,51.13,indicator.csv,operation_profit_to_total_revenue,quarterly_direct,identity_q1_or_ytd_diff,
000001.XSHE,indicator,2025-09-30,2025q3,,2025-10-25,net_profit_to_total_revenue,43.05,indicator.csv,net_profit_to_total_revenue,quarterly_direct,identity_q1_or_ytd_diff,
000001.XSHE,indicator,2025-09-30,2025q3,,2025-10-25,operating_expense_to_total_revenue,,indicator.csv,operating_expense_to_total_revenue,,identity_q1_or_ytd_diff,missing_raw_value
000001.XSHE,indicator,2025-09-30,2025q3,,2025-10-25,ga_expense_to_total_revenue,26.99,indicator.csv,ga_expense_to_total_revenue,quarterly_direct,identity_q1_or_ytd_diff,
000001.XSHE,indicator,2025-09-30,2025q3,,2025-10-25,financing_expense_to_total_revenue,,indicator.csv,financing_expense_to_total_revenue,,identity_q1_or_ytd_diff,missing_raw_value
000001.XSHE,indicator,2025-09-30,2025q3,,2025-10-25,operating_profit_to_profit,80.93,indicator.csv,operating_profit_to_profit,quarterly_direct,identity_q1_or_ytd_diff,
000001.XSHE,indicator,2025-09-30,2025q3,,2025-10-25,invesment_profit_to_profit,19.11,indicator.csv,invesment_profit_to_profit,quarterly_direct,identity_q1_or_ytd_diff,
000001.XSHE,indicator,2025-09-30,2025q3,,2025-10-25,adjusted_profit_to_profit,99.03,indicator.csv,adjusted_profit_to_profit,quarterly_direct,identity_q1_or_ytd_diff,
000001.XSHE,indicator,2025-09-30,2025q3,,2025-10-25,goods_sale_and_service_to_revenue,,indicator.csv,goods_sale_and_service_to_revenue,,identity_q1_or_ytd_diff,missing_raw_value
000001.XSHE,indicator,2025-09-30,2025q3,,2025-10-25,ocf_to_revenue,-328.92,indicator.csv,ocf_to_revenue,quarterly_direct,identity_q1_or_ytd_diff,
000001.XSHE,indicator,2025-09-30,2025q3,,2025-10-25,ocf_to_operating_profit,-643.32,indicator.csv,ocf_to_operating_profit,quarterly_direct,identity_q1_or_ytd_diff,
000001.XSHE,indicator,2025-09-30,2025q3,,2025-10-25,inc_total_revenue_year_on_year,-9.19,indicator.csv,inc_total_revenue_year_on_year,quarterly_direct,identity_q1_or_ytd_diff,
000001.XSHE,indicator,2025-09-30,2025q3,,2025-10-25,inc_total_revenue_annual,-12.31,indicator.csv,inc_total_revenue_annual,quarterly_direct,identity_q1_or_ytd_diff,
000001.XSHE,indicator,2025-09-30,2025q3,,2025-10-25,inc_revenue_year_on_year,-9.19,indicator.csv,inc_revenue_year_on_year,quarterly_direct,identity_q1_or_ytd_diff,
000001.XSHE,indicator,2025-09-30,2025q3,,2025-10-25,inc_revenue_annual,-12.31,indicator.csv,inc_revenue_annual,quarterly_direct,identity_q1_or_ytd_diff,
000001.XSHE,indicator,2025-09-30,2025q3,,2025-10-25,inc_operation_profit_year_on_year,1.35,indicator.csv,inc_operation_profit_year_on_year,quarterly_direct,identity_q1_or_ytd_diff,
000001.XSHE,indicator,2025-09-30,2025q3,,2025-10-25,inc_operation_profit_annual,21.25,indicator.csv,inc_operation_profit_annual,quarterly_direct,identity_q1_or_ytd_diff,
000001.XSHE,indicator,2025-09-30,2025q3,,2025-10-25,inc_net_profit_year_on_year,-2.75,indicator.csv,inc_net_profit_year_on_year,quarterly_direct,identity_q1_or_ytd_diff,
000001.XSHE,indicator,2025-09-30,2025q3,,2025-10-25,inc_net_profit_annual,25.01,indicator.csv,inc_net_profit_annual,quarterly_direct,identity_q1_or_ytd_diff,
000001.XSHE,indicator,2025-09-30,2025q3,,2025-10-25,inc_net_profit_to_shareholders_year_on_year,-2.75,indicator.csv,inc_net_profit_to_shareholders_year_on_year,quarterly_direct,identity_q1_or_ytd_diff,
000001.XSHE,indicator,2025-09-30,2025q3,,2025-10-25,inc_net_profit_to_shareholders_annual,25.01,indicator.csv,inc_net_profit_to_shareholders_annual,quarterly_direct,identity_q1_or_ytd_diff,
000001.XSHE,indicator,2025-12-31,2025q4,,2026-03-21,eps,0.2213,indicator.csv,eps,quarterly_direct,identity_q1_or_ytd_diff,
000001.XSHE,indicator,2025-12-31,2025q4,,2026-03-21,adjusted_profit,4355000000.0,indicator.csv,adjusted_profit,quarterly_direct,identity_q1_or_ytd_diff,
000001.XSHE,indicator,2025-12-31,2025q4,,2026-03-21,operating_profit,5311000000.0,indicator.csv,operating_profit,quarterly_direct,identity_q1_or_ytd_diff,
000001.XSHE,indicator,2025-12-31,2025q4,,2026-03-21,value_change_profit,4028000000.0,indicator.csv,value_change_profit,quarterly_direct,identity_q1_or_ytd_diff,
000001.XSHE,indicator,2025-12-31,2025q4,,2026-03-21,roe,0.8,indicator.csv,roe,quarterly_direct,identity_q1_or_ytd_diff,
000001.XSHE,indicator,2025-12-31,2025q4,,2026-03-21,inc_return,0.81,indicator.csv,inc_return,quarterly_direct,identity_q1_or_ytd_diff,
000001.XSHE,indicator,2025-12-31,2025q4,,2026-03-21,roa,0.07,indicator.csv,roa,quarterly_direct,identity_q1_or_ytd_diff,
000001.XSHE,indicator,2025-12-31,2025q4,,2026-03-21,net_profit_margin,13.95,indicator.csv,net_profit_margin,quarterly_direct,identity_q1_or_ytd_diff,
000001.XSHE,indicator,2025-12-31,2025q4,,2026-03-21,gross_profit_margin,,indicator.csv,gross_profit_margin,,identity_q1_or_ytd_diff,missing_raw_value
000001.XSHE,indicator,2025-12-31,2025q4,,2026-03-21,expense_to_total_revenue,82.74,indicator.csv,expense_to_total_revenue,quarterly_direct,identity_q1_or_ytd_diff,
000001.XSHE,indicator,2025-12-31,2025q4,,2026-03-21,operation_profit_to_total_revenue,17.26,indicator.csv,operation_profit_to_total_revenue,quarterly_direct,identity_q1_or_ytd_diff,
000001.XSHE,indicator,2025-12-31,2025q4,,2026-03-21,net_profit_to_total_revenue,13.95,indicator.csv,net_profit_to_total_revenue,quarterly_direct,identity_q1_or_ytd_diff,
000001.XSHE,indicator,2025-12-31,2025q4,,2026-03-21,operating_expense_to_total_revenue,,indicator.csv,operating_expense_to_total_revenue,,identity_q1_or_ytd_diff,missing_raw_value
000001.XSHE,indicator,2025-12-31,2025q4,,2026-03-21,ga_expense_to_total_revenue,34.27,indicator.csv,ga_expense_to_total_revenue,quarterly_direct,identity_q1_or_ytd_diff,
000001.XSHE,indicator,2025-12-31,2025q4,,2026-03-21,financing_expense_to_total_revenue,,indicator.csv,financing_expense_to_total_revenue,,identity_q1_or_ytd_diff,missing_raw_value
000001.XSHE,indicator,2025-12-31,2025q4,,2026-03-21,operating_profit_to_profit,24.49,indicator.csv,operating_profit_to_profit,quarterly_direct,identity_q1_or_ytd_diff,
000001.XSHE,indicator,2025-12-31,2025q4,,2026-03-21,invesment_profit_to_profit,76.88,indicator.csv,invesment_profit_to_profit,quarterly_direct,identity_q1_or_ytd_diff,
000001.XSHE,indicator,2025-12-31,2025q4,,2026-03-21,adjusted_profit_to_profit,101.42,indicator.csv,adjusted_profit_to_profit,quarterly_direct,identity_q1_or_ytd_diff,
000001.XSHE,indicator,2025-12-31,2025q4,,2026-03-21,goods_sale_and_service_to_revenue,,indicator.csv,goods_sale_and_service_to_revenue,,identity_q1_or_ytd_diff,missing_raw_value
000001.XSHE,indicator,2025-12-31,2025q4,,2026-03-21,ocf_to_revenue,793.15,indicator.csv,ocf_to_revenue,quarterly_direct,identity_q1_or_ytd_diff,
000001.XSHE,indicator,2025-12-31,2025q4,,2026-03-21,ocf_to_operating_profit,4595.65,indicator.csv,ocf_to_operating_profit,quarterly_direct,identity_q1_or_ytd_diff,
000001.XSHE,indicator,2025-12-31,2025q4,,2026-03-21,inc_total_revenue_year_on_year,-12.36,indicator.csv,inc_total_revenue_year_on_year,quarterly_direct,identity_q1_or_ytd_diff,
000001.XSHE,indicator,2025-12-31,2025q4,,2026-03-21,inc_total_revenue_annual,-1.63,indicator.csv,inc_total_revenue_annual,quarterly_direct,identity_q1_or_ytd_diff,
000001.XSHE,indicator,2025-12-31,2025q4,,2026-03-21,inc_revenue_year_on_year,-12.36,indicator.csv,inc_revenue_year_on_year,quarterly_direct,identity_q1_or_ytd_diff,
000001.XSHE,indicator,2025-12-31,2025q4,,2026-03-21,inc_revenue_annual,-1.63,indicator.csv,inc_revenue_annual,quarterly_direct,identity_q1_or_ytd_diff,
000001.XSHE,indicator,2025-12-31,2025q4,,2026-03-21,inc_operation_profit_year_on_year,-27.61,indicator.csv,inc_operation_profit_year_on_year,quarterly_direct,identity_q1_or_ytd_diff,
000001.XSHE,indicator,2025-12-31,2025q4,,2026-03-21,inc_operation_profit_annual,-66.8,indicator.csv,inc_operation_profit_annual,quarterly_direct,identity_q1_or_ytd_diff,
000001.XSHE,indicator,2025-12-31,2025q4,,2026-03-21,inc_net_profit_year_on_year,-10.15,indicator.csv,inc_net_profit_year_on_year,quarterly_direct,identity_q1_or_ytd_diff,
000001.XSHE,indicator,2025-12-31,2025q4,,2026-03-21,inc_net_profit_annual,-68.12,indicator.csv,inc_net_profit_annual,quarterly_direct,identity_q1_or_ytd_diff,
000001.XSHE,indicator,2025-12-31,2025q4,,2026-03-21,inc_net_profit_to_shareholders_year_on_year,-10.15,indicator.csv,inc_net_profit_to_shareholders_year_on_year,quarterly_direct,identity_q1_or_ytd_diff,
000001.XSHE,indicator,2025-12-31,2025q4,,2026-03-21,inc_net_profit_to_shareholders_annual,-68.12,indicator.csv,inc_net_profit_to_shareholders_annual,quarterly_direct,identity_q1_or_ytd_diff,
000001.XSHE,indicator,2026-03-31,2026q1,,2026-04-25,eps,0.7484,indicator.csv,eps,quarterly_direct,identity_q1_or_ytd_diff,
000001.XSHE,indicator,2026-03-31,2026q1,,2026-04-25,adjusted_profit,14488000000.0,indicator.csv,adjusted_profit,quarterly_direct,identity_q1_or_ytd_diff,
000001.XSHE,indicator,2026-03-31,2026q1,,2026-04-25,operating_profit,17389000000.0,indicator.csv,operating_profit,quarterly_direct,identity_q1_or_ytd_diff,
000001.XSHE,indicator,2026-03-31,2026q1,,2026-04-25,value_change_profit,5736000000.0,indicator.csv,value_change_profit,quarterly_direct,identity_q1_or_ytd_diff,
000001.XSHE,indicator,2026-03-31,2026q1,,2026-04-25,roe,2.65,indicator.csv,roe,quarterly_direct,identity_q1_or_ytd_diff,
000001.XSHE,indicator,2026-03-31,2026q1,,2026-04-25,inc_return,2.65,indicator.csv,inc_return,quarterly_direct,identity_q1_or_ytd_diff,
000001.XSHE,indicator,2026-03-31,2026q1,,2026-04-25,roa,0.24,indicator.csv,roa,quarterly_direct,identity_q1_or_ytd_diff,
000001.XSHE,indicator,2026-03-31,2026q1,,2026-04-25,net_profit_margin,41.17,indicator.csv,net_profit_margin,quarterly_direct,identity_q1_or_ytd_diff,
000001.XSHE,indicator,2026-03-31,2026q1,,2026-04-25,gross_profit_margin,,indicator.csv,gross_profit_margin,,identity_q1_or_ytd_diff,missing_raw_value
000001.XSHE,indicator,2026-03-31,2026q1,,2026-04-25,expense_to_total_revenue,50.71,indicator.csv,expense_to_total_revenue,quarterly_direct,identity_q1_or_ytd_diff,
000001.XSHE,indicator,2026-03-31,2026q1,,2026-04-25,operation_profit_to_total_revenue,49.29,indicator.csv,operation_profit_to_total_revenue,quarterly_direct,identity_q1_or_ytd_diff,
000001.XSHE,indicator,2026-03-31,2026q1,,2026-04-25,net_profit_to_total_revenue,41.17,indicator.csv,net_profit_to_total_revenue,quarterly_direct,identity_q1_or_ytd_diff,
000001.XSHE,indicator,2026-03-31,2026q1,,2026-04-25,operating_expense_to_total_revenue,,indicator.csv,operating_expense_to_total_revenue,,identity_q1_or_ytd_diff,missing_raw_value
000001.XSHE,indicator,2026-03-31,2026q1,,2026-04-25,ga_expense_to_total_revenue,26.96,indicator.csv,ga_expense_to_total_revenue,quarterly_direct,identity_q1_or_ytd_diff,
000001.XSHE,indicator,2026-03-31,2026q1,,2026-04-25,financing_expense_to_total_revenue,,indicator.csv,financing_expense_to_total_revenue,,identity_q1_or_ytd_diff,missing_raw_value
000001.XSHE,indicator,2026-03-31,2026q1,,2026-04-25,operating_profit_to_profit,66.98,indicator.csv,operating_profit_to_profit,quarterly_direct,identity_q1_or_ytd_diff,
000001.XSHE,indicator,2026-03-31,2026q1,,2026-04-25,invesment_profit_to_profit,32.97,indicator.csv,invesment_profit_to_profit,quarterly_direct,identity_q1_or_ytd_diff,
000001.XSHE,indicator,2026-03-31,2026q1,,2026-04-25,adjusted_profit_to_profit,99.76,indicator.csv,adjusted_profit_to_profit,quarterly_direct,identity_q1_or_ytd_diff,
000001.XSHE,indicator,2026-03-31,2026q1,,2026-04-25,goods_sale_and_service_to_revenue,,indicator.csv,goods_sale_and_service_to_revenue,,identity_q1_or_ytd_diff,missing_raw_value
000001.XSHE,indicator,2026-03-31,2026q1,,2026-04-25,ocf_to_revenue,107.16,indicator.csv,ocf_to_revenue,quarterly_direct,identity_q1_or_ytd_diff,
000001.XSHE,indicator,2026-03-31,2026q1,,2026-04-25,ocf_to_operating_profit,217.39,indicator.csv,ocf_to_operating_profit,quarterly_direct,identity_q1_or_ytd_diff,
000001.XSHE,indicator,2026-03-31,2026q1,,2026-04-25,inc_total_revenue_year_on_year,4.65,indicator.csv,inc_total_revenue_year_on_year,quarterly_direct,identity_q1_or_ytd_diff,
000001.XSHE,indicator,2026-03-31,2026q1,,2026-04-25,inc_total_revenue_annual,14.64,indicator.csv,inc_total_revenue_annual,quarterly_direct,identity_q1_or_ytd_diff,
000001.XSHE,indicator,2026-03-31,2026q1,,2026-04-25,inc_revenue_year_on_year,4.65,indicator.csv,inc_revenue_year_on_year,quarterly_direct,identity_q1_or_ytd_diff,
000001.XSHE,indicator,2026-03-31,2026q1,,2026-04-25,inc_revenue_annual,14.64,indicator.csv,inc_revenue_annual,quarterly_direct,identity_q1_or_ytd_diff,
000001.XSHE,indicator,2026-03-31,2026q1,,2026-04-25,inc_operation_profit_year_on_year,2.83,indicator.csv,inc_operation_profit_year_on_year,quarterly_direct,identity_q1_or_ytd_diff,
000001.XSHE,indicator,2026-03-31,2026q1,,2026-04-25,inc_operation_profit_annual,227.41,indicator.csv,inc_operation_profit_annual,quarterly_direct,identity_q1_or_ytd_diff,
000001.XSHE,indicator,2026-03-31,2026q1,,2026-04-25,inc_net_profit_year_on_year,3.03,indicator.csv,inc_net_profit_year_on_year,quarterly_direct,identity_q1_or_ytd_diff,
000001.XSHE,indicator,2026-03-31,2026q1,,2026-04-25,inc_net_profit_annual,238.22,indicator.csv,inc_net_profit_annual,quarterly_direct,identity_q1_or_ytd_diff,
000001.XSHE,indicator,2026-03-31,2026q1,,2026-04-25,inc_net_profit_to_shareholders_year_on_year,3.03,indicator.csv,inc_net_profit_to_shareholders_year_on_year,quarterly_direct,identity_q1_or_ytd_diff,
000001.XSHE,indicator,2026-03-31,2026q1,,2026-04-25,inc_net_profit_to_shareholders_annual,238.22,indicator.csv,inc_net_profit_to_shareholders_annual,quarterly_direct,identity_q1_or_ytd_diff,
000001.XSHE,indicator,2026-06-30,2026q2,,,eps,,,eps,,identity_q1_or_ytd_diff,outside_current_available_window
000001.XSHE,indicator,2026-06-30,2026q2,,,adjusted_profit,,,adjusted_profit,,identity_q1_or_ytd_diff,outside_current_available_window
000001.XSHE,indicator,2026-06-30,2026q2,,,operating_profit,,,operating_profit,,identity_q1_or_ytd_diff,outside_current_available_window
000001.XSHE,indicator,2026-06-30,2026q2,,,value_change_profit,,,value_change_profit,,identity_q1_or_ytd_diff,outside_current_available_window
000001.XSHE,indicator,2026-06-30,2026q2,,,roe,,,roe,,identity_q1_or_ytd_diff,outside_current_available_window
000001.XSHE,indicator,2026-06-30,2026q2,,,inc_return,,,inc_return,,identity_q1_or_ytd_diff,outside_current_available_window
000001.XSHE,indicator,2026-06-30,2026q2,,,roa,,,roa,,identity_q1_or_ytd_diff,outside_current_available_window
000001.XSHE,indicator,2026-06-30,2026q2,,,net_profit_margin,,,net_profit_margin,,identity_q1_or_ytd_diff,outside_current_available_window
000001.XSHE,indicator,2026-06-30,2026q2,,,gross_profit_margin,,,gross_profit_margin,,identity_q1_or_ytd_diff,outside_current_available_window
000001.XSHE,indicator,2026-06-30,2026q2,,,expense_to_total_revenue,,,expense_to_total_revenue,,identity_q1_or_ytd_diff,outside_current_available_window
000001.XSHE,indicator,2026-06-30,2026q2,,,operation_profit_to_total_revenue,,,operation_profit_to_total_revenue,,identity_q1_or_ytd_diff,outside_current_available_window
000001.XSHE,indicator,2026-06-30,2026q2,,,net_profit_to_total_revenue,,,net_profit_to_total_revenue,,identity_q1_or_ytd_diff,outside_current_available_window
000001.XSHE,indicator,2026-06-30,2026q2,,,operating_expense_to_total_revenue,,,operating_expense_to_total_revenue,,identity_q1_or_ytd_diff,outside_current_available_window
000001.XSHE,indicator,2026-06-30,2026q2,,,ga_expense_to_total_revenue,,,ga_expense_to_total_revenue,,identity_q1_or_ytd_diff,outside_current_available_window
000001.XSHE,indicator,2026-06-30,2026q2,,,financing_expense_to_total_revenue,,,financing_expense_to_total_revenue,,identity_q1_or_ytd_diff,outside_current_available_window
000001.XSHE,indicator,2026-06-30,2026q2,,,operating_profit_to_profit,,,operating_profit_to_profit,,identity_q1_or_ytd_diff,outside_current_available_window
000001.XSHE,indicator,2026-06-30,2026q2,,,invesment_profit_to_profit,,,invesment_profit_to_profit,,identity_q1_or_ytd_diff,outside_current_available_window
000001.XSHE,indicator,2026-06-30,2026q2,,,adjusted_profit_to_profit,,,adjusted_profit_to_profit,,identity_q1_or_ytd_diff,outside_current_available_window
000001.XSHE,indicator,2026-06-30,2026q2,,,goods_sale_and_service_to_revenue,,,goods_sale_and_service_to_revenue,,identity_q1_or_ytd_diff,outside_current_available_window
000001.XSHE,indicator,2026-06-30,2026q2,,,ocf_to_revenue,,,ocf_to_revenue,,identity_q1_or_ytd_diff,outside_current_available_window
000001.XSHE,indicator,2026-06-30,2026q2,,,ocf_to_operating_profit,,,ocf_to_operating_profit,,identity_q1_or_ytd_diff,outside_current_available_window
000001.XSHE,indicator,2026-06-30,2026q2,,,inc_total_revenue_year_on_year,,,inc_total_revenue_year_on_year,,identity_q1_or_ytd_diff,outside_current_available_window
000001.XSHE,indicator,2026-06-30,2026q2,,,inc_total_revenue_annual,,,inc_total_revenue_annual,,identity_q1_or_ytd_diff,outside_current_available_window
000001.XSHE,indicator,2026-06-30,2026q2,,,inc_revenue_year_on_year,,,inc_revenue_year_on_year,,identity_q1_or_ytd_diff,outside_current_available_window
000001.XSHE,indicator,2026-06-30,2026q2,,,inc_revenue_annual,,,inc_revenue_annual,,identity_q1_or_ytd_diff,outside_current_available_window
000001.XSHE,indicator,2026-06-30,2026q2,,,inc_operation_profit_year_on_year,,,inc_operation_profit_year_on_year,,identity_q1_or_ytd_diff,outside_current_available_window
000001.XSHE,indicator,2026-06-30,2026q2,,,inc_operation_profit_annual,,,inc_operation_profit_annual,,identity_q1_or_ytd_diff,outside_current_available_window
000001.XSHE,indicator,2026-06-30,2026q2,,,inc_net_profit_year_on_year,,,inc_net_profit_year_on_year,,identity_q1_or_ytd_diff,outside_current_available_window
000001.XSHE,indicator,2026-06-30,2026q2,,,inc_net_profit_annual,,,inc_net_profit_annual,,identity_q1_or_ytd_diff,outside_current_available_window
000001.XSHE,indicator,2026-06-30,2026q2,,,inc_net_profit_to_shareholders_year_on_year,,,inc_net_profit_to_shareholders_year_on_year,,identity_q1_or_ytd_diff,outside_current_available_window
000001.XSHE,indicator,2026-06-30,2026q2,,,inc_net_profit_to_shareholders_annual,,,inc_net_profit_to_shareholders_annual,,identity_q1_or_ytd_diff,outside_current_available_window
000001.XSHE,indicator,2026-09-30,2026q3,,,eps,,,eps,,identity_q1_or_ytd_diff,outside_current_available_window
000001.XSHE,indicator,2026-09-30,2026q3,,,adjusted_profit,,,adjusted_profit,,identity_q1_or_ytd_diff,outside_current_available_window
000001.XSHE,indicator,2026-09-30,2026q3,,,operating_profit,,,operating_profit,,identity_q1_or_ytd_diff,outside_current_available_window
000001.XSHE,indicator,2026-09-30,2026q3,,,value_change_profit,,,value_change_profit,,identity_q1_or_ytd_diff,outside_current_available_window
000001.XSHE,indicator,2026-09-30,2026q3,,,roe,,,roe,,identity_q1_or_ytd_diff,outside_current_available_window
000001.XSHE,indicator,2026-09-30,2026q3,,,inc_return,,,inc_return,,identity_q1_or_ytd_diff,outside_current_available_window
000001.XSHE,indicator,2026-09-30,2026q3,,,roa,,,roa,,identity_q1_or_ytd_diff,outside_current_available_window
000001.XSHE,indicator,2026-09-30,2026q3,,,net_profit_margin,,,net_profit_margin,,identity_q1_or_ytd_diff,outside_current_available_window
000001.XSHE,indicator,2026-09-30,2026q3,,,gross_profit_margin,,,gross_profit_margin,,identity_q1_or_ytd_diff,outside_current_available_window
000001.XSHE,indicator,2026-09-30,2026q3,,,expense_to_total_revenue,,,expense_to_total_revenue,,identity_q1_or_ytd_diff,outside_current_available_window
000001.XSHE,indicator,2026-09-30,2026q3,,,operation_profit_to_total_revenue,,,operation_profit_to_total_revenue,,identity_q1_or_ytd_diff,outside_current_available_window
000001.XSHE,indicator,2026-09-30,2026q3,,,net_profit_to_total_revenue,,,net_profit_to_total_revenue,,identity_q1_or_ytd_diff,outside_current_available_window
000001.XSHE,indicator,2026-09-30,2026q3,,,operating_expense_to_total_revenue,,,operating_expense_to_total_revenue,,identity_q1_or_ytd_diff,outside_current_available_window
000001.XSHE,indicator,2026-09-30,2026q3,,,ga_expense_to_total_revenue,,,ga_expense_to_total_revenue,,identity_q1_or_ytd_diff,outside_current_available_window
000001.XSHE,indicator,2026-09-30,2026q3,,,financing_expense_to_total_revenue,,,financing_expense_to_total_revenue,,identity_q1_or_ytd_diff,outside_current_available_window
000001.XSHE,indicator,2026-09-30,2026q3,,,operating_profit_to_profit,,,operating_profit_to_profit,,identity_q1_or_ytd_diff,outside_current_available_window
000001.XSHE,indicator,2026-09-30,2026q3,,,invesment_profit_to_profit,,,invesment_profit_to_profit,,identity_q1_or_ytd_diff,outside_current_available_window
000001.XSHE,indicator,2026-09-30,2026q3,,,adjusted_profit_to_profit,,,adjusted_profit_to_profit,,identity_q1_or_ytd_diff,outside_current_available_window
000001.XSHE,indicator,2026-09-30,2026q3,,,goods_sale_and_service_to_revenue,,,goods_sale_and_service_to_revenue,,identity_q1_or_ytd_diff,outside_current_available_window
000001.XSHE,indicator,2026-09-30,2026q3,,,ocf_to_revenue,,,ocf_to_revenue,,identity_q1_or_ytd_diff,outside_current_available_window
000001.XSHE,indicator,2026-09-30,2026q3,,,ocf_to_operating_profit,,,ocf_to_operating_profit,,identity_q1_or_ytd_diff,outside_current_available_window
000001.XSHE,indicator,2026-09-30,2026q3,,,inc_total_revenue_year_on_year,,,inc_total_revenue_year_on_year,,identity_q1_or_ytd_diff,outside_current_available_window
000001.XSHE,indicator,2026-09-30,2026q3,,,inc_total_revenue_annual,,,inc_total_revenue_annual,,identity_q1_or_ytd_diff,outside_current_available_window
000001.XSHE,indicator,2026-09-30,2026q3,,,inc_revenue_year_on_year,,,inc_revenue_year_on_year,,identity_q1_or_ytd_diff,outside_current_available_window
000001.XSHE,indicator,2026-09-30,2026q3,,,inc_revenue_annual,,,inc_revenue_annual,,identity_q1_or_ytd_diff,outside_current_available_window
000001.XSHE,indicator,2026-09-30,2026q3,,,inc_operation_profit_year_on_year,,,inc_operation_profit_year_on_year,,identity_q1_or_ytd_diff,outside_current_available_window
000001.XSHE,indicator,2026-09-30,2026q3,,,inc_operation_profit_annual,,,inc_operation_profit_annual,,identity_q1_or_ytd_diff,outside_current_available_window
000001.XSHE,indicator,2026-09-30,2026q3,,,inc_net_profit_year_on_year,,,inc_net_profit_year_on_year,,identity_q1_or_ytd_diff,outside_current_available_window
000001.XSHE,indicator,2026-09-30,2026q3,,,inc_net_profit_annual,,,inc_net_profit_annual,,identity_q1_or_ytd_diff,outside_current_available_window
000001.XSHE,indicator,2026-09-30,2026q3,,,inc_net_profit_to_shareholders_year_on_year,,,inc_net_profit_to_shareholders_year_on_year,,identity_q1_or_ytd_diff,outside_current_available_window
000001.XSHE,indicator,2026-09-30,2026q3,,,inc_net_profit_to_shareholders_annual,,,inc_net_profit_to_shareholders_annual,,identity_q1_or_ytd_diff,outside_current_available_window
000001.XSHE,indicator,2026-12-31,2026q4,,,eps,,,eps,,identity_q1_or_ytd_diff,outside_current_available_window
000001.XSHE,indicator,2026-12-31,2026q4,,,adjusted_profit,,,adjusted_profit,,identity_q1_or_ytd_diff,outside_current_available_window
000001.XSHE,indicator,2026-12-31,2026q4,,,operating_profit,,,operating_profit,,identity_q1_or_ytd_diff,outside_current_available_window
000001.XSHE,indicator,2026-12-31,2026q4,,,value_change_profit,,,value_change_profit,,identity_q1_or_ytd_diff,outside_current_available_window
000001.XSHE,indicator,2026-12-31,2026q4,,,roe,,,roe,,identity_q1_or_ytd_diff,outside_current_available_window
000001.XSHE,indicator,2026-12-31,2026q4,,,inc_return,,,inc_return,,identity_q1_or_ytd_diff,outside_current_available_window
000001.XSHE,indicator,2026-12-31,2026q4,,,roa,,,roa,,identity_q1_or_ytd_diff,outside_current_available_window
000001.XSHE,indicator,2026-12-31,2026q4,,,net_profit_margin,,,net_profit_margin,,identity_q1_or_ytd_diff,outside_current_available_window
000001.XSHE,indicator,2026-12-31,2026q4,,,gross_profit_margin,,,gross_profit_margin,,identity_q1_or_ytd_diff,outside_current_available_window
000001.XSHE,indicator,2026-12-31,2026q4,,,expense_to_total_revenue,,,expense_to_total_revenue,,identity_q1_or_ytd_diff,outside_current_available_window
000001.XSHE,indicator,2026-12-31,2026q4,,,operation_profit_to_total_revenue,,,operation_profit_to_total_revenue,,identity_q1_or_ytd_diff,outside_current_available_window
000001.XSHE,indicator,2026-12-31,2026q4,,,net_profit_to_total_revenue,,,net_profit_to_total_revenue,,identity_q1_or_ytd_diff,outside_current_available_window
000001.XSHE,indicator,2026-12-31,2026q4,,,operating_expense_to_total_revenue,,,operating_expense_to_total_revenue,,identity_q1_or_ytd_diff,outside_current_available_window
000001.XSHE,indicator,2026-12-31,2026q4,,,ga_expense_to_total_revenue,,,ga_expense_to_total_revenue,,identity_q1_or_ytd_diff,outside_current_available_window
000001.XSHE,indicator,2026-12-31,2026q4,,,financing_expense_to_total_revenue,,,financing_expense_to_total_revenue,,identity_q1_or_ytd_diff,outside_current_available_window
000001.XSHE,indicator,2026-12-31,2026q4,,,operating_profit_to_profit,,,operating_profit_to_profit,,identity_q1_or_ytd_diff,outside_current_available_window
000001.XSHE,indicator,2026-12-31,2026q4,,,invesment_profit_to_profit,,,invesment_profit_to_profit,,identity_q1_or_ytd_diff,outside_current_available_window
000001.XSHE,indicator,2026-12-31,2026q4,,,adjusted_profit_to_profit,,,adjusted_profit_to_profit,,identity_q1_or_ytd_diff,outside_current_available_window
000001.XSHE,indicator,2026-12-31,2026q4,,,goods_sale_and_service_to_revenue,,,goods_sale_and_service_to_revenue,,identity_q1_or_ytd_diff,outside_current_available_window
000001.XSHE,indicator,2026-12-31,2026q4,,,ocf_to_revenue,,,ocf_to_revenue,,identity_q1_or_ytd_diff,outside_current_available_window
000001.XSHE,indicator,2026-12-31,2026q4,,,ocf_to_operating_profit,,,ocf_to_operating_profit,,identity_q1_or_ytd_diff,outside_current_available_window
000001.XSHE,indicator,2026-12-31,2026q4,,,inc_total_revenue_year_on_year,,,inc_total_revenue_year_on_year,,identity_q1_or_ytd_diff,outside_current_available_window
000001.XSHE,indicator,2026-12-31,2026q4,,,inc_total_revenue_annual,,,inc_total_revenue_annual,,identity_q1_or_ytd_diff,outside_current_available_window
000001.XSHE,indicator,2026-12-31,2026q4,,,inc_revenue_year_on_year,,,inc_revenue_year_on_year,,identity_q1_or_ytd_diff,outside_current_available_window
000001.XSHE,indicator,2026-12-31,2026q4,,,inc_revenue_annual,,,inc_revenue_annual,,identity_q1_or_ytd_diff,outside_current_available_window
000001.XSHE,indicator,2026-12-31,2026q4,,,inc_operation_profit_year_on_year,,,inc_operation_profit_year_on_year,,identity_q1_or_ytd_diff,outside_current_available_window
000001.XSHE,indicator,2026-12-31,2026q4,,,inc_operation_profit_annual,,,inc_operation_profit_annual,,identity_q1_or_ytd_diff,outside_current_available_window
000001.XSHE,indicator,2026-12-31,2026q4,,,inc_net_profit_year_on_year,,,inc_net_profit_year_on_year,,identity_q1_or_ytd_diff,outside_current_available_window
000001.XSHE,indicator,2026-12-31,2026q4,,,inc_net_profit_annual,,,inc_net_profit_annual,,identity_q1_or_ytd_diff,outside_current_available_window
000001.XSHE,indicator,2026-12-31,2026q4,,,inc_net_profit_to_shareholders_year_on_year,,,inc_net_profit_to_shareholders_year_on_year,,identity_q1_or_ytd_diff,outside_current_available_window
000001.XSHE,indicator,2026-12-31,2026q4,,,inc_net_profit_to_shareholders_annual,,,inc_net_profit_to_shareholders_annual,,identity_q1_or_ytd_diff,outside_current_available_window
