code,statement_family,report_period_end,quarter_key,year_key,pub_date,standard_field_name,standard_value,source_table,source_field,period_basis,transformation_rule,missing_reason
600000.XSHG,bank_indicator,2014-12-31,,2014,2015-03-19,total_loan,2028380000000.0,bank_indicator.csv,total_loan,annual_direct,identity_q1_or_ytd_diff,
600000.XSHG,bank_indicator,2014-12-31,,2014,2015-03-19,total_deposit,2724004000000.0,bank_indicator.csv,total_deposit,annual_direct,identity_q1_or_ytd_diff,
600000.XSHG,bank_indicator,2014-12-31,,2014,2015-03-19,interest_earning_assets,,bank_indicator.csv,interest_earning_assets,,identity_q1_or_ytd_diff,missing_raw_value
600000.XSHG,bank_indicator,2014-12-31,,2014,2015-03-19,non_interest_earning_assets,4195924000000.0,bank_indicator.csv,non_interest_earning_assets,annual_direct,identity_q1_or_ytd_diff,
600000.XSHG,bank_indicator,2014-12-31,,2014,2015-03-19,interest_earning_assets_yield,,bank_indicator.csv,interest_earning_assets_yield,,identity_q1_or_ytd_diff,missing_raw_value
600000.XSHG,bank_indicator,2014-12-31,,2014,2015-03-19,interest_bearing_liabilities,,bank_indicator.csv,interest_bearing_liabilities,,identity_q1_or_ytd_diff,missing_raw_value
600000.XSHG,bank_indicator,2014-12-31,,2014,2015-03-19,non_interest_bearing_liabilities,3932639000000.0,bank_indicator.csv,non_interest_bearing_liabilities,annual_direct,identity_q1_or_ytd_diff,
600000.XSHG,bank_indicator,2014-12-31,,2014,2015-03-19,interest_bearing_liabilities_interest_rate,0.0,bank_indicator.csv,interest_bearing_liabilities_interest_rate,annual_direct,identity_q1_or_ytd_diff,
600000.XSHG,bank_indicator,2014-12-31,,2014,2015-03-19,non_interest_income,24998000000.0,bank_indicator.csv,non_interest_income,annual_direct,identity_q1_or_ytd_diff,
600000.XSHG,bank_indicator,2014-12-31,,2014,2015-03-19,non_interest_income_ratio,20.29,bank_indicator.csv,non_interest_income_ratio,annual_direct,identity_q1_or_ytd_diff,
600000.XSHG,bank_indicator,2014-12-31,,2014,2015-03-19,net_interest_margin,2.5,bank_indicator.csv,net_interest_margin,annual_direct,identity_q1_or_ytd_diff,
600000.XSHG,bank_indicator,2014-12-31,,2014,2015-03-19,net_profit_margin,2.27,bank_indicator.csv,net_profit_margin,annual_direct,identity_q1_or_ytd_diff,
600000.XSHG,bank_indicator,2014-12-31,,2014,2015-03-19,core_level_capital,247473000000.0,bank_indicator.csv,core_level_capital,annual_direct,identity_q1_or_ytd_diff,
600000.XSHG,bank_indicator,2014-12-31,,2014,2015-03-19,net_core_level_capital,246905000000.0,bank_indicator.csv,net_core_level_capital,annual_direct,identity_q1_or_ytd_diff,
600000.XSHG,bank_indicator,2014-12-31,,2014,2015-03-19,core_level_capital_adequacy_ratio,8.61,bank_indicator.csv,core_level_capital_adequacy_ratio,annual_direct,identity_q1_or_ytd_diff,
600000.XSHG,bank_indicator,2014-12-31,,2014,2015-03-19,net_level_1_capital,261985000000.0,bank_indicator.csv,net_level_1_capital,annual_direct,identity_q1_or_ytd_diff,
600000.XSHG,bank_indicator,2014-12-31,,2014,2015-03-19,level_1_capital_adequacy_ratio,9.13,bank_indicator.csv,level_1_capital_adequacy_ratio,annual_direct,identity_q1_or_ytd_diff,
600000.XSHG,bank_indicator,2014-12-31,,2014,2015-03-19,net_capital,324906000000.0,bank_indicator.csv,net_capital,annual_direct,identity_q1_or_ytd_diff,
600000.XSHG,bank_indicator,2014-12-31,,2014,2015-03-19,capital_adequacy_ratio,11.33,bank_indicator.csv,capital_adequacy_ratio,annual_direct,identity_q1_or_ytd_diff,
600000.XSHG,bank_indicator,2014-12-31,,2014,2015-03-19,weighted_risky_asset,2868897000000.0,bank_indicator.csv,weighted_risky_asset,annual_direct,identity_q1_or_ytd_diff,
600000.XSHG,bank_indicator,2014-12-31,,2014,2015-03-19,deposit_loan_ratio,71.99,bank_indicator.csv,deposit_loan_ratio,annual_direct,identity_q1_or_ytd_diff,
600000.XSHG,bank_indicator,2014-12-31,,2014,2015-03-19,short_term_asset_liquidity_ratio_CNY,30.68,bank_indicator.csv,short_term_asset_liquidity_ratio_CNY,annual_direct,identity_q1_or_ytd_diff,
600000.XSHG,bank_indicator,2014-12-31,,2014,2015-03-19,short_term_asset_liquidity_ratio_FC,,bank_indicator.csv,short_term_asset_liquidity_ratio_FC,,identity_q1_or_ytd_diff,missing_raw_value
600000.XSHG,bank_indicator,2014-12-31,,2014,2015-03-19,Nonperforming_loan_rate,1.06,bank_indicator.csv,Nonperforming_loan_rate,annual_direct,identity_q1_or_ytd_diff,
600000.XSHG,bank_indicator,2014-12-31,,2014,2015-03-19,single_largest_customer_loan_ratio,1.54,bank_indicator.csv,single_largest_customer_loan_ratio,annual_direct,identity_q1_or_ytd_diff,
600000.XSHG,bank_indicator,2014-12-31,,2014,2015-03-19,top_ten_customer_loan_ratio,11.69,bank_indicator.csv,top_ten_customer_loan_ratio,annual_direct,identity_q1_or_ytd_diff,
600000.XSHG,bank_indicator,2014-12-31,,2014,2015-03-19,bad_debts_reserve,53766000000.0,bank_indicator.csv,bad_debts_reserve,annual_direct,identity_q1_or_ytd_diff,
600000.XSHG,bank_indicator,2014-12-31,,2014,2015-03-19,non_performing_loan_provision_coverage,249.09,bank_indicator.csv,non_performing_loan_provision_coverage,annual_direct,identity_q1_or_ytd_diff,
600000.XSHG,bank_indicator,2014-12-31,,2014,2015-03-19,cost_to_income_ratio,23.12,bank_indicator.csv,cost_to_income_ratio,annual_direct,identity_q1_or_ytd_diff,
600000.XSHG,bank_indicator,2014-12-31,,2014,2015-03-19,former_core_capital,,bank_indicator.csv,former_core_capital,,identity_q1_or_ytd_diff,missing_raw_value
600000.XSHG,bank_indicator,2014-12-31,,2014,2015-03-19,former_net_core_capital,,bank_indicator.csv,former_net_core_capital,,identity_q1_or_ytd_diff,missing_raw_value
600000.XSHG,bank_indicator,2014-12-31,,2014,2015-03-19,former_net_core_capital_adequacy_ratio,8.61,bank_indicator.csv,former_net_core_capital_adequacy_ratio,annual_direct,identity_q1_or_ytd_diff,
600000.XSHG,bank_indicator,2014-12-31,,2014,2015-03-19,former_net_capital,,bank_indicator.csv,former_net_capital,,identity_q1_or_ytd_diff,missing_raw_value
600000.XSHG,bank_indicator,2014-12-31,,2014,2015-03-19,former_capital_adequacy_ratio,11.86,bank_indicator.csv,former_capital_adequacy_ratio,annual_direct,identity_q1_or_ytd_diff,
600000.XSHG,bank_indicator,2014-12-31,,2014,2015-03-19,former_weighted_risky_asset,,bank_indicator.csv,former_weighted_risky_asset,,identity_q1_or_ytd_diff,missing_raw_value
600000.XSHG,bank_indicator,2014-12-31,,2014,2015-03-19,normal_amount,1963781000000.0,bank_indicator.csv,normal_amount,annual_direct,identity_q1_or_ytd_diff,
600000.XSHG,bank_indicator,2014-12-31,,2014,2015-03-19,normal_amount_ratio,96.82,bank_indicator.csv,normal_amount_ratio,annual_direct,identity_q1_or_ytd_diff,
600000.XSHG,bank_indicator,2014-12-31,,2014,2015-03-19,concerned_amount,43014000000.0,bank_indicator.csv,concerned_amount,annual_direct,identity_q1_or_ytd_diff,
600000.XSHG,bank_indicator,2014-12-31,,2014,2015-03-19,concerned_amount_ratio,2.12,bank_indicator.csv,concerned_amount_ratio,annual_direct,identity_q1_or_ytd_diff,
600000.XSHG,bank_indicator,2014-12-31,,2014,2015-03-19,secondary_amount,11949000000.0,bank_indicator.csv,secondary_amount,annual_direct,identity_q1_or_ytd_diff,
600000.XSHG,bank_indicator,2014-12-31,,2014,2015-03-19,secondary_amount_ratio,0.59,bank_indicator.csv,secondary_amount_ratio,annual_direct,identity_q1_or_ytd_diff,
600000.XSHG,bank_indicator,2014-12-31,,2014,2015-03-19,suspicious_amount,7956000000.0,bank_indicator.csv,suspicious_amount,annual_direct,identity_q1_or_ytd_diff,
600000.XSHG,bank_indicator,2014-12-31,,2014,2015-03-19,suspicious_amount_ratio,0.39,bank_indicator.csv,suspicious_amount_ratio,annual_direct,identity_q1_or_ytd_diff,
600000.XSHG,bank_indicator,2014-12-31,,2014,2015-03-19,loss_amount,1680000000.0,bank_indicator.csv,loss_amount,annual_direct,identity_q1_or_ytd_diff,
600000.XSHG,bank_indicator,2014-12-31,,2014,2015-03-19,loss_amount_ratio,0.08,bank_indicator.csv,loss_amount_ratio,annual_direct,identity_q1_or_ytd_diff,
600000.XSHG,bank_indicator,2014-12-31,,2014,2015-03-19,short_term_loan_average_balance,,bank_indicator.csv,short_term_loan_average_balance,,identity_q1_or_ytd_diff,missing_raw_value
600000.XSHG,bank_indicator,2014-12-31,,2014,2015-03-19,short_term_loan_annualized_average_interest_rate,,bank_indicator.csv,short_term_loan_annualized_average_interest_rate,,identity_q1_or_ytd_diff,missing_raw_value
600000.XSHG,bank_indicator,2014-12-31,,2014,2015-03-19,mid_term_loan_annualized_average_balance,,bank_indicator.csv,mid_term_loan_annualized_average_balance,,identity_q1_or_ytd_diff,missing_raw_value
600000.XSHG,bank_indicator,2014-12-31,,2014,2015-03-19,mid_term_loan_annualized_average_interest_rate,,bank_indicator.csv,mid_term_loan_annualized_average_interest_rate,,identity_q1_or_ytd_diff,missing_raw_value
600000.XSHG,bank_indicator,2014-12-31,,2014,2015-03-19,enterprise_deposits_average_balance,1745694000000.0,bank_indicator.csv,enterprise_deposits_average_balance,annual_direct,identity_q1_or_ytd_diff,
600000.XSHG,bank_indicator,2014-12-31,,2014,2015-03-19,enterprise_deposits_average_interest_rate,,bank_indicator.csv,enterprise_deposits_average_interest_rate,,identity_q1_or_ytd_diff,missing_raw_value
600000.XSHG,bank_indicator,2014-12-31,,2014,2015-03-19,savings_deposit_average_balance,447404000000.0,bank_indicator.csv,savings_deposit_average_balance,annual_direct,identity_q1_or_ytd_diff,
600000.XSHG,bank_indicator,2014-12-31,,2014,2015-03-19,savings_deposit_average_interest_rate,,bank_indicator.csv,savings_deposit_average_interest_rate,,identity_q1_or_ytd_diff,missing_raw_value
600000.XSHG,bank_indicator,2015-12-31,,2015,2016-04-07,total_loan,2245518000000.0,bank_indicator.csv,total_loan,annual_direct,identity_q1_or_ytd_diff,
600000.XSHG,bank_indicator,2015-12-31,,2015,2016-04-07,total_deposit,2954149000000.0,bank_indicator.csv,total_deposit,annual_direct,identity_q1_or_ytd_diff,
600000.XSHG,bank_indicator,2015-12-31,,2015,2016-04-07,interest_earning_assets,,bank_indicator.csv,interest_earning_assets,,identity_q1_or_ytd_diff,missing_raw_value
600000.XSHG,bank_indicator,2015-12-31,,2015,2016-04-07,non_interest_earning_assets,5044352000000.0,bank_indicator.csv,non_interest_earning_assets,annual_direct,identity_q1_or_ytd_diff,
600000.XSHG,bank_indicator,2015-12-31,,2015,2016-04-07,interest_earning_assets_yield,,bank_indicator.csv,interest_earning_assets_yield,,identity_q1_or_ytd_diff,missing_raw_value
600000.XSHG,bank_indicator,2015-12-31,,2015,2016-04-07,interest_bearing_liabilities,,bank_indicator.csv,interest_bearing_liabilities,,identity_q1_or_ytd_diff,missing_raw_value
600000.XSHG,bank_indicator,2015-12-31,,2015,2016-04-07,non_interest_bearing_liabilities,4725752000000.0,bank_indicator.csv,non_interest_bearing_liabilities,annual_direct,identity_q1_or_ytd_diff,
600000.XSHG,bank_indicator,2015-12-31,,2015,2016-04-07,interest_bearing_liabilities_interest_rate,0.0,bank_indicator.csv,interest_bearing_liabilities_interest_rate,annual_direct,identity_q1_or_ytd_diff,
600000.XSHG,bank_indicator,2015-12-31,,2015,2016-04-07,non_interest_income,33541000000.0,bank_indicator.csv,non_interest_income,annual_direct,identity_q1_or_ytd_diff,
600000.XSHG,bank_indicator,2015-12-31,,2015,2016-04-07,non_interest_income_ratio,22.89,bank_indicator.csv,non_interest_income_ratio,annual_direct,identity_q1_or_ytd_diff,
600000.XSHG,bank_indicator,2015-12-31,,2015,2016-04-07,net_interest_margin,2.45,bank_indicator.csv,net_interest_margin,annual_direct,identity_q1_or_ytd_diff,
600000.XSHG,bank_indicator,2015-12-31,,2015,2016-04-07,net_profit_margin,2.26,bank_indicator.csv,net_profit_margin,annual_direct,identity_q1_or_ytd_diff,
600000.XSHG,bank_indicator,2015-12-31,,2015,2016-04-07,core_level_capital,288760000000.0,bank_indicator.csv,core_level_capital,annual_direct,identity_q1_or_ytd_diff,
600000.XSHG,bank_indicator,2015-12-31,,2015,2016-04-07,net_core_level_capital,288195000000.0,bank_indicator.csv,net_core_level_capital,annual_direct,identity_q1_or_ytd_diff,
600000.XSHG,bank_indicator,2015-12-31,,2015,2016-04-07,core_level_capital_adequacy_ratio,8.56,bank_indicator.csv,core_level_capital_adequacy_ratio,annual_direct,identity_q1_or_ytd_diff,
600000.XSHG,bank_indicator,2015-12-31,,2015,2016-04-07,net_level_1_capital,318213000000.0,bank_indicator.csv,net_level_1_capital,annual_direct,identity_q1_or_ytd_diff,
600000.XSHG,bank_indicator,2015-12-31,,2015,2016-04-07,level_1_capital_adequacy_ratio,9.45,bank_indicator.csv,level_1_capital_adequacy_ratio,annual_direct,identity_q1_or_ytd_diff,
600000.XSHG,bank_indicator,2015-12-31,,2015,2016-04-07,net_capital,413741000000.0,bank_indicator.csv,net_capital,annual_direct,identity_q1_or_ytd_diff,
600000.XSHG,bank_indicator,2015-12-31,,2015,2016-04-07,capital_adequacy_ratio,12.29,bank_indicator.csv,capital_adequacy_ratio,annual_direct,identity_q1_or_ytd_diff,
600000.XSHG,bank_indicator,2015-12-31,,2015,2016-04-07,weighted_risky_asset,3367834000000.0,bank_indicator.csv,weighted_risky_asset,annual_direct,identity_q1_or_ytd_diff,
600000.XSHG,bank_indicator,2015-12-31,,2015,2016-04-07,deposit_loan_ratio,76.0123,bank_indicator.csv,deposit_loan_ratio,annual_direct,identity_q1_or_ytd_diff,
600000.XSHG,bank_indicator,2015-12-31,,2015,2016-04-07,short_term_asset_liquidity_ratio_CNY,34.06,bank_indicator.csv,short_term_asset_liquidity_ratio_CNY,annual_direct,identity_q1_or_ytd_diff,
600000.XSHG,bank_indicator,2015-12-31,,2015,2016-04-07,short_term_asset_liquidity_ratio_FC,,bank_indicator.csv,short_term_asset_liquidity_ratio_FC,,identity_q1_or_ytd_diff,missing_raw_value
600000.XSHG,bank_indicator,2015-12-31,,2015,2016-04-07,Nonperforming_loan_rate,1.56,bank_indicator.csv,Nonperforming_loan_rate,annual_direct,identity_q1_or_ytd_diff,
600000.XSHG,bank_indicator,2015-12-31,,2015,2016-04-07,single_largest_customer_loan_ratio,1.43,bank_indicator.csv,single_largest_customer_loan_ratio,annual_direct,identity_q1_or_ytd_diff,
600000.XSHG,bank_indicator,2015-12-31,,2015,2016-04-07,top_ten_customer_loan_ratio,10.87,bank_indicator.csv,top_ten_customer_loan_ratio,annual_direct,identity_q1_or_ytd_diff,
600000.XSHG,bank_indicator,2015-12-31,,2015,2016-04-07,bad_debts_reserve,74105000000.0,bank_indicator.csv,bad_debts_reserve,annual_direct,identity_q1_or_ytd_diff,
600000.XSHG,bank_indicator,2015-12-31,,2015,2016-04-07,non_performing_loan_provision_coverage,211.4,bank_indicator.csv,non_performing_loan_provision_coverage,annual_direct,identity_q1_or_ytd_diff,
600000.XSHG,bank_indicator,2015-12-31,,2015,2016-04-07,cost_to_income_ratio,21.78,bank_indicator.csv,cost_to_income_ratio,annual_direct,identity_q1_or_ytd_diff,
600000.XSHG,bank_indicator,2015-12-31,,2015,2016-04-07,former_core_capital,,bank_indicator.csv,former_core_capital,,identity_q1_or_ytd_diff,missing_raw_value
600000.XSHG,bank_indicator,2015-12-31,,2015,2016-04-07,former_net_core_capital,,bank_indicator.csv,former_net_core_capital,,identity_q1_or_ytd_diff,missing_raw_value
600000.XSHG,bank_indicator,2015-12-31,,2015,2016-04-07,former_net_core_capital_adequacy_ratio,,bank_indicator.csv,former_net_core_capital_adequacy_ratio,,identity_q1_or_ytd_diff,missing_raw_value
600000.XSHG,bank_indicator,2015-12-31,,2015,2016-04-07,former_net_capital,,bank_indicator.csv,former_net_capital,,identity_q1_or_ytd_diff,missing_raw_value
600000.XSHG,bank_indicator,2015-12-31,,2015,2016-04-07,former_capital_adequacy_ratio,,bank_indicator.csv,former_capital_adequacy_ratio,,identity_q1_or_ytd_diff,missing_raw_value
600000.XSHG,bank_indicator,2015-12-31,,2015,2016-04-07,former_weighted_risky_asset,,bank_indicator.csv,former_weighted_risky_asset,,identity_q1_or_ytd_diff,missing_raw_value
600000.XSHG,bank_indicator,2015-12-31,,2015,2016-04-07,normal_amount,2145796000000.0,bank_indicator.csv,normal_amount,annual_direct,identity_q1_or_ytd_diff,
600000.XSHG,bank_indicator,2015-12-31,,2015,2016-04-07,normal_amount_ratio,95.56,bank_indicator.csv,normal_amount_ratio,annual_direct,identity_q1_or_ytd_diff,
600000.XSHG,bank_indicator,2015-12-31,,2015,2016-04-07,concerned_amount,64668000000.0,bank_indicator.csv,concerned_amount,annual_direct,identity_q1_or_ytd_diff,
600000.XSHG,bank_indicator,2015-12-31,,2015,2016-04-07,concerned_amount_ratio,2.88,bank_indicator.csv,concerned_amount_ratio,annual_direct,identity_q1_or_ytd_diff,
600000.XSHG,bank_indicator,2015-12-31,,2015,2016-04-07,secondary_amount,19823000000.0,bank_indicator.csv,secondary_amount,annual_direct,identity_q1_or_ytd_diff,
600000.XSHG,bank_indicator,2015-12-31,,2015,2016-04-07,secondary_amount_ratio,0.89,bank_indicator.csv,secondary_amount_ratio,annual_direct,identity_q1_or_ytd_diff,
600000.XSHG,bank_indicator,2015-12-31,,2015,2016-04-07,suspicious_amount,9542000000.0,bank_indicator.csv,suspicious_amount,annual_direct,identity_q1_or_ytd_diff,
600000.XSHG,bank_indicator,2015-12-31,,2015,2016-04-07,suspicious_amount_ratio,0.42,bank_indicator.csv,suspicious_amount_ratio,annual_direct,identity_q1_or_ytd_diff,
600000.XSHG,bank_indicator,2015-12-31,,2015,2016-04-07,loss_amount,5689000000.0,bank_indicator.csv,loss_amount,annual_direct,identity_q1_or_ytd_diff,
600000.XSHG,bank_indicator,2015-12-31,,2015,2016-04-07,loss_amount_ratio,0.25,bank_indicator.csv,loss_amount_ratio,annual_direct,identity_q1_or_ytd_diff,
600000.XSHG,bank_indicator,2015-12-31,,2015,2016-04-07,short_term_loan_average_balance,1113321000000.0,bank_indicator.csv,short_term_loan_average_balance,annual_direct,identity_q1_or_ytd_diff,
600000.XSHG,bank_indicator,2015-12-31,,2015,2016-04-07,short_term_loan_annualized_average_interest_rate,5.87,bank_indicator.csv,short_term_loan_annualized_average_interest_rate,annual_direct,identity_q1_or_ytd_diff,
600000.XSHG,bank_indicator,2015-12-31,,2015,2016-04-07,mid_term_loan_annualized_average_balance,990533000000.0,bank_indicator.csv,mid_term_loan_annualized_average_balance,annual_direct,identity_q1_or_ytd_diff,
600000.XSHG,bank_indicator,2015-12-31,,2015,2016-04-07,mid_term_loan_annualized_average_interest_rate,6.06,bank_indicator.csv,mid_term_loan_annualized_average_interest_rate,annual_direct,identity_q1_or_ytd_diff,
600000.XSHG,bank_indicator,2015-12-31,,2015,2016-04-07,enterprise_deposits_average_balance,2047800000000.0,bank_indicator.csv,enterprise_deposits_average_balance,annual_direct,identity_q1_or_ytd_diff,
600000.XSHG,bank_indicator,2015-12-31,,2015,2016-04-07,enterprise_deposits_average_interest_rate,,bank_indicator.csv,enterprise_deposits_average_interest_rate,,identity_q1_or_ytd_diff,missing_raw_value
600000.XSHG,bank_indicator,2015-12-31,,2015,2016-04-07,savings_deposit_average_balance,480267000000.0,bank_indicator.csv,savings_deposit_average_balance,annual_direct,identity_q1_or_ytd_diff,
600000.XSHG,bank_indicator,2015-12-31,,2015,2016-04-07,savings_deposit_average_interest_rate,,bank_indicator.csv,savings_deposit_average_interest_rate,,identity_q1_or_ytd_diff,missing_raw_value
600000.XSHG,bank_indicator,2016-12-31,,2016,2017-04-01,total_loan,2762806000000.0,bank_indicator.csv,total_loan,annual_direct,identity_q1_or_ytd_diff,
600000.XSHG,bank_indicator,2016-12-31,,2016,2017-04-01,total_deposit,3002015000000.0,bank_indicator.csv,total_deposit,annual_direct,identity_q1_or_ytd_diff,
600000.XSHG,bank_indicator,2016-12-31,,2016,2017-04-01,interest_earning_assets,5340698000000.0,bank_indicator.csv,interest_earning_assets,annual_direct,identity_q1_or_ytd_diff,
600000.XSHG,bank_indicator,2016-12-31,,2016,2017-04-01,non_interest_earning_assets,516565000000.0,bank_indicator.csv,non_interest_earning_assets,annual_direct,identity_q1_or_ytd_diff,
600000.XSHG,bank_indicator,2016-12-31,,2016,2017-04-01,interest_earning_assets_yield,4.02,bank_indicator.csv,interest_earning_assets_yield,annual_direct,identity_q1_or_ytd_diff,
600000.XSHG,bank_indicator,2016-12-31,,2016,2017-04-01,interest_bearing_liabilities,4991874000000.0,bank_indicator.csv,interest_bearing_liabilities,annual_direct,identity_q1_or_ytd_diff,
600000.XSHG,bank_indicator,2016-12-31,,2016,2017-04-01,non_interest_bearing_liabilities,492455000000.0,bank_indicator.csv,non_interest_bearing_liabilities,annual_direct,identity_q1_or_ytd_diff,
600000.XSHG,bank_indicator,2016-12-31,,2016,2017-04-01,interest_bearing_liabilities_interest_rate,2.14,bank_indicator.csv,interest_bearing_liabilities_interest_rate,annual_direct,identity_q1_or_ytd_diff,
600000.XSHG,bank_indicator,2016-12-31,,2016,2017-04-01,non_interest_income,52672000000.0,bank_indicator.csv,non_interest_income,annual_direct,identity_q1_or_ytd_diff,
600000.XSHG,bank_indicator,2016-12-31,,2016,2017-04-01,non_interest_income_ratio,32.76,bank_indicator.csv,non_interest_income_ratio,annual_direct,identity_q1_or_ytd_diff,
600000.XSHG,bank_indicator,2016-12-31,,2016,2017-04-01,net_interest_margin,2.03,bank_indicator.csv,net_interest_margin,annual_direct,identity_q1_or_ytd_diff,
600000.XSHG,bank_indicator,2016-12-31,,2016,2017-04-01,net_profit_margin,1.89,bank_indicator.csv,net_profit_margin,annual_direct,identity_q1_or_ytd_diff,
600000.XSHG,bank_indicator,2016-12-31,,2016,2017-04-01,core_level_capital,340728000000.0,bank_indicator.csv,core_level_capital,annual_direct,identity_q1_or_ytd_diff,
600000.XSHG,bank_indicator,2016-12-31,,2016,2017-04-01,net_core_level_capital,330696000000.0,bank_indicator.csv,net_core_level_capital,annual_direct,identity_q1_or_ytd_diff,
600000.XSHG,bank_indicator,2016-12-31,,2016,2017-04-01,core_level_capital_adequacy_ratio,8.53,bank_indicator.csv,core_level_capital_adequacy_ratio,annual_direct,identity_q1_or_ytd_diff,
600000.XSHG,bank_indicator,2016-12-31,,2016,2017-04-01,net_level_1_capital,360799000000.0,bank_indicator.csv,net_level_1_capital,annual_direct,identity_q1_or_ytd_diff,
600000.XSHG,bank_indicator,2016-12-31,,2016,2017-04-01,level_1_capital_adequacy_ratio,9.02,bank_indicator.csv,level_1_capital_adequacy_ratio,annual_direct,identity_q1_or_ytd_diff,
600000.XSHG,bank_indicator,2016-12-31,,2016,2017-04-01,net_capital,451681000000.0,bank_indicator.csv,net_capital,annual_direct,identity_q1_or_ytd_diff,
600000.XSHG,bank_indicator,2016-12-31,,2016,2017-04-01,capital_adequacy_ratio,11.37,bank_indicator.csv,capital_adequacy_ratio,annual_direct,identity_q1_or_ytd_diff,
600000.XSHG,bank_indicator,2016-12-31,,2016,2017-04-01,weighted_risky_asset,3878740000000.0,bank_indicator.csv,weighted_risky_asset,annual_direct,identity_q1_or_ytd_diff,
600000.XSHG,bank_indicator,2016-12-31,,2016,2017-04-01,deposit_loan_ratio,92.0317,bank_indicator.csv,deposit_loan_ratio,annual_direct,identity_q1_or_ytd_diff,
600000.XSHG,bank_indicator,2016-12-31,,2016,2017-04-01,short_term_asset_liquidity_ratio_CNY,37.67,bank_indicator.csv,short_term_asset_liquidity_ratio_CNY,annual_direct,identity_q1_or_ytd_diff,
600000.XSHG,bank_indicator,2016-12-31,,2016,2017-04-01,short_term_asset_liquidity_ratio_FC,,bank_indicator.csv,short_term_asset_liquidity_ratio_FC,,identity_q1_or_ytd_diff,missing_raw_value
600000.XSHG,bank_indicator,2016-12-31,,2016,2017-04-01,Nonperforming_loan_rate,1.89,bank_indicator.csv,Nonperforming_loan_rate,annual_direct,identity_q1_or_ytd_diff,
600000.XSHG,bank_indicator,2016-12-31,,2016,2017-04-01,single_largest_customer_loan_ratio,1.58,bank_indicator.csv,single_largest_customer_loan_ratio,annual_direct,identity_q1_or_ytd_diff,
600000.XSHG,bank_indicator,2016-12-31,,2016,2017-04-01,top_ten_customer_loan_ratio,10.93,bank_indicator.csv,top_ten_customer_loan_ratio,annual_direct,identity_q1_or_ytd_diff,
600000.XSHG,bank_indicator,2016-12-31,,2016,2017-04-01,bad_debts_reserve,88249000000.0,bank_indicator.csv,bad_debts_reserve,annual_direct,identity_q1_or_ytd_diff,
600000.XSHG,bank_indicator,2016-12-31,,2016,2017-04-01,non_performing_loan_provision_coverage,169.13,bank_indicator.csv,non_performing_loan_provision_coverage,annual_direct,identity_q1_or_ytd_diff,
600000.XSHG,bank_indicator,2016-12-31,,2016,2017-04-01,cost_to_income_ratio,23.16,bank_indicator.csv,cost_to_income_ratio,annual_direct,identity_q1_or_ytd_diff,
600000.XSHG,bank_indicator,2016-12-31,,2016,2017-04-01,former_core_capital,,bank_indicator.csv,former_core_capital,,identity_q1_or_ytd_diff,missing_raw_value
600000.XSHG,bank_indicator,2016-12-31,,2016,2017-04-01,former_net_core_capital,,bank_indicator.csv,former_net_core_capital,,identity_q1_or_ytd_diff,missing_raw_value
600000.XSHG,bank_indicator,2016-12-31,,2016,2017-04-01,former_net_core_capital_adequacy_ratio,,bank_indicator.csv,former_net_core_capital_adequacy_ratio,,identity_q1_or_ytd_diff,missing_raw_value
600000.XSHG,bank_indicator,2016-12-31,,2016,2017-04-01,former_net_capital,,bank_indicator.csv,former_net_capital,,identity_q1_or_ytd_diff,missing_raw_value
600000.XSHG,bank_indicator,2016-12-31,,2016,2017-04-01,former_capital_adequacy_ratio,,bank_indicator.csv,former_capital_adequacy_ratio,,identity_q1_or_ytd_diff,missing_raw_value
600000.XSHG,bank_indicator,2016-12-31,,2016,2017-04-01,former_weighted_risky_asset,,bank_indicator.csv,former_weighted_risky_asset,,identity_q1_or_ytd_diff,missing_raw_value
600000.XSHG,bank_indicator,2016-12-31,,2016,2017-04-01,normal_amount,2605124000000.0,bank_indicator.csv,normal_amount,annual_direct,identity_q1_or_ytd_diff,
600000.XSHG,bank_indicator,2016-12-31,,2016,2017-04-01,normal_amount_ratio,94.29,bank_indicator.csv,normal_amount_ratio,annual_direct,identity_q1_or_ytd_diff,
600000.XSHG,bank_indicator,2016-12-31,,2016,2017-04-01,concerned_amount,105504000000.0,bank_indicator.csv,concerned_amount,annual_direct,identity_q1_or_ytd_diff,
600000.XSHG,bank_indicator,2016-12-31,,2016,2017-04-01,concerned_amount_ratio,3.82,bank_indicator.csv,concerned_amount_ratio,annual_direct,identity_q1_or_ytd_diff,
600000.XSHG,bank_indicator,2016-12-31,,2016,2017-04-01,secondary_amount,20625000000.0,bank_indicator.csv,secondary_amount,annual_direct,identity_q1_or_ytd_diff,
600000.XSHG,bank_indicator,2016-12-31,,2016,2017-04-01,secondary_amount_ratio,0.75,bank_indicator.csv,secondary_amount_ratio,annual_direct,identity_q1_or_ytd_diff,
600000.XSHG,bank_indicator,2016-12-31,,2016,2017-04-01,suspicious_amount,15781000000.0,bank_indicator.csv,suspicious_amount,annual_direct,identity_q1_or_ytd_diff,
600000.XSHG,bank_indicator,2016-12-31,,2016,2017-04-01,suspicious_amount_ratio,0.57,bank_indicator.csv,suspicious_amount_ratio,annual_direct,identity_q1_or_ytd_diff,
600000.XSHG,bank_indicator,2016-12-31,,2016,2017-04-01,loss_amount,15772000000.0,bank_indicator.csv,loss_amount,annual_direct,identity_q1_or_ytd_diff,
600000.XSHG,bank_indicator,2016-12-31,,2016,2017-04-01,loss_amount_ratio,0.57,bank_indicator.csv,loss_amount_ratio,annual_direct,identity_q1_or_ytd_diff,
600000.XSHG,bank_indicator,2016-12-31,,2016,2017-04-01,short_term_loan_average_balance,1166830000000.0,bank_indicator.csv,short_term_loan_average_balance,annual_direct,identity_q1_or_ytd_diff,
600000.XSHG,bank_indicator,2016-12-31,,2016,2017-04-01,short_term_loan_annualized_average_interest_rate,4.92,bank_indicator.csv,short_term_loan_annualized_average_interest_rate,annual_direct,identity_q1_or_ytd_diff,
600000.XSHG,bank_indicator,2016-12-31,,2016,2017-04-01,mid_term_loan_annualized_average_balance,1229904000000.0,bank_indicator.csv,mid_term_loan_annualized_average_balance,annual_direct,identity_q1_or_ytd_diff,
600000.XSHG,bank_indicator,2016-12-31,,2016,2017-04-01,mid_term_loan_annualized_average_interest_rate,4.82,bank_indicator.csv,mid_term_loan_annualized_average_interest_rate,annual_direct,identity_q1_or_ytd_diff,
600000.XSHG,bank_indicator,2016-12-31,,2016,2017-04-01,enterprise_deposits_average_balance,,bank_indicator.csv,enterprise_deposits_average_balance,,identity_q1_or_ytd_diff,missing_raw_value
600000.XSHG,bank_indicator,2016-12-31,,2016,2017-04-01,enterprise_deposits_average_interest_rate,,bank_indicator.csv,enterprise_deposits_average_interest_rate,,identity_q1_or_ytd_diff,missing_raw_value
600000.XSHG,bank_indicator,2016-12-31,,2016,2017-04-01,savings_deposit_average_balance,,bank_indicator.csv,savings_deposit_average_balance,,identity_q1_or_ytd_diff,missing_raw_value
600000.XSHG,bank_indicator,2016-12-31,,2016,2017-04-01,savings_deposit_average_interest_rate,,bank_indicator.csv,savings_deposit_average_interest_rate,,identity_q1_or_ytd_diff,missing_raw_value
600000.XSHG,bank_indicator,2017-12-31,,2017,2018-04-28,total_loan,3194600000000.0,bank_indicator.csv,total_loan,annual_direct,identity_q1_or_ytd_diff,
600000.XSHG,bank_indicator,2017-12-31,,2017,2018-04-28,total_deposit,3037936000000.0,bank_indicator.csv,total_deposit,annual_direct,identity_q1_or_ytd_diff,
600000.XSHG,bank_indicator,2017-12-31,,2017,2018-04-28,interest_earning_assets,5746915000000.0,bank_indicator.csv,interest_earning_assets,annual_direct,identity_q1_or_ytd_diff,
600000.XSHG,bank_indicator,2017-12-31,,2017,2018-04-28,non_interest_earning_assets,390325000000.0,bank_indicator.csv,non_interest_earning_assets,annual_direct,identity_q1_or_ytd_diff,
600000.XSHG,bank_indicator,2017-12-31,,2017,2018-04-28,interest_earning_assets_yield,4.28,bank_indicator.csv,interest_earning_assets_yield,annual_direct,identity_q1_or_ytd_diff,
600000.XSHG,bank_indicator,2017-12-31,,2017,2018-04-28,interest_bearing_liabilities,5493769000000.0,bank_indicator.csv,interest_bearing_liabilities,annual_direct,identity_q1_or_ytd_diff,
600000.XSHG,bank_indicator,2017-12-31,,2017,2018-04-28,non_interest_bearing_liabilities,212486000000.0,bank_indicator.csv,non_interest_bearing_liabilities,annual_direct,identity_q1_or_ytd_diff,
600000.XSHG,bank_indicator,2017-12-31,,2017,2018-04-28,interest_bearing_liabilities_interest_rate,2.53,bank_indicator.csv,interest_bearing_liabilities_interest_rate,annual_direct,identity_q1_or_ytd_diff,
600000.XSHG,bank_indicator,2017-12-31,,2017,2018-04-28,non_interest_income,61707000000.0,bank_indicator.csv,non_interest_income,annual_direct,identity_q1_or_ytd_diff,
600000.XSHG,bank_indicator,2017-12-31,,2017,2018-04-28,non_interest_income_ratio,36.6,bank_indicator.csv,non_interest_income_ratio,annual_direct,identity_q1_or_ytd_diff,
600000.XSHG,bank_indicator,2017-12-31,,2017,2018-04-28,net_interest_margin,1.86,bank_indicator.csv,net_interest_margin,annual_direct,identity_q1_or_ytd_diff,
600000.XSHG,bank_indicator,2017-12-31,,2017,2018-04-28,net_profit_margin,1.75,bank_indicator.csv,net_profit_margin,annual_direct,identity_q1_or_ytd_diff,
600000.XSHG,bank_indicator,2017-12-31,,2017,2018-04-28,core_level_capital,398143000000.0,bank_indicator.csv,core_level_capital,annual_direct,identity_q1_or_ytd_diff,
600000.XSHG,bank_indicator,2017-12-31,,2017,2018-04-28,net_core_level_capital,388200000000.0,bank_indicator.csv,net_core_level_capital,annual_direct,identity_q1_or_ytd_diff,
600000.XSHG,bank_indicator,2017-12-31,,2017,2018-04-28,core_level_capital_adequacy_ratio,9.5,bank_indicator.csv,core_level_capital_adequacy_ratio,annual_direct,identity_q1_or_ytd_diff,
600000.XSHG,bank_indicator,2017-12-31,,2017,2018-04-28,net_level_1_capital,418425000000.0,bank_indicator.csv,net_level_1_capital,annual_direct,identity_q1_or_ytd_diff,
600000.XSHG,bank_indicator,2017-12-31,,2017,2018-04-28,level_1_capital_adequacy_ratio,10.24,bank_indicator.csv,level_1_capital_adequacy_ratio,annual_direct,identity_q1_or_ytd_diff,
600000.XSHG,bank_indicator,2017-12-31,,2017,2018-04-28,net_capital,490884000000.0,bank_indicator.csv,net_capital,annual_direct,identity_q1_or_ytd_diff,
600000.XSHG,bank_indicator,2017-12-31,,2017,2018-04-28,capital_adequacy_ratio,12.02,bank_indicator.csv,capital_adequacy_ratio,annual_direct,identity_q1_or_ytd_diff,
600000.XSHG,bank_indicator,2017-12-31,,2017,2018-04-28,weighted_risky_asset,4084499000000.0,bank_indicator.csv,weighted_risky_asset,annual_direct,identity_q1_or_ytd_diff,
600000.XSHG,bank_indicator,2017-12-31,,2017,2018-04-28,deposit_loan_ratio,105.1569,bank_indicator.csv,deposit_loan_ratio,annual_direct,identity_q1_or_ytd_diff,
600000.XSHG,bank_indicator,2017-12-31,,2017,2018-04-28,short_term_asset_liquidity_ratio_CNY,58.87,bank_indicator.csv,short_term_asset_liquidity_ratio_CNY,annual_direct,identity_q1_or_ytd_diff,
600000.XSHG,bank_indicator,2017-12-31,,2017,2018-04-28,short_term_asset_liquidity_ratio_FC,,bank_indicator.csv,short_term_asset_liquidity_ratio_FC,,identity_q1_or_ytd_diff,missing_raw_value
600000.XSHG,bank_indicator,2017-12-31,,2017,2018-04-28,Nonperforming_loan_rate,2.14,bank_indicator.csv,Nonperforming_loan_rate,annual_direct,identity_q1_or_ytd_diff,
600000.XSHG,bank_indicator,2017-12-31,,2017,2018-04-28,single_largest_customer_loan_ratio,2.13,bank_indicator.csv,single_largest_customer_loan_ratio,annual_direct,identity_q1_or_ytd_diff,
600000.XSHG,bank_indicator,2017-12-31,,2017,2018-04-28,top_ten_customer_loan_ratio,12.43,bank_indicator.csv,top_ten_customer_loan_ratio,annual_direct,identity_q1_or_ytd_diff,
600000.XSHG,bank_indicator,2017-12-31,,2017,2018-04-28,bad_debts_reserve,90747000000.0,bank_indicator.csv,bad_debts_reserve,annual_direct,identity_q1_or_ytd_diff,
600000.XSHG,bank_indicator,2017-12-31,,2017,2018-04-28,non_performing_loan_provision_coverage,132.44,bank_indicator.csv,non_performing_loan_provision_coverage,annual_direct,identity_q1_or_ytd_diff,
600000.XSHG,bank_indicator,2017-12-31,,2017,2018-04-28,cost_to_income_ratio,24.34,bank_indicator.csv,cost_to_income_ratio,annual_direct,identity_q1_or_ytd_diff,
600000.XSHG,bank_indicator,2017-12-31,,2017,2018-04-28,former_core_capital,,bank_indicator.csv,former_core_capital,,identity_q1_or_ytd_diff,missing_raw_value
600000.XSHG,bank_indicator,2017-12-31,,2017,2018-04-28,former_net_core_capital,,bank_indicator.csv,former_net_core_capital,,identity_q1_or_ytd_diff,missing_raw_value
600000.XSHG,bank_indicator,2017-12-31,,2017,2018-04-28,former_net_core_capital_adequacy_ratio,,bank_indicator.csv,former_net_core_capital_adequacy_ratio,,identity_q1_or_ytd_diff,missing_raw_value
600000.XSHG,bank_indicator,2017-12-31,,2017,2018-04-28,former_net_capital,,bank_indicator.csv,former_net_capital,,identity_q1_or_ytd_diff,missing_raw_value
600000.XSHG,bank_indicator,2017-12-31,,2017,2018-04-28,former_capital_adequacy_ratio,,bank_indicator.csv,former_capital_adequacy_ratio,,identity_q1_or_ytd_diff,missing_raw_value
600000.XSHG,bank_indicator,2017-12-31,,2017,2018-04-28,former_weighted_risky_asset,,bank_indicator.csv,former_weighted_risky_asset,,identity_q1_or_ytd_diff,missing_raw_value
600000.XSHG,bank_indicator,2017-12-31,,2017,2018-04-28,normal_amount,3021194000000.0,bank_indicator.csv,normal_amount,annual_direct,identity_q1_or_ytd_diff,
600000.XSHG,bank_indicator,2017-12-31,,2017,2018-04-28,normal_amount_ratio,94.57,bank_indicator.csv,normal_amount_ratio,annual_direct,identity_q1_or_ytd_diff,
600000.XSHG,bank_indicator,2017-12-31,,2017,2018-04-28,concerned_amount,104887000000.0,bank_indicator.csv,concerned_amount,annual_direct,identity_q1_or_ytd_diff,
600000.XSHG,bank_indicator,2017-12-31,,2017,2018-04-28,concerned_amount_ratio,3.29,bank_indicator.csv,concerned_amount_ratio,annual_direct,identity_q1_or_ytd_diff,
600000.XSHG,bank_indicator,2017-12-31,,2017,2018-04-28,secondary_amount,26076000000.0,bank_indicator.csv,secondary_amount,annual_direct,identity_q1_or_ytd_diff,
600000.XSHG,bank_indicator,2017-12-31,,2017,2018-04-28,secondary_amount_ratio,0.81,bank_indicator.csv,secondary_amount_ratio,annual_direct,identity_q1_or_ytd_diff,
600000.XSHG,bank_indicator,2017-12-31,,2017,2018-04-28,suspicious_amount,26860000000.0,bank_indicator.csv,suspicious_amount,annual_direct,identity_q1_or_ytd_diff,
600000.XSHG,bank_indicator,2017-12-31,,2017,2018-04-28,suspicious_amount_ratio,0.84,bank_indicator.csv,suspicious_amount_ratio,annual_direct,identity_q1_or_ytd_diff,
600000.XSHG,bank_indicator,2017-12-31,,2017,2018-04-28,loss_amount,15583000000.0,bank_indicator.csv,loss_amount,annual_direct,identity_q1_or_ytd_diff,
600000.XSHG,bank_indicator,2017-12-31,,2017,2018-04-28,loss_amount_ratio,0.49,bank_indicator.csv,loss_amount_ratio,annual_direct,identity_q1_or_ytd_diff,
600000.XSHG,bank_indicator,2017-12-31,,2017,2018-04-28,short_term_loan_average_balance,,bank_indicator.csv,short_term_loan_average_balance,,identity_q1_or_ytd_diff,missing_raw_value
600000.XSHG,bank_indicator,2017-12-31,,2017,2018-04-28,short_term_loan_annualized_average_interest_rate,,bank_indicator.csv,short_term_loan_annualized_average_interest_rate,,identity_q1_or_ytd_diff,missing_raw_value
600000.XSHG,bank_indicator,2017-12-31,,2017,2018-04-28,mid_term_loan_annualized_average_balance,,bank_indicator.csv,mid_term_loan_annualized_average_balance,,identity_q1_or_ytd_diff,missing_raw_value
600000.XSHG,bank_indicator,2017-12-31,,2017,2018-04-28,mid_term_loan_annualized_average_interest_rate,,bank_indicator.csv,mid_term_loan_annualized_average_interest_rate,,identity_q1_or_ytd_diff,missing_raw_value
600000.XSHG,bank_indicator,2017-12-31,,2017,2018-04-28,enterprise_deposits_average_balance,1424617000000.0,bank_indicator.csv,enterprise_deposits_average_balance,annual_direct,identity_q1_or_ytd_diff,
600000.XSHG,bank_indicator,2017-12-31,,2017,2018-04-28,enterprise_deposits_average_interest_rate,1.05,bank_indicator.csv,enterprise_deposits_average_interest_rate,annual_direct,identity_q1_or_ytd_diff,
600000.XSHG,bank_indicator,2017-12-31,,2017,2018-04-28,savings_deposit_average_balance,1429811000000.0,bank_indicator.csv,savings_deposit_average_balance,annual_direct,identity_q1_or_ytd_diff,
600000.XSHG,bank_indicator,2017-12-31,,2017,2018-04-28,savings_deposit_average_interest_rate,5.12,bank_indicator.csv,savings_deposit_average_interest_rate,annual_direct,identity_q1_or_ytd_diff,
600000.XSHG,bank_indicator,2018-12-31,,2018,2019-03-26,total_loan,3598474000000.0,bank_indicator.csv,total_loan,annual_direct,identity_q1_or_ytd_diff,
600000.XSHG,bank_indicator,2018-12-31,,2018,2019-03-26,total_deposit,3253315000000.0,bank_indicator.csv,total_deposit,annual_direct,identity_q1_or_ytd_diff,
600000.XSHG,bank_indicator,2018-12-31,,2018,2019-03-26,interest_earning_assets,5769971000000.0,bank_indicator.csv,interest_earning_assets,annual_direct,identity_q1_or_ytd_diff,
600000.XSHG,bank_indicator,2018-12-31,,2018,2019-03-26,non_interest_earning_assets,519635000000.0,bank_indicator.csv,non_interest_earning_assets,annual_direct,identity_q1_or_ytd_diff,
600000.XSHG,bank_indicator,2018-12-31,,2018,2019-03-26,interest_earning_assets_yield,4.64,bank_indicator.csv,interest_earning_assets_yield,annual_direct,identity_q1_or_ytd_diff,
600000.XSHG,bank_indicator,2018-12-31,,2018,2019-03-26,interest_bearing_liabilities,5613262000000.0,bank_indicator.csv,interest_bearing_liabilities,annual_direct,identity_q1_or_ytd_diff,
600000.XSHG,bank_indicator,2018-12-31,,2018,2019-03-26,non_interest_bearing_liabilities,197964000000.0,bank_indicator.csv,non_interest_bearing_liabilities,annual_direct,identity_q1_or_ytd_diff,
600000.XSHG,bank_indicator,2018-12-31,,2018,2019-03-26,interest_bearing_liabilities_interest_rate,2.77,bank_indicator.csv,interest_bearing_liabilities_interest_rate,annual_direct,identity_q1_or_ytd_diff,
600000.XSHG,bank_indicator,2018-12-31,,2018,2019-03-26,non_interest_income,59021000000.0,bank_indicator.csv,non_interest_income,annual_direct,identity_q1_or_ytd_diff,
600000.XSHG,bank_indicator,2018-12-31,,2018,2019-03-26,non_interest_income_ratio,34.8,bank_indicator.csv,non_interest_income_ratio,annual_direct,identity_q1_or_ytd_diff,
600000.XSHG,bank_indicator,2018-12-31,,2018,2019-03-26,net_interest_margin,2.13,bank_indicator.csv,net_interest_margin,annual_direct,identity_q1_or_ytd_diff,
600000.XSHG,bank_indicator,2018-12-31,,2018,2019-03-26,net_profit_margin,2.06,bank_indicator.csv,net_profit_margin,annual_direct,identity_q1_or_ytd_diff,
600000.XSHG,bank_indicator,2018-12-31,,2018,2019-03-26,core_level_capital,444926000000.0,bank_indicator.csv,core_level_capital,annual_direct,identity_q1_or_ytd_diff,
600000.XSHG,bank_indicator,2018-12-31,,2018,2019-03-26,net_core_level_capital,435120000000.0,bank_indicator.csv,net_core_level_capital,annual_direct,identity_q1_or_ytd_diff,
600000.XSHG,bank_indicator,2018-12-31,,2018,2019-03-26,core_level_capital_adequacy_ratio,10.09,bank_indicator.csv,core_level_capital_adequacy_ratio,annual_direct,identity_q1_or_ytd_diff,
600000.XSHG,bank_indicator,2018-12-31,,2018,2019-03-26,net_level_1_capital,465398000000.0,bank_indicator.csv,net_level_1_capital,annual_direct,identity_q1_or_ytd_diff,
600000.XSHG,bank_indicator,2018-12-31,,2018,2019-03-26,level_1_capital_adequacy_ratio,10.79,bank_indicator.csv,level_1_capital_adequacy_ratio,annual_direct,identity_q1_or_ytd_diff,
600000.XSHG,bank_indicator,2018-12-31,,2018,2019-03-26,net_capital,589308000000.0,bank_indicator.csv,net_capital,annual_direct,identity_q1_or_ytd_diff,
600000.XSHG,bank_indicator,2018-12-31,,2018,2019-03-26,capital_adequacy_ratio,13.67,bank_indicator.csv,capital_adequacy_ratio,annual_direct,identity_q1_or_ytd_diff,
600000.XSHG,bank_indicator,2018-12-31,,2018,2019-03-26,weighted_risky_asset,4311886000000.0,bank_indicator.csv,weighted_risky_asset,annual_direct,identity_q1_or_ytd_diff,
600000.XSHG,bank_indicator,2018-12-31,,2018,2019-03-26,deposit_loan_ratio,110.6095,bank_indicator.csv,deposit_loan_ratio,annual_direct,identity_q1_or_ytd_diff,
600000.XSHG,bank_indicator,2018-12-31,,2018,2019-03-26,short_term_asset_liquidity_ratio_CNY,56.05,bank_indicator.csv,short_term_asset_liquidity_ratio_CNY,annual_direct,identity_q1_or_ytd_diff,
600000.XSHG,bank_indicator,2018-12-31,,2018,2019-03-26,short_term_asset_liquidity_ratio_FC,,bank_indicator.csv,short_term_asset_liquidity_ratio_FC,,identity_q1_or_ytd_diff,missing_raw_value
600000.XSHG,bank_indicator,2018-12-31,,2018,2019-03-26,Nonperforming_loan_rate,1.9,bank_indicator.csv,Nonperforming_loan_rate,annual_direct,identity_q1_or_ytd_diff,
600000.XSHG,bank_indicator,2018-12-31,,2018,2019-03-26,single_largest_customer_loan_ratio,1.75,bank_indicator.csv,single_largest_customer_loan_ratio,annual_direct,identity_q1_or_ytd_diff,
600000.XSHG,bank_indicator,2018-12-31,,2018,2019-03-26,top_ten_customer_loan_ratio,10.18,bank_indicator.csv,top_ten_customer_loan_ratio,annual_direct,identity_q1_or_ytd_diff,
600000.XSHG,bank_indicator,2018-12-31,,2018,2019-03-26,bad_debts_reserve,105421000000.0,bank_indicator.csv,bad_debts_reserve,annual_direct,identity_q1_or_ytd_diff,
600000.XSHG,bank_indicator,2018-12-31,,2018,2019-03-26,non_performing_loan_provision_coverage,156.08,bank_indicator.csv,non_performing_loan_provision_coverage,annual_direct,identity_q1_or_ytd_diff,
600000.XSHG,bank_indicator,2018-12-31,,2018,2019-03-26,cost_to_income_ratio,24.9,bank_indicator.csv,cost_to_income_ratio,annual_direct,identity_q1_or_ytd_diff,
600000.XSHG,bank_indicator,2018-12-31,,2018,2019-03-26,former_core_capital,,bank_indicator.csv,former_core_capital,,identity_q1_or_ytd_diff,missing_raw_value
600000.XSHG,bank_indicator,2018-12-31,,2018,2019-03-26,former_net_core_capital,,bank_indicator.csv,former_net_core_capital,,identity_q1_or_ytd_diff,missing_raw_value
600000.XSHG,bank_indicator,2018-12-31,,2018,2019-03-26,former_net_core_capital_adequacy_ratio,,bank_indicator.csv,former_net_core_capital_adequacy_ratio,,identity_q1_or_ytd_diff,missing_raw_value
600000.XSHG,bank_indicator,2018-12-31,,2018,2019-03-26,former_net_capital,,bank_indicator.csv,former_net_capital,,identity_q1_or_ytd_diff,missing_raw_value
600000.XSHG,bank_indicator,2018-12-31,,2018,2019-03-26,former_capital_adequacy_ratio,,bank_indicator.csv,former_capital_adequacy_ratio,,identity_q1_or_ytd_diff,missing_raw_value
600000.XSHG,bank_indicator,2018-12-31,,2018,2019-03-26,former_weighted_risky_asset,,bank_indicator.csv,former_weighted_risky_asset,,identity_q1_or_ytd_diff,missing_raw_value
600000.XSHG,bank_indicator,2018-12-31,,2018,2019-03-26,normal_amount,3376345000000.0,bank_indicator.csv,normal_amount,annual_direct,identity_q1_or_ytd_diff,
600000.XSHG,bank_indicator,2018-12-31,,2018,2019-03-26,normal_amount_ratio,95.13,bank_indicator.csv,normal_amount_ratio,annual_direct,identity_q1_or_ytd_diff,
600000.XSHG,bank_indicator,2018-12-31,,2018,2019-03-26,concerned_amount,104717000000.0,bank_indicator.csv,concerned_amount,annual_direct,identity_q1_or_ytd_diff,
600000.XSHG,bank_indicator,2018-12-31,,2018,2019-03-26,concerned_amount_ratio,2.95,bank_indicator.csv,concerned_amount_ratio,annual_direct,identity_q1_or_ytd_diff,
600000.XSHG,bank_indicator,2018-12-31,,2018,2019-03-26,secondary_amount,27784000000.0,bank_indicator.csv,secondary_amount,annual_direct,identity_q1_or_ytd_diff,
600000.XSHG,bank_indicator,2018-12-31,,2018,2019-03-26,secondary_amount_ratio,0.78,bank_indicator.csv,secondary_amount_ratio,annual_direct,identity_q1_or_ytd_diff,
600000.XSHG,bank_indicator,2018-12-31,,2018,2019-03-26,suspicious_amount,19063000000.0,bank_indicator.csv,suspicious_amount,annual_direct,identity_q1_or_ytd_diff,
600000.XSHG,bank_indicator,2018-12-31,,2018,2019-03-26,suspicious_amount_ratio,0.54,bank_indicator.csv,suspicious_amount_ratio,annual_direct,identity_q1_or_ytd_diff,
600000.XSHG,bank_indicator,2018-12-31,,2018,2019-03-26,loss_amount,21296000000.0,bank_indicator.csv,loss_amount,annual_direct,identity_q1_or_ytd_diff,
600000.XSHG,bank_indicator,2018-12-31,,2018,2019-03-26,loss_amount_ratio,0.6,bank_indicator.csv,loss_amount_ratio,annual_direct,identity_q1_or_ytd_diff,
600000.XSHG,bank_indicator,2018-12-31,,2018,2019-03-26,short_term_loan_average_balance,,bank_indicator.csv,short_term_loan_average_balance,,identity_q1_or_ytd_diff,missing_raw_value
600000.XSHG,bank_indicator,2018-12-31,,2018,2019-03-26,short_term_loan_annualized_average_interest_rate,,bank_indicator.csv,short_term_loan_annualized_average_interest_rate,,identity_q1_or_ytd_diff,missing_raw_value
600000.XSHG,bank_indicator,2018-12-31,,2018,2019-03-26,mid_term_loan_annualized_average_balance,,bank_indicator.csv,mid_term_loan_annualized_average_balance,,identity_q1_or_ytd_diff,missing_raw_value
600000.XSHG,bank_indicator,2018-12-31,,2018,2019-03-26,mid_term_loan_annualized_average_interest_rate,,bank_indicator.csv,mid_term_loan_annualized_average_interest_rate,,identity_q1_or_ytd_diff,missing_raw_value
600000.XSHG,bank_indicator,2018-12-31,,2018,2019-03-26,enterprise_deposits_average_balance,,bank_indicator.csv,enterprise_deposits_average_balance,,identity_q1_or_ytd_diff,missing_raw_value
600000.XSHG,bank_indicator,2018-12-31,,2018,2019-03-26,enterprise_deposits_average_interest_rate,,bank_indicator.csv,enterprise_deposits_average_interest_rate,,identity_q1_or_ytd_diff,missing_raw_value
600000.XSHG,bank_indicator,2018-12-31,,2018,2019-03-26,savings_deposit_average_balance,,bank_indicator.csv,savings_deposit_average_balance,,identity_q1_or_ytd_diff,missing_raw_value
600000.XSHG,bank_indicator,2018-12-31,,2018,2019-03-26,savings_deposit_average_interest_rate,,bank_indicator.csv,savings_deposit_average_interest_rate,,identity_q1_or_ytd_diff,missing_raw_value
600000.XSHG,bank_indicator,2019-12-31,,2019,2020-04-25,total_loan,4025901000000.0,bank_indicator.csv,total_loan,annual_direct,identity_q1_or_ytd_diff,
600000.XSHG,bank_indicator,2019-12-31,,2019,2020-04-25,total_deposit,3661842000000.0,bank_indicator.csv,total_deposit,annual_direct,identity_q1_or_ytd_diff,
600000.XSHG,bank_indicator,2019-12-31,,2019,2020-04-25,interest_earning_assets,6186865000000.0,bank_indicator.csv,interest_earning_assets,annual_direct,identity_q1_or_ytd_diff,
600000.XSHG,bank_indicator,2019-12-31,,2019,2020-04-25,non_interest_earning_assets,819064000000.0,bank_indicator.csv,non_interest_earning_assets,annual_direct,identity_q1_or_ytd_diff,
600000.XSHG,bank_indicator,2019-12-31,,2019,2020-04-25,interest_earning_assets_yield,4.81,bank_indicator.csv,interest_earning_assets_yield,annual_direct,identity_q1_or_ytd_diff,
600000.XSHG,bank_indicator,2019-12-31,,2019,2020-04-25,interest_bearing_liabilities,6025301000000.0,bank_indicator.csv,interest_bearing_liabilities,annual_direct,identity_q1_or_ytd_diff,
600000.XSHG,bank_indicator,2019-12-31,,2019,2020-04-25,non_interest_bearing_liabilities,419577000000.0,bank_indicator.csv,non_interest_bearing_liabilities,annual_direct,identity_q1_or_ytd_diff,
600000.XSHG,bank_indicator,2019-12-31,,2019,2020-04-25,interest_bearing_liabilities_interest_rate,2.54,bank_indicator.csv,interest_bearing_liabilities_interest_rate,annual_direct,identity_q1_or_ytd_diff,
600000.XSHG,bank_indicator,2019-12-31,,2019,2020-04-25,non_interest_income,61838000000.0,bank_indicator.csv,non_interest_income,annual_direct,identity_q1_or_ytd_diff,
600000.XSHG,bank_indicator,2019-12-31,,2019,2020-04-25,non_interest_income_ratio,32.43,bank_indicator.csv,non_interest_income_ratio,annual_direct,identity_q1_or_ytd_diff,
600000.XSHG,bank_indicator,2019-12-31,,2019,2020-04-25,net_interest_margin,2.34,bank_indicator.csv,net_interest_margin,annual_direct,identity_q1_or_ytd_diff,
600000.XSHG,bank_indicator,2019-12-31,,2019,2020-04-25,net_profit_margin,2.27,bank_indicator.csv,net_profit_margin,annual_direct,identity_q1_or_ytd_diff,
600000.XSHG,bank_indicator,2019-12-31,,2019,2020-04-25,core_level_capital,496289000000.0,bank_indicator.csv,core_level_capital,annual_direct,identity_q1_or_ytd_diff,
600000.XSHG,bank_indicator,2019-12-31,,2019,2020-04-25,net_core_level_capital,485260000000.0,bank_indicator.csv,net_core_level_capital,annual_direct,identity_q1_or_ytd_diff,
600000.XSHG,bank_indicator,2019-12-31,,2019,2020-04-25,core_level_capital_adequacy_ratio,10.26,bank_indicator.csv,core_level_capital_adequacy_ratio,annual_direct,identity_q1_or_ytd_diff,
600000.XSHG,bank_indicator,2019-12-31,,2019,2020-04-25,net_level_1_capital,545555000000.0,bank_indicator.csv,net_level_1_capital,annual_direct,identity_q1_or_ytd_diff,
600000.XSHG,bank_indicator,2019-12-31,,2019,2020-04-25,level_1_capital_adequacy_ratio,11.53,bank_indicator.csv,level_1_capital_adequacy_ratio,annual_direct,identity_q1_or_ytd_diff,
600000.XSHG,bank_indicator,2019-12-31,,2019,2020-04-25,net_capital,655695000000.0,bank_indicator.csv,net_capital,annual_direct,identity_q1_or_ytd_diff,
600000.XSHG,bank_indicator,2019-12-31,,2019,2020-04-25,capital_adequacy_ratio,13.86,bank_indicator.csv,capital_adequacy_ratio,annual_direct,identity_q1_or_ytd_diff,
600000.XSHG,bank_indicator,2019-12-31,,2019,2020-04-25,weighted_risky_asset,4731354000000.0,bank_indicator.csv,weighted_risky_asset,annual_direct,identity_q1_or_ytd_diff,
600000.XSHG,bank_indicator,2019-12-31,,2019,2020-04-25,deposit_loan_ratio,109.942,bank_indicator.csv,deposit_loan_ratio,annual_direct,identity_q1_or_ytd_diff,
600000.XSHG,bank_indicator,2019-12-31,,2019,2020-04-25,short_term_asset_liquidity_ratio_CNY,52.18,bank_indicator.csv,short_term_asset_liquidity_ratio_CNY,annual_direct,identity_q1_or_ytd_diff,
600000.XSHG,bank_indicator,2019-12-31,,2019,2020-04-25,short_term_asset_liquidity_ratio_FC,,bank_indicator.csv,short_term_asset_liquidity_ratio_FC,,identity_q1_or_ytd_diff,missing_raw_value
600000.XSHG,bank_indicator,2019-12-31,,2019,2020-04-25,Nonperforming_loan_rate,2.03,bank_indicator.csv,Nonperforming_loan_rate,annual_direct,identity_q1_or_ytd_diff,
600000.XSHG,bank_indicator,2019-12-31,,2019,2020-04-25,single_largest_customer_loan_ratio,1.48,bank_indicator.csv,single_largest_customer_loan_ratio,annual_direct,identity_q1_or_ytd_diff,
600000.XSHG,bank_indicator,2019-12-31,,2019,2020-04-25,top_ten_customer_loan_ratio,8.6,bank_indicator.csv,top_ten_customer_loan_ratio,annual_direct,identity_q1_or_ytd_diff,
600000.XSHG,bank_indicator,2019-12-31,,2019,2020-04-25,bad_debts_reserve,110179000000.0,bank_indicator.csv,bad_debts_reserve,annual_direct,identity_q1_or_ytd_diff,
600000.XSHG,bank_indicator,2019-12-31,,2019,2020-04-25,non_performing_loan_provision_coverage,134.94,bank_indicator.csv,non_performing_loan_provision_coverage,annual_direct,identity_q1_or_ytd_diff,
600000.XSHG,bank_indicator,2019-12-31,,2019,2020-04-25,cost_to_income_ratio,22.58,bank_indicator.csv,cost_to_income_ratio,annual_direct,identity_q1_or_ytd_diff,
600000.XSHG,bank_indicator,2019-12-31,,2019,2020-04-25,former_core_capital,,bank_indicator.csv,former_core_capital,,identity_q1_or_ytd_diff,missing_raw_value
600000.XSHG,bank_indicator,2019-12-31,,2019,2020-04-25,former_net_core_capital,,bank_indicator.csv,former_net_core_capital,,identity_q1_or_ytd_diff,missing_raw_value
600000.XSHG,bank_indicator,2019-12-31,,2019,2020-04-25,former_net_core_capital_adequacy_ratio,,bank_indicator.csv,former_net_core_capital_adequacy_ratio,,identity_q1_or_ytd_diff,missing_raw_value
600000.XSHG,bank_indicator,2019-12-31,,2019,2020-04-25,former_net_capital,,bank_indicator.csv,former_net_capital,,identity_q1_or_ytd_diff,missing_raw_value
600000.XSHG,bank_indicator,2019-12-31,,2019,2020-04-25,former_capital_adequacy_ratio,,bank_indicator.csv,former_capital_adequacy_ratio,,identity_q1_or_ytd_diff,missing_raw_value
600000.XSHG,bank_indicator,2019-12-31,,2019,2020-04-25,former_weighted_risky_asset,,bank_indicator.csv,former_weighted_risky_asset,,identity_q1_or_ytd_diff,missing_raw_value
600000.XSHG,bank_indicator,2019-12-31,,2019,2020-04-25,normal_amount,3790250000000.0,bank_indicator.csv,normal_amount,annual_direct,identity_q1_or_ytd_diff,
600000.XSHG,bank_indicator,2019-12-31,,2019,2020-04-25,normal_amount_ratio,95.42,bank_indicator.csv,normal_amount_ratio,annual_direct,identity_q1_or_ytd_diff,
600000.XSHG,bank_indicator,2019-12-31,,2019,2020-04-25,concerned_amount,100483000000.0,bank_indicator.csv,concerned_amount,annual_direct,identity_q1_or_ytd_diff,
600000.XSHG,bank_indicator,2019-12-31,,2019,2020-04-25,concerned_amount_ratio,2.53,bank_indicator.csv,concerned_amount_ratio,annual_direct,identity_q1_or_ytd_diff,
600000.XSHG,bank_indicator,2019-12-31,,2019,2020-04-25,secondary_amount,39667000000.0,bank_indicator.csv,secondary_amount,annual_direct,identity_q1_or_ytd_diff,
600000.XSHG,bank_indicator,2019-12-31,,2019,2020-04-25,secondary_amount_ratio,1.0,bank_indicator.csv,secondary_amount_ratio,annual_direct,identity_q1_or_ytd_diff,
600000.XSHG,bank_indicator,2019-12-31,,2019,2020-04-25,suspicious_amount,22201000000.0,bank_indicator.csv,suspicious_amount,annual_direct,identity_q1_or_ytd_diff,
600000.XSHG,bank_indicator,2019-12-31,,2019,2020-04-25,suspicious_amount_ratio,0.56,bank_indicator.csv,suspicious_amount_ratio,annual_direct,identity_q1_or_ytd_diff,
600000.XSHG,bank_indicator,2019-12-31,,2019,2020-04-25,loss_amount,19485000000.0,bank_indicator.csv,loss_amount,annual_direct,identity_q1_or_ytd_diff,
600000.XSHG,bank_indicator,2019-12-31,,2019,2020-04-25,loss_amount_ratio,0.49,bank_indicator.csv,loss_amount_ratio,annual_direct,identity_q1_or_ytd_diff,
600000.XSHG,bank_indicator,2019-12-31,,2019,2020-04-25,short_term_loan_average_balance,,bank_indicator.csv,short_term_loan_average_balance,,identity_q1_or_ytd_diff,missing_raw_value
600000.XSHG,bank_indicator,2019-12-31,,2019,2020-04-25,short_term_loan_annualized_average_interest_rate,,bank_indicator.csv,short_term_loan_annualized_average_interest_rate,,identity_q1_or_ytd_diff,missing_raw_value
600000.XSHG,bank_indicator,2019-12-31,,2019,2020-04-25,mid_term_loan_annualized_average_balance,,bank_indicator.csv,mid_term_loan_annualized_average_balance,,identity_q1_or_ytd_diff,missing_raw_value
600000.XSHG,bank_indicator,2019-12-31,,2019,2020-04-25,mid_term_loan_annualized_average_interest_rate,,bank_indicator.csv,mid_term_loan_annualized_average_interest_rate,,identity_q1_or_ytd_diff,missing_raw_value
600000.XSHG,bank_indicator,2019-12-31,,2019,2020-04-25,enterprise_deposits_average_balance,2553591000000.0,bank_indicator.csv,enterprise_deposits_average_balance,annual_direct,identity_q1_or_ytd_diff,
600000.XSHG,bank_indicator,2019-12-31,,2019,2020-04-25,enterprise_deposits_average_interest_rate,3.99,bank_indicator.csv,enterprise_deposits_average_interest_rate,annual_direct,identity_q1_or_ytd_diff,
600000.XSHG,bank_indicator,2019-12-31,,2019,2020-04-25,savings_deposit_average_balance,776096000000.0,bank_indicator.csv,savings_deposit_average_balance,annual_direct,identity_q1_or_ytd_diff,
600000.XSHG,bank_indicator,2019-12-31,,2019,2020-04-25,savings_deposit_average_interest_rate,4.0,bank_indicator.csv,savings_deposit_average_interest_rate,annual_direct,identity_q1_or_ytd_diff,
600000.XSHG,bank_indicator,2020-12-31,,2020,2021-03-27,total_loan,4533973000000.0,bank_indicator.csv,total_loan,annual_direct,identity_q1_or_ytd_diff,
600000.XSHG,bank_indicator,2020-12-31,,2020,2021-03-27,total_deposit,4122407000000.0,bank_indicator.csv,total_deposit,annual_direct,identity_q1_or_ytd_diff,
600000.XSHG,bank_indicator,2020-12-31,,2020,2021-03-27,interest_earning_assets,6859766000000.0,bank_indicator.csv,interest_earning_assets,annual_direct,identity_q1_or_ytd_diff,
600000.XSHG,bank_indicator,2020-12-31,,2020,2021-03-27,non_interest_earning_assets,1090452000000.0,bank_indicator.csv,non_interest_earning_assets,annual_direct,identity_q1_or_ytd_diff,
600000.XSHG,bank_indicator,2020-12-31,,2020,2021-03-27,interest_earning_assets_yield,4.3,bank_indicator.csv,interest_earning_assets_yield,annual_direct,identity_q1_or_ytd_diff,
600000.XSHG,bank_indicator,2020-12-31,,2020,2021-03-27,interest_bearing_liabilities,6701999000000.0,bank_indicator.csv,interest_bearing_liabilities,annual_direct,identity_q1_or_ytd_diff,
600000.XSHG,bank_indicator,2020-12-31,,2020,2021-03-27,non_interest_bearing_liabilities,602402000000.0,bank_indicator.csv,non_interest_bearing_liabilities,annual_direct,identity_q1_or_ytd_diff,
600000.XSHG,bank_indicator,2020-12-31,,2020,2021-03-27,interest_bearing_liabilities_interest_rate,2.33,bank_indicator.csv,interest_bearing_liabilities_interest_rate,annual_direct,identity_q1_or_ytd_diff,
600000.XSHG,bank_indicator,2020-12-31,,2020,2021-03-27,non_interest_income,57803000000.0,bank_indicator.csv,non_interest_income,annual_direct,identity_q1_or_ytd_diff,
600000.XSHG,bank_indicator,2020-12-31,,2020,2021-03-27,non_interest_income_ratio,29.43,bank_indicator.csv,non_interest_income_ratio,annual_direct,identity_q1_or_ytd_diff,
600000.XSHG,bank_indicator,2020-12-31,,2020,2021-03-27,net_interest_margin,2.02,bank_indicator.csv,net_interest_margin,annual_direct,identity_q1_or_ytd_diff,
600000.XSHG,bank_indicator,2020-12-31,,2020,2021-03-27,net_profit_margin,1.97,bank_indicator.csv,net_profit_margin,annual_direct,identity_q1_or_ytd_diff,
600000.XSHG,bank_indicator,2020-12-31,,2020,2021-03-27,core_level_capital,530953000000.0,bank_indicator.csv,core_level_capital,annual_direct,identity_q1_or_ytd_diff,
600000.XSHG,bank_indicator,2020-12-31,,2020,2021-03-27,net_core_level_capital,519268000000.0,bank_indicator.csv,net_core_level_capital,annual_direct,identity_q1_or_ytd_diff,
600000.XSHG,bank_indicator,2020-12-31,,2020,2021-03-27,core_level_capital_adequacy_ratio,9.51,bank_indicator.csv,core_level_capital_adequacy_ratio,annual_direct,identity_q1_or_ytd_diff,
600000.XSHG,bank_indicator,2020-12-31,,2020,2021-03-27,net_level_1_capital,629653000000.0,bank_indicator.csv,net_level_1_capital,annual_direct,identity_q1_or_ytd_diff,
600000.XSHG,bank_indicator,2020-12-31,,2020,2021-03-27,level_1_capital_adequacy_ratio,11.54,bank_indicator.csv,level_1_capital_adequacy_ratio,annual_direct,identity_q1_or_ytd_diff,
600000.XSHG,bank_indicator,2020-12-31,,2020,2021-03-27,net_capital,798859000000.0,bank_indicator.csv,net_capital,annual_direct,identity_q1_or_ytd_diff,
600000.XSHG,bank_indicator,2020-12-31,,2020,2021-03-27,capital_adequacy_ratio,14.64,bank_indicator.csv,capital_adequacy_ratio,annual_direct,identity_q1_or_ytd_diff,
600000.XSHG,bank_indicator,2020-12-31,,2020,2021-03-27,weighted_risky_asset,5458504000000.0,bank_indicator.csv,weighted_risky_asset,annual_direct,identity_q1_or_ytd_diff,
600000.XSHG,bank_indicator,2020-12-31,,2020,2021-03-27,deposit_loan_ratio,109.9836,bank_indicator.csv,deposit_loan_ratio,annual_direct,identity_q1_or_ytd_diff,
600000.XSHG,bank_indicator,2020-12-31,,2020,2021-03-27,short_term_asset_liquidity_ratio_CNY,46.0,bank_indicator.csv,short_term_asset_liquidity_ratio_CNY,annual_direct,identity_q1_or_ytd_diff,
600000.XSHG,bank_indicator,2020-12-31,,2020,2021-03-27,short_term_asset_liquidity_ratio_FC,,bank_indicator.csv,short_term_asset_liquidity_ratio_FC,,identity_q1_or_ytd_diff,missing_raw_value
600000.XSHG,bank_indicator,2020-12-31,,2020,2021-03-27,Nonperforming_loan_rate,1.73,bank_indicator.csv,Nonperforming_loan_rate,annual_direct,identity_q1_or_ytd_diff,
600000.XSHG,bank_indicator,2020-12-31,,2020,2021-03-27,single_largest_customer_loan_ratio,1.31,bank_indicator.csv,single_largest_customer_loan_ratio,annual_direct,identity_q1_or_ytd_diff,
600000.XSHG,bank_indicator,2020-12-31,,2020,2021-03-27,top_ten_customer_loan_ratio,8.49,bank_indicator.csv,top_ten_customer_loan_ratio,annual_direct,identity_q1_or_ytd_diff,
600000.XSHG,bank_indicator,2020-12-31,,2020,2021-03-27,bad_debts_reserve,119321000000.0,bank_indicator.csv,bad_debts_reserve,annual_direct,identity_q1_or_ytd_diff,
600000.XSHG,bank_indicator,2020-12-31,,2020,2021-03-27,non_performing_loan_provision_coverage,152.77,bank_indicator.csv,non_performing_loan_provision_coverage,annual_direct,identity_q1_or_ytd_diff,
600000.XSHG,bank_indicator,2020-12-31,,2020,2021-03-27,cost_to_income_ratio,23.78,bank_indicator.csv,cost_to_income_ratio,annual_direct,identity_q1_or_ytd_diff,
600000.XSHG,bank_indicator,2020-12-31,,2020,2021-03-27,former_core_capital,,bank_indicator.csv,former_core_capital,,identity_q1_or_ytd_diff,missing_raw_value
600000.XSHG,bank_indicator,2020-12-31,,2020,2021-03-27,former_net_core_capital,,bank_indicator.csv,former_net_core_capital,,identity_q1_or_ytd_diff,missing_raw_value
600000.XSHG,bank_indicator,2020-12-31,,2020,2021-03-27,former_net_core_capital_adequacy_ratio,,bank_indicator.csv,former_net_core_capital_adequacy_ratio,,identity_q1_or_ytd_diff,missing_raw_value
600000.XSHG,bank_indicator,2020-12-31,,2020,2021-03-27,former_net_capital,,bank_indicator.csv,former_net_capital,,identity_q1_or_ytd_diff,missing_raw_value
600000.XSHG,bank_indicator,2020-12-31,,2020,2021-03-27,former_capital_adequacy_ratio,,bank_indicator.csv,former_capital_adequacy_ratio,,identity_q1_or_ytd_diff,missing_raw_value
600000.XSHG,bank_indicator,2020-12-31,,2020,2021-03-27,former_weighted_risky_asset,,bank_indicator.csv,former_weighted_risky_asset,,identity_q1_or_ytd_diff,missing_raw_value
600000.XSHG,bank_indicator,2020-12-31,,2020,2021-03-27,normal_amount,4338449000000.0,bank_indicator.csv,normal_amount,annual_direct,identity_q1_or_ytd_diff,
600000.XSHG,bank_indicator,2020-12-31,,2020,2021-03-27,normal_amount_ratio,95.69,bank_indicator.csv,normal_amount_ratio,annual_direct,identity_q1_or_ytd_diff,
600000.XSHG,bank_indicator,2020-12-31,,2020,2021-03-27,concerned_amount,117063000000.0,bank_indicator.csv,concerned_amount,annual_direct,identity_q1_or_ytd_diff,
600000.XSHG,bank_indicator,2020-12-31,,2020,2021-03-27,concerned_amount_ratio,2.58,bank_indicator.csv,concerned_amount_ratio,annual_direct,identity_q1_or_ytd_diff,
600000.XSHG,bank_indicator,2020-12-31,,2020,2021-03-27,secondary_amount,33191000000.0,bank_indicator.csv,secondary_amount,annual_direct,identity_q1_or_ytd_diff,
600000.XSHG,bank_indicator,2020-12-31,,2020,2021-03-27,secondary_amount_ratio,0.73,bank_indicator.csv,secondary_amount_ratio,annual_direct,identity_q1_or_ytd_diff,
600000.XSHG,bank_indicator,2020-12-31,,2020,2021-03-27,suspicious_amount,27480000000.0,bank_indicator.csv,suspicious_amount,annual_direct,identity_q1_or_ytd_diff,
600000.XSHG,bank_indicator,2020-12-31,,2020,2021-03-27,suspicious_amount_ratio,0.61,bank_indicator.csv,suspicious_amount_ratio,annual_direct,identity_q1_or_ytd_diff,
600000.XSHG,bank_indicator,2020-12-31,,2020,2021-03-27,loss_amount,17790000000.0,bank_indicator.csv,loss_amount,annual_direct,identity_q1_or_ytd_diff,
600000.XSHG,bank_indicator,2020-12-31,,2020,2021-03-27,loss_amount_ratio,0.39,bank_indicator.csv,loss_amount_ratio,annual_direct,identity_q1_or_ytd_diff,
600000.XSHG,bank_indicator,2020-12-31,,2020,2021-03-27,short_term_loan_average_balance,,bank_indicator.csv,short_term_loan_average_balance,,identity_q1_or_ytd_diff,missing_raw_value
600000.XSHG,bank_indicator,2020-12-31,,2020,2021-03-27,short_term_loan_annualized_average_interest_rate,,bank_indicator.csv,short_term_loan_annualized_average_interest_rate,,identity_q1_or_ytd_diff,missing_raw_value
600000.XSHG,bank_indicator,2020-12-31,,2020,2021-03-27,mid_term_loan_annualized_average_balance,,bank_indicator.csv,mid_term_loan_annualized_average_balance,,identity_q1_or_ytd_diff,missing_raw_value
600000.XSHG,bank_indicator,2020-12-31,,2020,2021-03-27,mid_term_loan_annualized_average_interest_rate,,bank_indicator.csv,mid_term_loan_annualized_average_interest_rate,,identity_q1_or_ytd_diff,missing_raw_value
600000.XSHG,bank_indicator,2020-12-31,,2020,2021-03-27,enterprise_deposits_average_balance,,bank_indicator.csv,enterprise_deposits_average_balance,,identity_q1_or_ytd_diff,missing_raw_value
600000.XSHG,bank_indicator,2020-12-31,,2020,2021-03-27,enterprise_deposits_average_interest_rate,,bank_indicator.csv,enterprise_deposits_average_interest_rate,,identity_q1_or_ytd_diff,missing_raw_value
600000.XSHG,bank_indicator,2020-12-31,,2020,2021-03-27,savings_deposit_average_balance,,bank_indicator.csv,savings_deposit_average_balance,,identity_q1_or_ytd_diff,missing_raw_value
600000.XSHG,bank_indicator,2020-12-31,,2020,2021-03-27,savings_deposit_average_interest_rate,,bank_indicator.csv,savings_deposit_average_interest_rate,,identity_q1_or_ytd_diff,missing_raw_value
600000.XSHG,bank_indicator,2021-12-31,,2021,2022-04-28,total_loan,4786040000000.0,bank_indicator.csv,total_loan,annual_direct,identity_q1_or_ytd_diff,
600000.XSHG,bank_indicator,2021-12-31,,2021,2022-04-28,total_deposit,4463608000000.0,bank_indicator.csv,total_deposit,annual_direct,identity_q1_or_ytd_diff,
600000.XSHG,bank_indicator,2021-12-31,,2021,2022-04-28,interest_earning_assets,,bank_indicator.csv,interest_earning_assets,,identity_q1_or_ytd_diff,missing_raw_value
600000.XSHG,bank_indicator,2021-12-31,,2021,2022-04-28,non_interest_earning_assets,8136757000000.0,bank_indicator.csv,non_interest_earning_assets,annual_direct,identity_q1_or_ytd_diff,
600000.XSHG,bank_indicator,2021-12-31,,2021,2022-04-28,interest_earning_assets_yield,4.06,bank_indicator.csv,interest_earning_assets_yield,annual_direct,identity_q1_or_ytd_diff,
600000.XSHG,bank_indicator,2021-12-31,,2021,2022-04-28,interest_bearing_liabilities,,bank_indicator.csv,interest_bearing_liabilities,,identity_q1_or_ytd_diff,missing_raw_value
600000.XSHG,bank_indicator,2021-12-31,,2021,2022-04-28,non_interest_bearing_liabilities,7458539000000.0,bank_indicator.csv,non_interest_bearing_liabilities,annual_direct,identity_q1_or_ytd_diff,
600000.XSHG,bank_indicator,2021-12-31,,2021,2022-04-28,interest_bearing_liabilities_interest_rate,2.29,bank_indicator.csv,interest_bearing_liabilities_interest_rate,annual_direct,identity_q1_or_ytd_diff,
600000.XSHG,bank_indicator,2021-12-31,,2021,2022-04-28,non_interest_income,55024000000.0,bank_indicator.csv,non_interest_income,annual_direct,identity_q1_or_ytd_diff,
600000.XSHG,bank_indicator,2021-12-31,,2021,2022-04-28,non_interest_income_ratio,28.81,bank_indicator.csv,non_interest_income_ratio,annual_direct,identity_q1_or_ytd_diff,
600000.XSHG,bank_indicator,2021-12-31,,2021,2022-04-28,net_interest_margin,1.83,bank_indicator.csv,net_interest_margin,annual_direct,identity_q1_or_ytd_diff,
600000.XSHG,bank_indicator,2021-12-31,,2021,2022-04-28,net_profit_margin,1.77,bank_indicator.csv,net_profit_margin,annual_direct,identity_q1_or_ytd_diff,
600000.XSHG,bank_indicator,2021-12-31,,2021,2022-04-28,core_level_capital,563849000000.0,bank_indicator.csv,core_level_capital,annual_direct,identity_q1_or_ytd_diff,
600000.XSHG,bank_indicator,2021-12-31,,2021,2022-04-28,net_core_level_capital,548486000000.0,bank_indicator.csv,net_core_level_capital,annual_direct,identity_q1_or_ytd_diff,
600000.XSHG,bank_indicator,2021-12-31,,2021,2022-04-28,core_level_capital_adequacy_ratio,9.4,bank_indicator.csv,core_level_capital_adequacy_ratio,annual_direct,identity_q1_or_ytd_diff,
600000.XSHG,bank_indicator,2021-12-31,,2021,2022-04-28,net_level_1_capital,658929000000.0,bank_indicator.csv,net_level_1_capital,annual_direct,identity_q1_or_ytd_diff,
600000.XSHG,bank_indicator,2021-12-31,,2021,2022-04-28,level_1_capital_adequacy_ratio,11.29,bank_indicator.csv,level_1_capital_adequacy_ratio,annual_direct,identity_q1_or_ytd_diff,
600000.XSHG,bank_indicator,2021-12-31,,2021,2022-04-28,net_capital,817715000000.0,bank_indicator.csv,net_capital,annual_direct,identity_q1_or_ytd_diff,
600000.XSHG,bank_indicator,2021-12-31,,2021,2022-04-28,capital_adequacy_ratio,14.01,bank_indicator.csv,capital_adequacy_ratio,annual_direct,identity_q1_or_ytd_diff,
600000.XSHG,bank_indicator,2021-12-31,,2021,2022-04-28,weighted_risky_asset,5835947000000.0,bank_indicator.csv,weighted_risky_asset,annual_direct,identity_q1_or_ytd_diff,
600000.XSHG,bank_indicator,2021-12-31,,2021,2022-04-28,deposit_loan_ratio,107.2236,bank_indicator.csv,deposit_loan_ratio,annual_direct,identity_q1_or_ytd_diff,
600000.XSHG,bank_indicator,2021-12-31,,2021,2022-04-28,short_term_asset_liquidity_ratio_CNY,49.94,bank_indicator.csv,short_term_asset_liquidity_ratio_CNY,annual_direct,identity_q1_or_ytd_diff,
600000.XSHG,bank_indicator,2021-12-31,,2021,2022-04-28,short_term_asset_liquidity_ratio_FC,,bank_indicator.csv,short_term_asset_liquidity_ratio_FC,,identity_q1_or_ytd_diff,missing_raw_value
600000.XSHG,bank_indicator,2021-12-31,,2021,2022-04-28,Nonperforming_loan_rate,1.61,bank_indicator.csv,Nonperforming_loan_rate,annual_direct,identity_q1_or_ytd_diff,
600000.XSHG,bank_indicator,2021-12-31,,2021,2022-04-28,single_largest_customer_loan_ratio,1.69,bank_indicator.csv,single_largest_customer_loan_ratio,annual_direct,identity_q1_or_ytd_diff,
600000.XSHG,bank_indicator,2021-12-31,,2021,2022-04-28,top_ten_customer_loan_ratio,11.47,bank_indicator.csv,top_ten_customer_loan_ratio,annual_direct,identity_q1_or_ytd_diff,
600000.XSHG,bank_indicator,2021-12-31,,2021,2022-04-28,bad_debts_reserve,110343000000.0,bank_indicator.csv,bad_debts_reserve,annual_direct,identity_q1_or_ytd_diff,
600000.XSHG,bank_indicator,2021-12-31,,2021,2022-04-28,non_performing_loan_provision_coverage,143.96,bank_indicator.csv,non_performing_loan_provision_coverage,annual_direct,identity_q1_or_ytd_diff,
600000.XSHG,bank_indicator,2021-12-31,,2021,2022-04-28,cost_to_income_ratio,26.17,bank_indicator.csv,cost_to_income_ratio,annual_direct,identity_q1_or_ytd_diff,
600000.XSHG,bank_indicator,2021-12-31,,2021,2022-04-28,former_core_capital,,bank_indicator.csv,former_core_capital,,identity_q1_or_ytd_diff,missing_raw_value
600000.XSHG,bank_indicator,2021-12-31,,2021,2022-04-28,former_net_core_capital,,bank_indicator.csv,former_net_core_capital,,identity_q1_or_ytd_diff,missing_raw_value
600000.XSHG,bank_indicator,2021-12-31,,2021,2022-04-28,former_net_core_capital_adequacy_ratio,,bank_indicator.csv,former_net_core_capital_adequacy_ratio,,identity_q1_or_ytd_diff,missing_raw_value
600000.XSHG,bank_indicator,2021-12-31,,2021,2022-04-28,former_net_capital,,bank_indicator.csv,former_net_capital,,identity_q1_or_ytd_diff,missing_raw_value
600000.XSHG,bank_indicator,2021-12-31,,2021,2022-04-28,former_capital_adequacy_ratio,,bank_indicator.csv,former_capital_adequacy_ratio,,identity_q1_or_ytd_diff,missing_raw_value
600000.XSHG,bank_indicator,2021-12-31,,2021,2022-04-28,former_weighted_risky_asset,,bank_indicator.csv,former_weighted_risky_asset,,identity_q1_or_ytd_diff,missing_raw_value
600000.XSHG,bank_indicator,2021-12-31,,2021,2022-04-28,normal_amount,4605516000000.0,bank_indicator.csv,normal_amount,annual_direct,identity_q1_or_ytd_diff,
600000.XSHG,bank_indicator,2021-12-31,,2021,2022-04-28,normal_amount_ratio,96.22,bank_indicator.csv,normal_amount_ratio,annual_direct,identity_q1_or_ytd_diff,
600000.XSHG,bank_indicator,2021-12-31,,2021,2022-04-28,concerned_amount,103695000000.0,bank_indicator.csv,concerned_amount,annual_direct,identity_q1_or_ytd_diff,
600000.XSHG,bank_indicator,2021-12-31,,2021,2022-04-28,concerned_amount_ratio,2.17,bank_indicator.csv,concerned_amount_ratio,annual_direct,identity_q1_or_ytd_diff,
600000.XSHG,bank_indicator,2021-12-31,,2021,2022-04-28,secondary_amount,35937000000.0,bank_indicator.csv,secondary_amount,annual_direct,identity_q1_or_ytd_diff,
600000.XSHG,bank_indicator,2021-12-31,,2021,2022-04-28,secondary_amount_ratio,0.75,bank_indicator.csv,secondary_amount_ratio,annual_direct,identity_q1_or_ytd_diff,
600000.XSHG,bank_indicator,2021-12-31,,2021,2022-04-28,suspicious_amount,23222000000.0,bank_indicator.csv,suspicious_amount,annual_direct,identity_q1_or_ytd_diff,
600000.XSHG,bank_indicator,2021-12-31,,2021,2022-04-28,suspicious_amount_ratio,0.49,bank_indicator.csv,suspicious_amount_ratio,annual_direct,identity_q1_or_ytd_diff,
600000.XSHG,bank_indicator,2021-12-31,,2021,2022-04-28,loss_amount,17670000000.0,bank_indicator.csv,loss_amount,annual_direct,identity_q1_or_ytd_diff,
600000.XSHG,bank_indicator,2021-12-31,,2021,2022-04-28,loss_amount_ratio,0.37,bank_indicator.csv,loss_amount_ratio,annual_direct,identity_q1_or_ytd_diff,
600000.XSHG,bank_indicator,2021-12-31,,2021,2022-04-28,short_term_loan_average_balance,,bank_indicator.csv,short_term_loan_average_balance,,identity_q1_or_ytd_diff,missing_raw_value
600000.XSHG,bank_indicator,2021-12-31,,2021,2022-04-28,short_term_loan_annualized_average_interest_rate,,bank_indicator.csv,short_term_loan_annualized_average_interest_rate,,identity_q1_or_ytd_diff,missing_raw_value
600000.XSHG,bank_indicator,2021-12-31,,2021,2022-04-28,mid_term_loan_annualized_average_balance,,bank_indicator.csv,mid_term_loan_annualized_average_balance,,identity_q1_or_ytd_diff,missing_raw_value
600000.XSHG,bank_indicator,2021-12-31,,2021,2022-04-28,mid_term_loan_annualized_average_interest_rate,,bank_indicator.csv,mid_term_loan_annualized_average_interest_rate,,identity_q1_or_ytd_diff,missing_raw_value
600000.XSHG,bank_indicator,2021-12-31,,2021,2022-04-28,enterprise_deposits_average_balance,3235034000000.0,bank_indicator.csv,enterprise_deposits_average_balance,annual_direct,identity_q1_or_ytd_diff,
600000.XSHG,bank_indicator,2021-12-31,,2021,2022-04-28,enterprise_deposits_average_interest_rate,,bank_indicator.csv,enterprise_deposits_average_interest_rate,,identity_q1_or_ytd_diff,missing_raw_value
600000.XSHG,bank_indicator,2021-12-31,,2021,2022-04-28,savings_deposit_average_balance,981370000000.0,bank_indicator.csv,savings_deposit_average_balance,annual_direct,identity_q1_or_ytd_diff,
600000.XSHG,bank_indicator,2021-12-31,,2021,2022-04-28,savings_deposit_average_interest_rate,,bank_indicator.csv,savings_deposit_average_interest_rate,,identity_q1_or_ytd_diff,missing_raw_value
600000.XSHG,bank_indicator,2022-12-31,,2022,2023-04-19,total_loan,4900662000000.0,bank_indicator.csv,total_loan,annual_direct,identity_q1_or_ytd_diff,
600000.XSHG,bank_indicator,2022-12-31,,2022,2023-04-19,total_deposit,4893812000000.0,bank_indicator.csv,total_deposit,annual_direct,identity_q1_or_ytd_diff,
600000.XSHG,bank_indicator,2022-12-31,,2022,2023-04-19,interest_earning_assets,7572982000000.0,bank_indicator.csv,interest_earning_assets,annual_direct,identity_q1_or_ytd_diff,
600000.XSHG,bank_indicator,2022-12-31,,2022,2023-04-19,non_interest_earning_assets,1131669000000.0,bank_indicator.csv,non_interest_earning_assets,annual_direct,identity_q1_or_ytd_diff,
600000.XSHG,bank_indicator,2022-12-31,,2022,2023-04-19,interest_earning_assets_yield,3.96,bank_indicator.csv,interest_earning_assets_yield,annual_direct,identity_q1_or_ytd_diff,
600000.XSHG,bank_indicator,2022-12-31,,2022,2023-04-19,interest_bearing_liabilities,7395544000000.0,bank_indicator.csv,interest_bearing_liabilities,annual_direct,identity_q1_or_ytd_diff,
600000.XSHG,bank_indicator,2022-12-31,,2022,2023-04-19,non_interest_bearing_liabilities,602332000000.0,bank_indicator.csv,non_interest_bearing_liabilities,annual_direct,identity_q1_or_ytd_diff,
600000.XSHG,bank_indicator,2022-12-31,,2022,2023-04-19,interest_bearing_liabilities_interest_rate,2.24,bank_indicator.csv,interest_bearing_liabilities_interest_rate,annual_direct,identity_q1_or_ytd_diff,
600000.XSHG,bank_indicator,2022-12-31,,2022,2023-04-19,non_interest_income,54953000000.0,bank_indicator.csv,non_interest_income,annual_direct,identity_q1_or_ytd_diff,
600000.XSHG,bank_indicator,2022-12-31,,2022,2023-04-19,non_interest_income_ratio,29.1339,bank_indicator.csv,non_interest_income_ratio,annual_direct,identity_q1_or_ytd_diff,
600000.XSHG,bank_indicator,2022-12-31,,2022,2023-04-19,net_interest_margin,1.77,bank_indicator.csv,net_interest_margin,annual_direct,identity_q1_or_ytd_diff,
600000.XSHG,bank_indicator,2022-12-31,,2022,2023-04-19,net_profit_margin,1.72,bank_indicator.csv,net_profit_margin,annual_direct,identity_q1_or_ytd_diff,
600000.XSHG,bank_indicator,2022-12-31,,2022,2023-04-19,core_level_capital,590209000000.0,bank_indicator.csv,core_level_capital,annual_direct,identity_q1_or_ytd_diff,
600000.XSHG,bank_indicator,2022-12-31,,2022,2023-04-19,net_core_level_capital,568299000000.0,bank_indicator.csv,net_core_level_capital,annual_direct,identity_q1_or_ytd_diff,
600000.XSHG,bank_indicator,2022-12-31,,2022,2023-04-19,core_level_capital_adequacy_ratio,9.19,bank_indicator.csv,core_level_capital_adequacy_ratio,annual_direct,identity_q1_or_ytd_diff,
600000.XSHG,bank_indicator,2022-12-31,,2022,2023-04-19,net_level_1_capital,678802000000.0,bank_indicator.csv,net_level_1_capital,annual_direct,identity_q1_or_ytd_diff,
600000.XSHG,bank_indicator,2022-12-31,,2022,2023-04-19,level_1_capital_adequacy_ratio,10.98,bank_indicator.csv,level_1_capital_adequacy_ratio,annual_direct,identity_q1_or_ytd_diff,
600000.XSHG,bank_indicator,2022-12-31,,2022,2023-04-19,net_capital,843761000000.0,bank_indicator.csv,net_capital,annual_direct,identity_q1_or_ytd_diff,
600000.XSHG,bank_indicator,2022-12-31,,2022,2023-04-19,capital_adequacy_ratio,13.65,bank_indicator.csv,capital_adequacy_ratio,annual_direct,identity_q1_or_ytd_diff,
600000.XSHG,bank_indicator,2022-12-31,,2022,2023-04-19,weighted_risky_asset,6182036000000.0,bank_indicator.csv,weighted_risky_asset,annual_direct,identity_q1_or_ytd_diff,
600000.XSHG,bank_indicator,2022-12-31,,2022,2023-04-19,deposit_loan_ratio,100.14,bank_indicator.csv,deposit_loan_ratio,annual_direct,identity_q1_or_ytd_diff,
600000.XSHG,bank_indicator,2022-12-31,,2022,2023-04-19,short_term_asset_liquidity_ratio_CNY,50.67,bank_indicator.csv,short_term_asset_liquidity_ratio_CNY,annual_direct,identity_q1_or_ytd_diff,
600000.XSHG,bank_indicator,2022-12-31,,2022,2023-04-19,short_term_asset_liquidity_ratio_FC,,bank_indicator.csv,short_term_asset_liquidity_ratio_FC,,identity_q1_or_ytd_diff,missing_raw_value
600000.XSHG,bank_indicator,2022-12-31,,2022,2023-04-19,Nonperforming_loan_rate,1.52,bank_indicator.csv,Nonperforming_loan_rate,annual_direct,identity_q1_or_ytd_diff,
600000.XSHG,bank_indicator,2022-12-31,,2022,2023-04-19,single_largest_customer_loan_ratio,2.54,bank_indicator.csv,single_largest_customer_loan_ratio,annual_direct,identity_q1_or_ytd_diff,
600000.XSHG,bank_indicator,2022-12-31,,2022,2023-04-19,top_ten_customer_loan_ratio,12.76,bank_indicator.csv,top_ten_customer_loan_ratio,annual_direct,identity_q1_or_ytd_diff,
600000.XSHG,bank_indicator,2022-12-31,,2022,2023-04-19,bad_debts_reserve,118083000000.0,bank_indicator.csv,bad_debts_reserve,annual_direct,identity_q1_or_ytd_diff,
600000.XSHG,bank_indicator,2022-12-31,,2022,2023-04-19,non_performing_loan_provision_coverage,159.04,bank_indicator.csv,non_performing_loan_provision_coverage,annual_direct,identity_q1_or_ytd_diff,
600000.XSHG,bank_indicator,2022-12-31,,2022,2023-04-19,cost_to_income_ratio,27.89,bank_indicator.csv,cost_to_income_ratio,annual_direct,identity_q1_or_ytd_diff,
600000.XSHG,bank_indicator,2022-12-31,,2022,2023-04-19,former_core_capital,,bank_indicator.csv,former_core_capital,,identity_q1_or_ytd_diff,missing_raw_value
600000.XSHG,bank_indicator,2022-12-31,,2022,2023-04-19,former_net_core_capital,,bank_indicator.csv,former_net_core_capital,,identity_q1_or_ytd_diff,missing_raw_value
600000.XSHG,bank_indicator,2022-12-31,,2022,2023-04-19,former_net_core_capital_adequacy_ratio,,bank_indicator.csv,former_net_core_capital_adequacy_ratio,,identity_q1_or_ytd_diff,missing_raw_value
600000.XSHG,bank_indicator,2022-12-31,,2022,2023-04-19,former_net_capital,,bank_indicator.csv,former_net_capital,,identity_q1_or_ytd_diff,missing_raw_value
600000.XSHG,bank_indicator,2022-12-31,,2022,2023-04-19,former_capital_adequacy_ratio,,bank_indicator.csv,former_capital_adequacy_ratio,,identity_q1_or_ytd_diff,missing_raw_value
600000.XSHG,bank_indicator,2022-12-31,,2022,2023-04-19,former_weighted_risky_asset,,bank_indicator.csv,former_weighted_risky_asset,,identity_q1_or_ytd_diff,missing_raw_value
600000.XSHG,bank_indicator,2022-12-31,,2022,2023-04-19,normal_amount,4718603000000.0,bank_indicator.csv,normal_amount,annual_direct,identity_q1_or_ytd_diff,
600000.XSHG,bank_indicator,2022-12-31,,2022,2023-04-19,normal_amount_ratio,96.29,bank_indicator.csv,normal_amount_ratio,annual_direct,identity_q1_or_ytd_diff,
600000.XSHG,bank_indicator,2022-12-31,,2022,2023-04-19,concerned_amount,107440000000.0,bank_indicator.csv,concerned_amount,annual_direct,identity_q1_or_ytd_diff,
600000.XSHG,bank_indicator,2022-12-31,,2022,2023-04-19,concerned_amount_ratio,2.19,bank_indicator.csv,concerned_amount_ratio,annual_direct,identity_q1_or_ytd_diff,
600000.XSHG,bank_indicator,2022-12-31,,2022,2023-04-19,secondary_amount,34688000000.0,bank_indicator.csv,secondary_amount,annual_direct,identity_q1_or_ytd_diff,
600000.XSHG,bank_indicator,2022-12-31,,2022,2023-04-19,secondary_amount_ratio,0.71,bank_indicator.csv,secondary_amount_ratio,annual_direct,identity_q1_or_ytd_diff,
600000.XSHG,bank_indicator,2022-12-31,,2022,2023-04-19,suspicious_amount,25813000000.0,bank_indicator.csv,suspicious_amount,annual_direct,identity_q1_or_ytd_diff,
600000.XSHG,bank_indicator,2022-12-31,,2022,2023-04-19,suspicious_amount_ratio,0.52,bank_indicator.csv,suspicious_amount_ratio,annual_direct,identity_q1_or_ytd_diff,
600000.XSHG,bank_indicator,2022-12-31,,2022,2023-04-19,loss_amount,14118000000.0,bank_indicator.csv,loss_amount,annual_direct,identity_q1_or_ytd_diff,
600000.XSHG,bank_indicator,2022-12-31,,2022,2023-04-19,loss_amount_ratio,0.29,bank_indicator.csv,loss_amount_ratio,annual_direct,identity_q1_or_ytd_diff,
600000.XSHG,bank_indicator,2022-12-31,,2022,2023-04-19,short_term_loan_average_balance,,bank_indicator.csv,short_term_loan_average_balance,,identity_q1_or_ytd_diff,missing_raw_value
600000.XSHG,bank_indicator,2022-12-31,,2022,2023-04-19,short_term_loan_annualized_average_interest_rate,,bank_indicator.csv,short_term_loan_annualized_average_interest_rate,,identity_q1_or_ytd_diff,missing_raw_value
600000.XSHG,bank_indicator,2022-12-31,,2022,2023-04-19,mid_term_loan_annualized_average_balance,,bank_indicator.csv,mid_term_loan_annualized_average_balance,,identity_q1_or_ytd_diff,missing_raw_value
600000.XSHG,bank_indicator,2022-12-31,,2022,2023-04-19,mid_term_loan_annualized_average_interest_rate,,bank_indicator.csv,mid_term_loan_annualized_average_interest_rate,,identity_q1_or_ytd_diff,missing_raw_value
600000.XSHG,bank_indicator,2022-12-31,,2022,2023-04-19,enterprise_deposits_average_balance,3494069000000.0,bank_indicator.csv,enterprise_deposits_average_balance,annual_direct,identity_q1_or_ytd_diff,
600000.XSHG,bank_indicator,2022-12-31,,2022,2023-04-19,enterprise_deposits_average_interest_rate,,bank_indicator.csv,enterprise_deposits_average_interest_rate,,identity_q1_or_ytd_diff,missing_raw_value
600000.XSHG,bank_indicator,2022-12-31,,2022,2023-04-19,savings_deposit_average_balance,1116721000000.0,bank_indicator.csv,savings_deposit_average_balance,annual_direct,identity_q1_or_ytd_diff,
600000.XSHG,bank_indicator,2022-12-31,,2022,2023-04-19,savings_deposit_average_interest_rate,,bank_indicator.csv,savings_deposit_average_interest_rate,,identity_q1_or_ytd_diff,missing_raw_value
600000.XSHG,bank_indicator,2023-12-31,,2023,2024-04-30,total_loan,5017754000000.0,bank_indicator.csv,total_loan,annual_direct,identity_q1_or_ytd_diff,
600000.XSHG,bank_indicator,2023-12-31,,2023,2024-04-30,total_deposit,4984630000000.0,bank_indicator.csv,total_deposit,annual_direct,identity_q1_or_ytd_diff,
600000.XSHG,bank_indicator,2023-12-31,,2023,2024-04-30,interest_earning_assets,7787347000000.0,bank_indicator.csv,interest_earning_assets,annual_direct,identity_q1_or_ytd_diff,
600000.XSHG,bank_indicator,2023-12-31,,2023,2024-04-30,non_interest_earning_assets,1219900000000.0,bank_indicator.csv,non_interest_earning_assets,annual_direct,identity_q1_or_ytd_diff,
600000.XSHG,bank_indicator,2023-12-31,,2023,2024-04-30,interest_earning_assets_yield,3.82,bank_indicator.csv,interest_earning_assets_yield,annual_direct,identity_q1_or_ytd_diff,
600000.XSHG,bank_indicator,2023-12-31,,2023,2024-04-30,interest_bearing_liabilities,7691213000000.0,bank_indicator.csv,interest_bearing_liabilities,annual_direct,identity_q1_or_ytd_diff,
600000.XSHG,bank_indicator,2023-12-31,,2023,2024-04-30,non_interest_bearing_liabilities,583150000000.0,bank_indicator.csv,non_interest_bearing_liabilities,annual_direct,identity_q1_or_ytd_diff,
600000.XSHG,bank_indicator,2023-12-31,,2023,2024-04-30,interest_bearing_liabilities_interest_rate,2.33,bank_indicator.csv,interest_bearing_liabilities_interest_rate,annual_direct,identity_q1_or_ytd_diff,
600000.XSHG,bank_indicator,2023-12-31,,2023,2024-04-30,non_interest_income,54999000000.0,bank_indicator.csv,non_interest_income,annual_direct,identity_q1_or_ytd_diff,
600000.XSHG,bank_indicator,2023-12-31,,2023,2024-04-30,non_interest_income_ratio,31.7118,bank_indicator.csv,non_interest_income_ratio,annual_direct,identity_q1_or_ytd_diff,
600000.XSHG,bank_indicator,2023-12-31,,2023,2024-04-30,net_interest_margin,1.52,bank_indicator.csv,net_interest_margin,annual_direct,identity_q1_or_ytd_diff,
600000.XSHG,bank_indicator,2023-12-31,,2023,2024-04-30,net_profit_margin,1.49,bank_indicator.csv,net_profit_margin,annual_direct,identity_q1_or_ytd_diff,
600000.XSHG,bank_indicator,2023-12-31,,2023,2024-04-30,core_level_capital,617628000000.0,bank_indicator.csv,core_level_capital,annual_direct,identity_q1_or_ytd_diff,
600000.XSHG,bank_indicator,2023-12-31,,2023,2024-04-30,net_core_level_capital,597925000000.0,bank_indicator.csv,net_core_level_capital,annual_direct,identity_q1_or_ytd_diff,
600000.XSHG,bank_indicator,2023-12-31,,2023,2024-04-30,core_level_capital_adequacy_ratio,8.97,bank_indicator.csv,core_level_capital_adequacy_ratio,annual_direct,identity_q1_or_ytd_diff,
600000.XSHG,bank_indicator,2023-12-31,,2023,2024-04-30,net_level_1_capital,708482000000.0,bank_indicator.csv,net_level_1_capital,annual_direct,identity_q1_or_ytd_diff,
600000.XSHG,bank_indicator,2023-12-31,,2023,2024-04-30,level_1_capital_adequacy_ratio,10.63,bank_indicator.csv,level_1_capital_adequacy_ratio,annual_direct,identity_q1_or_ytd_diff,
600000.XSHG,bank_indicator,2023-12-31,,2023,2024-04-30,net_capital,844452000000.0,bank_indicator.csv,net_capital,annual_direct,identity_q1_or_ytd_diff,
600000.XSHG,bank_indicator,2023-12-31,,2023,2024-04-30,capital_adequacy_ratio,12.67,bank_indicator.csv,capital_adequacy_ratio,annual_direct,identity_q1_or_ytd_diff,
600000.XSHG,bank_indicator,2023-12-31,,2023,2024-04-30,weighted_risky_asset,6667213000000.0,bank_indicator.csv,weighted_risky_asset,annual_direct,identity_q1_or_ytd_diff,
600000.XSHG,bank_indicator,2023-12-31,,2023,2024-04-30,deposit_loan_ratio,100.6645,bank_indicator.csv,deposit_loan_ratio,annual_direct,identity_q1_or_ytd_diff,
600000.XSHG,bank_indicator,2023-12-31,,2023,2024-04-30,short_term_asset_liquidity_ratio_CNY,50.62,bank_indicator.csv,short_term_asset_liquidity_ratio_CNY,annual_direct,identity_q1_or_ytd_diff,
600000.XSHG,bank_indicator,2023-12-31,,2023,2024-04-30,short_term_asset_liquidity_ratio_FC,,bank_indicator.csv,short_term_asset_liquidity_ratio_FC,,identity_q1_or_ytd_diff,missing_raw_value
600000.XSHG,bank_indicator,2023-12-31,,2023,2024-04-30,Nonperforming_loan_rate,1.48,bank_indicator.csv,Nonperforming_loan_rate,annual_direct,identity_q1_or_ytd_diff,
600000.XSHG,bank_indicator,2023-12-31,,2023,2024-04-30,single_largest_customer_loan_ratio,3.05,bank_indicator.csv,single_largest_customer_loan_ratio,annual_direct,identity_q1_or_ytd_diff,
600000.XSHG,bank_indicator,2023-12-31,,2023,2024-04-30,top_ten_customer_loan_ratio,14.71,bank_indicator.csv,top_ten_customer_loan_ratio,annual_direct,identity_q1_or_ytd_diff,
600000.XSHG,bank_indicator,2023-12-31,,2023,2024-04-30,bad_debts_reserve,128424000000.0,bank_indicator.csv,bad_debts_reserve,annual_direct,identity_q1_or_ytd_diff,
600000.XSHG,bank_indicator,2023-12-31,,2023,2024-04-30,non_performing_loan_provision_coverage,173.51,bank_indicator.csv,non_performing_loan_provision_coverage,annual_direct,identity_q1_or_ytd_diff,
600000.XSHG,bank_indicator,2023-12-31,,2023,2024-04-30,cost_to_income_ratio,29.65,bank_indicator.csv,cost_to_income_ratio,annual_direct,identity_q1_or_ytd_diff,
600000.XSHG,bank_indicator,2023-12-31,,2023,2024-04-30,former_core_capital,,bank_indicator.csv,former_core_capital,,identity_q1_or_ytd_diff,missing_raw_value
600000.XSHG,bank_indicator,2023-12-31,,2023,2024-04-30,former_net_core_capital,,bank_indicator.csv,former_net_core_capital,,identity_q1_or_ytd_diff,missing_raw_value
600000.XSHG,bank_indicator,2023-12-31,,2023,2024-04-30,former_net_core_capital_adequacy_ratio,,bank_indicator.csv,former_net_core_capital_adequacy_ratio,,identity_q1_or_ytd_diff,missing_raw_value
600000.XSHG,bank_indicator,2023-12-31,,2023,2024-04-30,former_net_capital,,bank_indicator.csv,former_net_capital,,identity_q1_or_ytd_diff,missing_raw_value
600000.XSHG,bank_indicator,2023-12-31,,2023,2024-04-30,former_capital_adequacy_ratio,,bank_indicator.csv,former_capital_adequacy_ratio,,identity_q1_or_ytd_diff,missing_raw_value
600000.XSHG,bank_indicator,2023-12-31,,2023,2024-04-30,former_weighted_risky_asset,,bank_indicator.csv,former_weighted_risky_asset,,identity_q1_or_ytd_diff,missing_raw_value
600000.XSHG,bank_indicator,2023-12-31,,2023,2024-04-30,normal_amount,4826437000000.0,bank_indicator.csv,normal_amount,annual_direct,identity_q1_or_ytd_diff,
600000.XSHG,bank_indicator,2023-12-31,,2023,2024-04-30,normal_amount_ratio,96.19,bank_indicator.csv,normal_amount_ratio,annual_direct,identity_q1_or_ytd_diff,
600000.XSHG,bank_indicator,2023-12-31,,2023,2024-04-30,concerned_amount,117119000000.0,bank_indicator.csv,concerned_amount,annual_direct,identity_q1_or_ytd_diff,
600000.XSHG,bank_indicator,2023-12-31,,2023,2024-04-30,concerned_amount_ratio,2.33,bank_indicator.csv,concerned_amount_ratio,annual_direct,identity_q1_or_ytd_diff,
600000.XSHG,bank_indicator,2023-12-31,,2023,2024-04-30,secondary_amount,24640000000.0,bank_indicator.csv,secondary_amount,annual_direct,identity_q1_or_ytd_diff,
600000.XSHG,bank_indicator,2023-12-31,,2023,2024-04-30,secondary_amount_ratio,0.49,bank_indicator.csv,secondary_amount_ratio,annual_direct,identity_q1_or_ytd_diff,
600000.XSHG,bank_indicator,2023-12-31,,2023,2024-04-30,suspicious_amount,22353000000.0,bank_indicator.csv,suspicious_amount,annual_direct,identity_q1_or_ytd_diff,
600000.XSHG,bank_indicator,2023-12-31,,2023,2024-04-30,suspicious_amount_ratio,0.45,bank_indicator.csv,suspicious_amount_ratio,annual_direct,identity_q1_or_ytd_diff,
600000.XSHG,bank_indicator,2023-12-31,,2023,2024-04-30,loss_amount,27205000000.0,bank_indicator.csv,loss_amount,annual_direct,identity_q1_or_ytd_diff,
600000.XSHG,bank_indicator,2023-12-31,,2023,2024-04-30,loss_amount_ratio,0.54,bank_indicator.csv,loss_amount_ratio,annual_direct,identity_q1_or_ytd_diff,
600000.XSHG,bank_indicator,2023-12-31,,2023,2024-04-30,short_term_loan_average_balance,,bank_indicator.csv,short_term_loan_average_balance,,identity_q1_or_ytd_diff,missing_raw_value
600000.XSHG,bank_indicator,2023-12-31,,2023,2024-04-30,short_term_loan_annualized_average_interest_rate,,bank_indicator.csv,short_term_loan_annualized_average_interest_rate,,identity_q1_or_ytd_diff,missing_raw_value
600000.XSHG,bank_indicator,2023-12-31,,2023,2024-04-30,mid_term_loan_annualized_average_balance,,bank_indicator.csv,mid_term_loan_annualized_average_balance,,identity_q1_or_ytd_diff,missing_raw_value
600000.XSHG,bank_indicator,2023-12-31,,2023,2024-04-30,mid_term_loan_annualized_average_interest_rate,,bank_indicator.csv,mid_term_loan_annualized_average_interest_rate,,identity_q1_or_ytd_diff,missing_raw_value
600000.XSHG,bank_indicator,2023-12-31,,2023,2024-04-30,enterprise_deposits_average_balance,3520061000000.0,bank_indicator.csv,enterprise_deposits_average_balance,annual_direct,identity_q1_or_ytd_diff,
600000.XSHG,bank_indicator,2023-12-31,,2023,2024-04-30,enterprise_deposits_average_interest_rate,4.26,bank_indicator.csv,enterprise_deposits_average_interest_rate,annual_direct,identity_q1_or_ytd_diff,
600000.XSHG,bank_indicator,2023-12-31,,2023,2024-04-30,savings_deposit_average_balance,1364175000000.0,bank_indicator.csv,savings_deposit_average_balance,annual_direct,identity_q1_or_ytd_diff,
600000.XSHG,bank_indicator,2023-12-31,,2023,2024-04-30,savings_deposit_average_interest_rate,3.09,bank_indicator.csv,savings_deposit_average_interest_rate,annual_direct,identity_q1_or_ytd_diff,
600000.XSHG,bank_indicator,2024-12-31,,2024,,total_loan,,,total_loan,,identity_q1_or_ytd_diff,provider_unavailable_annual_bank_indicator
600000.XSHG,bank_indicator,2024-12-31,,2024,,total_deposit,,,total_deposit,,identity_q1_or_ytd_diff,provider_unavailable_annual_bank_indicator
600000.XSHG,bank_indicator,2024-12-31,,2024,,interest_earning_assets,,,interest_earning_assets,,identity_q1_or_ytd_diff,provider_unavailable_annual_bank_indicator
600000.XSHG,bank_indicator,2024-12-31,,2024,,non_interest_earning_assets,,,non_interest_earning_assets,,identity_q1_or_ytd_diff,provider_unavailable_annual_bank_indicator
600000.XSHG,bank_indicator,2024-12-31,,2024,,interest_earning_assets_yield,,,interest_earning_assets_yield,,identity_q1_or_ytd_diff,provider_unavailable_annual_bank_indicator
600000.XSHG,bank_indicator,2024-12-31,,2024,,interest_bearing_liabilities,,,interest_bearing_liabilities,,identity_q1_or_ytd_diff,provider_unavailable_annual_bank_indicator
600000.XSHG,bank_indicator,2024-12-31,,2024,,non_interest_bearing_liabilities,,,non_interest_bearing_liabilities,,identity_q1_or_ytd_diff,provider_unavailable_annual_bank_indicator
600000.XSHG,bank_indicator,2024-12-31,,2024,,interest_bearing_liabilities_interest_rate,,,interest_bearing_liabilities_interest_rate,,identity_q1_or_ytd_diff,provider_unavailable_annual_bank_indicator
600000.XSHG,bank_indicator,2024-12-31,,2024,,non_interest_income,,,non_interest_income,,identity_q1_or_ytd_diff,provider_unavailable_annual_bank_indicator
600000.XSHG,bank_indicator,2024-12-31,,2024,,non_interest_income_ratio,,,non_interest_income_ratio,,identity_q1_or_ytd_diff,provider_unavailable_annual_bank_indicator
600000.XSHG,bank_indicator,2024-12-31,,2024,,net_interest_margin,,,net_interest_margin,,identity_q1_or_ytd_diff,provider_unavailable_annual_bank_indicator
600000.XSHG,bank_indicator,2024-12-31,,2024,,net_profit_margin,,,net_profit_margin,,identity_q1_or_ytd_diff,provider_unavailable_annual_bank_indicator
600000.XSHG,bank_indicator,2024-12-31,,2024,,core_level_capital,,,core_level_capital,,identity_q1_or_ytd_diff,provider_unavailable_annual_bank_indicator
600000.XSHG,bank_indicator,2024-12-31,,2024,,net_core_level_capital,,,net_core_level_capital,,identity_q1_or_ytd_diff,provider_unavailable_annual_bank_indicator
600000.XSHG,bank_indicator,2024-12-31,,2024,,core_level_capital_adequacy_ratio,,,core_level_capital_adequacy_ratio,,identity_q1_or_ytd_diff,provider_unavailable_annual_bank_indicator
600000.XSHG,bank_indicator,2024-12-31,,2024,,net_level_1_capital,,,net_level_1_capital,,identity_q1_or_ytd_diff,provider_unavailable_annual_bank_indicator
600000.XSHG,bank_indicator,2024-12-31,,2024,,level_1_capital_adequacy_ratio,,,level_1_capital_adequacy_ratio,,identity_q1_or_ytd_diff,provider_unavailable_annual_bank_indicator
600000.XSHG,bank_indicator,2024-12-31,,2024,,net_capital,,,net_capital,,identity_q1_or_ytd_diff,provider_unavailable_annual_bank_indicator
600000.XSHG,bank_indicator,2024-12-31,,2024,,capital_adequacy_ratio,,,capital_adequacy_ratio,,identity_q1_or_ytd_diff,provider_unavailable_annual_bank_indicator
600000.XSHG,bank_indicator,2024-12-31,,2024,,weighted_risky_asset,,,weighted_risky_asset,,identity_q1_or_ytd_diff,provider_unavailable_annual_bank_indicator
600000.XSHG,bank_indicator,2024-12-31,,2024,,deposit_loan_ratio,,,deposit_loan_ratio,,identity_q1_or_ytd_diff,provider_unavailable_annual_bank_indicator
600000.XSHG,bank_indicator,2024-12-31,,2024,,short_term_asset_liquidity_ratio_CNY,,,short_term_asset_liquidity_ratio_CNY,,identity_q1_or_ytd_diff,provider_unavailable_annual_bank_indicator
600000.XSHG,bank_indicator,2024-12-31,,2024,,short_term_asset_liquidity_ratio_FC,,,short_term_asset_liquidity_ratio_FC,,identity_q1_or_ytd_diff,provider_unavailable_annual_bank_indicator
600000.XSHG,bank_indicator,2024-12-31,,2024,,Nonperforming_loan_rate,,,Nonperforming_loan_rate,,identity_q1_or_ytd_diff,provider_unavailable_annual_bank_indicator
600000.XSHG,bank_indicator,2024-12-31,,2024,,single_largest_customer_loan_ratio,,,single_largest_customer_loan_ratio,,identity_q1_or_ytd_diff,provider_unavailable_annual_bank_indicator
600000.XSHG,bank_indicator,2024-12-31,,2024,,top_ten_customer_loan_ratio,,,top_ten_customer_loan_ratio,,identity_q1_or_ytd_diff,provider_unavailable_annual_bank_indicator
600000.XSHG,bank_indicator,2024-12-31,,2024,,bad_debts_reserve,,,bad_debts_reserve,,identity_q1_or_ytd_diff,provider_unavailable_annual_bank_indicator
600000.XSHG,bank_indicator,2024-12-31,,2024,,non_performing_loan_provision_coverage,,,non_performing_loan_provision_coverage,,identity_q1_or_ytd_diff,provider_unavailable_annual_bank_indicator
600000.XSHG,bank_indicator,2024-12-31,,2024,,cost_to_income_ratio,,,cost_to_income_ratio,,identity_q1_or_ytd_diff,provider_unavailable_annual_bank_indicator
600000.XSHG,bank_indicator,2024-12-31,,2024,,former_core_capital,,,former_core_capital,,identity_q1_or_ytd_diff,provider_unavailable_annual_bank_indicator
600000.XSHG,bank_indicator,2024-12-31,,2024,,former_net_core_capital,,,former_net_core_capital,,identity_q1_or_ytd_diff,provider_unavailable_annual_bank_indicator
600000.XSHG,bank_indicator,2024-12-31,,2024,,former_net_core_capital_adequacy_ratio,,,former_net_core_capital_adequacy_ratio,,identity_q1_or_ytd_diff,provider_unavailable_annual_bank_indicator
600000.XSHG,bank_indicator,2024-12-31,,2024,,former_net_capital,,,former_net_capital,,identity_q1_or_ytd_diff,provider_unavailable_annual_bank_indicator
600000.XSHG,bank_indicator,2024-12-31,,2024,,former_capital_adequacy_ratio,,,former_capital_adequacy_ratio,,identity_q1_or_ytd_diff,provider_unavailable_annual_bank_indicator
600000.XSHG,bank_indicator,2024-12-31,,2024,,former_weighted_risky_asset,,,former_weighted_risky_asset,,identity_q1_or_ytd_diff,provider_unavailable_annual_bank_indicator
600000.XSHG,bank_indicator,2024-12-31,,2024,,normal_amount,,,normal_amount,,identity_q1_or_ytd_diff,provider_unavailable_annual_bank_indicator
600000.XSHG,bank_indicator,2024-12-31,,2024,,normal_amount_ratio,,,normal_amount_ratio,,identity_q1_or_ytd_diff,provider_unavailable_annual_bank_indicator
600000.XSHG,bank_indicator,2024-12-31,,2024,,concerned_amount,,,concerned_amount,,identity_q1_or_ytd_diff,provider_unavailable_annual_bank_indicator
600000.XSHG,bank_indicator,2024-12-31,,2024,,concerned_amount_ratio,,,concerned_amount_ratio,,identity_q1_or_ytd_diff,provider_unavailable_annual_bank_indicator
600000.XSHG,bank_indicator,2024-12-31,,2024,,secondary_amount,,,secondary_amount,,identity_q1_or_ytd_diff,provider_unavailable_annual_bank_indicator
600000.XSHG,bank_indicator,2024-12-31,,2024,,secondary_amount_ratio,,,secondary_amount_ratio,,identity_q1_or_ytd_diff,provider_unavailable_annual_bank_indicator
600000.XSHG,bank_indicator,2024-12-31,,2024,,suspicious_amount,,,suspicious_amount,,identity_q1_or_ytd_diff,provider_unavailable_annual_bank_indicator
600000.XSHG,bank_indicator,2024-12-31,,2024,,suspicious_amount_ratio,,,suspicious_amount_ratio,,identity_q1_or_ytd_diff,provider_unavailable_annual_bank_indicator
600000.XSHG,bank_indicator,2024-12-31,,2024,,loss_amount,,,loss_amount,,identity_q1_or_ytd_diff,provider_unavailable_annual_bank_indicator
600000.XSHG,bank_indicator,2024-12-31,,2024,,loss_amount_ratio,,,loss_amount_ratio,,identity_q1_or_ytd_diff,provider_unavailable_annual_bank_indicator
600000.XSHG,bank_indicator,2024-12-31,,2024,,short_term_loan_average_balance,,,short_term_loan_average_balance,,identity_q1_or_ytd_diff,provider_unavailable_annual_bank_indicator
600000.XSHG,bank_indicator,2024-12-31,,2024,,short_term_loan_annualized_average_interest_rate,,,short_term_loan_annualized_average_interest_rate,,identity_q1_or_ytd_diff,provider_unavailable_annual_bank_indicator
600000.XSHG,bank_indicator,2024-12-31,,2024,,mid_term_loan_annualized_average_balance,,,mid_term_loan_annualized_average_balance,,identity_q1_or_ytd_diff,provider_unavailable_annual_bank_indicator
600000.XSHG,bank_indicator,2024-12-31,,2024,,mid_term_loan_annualized_average_interest_rate,,,mid_term_loan_annualized_average_interest_rate,,identity_q1_or_ytd_diff,provider_unavailable_annual_bank_indicator
600000.XSHG,bank_indicator,2024-12-31,,2024,,enterprise_deposits_average_balance,,,enterprise_deposits_average_balance,,identity_q1_or_ytd_diff,provider_unavailable_annual_bank_indicator
600000.XSHG,bank_indicator,2024-12-31,,2024,,enterprise_deposits_average_interest_rate,,,enterprise_deposits_average_interest_rate,,identity_q1_or_ytd_diff,provider_unavailable_annual_bank_indicator
600000.XSHG,bank_indicator,2024-12-31,,2024,,savings_deposit_average_balance,,,savings_deposit_average_balance,,identity_q1_or_ytd_diff,provider_unavailable_annual_bank_indicator
600000.XSHG,bank_indicator,2024-12-31,,2024,,savings_deposit_average_interest_rate,,,savings_deposit_average_interest_rate,,identity_q1_or_ytd_diff,provider_unavailable_annual_bank_indicator
600000.XSHG,bank_indicator,2025-12-31,,2025,,total_loan,,,total_loan,,identity_q1_or_ytd_diff,provider_unavailable_annual_bank_indicator
600000.XSHG,bank_indicator,2025-12-31,,2025,,total_deposit,,,total_deposit,,identity_q1_or_ytd_diff,provider_unavailable_annual_bank_indicator
600000.XSHG,bank_indicator,2025-12-31,,2025,,interest_earning_assets,,,interest_earning_assets,,identity_q1_or_ytd_diff,provider_unavailable_annual_bank_indicator
600000.XSHG,bank_indicator,2025-12-31,,2025,,non_interest_earning_assets,,,non_interest_earning_assets,,identity_q1_or_ytd_diff,provider_unavailable_annual_bank_indicator
600000.XSHG,bank_indicator,2025-12-31,,2025,,interest_earning_assets_yield,,,interest_earning_assets_yield,,identity_q1_or_ytd_diff,provider_unavailable_annual_bank_indicator
600000.XSHG,bank_indicator,2025-12-31,,2025,,interest_bearing_liabilities,,,interest_bearing_liabilities,,identity_q1_or_ytd_diff,provider_unavailable_annual_bank_indicator
600000.XSHG,bank_indicator,2025-12-31,,2025,,non_interest_bearing_liabilities,,,non_interest_bearing_liabilities,,identity_q1_or_ytd_diff,provider_unavailable_annual_bank_indicator
600000.XSHG,bank_indicator,2025-12-31,,2025,,interest_bearing_liabilities_interest_rate,,,interest_bearing_liabilities_interest_rate,,identity_q1_or_ytd_diff,provider_unavailable_annual_bank_indicator
600000.XSHG,bank_indicator,2025-12-31,,2025,,non_interest_income,,,non_interest_income,,identity_q1_or_ytd_diff,provider_unavailable_annual_bank_indicator
600000.XSHG,bank_indicator,2025-12-31,,2025,,non_interest_income_ratio,,,non_interest_income_ratio,,identity_q1_or_ytd_diff,provider_unavailable_annual_bank_indicator
600000.XSHG,bank_indicator,2025-12-31,,2025,,net_interest_margin,,,net_interest_margin,,identity_q1_or_ytd_diff,provider_unavailable_annual_bank_indicator
600000.XSHG,bank_indicator,2025-12-31,,2025,,net_profit_margin,,,net_profit_margin,,identity_q1_or_ytd_diff,provider_unavailable_annual_bank_indicator
600000.XSHG,bank_indicator,2025-12-31,,2025,,core_level_capital,,,core_level_capital,,identity_q1_or_ytd_diff,provider_unavailable_annual_bank_indicator
600000.XSHG,bank_indicator,2025-12-31,,2025,,net_core_level_capital,,,net_core_level_capital,,identity_q1_or_ytd_diff,provider_unavailable_annual_bank_indicator
600000.XSHG,bank_indicator,2025-12-31,,2025,,core_level_capital_adequacy_ratio,,,core_level_capital_adequacy_ratio,,identity_q1_or_ytd_diff,provider_unavailable_annual_bank_indicator
600000.XSHG,bank_indicator,2025-12-31,,2025,,net_level_1_capital,,,net_level_1_capital,,identity_q1_or_ytd_diff,provider_unavailable_annual_bank_indicator
600000.XSHG,bank_indicator,2025-12-31,,2025,,level_1_capital_adequacy_ratio,,,level_1_capital_adequacy_ratio,,identity_q1_or_ytd_diff,provider_unavailable_annual_bank_indicator
600000.XSHG,bank_indicator,2025-12-31,,2025,,net_capital,,,net_capital,,identity_q1_or_ytd_diff,provider_unavailable_annual_bank_indicator
600000.XSHG,bank_indicator,2025-12-31,,2025,,capital_adequacy_ratio,,,capital_adequacy_ratio,,identity_q1_or_ytd_diff,provider_unavailable_annual_bank_indicator
600000.XSHG,bank_indicator,2025-12-31,,2025,,weighted_risky_asset,,,weighted_risky_asset,,identity_q1_or_ytd_diff,provider_unavailable_annual_bank_indicator
600000.XSHG,bank_indicator,2025-12-31,,2025,,deposit_loan_ratio,,,deposit_loan_ratio,,identity_q1_or_ytd_diff,provider_unavailable_annual_bank_indicator
600000.XSHG,bank_indicator,2025-12-31,,2025,,short_term_asset_liquidity_ratio_CNY,,,short_term_asset_liquidity_ratio_CNY,,identity_q1_or_ytd_diff,provider_unavailable_annual_bank_indicator
600000.XSHG,bank_indicator,2025-12-31,,2025,,short_term_asset_liquidity_ratio_FC,,,short_term_asset_liquidity_ratio_FC,,identity_q1_or_ytd_diff,provider_unavailable_annual_bank_indicator
600000.XSHG,bank_indicator,2025-12-31,,2025,,Nonperforming_loan_rate,,,Nonperforming_loan_rate,,identity_q1_or_ytd_diff,provider_unavailable_annual_bank_indicator
600000.XSHG,bank_indicator,2025-12-31,,2025,,single_largest_customer_loan_ratio,,,single_largest_customer_loan_ratio,,identity_q1_or_ytd_diff,provider_unavailable_annual_bank_indicator
600000.XSHG,bank_indicator,2025-12-31,,2025,,top_ten_customer_loan_ratio,,,top_ten_customer_loan_ratio,,identity_q1_or_ytd_diff,provider_unavailable_annual_bank_indicator
600000.XSHG,bank_indicator,2025-12-31,,2025,,bad_debts_reserve,,,bad_debts_reserve,,identity_q1_or_ytd_diff,provider_unavailable_annual_bank_indicator
600000.XSHG,bank_indicator,2025-12-31,,2025,,non_performing_loan_provision_coverage,,,non_performing_loan_provision_coverage,,identity_q1_or_ytd_diff,provider_unavailable_annual_bank_indicator
600000.XSHG,bank_indicator,2025-12-31,,2025,,cost_to_income_ratio,,,cost_to_income_ratio,,identity_q1_or_ytd_diff,provider_unavailable_annual_bank_indicator
600000.XSHG,bank_indicator,2025-12-31,,2025,,former_core_capital,,,former_core_capital,,identity_q1_or_ytd_diff,provider_unavailable_annual_bank_indicator
600000.XSHG,bank_indicator,2025-12-31,,2025,,former_net_core_capital,,,former_net_core_capital,,identity_q1_or_ytd_diff,provider_unavailable_annual_bank_indicator
600000.XSHG,bank_indicator,2025-12-31,,2025,,former_net_core_capital_adequacy_ratio,,,former_net_core_capital_adequacy_ratio,,identity_q1_or_ytd_diff,provider_unavailable_annual_bank_indicator
600000.XSHG,bank_indicator,2025-12-31,,2025,,former_net_capital,,,former_net_capital,,identity_q1_or_ytd_diff,provider_unavailable_annual_bank_indicator
600000.XSHG,bank_indicator,2025-12-31,,2025,,former_capital_adequacy_ratio,,,former_capital_adequacy_ratio,,identity_q1_or_ytd_diff,provider_unavailable_annual_bank_indicator
600000.XSHG,bank_indicator,2025-12-31,,2025,,former_weighted_risky_asset,,,former_weighted_risky_asset,,identity_q1_or_ytd_diff,provider_unavailable_annual_bank_indicator
600000.XSHG,bank_indicator,2025-12-31,,2025,,normal_amount,,,normal_amount,,identity_q1_or_ytd_diff,provider_unavailable_annual_bank_indicator
600000.XSHG,bank_indicator,2025-12-31,,2025,,normal_amount_ratio,,,normal_amount_ratio,,identity_q1_or_ytd_diff,provider_unavailable_annual_bank_indicator
600000.XSHG,bank_indicator,2025-12-31,,2025,,concerned_amount,,,concerned_amount,,identity_q1_or_ytd_diff,provider_unavailable_annual_bank_indicator
600000.XSHG,bank_indicator,2025-12-31,,2025,,concerned_amount_ratio,,,concerned_amount_ratio,,identity_q1_or_ytd_diff,provider_unavailable_annual_bank_indicator
600000.XSHG,bank_indicator,2025-12-31,,2025,,secondary_amount,,,secondary_amount,,identity_q1_or_ytd_diff,provider_unavailable_annual_bank_indicator
600000.XSHG,bank_indicator,2025-12-31,,2025,,secondary_amount_ratio,,,secondary_amount_ratio,,identity_q1_or_ytd_diff,provider_unavailable_annual_bank_indicator
600000.XSHG,bank_indicator,2025-12-31,,2025,,suspicious_amount,,,suspicious_amount,,identity_q1_or_ytd_diff,provider_unavailable_annual_bank_indicator
600000.XSHG,bank_indicator,2025-12-31,,2025,,suspicious_amount_ratio,,,suspicious_amount_ratio,,identity_q1_or_ytd_diff,provider_unavailable_annual_bank_indicator
600000.XSHG,bank_indicator,2025-12-31,,2025,,loss_amount,,,loss_amount,,identity_q1_or_ytd_diff,provider_unavailable_annual_bank_indicator
600000.XSHG,bank_indicator,2025-12-31,,2025,,loss_amount_ratio,,,loss_amount_ratio,,identity_q1_or_ytd_diff,provider_unavailable_annual_bank_indicator
600000.XSHG,bank_indicator,2025-12-31,,2025,,short_term_loan_average_balance,,,short_term_loan_average_balance,,identity_q1_or_ytd_diff,provider_unavailable_annual_bank_indicator
600000.XSHG,bank_indicator,2025-12-31,,2025,,short_term_loan_annualized_average_interest_rate,,,short_term_loan_annualized_average_interest_rate,,identity_q1_or_ytd_diff,provider_unavailable_annual_bank_indicator
600000.XSHG,bank_indicator,2025-12-31,,2025,,mid_term_loan_annualized_average_balance,,,mid_term_loan_annualized_average_balance,,identity_q1_or_ytd_diff,provider_unavailable_annual_bank_indicator
600000.XSHG,bank_indicator,2025-12-31,,2025,,mid_term_loan_annualized_average_interest_rate,,,mid_term_loan_annualized_average_interest_rate,,identity_q1_or_ytd_diff,provider_unavailable_annual_bank_indicator
600000.XSHG,bank_indicator,2025-12-31,,2025,,enterprise_deposits_average_balance,,,enterprise_deposits_average_balance,,identity_q1_or_ytd_diff,provider_unavailable_annual_bank_indicator
600000.XSHG,bank_indicator,2025-12-31,,2025,,enterprise_deposits_average_interest_rate,,,enterprise_deposits_average_interest_rate,,identity_q1_or_ytd_diff,provider_unavailable_annual_bank_indicator
600000.XSHG,bank_indicator,2025-12-31,,2025,,savings_deposit_average_balance,,,savings_deposit_average_balance,,identity_q1_or_ytd_diff,provider_unavailable_annual_bank_indicator
600000.XSHG,bank_indicator,2025-12-31,,2025,,savings_deposit_average_interest_rate,,,savings_deposit_average_interest_rate,,identity_q1_or_ytd_diff,provider_unavailable_annual_bank_indicator
600000.XSHG,bank_indicator,2026-12-31,,2026,,total_loan,,,total_loan,,identity_q1_or_ytd_diff,provider_unavailable_annual_bank_indicator
600000.XSHG,bank_indicator,2026-12-31,,2026,,total_deposit,,,total_deposit,,identity_q1_or_ytd_diff,provider_unavailable_annual_bank_indicator
600000.XSHG,bank_indicator,2026-12-31,,2026,,interest_earning_assets,,,interest_earning_assets,,identity_q1_or_ytd_diff,provider_unavailable_annual_bank_indicator
600000.XSHG,bank_indicator,2026-12-31,,2026,,non_interest_earning_assets,,,non_interest_earning_assets,,identity_q1_or_ytd_diff,provider_unavailable_annual_bank_indicator
600000.XSHG,bank_indicator,2026-12-31,,2026,,interest_earning_assets_yield,,,interest_earning_assets_yield,,identity_q1_or_ytd_diff,provider_unavailable_annual_bank_indicator
600000.XSHG,bank_indicator,2026-12-31,,2026,,interest_bearing_liabilities,,,interest_bearing_liabilities,,identity_q1_or_ytd_diff,provider_unavailable_annual_bank_indicator
600000.XSHG,bank_indicator,2026-12-31,,2026,,non_interest_bearing_liabilities,,,non_interest_bearing_liabilities,,identity_q1_or_ytd_diff,provider_unavailable_annual_bank_indicator
600000.XSHG,bank_indicator,2026-12-31,,2026,,interest_bearing_liabilities_interest_rate,,,interest_bearing_liabilities_interest_rate,,identity_q1_or_ytd_diff,provider_unavailable_annual_bank_indicator
600000.XSHG,bank_indicator,2026-12-31,,2026,,non_interest_income,,,non_interest_income,,identity_q1_or_ytd_diff,provider_unavailable_annual_bank_indicator
600000.XSHG,bank_indicator,2026-12-31,,2026,,non_interest_income_ratio,,,non_interest_income_ratio,,identity_q1_or_ytd_diff,provider_unavailable_annual_bank_indicator
600000.XSHG,bank_indicator,2026-12-31,,2026,,net_interest_margin,,,net_interest_margin,,identity_q1_or_ytd_diff,provider_unavailable_annual_bank_indicator
600000.XSHG,bank_indicator,2026-12-31,,2026,,net_profit_margin,,,net_profit_margin,,identity_q1_or_ytd_diff,provider_unavailable_annual_bank_indicator
600000.XSHG,bank_indicator,2026-12-31,,2026,,core_level_capital,,,core_level_capital,,identity_q1_or_ytd_diff,provider_unavailable_annual_bank_indicator
600000.XSHG,bank_indicator,2026-12-31,,2026,,net_core_level_capital,,,net_core_level_capital,,identity_q1_or_ytd_diff,provider_unavailable_annual_bank_indicator
600000.XSHG,bank_indicator,2026-12-31,,2026,,core_level_capital_adequacy_ratio,,,core_level_capital_adequacy_ratio,,identity_q1_or_ytd_diff,provider_unavailable_annual_bank_indicator
600000.XSHG,bank_indicator,2026-12-31,,2026,,net_level_1_capital,,,net_level_1_capital,,identity_q1_or_ytd_diff,provider_unavailable_annual_bank_indicator
600000.XSHG,bank_indicator,2026-12-31,,2026,,level_1_capital_adequacy_ratio,,,level_1_capital_adequacy_ratio,,identity_q1_or_ytd_diff,provider_unavailable_annual_bank_indicator
600000.XSHG,bank_indicator,2026-12-31,,2026,,net_capital,,,net_capital,,identity_q1_or_ytd_diff,provider_unavailable_annual_bank_indicator
600000.XSHG,bank_indicator,2026-12-31,,2026,,capital_adequacy_ratio,,,capital_adequacy_ratio,,identity_q1_or_ytd_diff,provider_unavailable_annual_bank_indicator
600000.XSHG,bank_indicator,2026-12-31,,2026,,weighted_risky_asset,,,weighted_risky_asset,,identity_q1_or_ytd_diff,provider_unavailable_annual_bank_indicator
600000.XSHG,bank_indicator,2026-12-31,,2026,,deposit_loan_ratio,,,deposit_loan_ratio,,identity_q1_or_ytd_diff,provider_unavailable_annual_bank_indicator
600000.XSHG,bank_indicator,2026-12-31,,2026,,short_term_asset_liquidity_ratio_CNY,,,short_term_asset_liquidity_ratio_CNY,,identity_q1_or_ytd_diff,provider_unavailable_annual_bank_indicator
600000.XSHG,bank_indicator,2026-12-31,,2026,,short_term_asset_liquidity_ratio_FC,,,short_term_asset_liquidity_ratio_FC,,identity_q1_or_ytd_diff,provider_unavailable_annual_bank_indicator
600000.XSHG,bank_indicator,2026-12-31,,2026,,Nonperforming_loan_rate,,,Nonperforming_loan_rate,,identity_q1_or_ytd_diff,provider_unavailable_annual_bank_indicator
600000.XSHG,bank_indicator,2026-12-31,,2026,,single_largest_customer_loan_ratio,,,single_largest_customer_loan_ratio,,identity_q1_or_ytd_diff,provider_unavailable_annual_bank_indicator
600000.XSHG,bank_indicator,2026-12-31,,2026,,top_ten_customer_loan_ratio,,,top_ten_customer_loan_ratio,,identity_q1_or_ytd_diff,provider_unavailable_annual_bank_indicator
600000.XSHG,bank_indicator,2026-12-31,,2026,,bad_debts_reserve,,,bad_debts_reserve,,identity_q1_or_ytd_diff,provider_unavailable_annual_bank_indicator
600000.XSHG,bank_indicator,2026-12-31,,2026,,non_performing_loan_provision_coverage,,,non_performing_loan_provision_coverage,,identity_q1_or_ytd_diff,provider_unavailable_annual_bank_indicator
600000.XSHG,bank_indicator,2026-12-31,,2026,,cost_to_income_ratio,,,cost_to_income_ratio,,identity_q1_or_ytd_diff,provider_unavailable_annual_bank_indicator
600000.XSHG,bank_indicator,2026-12-31,,2026,,former_core_capital,,,former_core_capital,,identity_q1_or_ytd_diff,provider_unavailable_annual_bank_indicator
600000.XSHG,bank_indicator,2026-12-31,,2026,,former_net_core_capital,,,former_net_core_capital,,identity_q1_or_ytd_diff,provider_unavailable_annual_bank_indicator
600000.XSHG,bank_indicator,2026-12-31,,2026,,former_net_core_capital_adequacy_ratio,,,former_net_core_capital_adequacy_ratio,,identity_q1_or_ytd_diff,provider_unavailable_annual_bank_indicator
600000.XSHG,bank_indicator,2026-12-31,,2026,,former_net_capital,,,former_net_capital,,identity_q1_or_ytd_diff,provider_unavailable_annual_bank_indicator
600000.XSHG,bank_indicator,2026-12-31,,2026,,former_capital_adequacy_ratio,,,former_capital_adequacy_ratio,,identity_q1_or_ytd_diff,provider_unavailable_annual_bank_indicator
600000.XSHG,bank_indicator,2026-12-31,,2026,,former_weighted_risky_asset,,,former_weighted_risky_asset,,identity_q1_or_ytd_diff,provider_unavailable_annual_bank_indicator
600000.XSHG,bank_indicator,2026-12-31,,2026,,normal_amount,,,normal_amount,,identity_q1_or_ytd_diff,provider_unavailable_annual_bank_indicator
600000.XSHG,bank_indicator,2026-12-31,,2026,,normal_amount_ratio,,,normal_amount_ratio,,identity_q1_or_ytd_diff,provider_unavailable_annual_bank_indicator
600000.XSHG,bank_indicator,2026-12-31,,2026,,concerned_amount,,,concerned_amount,,identity_q1_or_ytd_diff,provider_unavailable_annual_bank_indicator
600000.XSHG,bank_indicator,2026-12-31,,2026,,concerned_amount_ratio,,,concerned_amount_ratio,,identity_q1_or_ytd_diff,provider_unavailable_annual_bank_indicator
600000.XSHG,bank_indicator,2026-12-31,,2026,,secondary_amount,,,secondary_amount,,identity_q1_or_ytd_diff,provider_unavailable_annual_bank_indicator
600000.XSHG,bank_indicator,2026-12-31,,2026,,secondary_amount_ratio,,,secondary_amount_ratio,,identity_q1_or_ytd_diff,provider_unavailable_annual_bank_indicator
600000.XSHG,bank_indicator,2026-12-31,,2026,,suspicious_amount,,,suspicious_amount,,identity_q1_or_ytd_diff,provider_unavailable_annual_bank_indicator
600000.XSHG,bank_indicator,2026-12-31,,2026,,suspicious_amount_ratio,,,suspicious_amount_ratio,,identity_q1_or_ytd_diff,provider_unavailable_annual_bank_indicator
600000.XSHG,bank_indicator,2026-12-31,,2026,,loss_amount,,,loss_amount,,identity_q1_or_ytd_diff,provider_unavailable_annual_bank_indicator
600000.XSHG,bank_indicator,2026-12-31,,2026,,loss_amount_ratio,,,loss_amount_ratio,,identity_q1_or_ytd_diff,provider_unavailable_annual_bank_indicator
600000.XSHG,bank_indicator,2026-12-31,,2026,,short_term_loan_average_balance,,,short_term_loan_average_balance,,identity_q1_or_ytd_diff,provider_unavailable_annual_bank_indicator
600000.XSHG,bank_indicator,2026-12-31,,2026,,short_term_loan_annualized_average_interest_rate,,,short_term_loan_annualized_average_interest_rate,,identity_q1_or_ytd_diff,provider_unavailable_annual_bank_indicator
600000.XSHG,bank_indicator,2026-12-31,,2026,,mid_term_loan_annualized_average_balance,,,mid_term_loan_annualized_average_balance,,identity_q1_or_ytd_diff,provider_unavailable_annual_bank_indicator
600000.XSHG,bank_indicator,2026-12-31,,2026,,mid_term_loan_annualized_average_interest_rate,,,mid_term_loan_annualized_average_interest_rate,,identity_q1_or_ytd_diff,provider_unavailable_annual_bank_indicator
600000.XSHG,bank_indicator,2026-12-31,,2026,,enterprise_deposits_average_balance,,,enterprise_deposits_average_balance,,identity_q1_or_ytd_diff,provider_unavailable_annual_bank_indicator
600000.XSHG,bank_indicator,2026-12-31,,2026,,enterprise_deposits_average_interest_rate,,,enterprise_deposits_average_interest_rate,,identity_q1_or_ytd_diff,provider_unavailable_annual_bank_indicator
600000.XSHG,bank_indicator,2026-12-31,,2026,,savings_deposit_average_balance,,,savings_deposit_average_balance,,identity_q1_or_ytd_diff,provider_unavailable_annual_bank_indicator
600000.XSHG,bank_indicator,2026-12-31,,2026,,savings_deposit_average_interest_rate,,,savings_deposit_average_interest_rate,,identity_q1_or_ytd_diff,provider_unavailable_annual_bank_indicator
