code,statement_family,report_period_end,quarter_key,year_key,standard_field_name,source_table,source_field,raw_primary_value,raw_fallback_value,raw_value_used,prior_cumulative_value_used,transformation_rule,conversion_success,missing_reason
601009.XSHG,balance,2014-03-31,2014q1,,cash_equivalents,balance.csv,cash_equivalents,85811390478.83,85811390478.83,85811390478.83,,identity_q1_or_ytd_diff,True,
601009.XSHG,balance,2014-03-31,2014q1,,settlement_provi,balance.csv,settlement_provi,,,,,identity_q1_or_ytd_diff,False,missing_raw_value
601009.XSHG,balance,2014-03-31,2014q1,,lend_capital,balance.csv,lend_capital,1967992340.0,1967992340.0,1967992340.0,,identity_q1_or_ytd_diff,True,
601009.XSHG,balance,2014-03-31,2014q1,,trading_assets,balance.csv,trading_assets,5357016770.52,5357016770.52,5357016770.52,,identity_q1_or_ytd_diff,True,
601009.XSHG,balance,2014-03-31,2014q1,,bill_receivable,balance.csv,bill_receivable,,,,,identity_q1_or_ytd_diff,False,missing_raw_value
601009.XSHG,balance,2014-03-31,2014q1,,account_receivable,balance.csv,account_receivable,,,,,identity_q1_or_ytd_diff,False,missing_raw_value
601009.XSHG,balance,2014-03-31,2014q1,,advance_payment,balance.csv,advance_payment,,,,,identity_q1_or_ytd_diff,False,missing_raw_value
601009.XSHG,balance,2014-03-31,2014q1,,insurance_receivables,balance.csv,insurance_receivables,,,,,identity_q1_or_ytd_diff,False,missing_raw_value
601009.XSHG,balance,2014-03-31,2014q1,,interest_receivable,balance.csv,interest_receivable,3875044210.2,3875044210.2,3875044210.2,,identity_q1_or_ytd_diff,True,
601009.XSHG,balance,2014-03-31,2014q1,,other_receivable,balance.csv,other_receivable,,,,,identity_q1_or_ytd_diff,False,missing_raw_value
601009.XSHG,balance,2014-03-31,2014q1,,bought_sellback_assets,balance.csv,bought_sellback_assets,64964969028.23,64964969028.23,64964969028.23,,identity_q1_or_ytd_diff,True,
601009.XSHG,balance,2014-03-31,2014q1,,inventories,balance.csv,inventories,,,,,identity_q1_or_ytd_diff,False,missing_raw_value
601009.XSHG,balance,2014-03-31,2014q1,,other_current_assets,balance.csv,other_current_assets,,,,,identity_q1_or_ytd_diff,False,missing_raw_value
601009.XSHG,balance,2014-03-31,2014q1,,total_current_assets,balance.csv,total_current_assets,,,,,identity_q1_or_ytd_diff,False,missing_raw_value
601009.XSHG,balance,2014-03-31,2014q1,,loan_and_advance,balance.csv,loan_and_advance,,,,,identity_q1_or_ytd_diff,False,missing_raw_value
601009.XSHG,balance,2014-03-31,2014q1,,hold_for_sale_assets,balance.csv,hold_for_sale_assets,44758037334.54,44758037334.54,44758037334.54,,identity_q1_or_ytd_diff,True,
601009.XSHG,balance,2014-03-31,2014q1,,hold_to_maturity_investments,balance.csv,hold_to_maturity_investments,40106316476.22,40106316476.22,40106316476.22,,identity_q1_or_ytd_diff,True,
601009.XSHG,balance,2014-03-31,2014q1,,longterm_equity_invest,balance.csv,longterm_equity_invest,2246164576.46,2246164576.46,2246164576.46,,identity_q1_or_ytd_diff,True,
601009.XSHG,balance,2014-03-31,2014q1,,investment_property,balance.csv,investment_property,23610757.77,23610757.77,23610757.77,,identity_q1_or_ytd_diff,True,
601009.XSHG,balance,2014-03-31,2014q1,,fixed_assets,balance.csv,fixed_assets,,,,,identity_q1_or_ytd_diff,False,missing_raw_value
601009.XSHG,balance,2014-03-31,2014q1,,constru_in_process,balance.csv,constru_in_process,,,,,identity_q1_or_ytd_diff,False,missing_raw_value
601009.XSHG,balance,2014-03-31,2014q1,,intangible_assets,balance.csv,intangible_assets,112339824.55,112339824.55,112339824.55,,identity_q1_or_ytd_diff,True,
601009.XSHG,balance,2014-03-31,2014q1,,good_will,balance.csv,good_will,,,,,identity_q1_or_ytd_diff,False,missing_raw_value
601009.XSHG,balance,2014-03-31,2014q1,,long_deferred_expense,balance.csv,long_deferred_expense,,,,,identity_q1_or_ytd_diff,False,missing_raw_value
601009.XSHG,balance,2014-03-31,2014q1,,deferred_tax_assets,balance.csv,deferred_tax_assets,940307096.3,940307096.3,940307096.3,,identity_q1_or_ytd_diff,True,
601009.XSHG,balance,2014-03-31,2014q1,,other_non_current_assets,balance.csv,other_non_current_assets,,,,,identity_q1_or_ytd_diff,False,missing_raw_value
601009.XSHG,balance,2014-03-31,2014q1,,total_non_current_assets,balance.csv,total_non_current_assets,,,,,identity_q1_or_ytd_diff,False,missing_raw_value
601009.XSHG,balance,2014-03-31,2014q1,,total_assets,balance.csv,total_assets,504164186076.93,504164186076.93,504164186076.93,,identity_q1_or_ytd_diff,True,
601009.XSHG,balance,2014-03-31,2014q1,,shortterm_loan,balance.csv,shortterm_loan,0.0,0.0,0.0,,identity_q1_or_ytd_diff,True,
601009.XSHG,balance,2014-03-31,2014q1,,borrowing_from_centralbank,balance.csv,borrowing_from_centralbank,100000000.0,100000000.0,100000000.0,,identity_q1_or_ytd_diff,True,
601009.XSHG,balance,2014-03-31,2014q1,,deposit_in_interbank,balance.csv,deposit_in_interbank,424123990074.73,424123990074.73,424123990074.73,,identity_q1_or_ytd_diff,True,
601009.XSHG,balance,2014-03-31,2014q1,,borrowing_capital,balance.csv,borrowing_capital,11174088589.27,11174088589.27,11174088589.27,,identity_q1_or_ytd_diff,True,
601009.XSHG,balance,2014-03-31,2014q1,,trading_liability,balance.csv,trading_liability,,,,,identity_q1_or_ytd_diff,False,missing_raw_value
601009.XSHG,balance,2014-03-31,2014q1,,notes_payable,balance.csv,notes_payable,,,,,identity_q1_or_ytd_diff,False,missing_raw_value
601009.XSHG,balance,2014-03-31,2014q1,,accounts_payable,balance.csv,accounts_payable,,,,,identity_q1_or_ytd_diff,False,missing_raw_value
601009.XSHG,balance,2014-03-31,2014q1,,advance_peceipts,balance.csv,advance_peceipts,,,,,identity_q1_or_ytd_diff,False,missing_raw_value
601009.XSHG,balance,2014-03-31,2014q1,,sold_buyback_secu_proceeds,balance.csv,sold_buyback_secu_proceeds,22527059023.83,22527059023.83,22527059023.83,,identity_q1_or_ytd_diff,True,
601009.XSHG,balance,2014-03-31,2014q1,,commission_payable,balance.csv,commission_payable,,,,,identity_q1_or_ytd_diff,False,missing_raw_value
601009.XSHG,balance,2014-03-31,2014q1,,salaries_payable,balance.csv,salaries_payable,785612100.89,785612100.89,785612100.89,,identity_q1_or_ytd_diff,True,
601009.XSHG,balance,2014-03-31,2014q1,,taxs_payable,balance.csv,taxs_payable,744694194.39,744694194.39,744694194.39,,identity_q1_or_ytd_diff,True,
601009.XSHG,balance,2014-03-31,2014q1,,interest_payable,balance.csv,interest_payable,4697232473.08,4697232473.08,4697232473.08,,identity_q1_or_ytd_diff,True,
601009.XSHG,balance,2014-03-31,2014q1,,other_payable,balance.csv,other_payable,,,,,identity_q1_or_ytd_diff,False,missing_raw_value
601009.XSHG,balance,2014-03-31,2014q1,,insurance_contract_reserves,balance.csv,insurance_contract_reserves,0.0,0.0,0.0,,identity_q1_or_ytd_diff,True,
601009.XSHG,balance,2014-03-31,2014q1,,proxy_secu_proceeds,balance.csv,proxy_secu_proceeds,,,,,identity_q1_or_ytd_diff,False,missing_raw_value
601009.XSHG,balance,2014-03-31,2014q1,,non_current_liability_in_one_year,balance.csv,non_current_liability_in_one_year,,,,,identity_q1_or_ytd_diff,False,missing_raw_value
601009.XSHG,balance,2014-03-31,2014q1,,other_current_liability,balance.csv,other_current_liability,,,,,identity_q1_or_ytd_diff,False,missing_raw_value
601009.XSHG,balance,2014-03-31,2014q1,,total_current_liability,balance.csv,total_current_liability,,,,,identity_q1_or_ytd_diff,False,missing_raw_value
601009.XSHG,balance,2014-03-31,2014q1,,longterm_loan,balance.csv,longterm_loan,,,,,identity_q1_or_ytd_diff,False,missing_raw_value
601009.XSHG,balance,2014-03-31,2014q1,,bonds_payable,balance.csv,bonds_payable,10279016197.23,10279016197.23,10279016197.23,,identity_q1_or_ytd_diff,True,
601009.XSHG,balance,2014-03-31,2014q1,,estimate_liability,balance.csv,estimate_liability,,,,,identity_q1_or_ytd_diff,False,missing_raw_value
601009.XSHG,balance,2014-03-31,2014q1,,deferred_tax_liability,balance.csv,deferred_tax_liability,,,,,identity_q1_or_ytd_diff,False,missing_raw_value
601009.XSHG,balance,2014-03-31,2014q1,,other_non_current_liability,balance.csv,other_non_current_liability,,,,,identity_q1_or_ytd_diff,False,missing_raw_value
601009.XSHG,balance,2014-03-31,2014q1,,total_non_current_liability,balance.csv,total_non_current_liability,,,,,identity_q1_or_ytd_diff,False,missing_raw_value
601009.XSHG,balance,2014-03-31,2014q1,,total_liability,balance.csv,total_liability,475430112370.23,475430112370.23,475430112370.23,,identity_q1_or_ytd_diff,True,
601009.XSHG,balance,2014-03-31,2014q1,,paidin_capital,balance.csv,paidin_capital,2968933194.0,2968933194.0,2968933194.0,,identity_q1_or_ytd_diff,True,
601009.XSHG,balance,2014-03-31,2014q1,,capital_reserve_fund,balance.csv,capital_reserve_fund,9466361186.91,9466361186.91,9466361186.91,,identity_q1_or_ytd_diff,True,
601009.XSHG,balance,2014-03-31,2014q1,,treasury_stock,balance.csv,treasury_stock,,,,,identity_q1_or_ytd_diff,False,missing_raw_value
601009.XSHG,balance,2014-03-31,2014q1,,surplus_reserve_fund,balance.csv,surplus_reserve_fund,1578087548.43,1578087548.43,1578087548.43,,identity_q1_or_ytd_diff,True,
601009.XSHG,balance,2014-03-31,2014q1,,ordinary_risk_reserve_fund,balance.csv,ordinary_risk_reserve_fund,5075391097.53,5075391097.53,5075391097.53,,identity_q1_or_ytd_diff,True,
601009.XSHG,balance,2014-03-31,2014q1,,retained_profit,balance.csv,retained_profit,9367245824.88,9367245824.88,9367245824.88,,identity_q1_or_ytd_diff,True,
601009.XSHG,balance,2014-03-31,2014q1,,equities_parent_company_owners,balance.csv,equities_parent_company_owners,28456018851.75,28456018851.75,28456018851.75,,identity_q1_or_ytd_diff,True,
601009.XSHG,balance,2014-03-31,2014q1,,minority_interests,balance.csv,minority_interests,278054854.95,278054854.95,278054854.95,,identity_q1_or_ytd_diff,True,
601009.XSHG,balance,2014-03-31,2014q1,,total_owner_equities,balance.csv,total_owner_equities,28734073706.7,28734073706.7,28734073706.7,,identity_q1_or_ytd_diff,True,
601009.XSHG,balance,2014-03-31,2014q1,,other_comprehensive_income,balance.csv,other_comprehensive_income,,,,,identity_q1_or_ytd_diff,False,missing_raw_value
601009.XSHG,balance,2014-03-31,2014q1,,contract_assets,balance.csv,contract_assets,,,,,identity_q1_or_ytd_diff,False,missing_raw_value
601009.XSHG,balance,2014-03-31,2014q1,,contract_liability,balance.csv,contract_liability,,,,,identity_q1_or_ytd_diff,False,missing_raw_value
601009.XSHG,balance,2014-03-31,2014q1,,usufruct_assets,balance.csv,usufruct_assets,,,,,identity_q1_or_ytd_diff,False,missing_raw_value
601009.XSHG,balance,2014-06-30,2014q2,,cash_equivalents,balance.csv,cash_equivalents,86992396000.0,86992396000.0,86992396000.0,,identity_q1_or_ytd_diff,True,
601009.XSHG,balance,2014-06-30,2014q2,,settlement_provi,balance.csv,settlement_provi,,,,,identity_q1_or_ytd_diff,False,missing_raw_value
601009.XSHG,balance,2014-06-30,2014q2,,lend_capital,balance.csv,lend_capital,2961949000.0,2961949000.0,2961949000.0,,identity_q1_or_ytd_diff,True,
601009.XSHG,balance,2014-06-30,2014q2,,trading_assets,balance.csv,trading_assets,6209229000.0,6209229000.0,6209229000.0,,identity_q1_or_ytd_diff,True,
601009.XSHG,balance,2014-06-30,2014q2,,bill_receivable,balance.csv,bill_receivable,,,,,identity_q1_or_ytd_diff,False,missing_raw_value
601009.XSHG,balance,2014-06-30,2014q2,,account_receivable,balance.csv,account_receivable,,,,,identity_q1_or_ytd_diff,False,missing_raw_value
601009.XSHG,balance,2014-06-30,2014q2,,advance_payment,balance.csv,advance_payment,,,,,identity_q1_or_ytd_diff,False,missing_raw_value
601009.XSHG,balance,2014-06-30,2014q2,,insurance_receivables,balance.csv,insurance_receivables,,,,,identity_q1_or_ytd_diff,False,missing_raw_value
601009.XSHG,balance,2014-06-30,2014q2,,interest_receivable,balance.csv,interest_receivable,4271791000.0,4271791000.0,4271791000.0,,identity_q1_or_ytd_diff,True,
601009.XSHG,balance,2014-06-30,2014q2,,other_receivable,balance.csv,other_receivable,,,,,identity_q1_or_ytd_diff,False,missing_raw_value
601009.XSHG,balance,2014-06-30,2014q2,,bought_sellback_assets,balance.csv,bought_sellback_assets,40170868000.0,40170868000.0,40170868000.0,,identity_q1_or_ytd_diff,True,
601009.XSHG,balance,2014-06-30,2014q2,,inventories,balance.csv,inventories,,,,,identity_q1_or_ytd_diff,False,missing_raw_value
601009.XSHG,balance,2014-06-30,2014q2,,other_current_assets,balance.csv,other_current_assets,,,,,identity_q1_or_ytd_diff,False,missing_raw_value
601009.XSHG,balance,2014-06-30,2014q2,,total_current_assets,balance.csv,total_current_assets,,,,,identity_q1_or_ytd_diff,False,missing_raw_value
601009.XSHG,balance,2014-06-30,2014q2,,loan_and_advance,balance.csv,loan_and_advance,,,,,identity_q1_or_ytd_diff,False,missing_raw_value
601009.XSHG,balance,2014-06-30,2014q2,,hold_for_sale_assets,balance.csv,hold_for_sale_assets,42601813000.0,42601813000.0,42601813000.0,,identity_q1_or_ytd_diff,True,
601009.XSHG,balance,2014-06-30,2014q2,,hold_to_maturity_investments,balance.csv,hold_to_maturity_investments,53643056000.0,53643056000.0,53643056000.0,,identity_q1_or_ytd_diff,True,
601009.XSHG,balance,2014-06-30,2014q2,,longterm_equity_invest,balance.csv,longterm_equity_invest,2300279000.0,2300279000.0,2300279000.0,,identity_q1_or_ytd_diff,True,
601009.XSHG,balance,2014-06-30,2014q2,,investment_property,balance.csv,investment_property,20479000.0,20479000.0,20479000.0,,identity_q1_or_ytd_diff,True,
601009.XSHG,balance,2014-06-30,2014q2,,fixed_assets,balance.csv,fixed_assets,,,,,identity_q1_or_ytd_diff,False,missing_raw_value
601009.XSHG,balance,2014-06-30,2014q2,,constru_in_process,balance.csv,constru_in_process,,,,,identity_q1_or_ytd_diff,False,missing_raw_value
601009.XSHG,balance,2014-06-30,2014q2,,intangible_assets,balance.csv,intangible_assets,109918000.0,109918000.0,109918000.0,,identity_q1_or_ytd_diff,True,
601009.XSHG,balance,2014-06-30,2014q2,,good_will,balance.csv,good_will,,,,,identity_q1_or_ytd_diff,False,missing_raw_value
601009.XSHG,balance,2014-06-30,2014q2,,long_deferred_expense,balance.csv,long_deferred_expense,,,,,identity_q1_or_ytd_diff,False,missing_raw_value
601009.XSHG,balance,2014-06-30,2014q2,,deferred_tax_assets,balance.csv,deferred_tax_assets,861129000.0,861129000.0,861129000.0,,identity_q1_or_ytd_diff,True,
601009.XSHG,balance,2014-06-30,2014q2,,other_non_current_assets,balance.csv,other_non_current_assets,,,,,identity_q1_or_ytd_diff,False,missing_raw_value
601009.XSHG,balance,2014-06-30,2014q2,,total_non_current_assets,balance.csv,total_non_current_assets,,,,,identity_q1_or_ytd_diff,False,missing_raw_value
601009.XSHG,balance,2014-06-30,2014q2,,total_assets,balance.csv,total_assets,513732876000.0,513732876000.0,513732876000.0,,identity_q1_or_ytd_diff,True,
601009.XSHG,balance,2014-06-30,2014q2,,shortterm_loan,balance.csv,shortterm_loan,0.0,0.0,0.0,,identity_q1_or_ytd_diff,True,
601009.XSHG,balance,2014-06-30,2014q2,,borrowing_from_centralbank,balance.csv,borrowing_from_centralbank,1480000000.0,1480000000.0,1480000000.0,,identity_q1_or_ytd_diff,True,
601009.XSHG,balance,2014-06-30,2014q2,,deposit_in_interbank,balance.csv,deposit_in_interbank,428507879000.0,428507879000.0,428507879000.0,,identity_q1_or_ytd_diff,True,
601009.XSHG,balance,2014-06-30,2014q2,,borrowing_capital,balance.csv,borrowing_capital,14382196000.0,14382196000.0,14382196000.0,,identity_q1_or_ytd_diff,True,
601009.XSHG,balance,2014-06-30,2014q2,,trading_liability,balance.csv,trading_liability,,,,,identity_q1_or_ytd_diff,False,missing_raw_value
601009.XSHG,balance,2014-06-30,2014q2,,notes_payable,balance.csv,notes_payable,,,,,identity_q1_or_ytd_diff,False,missing_raw_value
601009.XSHG,balance,2014-06-30,2014q2,,accounts_payable,balance.csv,accounts_payable,,,,,identity_q1_or_ytd_diff,False,missing_raw_value
601009.XSHG,balance,2014-06-30,2014q2,,advance_peceipts,balance.csv,advance_peceipts,,,,,identity_q1_or_ytd_diff,False,missing_raw_value
601009.XSHG,balance,2014-06-30,2014q2,,sold_buyback_secu_proceeds,balance.csv,sold_buyback_secu_proceeds,17852684000.0,17852684000.0,17852684000.0,,identity_q1_or_ytd_diff,True,
601009.XSHG,balance,2014-06-30,2014q2,,commission_payable,balance.csv,commission_payable,,,,,identity_q1_or_ytd_diff,False,missing_raw_value
601009.XSHG,balance,2014-06-30,2014q2,,salaries_payable,balance.csv,salaries_payable,1038677000.0,1038677000.0,1038677000.0,,identity_q1_or_ytd_diff,True,
601009.XSHG,balance,2014-06-30,2014q2,,taxs_payable,balance.csv,taxs_payable,940398000.0,940398000.0,940398000.0,,identity_q1_or_ytd_diff,True,
601009.XSHG,balance,2014-06-30,2014q2,,interest_payable,balance.csv,interest_payable,6194570000.0,6194570000.0,6194570000.0,,identity_q1_or_ytd_diff,True,
601009.XSHG,balance,2014-06-30,2014q2,,other_payable,balance.csv,other_payable,,,,,identity_q1_or_ytd_diff,False,missing_raw_value
601009.XSHG,balance,2014-06-30,2014q2,,insurance_contract_reserves,balance.csv,insurance_contract_reserves,0.0,0.0,0.0,,identity_q1_or_ytd_diff,True,
601009.XSHG,balance,2014-06-30,2014q2,,proxy_secu_proceeds,balance.csv,proxy_secu_proceeds,,,,,identity_q1_or_ytd_diff,False,missing_raw_value
601009.XSHG,balance,2014-06-30,2014q2,,non_current_liability_in_one_year,balance.csv,non_current_liability_in_one_year,,,,,identity_q1_or_ytd_diff,False,missing_raw_value
601009.XSHG,balance,2014-06-30,2014q2,,other_current_liability,balance.csv,other_current_liability,,,,,identity_q1_or_ytd_diff,False,missing_raw_value
601009.XSHG,balance,2014-06-30,2014q2,,total_current_liability,balance.csv,total_current_liability,,,,,identity_q1_or_ytd_diff,False,missing_raw_value
601009.XSHG,balance,2014-06-30,2014q2,,longterm_loan,balance.csv,longterm_loan,,,,,identity_q1_or_ytd_diff,False,missing_raw_value
601009.XSHG,balance,2014-06-30,2014q2,,bonds_payable,balance.csv,bonds_payable,11268751000.0,11268751000.0,11268751000.0,,identity_q1_or_ytd_diff,True,
601009.XSHG,balance,2014-06-30,2014q2,,estimate_liability,balance.csv,estimate_liability,,,,,identity_q1_or_ytd_diff,False,missing_raw_value
601009.XSHG,balance,2014-06-30,2014q2,,deferred_tax_liability,balance.csv,deferred_tax_liability,,,,,identity_q1_or_ytd_diff,False,missing_raw_value
601009.XSHG,balance,2014-06-30,2014q2,,other_non_current_liability,balance.csv,other_non_current_liability,,,,,identity_q1_or_ytd_diff,False,missing_raw_value
601009.XSHG,balance,2014-06-30,2014q2,,total_non_current_liability,balance.csv,total_non_current_liability,,,,,identity_q1_or_ytd_diff,False,missing_raw_value
601009.XSHG,balance,2014-06-30,2014q2,,total_liability,balance.csv,total_liability,484256723000.0,484256723000.0,484256723000.0,,identity_q1_or_ytd_diff,True,
601009.XSHG,balance,2014-06-30,2014q2,,paidin_capital,balance.csv,paidin_capital,2968933000.0,2968933000.0,2968933000.0,,identity_q1_or_ytd_diff,True,
601009.XSHG,balance,2014-06-30,2014q2,,capital_reserve_fund,balance.csv,capital_reserve_fund,10102942000.0,10102942000.0,10102942000.0,,identity_q1_or_ytd_diff,True,
601009.XSHG,balance,2014-06-30,2014q2,,treasury_stock,balance.csv,treasury_stock,,,,,identity_q1_or_ytd_diff,False,missing_raw_value
601009.XSHG,balance,2014-06-30,2014q2,,surplus_reserve_fund,balance.csv,surplus_reserve_fund,2025518000.0,2025518000.0,2025518000.0,,identity_q1_or_ytd_diff,True,
601009.XSHG,balance,2014-06-30,2014q2,,ordinary_risk_reserve_fund,balance.csv,ordinary_risk_reserve_fund,5075391000.0,5075391000.0,5075391000.0,,identity_q1_or_ytd_diff,True,
601009.XSHG,balance,2014-06-30,2014q2,,retained_profit,balance.csv,retained_profit,9000875000.0,9000875000.0,9000875000.0,,identity_q1_or_ytd_diff,True,
601009.XSHG,balance,2014-06-30,2014q2,,equities_parent_company_owners,balance.csv,equities_parent_company_owners,29173659000.0,29173659000.0,29173659000.0,,identity_q1_or_ytd_diff,True,
601009.XSHG,balance,2014-06-30,2014q2,,minority_interests,balance.csv,minority_interests,302494000.0,302494000.0,302494000.0,,identity_q1_or_ytd_diff,True,
601009.XSHG,balance,2014-06-30,2014q2,,total_owner_equities,balance.csv,total_owner_equities,29476153000.0,29476153000.0,29476153000.0,,identity_q1_or_ytd_diff,True,
601009.XSHG,balance,2014-06-30,2014q2,,other_comprehensive_income,balance.csv,other_comprehensive_income,,,,,identity_q1_or_ytd_diff,False,missing_raw_value
601009.XSHG,balance,2014-06-30,2014q2,,contract_assets,balance.csv,contract_assets,,,,,identity_q1_or_ytd_diff,False,missing_raw_value
601009.XSHG,balance,2014-06-30,2014q2,,contract_liability,balance.csv,contract_liability,,,,,identity_q1_or_ytd_diff,False,missing_raw_value
601009.XSHG,balance,2014-06-30,2014q2,,usufruct_assets,balance.csv,usufruct_assets,,,,,identity_q1_or_ytd_diff,False,missing_raw_value
601009.XSHG,balance,2014-09-30,2014q3,,cash_equivalents,balance.csv,cash_equivalents,80026087470.16,80026087470.16,80026087470.16,,identity_q1_or_ytd_diff,True,
601009.XSHG,balance,2014-09-30,2014q3,,settlement_provi,balance.csv,settlement_provi,,,,,identity_q1_or_ytd_diff,False,missing_raw_value
601009.XSHG,balance,2014-09-30,2014q3,,lend_capital,balance.csv,lend_capital,7007711040.0,7007711040.0,7007711040.0,,identity_q1_or_ytd_diff,True,
601009.XSHG,balance,2014-09-30,2014q3,,trading_assets,balance.csv,trading_assets,6679494297.17,6679494297.17,6679494297.17,,identity_q1_or_ytd_diff,True,
601009.XSHG,balance,2014-09-30,2014q3,,bill_receivable,balance.csv,bill_receivable,,,,,identity_q1_or_ytd_diff,False,missing_raw_value
601009.XSHG,balance,2014-09-30,2014q3,,account_receivable,balance.csv,account_receivable,,,,,identity_q1_or_ytd_diff,False,missing_raw_value
601009.XSHG,balance,2014-09-30,2014q3,,advance_payment,balance.csv,advance_payment,,,,,identity_q1_or_ytd_diff,False,missing_raw_value
601009.XSHG,balance,2014-09-30,2014q3,,insurance_receivables,balance.csv,insurance_receivables,,,,,identity_q1_or_ytd_diff,False,missing_raw_value
601009.XSHG,balance,2014-09-30,2014q3,,interest_receivable,balance.csv,interest_receivable,4854849119.04,4854849119.04,4854849119.04,,identity_q1_or_ytd_diff,True,
601009.XSHG,balance,2014-09-30,2014q3,,other_receivable,balance.csv,other_receivable,,,,,identity_q1_or_ytd_diff,False,missing_raw_value
601009.XSHG,balance,2014-09-30,2014q3,,bought_sellback_assets,balance.csv,bought_sellback_assets,33095282564.07,33095282564.07,33095282564.07,,identity_q1_or_ytd_diff,True,
601009.XSHG,balance,2014-09-30,2014q3,,inventories,balance.csv,inventories,,,,,identity_q1_or_ytd_diff,False,missing_raw_value
601009.XSHG,balance,2014-09-30,2014q3,,other_current_assets,balance.csv,other_current_assets,,,,,identity_q1_or_ytd_diff,False,missing_raw_value
601009.XSHG,balance,2014-09-30,2014q3,,total_current_assets,balance.csv,total_current_assets,,,,,identity_q1_or_ytd_diff,False,missing_raw_value
601009.XSHG,balance,2014-09-30,2014q3,,loan_and_advance,balance.csv,loan_and_advance,,,,,identity_q1_or_ytd_diff,False,missing_raw_value
601009.XSHG,balance,2014-09-30,2014q3,,hold_for_sale_assets,balance.csv,hold_for_sale_assets,44221361121.15,44221361121.15,44221361121.15,,identity_q1_or_ytd_diff,True,
601009.XSHG,balance,2014-09-30,2014q3,,hold_to_maturity_investments,balance.csv,hold_to_maturity_investments,64644341598.79,64644341598.79,64644341598.79,,identity_q1_or_ytd_diff,True,
601009.XSHG,balance,2014-09-30,2014q3,,longterm_equity_invest,balance.csv,longterm_equity_invest,2291927582.37,2291927582.37,2291927582.37,,identity_q1_or_ytd_diff,True,
601009.XSHG,balance,2014-09-30,2014q3,,investment_property,balance.csv,investment_property,19517576.79,19517576.79,19517576.79,,identity_q1_or_ytd_diff,True,
601009.XSHG,balance,2014-09-30,2014q3,,fixed_assets,balance.csv,fixed_assets,,,,,identity_q1_or_ytd_diff,False,missing_raw_value
601009.XSHG,balance,2014-09-30,2014q3,,constru_in_process,balance.csv,constru_in_process,,,,,identity_q1_or_ytd_diff,False,missing_raw_value
601009.XSHG,balance,2014-09-30,2014q3,,intangible_assets,balance.csv,intangible_assets,107636059.34,107636059.34,107636059.34,,identity_q1_or_ytd_diff,True,
601009.XSHG,balance,2014-09-30,2014q3,,good_will,balance.csv,good_will,,,,,identity_q1_or_ytd_diff,False,missing_raw_value
601009.XSHG,balance,2014-09-30,2014q3,,long_deferred_expense,balance.csv,long_deferred_expense,,,,,identity_q1_or_ytd_diff,False,missing_raw_value
601009.XSHG,balance,2014-09-30,2014q3,,deferred_tax_assets,balance.csv,deferred_tax_assets,1034578547.79,1034578547.79,1034578547.79,,identity_q1_or_ytd_diff,True,
601009.XSHG,balance,2014-09-30,2014q3,,other_non_current_assets,balance.csv,other_non_current_assets,,,,,identity_q1_or_ytd_diff,False,missing_raw_value
601009.XSHG,balance,2014-09-30,2014q3,,total_non_current_assets,balance.csv,total_non_current_assets,,,,,identity_q1_or_ytd_diff,False,missing_raw_value
601009.XSHG,balance,2014-09-30,2014q3,,total_assets,balance.csv,total_assets,546287172065.45,546287172065.45,546287172065.45,,identity_q1_or_ytd_diff,True,
601009.XSHG,balance,2014-09-30,2014q3,,shortterm_loan,balance.csv,shortterm_loan,0.0,0.0,0.0,,identity_q1_or_ytd_diff,True,
601009.XSHG,balance,2014-09-30,2014q3,,borrowing_from_centralbank,balance.csv,borrowing_from_centralbank,1630000000.0,1630000000.0,1630000000.0,,identity_q1_or_ytd_diff,True,
601009.XSHG,balance,2014-09-30,2014q3,,deposit_in_interbank,balance.csv,deposit_in_interbank,434961833595.16,434961833595.16,434961833595.16,,identity_q1_or_ytd_diff,True,
601009.XSHG,balance,2014-09-30,2014q3,,borrowing_capital,balance.csv,borrowing_capital,14211505866.72,14211505866.72,14211505866.72,,identity_q1_or_ytd_diff,True,
601009.XSHG,balance,2014-09-30,2014q3,,trading_liability,balance.csv,trading_liability,,,,,identity_q1_or_ytd_diff,False,missing_raw_value
601009.XSHG,balance,2014-09-30,2014q3,,notes_payable,balance.csv,notes_payable,,,,,identity_q1_or_ytd_diff,False,missing_raw_value
601009.XSHG,balance,2014-09-30,2014q3,,accounts_payable,balance.csv,accounts_payable,,,,,identity_q1_or_ytd_diff,False,missing_raw_value
601009.XSHG,balance,2014-09-30,2014q3,,advance_peceipts,balance.csv,advance_peceipts,,,,,identity_q1_or_ytd_diff,False,missing_raw_value
601009.XSHG,balance,2014-09-30,2014q3,,sold_buyback_secu_proceeds,balance.csv,sold_buyback_secu_proceeds,33370719895.46,33370719895.46,33370719895.46,,identity_q1_or_ytd_diff,True,
601009.XSHG,balance,2014-09-30,2014q3,,commission_payable,balance.csv,commission_payable,,,,,identity_q1_or_ytd_diff,False,missing_raw_value
601009.XSHG,balance,2014-09-30,2014q3,,salaries_payable,balance.csv,salaries_payable,1134656689.91,1134656689.91,1134656689.91,,identity_q1_or_ytd_diff,True,
601009.XSHG,balance,2014-09-30,2014q3,,taxs_payable,balance.csv,taxs_payable,1174780855.55,1174780855.55,1174780855.55,,identity_q1_or_ytd_diff,True,
601009.XSHG,balance,2014-09-30,2014q3,,interest_payable,balance.csv,interest_payable,6501966541.5,6501966541.5,6501966541.5,,identity_q1_or_ytd_diff,True,
601009.XSHG,balance,2014-09-30,2014q3,,other_payable,balance.csv,other_payable,,,,,identity_q1_or_ytd_diff,False,missing_raw_value
601009.XSHG,balance,2014-09-30,2014q3,,insurance_contract_reserves,balance.csv,insurance_contract_reserves,0.0,0.0,0.0,,identity_q1_or_ytd_diff,True,
601009.XSHG,balance,2014-09-30,2014q3,,proxy_secu_proceeds,balance.csv,proxy_secu_proceeds,,,,,identity_q1_or_ytd_diff,False,missing_raw_value
601009.XSHG,balance,2014-09-30,2014q3,,non_current_liability_in_one_year,balance.csv,non_current_liability_in_one_year,,,,,identity_q1_or_ytd_diff,False,missing_raw_value
601009.XSHG,balance,2014-09-30,2014q3,,other_current_liability,balance.csv,other_current_liability,,,,,identity_q1_or_ytd_diff,False,missing_raw_value
601009.XSHG,balance,2014-09-30,2014q3,,total_current_liability,balance.csv,total_current_liability,,,,,identity_q1_or_ytd_diff,False,missing_raw_value
601009.XSHG,balance,2014-09-30,2014q3,,longterm_loan,balance.csv,longterm_loan,,,,,identity_q1_or_ytd_diff,False,missing_raw_value
601009.XSHG,balance,2014-09-30,2014q3,,bonds_payable,balance.csv,bonds_payable,18974986918.16,18974986918.16,18974986918.16,,identity_q1_or_ytd_diff,True,
601009.XSHG,balance,2014-09-30,2014q3,,estimate_liability,balance.csv,estimate_liability,,,,,identity_q1_or_ytd_diff,False,missing_raw_value
601009.XSHG,balance,2014-09-30,2014q3,,deferred_tax_liability,balance.csv,deferred_tax_liability,,,,,identity_q1_or_ytd_diff,False,missing_raw_value
601009.XSHG,balance,2014-09-30,2014q3,,other_non_current_liability,balance.csv,other_non_current_liability,,,,,identity_q1_or_ytd_diff,False,missing_raw_value
601009.XSHG,balance,2014-09-30,2014q3,,total_non_current_liability,balance.csv,total_non_current_liability,,,,,identity_q1_or_ytd_diff,False,missing_raw_value
601009.XSHG,balance,2014-09-30,2014q3,,total_liability,balance.csv,total_liability,515310328018.5,515310328018.5,515310328018.5,,identity_q1_or_ytd_diff,True,
601009.XSHG,balance,2014-09-30,2014q3,,paidin_capital,balance.csv,paidin_capital,2968933194.0,2968933194.0,2968933194.0,,identity_q1_or_ytd_diff,True,
601009.XSHG,balance,2014-09-30,2014q3,,capital_reserve_fund,balance.csv,capital_reserve_fund,10354355056.21,10354355056.21,10354355056.21,,identity_q1_or_ytd_diff,True,
601009.XSHG,balance,2014-09-30,2014q3,,treasury_stock,balance.csv,treasury_stock,,,,,identity_q1_or_ytd_diff,False,missing_raw_value
601009.XSHG,balance,2014-09-30,2014q3,,surplus_reserve_fund,balance.csv,surplus_reserve_fund,2025517467.11,2025517467.11,2025517467.11,,identity_q1_or_ytd_diff,True,
601009.XSHG,balance,2014-09-30,2014q3,,ordinary_risk_reserve_fund,balance.csv,ordinary_risk_reserve_fund,5020524282.19,5020524282.19,5020524282.19,,identity_q1_or_ytd_diff,True,
601009.XSHG,balance,2014-09-30,2014q3,,retained_profit,balance.csv,retained_profit,10294257397.21,10294257397.21,10294257397.21,,identity_q1_or_ytd_diff,True,
601009.XSHG,balance,2014-09-30,2014q3,,equities_parent_company_owners,balance.csv,equities_parent_company_owners,30663587396.72,30663587396.72,30663587396.72,,identity_q1_or_ytd_diff,True,
601009.XSHG,balance,2014-09-30,2014q3,,minority_interests,balance.csv,minority_interests,313256650.23,313256650.23,313256650.23,,identity_q1_or_ytd_diff,True,
601009.XSHG,balance,2014-09-30,2014q3,,total_owner_equities,balance.csv,total_owner_equities,30976844046.95,30976844046.95,30976844046.95,,identity_q1_or_ytd_diff,True,
601009.XSHG,balance,2014-09-30,2014q3,,other_comprehensive_income,balance.csv,other_comprehensive_income,,,,,identity_q1_or_ytd_diff,False,missing_raw_value
601009.XSHG,balance,2014-09-30,2014q3,,contract_assets,balance.csv,contract_assets,,,,,identity_q1_or_ytd_diff,False,missing_raw_value
601009.XSHG,balance,2014-09-30,2014q3,,contract_liability,balance.csv,contract_liability,,,,,identity_q1_or_ytd_diff,False,missing_raw_value
601009.XSHG,balance,2014-09-30,2014q3,,usufruct_assets,balance.csv,usufruct_assets,,,,,identity_q1_or_ytd_diff,False,missing_raw_value
601009.XSHG,balance,2014-12-31,2014q4,,cash_equivalents,balance.csv,cash_equivalents,91877190000.0,91877190000.0,91877190000.0,,identity_q1_or_ytd_diff,True,
601009.XSHG,balance,2014-12-31,2014q4,,settlement_provi,balance.csv,settlement_provi,,,,,identity_q1_or_ytd_diff,False,missing_raw_value
601009.XSHG,balance,2014-12-31,2014q4,,lend_capital,balance.csv,lend_capital,7001201000.0,7001201000.0,7001201000.0,,identity_q1_or_ytd_diff,True,
601009.XSHG,balance,2014-12-31,2014q4,,trading_assets,balance.csv,trading_assets,8269534000.0,8269534000.0,8269534000.0,,identity_q1_or_ytd_diff,True,
601009.XSHG,balance,2014-12-31,2014q4,,bill_receivable,balance.csv,bill_receivable,,,,,identity_q1_or_ytd_diff,False,missing_raw_value
601009.XSHG,balance,2014-12-31,2014q4,,account_receivable,balance.csv,account_receivable,,,,,identity_q1_or_ytd_diff,False,missing_raw_value
601009.XSHG,balance,2014-12-31,2014q4,,advance_payment,balance.csv,advance_payment,,,,,identity_q1_or_ytd_diff,False,missing_raw_value
601009.XSHG,balance,2014-12-31,2014q4,,insurance_receivables,balance.csv,insurance_receivables,,,,,identity_q1_or_ytd_diff,False,missing_raw_value
601009.XSHG,balance,2014-12-31,2014q4,,interest_receivable,balance.csv,interest_receivable,5090628000.0,5090628000.0,5090628000.0,,identity_q1_or_ytd_diff,True,
601009.XSHG,balance,2014-12-31,2014q4,,other_receivable,balance.csv,other_receivable,,,,,identity_q1_or_ytd_diff,False,missing_raw_value
601009.XSHG,balance,2014-12-31,2014q4,,bought_sellback_assets,balance.csv,bought_sellback_assets,14497978000.0,14497978000.0,14497978000.0,,identity_q1_or_ytd_diff,True,
601009.XSHG,balance,2014-12-31,2014q4,,inventories,balance.csv,inventories,,,,,identity_q1_or_ytd_diff,False,missing_raw_value
601009.XSHG,balance,2014-12-31,2014q4,,other_current_assets,balance.csv,other_current_assets,,,,,identity_q1_or_ytd_diff,False,missing_raw_value
601009.XSHG,balance,2014-12-31,2014q4,,total_current_assets,balance.csv,total_current_assets,,,,,identity_q1_or_ytd_diff,False,missing_raw_value
601009.XSHG,balance,2014-12-31,2014q4,,loan_and_advance,balance.csv,loan_and_advance,,,,,identity_q1_or_ytd_diff,False,missing_raw_value
601009.XSHG,balance,2014-12-31,2014q4,,hold_for_sale_assets,balance.csv,hold_for_sale_assets,55363967000.0,55363967000.0,55363967000.0,,identity_q1_or_ytd_diff,True,
601009.XSHG,balance,2014-12-31,2014q4,,hold_to_maturity_investments,balance.csv,hold_to_maturity_investments,67056146000.0,67056146000.0,67056146000.0,,identity_q1_or_ytd_diff,True,
601009.XSHG,balance,2014-12-31,2014q4,,longterm_equity_invest,balance.csv,longterm_equity_invest,2429971000.0,2429971000.0,2429971000.0,,identity_q1_or_ytd_diff,True,
601009.XSHG,balance,2014-12-31,2014q4,,investment_property,balance.csv,investment_property,18556000.0,18556000.0,18556000.0,,identity_q1_or_ytd_diff,True,
601009.XSHG,balance,2014-12-31,2014q4,,fixed_assets,balance.csv,fixed_assets,3652775000.0,3652775000.0,3652775000.0,,identity_q1_or_ytd_diff,True,
601009.XSHG,balance,2014-12-31,2014q4,,constru_in_process,balance.csv,constru_in_process,,,,,identity_q1_or_ytd_diff,False,missing_raw_value
601009.XSHG,balance,2014-12-31,2014q4,,intangible_assets,balance.csv,intangible_assets,118867000.0,118867000.0,118867000.0,,identity_q1_or_ytd_diff,True,
601009.XSHG,balance,2014-12-31,2014q4,,good_will,balance.csv,good_will,,,,,identity_q1_or_ytd_diff,False,missing_raw_value
601009.XSHG,balance,2014-12-31,2014q4,,long_deferred_expense,balance.csv,long_deferred_expense,,,,,identity_q1_or_ytd_diff,False,missing_raw_value
601009.XSHG,balance,2014-12-31,2014q4,,deferred_tax_assets,balance.csv,deferred_tax_assets,1091852000.0,1091852000.0,1091852000.0,,identity_q1_or_ytd_diff,True,
601009.XSHG,balance,2014-12-31,2014q4,,other_non_current_assets,balance.csv,other_non_current_assets,,,,,identity_q1_or_ytd_diff,False,missing_raw_value
601009.XSHG,balance,2014-12-31,2014q4,,total_non_current_assets,balance.csv,total_non_current_assets,,,,,identity_q1_or_ytd_diff,False,missing_raw_value
601009.XSHG,balance,2014-12-31,2014q4,,total_assets,balance.csv,total_assets,573150181000.0,573150181000.0,573150181000.0,,identity_q1_or_ytd_diff,True,
601009.XSHG,balance,2014-12-31,2014q4,,shortterm_loan,balance.csv,shortterm_loan,0.0,0.0,0.0,,identity_q1_or_ytd_diff,True,
601009.XSHG,balance,2014-12-31,2014q4,,borrowing_from_centralbank,balance.csv,borrowing_from_centralbank,1830000000.0,1830000000.0,1830000000.0,,identity_q1_or_ytd_diff,True,
601009.XSHG,balance,2014-12-31,2014q4,,deposit_in_interbank,balance.csv,deposit_in_interbank,452902347000.0,452902347000.0,452902347000.0,,identity_q1_or_ytd_diff,True,
601009.XSHG,balance,2014-12-31,2014q4,,borrowing_capital,balance.csv,borrowing_capital,8625185000.0,8625185000.0,8625185000.0,,identity_q1_or_ytd_diff,True,
601009.XSHG,balance,2014-12-31,2014q4,,trading_liability,balance.csv,trading_liability,,,,,identity_q1_or_ytd_diff,False,missing_raw_value
601009.XSHG,balance,2014-12-31,2014q4,,notes_payable,balance.csv,notes_payable,,,,,identity_q1_or_ytd_diff,False,missing_raw_value
601009.XSHG,balance,2014-12-31,2014q4,,accounts_payable,balance.csv,accounts_payable,,,,,identity_q1_or_ytd_diff,False,missing_raw_value
601009.XSHG,balance,2014-12-31,2014q4,,advance_peceipts,balance.csv,advance_peceipts,,,,,identity_q1_or_ytd_diff,False,missing_raw_value
601009.XSHG,balance,2014-12-31,2014q4,,sold_buyback_secu_proceeds,balance.csv,sold_buyback_secu_proceeds,30907273000.0,30907273000.0,30907273000.0,,identity_q1_or_ytd_diff,True,
601009.XSHG,balance,2014-12-31,2014q4,,commission_payable,balance.csv,commission_payable,,,,,identity_q1_or_ytd_diff,False,missing_raw_value
601009.XSHG,balance,2014-12-31,2014q4,,salaries_payable,balance.csv,salaries_payable,1273045000.0,1273045000.0,1273045000.0,,identity_q1_or_ytd_diff,True,
601009.XSHG,balance,2014-12-31,2014q4,,taxs_payable,balance.csv,taxs_payable,1139564000.0,1139564000.0,1139564000.0,,identity_q1_or_ytd_diff,True,
601009.XSHG,balance,2014-12-31,2014q4,,interest_payable,balance.csv,interest_payable,6704392000.0,6704392000.0,6704392000.0,,identity_q1_or_ytd_diff,True,
601009.XSHG,balance,2014-12-31,2014q4,,other_payable,balance.csv,other_payable,,,,,identity_q1_or_ytd_diff,False,missing_raw_value
601009.XSHG,balance,2014-12-31,2014q4,,insurance_contract_reserves,balance.csv,insurance_contract_reserves,0.0,0.0,0.0,,identity_q1_or_ytd_diff,True,
601009.XSHG,balance,2014-12-31,2014q4,,proxy_secu_proceeds,balance.csv,proxy_secu_proceeds,,,,,identity_q1_or_ytd_diff,False,missing_raw_value
601009.XSHG,balance,2014-12-31,2014q4,,non_current_liability_in_one_year,balance.csv,non_current_liability_in_one_year,,,,,identity_q1_or_ytd_diff,False,missing_raw_value
601009.XSHG,balance,2014-12-31,2014q4,,other_current_liability,balance.csv,other_current_liability,,,,,identity_q1_or_ytd_diff,False,missing_raw_value
601009.XSHG,balance,2014-12-31,2014q4,,total_current_liability,balance.csv,total_current_liability,,,,,identity_q1_or_ytd_diff,False,missing_raw_value
601009.XSHG,balance,2014-12-31,2014q4,,longterm_loan,balance.csv,longterm_loan,,,,,identity_q1_or_ytd_diff,False,missing_raw_value
601009.XSHG,balance,2014-12-31,2014q4,,bonds_payable,balance.csv,bonds_payable,33856401000.0,33856401000.0,33856401000.0,,identity_q1_or_ytd_diff,True,
601009.XSHG,balance,2014-12-31,2014q4,,estimate_liability,balance.csv,estimate_liability,,,,,identity_q1_or_ytd_diff,False,missing_raw_value
601009.XSHG,balance,2014-12-31,2014q4,,deferred_tax_liability,balance.csv,deferred_tax_liability,,,,,identity_q1_or_ytd_diff,False,missing_raw_value
601009.XSHG,balance,2014-12-31,2014q4,,other_non_current_liability,balance.csv,other_non_current_liability,,,,,identity_q1_or_ytd_diff,False,missing_raw_value
601009.XSHG,balance,2014-12-31,2014q4,,total_non_current_liability,balance.csv,total_non_current_liability,,,,,identity_q1_or_ytd_diff,False,missing_raw_value
601009.XSHG,balance,2014-12-31,2014q4,,total_liability,balance.csv,total_liability,540366394000.0,540366394000.0,540366394000.0,,identity_q1_or_ytd_diff,True,
601009.XSHG,balance,2014-12-31,2014q4,,paidin_capital,balance.csv,paidin_capital,2968933000.0,2968933000.0,2968933000.0,,identity_q1_or_ytd_diff,True,
601009.XSHG,balance,2014-12-31,2014q4,,capital_reserve_fund,balance.csv,capital_reserve_fund,10354248000.0,10354248000.0,10354248000.0,,identity_q1_or_ytd_diff,True,
601009.XSHG,balance,2014-12-31,2014q4,,treasury_stock,balance.csv,treasury_stock,,,,,identity_q1_or_ytd_diff,False,missing_raw_value
601009.XSHG,balance,2014-12-31,2014q4,,surplus_reserve_fund,balance.csv,surplus_reserve_fund,2025517000.0,2025517000.0,2025517000.0,,identity_q1_or_ytd_diff,True,
601009.XSHG,balance,2014-12-31,2014q4,,ordinary_risk_reserve_fund,balance.csv,ordinary_risk_reserve_fund,6348380000.0,6348380000.0,6348380000.0,,identity_q1_or_ytd_diff,True,
601009.XSHG,balance,2014-12-31,2014q4,,retained_profit,balance.csv,retained_profit,10469947000.0,10469947000.0,10469947000.0,,identity_q1_or_ytd_diff,True,
601009.XSHG,balance,2014-12-31,2014q4,,equities_parent_company_owners,balance.csv,equities_parent_company_owners,32448913000.0,32448913000.0,32448913000.0,,identity_q1_or_ytd_diff,True,
601009.XSHG,balance,2014-12-31,2014q4,,minority_interests,balance.csv,minority_interests,334874000.0,334874000.0,334874000.0,,identity_q1_or_ytd_diff,True,
601009.XSHG,balance,2014-12-31,2014q4,,total_owner_equities,balance.csv,total_owner_equities,32783787000.0,32783787000.0,32783787000.0,,identity_q1_or_ytd_diff,True,
601009.XSHG,balance,2014-12-31,2014q4,,other_comprehensive_income,balance.csv,other_comprehensive_income,281888000.0,281888000.0,281888000.0,,identity_q1_or_ytd_diff,True,
601009.XSHG,balance,2014-12-31,2014q4,,contract_assets,balance.csv,contract_assets,,,,,identity_q1_or_ytd_diff,False,missing_raw_value
601009.XSHG,balance,2014-12-31,2014q4,,contract_liability,balance.csv,contract_liability,,,,,identity_q1_or_ytd_diff,False,missing_raw_value
601009.XSHG,balance,2014-12-31,2014q4,,usufruct_assets,balance.csv,usufruct_assets,,,,,identity_q1_or_ytd_diff,False,missing_raw_value
601009.XSHG,balance,2015-03-31,2015q1,,cash_equivalents,balance.csv,cash_equivalents,113271846000.0,113271846000.0,113271846000.0,,identity_q1_or_ytd_diff,True,
601009.XSHG,balance,2015-03-31,2015q1,,settlement_provi,balance.csv,settlement_provi,,,,,identity_q1_or_ytd_diff,False,missing_raw_value
601009.XSHG,balance,2015-03-31,2015q1,,lend_capital,balance.csv,lend_capital,5604988000.0,5604988000.0,5604988000.0,,identity_q1_or_ytd_diff,True,
601009.XSHG,balance,2015-03-31,2015q1,,trading_assets,balance.csv,trading_assets,11090337000.0,11090337000.0,11090337000.0,,identity_q1_or_ytd_diff,True,
601009.XSHG,balance,2015-03-31,2015q1,,bill_receivable,balance.csv,bill_receivable,,,,,identity_q1_or_ytd_diff,False,missing_raw_value
601009.XSHG,balance,2015-03-31,2015q1,,account_receivable,balance.csv,account_receivable,,,,,identity_q1_or_ytd_diff,False,missing_raw_value
601009.XSHG,balance,2015-03-31,2015q1,,advance_payment,balance.csv,advance_payment,,,,,identity_q1_or_ytd_diff,False,missing_raw_value
601009.XSHG,balance,2015-03-31,2015q1,,insurance_receivables,balance.csv,insurance_receivables,,,,,identity_q1_or_ytd_diff,False,missing_raw_value
601009.XSHG,balance,2015-03-31,2015q1,,interest_receivable,balance.csv,interest_receivable,5470817000.0,5470817000.0,5470817000.0,,identity_q1_or_ytd_diff,True,
601009.XSHG,balance,2015-03-31,2015q1,,other_receivable,balance.csv,other_receivable,,,,,identity_q1_or_ytd_diff,False,missing_raw_value
601009.XSHG,balance,2015-03-31,2015q1,,bought_sellback_assets,balance.csv,bought_sellback_assets,15141092000.0,15141092000.0,15141092000.0,,identity_q1_or_ytd_diff,True,
601009.XSHG,balance,2015-03-31,2015q1,,inventories,balance.csv,inventories,,,,,identity_q1_or_ytd_diff,False,missing_raw_value
601009.XSHG,balance,2015-03-31,2015q1,,other_current_assets,balance.csv,other_current_assets,,,,,identity_q1_or_ytd_diff,False,missing_raw_value
601009.XSHG,balance,2015-03-31,2015q1,,total_current_assets,balance.csv,total_current_assets,,,,,identity_q1_or_ytd_diff,False,missing_raw_value
601009.XSHG,balance,2015-03-31,2015q1,,loan_and_advance,balance.csv,loan_and_advance,,,,,identity_q1_or_ytd_diff,False,missing_raw_value
601009.XSHG,balance,2015-03-31,2015q1,,hold_for_sale_assets,balance.csv,hold_for_sale_assets,73391003000.0,73391003000.0,73391003000.0,,identity_q1_or_ytd_diff,True,
601009.XSHG,balance,2015-03-31,2015q1,,hold_to_maturity_investments,balance.csv,hold_to_maturity_investments,66966788000.0,66966788000.0,66966788000.0,,identity_q1_or_ytd_diff,True,
601009.XSHG,balance,2015-03-31,2015q1,,longterm_equity_invest,balance.csv,longterm_equity_invest,2513432000.0,2513432000.0,2513432000.0,,identity_q1_or_ytd_diff,True,
601009.XSHG,balance,2015-03-31,2015q1,,investment_property,balance.csv,investment_property,17594000.0,17594000.0,17594000.0,,identity_q1_or_ytd_diff,True,
601009.XSHG,balance,2015-03-31,2015q1,,fixed_assets,balance.csv,fixed_assets,4132625000.0,4132625000.0,4132625000.0,,identity_q1_or_ytd_diff,True,
601009.XSHG,balance,2015-03-31,2015q1,,constru_in_process,balance.csv,constru_in_process,,,,,identity_q1_or_ytd_diff,False,missing_raw_value
601009.XSHG,balance,2015-03-31,2015q1,,intangible_assets,balance.csv,intangible_assets,114375000.0,114375000.0,114375000.0,,identity_q1_or_ytd_diff,True,
601009.XSHG,balance,2015-03-31,2015q1,,good_will,balance.csv,good_will,,,,,identity_q1_or_ytd_diff,False,missing_raw_value
601009.XSHG,balance,2015-03-31,2015q1,,long_deferred_expense,balance.csv,long_deferred_expense,,,,,identity_q1_or_ytd_diff,False,missing_raw_value
601009.XSHG,balance,2015-03-31,2015q1,,deferred_tax_assets,balance.csv,deferred_tax_assets,1475679000.0,1475679000.0,1475679000.0,,identity_q1_or_ytd_diff,True,
601009.XSHG,balance,2015-03-31,2015q1,,other_non_current_assets,balance.csv,other_non_current_assets,,,,,identity_q1_or_ytd_diff,False,missing_raw_value
601009.XSHG,balance,2015-03-31,2015q1,,total_non_current_assets,balance.csv,total_non_current_assets,,,,,identity_q1_or_ytd_diff,False,missing_raw_value
601009.XSHG,balance,2015-03-31,2015q1,,total_assets,balance.csv,total_assets,662295689000.0,662295689000.0,662295689000.0,,identity_q1_or_ytd_diff,True,
601009.XSHG,balance,2015-03-31,2015q1,,shortterm_loan,balance.csv,shortterm_loan,0.0,0.0,0.0,,identity_q1_or_ytd_diff,True,
601009.XSHG,balance,2015-03-31,2015q1,,borrowing_from_centralbank,balance.csv,borrowing_from_centralbank,3200000000.0,3200000000.0,3200000000.0,,identity_q1_or_ytd_diff,True,
601009.XSHG,balance,2015-03-31,2015q1,,deposit_in_interbank,balance.csv,deposit_in_interbank,505364562000.0,505364562000.0,505364562000.0,,identity_q1_or_ytd_diff,True,
601009.XSHG,balance,2015-03-31,2015q1,,borrowing_capital,balance.csv,borrowing_capital,15541122000.0,15541122000.0,15541122000.0,,identity_q1_or_ytd_diff,True,
601009.XSHG,balance,2015-03-31,2015q1,,trading_liability,balance.csv,trading_liability,,,,,identity_q1_or_ytd_diff,False,missing_raw_value
601009.XSHG,balance,2015-03-31,2015q1,,notes_payable,balance.csv,notes_payable,,,,,identity_q1_or_ytd_diff,False,missing_raw_value
601009.XSHG,balance,2015-03-31,2015q1,,accounts_payable,balance.csv,accounts_payable,,,,,identity_q1_or_ytd_diff,False,missing_raw_value
601009.XSHG,balance,2015-03-31,2015q1,,advance_peceipts,balance.csv,advance_peceipts,,,,,identity_q1_or_ytd_diff,False,missing_raw_value
601009.XSHG,balance,2015-03-31,2015q1,,sold_buyback_secu_proceeds,balance.csv,sold_buyback_secu_proceeds,35611824000.0,35611824000.0,35611824000.0,,identity_q1_or_ytd_diff,True,
601009.XSHG,balance,2015-03-31,2015q1,,commission_payable,balance.csv,commission_payable,,,,,identity_q1_or_ytd_diff,False,missing_raw_value
601009.XSHG,balance,2015-03-31,2015q1,,salaries_payable,balance.csv,salaries_payable,1130774000.0,1130774000.0,1130774000.0,,identity_q1_or_ytd_diff,True,
601009.XSHG,balance,2015-03-31,2015q1,,taxs_payable,balance.csv,taxs_payable,1585791000.0,1585791000.0,1585791000.0,,identity_q1_or_ytd_diff,True,
601009.XSHG,balance,2015-03-31,2015q1,,interest_payable,balance.csv,interest_payable,6683093000.0,6683093000.0,6683093000.0,,identity_q1_or_ytd_diff,True,
601009.XSHG,balance,2015-03-31,2015q1,,other_payable,balance.csv,other_payable,,,,,identity_q1_or_ytd_diff,False,missing_raw_value
601009.XSHG,balance,2015-03-31,2015q1,,insurance_contract_reserves,balance.csv,insurance_contract_reserves,0.0,0.0,0.0,,identity_q1_or_ytd_diff,True,
601009.XSHG,balance,2015-03-31,2015q1,,proxy_secu_proceeds,balance.csv,proxy_secu_proceeds,,,,,identity_q1_or_ytd_diff,False,missing_raw_value
601009.XSHG,balance,2015-03-31,2015q1,,non_current_liability_in_one_year,balance.csv,non_current_liability_in_one_year,,,,,identity_q1_or_ytd_diff,False,missing_raw_value
601009.XSHG,balance,2015-03-31,2015q1,,other_current_liability,balance.csv,other_current_liability,,,,,identity_q1_or_ytd_diff,False,missing_raw_value
601009.XSHG,balance,2015-03-31,2015q1,,total_current_liability,balance.csv,total_current_liability,,,,,identity_q1_or_ytd_diff,False,missing_raw_value
601009.XSHG,balance,2015-03-31,2015q1,,longterm_loan,balance.csv,longterm_loan,,,,,identity_q1_or_ytd_diff,False,missing_raw_value
601009.XSHG,balance,2015-03-31,2015q1,,bonds_payable,balance.csv,bonds_payable,55240685000.0,55240685000.0,55240685000.0,,identity_q1_or_ytd_diff,True,
601009.XSHG,balance,2015-03-31,2015q1,,estimate_liability,balance.csv,estimate_liability,,,,,identity_q1_or_ytd_diff,False,missing_raw_value
601009.XSHG,balance,2015-03-31,2015q1,,deferred_tax_liability,balance.csv,deferred_tax_liability,,,,,identity_q1_or_ytd_diff,False,missing_raw_value
601009.XSHG,balance,2015-03-31,2015q1,,other_non_current_liability,balance.csv,other_non_current_liability,,,,,identity_q1_or_ytd_diff,False,missing_raw_value
601009.XSHG,balance,2015-03-31,2015q1,,total_non_current_liability,balance.csv,total_non_current_liability,,,,,identity_q1_or_ytd_diff,False,missing_raw_value
601009.XSHG,balance,2015-03-31,2015q1,,total_liability,balance.csv,total_liability,627997108000.0,627997108000.0,627997108000.0,,identity_q1_or_ytd_diff,True,
601009.XSHG,balance,2015-03-31,2015q1,,paidin_capital,balance.csv,paidin_capital,2968933000.0,2968933000.0,2968933000.0,,identity_q1_or_ytd_diff,True,
601009.XSHG,balance,2015-03-31,2015q1,,capital_reserve_fund,balance.csv,capital_reserve_fund,10354248000.0,10354248000.0,10354248000.0,,identity_q1_or_ytd_diff,True,
601009.XSHG,balance,2015-03-31,2015q1,,treasury_stock,balance.csv,treasury_stock,,,,,identity_q1_or_ytd_diff,False,missing_raw_value
601009.XSHG,balance,2015-03-31,2015q1,,surplus_reserve_fund,balance.csv,surplus_reserve_fund,2025517000.0,2025517000.0,2025517000.0,,identity_q1_or_ytd_diff,True,
601009.XSHG,balance,2015-03-31,2015q1,,ordinary_risk_reserve_fund,balance.csv,ordinary_risk_reserve_fund,6349228000.0,6349228000.0,6349228000.0,,identity_q1_or_ytd_diff,True,
601009.XSHG,balance,2015-03-31,2015q1,,retained_profit,balance.csv,retained_profit,12242546000.0,12242546000.0,12242546000.0,,identity_q1_or_ytd_diff,True,
601009.XSHG,balance,2015-03-31,2015q1,,equities_parent_company_owners,balance.csv,equities_parent_company_owners,33946888000.0,33946888000.0,33946888000.0,,identity_q1_or_ytd_diff,True,
601009.XSHG,balance,2015-03-31,2015q1,,minority_interests,balance.csv,minority_interests,351693000.0,351693000.0,351693000.0,,identity_q1_or_ytd_diff,True,
601009.XSHG,balance,2015-03-31,2015q1,,total_owner_equities,balance.csv,total_owner_equities,34298581000.0,34298581000.0,34298581000.0,,identity_q1_or_ytd_diff,True,
601009.XSHG,balance,2015-03-31,2015q1,,other_comprehensive_income,balance.csv,other_comprehensive_income,6416000.0,6416000.0,6416000.0,,identity_q1_or_ytd_diff,True,
601009.XSHG,balance,2015-03-31,2015q1,,contract_assets,balance.csv,contract_assets,,,,,identity_q1_or_ytd_diff,False,missing_raw_value
601009.XSHG,balance,2015-03-31,2015q1,,contract_liability,balance.csv,contract_liability,,,,,identity_q1_or_ytd_diff,False,missing_raw_value
601009.XSHG,balance,2015-03-31,2015q1,,usufruct_assets,balance.csv,usufruct_assets,,,,,identity_q1_or_ytd_diff,False,missing_raw_value
601009.XSHG,balance,2015-06-30,2015q2,,cash_equivalents,balance.csv,cash_equivalents,114197094000.0,114197094000.0,114197094000.0,,identity_q1_or_ytd_diff,True,
601009.XSHG,balance,2015-06-30,2015q2,,settlement_provi,balance.csv,settlement_provi,,,,,identity_q1_or_ytd_diff,False,missing_raw_value
601009.XSHG,balance,2015-06-30,2015q2,,lend_capital,balance.csv,lend_capital,11037145000.0,11037145000.0,11037145000.0,,identity_q1_or_ytd_diff,True,
601009.XSHG,balance,2015-06-30,2015q2,,trading_assets,balance.csv,trading_assets,18595152000.0,18595152000.0,18595152000.0,,identity_q1_or_ytd_diff,True,
601009.XSHG,balance,2015-06-30,2015q2,,bill_receivable,balance.csv,bill_receivable,,,,,identity_q1_or_ytd_diff,False,missing_raw_value
601009.XSHG,balance,2015-06-30,2015q2,,account_receivable,balance.csv,account_receivable,,,,,identity_q1_or_ytd_diff,False,missing_raw_value
601009.XSHG,balance,2015-06-30,2015q2,,advance_payment,balance.csv,advance_payment,,,,,identity_q1_or_ytd_diff,False,missing_raw_value
601009.XSHG,balance,2015-06-30,2015q2,,insurance_receivables,balance.csv,insurance_receivables,,,,,identity_q1_or_ytd_diff,False,missing_raw_value
601009.XSHG,balance,2015-06-30,2015q2,,interest_receivable,balance.csv,interest_receivable,6189485000.0,6189485000.0,6189485000.0,,identity_q1_or_ytd_diff,True,
601009.XSHG,balance,2015-06-30,2015q2,,other_receivable,balance.csv,other_receivable,,,,,identity_q1_or_ytd_diff,False,missing_raw_value
601009.XSHG,balance,2015-06-30,2015q2,,bought_sellback_assets,balance.csv,bought_sellback_assets,17999627000.0,17999627000.0,17999627000.0,,identity_q1_or_ytd_diff,True,
601009.XSHG,balance,2015-06-30,2015q2,,inventories,balance.csv,inventories,,,,,identity_q1_or_ytd_diff,False,missing_raw_value
601009.XSHG,balance,2015-06-30,2015q2,,other_current_assets,balance.csv,other_current_assets,,,,,identity_q1_or_ytd_diff,False,missing_raw_value
601009.XSHG,balance,2015-06-30,2015q2,,total_current_assets,balance.csv,total_current_assets,,,,,identity_q1_or_ytd_diff,False,missing_raw_value
601009.XSHG,balance,2015-06-30,2015q2,,loan_and_advance,balance.csv,loan_and_advance,,,,,identity_q1_or_ytd_diff,False,missing_raw_value
601009.XSHG,balance,2015-06-30,2015q2,,hold_for_sale_assets,balance.csv,hold_for_sale_assets,79362467000.0,79362467000.0,79362467000.0,,identity_q1_or_ytd_diff,True,
601009.XSHG,balance,2015-06-30,2015q2,,hold_to_maturity_investments,balance.csv,hold_to_maturity_investments,68563258000.0,68563258000.0,68563258000.0,,identity_q1_or_ytd_diff,True,
601009.XSHG,balance,2015-06-30,2015q2,,longterm_equity_invest,balance.csv,longterm_equity_invest,2608688000.0,2608688000.0,2608688000.0,,identity_q1_or_ytd_diff,True,
601009.XSHG,balance,2015-06-30,2015q2,,investment_property,balance.csv,investment_property,16632000.0,16632000.0,16632000.0,,identity_q1_or_ytd_diff,True,
601009.XSHG,balance,2015-06-30,2015q2,,fixed_assets,balance.csv,fixed_assets,4225499000.0,4225499000.0,4225499000.0,,identity_q1_or_ytd_diff,True,
601009.XSHG,balance,2015-06-30,2015q2,,constru_in_process,balance.csv,constru_in_process,,,,,identity_q1_or_ytd_diff,False,missing_raw_value
601009.XSHG,balance,2015-06-30,2015q2,,intangible_assets,balance.csv,intangible_assets,115365000.0,115365000.0,115365000.0,,identity_q1_or_ytd_diff,True,
601009.XSHG,balance,2015-06-30,2015q2,,good_will,balance.csv,good_will,,,,,identity_q1_or_ytd_diff,False,missing_raw_value
601009.XSHG,balance,2015-06-30,2015q2,,long_deferred_expense,balance.csv,long_deferred_expense,,,,,identity_q1_or_ytd_diff,False,missing_raw_value
601009.XSHG,balance,2015-06-30,2015q2,,deferred_tax_assets,balance.csv,deferred_tax_assets,1438755000.0,1438755000.0,1438755000.0,,identity_q1_or_ytd_diff,True,
601009.XSHG,balance,2015-06-30,2015q2,,other_non_current_assets,balance.csv,other_non_current_assets,,,,,identity_q1_or_ytd_diff,False,missing_raw_value
601009.XSHG,balance,2015-06-30,2015q2,,total_non_current_assets,balance.csv,total_non_current_assets,,,,,identity_q1_or_ytd_diff,False,missing_raw_value
601009.XSHG,balance,2015-06-30,2015q2,,total_assets,balance.csv,total_assets,731301754000.0,731301754000.0,731301754000.0,,identity_q1_or_ytd_diff,True,
601009.XSHG,balance,2015-06-30,2015q2,,shortterm_loan,balance.csv,shortterm_loan,0.0,0.0,0.0,,identity_q1_or_ytd_diff,True,
601009.XSHG,balance,2015-06-30,2015q2,,borrowing_from_centralbank,balance.csv,borrowing_from_centralbank,2350000000.0,2350000000.0,2350000000.0,,identity_q1_or_ytd_diff,True,
601009.XSHG,balance,2015-06-30,2015q2,,deposit_in_interbank,balance.csv,deposit_in_interbank,569178651000.0,569178651000.0,569178651000.0,,identity_q1_or_ytd_diff,True,
601009.XSHG,balance,2015-06-30,2015q2,,borrowing_capital,balance.csv,borrowing_capital,28847536000.0,28847536000.0,28847536000.0,,identity_q1_or_ytd_diff,True,
601009.XSHG,balance,2015-06-30,2015q2,,trading_liability,balance.csv,trading_liability,,,,,identity_q1_or_ytd_diff,False,missing_raw_value
601009.XSHG,balance,2015-06-30,2015q2,,notes_payable,balance.csv,notes_payable,,,,,identity_q1_or_ytd_diff,False,missing_raw_value
601009.XSHG,balance,2015-06-30,2015q2,,accounts_payable,balance.csv,accounts_payable,,,,,identity_q1_or_ytd_diff,False,missing_raw_value
601009.XSHG,balance,2015-06-30,2015q2,,advance_peceipts,balance.csv,advance_peceipts,,,,,identity_q1_or_ytd_diff,False,missing_raw_value
601009.XSHG,balance,2015-06-30,2015q2,,sold_buyback_secu_proceeds,balance.csv,sold_buyback_secu_proceeds,11043367000.0,11043367000.0,11043367000.0,,identity_q1_or_ytd_diff,True,
601009.XSHG,balance,2015-06-30,2015q2,,commission_payable,balance.csv,commission_payable,,,,,identity_q1_or_ytd_diff,False,missing_raw_value
601009.XSHG,balance,2015-06-30,2015q2,,salaries_payable,balance.csv,salaries_payable,1387583000.0,1387583000.0,1387583000.0,,identity_q1_or_ytd_diff,True,
601009.XSHG,balance,2015-06-30,2015q2,,taxs_payable,balance.csv,taxs_payable,1240101000.0,1240101000.0,1240101000.0,,identity_q1_or_ytd_diff,True,
601009.XSHG,balance,2015-06-30,2015q2,,interest_payable,balance.csv,interest_payable,7547862000.0,7547862000.0,7547862000.0,,identity_q1_or_ytd_diff,True,
601009.XSHG,balance,2015-06-30,2015q2,,other_payable,balance.csv,other_payable,,,,,identity_q1_or_ytd_diff,False,missing_raw_value
601009.XSHG,balance,2015-06-30,2015q2,,insurance_contract_reserves,balance.csv,insurance_contract_reserves,0.0,0.0,0.0,,identity_q1_or_ytd_diff,True,
601009.XSHG,balance,2015-06-30,2015q2,,proxy_secu_proceeds,balance.csv,proxy_secu_proceeds,,,,,identity_q1_or_ytd_diff,False,missing_raw_value
601009.XSHG,balance,2015-06-30,2015q2,,non_current_liability_in_one_year,balance.csv,non_current_liability_in_one_year,,,,,identity_q1_or_ytd_diff,False,missing_raw_value
601009.XSHG,balance,2015-06-30,2015q2,,other_current_liability,balance.csv,other_current_liability,,,,,identity_q1_or_ytd_diff,False,missing_raw_value
601009.XSHG,balance,2015-06-30,2015q2,,total_current_liability,balance.csv,total_current_liability,,,,,identity_q1_or_ytd_diff,False,missing_raw_value
601009.XSHG,balance,2015-06-30,2015q2,,longterm_loan,balance.csv,longterm_loan,,,,,identity_q1_or_ytd_diff,False,missing_raw_value
601009.XSHG,balance,2015-06-30,2015q2,,bonds_payable,balance.csv,bonds_payable,59433041000.0,59433041000.0,59433041000.0,,identity_q1_or_ytd_diff,True,
601009.XSHG,balance,2015-06-30,2015q2,,estimate_liability,balance.csv,estimate_liability,,,,,identity_q1_or_ytd_diff,False,missing_raw_value
601009.XSHG,balance,2015-06-30,2015q2,,deferred_tax_liability,balance.csv,deferred_tax_liability,,,,,identity_q1_or_ytd_diff,False,missing_raw_value
601009.XSHG,balance,2015-06-30,2015q2,,other_non_current_liability,balance.csv,other_non_current_liability,,,,,identity_q1_or_ytd_diff,False,missing_raw_value
601009.XSHG,balance,2015-06-30,2015q2,,total_non_current_liability,balance.csv,total_non_current_liability,,,,,identity_q1_or_ytd_diff,False,missing_raw_value
601009.XSHG,balance,2015-06-30,2015q2,,total_liability,balance.csv,total_liability,686970582000.0,686970582000.0,686970582000.0,,identity_q1_or_ytd_diff,True,
601009.XSHG,balance,2015-06-30,2015q2,,paidin_capital,balance.csv,paidin_capital,3365955000.0,3365955000.0,3365955000.0,,identity_q1_or_ytd_diff,True,
601009.XSHG,balance,2015-06-30,2015q2,,capital_reserve_fund,balance.csv,capital_reserve_fund,17879226000.0,17879226000.0,17879226000.0,,identity_q1_or_ytd_diff,True,
601009.XSHG,balance,2015-06-30,2015q2,,treasury_stock,balance.csv,treasury_stock,,,,,identity_q1_or_ytd_diff,False,missing_raw_value
601009.XSHG,balance,2015-06-30,2015q2,,surplus_reserve_fund,balance.csv,surplus_reserve_fund,2582176000.0,2582176000.0,2582176000.0,,identity_q1_or_ytd_diff,True,
601009.XSHG,balance,2015-06-30,2015q2,,ordinary_risk_reserve_fund,balance.csv,ordinary_risk_reserve_fund,6670646000.0,6670646000.0,6670646000.0,,identity_q1_or_ytd_diff,True,
601009.XSHG,balance,2015-06-30,2015q2,,retained_profit,balance.csv,retained_profit,13477888000.0,13477888000.0,13477888000.0,,identity_q1_or_ytd_diff,True,
601009.XSHG,balance,2015-06-30,2015q2,,equities_parent_company_owners,balance.csv,equities_parent_company_owners,43975891000.0,43975891000.0,43975891000.0,,identity_q1_or_ytd_diff,True,
601009.XSHG,balance,2015-06-30,2015q2,,minority_interests,balance.csv,minority_interests,355281000.0,355281000.0,355281000.0,,identity_q1_or_ytd_diff,True,
601009.XSHG,balance,2015-06-30,2015q2,,total_owner_equities,balance.csv,total_owner_equities,44331172000.0,44331172000.0,44331172000.0,,identity_q1_or_ytd_diff,True,
601009.XSHG,balance,2015-06-30,2015q2,,other_comprehensive_income,balance.csv,other_comprehensive_income,,,,,identity_q1_or_ytd_diff,False,missing_raw_value
601009.XSHG,balance,2015-06-30,2015q2,,contract_assets,balance.csv,contract_assets,,,,,identity_q1_or_ytd_diff,False,missing_raw_value
601009.XSHG,balance,2015-06-30,2015q2,,contract_liability,balance.csv,contract_liability,,,,,identity_q1_or_ytd_diff,False,missing_raw_value
601009.XSHG,balance,2015-06-30,2015q2,,usufruct_assets,balance.csv,usufruct_assets,,,,,identity_q1_or_ytd_diff,False,missing_raw_value
601009.XSHG,balance,2015-09-30,2015q3,,cash_equivalents,balance.csv,cash_equivalents,109547164000.0,109547164000.0,109547164000.0,,identity_q1_or_ytd_diff,True,
601009.XSHG,balance,2015-09-30,2015q3,,settlement_provi,balance.csv,settlement_provi,,,,,identity_q1_or_ytd_diff,False,missing_raw_value
601009.XSHG,balance,2015-09-30,2015q3,,lend_capital,balance.csv,lend_capital,3164501000.0,3164501000.0,3164501000.0,,identity_q1_or_ytd_diff,True,
601009.XSHG,balance,2015-09-30,2015q3,,trading_assets,balance.csv,trading_assets,22098312000.0,22098312000.0,22098312000.0,,identity_q1_or_ytd_diff,True,
601009.XSHG,balance,2015-09-30,2015q3,,bill_receivable,balance.csv,bill_receivable,,,,,identity_q1_or_ytd_diff,False,missing_raw_value
601009.XSHG,balance,2015-09-30,2015q3,,account_receivable,balance.csv,account_receivable,,,,,identity_q1_or_ytd_diff,False,missing_raw_value
601009.XSHG,balance,2015-09-30,2015q3,,advance_payment,balance.csv,advance_payment,,,,,identity_q1_or_ytd_diff,False,missing_raw_value
601009.XSHG,balance,2015-09-30,2015q3,,insurance_receivables,balance.csv,insurance_receivables,,,,,identity_q1_or_ytd_diff,False,missing_raw_value
601009.XSHG,balance,2015-09-30,2015q3,,interest_receivable,balance.csv,interest_receivable,6029920000.0,6029920000.0,6029920000.0,,identity_q1_or_ytd_diff,True,
601009.XSHG,balance,2015-09-30,2015q3,,other_receivable,balance.csv,other_receivable,,,,,identity_q1_or_ytd_diff,False,missing_raw_value
601009.XSHG,balance,2015-09-30,2015q3,,bought_sellback_assets,balance.csv,bought_sellback_assets,27614149000.0,27614149000.0,27614149000.0,,identity_q1_or_ytd_diff,True,
601009.XSHG,balance,2015-09-30,2015q3,,inventories,balance.csv,inventories,,,,,identity_q1_or_ytd_diff,False,missing_raw_value
601009.XSHG,balance,2015-09-30,2015q3,,other_current_assets,balance.csv,other_current_assets,,,,,identity_q1_or_ytd_diff,False,missing_raw_value
601009.XSHG,balance,2015-09-30,2015q3,,total_current_assets,balance.csv,total_current_assets,,,,,identity_q1_or_ytd_diff,False,missing_raw_value
601009.XSHG,balance,2015-09-30,2015q3,,loan_and_advance,balance.csv,loan_and_advance,,,,,identity_q1_or_ytd_diff,False,missing_raw_value
601009.XSHG,balance,2015-09-30,2015q3,,hold_for_sale_assets,balance.csv,hold_for_sale_assets,92416569000.0,92416569000.0,92416569000.0,,identity_q1_or_ytd_diff,True,
601009.XSHG,balance,2015-09-30,2015q3,,hold_to_maturity_investments,balance.csv,hold_to_maturity_investments,73586427000.0,73586427000.0,73586427000.0,,identity_q1_or_ytd_diff,True,
601009.XSHG,balance,2015-09-30,2015q3,,longterm_equity_invest,balance.csv,longterm_equity_invest,2694277000.0,2694277000.0,2694277000.0,,identity_q1_or_ytd_diff,True,
601009.XSHG,balance,2015-09-30,2015q3,,investment_property,balance.csv,investment_property,15671000.0,15671000.0,15671000.0,,identity_q1_or_ytd_diff,True,
601009.XSHG,balance,2015-09-30,2015q3,,fixed_assets,balance.csv,fixed_assets,4276690000.0,4276690000.0,4276690000.0,,identity_q1_or_ytd_diff,True,
601009.XSHG,balance,2015-09-30,2015q3,,constru_in_process,balance.csv,constru_in_process,,,,,identity_q1_or_ytd_diff,False,missing_raw_value
601009.XSHG,balance,2015-09-30,2015q3,,intangible_assets,balance.csv,intangible_assets,154760000.0,154760000.0,154760000.0,,identity_q1_or_ytd_diff,True,
601009.XSHG,balance,2015-09-30,2015q3,,good_will,balance.csv,good_will,,,,,identity_q1_or_ytd_diff,False,missing_raw_value
601009.XSHG,balance,2015-09-30,2015q3,,long_deferred_expense,balance.csv,long_deferred_expense,,,,,identity_q1_or_ytd_diff,False,missing_raw_value
601009.XSHG,balance,2015-09-30,2015q3,,deferred_tax_assets,balance.csv,deferred_tax_assets,1397946000.0,1397946000.0,1397946000.0,,identity_q1_or_ytd_diff,True,
601009.XSHG,balance,2015-09-30,2015q3,,other_non_current_assets,balance.csv,other_non_current_assets,,,,,identity_q1_or_ytd_diff,False,missing_raw_value
601009.XSHG,balance,2015-09-30,2015q3,,total_non_current_assets,balance.csv,total_non_current_assets,,,,,identity_q1_or_ytd_diff,False,missing_raw_value
601009.XSHG,balance,2015-09-30,2015q3,,total_assets,balance.csv,total_assets,770196655000.0,770196655000.0,770196655000.0,,identity_q1_or_ytd_diff,True,
601009.XSHG,balance,2015-09-30,2015q3,,shortterm_loan,balance.csv,shortterm_loan,0.0,0.0,0.0,,identity_q1_or_ytd_diff,True,
601009.XSHG,balance,2015-09-30,2015q3,,borrowing_from_centralbank,balance.csv,borrowing_from_centralbank,2400000000.0,2400000000.0,2400000000.0,,identity_q1_or_ytd_diff,True,
601009.XSHG,balance,2015-09-30,2015q3,,deposit_in_interbank,balance.csv,deposit_in_interbank,579740592000.0,579740592000.0,579740592000.0,,identity_q1_or_ytd_diff,True,
601009.XSHG,balance,2015-09-30,2015q3,,borrowing_capital,balance.csv,borrowing_capital,12603076000.0,12603076000.0,12603076000.0,,identity_q1_or_ytd_diff,True,
601009.XSHG,balance,2015-09-30,2015q3,,trading_liability,balance.csv,trading_liability,,,,,identity_q1_or_ytd_diff,False,missing_raw_value
601009.XSHG,balance,2015-09-30,2015q3,,notes_payable,balance.csv,notes_payable,,,,,identity_q1_or_ytd_diff,False,missing_raw_value
601009.XSHG,balance,2015-09-30,2015q3,,accounts_payable,balance.csv,accounts_payable,,,,,identity_q1_or_ytd_diff,False,missing_raw_value
601009.XSHG,balance,2015-09-30,2015q3,,advance_peceipts,balance.csv,advance_peceipts,,,,,identity_q1_or_ytd_diff,False,missing_raw_value
601009.XSHG,balance,2015-09-30,2015q3,,sold_buyback_secu_proceeds,balance.csv,sold_buyback_secu_proceeds,39114903000.0,39114903000.0,39114903000.0,,identity_q1_or_ytd_diff,True,
601009.XSHG,balance,2015-09-30,2015q3,,commission_payable,balance.csv,commission_payable,,,,,identity_q1_or_ytd_diff,False,missing_raw_value
601009.XSHG,balance,2015-09-30,2015q3,,salaries_payable,balance.csv,salaries_payable,1879753000.0,1879753000.0,1879753000.0,,identity_q1_or_ytd_diff,True,
601009.XSHG,balance,2015-09-30,2015q3,,taxs_payable,balance.csv,taxs_payable,1318988000.0,1318988000.0,1318988000.0,,identity_q1_or_ytd_diff,True,
601009.XSHG,balance,2015-09-30,2015q3,,interest_payable,balance.csv,interest_payable,7780376000.0,7780376000.0,7780376000.0,,identity_q1_or_ytd_diff,True,
601009.XSHG,balance,2015-09-30,2015q3,,other_payable,balance.csv,other_payable,,,,,identity_q1_or_ytd_diff,False,missing_raw_value
601009.XSHG,balance,2015-09-30,2015q3,,insurance_contract_reserves,balance.csv,insurance_contract_reserves,0.0,0.0,0.0,,identity_q1_or_ytd_diff,True,
601009.XSHG,balance,2015-09-30,2015q3,,proxy_secu_proceeds,balance.csv,proxy_secu_proceeds,,,,,identity_q1_or_ytd_diff,False,missing_raw_value
601009.XSHG,balance,2015-09-30,2015q3,,non_current_liability_in_one_year,balance.csv,non_current_liability_in_one_year,,,,,identity_q1_or_ytd_diff,False,missing_raw_value
601009.XSHG,balance,2015-09-30,2015q3,,other_current_liability,balance.csv,other_current_liability,,,,,identity_q1_or_ytd_diff,False,missing_raw_value
601009.XSHG,balance,2015-09-30,2015q3,,total_current_liability,balance.csv,total_current_liability,,,,,identity_q1_or_ytd_diff,False,missing_raw_value
601009.XSHG,balance,2015-09-30,2015q3,,longterm_loan,balance.csv,longterm_loan,,,,,identity_q1_or_ytd_diff,False,missing_raw_value
601009.XSHG,balance,2015-09-30,2015q3,,bonds_payable,balance.csv,bonds_payable,76341539000.0,76341539000.0,76341539000.0,,identity_q1_or_ytd_diff,True,
601009.XSHG,balance,2015-09-30,2015q3,,estimate_liability,balance.csv,estimate_liability,,,,,identity_q1_or_ytd_diff,False,missing_raw_value
601009.XSHG,balance,2015-09-30,2015q3,,deferred_tax_liability,balance.csv,deferred_tax_liability,,,,,identity_q1_or_ytd_diff,False,missing_raw_value
601009.XSHG,balance,2015-09-30,2015q3,,other_non_current_liability,balance.csv,other_non_current_liability,,,,,identity_q1_or_ytd_diff,False,missing_raw_value
601009.XSHG,balance,2015-09-30,2015q3,,total_non_current_liability,balance.csv,total_non_current_liability,,,,,identity_q1_or_ytd_diff,False,missing_raw_value
601009.XSHG,balance,2015-09-30,2015q3,,total_liability,balance.csv,total_liability,725537480000.0,725537480000.0,725537480000.0,,identity_q1_or_ytd_diff,True,
601009.XSHG,balance,2015-09-30,2015q3,,paidin_capital,balance.csv,paidin_capital,3365955000.0,3365955000.0,3365955000.0,,identity_q1_or_ytd_diff,True,
601009.XSHG,balance,2015-09-30,2015q3,,capital_reserve_fund,balance.csv,capital_reserve_fund,17879226000.0,17879226000.0,17879226000.0,,identity_q1_or_ytd_diff,True,
601009.XSHG,balance,2015-09-30,2015q3,,treasury_stock,balance.csv,treasury_stock,,,,,identity_q1_or_ytd_diff,False,missing_raw_value
601009.XSHG,balance,2015-09-30,2015q3,,surplus_reserve_fund,balance.csv,surplus_reserve_fund,2582176000.0,2582176000.0,2582176000.0,,identity_q1_or_ytd_diff,True,
601009.XSHG,balance,2015-09-30,2015q3,,ordinary_risk_reserve_fund,balance.csv,ordinary_risk_reserve_fund,7055719000.0,7055719000.0,7055719000.0,,identity_q1_or_ytd_diff,True,
601009.XSHG,balance,2015-09-30,2015q3,,retained_profit,balance.csv,retained_profit,13404020000.0,13404020000.0,13404020000.0,,identity_q1_or_ytd_diff,True,
601009.XSHG,balance,2015-09-30,2015q3,,equities_parent_company_owners,balance.csv,equities_parent_company_owners,44287096000.0,44287096000.0,44287096000.0,,identity_q1_or_ytd_diff,True,
601009.XSHG,balance,2015-09-30,2015q3,,minority_interests,balance.csv,minority_interests,372079000.0,372079000.0,372079000.0,,identity_q1_or_ytd_diff,True,
601009.XSHG,balance,2015-09-30,2015q3,,total_owner_equities,balance.csv,total_owner_equities,44659175000.0,44659175000.0,44659175000.0,,identity_q1_or_ytd_diff,True,
601009.XSHG,balance,2015-09-30,2015q3,,other_comprehensive_income,balance.csv,other_comprehensive_income,,,,,identity_q1_or_ytd_diff,False,missing_raw_value
601009.XSHG,balance,2015-09-30,2015q3,,contract_assets,balance.csv,contract_assets,,,,,identity_q1_or_ytd_diff,False,missing_raw_value
601009.XSHG,balance,2015-09-30,2015q3,,contract_liability,balance.csv,contract_liability,,,,,identity_q1_or_ytd_diff,False,missing_raw_value
601009.XSHG,balance,2015-09-30,2015q3,,usufruct_assets,balance.csv,usufruct_assets,,,,,identity_q1_or_ytd_diff,False,missing_raw_value
601009.XSHG,balance,2015-12-31,2015q4,,cash_equivalents,balance.csv,cash_equivalents,106424492000.0,106424492000.0,106424492000.0,,identity_q1_or_ytd_diff,True,
601009.XSHG,balance,2015-12-31,2015q4,,settlement_provi,balance.csv,settlement_provi,,,,,identity_q1_or_ytd_diff,False,missing_raw_value
601009.XSHG,balance,2015-12-31,2015q4,,lend_capital,balance.csv,lend_capital,3947399000.0,3947399000.0,3947399000.0,,identity_q1_or_ytd_diff,True,
601009.XSHG,balance,2015-12-31,2015q4,,trading_assets,balance.csv,trading_assets,19551593000.0,19551593000.0,19551593000.0,,identity_q1_or_ytd_diff,True,
601009.XSHG,balance,2015-12-31,2015q4,,bill_receivable,balance.csv,bill_receivable,,,,,identity_q1_or_ytd_diff,False,missing_raw_value
601009.XSHG,balance,2015-12-31,2015q4,,account_receivable,balance.csv,account_receivable,,,,,identity_q1_or_ytd_diff,False,missing_raw_value
601009.XSHG,balance,2015-12-31,2015q4,,advance_payment,balance.csv,advance_payment,,,,,identity_q1_or_ytd_diff,False,missing_raw_value
601009.XSHG,balance,2015-12-31,2015q4,,insurance_receivables,balance.csv,insurance_receivables,,,,,identity_q1_or_ytd_diff,False,missing_raw_value
601009.XSHG,balance,2015-12-31,2015q4,,interest_receivable,balance.csv,interest_receivable,6740864000.0,6740864000.0,6740864000.0,,identity_q1_or_ytd_diff,True,
601009.XSHG,balance,2015-12-31,2015q4,,other_receivable,balance.csv,other_receivable,,,,,identity_q1_or_ytd_diff,False,missing_raw_value
601009.XSHG,balance,2015-12-31,2015q4,,bought_sellback_assets,balance.csv,bought_sellback_assets,8966907000.0,8966907000.0,8966907000.0,,identity_q1_or_ytd_diff,True,
601009.XSHG,balance,2015-12-31,2015q4,,inventories,balance.csv,inventories,,,,,identity_q1_or_ytd_diff,False,missing_raw_value
601009.XSHG,balance,2015-12-31,2015q4,,other_current_assets,balance.csv,other_current_assets,,,,,identity_q1_or_ytd_diff,False,missing_raw_value
601009.XSHG,balance,2015-12-31,2015q4,,total_current_assets,balance.csv,total_current_assets,,,,,identity_q1_or_ytd_diff,False,missing_raw_value
601009.XSHG,balance,2015-12-31,2015q4,,loan_and_advance,balance.csv,loan_and_advance,,,,,identity_q1_or_ytd_diff,False,missing_raw_value
601009.XSHG,balance,2015-12-31,2015q4,,hold_for_sale_assets,balance.csv,hold_for_sale_assets,110546276000.0,110546276000.0,110546276000.0,,identity_q1_or_ytd_diff,True,
601009.XSHG,balance,2015-12-31,2015q4,,hold_to_maturity_investments,balance.csv,hold_to_maturity_investments,85577333000.0,85577333000.0,85577333000.0,,identity_q1_or_ytd_diff,True,
601009.XSHG,balance,2015-12-31,2015q4,,longterm_equity_invest,balance.csv,longterm_equity_invest,2765819000.0,2765819000.0,2765819000.0,,identity_q1_or_ytd_diff,True,
601009.XSHG,balance,2015-12-31,2015q4,,investment_property,balance.csv,investment_property,14709000.0,14709000.0,14709000.0,,identity_q1_or_ytd_diff,True,
601009.XSHG,balance,2015-12-31,2015q4,,fixed_assets,balance.csv,fixed_assets,4499684000.0,4499684000.0,4499684000.0,,identity_q1_or_ytd_diff,True,
601009.XSHG,balance,2015-12-31,2015q4,,constru_in_process,balance.csv,constru_in_process,,,,,identity_q1_or_ytd_diff,False,missing_raw_value
601009.XSHG,balance,2015-12-31,2015q4,,intangible_assets,balance.csv,intangible_assets,179440000.0,179440000.0,179440000.0,,identity_q1_or_ytd_diff,True,
601009.XSHG,balance,2015-12-31,2015q4,,good_will,balance.csv,good_will,,,,,identity_q1_or_ytd_diff,False,missing_raw_value
601009.XSHG,balance,2015-12-31,2015q4,,long_deferred_expense,balance.csv,long_deferred_expense,,,,,identity_q1_or_ytd_diff,False,missing_raw_value
601009.XSHG,balance,2015-12-31,2015q4,,deferred_tax_assets,balance.csv,deferred_tax_assets,1474192000.0,1474192000.0,1474192000.0,,identity_q1_or_ytd_diff,True,
601009.XSHG,balance,2015-12-31,2015q4,,other_non_current_assets,balance.csv,other_non_current_assets,,,,,identity_q1_or_ytd_diff,False,missing_raw_value
601009.XSHG,balance,2015-12-31,2015q4,,total_non_current_assets,balance.csv,total_non_current_assets,,,,,identity_q1_or_ytd_diff,False,missing_raw_value
601009.XSHG,balance,2015-12-31,2015q4,,total_assets,balance.csv,total_assets,805020239000.0,805020239000.0,805020239000.0,,identity_q1_or_ytd_diff,True,
601009.XSHG,balance,2015-12-31,2015q4,,shortterm_loan,balance.csv,shortterm_loan,0.0,0.0,0.0,,identity_q1_or_ytd_diff,True,
601009.XSHG,balance,2015-12-31,2015q4,,borrowing_from_centralbank,balance.csv,borrowing_from_centralbank,4250000000.0,4250000000.0,4250000000.0,,identity_q1_or_ytd_diff,True,
601009.XSHG,balance,2015-12-31,2015q4,,deposit_in_interbank,balance.csv,deposit_in_interbank,602603050000.0,602603050000.0,602603050000.0,,identity_q1_or_ytd_diff,True,
601009.XSHG,balance,2015-12-31,2015q4,,borrowing_capital,balance.csv,borrowing_capital,5039386000.0,5039386000.0,5039386000.0,,identity_q1_or_ytd_diff,True,
601009.XSHG,balance,2015-12-31,2015q4,,trading_liability,balance.csv,trading_liability,,,,,identity_q1_or_ytd_diff,False,missing_raw_value
601009.XSHG,balance,2015-12-31,2015q4,,notes_payable,balance.csv,notes_payable,,,,,identity_q1_or_ytd_diff,False,missing_raw_value
601009.XSHG,balance,2015-12-31,2015q4,,accounts_payable,balance.csv,accounts_payable,,,,,identity_q1_or_ytd_diff,False,missing_raw_value
601009.XSHG,balance,2015-12-31,2015q4,,advance_peceipts,balance.csv,advance_peceipts,,,,,identity_q1_or_ytd_diff,False,missing_raw_value
601009.XSHG,balance,2015-12-31,2015q4,,sold_buyback_secu_proceeds,balance.csv,sold_buyback_secu_proceeds,28631614000.0,28631614000.0,28631614000.0,,identity_q1_or_ytd_diff,True,
601009.XSHG,balance,2015-12-31,2015q4,,commission_payable,balance.csv,commission_payable,,,,,identity_q1_or_ytd_diff,False,missing_raw_value
601009.XSHG,balance,2015-12-31,2015q4,,salaries_payable,balance.csv,salaries_payable,1873458000.0,1873458000.0,1873458000.0,,identity_q1_or_ytd_diff,True,
601009.XSHG,balance,2015-12-31,2015q4,,taxs_payable,balance.csv,taxs_payable,2104459000.0,2104459000.0,2104459000.0,,identity_q1_or_ytd_diff,True,
601009.XSHG,balance,2015-12-31,2015q4,,interest_payable,balance.csv,interest_payable,7692565000.0,7692565000.0,7692565000.0,,identity_q1_or_ytd_diff,True,
601009.XSHG,balance,2015-12-31,2015q4,,other_payable,balance.csv,other_payable,,,,,identity_q1_or_ytd_diff,False,missing_raw_value
601009.XSHG,balance,2015-12-31,2015q4,,insurance_contract_reserves,balance.csv,insurance_contract_reserves,0.0,0.0,0.0,,identity_q1_or_ytd_diff,True,
601009.XSHG,balance,2015-12-31,2015q4,,proxy_secu_proceeds,balance.csv,proxy_secu_proceeds,,,,,identity_q1_or_ytd_diff,False,missing_raw_value
601009.XSHG,balance,2015-12-31,2015q4,,non_current_liability_in_one_year,balance.csv,non_current_liability_in_one_year,,,,,identity_q1_or_ytd_diff,False,missing_raw_value
601009.XSHG,balance,2015-12-31,2015q4,,other_current_liability,balance.csv,other_current_liability,,,,,identity_q1_or_ytd_diff,False,missing_raw_value
601009.XSHG,balance,2015-12-31,2015q4,,total_current_liability,balance.csv,total_current_liability,,,,,identity_q1_or_ytd_diff,False,missing_raw_value
601009.XSHG,balance,2015-12-31,2015q4,,longterm_loan,balance.csv,longterm_loan,,,,,identity_q1_or_ytd_diff,False,missing_raw_value
601009.XSHG,balance,2015-12-31,2015q4,,bonds_payable,balance.csv,bonds_payable,86887191000.0,86887191000.0,86887191000.0,,identity_q1_or_ytd_diff,True,
601009.XSHG,balance,2015-12-31,2015q4,,estimate_liability,balance.csv,estimate_liability,,,,,identity_q1_or_ytd_diff,False,missing_raw_value
601009.XSHG,balance,2015-12-31,2015q4,,deferred_tax_liability,balance.csv,deferred_tax_liability,,,,,identity_q1_or_ytd_diff,False,missing_raw_value
601009.XSHG,balance,2015-12-31,2015q4,,other_non_current_liability,balance.csv,other_non_current_liability,,,,,identity_q1_or_ytd_diff,False,missing_raw_value
601009.XSHG,balance,2015-12-31,2015q4,,total_non_current_liability,balance.csv,total_non_current_liability,,,,,identity_q1_or_ytd_diff,False,missing_raw_value
601009.XSHG,balance,2015-12-31,2015q4,,total_liability,balance.csv,total_liability,752606315000.0,752606315000.0,752606315000.0,,identity_q1_or_ytd_diff,True,
601009.XSHG,balance,2015-12-31,2015q4,,paidin_capital,balance.csv,paidin_capital,3365956000.0,3365956000.0,3365956000.0,,identity_q1_or_ytd_diff,True,
601009.XSHG,balance,2015-12-31,2015q4,,capital_reserve_fund,balance.csv,capital_reserve_fund,17879226000.0,17879226000.0,17879226000.0,,identity_q1_or_ytd_diff,True,
601009.XSHG,balance,2015-12-31,2015q4,,treasury_stock,balance.csv,treasury_stock,,,,,identity_q1_or_ytd_diff,False,missing_raw_value
601009.XSHG,balance,2015-12-31,2015q4,,surplus_reserve_fund,balance.csv,surplus_reserve_fund,2582176000.0,2582176000.0,2582176000.0,,identity_q1_or_ytd_diff,True,
601009.XSHG,balance,2015-12-31,2015q4,,ordinary_risk_reserve_fund,balance.csv,ordinary_risk_reserve_fund,15565014000.0,15565014000.0,15565014000.0,,identity_q1_or_ytd_diff,True,
601009.XSHG,balance,2015-12-31,2015q4,,retained_profit,balance.csv,retained_profit,12634152000.0,12634152000.0,12634152000.0,,identity_q1_or_ytd_diff,True,
601009.XSHG,balance,2015-12-31,2015q4,,equities_parent_company_owners,balance.csv,equities_parent_company_owners,52026524000.0,52026524000.0,52026524000.0,,identity_q1_or_ytd_diff,True,
601009.XSHG,balance,2015-12-31,2015q4,,minority_interests,balance.csv,minority_interests,387400000.0,387400000.0,387400000.0,,identity_q1_or_ytd_diff,True,
601009.XSHG,balance,2015-12-31,2015q4,,total_owner_equities,balance.csv,total_owner_equities,52413924000.0,52413924000.0,52413924000.0,,identity_q1_or_ytd_diff,True,
601009.XSHG,balance,2015-12-31,2015q4,,other_comprehensive_income,balance.csv,other_comprehensive_income,,,,,identity_q1_or_ytd_diff,False,missing_raw_value
601009.XSHG,balance,2015-12-31,2015q4,,contract_assets,balance.csv,contract_assets,,,,,identity_q1_or_ytd_diff,False,missing_raw_value
601009.XSHG,balance,2015-12-31,2015q4,,contract_liability,balance.csv,contract_liability,,,,,identity_q1_or_ytd_diff,False,missing_raw_value
601009.XSHG,balance,2015-12-31,2015q4,,usufruct_assets,balance.csv,usufruct_assets,,,,,identity_q1_or_ytd_diff,False,missing_raw_value
601009.XSHG,balance,2016-03-31,2016q1,,cash_equivalents,balance.csv,cash_equivalents,131744087000.0,131744087000.0,131744087000.0,,identity_q1_or_ytd_diff,True,
601009.XSHG,balance,2016-03-31,2016q1,,settlement_provi,balance.csv,settlement_provi,,,,,identity_q1_or_ytd_diff,False,missing_raw_value
601009.XSHG,balance,2016-03-31,2016q1,,lend_capital,balance.csv,lend_capital,8045862000.0,8045862000.0,8045862000.0,,identity_q1_or_ytd_diff,True,
601009.XSHG,balance,2016-03-31,2016q1,,trading_assets,balance.csv,trading_assets,30531671000.0,30531671000.0,30531671000.0,,identity_q1_or_ytd_diff,True,
601009.XSHG,balance,2016-03-31,2016q1,,bill_receivable,balance.csv,bill_receivable,,,,,identity_q1_or_ytd_diff,False,missing_raw_value
601009.XSHG,balance,2016-03-31,2016q1,,account_receivable,balance.csv,account_receivable,,,,,identity_q1_or_ytd_diff,False,missing_raw_value
601009.XSHG,balance,2016-03-31,2016q1,,advance_payment,balance.csv,advance_payment,,,,,identity_q1_or_ytd_diff,False,missing_raw_value
601009.XSHG,balance,2016-03-31,2016q1,,insurance_receivables,balance.csv,insurance_receivables,,,,,identity_q1_or_ytd_diff,False,missing_raw_value
601009.XSHG,balance,2016-03-31,2016q1,,interest_receivable,balance.csv,interest_receivable,7217137000.0,7217137000.0,7217137000.0,,identity_q1_or_ytd_diff,True,
601009.XSHG,balance,2016-03-31,2016q1,,other_receivable,balance.csv,other_receivable,,,,,identity_q1_or_ytd_diff,False,missing_raw_value
601009.XSHG,balance,2016-03-31,2016q1,,bought_sellback_assets,balance.csv,bought_sellback_assets,3532186000.0,3532186000.0,3532186000.0,,identity_q1_or_ytd_diff,True,
601009.XSHG,balance,2016-03-31,2016q1,,inventories,balance.csv,inventories,,,,,identity_q1_or_ytd_diff,False,missing_raw_value
601009.XSHG,balance,2016-03-31,2016q1,,other_current_assets,balance.csv,other_current_assets,,,,,identity_q1_or_ytd_diff,False,missing_raw_value
601009.XSHG,balance,2016-03-31,2016q1,,total_current_assets,balance.csv,total_current_assets,,,,,identity_q1_or_ytd_diff,False,missing_raw_value
601009.XSHG,balance,2016-03-31,2016q1,,loan_and_advance,balance.csv,loan_and_advance,,,,,identity_q1_or_ytd_diff,False,missing_raw_value
601009.XSHG,balance,2016-03-31,2016q1,,hold_for_sale_assets,balance.csv,hold_for_sale_assets,96785859000.0,96785859000.0,96785859000.0,,identity_q1_or_ytd_diff,True,
601009.XSHG,balance,2016-03-31,2016q1,,hold_to_maturity_investments,balance.csv,hold_to_maturity_investments,98899175000.0,98899175000.0,98899175000.0,,identity_q1_or_ytd_diff,True,
601009.XSHG,balance,2016-03-31,2016q1,,longterm_equity_invest,balance.csv,longterm_equity_invest,2842634000.0,2842634000.0,2842634000.0,,identity_q1_or_ytd_diff,True,
601009.XSHG,balance,2016-03-31,2016q1,,investment_property,balance.csv,investment_property,13747000.0,13747000.0,13747000.0,,identity_q1_or_ytd_diff,True,
601009.XSHG,balance,2016-03-31,2016q1,,fixed_assets,balance.csv,fixed_assets,4658816000.0,4658816000.0,4658816000.0,,identity_q1_or_ytd_diff,True,
601009.XSHG,balance,2016-03-31,2016q1,,constru_in_process,balance.csv,constru_in_process,,,,,identity_q1_or_ytd_diff,False,missing_raw_value
601009.XSHG,balance,2016-03-31,2016q1,,intangible_assets,balance.csv,intangible_assets,177167000.0,177167000.0,177167000.0,,identity_q1_or_ytd_diff,True,
601009.XSHG,balance,2016-03-31,2016q1,,good_will,balance.csv,good_will,,,,,identity_q1_or_ytd_diff,False,missing_raw_value
601009.XSHG,balance,2016-03-31,2016q1,,long_deferred_expense,balance.csv,long_deferred_expense,,,,,identity_q1_or_ytd_diff,False,missing_raw_value
601009.XSHG,balance,2016-03-31,2016q1,,deferred_tax_assets,balance.csv,deferred_tax_assets,1989673000.0,1989673000.0,1989673000.0,,identity_q1_or_ytd_diff,True,
601009.XSHG,balance,2016-03-31,2016q1,,other_non_current_assets,balance.csv,other_non_current_assets,,,,,identity_q1_or_ytd_diff,False,missing_raw_value
601009.XSHG,balance,2016-03-31,2016q1,,total_non_current_assets,balance.csv,total_non_current_assets,,,,,identity_q1_or_ytd_diff,False,missing_raw_value
601009.XSHG,balance,2016-03-31,2016q1,,total_assets,balance.csv,total_assets,966741928000.0,966741928000.0,966741928000.0,,identity_q1_or_ytd_diff,True,
601009.XSHG,balance,2016-03-31,2016q1,,shortterm_loan,balance.csv,shortterm_loan,0.0,0.0,0.0,,identity_q1_or_ytd_diff,True,
601009.XSHG,balance,2016-03-31,2016q1,,borrowing_from_centralbank,balance.csv,borrowing_from_centralbank,8930000000.0,8930000000.0,8930000000.0,,identity_q1_or_ytd_diff,True,
601009.XSHG,balance,2016-03-31,2016q1,,deposit_in_interbank,balance.csv,deposit_in_interbank,745717532000.0,745717532000.0,745717532000.0,,identity_q1_or_ytd_diff,True,
601009.XSHG,balance,2016-03-31,2016q1,,borrowing_capital,balance.csv,borrowing_capital,13267010000.0,13267010000.0,13267010000.0,,identity_q1_or_ytd_diff,True,
601009.XSHG,balance,2016-03-31,2016q1,,trading_liability,balance.csv,trading_liability,,,,,identity_q1_or_ytd_diff,False,missing_raw_value
601009.XSHG,balance,2016-03-31,2016q1,,notes_payable,balance.csv,notes_payable,,,,,identity_q1_or_ytd_diff,False,missing_raw_value
601009.XSHG,balance,2016-03-31,2016q1,,accounts_payable,balance.csv,accounts_payable,,,,,identity_q1_or_ytd_diff,False,missing_raw_value
601009.XSHG,balance,2016-03-31,2016q1,,advance_peceipts,balance.csv,advance_peceipts,,,,,identity_q1_or_ytd_diff,False,missing_raw_value
601009.XSHG,balance,2016-03-31,2016q1,,sold_buyback_secu_proceeds,balance.csv,sold_buyback_secu_proceeds,3759879000.0,3759879000.0,3759879000.0,,identity_q1_or_ytd_diff,True,
601009.XSHG,balance,2016-03-31,2016q1,,commission_payable,balance.csv,commission_payable,,,,,identity_q1_or_ytd_diff,False,missing_raw_value
601009.XSHG,balance,2016-03-31,2016q1,,salaries_payable,balance.csv,salaries_payable,1673214000.0,1673214000.0,1673214000.0,,identity_q1_or_ytd_diff,True,
601009.XSHG,balance,2016-03-31,2016q1,,taxs_payable,balance.csv,taxs_payable,2408786000.0,2408786000.0,2408786000.0,,identity_q1_or_ytd_diff,True,
601009.XSHG,balance,2016-03-31,2016q1,,interest_payable,balance.csv,interest_payable,8155827000.0,8155827000.0,8155827000.0,,identity_q1_or_ytd_diff,True,
601009.XSHG,balance,2016-03-31,2016q1,,other_payable,balance.csv,other_payable,,,,,identity_q1_or_ytd_diff,False,missing_raw_value
601009.XSHG,balance,2016-03-31,2016q1,,insurance_contract_reserves,balance.csv,insurance_contract_reserves,0.0,0.0,0.0,,identity_q1_or_ytd_diff,True,
601009.XSHG,balance,2016-03-31,2016q1,,proxy_secu_proceeds,balance.csv,proxy_secu_proceeds,,,,,identity_q1_or_ytd_diff,False,missing_raw_value
601009.XSHG,balance,2016-03-31,2016q1,,non_current_liability_in_one_year,balance.csv,non_current_liability_in_one_year,,,,,identity_q1_or_ytd_diff,False,missing_raw_value
601009.XSHG,balance,2016-03-31,2016q1,,other_current_liability,balance.csv,other_current_liability,,,,,identity_q1_or_ytd_diff,False,missing_raw_value
601009.XSHG,balance,2016-03-31,2016q1,,total_current_liability,balance.csv,total_current_liability,,,,,identity_q1_or_ytd_diff,False,missing_raw_value
601009.XSHG,balance,2016-03-31,2016q1,,longterm_loan,balance.csv,longterm_loan,,,,,identity_q1_or_ytd_diff,False,missing_raw_value
601009.XSHG,balance,2016-03-31,2016q1,,bonds_payable,balance.csv,bonds_payable,123334145000.0,123334145000.0,123334145000.0,,identity_q1_or_ytd_diff,True,
601009.XSHG,balance,2016-03-31,2016q1,,estimate_liability,balance.csv,estimate_liability,,,,,identity_q1_or_ytd_diff,False,missing_raw_value
601009.XSHG,balance,2016-03-31,2016q1,,deferred_tax_liability,balance.csv,deferred_tax_liability,,,,,identity_q1_or_ytd_diff,False,missing_raw_value
601009.XSHG,balance,2016-03-31,2016q1,,other_non_current_liability,balance.csv,other_non_current_liability,,,,,identity_q1_or_ytd_diff,False,missing_raw_value
601009.XSHG,balance,2016-03-31,2016q1,,total_non_current_liability,balance.csv,total_non_current_liability,,,,,identity_q1_or_ytd_diff,False,missing_raw_value
601009.XSHG,balance,2016-03-31,2016q1,,total_liability,balance.csv,total_liability,912400905000.0,912400905000.0,912400905000.0,,identity_q1_or_ytd_diff,True,
601009.XSHG,balance,2016-03-31,2016q1,,paidin_capital,balance.csv,paidin_capital,3365956000.0,3365956000.0,3365956000.0,,identity_q1_or_ytd_diff,True,
601009.XSHG,balance,2016-03-31,2016q1,,capital_reserve_fund,balance.csv,capital_reserve_fund,17879226000.0,17879226000.0,17879226000.0,,identity_q1_or_ytd_diff,True,
601009.XSHG,balance,2016-03-31,2016q1,,treasury_stock,balance.csv,treasury_stock,,,,,identity_q1_or_ytd_diff,False,missing_raw_value
601009.XSHG,balance,2016-03-31,2016q1,,surplus_reserve_fund,balance.csv,surplus_reserve_fund,2582176000.0,2582176000.0,2582176000.0,,identity_q1_or_ytd_diff,True,
601009.XSHG,balance,2016-03-31,2016q1,,ordinary_risk_reserve_fund,balance.csv,ordinary_risk_reserve_fund,15355967000.0,15355967000.0,15355967000.0,,identity_q1_or_ytd_diff,True,
601009.XSHG,balance,2016-03-31,2016q1,,retained_profit,balance.csv,retained_profit,14751335000.0,14751335000.0,14751335000.0,,identity_q1_or_ytd_diff,True,
601009.XSHG,balance,2016-03-31,2016q1,,equities_parent_company_owners,balance.csv,equities_parent_company_owners,53934660000.0,53934660000.0,53934660000.0,,identity_q1_or_ytd_diff,True,
601009.XSHG,balance,2016-03-31,2016q1,,minority_interests,balance.csv,minority_interests,406363000.0,406363000.0,406363000.0,,identity_q1_or_ytd_diff,True,
601009.XSHG,balance,2016-03-31,2016q1,,total_owner_equities,balance.csv,total_owner_equities,54341023000.0,54341023000.0,54341023000.0,,identity_q1_or_ytd_diff,True,
601009.XSHG,balance,2016-03-31,2016q1,,other_comprehensive_income,balance.csv,other_comprehensive_income,,,,,identity_q1_or_ytd_diff,False,missing_raw_value
601009.XSHG,balance,2016-03-31,2016q1,,contract_assets,balance.csv,contract_assets,,,,,identity_q1_or_ytd_diff,False,missing_raw_value
601009.XSHG,balance,2016-03-31,2016q1,,contract_liability,balance.csv,contract_liability,,,,,identity_q1_or_ytd_diff,False,missing_raw_value
601009.XSHG,balance,2016-03-31,2016q1,,usufruct_assets,balance.csv,usufruct_assets,,,,,identity_q1_or_ytd_diff,False,missing_raw_value
601009.XSHG,balance,2016-06-30,2016q2,,cash_equivalents,balance.csv,cash_equivalents,151090833000.0,151090833000.0,151090833000.0,,identity_q1_or_ytd_diff,True,
601009.XSHG,balance,2016-06-30,2016q2,,settlement_provi,balance.csv,settlement_provi,,,,,identity_q1_or_ytd_diff,False,missing_raw_value
601009.XSHG,balance,2016-06-30,2016q2,,lend_capital,balance.csv,lend_capital,6547541000.0,6547541000.0,6547541000.0,,identity_q1_or_ytd_diff,True,
601009.XSHG,balance,2016-06-30,2016q2,,trading_assets,balance.csv,trading_assets,32421903000.0,32421903000.0,32421903000.0,,identity_q1_or_ytd_diff,True,
601009.XSHG,balance,2016-06-30,2016q2,,bill_receivable,balance.csv,bill_receivable,,,,,identity_q1_or_ytd_diff,False,missing_raw_value
601009.XSHG,balance,2016-06-30,2016q2,,account_receivable,balance.csv,account_receivable,,,,,identity_q1_or_ytd_diff,False,missing_raw_value
601009.XSHG,balance,2016-06-30,2016q2,,advance_payment,balance.csv,advance_payment,,,,,identity_q1_or_ytd_diff,False,missing_raw_value
601009.XSHG,balance,2016-06-30,2016q2,,insurance_receivables,balance.csv,insurance_receivables,,,,,identity_q1_or_ytd_diff,False,missing_raw_value
601009.XSHG,balance,2016-06-30,2016q2,,interest_receivable,balance.csv,interest_receivable,7487592000.0,7487592000.0,7487592000.0,,identity_q1_or_ytd_diff,True,
601009.XSHG,balance,2016-06-30,2016q2,,other_receivable,balance.csv,other_receivable,,,,,identity_q1_or_ytd_diff,False,missing_raw_value
601009.XSHG,balance,2016-06-30,2016q2,,bought_sellback_assets,balance.csv,bought_sellback_assets,2797700000.0,2797700000.0,2797700000.0,,identity_q1_or_ytd_diff,True,
601009.XSHG,balance,2016-06-30,2016q2,,inventories,balance.csv,inventories,,,,,identity_q1_or_ytd_diff,False,missing_raw_value
601009.XSHG,balance,2016-06-30,2016q2,,other_current_assets,balance.csv,other_current_assets,,,,,identity_q1_or_ytd_diff,False,missing_raw_value
601009.XSHG,balance,2016-06-30,2016q2,,total_current_assets,balance.csv,total_current_assets,,,,,identity_q1_or_ytd_diff,False,missing_raw_value
601009.XSHG,balance,2016-06-30,2016q2,,loan_and_advance,balance.csv,loan_and_advance,,,,,identity_q1_or_ytd_diff,False,missing_raw_value
601009.XSHG,balance,2016-06-30,2016q2,,hold_for_sale_assets,balance.csv,hold_for_sale_assets,108706865000.0,108706865000.0,108706865000.0,,identity_q1_or_ytd_diff,True,
601009.XSHG,balance,2016-06-30,2016q2,,hold_to_maturity_investments,balance.csv,hold_to_maturity_investments,99996898000.0,99996898000.0,99996898000.0,,identity_q1_or_ytd_diff,True,
601009.XSHG,balance,2016-06-30,2016q2,,longterm_equity_invest,balance.csv,longterm_equity_invest,2894482000.0,2894482000.0,2894482000.0,,identity_q1_or_ytd_diff,True,
601009.XSHG,balance,2016-06-30,2016q2,,investment_property,balance.csv,investment_property,12785000.0,12785000.0,12785000.0,,identity_q1_or_ytd_diff,True,
601009.XSHG,balance,2016-06-30,2016q2,,fixed_assets,balance.csv,fixed_assets,4977982000.0,4977982000.0,4977982000.0,,identity_q1_or_ytd_diff,True,
601009.XSHG,balance,2016-06-30,2016q2,,constru_in_process,balance.csv,constru_in_process,,,,,identity_q1_or_ytd_diff,False,missing_raw_value
601009.XSHG,balance,2016-06-30,2016q2,,intangible_assets,balance.csv,intangible_assets,178372000.0,178372000.0,178372000.0,,identity_q1_or_ytd_diff,True,
601009.XSHG,balance,2016-06-30,2016q2,,good_will,balance.csv,good_will,,,,,identity_q1_or_ytd_diff,False,missing_raw_value
601009.XSHG,balance,2016-06-30,2016q2,,long_deferred_expense,balance.csv,long_deferred_expense,,,,,identity_q1_or_ytd_diff,False,missing_raw_value
601009.XSHG,balance,2016-06-30,2016q2,,deferred_tax_assets,balance.csv,deferred_tax_assets,2289869000.0,2289869000.0,2289869000.0,,identity_q1_or_ytd_diff,True,
601009.XSHG,balance,2016-06-30,2016q2,,other_non_current_assets,balance.csv,other_non_current_assets,,,,,identity_q1_or_ytd_diff,False,missing_raw_value
601009.XSHG,balance,2016-06-30,2016q2,,total_non_current_assets,balance.csv,total_non_current_assets,,,,,identity_q1_or_ytd_diff,False,missing_raw_value
601009.XSHG,balance,2016-06-30,2016q2,,total_assets,balance.csv,total_assets,1015248859000.0,1015248859000.0,1015248859000.0,,identity_q1_or_ytd_diff,True,
601009.XSHG,balance,2016-06-30,2016q2,,shortterm_loan,balance.csv,shortterm_loan,0.0,0.0,0.0,,identity_q1_or_ytd_diff,True,
601009.XSHG,balance,2016-06-30,2016q2,,borrowing_from_centralbank,balance.csv,borrowing_from_centralbank,15530000000.0,15530000000.0,15530000000.0,,identity_q1_or_ytd_diff,True,
601009.XSHG,balance,2016-06-30,2016q2,,deposit_in_interbank,balance.csv,deposit_in_interbank,726723814000.0,726723814000.0,726723814000.0,,identity_q1_or_ytd_diff,True,
601009.XSHG,balance,2016-06-30,2016q2,,borrowing_capital,balance.csv,borrowing_capital,14119567000.0,14119567000.0,14119567000.0,,identity_q1_or_ytd_diff,True,
601009.XSHG,balance,2016-06-30,2016q2,,trading_liability,balance.csv,trading_liability,,,,,identity_q1_or_ytd_diff,False,missing_raw_value
601009.XSHG,balance,2016-06-30,2016q2,,notes_payable,balance.csv,notes_payable,,,,,identity_q1_or_ytd_diff,False,missing_raw_value
601009.XSHG,balance,2016-06-30,2016q2,,accounts_payable,balance.csv,accounts_payable,,,,,identity_q1_or_ytd_diff,False,missing_raw_value
601009.XSHG,balance,2016-06-30,2016q2,,advance_peceipts,balance.csv,advance_peceipts,,,,,identity_q1_or_ytd_diff,False,missing_raw_value
601009.XSHG,balance,2016-06-30,2016q2,,sold_buyback_secu_proceeds,balance.csv,sold_buyback_secu_proceeds,60767438000.0,60767438000.0,60767438000.0,,identity_q1_or_ytd_diff,True,
601009.XSHG,balance,2016-06-30,2016q2,,commission_payable,balance.csv,commission_payable,,,,,identity_q1_or_ytd_diff,False,missing_raw_value
601009.XSHG,balance,2016-06-30,2016q2,,salaries_payable,balance.csv,salaries_payable,2168736000.0,2168736000.0,2168736000.0,,identity_q1_or_ytd_diff,True,
601009.XSHG,balance,2016-06-30,2016q2,,taxs_payable,balance.csv,taxs_payable,1910138000.0,1910138000.0,1910138000.0,,identity_q1_or_ytd_diff,True,
601009.XSHG,balance,2016-06-30,2016q2,,interest_payable,balance.csv,interest_payable,9181738000.0,9181738000.0,9181738000.0,,identity_q1_or_ytd_diff,True,
601009.XSHG,balance,2016-06-30,2016q2,,other_payable,balance.csv,other_payable,,,,,identity_q1_or_ytd_diff,False,missing_raw_value
601009.XSHG,balance,2016-06-30,2016q2,,insurance_contract_reserves,balance.csv,insurance_contract_reserves,0.0,0.0,0.0,,identity_q1_or_ytd_diff,True,
601009.XSHG,balance,2016-06-30,2016q2,,proxy_secu_proceeds,balance.csv,proxy_secu_proceeds,,,,,identity_q1_or_ytd_diff,False,missing_raw_value
601009.XSHG,balance,2016-06-30,2016q2,,non_current_liability_in_one_year,balance.csv,non_current_liability_in_one_year,,,,,identity_q1_or_ytd_diff,False,missing_raw_value
601009.XSHG,balance,2016-06-30,2016q2,,other_current_liability,balance.csv,other_current_liability,,,,,identity_q1_or_ytd_diff,False,missing_raw_value
601009.XSHG,balance,2016-06-30,2016q2,,total_current_liability,balance.csv,total_current_liability,,,,,identity_q1_or_ytd_diff,False,missing_raw_value
601009.XSHG,balance,2016-06-30,2016q2,,longterm_loan,balance.csv,longterm_loan,,,,,identity_q1_or_ytd_diff,False,missing_raw_value
601009.XSHG,balance,2016-06-30,2016q2,,bonds_payable,balance.csv,bonds_payable,124690711000.0,124690711000.0,124690711000.0,,identity_q1_or_ytd_diff,True,
601009.XSHG,balance,2016-06-30,2016q2,,estimate_liability,balance.csv,estimate_liability,,,,,identity_q1_or_ytd_diff,False,missing_raw_value
601009.XSHG,balance,2016-06-30,2016q2,,deferred_tax_liability,balance.csv,deferred_tax_liability,,,,,identity_q1_or_ytd_diff,False,missing_raw_value
601009.XSHG,balance,2016-06-30,2016q2,,other_non_current_liability,balance.csv,other_non_current_liability,,,,,identity_q1_or_ytd_diff,False,missing_raw_value
601009.XSHG,balance,2016-06-30,2016q2,,total_non_current_liability,balance.csv,total_non_current_liability,,,,,identity_q1_or_ytd_diff,False,missing_raw_value
601009.XSHG,balance,2016-06-30,2016q2,,total_liability,balance.csv,total_liability,960408620000.0,960408620000.0,960408620000.0,,identity_q1_or_ytd_diff,True,
601009.XSHG,balance,2016-06-30,2016q2,,paidin_capital,balance.csv,paidin_capital,6058720000.0,6058720000.0,6058720000.0,,identity_q1_or_ytd_diff,True,
601009.XSHG,balance,2016-06-30,2016q2,,capital_reserve_fund,balance.csv,capital_reserve_fund,15186462000.0,15186462000.0,15186462000.0,,identity_q1_or_ytd_diff,True,
601009.XSHG,balance,2016-06-30,2016q2,,treasury_stock,balance.csv,treasury_stock,,,,,identity_q1_or_ytd_diff,False,missing_raw_value
601009.XSHG,balance,2016-06-30,2016q2,,surplus_reserve_fund,balance.csv,surplus_reserve_fund,3272607000.0,3272607000.0,3272607000.0,,identity_q1_or_ytd_diff,True,
601009.XSHG,balance,2016-06-30,2016q2,,ordinary_risk_reserve_fund,balance.csv,ordinary_risk_reserve_fund,8948393000.0,8948393000.0,8948393000.0,,identity_q1_or_ytd_diff,True,
601009.XSHG,balance,2016-06-30,2016q2,,retained_profit,balance.csv,retained_profit,14955883000.0,14955883000.0,14955883000.0,,identity_q1_or_ytd_diff,True,
601009.XSHG,balance,2016-06-30,2016q2,,equities_parent_company_owners,balance.csv,equities_parent_company_owners,54416537000.0,54416537000.0,54416537000.0,,identity_q1_or_ytd_diff,True,
601009.XSHG,balance,2016-06-30,2016q2,,minority_interests,balance.csv,minority_interests,423702000.0,423702000.0,423702000.0,,identity_q1_or_ytd_diff,True,
601009.XSHG,balance,2016-06-30,2016q2,,total_owner_equities,balance.csv,total_owner_equities,54840239000.0,54840239000.0,54840239000.0,,identity_q1_or_ytd_diff,True,
601009.XSHG,balance,2016-06-30,2016q2,,other_comprehensive_income,balance.csv,other_comprehensive_income,1120662000.0,1120662000.0,1120662000.0,,identity_q1_or_ytd_diff,True,
601009.XSHG,balance,2016-06-30,2016q2,,contract_assets,balance.csv,contract_assets,,,,,identity_q1_or_ytd_diff,False,missing_raw_value
601009.XSHG,balance,2016-06-30,2016q2,,contract_liability,balance.csv,contract_liability,,,,,identity_q1_or_ytd_diff,False,missing_raw_value
601009.XSHG,balance,2016-06-30,2016q2,,usufruct_assets,balance.csv,usufruct_assets,,,,,identity_q1_or_ytd_diff,False,missing_raw_value
601009.XSHG,balance,2016-09-30,2016q3,,cash_equivalents,balance.csv,cash_equivalents,151351218000.0,151351218000.0,151351218000.0,,identity_q1_or_ytd_diff,True,
601009.XSHG,balance,2016-09-30,2016q3,,settlement_provi,balance.csv,settlement_provi,,,,,identity_q1_or_ytd_diff,False,missing_raw_value
601009.XSHG,balance,2016-09-30,2016q3,,lend_capital,balance.csv,lend_capital,8447333000.0,8447333000.0,8447333000.0,,identity_q1_or_ytd_diff,True,
601009.XSHG,balance,2016-09-30,2016q3,,trading_assets,balance.csv,trading_assets,36007858000.0,36007858000.0,36007858000.0,,identity_q1_or_ytd_diff,True,
601009.XSHG,balance,2016-09-30,2016q3,,bill_receivable,balance.csv,bill_receivable,,,,,identity_q1_or_ytd_diff,False,missing_raw_value
601009.XSHG,balance,2016-09-30,2016q3,,account_receivable,balance.csv,account_receivable,,,,,identity_q1_or_ytd_diff,False,missing_raw_value
601009.XSHG,balance,2016-09-30,2016q3,,advance_payment,balance.csv,advance_payment,,,,,identity_q1_or_ytd_diff,False,missing_raw_value
601009.XSHG,balance,2016-09-30,2016q3,,insurance_receivables,balance.csv,insurance_receivables,,,,,identity_q1_or_ytd_diff,False,missing_raw_value
601009.XSHG,balance,2016-09-30,2016q3,,interest_receivable,balance.csv,interest_receivable,7651142000.0,7651142000.0,7651142000.0,,identity_q1_or_ytd_diff,True,
601009.XSHG,balance,2016-09-30,2016q3,,other_receivable,balance.csv,other_receivable,,,,,identity_q1_or_ytd_diff,False,missing_raw_value
601009.XSHG,balance,2016-09-30,2016q3,,bought_sellback_assets,balance.csv,bought_sellback_assets,8997500000.0,8997500000.0,8997500000.0,,identity_q1_or_ytd_diff,True,
601009.XSHG,balance,2016-09-30,2016q3,,inventories,balance.csv,inventories,,,,,identity_q1_or_ytd_diff,False,missing_raw_value
601009.XSHG,balance,2016-09-30,2016q3,,other_current_assets,balance.csv,other_current_assets,,,,,identity_q1_or_ytd_diff,False,missing_raw_value
601009.XSHG,balance,2016-09-30,2016q3,,total_current_assets,balance.csv,total_current_assets,,,,,identity_q1_or_ytd_diff,False,missing_raw_value
601009.XSHG,balance,2016-09-30,2016q3,,loan_and_advance,balance.csv,loan_and_advance,,,,,identity_q1_or_ytd_diff,False,missing_raw_value
601009.XSHG,balance,2016-09-30,2016q3,,hold_for_sale_assets,balance.csv,hold_for_sale_assets,109518665000.0,109518665000.0,109518665000.0,,identity_q1_or_ytd_diff,True,
601009.XSHG,balance,2016-09-30,2016q3,,hold_to_maturity_investments,balance.csv,hold_to_maturity_investments,112488402000.0,112488402000.0,112488402000.0,,identity_q1_or_ytd_diff,True,
601009.XSHG,balance,2016-09-30,2016q3,,longterm_equity_invest,balance.csv,longterm_equity_invest,2959627000.0,2959627000.0,2959627000.0,,identity_q1_or_ytd_diff,True,
601009.XSHG,balance,2016-09-30,2016q3,,investment_property,balance.csv,investment_property,11823000.0,11823000.0,11823000.0,,identity_q1_or_ytd_diff,True,
601009.XSHG,balance,2016-09-30,2016q3,,fixed_assets,balance.csv,fixed_assets,5110910000.0,5110910000.0,5110910000.0,,identity_q1_or_ytd_diff,True,
601009.XSHG,balance,2016-09-30,2016q3,,constru_in_process,balance.csv,constru_in_process,,,,,identity_q1_or_ytd_diff,False,missing_raw_value
601009.XSHG,balance,2016-09-30,2016q3,,intangible_assets,balance.csv,intangible_assets,210162000.0,210162000.0,210162000.0,,identity_q1_or_ytd_diff,True,
601009.XSHG,balance,2016-09-30,2016q3,,good_will,balance.csv,good_will,,,,,identity_q1_or_ytd_diff,False,missing_raw_value
601009.XSHG,balance,2016-09-30,2016q3,,long_deferred_expense,balance.csv,long_deferred_expense,,,,,identity_q1_or_ytd_diff,False,missing_raw_value
601009.XSHG,balance,2016-09-30,2016q3,,deferred_tax_assets,balance.csv,deferred_tax_assets,2610123000.0,2610123000.0,2610123000.0,,identity_q1_or_ytd_diff,True,
601009.XSHG,balance,2016-09-30,2016q3,,other_non_current_assets,balance.csv,other_non_current_assets,,,,,identity_q1_or_ytd_diff,False,missing_raw_value
601009.XSHG,balance,2016-09-30,2016q3,,total_non_current_assets,balance.csv,total_non_current_assets,,,,,identity_q1_or_ytd_diff,False,missing_raw_value
601009.XSHG,balance,2016-09-30,2016q3,,total_assets,balance.csv,total_assets,1023217639000.0,1023217639000.0,1023217639000.0,,identity_q1_or_ytd_diff,True,
601009.XSHG,balance,2016-09-30,2016q3,,shortterm_loan,balance.csv,shortterm_loan,0.0,0.0,0.0,,identity_q1_or_ytd_diff,True,
601009.XSHG,balance,2016-09-30,2016q3,,borrowing_from_centralbank,balance.csv,borrowing_from_centralbank,20620000000.0,20620000000.0,20620000000.0,,identity_q1_or_ytd_diff,True,
601009.XSHG,balance,2016-09-30,2016q3,,deposit_in_interbank,balance.csv,deposit_in_interbank,725166496000.0,725166496000.0,725166496000.0,,identity_q1_or_ytd_diff,True,
601009.XSHG,balance,2016-09-30,2016q3,,borrowing_capital,balance.csv,borrowing_capital,6876491000.0,6876491000.0,6876491000.0,,identity_q1_or_ytd_diff,True,
601009.XSHG,balance,2016-09-30,2016q3,,trading_liability,balance.csv,trading_liability,,,,,identity_q1_or_ytd_diff,False,missing_raw_value
601009.XSHG,balance,2016-09-30,2016q3,,notes_payable,balance.csv,notes_payable,,,,,identity_q1_or_ytd_diff,False,missing_raw_value
601009.XSHG,balance,2016-09-30,2016q3,,accounts_payable,balance.csv,accounts_payable,,,,,identity_q1_or_ytd_diff,False,missing_raw_value
601009.XSHG,balance,2016-09-30,2016q3,,advance_peceipts,balance.csv,advance_peceipts,,,,,identity_q1_or_ytd_diff,False,missing_raw_value
601009.XSHG,balance,2016-09-30,2016q3,,sold_buyback_secu_proceeds,balance.csv,sold_buyback_secu_proceeds,38488779000.0,38488779000.0,38488779000.0,,identity_q1_or_ytd_diff,True,
601009.XSHG,balance,2016-09-30,2016q3,,commission_payable,balance.csv,commission_payable,,,,,identity_q1_or_ytd_diff,False,missing_raw_value
601009.XSHG,balance,2016-09-30,2016q3,,salaries_payable,balance.csv,salaries_payable,2129204000.0,2129204000.0,2129204000.0,,identity_q1_or_ytd_diff,True,
601009.XSHG,balance,2016-09-30,2016q3,,taxs_payable,balance.csv,taxs_payable,2297537000.0,2297537000.0,2297537000.0,,identity_q1_or_ytd_diff,True,
601009.XSHG,balance,2016-09-30,2016q3,,interest_payable,balance.csv,interest_payable,10176011000.0,10176011000.0,10176011000.0,,identity_q1_or_ytd_diff,True,
601009.XSHG,balance,2016-09-30,2016q3,,other_payable,balance.csv,other_payable,,,,,identity_q1_or_ytd_diff,False,missing_raw_value
601009.XSHG,balance,2016-09-30,2016q3,,insurance_contract_reserves,balance.csv,insurance_contract_reserves,0.0,0.0,0.0,,identity_q1_or_ytd_diff,True,
601009.XSHG,balance,2016-09-30,2016q3,,proxy_secu_proceeds,balance.csv,proxy_secu_proceeds,,,,,identity_q1_or_ytd_diff,False,missing_raw_value
601009.XSHG,balance,2016-09-30,2016q3,,non_current_liability_in_one_year,balance.csv,non_current_liability_in_one_year,,,,,identity_q1_or_ytd_diff,False,missing_raw_value
601009.XSHG,balance,2016-09-30,2016q3,,other_current_liability,balance.csv,other_current_liability,,,,,identity_q1_or_ytd_diff,False,missing_raw_value
601009.XSHG,balance,2016-09-30,2016q3,,total_current_liability,balance.csv,total_current_liability,,,,,identity_q1_or_ytd_diff,False,missing_raw_value
601009.XSHG,balance,2016-09-30,2016q3,,longterm_loan,balance.csv,longterm_loan,,,,,identity_q1_or_ytd_diff,False,missing_raw_value
601009.XSHG,balance,2016-09-30,2016q3,,bonds_payable,balance.csv,bonds_payable,149450792000.0,149450792000.0,149450792000.0,,identity_q1_or_ytd_diff,True,
601009.XSHG,balance,2016-09-30,2016q3,,estimate_liability,balance.csv,estimate_liability,,,,,identity_q1_or_ytd_diff,False,missing_raw_value
601009.XSHG,balance,2016-09-30,2016q3,,deferred_tax_liability,balance.csv,deferred_tax_liability,,,,,identity_q1_or_ytd_diff,False,missing_raw_value
601009.XSHG,balance,2016-09-30,2016q3,,other_non_current_liability,balance.csv,other_non_current_liability,,,,,identity_q1_or_ytd_diff,False,missing_raw_value
601009.XSHG,balance,2016-09-30,2016q3,,total_non_current_liability,balance.csv,total_non_current_liability,,,,,identity_q1_or_ytd_diff,False,missing_raw_value
601009.XSHG,balance,2016-09-30,2016q3,,total_liability,balance.csv,total_liability,961161439000.0,961161439000.0,961161439000.0,,identity_q1_or_ytd_diff,True,
601009.XSHG,balance,2016-09-30,2016q3,,paidin_capital,balance.csv,paidin_capital,6058720000.0,6058720000.0,6058720000.0,,identity_q1_or_ytd_diff,True,
601009.XSHG,balance,2016-09-30,2016q3,,capital_reserve_fund,balance.csv,capital_reserve_fund,15186462000.0,15186462000.0,15186462000.0,,identity_q1_or_ytd_diff,True,
601009.XSHG,balance,2016-09-30,2016q3,,treasury_stock,balance.csv,treasury_stock,,,,,identity_q1_or_ytd_diff,False,missing_raw_value
601009.XSHG,balance,2016-09-30,2016q3,,surplus_reserve_fund,balance.csv,surplus_reserve_fund,3272607000.0,3272607000.0,3272607000.0,,identity_q1_or_ytd_diff,True,
601009.XSHG,balance,2016-09-30,2016q3,,ordinary_risk_reserve_fund,balance.csv,ordinary_risk_reserve_fund,8949991000.0,8949991000.0,8949991000.0,,identity_q1_or_ytd_diff,True,
601009.XSHG,balance,2016-09-30,2016q3,,retained_profit,balance.csv,retained_profit,16944533000.0,16944533000.0,16944533000.0,,identity_q1_or_ytd_diff,True,
601009.XSHG,balance,2016-09-30,2016q3,,equities_parent_company_owners,balance.csv,equities_parent_company_owners,61603486000.0,61603486000.0,61603486000.0,,identity_q1_or_ytd_diff,True,
601009.XSHG,balance,2016-09-30,2016q3,,minority_interests,balance.csv,minority_interests,452714000.0,452714000.0,452714000.0,,identity_q1_or_ytd_diff,True,
601009.XSHG,balance,2016-09-30,2016q3,,total_owner_equities,balance.csv,total_owner_equities,62056200000.0,62056200000.0,62056200000.0,,identity_q1_or_ytd_diff,True,
601009.XSHG,balance,2016-09-30,2016q3,,other_comprehensive_income,balance.csv,other_comprehensive_income,1342363000.0,1342363000.0,1342363000.0,,identity_q1_or_ytd_diff,True,
601009.XSHG,balance,2016-09-30,2016q3,,contract_assets,balance.csv,contract_assets,,,,,identity_q1_or_ytd_diff,False,missing_raw_value
601009.XSHG,balance,2016-09-30,2016q3,,contract_liability,balance.csv,contract_liability,,,,,identity_q1_or_ytd_diff,False,missing_raw_value
601009.XSHG,balance,2016-09-30,2016q3,,usufruct_assets,balance.csv,usufruct_assets,,,,,identity_q1_or_ytd_diff,False,missing_raw_value
601009.XSHG,balance,2016-12-31,2016q4,,cash_equivalents,balance.csv,cash_equivalents,187562807000.0,187562807000.0,187562807000.0,,identity_q1_or_ytd_diff,True,
601009.XSHG,balance,2016-12-31,2016q4,,settlement_provi,balance.csv,settlement_provi,,,,,identity_q1_or_ytd_diff,False,missing_raw_value
601009.XSHG,balance,2016-12-31,2016q4,,lend_capital,balance.csv,lend_capital,8654903000.0,8654903000.0,8654903000.0,,identity_q1_or_ytd_diff,True,
601009.XSHG,balance,2016-12-31,2016q4,,trading_assets,balance.csv,trading_assets,25250348000.0,25250348000.0,25250348000.0,,identity_q1_or_ytd_diff,True,
601009.XSHG,balance,2016-12-31,2016q4,,bill_receivable,balance.csv,bill_receivable,,,,,identity_q1_or_ytd_diff,False,missing_raw_value
601009.XSHG,balance,2016-12-31,2016q4,,account_receivable,balance.csv,account_receivable,,,,,identity_q1_or_ytd_diff,False,missing_raw_value
601009.XSHG,balance,2016-12-31,2016q4,,advance_payment,balance.csv,advance_payment,,,,,identity_q1_or_ytd_diff,False,missing_raw_value
601009.XSHG,balance,2016-12-31,2016q4,,insurance_receivables,balance.csv,insurance_receivables,,,,,identity_q1_or_ytd_diff,False,missing_raw_value
601009.XSHG,balance,2016-12-31,2016q4,,interest_receivable,balance.csv,interest_receivable,7154414000.0,7154414000.0,7154414000.0,,identity_q1_or_ytd_diff,True,
601009.XSHG,balance,2016-12-31,2016q4,,other_receivable,balance.csv,other_receivable,,,,,identity_q1_or_ytd_diff,False,missing_raw_value
601009.XSHG,balance,2016-12-31,2016q4,,bought_sellback_assets,balance.csv,bought_sellback_assets,2190000000.0,2190000000.0,2190000000.0,,identity_q1_or_ytd_diff,True,
601009.XSHG,balance,2016-12-31,2016q4,,inventories,balance.csv,inventories,,,,,identity_q1_or_ytd_diff,False,missing_raw_value
601009.XSHG,balance,2016-12-31,2016q4,,other_current_assets,balance.csv,other_current_assets,,,,,identity_q1_or_ytd_diff,False,missing_raw_value
601009.XSHG,balance,2016-12-31,2016q4,,total_current_assets,balance.csv,total_current_assets,,,,,identity_q1_or_ytd_diff,False,missing_raw_value
601009.XSHG,balance,2016-12-31,2016q4,,loan_and_advance,balance.csv,loan_and_advance,,,,,identity_q1_or_ytd_diff,False,missing_raw_value
601009.XSHG,balance,2016-12-31,2016q4,,hold_for_sale_assets,balance.csv,hold_for_sale_assets,163861442000.0,163861442000.0,163861442000.0,,identity_q1_or_ytd_diff,True,
601009.XSHG,balance,2016-12-31,2016q4,,hold_to_maturity_investments,balance.csv,hold_to_maturity_investments,111828095000.0,111828095000.0,111828095000.0,,identity_q1_or_ytd_diff,True,
601009.XSHG,balance,2016-12-31,2016q4,,longterm_equity_invest,balance.csv,longterm_equity_invest,3056197000.0,3056197000.0,3056197000.0,,identity_q1_or_ytd_diff,True,
601009.XSHG,balance,2016-12-31,2016q4,,investment_property,balance.csv,investment_property,10862000.0,10862000.0,10862000.0,,identity_q1_or_ytd_diff,True,
601009.XSHG,balance,2016-12-31,2016q4,,fixed_assets,balance.csv,fixed_assets,5419246000.0,5419246000.0,5419246000.0,,identity_q1_or_ytd_diff,True,
601009.XSHG,balance,2016-12-31,2016q4,,constru_in_process,balance.csv,constru_in_process,,,,,identity_q1_or_ytd_diff,False,missing_raw_value
601009.XSHG,balance,2016-12-31,2016q4,,intangible_assets,balance.csv,intangible_assets,308250000.0,308250000.0,308250000.0,,identity_q1_or_ytd_diff,True,
601009.XSHG,balance,2016-12-31,2016q4,,good_will,balance.csv,good_will,,,,,identity_q1_or_ytd_diff,False,missing_raw_value
601009.XSHG,balance,2016-12-31,2016q4,,long_deferred_expense,balance.csv,long_deferred_expense,,,,,identity_q1_or_ytd_diff,False,missing_raw_value
601009.XSHG,balance,2016-12-31,2016q4,,deferred_tax_assets,balance.csv,deferred_tax_assets,3366208000.0,3366208000.0,3366208000.0,,identity_q1_or_ytd_diff,True,
601009.XSHG,balance,2016-12-31,2016q4,,other_non_current_assets,balance.csv,other_non_current_assets,,,,,identity_q1_or_ytd_diff,False,missing_raw_value
601009.XSHG,balance,2016-12-31,2016q4,,total_non_current_assets,balance.csv,total_non_current_assets,,,,,identity_q1_or_ytd_diff,False,missing_raw_value
601009.XSHG,balance,2016-12-31,2016q4,,total_assets,balance.csv,total_assets,1063899825000.0,1063899825000.0,1063899825000.0,,identity_q1_or_ytd_diff,True,
601009.XSHG,balance,2016-12-31,2016q4,,shortterm_loan,balance.csv,shortterm_loan,0.0,0.0,0.0,,identity_q1_or_ytd_diff,True,
601009.XSHG,balance,2016-12-31,2016q4,,borrowing_from_centralbank,balance.csv,borrowing_from_centralbank,31120000000.0,31120000000.0,31120000000.0,,identity_q1_or_ytd_diff,True,
601009.XSHG,balance,2016-12-31,2016q4,,deposit_in_interbank,balance.csv,deposit_in_interbank,716675551000.0,716675551000.0,716675551000.0,,identity_q1_or_ytd_diff,True,
601009.XSHG,balance,2016-12-31,2016q4,,borrowing_capital,balance.csv,borrowing_capital,2877113000.0,2877113000.0,2877113000.0,,identity_q1_or_ytd_diff,True,
601009.XSHG,balance,2016-12-31,2016q4,,trading_liability,balance.csv,trading_liability,472381000.0,472381000.0,472381000.0,,identity_q1_or_ytd_diff,True,
601009.XSHG,balance,2016-12-31,2016q4,,notes_payable,balance.csv,notes_payable,,,,,identity_q1_or_ytd_diff,False,missing_raw_value
601009.XSHG,balance,2016-12-31,2016q4,,accounts_payable,balance.csv,accounts_payable,,,,,identity_q1_or_ytd_diff,False,missing_raw_value
601009.XSHG,balance,2016-12-31,2016q4,,advance_peceipts,balance.csv,advance_peceipts,,,,,identity_q1_or_ytd_diff,False,missing_raw_value
601009.XSHG,balance,2016-12-31,2016q4,,sold_buyback_secu_proceeds,balance.csv,sold_buyback_secu_proceeds,55701853000.0,55701853000.0,55701853000.0,,identity_q1_or_ytd_diff,True,
601009.XSHG,balance,2016-12-31,2016q4,,commission_payable,balance.csv,commission_payable,,,,,identity_q1_or_ytd_diff,False,missing_raw_value
601009.XSHG,balance,2016-12-31,2016q4,,salaries_payable,balance.csv,salaries_payable,2335717000.0,2335717000.0,2335717000.0,,identity_q1_or_ytd_diff,True,
601009.XSHG,balance,2016-12-31,2016q4,,taxs_payable,balance.csv,taxs_payable,2172266000.0,2172266000.0,2172266000.0,,identity_q1_or_ytd_diff,True,
601009.XSHG,balance,2016-12-31,2016q4,,interest_payable,balance.csv,interest_payable,11182657000.0,11182657000.0,11182657000.0,,identity_q1_or_ytd_diff,True,
601009.XSHG,balance,2016-12-31,2016q4,,other_payable,balance.csv,other_payable,,,,,identity_q1_or_ytd_diff,False,missing_raw_value
601009.XSHG,balance,2016-12-31,2016q4,,insurance_contract_reserves,balance.csv,insurance_contract_reserves,0.0,0.0,0.0,,identity_q1_or_ytd_diff,True,
601009.XSHG,balance,2016-12-31,2016q4,,proxy_secu_proceeds,balance.csv,proxy_secu_proceeds,,,,,identity_q1_or_ytd_diff,False,missing_raw_value
601009.XSHG,balance,2016-12-31,2016q4,,non_current_liability_in_one_year,balance.csv,non_current_liability_in_one_year,,,,,identity_q1_or_ytd_diff,False,missing_raw_value
601009.XSHG,balance,2016-12-31,2016q4,,other_current_liability,balance.csv,other_current_liability,,,,,identity_q1_or_ytd_diff,False,missing_raw_value
601009.XSHG,balance,2016-12-31,2016q4,,total_current_liability,balance.csv,total_current_liability,,,,,identity_q1_or_ytd_diff,False,missing_raw_value
601009.XSHG,balance,2016-12-31,2016q4,,longterm_loan,balance.csv,longterm_loan,,,,,identity_q1_or_ytd_diff,False,missing_raw_value
601009.XSHG,balance,2016-12-31,2016q4,,bonds_payable,balance.csv,bonds_payable,170165452000.0,170165452000.0,170165452000.0,,identity_q1_or_ytd_diff,True,
601009.XSHG,balance,2016-12-31,2016q4,,estimate_liability,balance.csv,estimate_liability,,,,,identity_q1_or_ytd_diff,False,missing_raw_value
601009.XSHG,balance,2016-12-31,2016q4,,deferred_tax_liability,balance.csv,deferred_tax_liability,,,,,identity_q1_or_ytd_diff,False,missing_raw_value
601009.XSHG,balance,2016-12-31,2016q4,,other_non_current_liability,balance.csv,other_non_current_liability,,,,,identity_q1_or_ytd_diff,False,missing_raw_value
601009.XSHG,balance,2016-12-31,2016q4,,total_non_current_liability,balance.csv,total_non_current_liability,,,,,identity_q1_or_ytd_diff,False,missing_raw_value
601009.XSHG,balance,2016-12-31,2016q4,,total_liability,balance.csv,total_liability,1001522044000.0,1001522044000.0,1001522044000.0,,identity_q1_or_ytd_diff,True,
601009.XSHG,balance,2016-12-31,2016q4,,paidin_capital,balance.csv,paidin_capital,6058720000.0,6058720000.0,6058720000.0,,identity_q1_or_ytd_diff,True,
601009.XSHG,balance,2016-12-31,2016q4,,capital_reserve_fund,balance.csv,capital_reserve_fund,15199537000.0,15199537000.0,15199537000.0,,identity_q1_or_ytd_diff,True,
601009.XSHG,balance,2016-12-31,2016q4,,treasury_stock,balance.csv,treasury_stock,,,,,identity_q1_or_ytd_diff,False,missing_raw_value
601009.XSHG,balance,2016-12-31,2016q4,,surplus_reserve_fund,balance.csv,surplus_reserve_fund,3272607000.0,3272607000.0,3272607000.0,,identity_q1_or_ytd_diff,True,
601009.XSHG,balance,2016-12-31,2016q4,,ordinary_risk_reserve_fund,balance.csv,ordinary_risk_reserve_fund,11880527000.0,11880527000.0,11880527000.0,,identity_q1_or_ytd_diff,True,
601009.XSHG,balance,2016-12-31,2016q4,,retained_profit,balance.csv,retained_profit,15699141000.0,15699141000.0,15699141000.0,,identity_q1_or_ytd_diff,True,
601009.XSHG,balance,2016-12-31,2016q4,,equities_parent_company_owners,balance.csv,equities_parent_company_owners,61921540000.0,61921540000.0,61921540000.0,,identity_q1_or_ytd_diff,True,
601009.XSHG,balance,2016-12-31,2016q4,,minority_interests,balance.csv,minority_interests,456241000.0,456241000.0,456241000.0,,identity_q1_or_ytd_diff,True,
601009.XSHG,balance,2016-12-31,2016q4,,total_owner_equities,balance.csv,total_owner_equities,62377781000.0,62377781000.0,62377781000.0,,identity_q1_or_ytd_diff,True,
601009.XSHG,balance,2016-12-31,2016q4,,other_comprehensive_income,balance.csv,other_comprehensive_income,-38805000.0,-38805000.0,-38805000.0,,identity_q1_or_ytd_diff,True,
601009.XSHG,balance,2016-12-31,2016q4,,contract_assets,balance.csv,contract_assets,,,,,identity_q1_or_ytd_diff,False,missing_raw_value
601009.XSHG,balance,2016-12-31,2016q4,,contract_liability,balance.csv,contract_liability,,,,,identity_q1_or_ytd_diff,False,missing_raw_value
601009.XSHG,balance,2016-12-31,2016q4,,usufruct_assets,balance.csv,usufruct_assets,,,,,identity_q1_or_ytd_diff,False,missing_raw_value
601009.XSHG,balance,2017-03-31,2017q1,,cash_equivalents,balance.csv,cash_equivalents,195520985000.0,195520985000.0,195520985000.0,,identity_q1_or_ytd_diff,True,
601009.XSHG,balance,2017-03-31,2017q1,,settlement_provi,balance.csv,settlement_provi,,,,,identity_q1_or_ytd_diff,False,missing_raw_value
601009.XSHG,balance,2017-03-31,2017q1,,lend_capital,balance.csv,lend_capital,9597692000.0,9597692000.0,9597692000.0,,identity_q1_or_ytd_diff,True,
601009.XSHG,balance,2017-03-31,2017q1,,trading_assets,balance.csv,trading_assets,30060335000.0,30060335000.0,30060335000.0,,identity_q1_or_ytd_diff,True,
601009.XSHG,balance,2017-03-31,2017q1,,bill_receivable,balance.csv,bill_receivable,,,,,identity_q1_or_ytd_diff,False,missing_raw_value
601009.XSHG,balance,2017-03-31,2017q1,,account_receivable,balance.csv,account_receivable,,,,,identity_q1_or_ytd_diff,False,missing_raw_value
601009.XSHG,balance,2017-03-31,2017q1,,advance_payment,balance.csv,advance_payment,,,,,identity_q1_or_ytd_diff,False,missing_raw_value
601009.XSHG,balance,2017-03-31,2017q1,,insurance_receivables,balance.csv,insurance_receivables,,,,,identity_q1_or_ytd_diff,False,missing_raw_value
601009.XSHG,balance,2017-03-31,2017q1,,interest_receivable,balance.csv,interest_receivable,7228977000.0,7228977000.0,7228977000.0,,identity_q1_or_ytd_diff,True,
601009.XSHG,balance,2017-03-31,2017q1,,other_receivable,balance.csv,other_receivable,,,,,identity_q1_or_ytd_diff,False,missing_raw_value
601009.XSHG,balance,2017-03-31,2017q1,,bought_sellback_assets,balance.csv,bought_sellback_assets,30300151000.0,30300151000.0,30300151000.0,,identity_q1_or_ytd_diff,True,
601009.XSHG,balance,2017-03-31,2017q1,,inventories,balance.csv,inventories,,,,,identity_q1_or_ytd_diff,False,missing_raw_value
601009.XSHG,balance,2017-03-31,2017q1,,other_current_assets,balance.csv,other_current_assets,,,,,identity_q1_or_ytd_diff,False,missing_raw_value
601009.XSHG,balance,2017-03-31,2017q1,,total_current_assets,balance.csv,total_current_assets,,,,,identity_q1_or_ytd_diff,False,missing_raw_value
601009.XSHG,balance,2017-03-31,2017q1,,loan_and_advance,balance.csv,loan_and_advance,,,,,identity_q1_or_ytd_diff,False,missing_raw_value
601009.XSHG,balance,2017-03-31,2017q1,,hold_for_sale_assets,balance.csv,hold_for_sale_assets,162981876000.0,162981876000.0,162981876000.0,,identity_q1_or_ytd_diff,True,
601009.XSHG,balance,2017-03-31,2017q1,,hold_to_maturity_investments,balance.csv,hold_to_maturity_investments,112627840000.0,112627840000.0,112627840000.0,,identity_q1_or_ytd_diff,True,
601009.XSHG,balance,2017-03-31,2017q1,,longterm_equity_invest,balance.csv,longterm_equity_invest,3180314000.0,3180314000.0,3180314000.0,,identity_q1_or_ytd_diff,True,
601009.XSHG,balance,2017-03-31,2017q1,,investment_property,balance.csv,investment_property,9900000.0,9900000.0,9900000.0,,identity_q1_or_ytd_diff,True,
601009.XSHG,balance,2017-03-31,2017q1,,fixed_assets,balance.csv,fixed_assets,5405991000.0,5405991000.0,5405991000.0,,identity_q1_or_ytd_diff,True,
601009.XSHG,balance,2017-03-31,2017q1,,constru_in_process,balance.csv,constru_in_process,,,,,identity_q1_or_ytd_diff,False,missing_raw_value
601009.XSHG,balance,2017-03-31,2017q1,,intangible_assets,balance.csv,intangible_assets,298367000.0,298367000.0,298367000.0,,identity_q1_or_ytd_diff,True,
601009.XSHG,balance,2017-03-31,2017q1,,good_will,balance.csv,good_will,,,,,identity_q1_or_ytd_diff,False,missing_raw_value
601009.XSHG,balance,2017-03-31,2017q1,,long_deferred_expense,balance.csv,long_deferred_expense,,,,,identity_q1_or_ytd_diff,False,missing_raw_value
601009.XSHG,balance,2017-03-31,2017q1,,deferred_tax_assets,balance.csv,deferred_tax_assets,3578322000.0,3578322000.0,3578322000.0,,identity_q1_or_ytd_diff,True,
601009.XSHG,balance,2017-03-31,2017q1,,other_non_current_assets,balance.csv,other_non_current_assets,,,,,identity_q1_or_ytd_diff,False,missing_raw_value
601009.XSHG,balance,2017-03-31,2017q1,,total_non_current_assets,balance.csv,total_non_current_assets,,,,,identity_q1_or_ytd_diff,False,missing_raw_value
601009.XSHG,balance,2017-03-31,2017q1,,total_assets,balance.csv,total_assets,1122565661000.0,1122565661000.0,1122565661000.0,,identity_q1_or_ytd_diff,True,
601009.XSHG,balance,2017-03-31,2017q1,,shortterm_loan,balance.csv,shortterm_loan,0.0,0.0,0.0,,identity_q1_or_ytd_diff,True,
601009.XSHG,balance,2017-03-31,2017q1,,borrowing_from_centralbank,balance.csv,borrowing_from_centralbank,41090000000.0,41090000000.0,41090000000.0,,identity_q1_or_ytd_diff,True,
601009.XSHG,balance,2017-03-31,2017q1,,deposit_in_interbank,balance.csv,deposit_in_interbank,781601785000.0,781601785000.0,781601785000.0,,identity_q1_or_ytd_diff,True,
601009.XSHG,balance,2017-03-31,2017q1,,borrowing_capital,balance.csv,borrowing_capital,12564263000.0,12564263000.0,12564263000.0,,identity_q1_or_ytd_diff,True,
601009.XSHG,balance,2017-03-31,2017q1,,trading_liability,balance.csv,trading_liability,,,,,identity_q1_or_ytd_diff,False,missing_raw_value
601009.XSHG,balance,2017-03-31,2017q1,,notes_payable,balance.csv,notes_payable,,,,,identity_q1_or_ytd_diff,False,missing_raw_value
601009.XSHG,balance,2017-03-31,2017q1,,accounts_payable,balance.csv,accounts_payable,,,,,identity_q1_or_ytd_diff,False,missing_raw_value
601009.XSHG,balance,2017-03-31,2017q1,,advance_peceipts,balance.csv,advance_peceipts,,,,,identity_q1_or_ytd_diff,False,missing_raw_value
601009.XSHG,balance,2017-03-31,2017q1,,sold_buyback_secu_proceeds,balance.csv,sold_buyback_secu_proceeds,3636862000.0,3636862000.0,3636862000.0,,identity_q1_or_ytd_diff,True,
601009.XSHG,balance,2017-03-31,2017q1,,commission_payable,balance.csv,commission_payable,,,,,identity_q1_or_ytd_diff,False,missing_raw_value
601009.XSHG,balance,2017-03-31,2017q1,,salaries_payable,balance.csv,salaries_payable,2111467000.0,2111467000.0,2111467000.0,,identity_q1_or_ytd_diff,True,
601009.XSHG,balance,2017-03-31,2017q1,,taxs_payable,balance.csv,taxs_payable,2180855000.0,2180855000.0,2180855000.0,,identity_q1_or_ytd_diff,True,
601009.XSHG,balance,2017-03-31,2017q1,,interest_payable,balance.csv,interest_payable,10725431000.0,10725431000.0,10725431000.0,,identity_q1_or_ytd_diff,True,
601009.XSHG,balance,2017-03-31,2017q1,,other_payable,balance.csv,other_payable,,,,,identity_q1_or_ytd_diff,False,missing_raw_value
601009.XSHG,balance,2017-03-31,2017q1,,insurance_contract_reserves,balance.csv,insurance_contract_reserves,0.0,0.0,0.0,,identity_q1_or_ytd_diff,True,
601009.XSHG,balance,2017-03-31,2017q1,,proxy_secu_proceeds,balance.csv,proxy_secu_proceeds,,,,,identity_q1_or_ytd_diff,False,missing_raw_value
601009.XSHG,balance,2017-03-31,2017q1,,non_current_liability_in_one_year,balance.csv,non_current_liability_in_one_year,,,,,identity_q1_or_ytd_diff,False,missing_raw_value
601009.XSHG,balance,2017-03-31,2017q1,,other_current_liability,balance.csv,other_current_liability,,,,,identity_q1_or_ytd_diff,False,missing_raw_value
601009.XSHG,balance,2017-03-31,2017q1,,total_current_liability,balance.csv,total_current_liability,,,,,identity_q1_or_ytd_diff,False,missing_raw_value
601009.XSHG,balance,2017-03-31,2017q1,,longterm_loan,balance.csv,longterm_loan,,,,,identity_q1_or_ytd_diff,False,missing_raw_value
601009.XSHG,balance,2017-03-31,2017q1,,bonds_payable,balance.csv,bonds_payable,198054027000.0,198054027000.0,198054027000.0,,identity_q1_or_ytd_diff,True,
601009.XSHG,balance,2017-03-31,2017q1,,estimate_liability,balance.csv,estimate_liability,,,,,identity_q1_or_ytd_diff,False,missing_raw_value
601009.XSHG,balance,2017-03-31,2017q1,,deferred_tax_liability,balance.csv,deferred_tax_liability,,,,,identity_q1_or_ytd_diff,False,missing_raw_value
601009.XSHG,balance,2017-03-31,2017q1,,other_non_current_liability,balance.csv,other_non_current_liability,,,,,identity_q1_or_ytd_diff,False,missing_raw_value
601009.XSHG,balance,2017-03-31,2017q1,,total_non_current_liability,balance.csv,total_non_current_liability,,,,,identity_q1_or_ytd_diff,False,missing_raw_value
601009.XSHG,balance,2017-03-31,2017q1,,total_liability,balance.csv,total_liability,1058187463000.0,1058187463000.0,1058187463000.0,,identity_q1_or_ytd_diff,True,
601009.XSHG,balance,2017-03-31,2017q1,,paidin_capital,balance.csv,paidin_capital,6058720000.0,6058720000.0,6058720000.0,,identity_q1_or_ytd_diff,True,
601009.XSHG,balance,2017-03-31,2017q1,,capital_reserve_fund,balance.csv,capital_reserve_fund,15199537000.0,15199537000.0,15199537000.0,,identity_q1_or_ytd_diff,True,
601009.XSHG,balance,2017-03-31,2017q1,,treasury_stock,balance.csv,treasury_stock,,,,,identity_q1_or_ytd_diff,False,missing_raw_value
601009.XSHG,balance,2017-03-31,2017q1,,surplus_reserve_fund,balance.csv,surplus_reserve_fund,3272607000.0,3272607000.0,3272607000.0,,identity_q1_or_ytd_diff,True,
601009.XSHG,balance,2017-03-31,2017q1,,ordinary_risk_reserve_fund,balance.csv,ordinary_risk_reserve_fund,11888790000.0,11888790000.0,11888790000.0,,identity_q1_or_ytd_diff,True,
601009.XSHG,balance,2017-03-31,2017q1,,retained_profit,balance.csv,retained_profit,18144284000.0,18144284000.0,18144284000.0,,identity_q1_or_ytd_diff,True,
601009.XSHG,balance,2017-03-31,2017q1,,equities_parent_company_owners,balance.csv,equities_parent_company_owners,63896799000.0,63896799000.0,63896799000.0,,identity_q1_or_ytd_diff,True,
601009.XSHG,balance,2017-03-31,2017q1,,minority_interests,balance.csv,minority_interests,481399000.0,481399000.0,481399000.0,,identity_q1_or_ytd_diff,True,
601009.XSHG,balance,2017-03-31,2017q1,,total_owner_equities,balance.csv,total_owner_equities,64378198000.0,64378198000.0,64378198000.0,,identity_q1_or_ytd_diff,True,
601009.XSHG,balance,2017-03-31,2017q1,,other_comprehensive_income,balance.csv,other_comprehensive_income,-516952000.0,-516952000.0,-516952000.0,,identity_q1_or_ytd_diff,True,
601009.XSHG,balance,2017-03-31,2017q1,,contract_assets,balance.csv,contract_assets,,,,,identity_q1_or_ytd_diff,False,missing_raw_value
601009.XSHG,balance,2017-03-31,2017q1,,contract_liability,balance.csv,contract_liability,,,,,identity_q1_or_ytd_diff,False,missing_raw_value
601009.XSHG,balance,2017-03-31,2017q1,,usufruct_assets,balance.csv,usufruct_assets,,,,,identity_q1_or_ytd_diff,False,missing_raw_value
601009.XSHG,balance,2017-06-30,2017q2,,cash_equivalents,balance.csv,cash_equivalents,164950986000.0,164950986000.0,164950986000.0,,identity_q1_or_ytd_diff,True,
601009.XSHG,balance,2017-06-30,2017q2,,settlement_provi,balance.csv,settlement_provi,,,,,identity_q1_or_ytd_diff,False,missing_raw_value
601009.XSHG,balance,2017-06-30,2017q2,,lend_capital,balance.csv,lend_capital,7376791000.0,7376791000.0,7376791000.0,,identity_q1_or_ytd_diff,True,
601009.XSHG,balance,2017-06-30,2017q2,,trading_assets,balance.csv,trading_assets,47604445000.0,47604445000.0,47604445000.0,,identity_q1_or_ytd_diff,True,
601009.XSHG,balance,2017-06-30,2017q2,,bill_receivable,balance.csv,bill_receivable,,,,,identity_q1_or_ytd_diff,False,missing_raw_value
601009.XSHG,balance,2017-06-30,2017q2,,account_receivable,balance.csv,account_receivable,,,,,identity_q1_or_ytd_diff,False,missing_raw_value
601009.XSHG,balance,2017-06-30,2017q2,,advance_payment,balance.csv,advance_payment,,,,,identity_q1_or_ytd_diff,False,missing_raw_value
601009.XSHG,balance,2017-06-30,2017q2,,insurance_receivables,balance.csv,insurance_receivables,,,,,identity_q1_or_ytd_diff,False,missing_raw_value
601009.XSHG,balance,2017-06-30,2017q2,,interest_receivable,balance.csv,interest_receivable,7357120000.0,7357120000.0,7357120000.0,,identity_q1_or_ytd_diff,True,
601009.XSHG,balance,2017-06-30,2017q2,,other_receivable,balance.csv,other_receivable,,,,,identity_q1_or_ytd_diff,False,missing_raw_value
601009.XSHG,balance,2017-06-30,2017q2,,bought_sellback_assets,balance.csv,bought_sellback_assets,33106492000.0,33106492000.0,33106492000.0,,identity_q1_or_ytd_diff,True,
601009.XSHG,balance,2017-06-30,2017q2,,inventories,balance.csv,inventories,,,,,identity_q1_or_ytd_diff,False,missing_raw_value
601009.XSHG,balance,2017-06-30,2017q2,,other_current_assets,balance.csv,other_current_assets,,,,,identity_q1_or_ytd_diff,False,missing_raw_value
601009.XSHG,balance,2017-06-30,2017q2,,total_current_assets,balance.csv,total_current_assets,,,,,identity_q1_or_ytd_diff,False,missing_raw_value
601009.XSHG,balance,2017-06-30,2017q2,,loan_and_advance,balance.csv,loan_and_advance,,,,,identity_q1_or_ytd_diff,False,missing_raw_value
601009.XSHG,balance,2017-06-30,2017q2,,hold_for_sale_assets,balance.csv,hold_for_sale_assets,146831416000.0,146831416000.0,146831416000.0,,identity_q1_or_ytd_diff,True,
601009.XSHG,balance,2017-06-30,2017q2,,hold_to_maturity_investments,balance.csv,hold_to_maturity_investments,113502293000.0,113502293000.0,113502293000.0,,identity_q1_or_ytd_diff,True,
601009.XSHG,balance,2017-06-30,2017q2,,longterm_equity_invest,balance.csv,longterm_equity_invest,3216756000.0,3216756000.0,3216756000.0,,identity_q1_or_ytd_diff,True,
601009.XSHG,balance,2017-06-30,2017q2,,investment_property,balance.csv,investment_property,8938000.0,8938000.0,8938000.0,,identity_q1_or_ytd_diff,True,
601009.XSHG,balance,2017-06-30,2017q2,,fixed_assets,balance.csv,fixed_assets,5444114000.0,5444114000.0,5444114000.0,,identity_q1_or_ytd_diff,True,
601009.XSHG,balance,2017-06-30,2017q2,,constru_in_process,balance.csv,constru_in_process,,,,,identity_q1_or_ytd_diff,False,missing_raw_value
601009.XSHG,balance,2017-06-30,2017q2,,intangible_assets,balance.csv,intangible_assets,292040000.0,292040000.0,292040000.0,,identity_q1_or_ytd_diff,True,
601009.XSHG,balance,2017-06-30,2017q2,,good_will,balance.csv,good_will,,,,,identity_q1_or_ytd_diff,False,missing_raw_value
601009.XSHG,balance,2017-06-30,2017q2,,long_deferred_expense,balance.csv,long_deferred_expense,,,,,identity_q1_or_ytd_diff,False,missing_raw_value
601009.XSHG,balance,2017-06-30,2017q2,,deferred_tax_assets,balance.csv,deferred_tax_assets,3902020000.0,3902020000.0,3902020000.0,,identity_q1_or_ytd_diff,True,
601009.XSHG,balance,2017-06-30,2017q2,,other_non_current_assets,balance.csv,other_non_current_assets,,,,,identity_q1_or_ytd_diff,False,missing_raw_value
601009.XSHG,balance,2017-06-30,2017q2,,total_non_current_assets,balance.csv,total_non_current_assets,,,,,identity_q1_or_ytd_diff,False,missing_raw_value
601009.XSHG,balance,2017-06-30,2017q2,,total_assets,balance.csv,total_assets,1132848534000.0,1132848534000.0,1132848534000.0,,identity_q1_or_ytd_diff,True,
601009.XSHG,balance,2017-06-30,2017q2,,shortterm_loan,balance.csv,shortterm_loan,0.0,0.0,0.0,,identity_q1_or_ytd_diff,True,
601009.XSHG,balance,2017-06-30,2017q2,,borrowing_from_centralbank,balance.csv,borrowing_from_centralbank,32550000000.0,32550000000.0,32550000000.0,,identity_q1_or_ytd_diff,True,
601009.XSHG,balance,2017-06-30,2017q2,,deposit_in_interbank,balance.csv,deposit_in_interbank,755422705000.0,755422705000.0,755422705000.0,,identity_q1_or_ytd_diff,True,
601009.XSHG,balance,2017-06-30,2017q2,,borrowing_capital,balance.csv,borrowing_capital,7843113000.0,7843113000.0,7843113000.0,,identity_q1_or_ytd_diff,True,
601009.XSHG,balance,2017-06-30,2017q2,,trading_liability,balance.csv,trading_liability,3043972000.0,3043972000.0,3043972000.0,,identity_q1_or_ytd_diff,True,
601009.XSHG,balance,2017-06-30,2017q2,,notes_payable,balance.csv,notes_payable,,,,,identity_q1_or_ytd_diff,False,missing_raw_value
601009.XSHG,balance,2017-06-30,2017q2,,accounts_payable,balance.csv,accounts_payable,,,,,identity_q1_or_ytd_diff,False,missing_raw_value
601009.XSHG,balance,2017-06-30,2017q2,,advance_peceipts,balance.csv,advance_peceipts,,,,,identity_q1_or_ytd_diff,False,missing_raw_value
601009.XSHG,balance,2017-06-30,2017q2,,sold_buyback_secu_proceeds,balance.csv,sold_buyback_secu_proceeds,20018510000.0,20018510000.0,20018510000.0,,identity_q1_or_ytd_diff,True,
601009.XSHG,balance,2017-06-30,2017q2,,commission_payable,balance.csv,commission_payable,,,,,identity_q1_or_ytd_diff,False,missing_raw_value
601009.XSHG,balance,2017-06-30,2017q2,,salaries_payable,balance.csv,salaries_payable,2498822000.0,2498822000.0,2498822000.0,,identity_q1_or_ytd_diff,True,
601009.XSHG,balance,2017-06-30,2017q2,,taxs_payable,balance.csv,taxs_payable,1294637000.0,1294637000.0,1294637000.0,,identity_q1_or_ytd_diff,True,
601009.XSHG,balance,2017-06-30,2017q2,,interest_payable,balance.csv,interest_payable,11967379000.0,11967379000.0,11967379000.0,,identity_q1_or_ytd_diff,True,
601009.XSHG,balance,2017-06-30,2017q2,,other_payable,balance.csv,other_payable,,,,,identity_q1_or_ytd_diff,False,missing_raw_value
601009.XSHG,balance,2017-06-30,2017q2,,insurance_contract_reserves,balance.csv,insurance_contract_reserves,0.0,0.0,0.0,,identity_q1_or_ytd_diff,True,
601009.XSHG,balance,2017-06-30,2017q2,,proxy_secu_proceeds,balance.csv,proxy_secu_proceeds,,,,,identity_q1_or_ytd_diff,False,missing_raw_value
601009.XSHG,balance,2017-06-30,2017q2,,non_current_liability_in_one_year,balance.csv,non_current_liability_in_one_year,,,,,identity_q1_or_ytd_diff,False,missing_raw_value
601009.XSHG,balance,2017-06-30,2017q2,,other_current_liability,balance.csv,other_current_liability,,,,,identity_q1_or_ytd_diff,False,missing_raw_value
601009.XSHG,balance,2017-06-30,2017q2,,total_current_liability,balance.csv,total_current_liability,,,,,identity_q1_or_ytd_diff,False,missing_raw_value
601009.XSHG,balance,2017-06-30,2017q2,,longterm_loan,balance.csv,longterm_loan,,,,,identity_q1_or_ytd_diff,False,missing_raw_value
601009.XSHG,balance,2017-06-30,2017q2,,bonds_payable,balance.csv,bonds_payable,223947171000.0,223947171000.0,223947171000.0,,identity_q1_or_ytd_diff,True,
601009.XSHG,balance,2017-06-30,2017q2,,estimate_liability,balance.csv,estimate_liability,,,,,identity_q1_or_ytd_diff,False,missing_raw_value
601009.XSHG,balance,2017-06-30,2017q2,,deferred_tax_liability,balance.csv,deferred_tax_liability,,,,,identity_q1_or_ytd_diff,False,missing_raw_value
601009.XSHG,balance,2017-06-30,2017q2,,other_non_current_liability,balance.csv,other_non_current_liability,,,,,identity_q1_or_ytd_diff,False,missing_raw_value
601009.XSHG,balance,2017-06-30,2017q2,,total_non_current_liability,balance.csv,total_non_current_liability,,,,,identity_q1_or_ytd_diff,False,missing_raw_value
601009.XSHG,balance,2017-06-30,2017q2,,total_liability,balance.csv,total_liability,1068140413000.0,1068140413000.0,1068140413000.0,,identity_q1_or_ytd_diff,True,
601009.XSHG,balance,2017-06-30,2017q2,,paidin_capital,balance.csv,paidin_capital,6058720000.0,6058720000.0,6058720000.0,,identity_q1_or_ytd_diff,True,
601009.XSHG,balance,2017-06-30,2017q2,,capital_reserve_fund,balance.csv,capital_reserve_fund,15198003000.0,15198003000.0,15198003000.0,,identity_q1_or_ytd_diff,True,
601009.XSHG,balance,2017-06-30,2017q2,,treasury_stock,balance.csv,treasury_stock,,,,,identity_q1_or_ytd_diff,False,missing_raw_value
601009.XSHG,balance,2017-06-30,2017q2,,surplus_reserve_fund,balance.csv,surplus_reserve_fund,4081711000.0,4081711000.0,4081711000.0,,identity_q1_or_ytd_diff,True,
601009.XSHG,balance,2017-06-30,2017q2,,ordinary_risk_reserve_fund,balance.csv,ordinary_risk_reserve_fund,11894417000.0,11894417000.0,11894417000.0,,identity_q1_or_ytd_diff,True,
601009.XSHG,balance,2017-06-30,2017q2,,retained_profit,balance.csv,retained_profit,18405407000.0,18405407000.0,18405407000.0,,identity_q1_or_ytd_diff,True,
601009.XSHG,balance,2017-06-30,2017q2,,equities_parent_company_owners,balance.csv,equities_parent_company_owners,64151186000.0,64151186000.0,64151186000.0,,identity_q1_or_ytd_diff,True,
601009.XSHG,balance,2017-06-30,2017q2,,minority_interests,balance.csv,minority_interests,556935000.0,556935000.0,556935000.0,,identity_q1_or_ytd_diff,True,
601009.XSHG,balance,2017-06-30,2017q2,,total_owner_equities,balance.csv,total_owner_equities,64708121000.0,64708121000.0,64708121000.0,,identity_q1_or_ytd_diff,True,
601009.XSHG,balance,2017-06-30,2017q2,,other_comprehensive_income,balance.csv,other_comprehensive_income,-1336885000.0,-1336885000.0,-1336885000.0,,identity_q1_or_ytd_diff,True,
601009.XSHG,balance,2017-06-30,2017q2,,contract_assets,balance.csv,contract_assets,,,,,identity_q1_or_ytd_diff,False,missing_raw_value
601009.XSHG,balance,2017-06-30,2017q2,,contract_liability,balance.csv,contract_liability,,,,,identity_q1_or_ytd_diff,False,missing_raw_value
601009.XSHG,balance,2017-06-30,2017q2,,usufruct_assets,balance.csv,usufruct_assets,,,,,identity_q1_or_ytd_diff,False,missing_raw_value
601009.XSHG,balance,2017-09-30,2017q3,,cash_equivalents,balance.csv,cash_equivalents,167272312000.0,167272312000.0,167272312000.0,,identity_q1_or_ytd_diff,True,
601009.XSHG,balance,2017-09-30,2017q3,,settlement_provi,balance.csv,settlement_provi,,,,,identity_q1_or_ytd_diff,False,missing_raw_value
601009.XSHG,balance,2017-09-30,2017q3,,lend_capital,balance.csv,lend_capital,4914000.0,4914000.0,4914000.0,,identity_q1_or_ytd_diff,True,
601009.XSHG,balance,2017-09-30,2017q3,,trading_assets,balance.csv,trading_assets,74325123000.0,74325123000.0,74325123000.0,,identity_q1_or_ytd_diff,True,
601009.XSHG,balance,2017-09-30,2017q3,,bill_receivable,balance.csv,bill_receivable,,,,,identity_q1_or_ytd_diff,False,missing_raw_value
601009.XSHG,balance,2017-09-30,2017q3,,account_receivable,balance.csv,account_receivable,,,,,identity_q1_or_ytd_diff,False,missing_raw_value
601009.XSHG,balance,2017-09-30,2017q3,,advance_payment,balance.csv,advance_payment,,,,,identity_q1_or_ytd_diff,False,missing_raw_value
601009.XSHG,balance,2017-09-30,2017q3,,insurance_receivables,balance.csv,insurance_receivables,,,,,identity_q1_or_ytd_diff,False,missing_raw_value
601009.XSHG,balance,2017-09-30,2017q3,,interest_receivable,balance.csv,interest_receivable,7997706000.0,7997706000.0,7997706000.0,,identity_q1_or_ytd_diff,True,
601009.XSHG,balance,2017-09-30,2017q3,,other_receivable,balance.csv,other_receivable,,,,,identity_q1_or_ytd_diff,False,missing_raw_value
601009.XSHG,balance,2017-09-30,2017q3,,bought_sellback_assets,balance.csv,bought_sellback_assets,3212498000.0,3212498000.0,3212498000.0,,identity_q1_or_ytd_diff,True,
601009.XSHG,balance,2017-09-30,2017q3,,inventories,balance.csv,inventories,,,,,identity_q1_or_ytd_diff,False,missing_raw_value
601009.XSHG,balance,2017-09-30,2017q3,,other_current_assets,balance.csv,other_current_assets,,,,,identity_q1_or_ytd_diff,False,missing_raw_value
601009.XSHG,balance,2017-09-30,2017q3,,total_current_assets,balance.csv,total_current_assets,,,,,identity_q1_or_ytd_diff,False,missing_raw_value
601009.XSHG,balance,2017-09-30,2017q3,,loan_and_advance,balance.csv,loan_and_advance,,,,,identity_q1_or_ytd_diff,False,missing_raw_value
601009.XSHG,balance,2017-09-30,2017q3,,hold_for_sale_assets,balance.csv,hold_for_sale_assets,134187631000.0,134187631000.0,134187631000.0,,identity_q1_or_ytd_diff,True,
601009.XSHG,balance,2017-09-30,2017q3,,hold_to_maturity_investments,balance.csv,hold_to_maturity_investments,122858099000.0,122858099000.0,122858099000.0,,identity_q1_or_ytd_diff,True,
601009.XSHG,balance,2017-09-30,2017q3,,longterm_equity_invest,balance.csv,longterm_equity_invest,3342046000.0,3342046000.0,3342046000.0,,identity_q1_or_ytd_diff,True,
601009.XSHG,balance,2017-09-30,2017q3,,investment_property,balance.csv,investment_property,2379000.0,2379000.0,2379000.0,,identity_q1_or_ytd_diff,True,
601009.XSHG,balance,2017-09-30,2017q3,,fixed_assets,balance.csv,fixed_assets,5579780000.0,5579780000.0,5579780000.0,,identity_q1_or_ytd_diff,True,
601009.XSHG,balance,2017-09-30,2017q3,,constru_in_process,balance.csv,constru_in_process,,,,,identity_q1_or_ytd_diff,False,missing_raw_value
601009.XSHG,balance,2017-09-30,2017q3,,intangible_assets,balance.csv,intangible_assets,290551000.0,290551000.0,290551000.0,,identity_q1_or_ytd_diff,True,
601009.XSHG,balance,2017-09-30,2017q3,,good_will,balance.csv,good_will,,,,,identity_q1_or_ytd_diff,False,missing_raw_value
601009.XSHG,balance,2017-09-30,2017q3,,long_deferred_expense,balance.csv,long_deferred_expense,,,,,identity_q1_or_ytd_diff,False,missing_raw_value
601009.XSHG,balance,2017-09-30,2017q3,,deferred_tax_assets,balance.csv,deferred_tax_assets,4195624000.0,4195624000.0,4195624000.0,,identity_q1_or_ytd_diff,True,
601009.XSHG,balance,2017-09-30,2017q3,,other_non_current_assets,balance.csv,other_non_current_assets,,,,,identity_q1_or_ytd_diff,False,missing_raw_value
601009.XSHG,balance,2017-09-30,2017q3,,total_non_current_assets,balance.csv,total_non_current_assets,,,,,identity_q1_or_ytd_diff,False,missing_raw_value
601009.XSHG,balance,2017-09-30,2017q3,,total_assets,balance.csv,total_assets,1144670914000.0,1144670914000.0,1144670914000.0,,identity_q1_or_ytd_diff,True,
601009.XSHG,balance,2017-09-30,2017q3,,shortterm_loan,balance.csv,shortterm_loan,0.0,0.0,0.0,,identity_q1_or_ytd_diff,True,
601009.XSHG,balance,2017-09-30,2017q3,,borrowing_from_centralbank,balance.csv,borrowing_from_centralbank,22260000000.0,22260000000.0,22260000000.0,,identity_q1_or_ytd_diff,True,
601009.XSHG,balance,2017-09-30,2017q3,,deposit_in_interbank,balance.csv,deposit_in_interbank,743932484000.0,743932484000.0,743932484000.0,,identity_q1_or_ytd_diff,True,
601009.XSHG,balance,2017-09-30,2017q3,,borrowing_capital,balance.csv,borrowing_capital,16195034000.0,16195034000.0,16195034000.0,,identity_q1_or_ytd_diff,True,
601009.XSHG,balance,2017-09-30,2017q3,,trading_liability,balance.csv,trading_liability,2605368000.0,2605368000.0,2605368000.0,,identity_q1_or_ytd_diff,True,
601009.XSHG,balance,2017-09-30,2017q3,,notes_payable,balance.csv,notes_payable,,,,,identity_q1_or_ytd_diff,False,missing_raw_value
601009.XSHG,balance,2017-09-30,2017q3,,accounts_payable,balance.csv,accounts_payable,,,,,identity_q1_or_ytd_diff,False,missing_raw_value
601009.XSHG,balance,2017-09-30,2017q3,,advance_peceipts,balance.csv,advance_peceipts,,,,,identity_q1_or_ytd_diff,False,missing_raw_value
601009.XSHG,balance,2017-09-30,2017q3,,sold_buyback_secu_proceeds,balance.csv,sold_buyback_secu_proceeds,44355711000.0,44355711000.0,44355711000.0,,identity_q1_or_ytd_diff,True,
601009.XSHG,balance,2017-09-30,2017q3,,commission_payable,balance.csv,commission_payable,,,,,identity_q1_or_ytd_diff,False,missing_raw_value
601009.XSHG,balance,2017-09-30,2017q3,,salaries_payable,balance.csv,salaries_payable,2680285000.0,2680285000.0,2680285000.0,,identity_q1_or_ytd_diff,True,
601009.XSHG,balance,2017-09-30,2017q3,,taxs_payable,balance.csv,taxs_payable,1621289000.0,1621289000.0,1621289000.0,,identity_q1_or_ytd_diff,True,
601009.XSHG,balance,2017-09-30,2017q3,,interest_payable,balance.csv,interest_payable,12856856000.0,12856856000.0,12856856000.0,,identity_q1_or_ytd_diff,True,
601009.XSHG,balance,2017-09-30,2017q3,,other_payable,balance.csv,other_payable,,,,,identity_q1_or_ytd_diff,False,missing_raw_value
601009.XSHG,balance,2017-09-30,2017q3,,insurance_contract_reserves,balance.csv,insurance_contract_reserves,0.0,0.0,0.0,,identity_q1_or_ytd_diff,True,
601009.XSHG,balance,2017-09-30,2017q3,,proxy_secu_proceeds,balance.csv,proxy_secu_proceeds,,,,,identity_q1_or_ytd_diff,False,missing_raw_value
601009.XSHG,balance,2017-09-30,2017q3,,non_current_liability_in_one_year,balance.csv,non_current_liability_in_one_year,,,,,identity_q1_or_ytd_diff,False,missing_raw_value
601009.XSHG,balance,2017-09-30,2017q3,,other_current_liability,balance.csv,other_current_liability,,,,,identity_q1_or_ytd_diff,False,missing_raw_value
601009.XSHG,balance,2017-09-30,2017q3,,total_current_liability,balance.csv,total_current_liability,,,,,identity_q1_or_ytd_diff,False,missing_raw_value
601009.XSHG,balance,2017-09-30,2017q3,,longterm_loan,balance.csv,longterm_loan,,,,,identity_q1_or_ytd_diff,False,missing_raw_value
601009.XSHG,balance,2017-09-30,2017q3,,bonds_payable,balance.csv,bonds_payable,223394585000.0,223394585000.0,223394585000.0,,identity_q1_or_ytd_diff,True,
601009.XSHG,balance,2017-09-30,2017q3,,estimate_liability,balance.csv,estimate_liability,,,,,identity_q1_or_ytd_diff,False,missing_raw_value
601009.XSHG,balance,2017-09-30,2017q3,,deferred_tax_liability,balance.csv,deferred_tax_liability,,,,,identity_q1_or_ytd_diff,False,missing_raw_value
601009.XSHG,balance,2017-09-30,2017q3,,other_non_current_liability,balance.csv,other_non_current_liability,,,,,identity_q1_or_ytd_diff,False,missing_raw_value
601009.XSHG,balance,2017-09-30,2017q3,,total_non_current_liability,balance.csv,total_non_current_liability,,,,,identity_q1_or_ytd_diff,False,missing_raw_value
601009.XSHG,balance,2017-09-30,2017q3,,total_liability,balance.csv,total_liability,1077997016000.0,1077997016000.0,1077997016000.0,,identity_q1_or_ytd_diff,True,
601009.XSHG,balance,2017-09-30,2017q3,,paidin_capital,balance.csv,paidin_capital,8482208000.0,8482208000.0,8482208000.0,,identity_q1_or_ytd_diff,True,
601009.XSHG,balance,2017-09-30,2017q3,,capital_reserve_fund,balance.csv,capital_reserve_fund,12774515000.0,12774515000.0,12774515000.0,,identity_q1_or_ytd_diff,True,
601009.XSHG,balance,2017-09-30,2017q3,,treasury_stock,balance.csv,treasury_stock,,,,,identity_q1_or_ytd_diff,False,missing_raw_value
601009.XSHG,balance,2017-09-30,2017q3,,surplus_reserve_fund,balance.csv,surplus_reserve_fund,4081711000.0,4081711000.0,4081711000.0,,identity_q1_or_ytd_diff,True,
601009.XSHG,balance,2017-09-30,2017q3,,ordinary_risk_reserve_fund,balance.csv,ordinary_risk_reserve_fund,11903375000.0,11903375000.0,11903375000.0,,identity_q1_or_ytd_diff,True,
601009.XSHG,balance,2017-09-30,2017q3,,retained_profit,balance.csv,retained_profit,20530018000.0,20530018000.0,20530018000.0,,identity_q1_or_ytd_diff,True,
601009.XSHG,balance,2017-09-30,2017q3,,equities_parent_company_owners,balance.csv,equities_parent_company_owners,66113626000.0,66113626000.0,66113626000.0,,identity_q1_or_ytd_diff,True,
601009.XSHG,balance,2017-09-30,2017q3,,minority_interests,balance.csv,minority_interests,560272000.0,560272000.0,560272000.0,,identity_q1_or_ytd_diff,True,
601009.XSHG,balance,2017-09-30,2017q3,,total_owner_equities,balance.csv,total_owner_equities,66673898000.0,66673898000.0,66673898000.0,,identity_q1_or_ytd_diff,True,
601009.XSHG,balance,2017-09-30,2017q3,,other_comprehensive_income,balance.csv,other_comprehensive_income,-1508014000.0,-1508014000.0,-1508014000.0,,identity_q1_or_ytd_diff,True,
601009.XSHG,balance,2017-09-30,2017q3,,contract_assets,balance.csv,contract_assets,,,,,identity_q1_or_ytd_diff,False,missing_raw_value
601009.XSHG,balance,2017-09-30,2017q3,,contract_liability,balance.csv,contract_liability,,,,,identity_q1_or_ytd_diff,False,missing_raw_value
601009.XSHG,balance,2017-09-30,2017q3,,usufruct_assets,balance.csv,usufruct_assets,,,,,identity_q1_or_ytd_diff,False,missing_raw_value
601009.XSHG,balance,2017-12-31,2017q4,,cash_equivalents,balance.csv,cash_equivalents,162454954000.0,162454954000.0,162454954000.0,,identity_q1_or_ytd_diff,True,
601009.XSHG,balance,2017-12-31,2017q4,,settlement_provi,balance.csv,settlement_provi,,,,,identity_q1_or_ytd_diff,False,missing_raw_value
601009.XSHG,balance,2017-12-31,2017q4,,lend_capital,balance.csv,lend_capital,4767424000.0,4767424000.0,4767424000.0,,identity_q1_or_ytd_diff,True,
601009.XSHG,balance,2017-12-31,2017q4,,trading_assets,balance.csv,trading_assets,61991469000.0,61991469000.0,61991469000.0,,identity_q1_or_ytd_diff,True,
601009.XSHG,balance,2017-12-31,2017q4,,bill_receivable,balance.csv,bill_receivable,,,,,identity_q1_or_ytd_diff,False,missing_raw_value
601009.XSHG,balance,2017-12-31,2017q4,,account_receivable,balance.csv,account_receivable,,,,,identity_q1_or_ytd_diff,False,missing_raw_value
601009.XSHG,balance,2017-12-31,2017q4,,advance_payment,balance.csv,advance_payment,,,,,identity_q1_or_ytd_diff,False,missing_raw_value
601009.XSHG,balance,2017-12-31,2017q4,,insurance_receivables,balance.csv,insurance_receivables,,,,,identity_q1_or_ytd_diff,False,missing_raw_value
601009.XSHG,balance,2017-12-31,2017q4,,interest_receivable,balance.csv,interest_receivable,8240009000.0,8240009000.0,8240009000.0,,identity_q1_or_ytd_diff,True,
601009.XSHG,balance,2017-12-31,2017q4,,other_receivable,balance.csv,other_receivable,,,,,identity_q1_or_ytd_diff,False,missing_raw_value
601009.XSHG,balance,2017-12-31,2017q4,,bought_sellback_assets,balance.csv,bought_sellback_assets,11916207000.0,11916207000.0,11916207000.0,,identity_q1_or_ytd_diff,True,
601009.XSHG,balance,2017-12-31,2017q4,,inventories,balance.csv,inventories,,,,,identity_q1_or_ytd_diff,False,missing_raw_value
601009.XSHG,balance,2017-12-31,2017q4,,other_current_assets,balance.csv,other_current_assets,,,,,identity_q1_or_ytd_diff,False,missing_raw_value
601009.XSHG,balance,2017-12-31,2017q4,,total_current_assets,balance.csv,total_current_assets,,,,,identity_q1_or_ytd_diff,False,missing_raw_value
601009.XSHG,balance,2017-12-31,2017q4,,loan_and_advance,balance.csv,loan_and_advance,,,,,identity_q1_or_ytd_diff,False,missing_raw_value
601009.XSHG,balance,2017-12-31,2017q4,,hold_for_sale_assets,balance.csv,hold_for_sale_assets,123700622000.0,123700622000.0,123700622000.0,,identity_q1_or_ytd_diff,True,
601009.XSHG,balance,2017-12-31,2017q4,,hold_to_maturity_investments,balance.csv,hold_to_maturity_investments,123063040000.0,123063040000.0,123063040000.0,,identity_q1_or_ytd_diff,True,
601009.XSHG,balance,2017-12-31,2017q4,,longterm_equity_invest,balance.csv,longterm_equity_invest,4200162000.0,4200162000.0,4200162000.0,,identity_q1_or_ytd_diff,True,
601009.XSHG,balance,2017-12-31,2017q4,,investment_property,balance.csv,investment_property,2379000.0,2379000.0,2379000.0,,identity_q1_or_ytd_diff,True,
601009.XSHG,balance,2017-12-31,2017q4,,fixed_assets,balance.csv,fixed_assets,6093083000.0,6093083000.0,6093083000.0,,identity_q1_or_ytd_diff,True,
601009.XSHG,balance,2017-12-31,2017q4,,constru_in_process,balance.csv,constru_in_process,,,,,identity_q1_or_ytd_diff,False,missing_raw_value
601009.XSHG,balance,2017-12-31,2017q4,,intangible_assets,balance.csv,intangible_assets,354262000.0,354262000.0,354262000.0,,identity_q1_or_ytd_diff,True,
601009.XSHG,balance,2017-12-31,2017q4,,good_will,balance.csv,good_will,,,,,identity_q1_or_ytd_diff,False,missing_raw_value
601009.XSHG,balance,2017-12-31,2017q4,,long_deferred_expense,balance.csv,long_deferred_expense,,,,,identity_q1_or_ytd_diff,False,missing_raw_value
601009.XSHG,balance,2017-12-31,2017q4,,deferred_tax_assets,balance.csv,deferred_tax_assets,5049546000.0,5049546000.0,5049546000.0,,identity_q1_or_ytd_diff,True,
601009.XSHG,balance,2017-12-31,2017q4,,other_non_current_assets,balance.csv,other_non_current_assets,,,,,identity_q1_or_ytd_diff,False,missing_raw_value
601009.XSHG,balance,2017-12-31,2017q4,,total_non_current_assets,balance.csv,total_non_current_assets,,,,,identity_q1_or_ytd_diff,False,missing_raw_value
601009.XSHG,balance,2017-12-31,2017q4,,total_assets,balance.csv,total_assets,1141162795000.0,1141162795000.0,1141162795000.0,,identity_q1_or_ytd_diff,True,
601009.XSHG,balance,2017-12-31,2017q4,,shortterm_loan,balance.csv,shortterm_loan,0.0,0.0,0.0,,identity_q1_or_ytd_diff,True,
601009.XSHG,balance,2017-12-31,2017q4,,borrowing_from_centralbank,balance.csv,borrowing_from_centralbank,17760000000.0,17760000000.0,17760000000.0,,identity_q1_or_ytd_diff,True,
601009.XSHG,balance,2017-12-31,2017q4,,deposit_in_interbank,balance.csv,deposit_in_interbank,765827392000.0,765827392000.0,765827392000.0,,identity_q1_or_ytd_diff,True,
601009.XSHG,balance,2017-12-31,2017q4,,borrowing_capital,balance.csv,borrowing_capital,14257491000.0,14257491000.0,14257491000.0,,identity_q1_or_ytd_diff,True,
601009.XSHG,balance,2017-12-31,2017q4,,trading_liability,balance.csv,trading_liability,2584188000.0,2584188000.0,2584188000.0,,identity_q1_or_ytd_diff,True,
601009.XSHG,balance,2017-12-31,2017q4,,notes_payable,balance.csv,notes_payable,,,,,identity_q1_or_ytd_diff,False,missing_raw_value
601009.XSHG,balance,2017-12-31,2017q4,,accounts_payable,balance.csv,accounts_payable,,,,,identity_q1_or_ytd_diff,False,missing_raw_value
601009.XSHG,balance,2017-12-31,2017q4,,advance_peceipts,balance.csv,advance_peceipts,,,,,identity_q1_or_ytd_diff,False,missing_raw_value
601009.XSHG,balance,2017-12-31,2017q4,,sold_buyback_secu_proceeds,balance.csv,sold_buyback_secu_proceeds,44857991000.0,44857991000.0,44857991000.0,,identity_q1_or_ytd_diff,True,
601009.XSHG,balance,2017-12-31,2017q4,,commission_payable,balance.csv,commission_payable,,,,,identity_q1_or_ytd_diff,False,missing_raw_value
601009.XSHG,balance,2017-12-31,2017q4,,salaries_payable,balance.csv,salaries_payable,2875073000.0,2875073000.0,2875073000.0,,identity_q1_or_ytd_diff,True,
601009.XSHG,balance,2017-12-31,2017q4,,taxs_payable,balance.csv,taxs_payable,1938621000.0,1938621000.0,1938621000.0,,identity_q1_or_ytd_diff,True,
601009.XSHG,balance,2017-12-31,2017q4,,interest_payable,balance.csv,interest_payable,13618145000.0,13618145000.0,13618145000.0,,identity_q1_or_ytd_diff,True,
601009.XSHG,balance,2017-12-31,2017q4,,other_payable,balance.csv,other_payable,,,,,identity_q1_or_ytd_diff,False,missing_raw_value
601009.XSHG,balance,2017-12-31,2017q4,,insurance_contract_reserves,balance.csv,insurance_contract_reserves,0.0,0.0,0.0,,identity_q1_or_ytd_diff,True,
601009.XSHG,balance,2017-12-31,2017q4,,proxy_secu_proceeds,balance.csv,proxy_secu_proceeds,,,,,identity_q1_or_ytd_diff,False,missing_raw_value
601009.XSHG,balance,2017-12-31,2017q4,,non_current_liability_in_one_year,balance.csv,non_current_liability_in_one_year,,,,,identity_q1_or_ytd_diff,False,missing_raw_value
601009.XSHG,balance,2017-12-31,2017q4,,other_current_liability,balance.csv,other_current_liability,,,,,identity_q1_or_ytd_diff,False,missing_raw_value
601009.XSHG,balance,2017-12-31,2017q4,,total_current_liability,balance.csv,total_current_liability,,,,,identity_q1_or_ytd_diff,False,missing_raw_value
601009.XSHG,balance,2017-12-31,2017q4,,longterm_loan,balance.csv,longterm_loan,,,,,identity_q1_or_ytd_diff,False,missing_raw_value
601009.XSHG,balance,2017-12-31,2017q4,,bonds_payable,balance.csv,bonds_payable,198479915000.0,198479915000.0,198479915000.0,,identity_q1_or_ytd_diff,True,
601009.XSHG,balance,2017-12-31,2017q4,,estimate_liability,balance.csv,estimate_liability,,,,,identity_q1_or_ytd_diff,False,missing_raw_value
601009.XSHG,balance,2017-12-31,2017q4,,deferred_tax_liability,balance.csv,deferred_tax_liability,,,,,identity_q1_or_ytd_diff,False,missing_raw_value
601009.XSHG,balance,2017-12-31,2017q4,,other_non_current_liability,balance.csv,other_non_current_liability,,,,,identity_q1_or_ytd_diff,False,missing_raw_value
601009.XSHG,balance,2017-12-31,2017q4,,total_non_current_liability,balance.csv,total_non_current_liability,,,,,identity_q1_or_ytd_diff,False,missing_raw_value
601009.XSHG,balance,2017-12-31,2017q4,,total_liability,balance.csv,total_liability,1072952203000.0,1072952203000.0,1072952203000.0,,identity_q1_or_ytd_diff,True,
601009.XSHG,balance,2017-12-31,2017q4,,paidin_capital,balance.csv,paidin_capital,8482208000.0,8482208000.0,8482208000.0,,identity_q1_or_ytd_diff,True,
601009.XSHG,balance,2017-12-31,2017q4,,capital_reserve_fund,balance.csv,capital_reserve_fund,12781726000.0,12781726000.0,12781726000.0,,identity_q1_or_ytd_diff,True,
601009.XSHG,balance,2017-12-31,2017q4,,treasury_stock,balance.csv,treasury_stock,,,,,identity_q1_or_ytd_diff,False,missing_raw_value
601009.XSHG,balance,2017-12-31,2017q4,,surplus_reserve_fund,balance.csv,surplus_reserve_fund,4081711000.0,4081711000.0,4081711000.0,,identity_q1_or_ytd_diff,True,
601009.XSHG,balance,2017-12-31,2017q4,,ordinary_risk_reserve_fund,balance.csv,ordinary_risk_reserve_fund,11988501000.0,11988501000.0,11988501000.0,,identity_q1_or_ytd_diff,True,
601009.XSHG,balance,2017-12-31,2017q4,,retained_profit,balance.csv,retained_profit,22455549000.0,22455549000.0,22455549000.0,,identity_q1_or_ytd_diff,True,
601009.XSHG,balance,2017-12-31,2017q4,,equities_parent_company_owners,balance.csv,equities_parent_company_owners,67340478000.0,67340478000.0,67340478000.0,,identity_q1_or_ytd_diff,True,
601009.XSHG,balance,2017-12-31,2017q4,,minority_interests,balance.csv,minority_interests,870114000.0,870114000.0,870114000.0,,identity_q1_or_ytd_diff,True,
601009.XSHG,balance,2017-12-31,2017q4,,total_owner_equities,balance.csv,total_owner_equities,68210592000.0,68210592000.0,68210592000.0,,identity_q1_or_ytd_diff,True,
601009.XSHG,balance,2017-12-31,2017q4,,other_comprehensive_income,balance.csv,other_comprehensive_income,-2299030000.0,-2299030000.0,-2299030000.0,,identity_q1_or_ytd_diff,True,
601009.XSHG,balance,2017-12-31,2017q4,,contract_assets,balance.csv,contract_assets,,,,,identity_q1_or_ytd_diff,False,missing_raw_value
601009.XSHG,balance,2017-12-31,2017q4,,contract_liability,balance.csv,contract_liability,,,,,identity_q1_or_ytd_diff,False,missing_raw_value
601009.XSHG,balance,2017-12-31,2017q4,,usufruct_assets,balance.csv,usufruct_assets,,,,,identity_q1_or_ytd_diff,False,missing_raw_value
601009.XSHG,balance,2018-03-31,2018q1,,cash_equivalents,balance.csv,cash_equivalents,156878703000.0,156878703000.0,156878703000.0,,identity_q1_or_ytd_diff,True,
601009.XSHG,balance,2018-03-31,2018q1,,settlement_provi,balance.csv,settlement_provi,,,,,identity_q1_or_ytd_diff,False,missing_raw_value
601009.XSHG,balance,2018-03-31,2018q1,,lend_capital,balance.csv,lend_capital,2956021000.0,2956021000.0,2956021000.0,,identity_q1_or_ytd_diff,True,
601009.XSHG,balance,2018-03-31,2018q1,,trading_assets,balance.csv,trading_assets,76242768000.0,76242768000.0,76242768000.0,,identity_q1_or_ytd_diff,True,
601009.XSHG,balance,2018-03-31,2018q1,,bill_receivable,balance.csv,bill_receivable,,,,,identity_q1_or_ytd_diff,False,missing_raw_value
601009.XSHG,balance,2018-03-31,2018q1,,account_receivable,balance.csv,account_receivable,,,,,identity_q1_or_ytd_diff,False,missing_raw_value
601009.XSHG,balance,2018-03-31,2018q1,,advance_payment,balance.csv,advance_payment,,,,,identity_q1_or_ytd_diff,False,missing_raw_value
601009.XSHG,balance,2018-03-31,2018q1,,insurance_receivables,balance.csv,insurance_receivables,,,,,identity_q1_or_ytd_diff,False,missing_raw_value
601009.XSHG,balance,2018-03-31,2018q1,,interest_receivable,balance.csv,interest_receivable,9340229000.0,9340229000.0,9340229000.0,,identity_q1_or_ytd_diff,True,
601009.XSHG,balance,2018-03-31,2018q1,,other_receivable,balance.csv,other_receivable,,,,,identity_q1_or_ytd_diff,False,missing_raw_value
601009.XSHG,balance,2018-03-31,2018q1,,bought_sellback_assets,balance.csv,bought_sellback_assets,13908575000.0,13908575000.0,13908575000.0,,identity_q1_or_ytd_diff,True,
601009.XSHG,balance,2018-03-31,2018q1,,inventories,balance.csv,inventories,,,,,identity_q1_or_ytd_diff,False,missing_raw_value
601009.XSHG,balance,2018-03-31,2018q1,,other_current_assets,balance.csv,other_current_assets,,,,,identity_q1_or_ytd_diff,False,missing_raw_value
601009.XSHG,balance,2018-03-31,2018q1,,total_current_assets,balance.csv,total_current_assets,,,,,identity_q1_or_ytd_diff,False,missing_raw_value
601009.XSHG,balance,2018-03-31,2018q1,,loan_and_advance,balance.csv,loan_and_advance,,,,,identity_q1_or_ytd_diff,False,missing_raw_value
601009.XSHG,balance,2018-03-31,2018q1,,hold_for_sale_assets,balance.csv,hold_for_sale_assets,122542275000.0,122542275000.0,122542275000.0,,identity_q1_or_ytd_diff,True,
601009.XSHG,balance,2018-03-31,2018q1,,hold_to_maturity_investments,balance.csv,hold_to_maturity_investments,123039288000.0,123039288000.0,123039288000.0,,identity_q1_or_ytd_diff,True,
601009.XSHG,balance,2018-03-31,2018q1,,longterm_equity_invest,balance.csv,longterm_equity_invest,4783261000.0,4783261000.0,4783261000.0,,identity_q1_or_ytd_diff,True,
601009.XSHG,balance,2018-03-31,2018q1,,investment_property,balance.csv,investment_property,2379000.0,2379000.0,2379000.0,,identity_q1_or_ytd_diff,True,
601009.XSHG,balance,2018-03-31,2018q1,,fixed_assets,balance.csv,fixed_assets,7211621000.0,7211621000.0,7211621000.0,,identity_q1_or_ytd_diff,True,
601009.XSHG,balance,2018-03-31,2018q1,,constru_in_process,balance.csv,constru_in_process,,,,,identity_q1_or_ytd_diff,False,missing_raw_value
601009.XSHG,balance,2018-03-31,2018q1,,intangible_assets,balance.csv,intangible_assets,337461000.0,337461000.0,337461000.0,,identity_q1_or_ytd_diff,True,
601009.XSHG,balance,2018-03-31,2018q1,,good_will,balance.csv,good_will,,,,,identity_q1_or_ytd_diff,False,missing_raw_value
601009.XSHG,balance,2018-03-31,2018q1,,long_deferred_expense,balance.csv,long_deferred_expense,,,,,identity_q1_or_ytd_diff,False,missing_raw_value
601009.XSHG,balance,2018-03-31,2018q1,,deferred_tax_assets,balance.csv,deferred_tax_assets,5037829000.0,5037829000.0,5037829000.0,,identity_q1_or_ytd_diff,True,
601009.XSHG,balance,2018-03-31,2018q1,,other_non_current_assets,balance.csv,other_non_current_assets,,,,,identity_q1_or_ytd_diff,False,missing_raw_value
601009.XSHG,balance,2018-03-31,2018q1,,total_non_current_assets,balance.csv,total_non_current_assets,,,,,identity_q1_or_ytd_diff,False,missing_raw_value
601009.XSHG,balance,2018-03-31,2018q1,,total_assets,balance.csv,total_assets,1179405220000.0,1179405220000.0,1179405220000.0,,identity_q1_or_ytd_diff,True,
601009.XSHG,balance,2018-03-31,2018q1,,shortterm_loan,balance.csv,shortterm_loan,0.0,0.0,0.0,,identity_q1_or_ytd_diff,True,
601009.XSHG,balance,2018-03-31,2018q1,,borrowing_from_centralbank,balance.csv,borrowing_from_centralbank,26760000000.0,26760000000.0,26760000000.0,,identity_q1_or_ytd_diff,True,
601009.XSHG,balance,2018-03-31,2018q1,,deposit_in_interbank,balance.csv,deposit_in_interbank,781138842000.0,781138842000.0,781138842000.0,,identity_q1_or_ytd_diff,True,
601009.XSHG,balance,2018-03-31,2018q1,,borrowing_capital,balance.csv,borrowing_capital,16077143000.0,16077143000.0,16077143000.0,,identity_q1_or_ytd_diff,True,
601009.XSHG,balance,2018-03-31,2018q1,,trading_liability,balance.csv,trading_liability,3568036000.0,3568036000.0,3568036000.0,,identity_q1_or_ytd_diff,True,
601009.XSHG,balance,2018-03-31,2018q1,,notes_payable,balance.csv,notes_payable,,,,,identity_q1_or_ytd_diff,False,missing_raw_value
601009.XSHG,balance,2018-03-31,2018q1,,accounts_payable,balance.csv,accounts_payable,,,,,identity_q1_or_ytd_diff,False,missing_raw_value
601009.XSHG,balance,2018-03-31,2018q1,,advance_peceipts,balance.csv,advance_peceipts,,,,,identity_q1_or_ytd_diff,False,missing_raw_value
601009.XSHG,balance,2018-03-31,2018q1,,sold_buyback_secu_proceeds,balance.csv,sold_buyback_secu_proceeds,15802633000.0,15802633000.0,15802633000.0,,identity_q1_or_ytd_diff,True,
601009.XSHG,balance,2018-03-31,2018q1,,commission_payable,balance.csv,commission_payable,,,,,identity_q1_or_ytd_diff,False,missing_raw_value
601009.XSHG,balance,2018-03-31,2018q1,,salaries_payable,balance.csv,salaries_payable,2607365000.0,2607365000.0,2607365000.0,,identity_q1_or_ytd_diff,True,
601009.XSHG,balance,2018-03-31,2018q1,,taxs_payable,balance.csv,taxs_payable,1912347000.0,1912347000.0,1912347000.0,,identity_q1_or_ytd_diff,True,
601009.XSHG,balance,2018-03-31,2018q1,,interest_payable,balance.csv,interest_payable,12889626000.0,12889626000.0,12889626000.0,,identity_q1_or_ytd_diff,True,
601009.XSHG,balance,2018-03-31,2018q1,,other_payable,balance.csv,other_payable,,,,,identity_q1_or_ytd_diff,False,missing_raw_value
601009.XSHG,balance,2018-03-31,2018q1,,insurance_contract_reserves,balance.csv,insurance_contract_reserves,0.0,0.0,0.0,,identity_q1_or_ytd_diff,True,
601009.XSHG,balance,2018-03-31,2018q1,,proxy_secu_proceeds,balance.csv,proxy_secu_proceeds,,,,,identity_q1_or_ytd_diff,False,missing_raw_value
601009.XSHG,balance,2018-03-31,2018q1,,non_current_liability_in_one_year,balance.csv,non_current_liability_in_one_year,,,,,identity_q1_or_ytd_diff,False,missing_raw_value
601009.XSHG,balance,2018-03-31,2018q1,,other_current_liability,balance.csv,other_current_liability,,,,,identity_q1_or_ytd_diff,False,missing_raw_value
601009.XSHG,balance,2018-03-31,2018q1,,total_current_liability,balance.csv,total_current_liability,,,,,identity_q1_or_ytd_diff,False,missing_raw_value
601009.XSHG,balance,2018-03-31,2018q1,,longterm_loan,balance.csv,longterm_loan,,,,,identity_q1_or_ytd_diff,False,missing_raw_value
601009.XSHG,balance,2018-03-31,2018q1,,bonds_payable,balance.csv,bonds_payable,232639153000.0,232639153000.0,232639153000.0,,identity_q1_or_ytd_diff,True,
601009.XSHG,balance,2018-03-31,2018q1,,estimate_liability,balance.csv,estimate_liability,,,,,identity_q1_or_ytd_diff,False,missing_raw_value
601009.XSHG,balance,2018-03-31,2018q1,,deferred_tax_liability,balance.csv,deferred_tax_liability,,,,,identity_q1_or_ytd_diff,False,missing_raw_value
601009.XSHG,balance,2018-03-31,2018q1,,other_non_current_liability,balance.csv,other_non_current_liability,,,,,identity_q1_or_ytd_diff,False,missing_raw_value
601009.XSHG,balance,2018-03-31,2018q1,,total_non_current_liability,balance.csv,total_non_current_liability,,,,,identity_q1_or_ytd_diff,False,missing_raw_value
601009.XSHG,balance,2018-03-31,2018q1,,total_liability,balance.csv,total_liability,1107250909000.0,1107250909000.0,1107250909000.0,,identity_q1_or_ytd_diff,True,
601009.XSHG,balance,2018-03-31,2018q1,,paidin_capital,balance.csv,paidin_capital,8482208000.0,8482208000.0,8482208000.0,,identity_q1_or_ytd_diff,True,
601009.XSHG,balance,2018-03-31,2018q1,,capital_reserve_fund,balance.csv,capital_reserve_fund,13242212000.0,13242212000.0,13242212000.0,,identity_q1_or_ytd_diff,True,
601009.XSHG,balance,2018-03-31,2018q1,,treasury_stock,balance.csv,treasury_stock,,,,,identity_q1_or_ytd_diff,False,missing_raw_value
601009.XSHG,balance,2018-03-31,2018q1,,surplus_reserve_fund,balance.csv,surplus_reserve_fund,4081711000.0,4081711000.0,4081711000.0,,identity_q1_or_ytd_diff,True,
601009.XSHG,balance,2018-03-31,2018q1,,ordinary_risk_reserve_fund,balance.csv,ordinary_risk_reserve_fund,11998976000.0,11998976000.0,11998976000.0,,identity_q1_or_ytd_diff,True,
601009.XSHG,balance,2018-03-31,2018q1,,retained_profit,balance.csv,retained_profit,25327895000.0,25327895000.0,25327895000.0,,identity_q1_or_ytd_diff,True,
601009.XSHG,balance,2018-03-31,2018q1,,equities_parent_company_owners,balance.csv,equities_parent_company_owners,71255004000.0,71255004000.0,71255004000.0,,identity_q1_or_ytd_diff,True,
601009.XSHG,balance,2018-03-31,2018q1,,minority_interests,balance.csv,minority_interests,899307000.0,899307000.0,899307000.0,,identity_q1_or_ytd_diff,True,
601009.XSHG,balance,2018-03-31,2018q1,,total_owner_equities,balance.csv,total_owner_equities,72154311000.0,72154311000.0,72154311000.0,,identity_q1_or_ytd_diff,True,
601009.XSHG,balance,2018-03-31,2018q1,,other_comprehensive_income,balance.csv,other_comprehensive_income,-1727811000.0,-1727811000.0,-1727811000.0,,identity_q1_or_ytd_diff,True,
601009.XSHG,balance,2018-03-31,2018q1,,contract_assets,balance.csv,contract_assets,,,,,identity_q1_or_ytd_diff,False,missing_raw_value
601009.XSHG,balance,2018-03-31,2018q1,,contract_liability,balance.csv,contract_liability,,,,,identity_q1_or_ytd_diff,False,missing_raw_value
601009.XSHG,balance,2018-03-31,2018q1,,usufruct_assets,balance.csv,usufruct_assets,,,,,identity_q1_or_ytd_diff,False,missing_raw_value
601009.XSHG,balance,2018-06-30,2018q2,,cash_equivalents,balance.csv,cash_equivalents,148333079000.0,148333079000.0,148333079000.0,,identity_q1_or_ytd_diff,True,
601009.XSHG,balance,2018-06-30,2018q2,,settlement_provi,balance.csv,settlement_provi,,,,,identity_q1_or_ytd_diff,False,missing_raw_value
601009.XSHG,balance,2018-06-30,2018q2,,lend_capital,balance.csv,lend_capital,727122000.0,727122000.0,727122000.0,,identity_q1_or_ytd_diff,True,
601009.XSHG,balance,2018-06-30,2018q2,,trading_assets,balance.csv,trading_assets,86027976000.0,86027976000.0,86027976000.0,,identity_q1_or_ytd_diff,True,
601009.XSHG,balance,2018-06-30,2018q2,,bill_receivable,balance.csv,bill_receivable,,,,,identity_q1_or_ytd_diff,False,missing_raw_value
601009.XSHG,balance,2018-06-30,2018q2,,account_receivable,balance.csv,account_receivable,,,,,identity_q1_or_ytd_diff,False,missing_raw_value
601009.XSHG,balance,2018-06-30,2018q2,,advance_payment,balance.csv,advance_payment,,,,,identity_q1_or_ytd_diff,False,missing_raw_value
601009.XSHG,balance,2018-06-30,2018q2,,insurance_receivables,balance.csv,insurance_receivables,,,,,identity_q1_or_ytd_diff,False,missing_raw_value
601009.XSHG,balance,2018-06-30,2018q2,,interest_receivable,balance.csv,interest_receivable,8565814000.0,8565814000.0,8565814000.0,,identity_q1_or_ytd_diff,True,
601009.XSHG,balance,2018-06-30,2018q2,,other_receivable,balance.csv,other_receivable,,,,,identity_q1_or_ytd_diff,False,missing_raw_value
601009.XSHG,balance,2018-06-30,2018q2,,bought_sellback_assets,balance.csv,bought_sellback_assets,9539825000.0,9539825000.0,9539825000.0,,identity_q1_or_ytd_diff,True,
601009.XSHG,balance,2018-06-30,2018q2,,inventories,balance.csv,inventories,,,,,identity_q1_or_ytd_diff,False,missing_raw_value
601009.XSHG,balance,2018-06-30,2018q2,,other_current_assets,balance.csv,other_current_assets,,,,,identity_q1_or_ytd_diff,False,missing_raw_value
601009.XSHG,balance,2018-06-30,2018q2,,total_current_assets,balance.csv,total_current_assets,,,,,identity_q1_or_ytd_diff,False,missing_raw_value
601009.XSHG,balance,2018-06-30,2018q2,,loan_and_advance,balance.csv,loan_and_advance,,,,,identity_q1_or_ytd_diff,False,missing_raw_value
601009.XSHG,balance,2018-06-30,2018q2,,hold_for_sale_assets,balance.csv,hold_for_sale_assets,117686585000.0,117686585000.0,117686585000.0,,identity_q1_or_ytd_diff,True,
601009.XSHG,balance,2018-06-30,2018q2,,hold_to_maturity_investments,balance.csv,hold_to_maturity_investments,132892448000.0,132892448000.0,132892448000.0,,identity_q1_or_ytd_diff,True,
601009.XSHG,balance,2018-06-30,2018q2,,longterm_equity_invest,balance.csv,longterm_equity_invest,4820396000.0,4820396000.0,4820396000.0,,identity_q1_or_ytd_diff,True,
601009.XSHG,balance,2018-06-30,2018q2,,investment_property,balance.csv,investment_property,2379000.0,2379000.0,2379000.0,,identity_q1_or_ytd_diff,True,
601009.XSHG,balance,2018-06-30,2018q2,,fixed_assets,balance.csv,fixed_assets,4714348000.0,4714348000.0,4714348000.0,,identity_q1_or_ytd_diff,True,
601009.XSHG,balance,2018-06-30,2018q2,,constru_in_process,balance.csv,constru_in_process,2711418000.0,2711418000.0,2711418000.0,,identity_q1_or_ytd_diff,True,
601009.XSHG,balance,2018-06-30,2018q2,,intangible_assets,balance.csv,intangible_assets,333767000.0,333767000.0,333767000.0,,identity_q1_or_ytd_diff,True,
601009.XSHG,balance,2018-06-30,2018q2,,good_will,balance.csv,good_will,,,,,identity_q1_or_ytd_diff,False,missing_raw_value
601009.XSHG,balance,2018-06-30,2018q2,,long_deferred_expense,balance.csv,long_deferred_expense,,,,,identity_q1_or_ytd_diff,False,missing_raw_value
601009.XSHG,balance,2018-06-30,2018q2,,deferred_tax_assets,balance.csv,deferred_tax_assets,4256546000.0,4256546000.0,4256546000.0,,identity_q1_or_ytd_diff,True,
601009.XSHG,balance,2018-06-30,2018q2,,other_non_current_assets,balance.csv,other_non_current_assets,,,,,identity_q1_or_ytd_diff,False,missing_raw_value
601009.XSHG,balance,2018-06-30,2018q2,,total_non_current_assets,balance.csv,total_non_current_assets,,,,,identity_q1_or_ytd_diff,False,missing_raw_value
601009.XSHG,balance,2018-06-30,2018q2,,total_assets,balance.csv,total_assets,1193630553000.0,1193630553000.0,1193630553000.0,,identity_q1_or_ytd_diff,True,
601009.XSHG,balance,2018-06-30,2018q2,,shortterm_loan,balance.csv,shortterm_loan,0.0,0.0,0.0,,identity_q1_or_ytd_diff,True,
601009.XSHG,balance,2018-06-30,2018q2,,borrowing_from_centralbank,balance.csv,borrowing_from_centralbank,30350000000.0,30350000000.0,30350000000.0,,identity_q1_or_ytd_diff,True,
601009.XSHG,balance,2018-06-30,2018q2,,deposit_in_interbank,balance.csv,deposit_in_interbank,801588415000.0,801588415000.0,801588415000.0,,identity_q1_or_ytd_diff,True,
601009.XSHG,balance,2018-06-30,2018q2,,borrowing_capital,balance.csv,borrowing_capital,21460846000.0,21460846000.0,21460846000.0,,identity_q1_or_ytd_diff,True,
601009.XSHG,balance,2018-06-30,2018q2,,trading_liability,balance.csv,trading_liability,813323000.0,813323000.0,813323000.0,,identity_q1_or_ytd_diff,True,
601009.XSHG,balance,2018-06-30,2018q2,,notes_payable,balance.csv,notes_payable,,,,,identity_q1_or_ytd_diff,False,missing_raw_value
601009.XSHG,balance,2018-06-30,2018q2,,accounts_payable,balance.csv,accounts_payable,,,,,identity_q1_or_ytd_diff,False,missing_raw_value
601009.XSHG,balance,2018-06-30,2018q2,,advance_peceipts,balance.csv,advance_peceipts,,,,,identity_q1_or_ytd_diff,False,missing_raw_value
601009.XSHG,balance,2018-06-30,2018q2,,sold_buyback_secu_proceeds,balance.csv,sold_buyback_secu_proceeds,10101458000.0,10101458000.0,10101458000.0,,identity_q1_or_ytd_diff,True,
601009.XSHG,balance,2018-06-30,2018q2,,commission_payable,balance.csv,commission_payable,,,,,identity_q1_or_ytd_diff,False,missing_raw_value
601009.XSHG,balance,2018-06-30,2018q2,,salaries_payable,balance.csv,salaries_payable,2990188000.0,2990188000.0,2990188000.0,,identity_q1_or_ytd_diff,True,
601009.XSHG,balance,2018-06-30,2018q2,,taxs_payable,balance.csv,taxs_payable,699503000.0,699503000.0,699503000.0,,identity_q1_or_ytd_diff,True,
601009.XSHG,balance,2018-06-30,2018q2,,interest_payable,balance.csv,interest_payable,13920402000.0,13920402000.0,13920402000.0,,identity_q1_or_ytd_diff,True,
601009.XSHG,balance,2018-06-30,2018q2,,other_payable,balance.csv,other_payable,,,,,identity_q1_or_ytd_diff,False,missing_raw_value
601009.XSHG,balance,2018-06-30,2018q2,,insurance_contract_reserves,balance.csv,insurance_contract_reserves,0.0,0.0,0.0,,identity_q1_or_ytd_diff,True,
601009.XSHG,balance,2018-06-30,2018q2,,proxy_secu_proceeds,balance.csv,proxy_secu_proceeds,,,,,identity_q1_or_ytd_diff,False,missing_raw_value
601009.XSHG,balance,2018-06-30,2018q2,,non_current_liability_in_one_year,balance.csv,non_current_liability_in_one_year,,,,,identity_q1_or_ytd_diff,False,missing_raw_value
601009.XSHG,balance,2018-06-30,2018q2,,other_current_liability,balance.csv,other_current_liability,,,,,identity_q1_or_ytd_diff,False,missing_raw_value
601009.XSHG,balance,2018-06-30,2018q2,,total_current_liability,balance.csv,total_current_liability,,,,,identity_q1_or_ytd_diff,False,missing_raw_value
601009.XSHG,balance,2018-06-30,2018q2,,longterm_loan,balance.csv,longterm_loan,,,,,identity_q1_or_ytd_diff,False,missing_raw_value
601009.XSHG,balance,2018-06-30,2018q2,,bonds_payable,balance.csv,bonds_payable,220459183000.0,220459183000.0,220459183000.0,,identity_q1_or_ytd_diff,True,
601009.XSHG,balance,2018-06-30,2018q2,,estimate_liability,balance.csv,estimate_liability,,,,,identity_q1_or_ytd_diff,False,missing_raw_value
601009.XSHG,balance,2018-06-30,2018q2,,deferred_tax_liability,balance.csv,deferred_tax_liability,,,,,identity_q1_or_ytd_diff,False,missing_raw_value
601009.XSHG,balance,2018-06-30,2018q2,,other_non_current_liability,balance.csv,other_non_current_liability,,,,,identity_q1_or_ytd_diff,False,missing_raw_value
601009.XSHG,balance,2018-06-30,2018q2,,total_non_current_liability,balance.csv,total_non_current_liability,,,,,identity_q1_or_ytd_diff,False,missing_raw_value
601009.XSHG,balance,2018-06-30,2018q2,,total_liability,balance.csv,total_liability,1120884041000.0,1120884041000.0,1120884041000.0,,identity_q1_or_ytd_diff,True,
601009.XSHG,balance,2018-06-30,2018q2,,paidin_capital,balance.csv,paidin_capital,8482208000.0,8482208000.0,8482208000.0,,identity_q1_or_ytd_diff,True,
601009.XSHG,balance,2018-06-30,2018q2,,capital_reserve_fund,balance.csv,capital_reserve_fund,13242211000.0,13242211000.0,13242211000.0,,identity_q1_or_ytd_diff,True,
601009.XSHG,balance,2018-06-30,2018q2,,treasury_stock,balance.csv,treasury_stock,,,,,identity_q1_or_ytd_diff,False,missing_raw_value
601009.XSHG,balance,2018-06-30,2018q2,,surplus_reserve_fund,balance.csv,surplus_reserve_fund,5032851000.0,5032851000.0,5032851000.0,,identity_q1_or_ytd_diff,True,
601009.XSHG,balance,2018-06-30,2018q2,,ordinary_risk_reserve_fund,balance.csv,ordinary_risk_reserve_fund,12008439000.0,12008439000.0,12008439000.0,,identity_q1_or_ytd_diff,True,
601009.XSHG,balance,2018-06-30,2018q2,,retained_profit,balance.csv,retained_profit,24535880000.0,24535880000.0,24535880000.0,,identity_q1_or_ytd_diff,True,
601009.XSHG,balance,2018-06-30,2018q2,,equities_parent_company_owners,balance.csv,equities_parent_company_owners,71836887000.0,71836887000.0,71836887000.0,,identity_q1_or_ytd_diff,True,
601009.XSHG,balance,2018-06-30,2018q2,,minority_interests,balance.csv,minority_interests,909625000.0,909625000.0,909625000.0,,identity_q1_or_ytd_diff,True,
601009.XSHG,balance,2018-06-30,2018q2,,total_owner_equities,balance.csv,total_owner_equities,72746512000.0,72746512000.0,72746512000.0,,identity_q1_or_ytd_diff,True,
601009.XSHG,balance,2018-06-30,2018q2,,other_comprehensive_income,balance.csv,other_comprehensive_income,-1314515000.0,-1314515000.0,-1314515000.0,,identity_q1_or_ytd_diff,True,
601009.XSHG,balance,2018-06-30,2018q2,,contract_assets,balance.csv,contract_assets,,,,,identity_q1_or_ytd_diff,False,missing_raw_value
601009.XSHG,balance,2018-06-30,2018q2,,contract_liability,balance.csv,contract_liability,,,,,identity_q1_or_ytd_diff,False,missing_raw_value
601009.XSHG,balance,2018-06-30,2018q2,,usufruct_assets,balance.csv,usufruct_assets,,,,,identity_q1_or_ytd_diff,False,missing_raw_value
601009.XSHG,balance,2018-09-30,2018q3,,cash_equivalents,balance.csv,cash_equivalents,138411429000.0,138411429000.0,138411429000.0,,identity_q1_or_ytd_diff,True,
601009.XSHG,balance,2018-09-30,2018q3,,settlement_provi,balance.csv,settlement_provi,,,,,identity_q1_or_ytd_diff,False,missing_raw_value
601009.XSHG,balance,2018-09-30,2018q3,,lend_capital,balance.csv,lend_capital,14090443000.0,14090443000.0,14090443000.0,,identity_q1_or_ytd_diff,True,
601009.XSHG,balance,2018-09-30,2018q3,,trading_assets,balance.csv,trading_assets,82923841000.0,82923841000.0,82923841000.0,,identity_q1_or_ytd_diff,True,
601009.XSHG,balance,2018-09-30,2018q3,,bill_receivable,balance.csv,bill_receivable,,,,,identity_q1_or_ytd_diff,False,missing_raw_value
601009.XSHG,balance,2018-09-30,2018q3,,account_receivable,balance.csv,account_receivable,,,,,identity_q1_or_ytd_diff,False,missing_raw_value
601009.XSHG,balance,2018-09-30,2018q3,,advance_payment,balance.csv,advance_payment,,,,,identity_q1_or_ytd_diff,False,missing_raw_value
601009.XSHG,balance,2018-09-30,2018q3,,insurance_receivables,balance.csv,insurance_receivables,,,,,identity_q1_or_ytd_diff,False,missing_raw_value
601009.XSHG,balance,2018-09-30,2018q3,,interest_receivable,balance.csv,interest_receivable,8984866000.0,8984866000.0,8984866000.0,,identity_q1_or_ytd_diff,True,
601009.XSHG,balance,2018-09-30,2018q3,,other_receivable,balance.csv,other_receivable,,,,,identity_q1_or_ytd_diff,False,missing_raw_value
601009.XSHG,balance,2018-09-30,2018q3,,bought_sellback_assets,balance.csv,bought_sellback_assets,1012631000.0,1012631000.0,1012631000.0,,identity_q1_or_ytd_diff,True,
601009.XSHG,balance,2018-09-30,2018q3,,inventories,balance.csv,inventories,,,,,identity_q1_or_ytd_diff,False,missing_raw_value
601009.XSHG,balance,2018-09-30,2018q3,,other_current_assets,balance.csv,other_current_assets,,,,,identity_q1_or_ytd_diff,False,missing_raw_value
601009.XSHG,balance,2018-09-30,2018q3,,total_current_assets,balance.csv,total_current_assets,,,,,identity_q1_or_ytd_diff,False,missing_raw_value
601009.XSHG,balance,2018-09-30,2018q3,,loan_and_advance,balance.csv,loan_and_advance,,,,,identity_q1_or_ytd_diff,False,missing_raw_value
601009.XSHG,balance,2018-09-30,2018q3,,hold_for_sale_assets,balance.csv,hold_for_sale_assets,111053191000.0,111053191000.0,111053191000.0,,identity_q1_or_ytd_diff,True,
601009.XSHG,balance,2018-09-30,2018q3,,hold_to_maturity_investments,balance.csv,hold_to_maturity_investments,141009412000.0,141009412000.0,141009412000.0,,identity_q1_or_ytd_diff,True,
601009.XSHG,balance,2018-09-30,2018q3,,longterm_equity_invest,balance.csv,longterm_equity_invest,4893427000.0,4893427000.0,4893427000.0,,identity_q1_or_ytd_diff,True,
601009.XSHG,balance,2018-09-30,2018q3,,investment_property,balance.csv,investment_property,16506000.0,16506000.0,16506000.0,,identity_q1_or_ytd_diff,True,
601009.XSHG,balance,2018-09-30,2018q3,,fixed_assets,balance.csv,fixed_assets,7539788000.0,7539788000.0,7539788000.0,,identity_q1_or_ytd_diff,True,
601009.XSHG,balance,2018-09-30,2018q3,,constru_in_process,balance.csv,constru_in_process,,,,,identity_q1_or_ytd_diff,False,missing_raw_value
601009.XSHG,balance,2018-09-30,2018q3,,intangible_assets,balance.csv,intangible_assets,336686000.0,336686000.0,336686000.0,,identity_q1_or_ytd_diff,True,
601009.XSHG,balance,2018-09-30,2018q3,,good_will,balance.csv,good_will,,,,,identity_q1_or_ytd_diff,False,missing_raw_value
601009.XSHG,balance,2018-09-30,2018q3,,long_deferred_expense,balance.csv,long_deferred_expense,,,,,identity_q1_or_ytd_diff,False,missing_raw_value
601009.XSHG,balance,2018-09-30,2018q3,,deferred_tax_assets,balance.csv,deferred_tax_assets,4051531000.0,4051531000.0,4051531000.0,,identity_q1_or_ytd_diff,True,
601009.XSHG,balance,2018-09-30,2018q3,,other_non_current_assets,balance.csv,other_non_current_assets,,,,,identity_q1_or_ytd_diff,False,missing_raw_value
601009.XSHG,balance,2018-09-30,2018q3,,total_non_current_assets,balance.csv,total_non_current_assets,,,,,identity_q1_or_ytd_diff,False,missing_raw_value
601009.XSHG,balance,2018-09-30,2018q3,,total_assets,balance.csv,total_assets,1217096730000.0,1217096730000.0,1217096730000.0,,identity_q1_or_ytd_diff,True,
601009.XSHG,balance,2018-09-30,2018q3,,shortterm_loan,balance.csv,shortterm_loan,0.0,0.0,0.0,,identity_q1_or_ytd_diff,True,
601009.XSHG,balance,2018-09-30,2018q3,,borrowing_from_centralbank,balance.csv,borrowing_from_centralbank,60350000000.0,60350000000.0,60350000000.0,,identity_q1_or_ytd_diff,True,
601009.XSHG,balance,2018-09-30,2018q3,,deposit_in_interbank,balance.csv,deposit_in_interbank,802863924000.0,802863924000.0,802863924000.0,,identity_q1_or_ytd_diff,True,
601009.XSHG,balance,2018-09-30,2018q3,,borrowing_capital,balance.csv,borrowing_capital,23864308000.0,23864308000.0,23864308000.0,,identity_q1_or_ytd_diff,True,
601009.XSHG,balance,2018-09-30,2018q3,,trading_liability,balance.csv,trading_liability,812856000.0,812856000.0,812856000.0,,identity_q1_or_ytd_diff,True,
601009.XSHG,balance,2018-09-30,2018q3,,notes_payable,balance.csv,notes_payable,,,,,identity_q1_or_ytd_diff,False,missing_raw_value
601009.XSHG,balance,2018-09-30,2018q3,,accounts_payable,balance.csv,accounts_payable,,,,,identity_q1_or_ytd_diff,False,missing_raw_value
601009.XSHG,balance,2018-09-30,2018q3,,advance_peceipts,balance.csv,advance_peceipts,,,,,identity_q1_or_ytd_diff,False,missing_raw_value
601009.XSHG,balance,2018-09-30,2018q3,,sold_buyback_secu_proceeds,balance.csv,sold_buyback_secu_proceeds,15043775000.0,15043775000.0,15043775000.0,,identity_q1_or_ytd_diff,True,
601009.XSHG,balance,2018-09-30,2018q3,,commission_payable,balance.csv,commission_payable,,,,,identity_q1_or_ytd_diff,False,missing_raw_value
601009.XSHG,balance,2018-09-30,2018q3,,salaries_payable,balance.csv,salaries_payable,3258719000.0,3258719000.0,3258719000.0,,identity_q1_or_ytd_diff,True,
601009.XSHG,balance,2018-09-30,2018q3,,taxs_payable,balance.csv,taxs_payable,765427000.0,765427000.0,765427000.0,,identity_q1_or_ytd_diff,True,
601009.XSHG,balance,2018-09-30,2018q3,,interest_payable,balance.csv,interest_payable,15713383000.0,15713383000.0,15713383000.0,,identity_q1_or_ytd_diff,True,
601009.XSHG,balance,2018-09-30,2018q3,,other_payable,balance.csv,other_payable,,,,,identity_q1_or_ytd_diff,False,missing_raw_value
601009.XSHG,balance,2018-09-30,2018q3,,insurance_contract_reserves,balance.csv,insurance_contract_reserves,0.0,0.0,0.0,,identity_q1_or_ytd_diff,True,
601009.XSHG,balance,2018-09-30,2018q3,,proxy_secu_proceeds,balance.csv,proxy_secu_proceeds,,,,,identity_q1_or_ytd_diff,False,missing_raw_value
601009.XSHG,balance,2018-09-30,2018q3,,non_current_liability_in_one_year,balance.csv,non_current_liability_in_one_year,,,,,identity_q1_or_ytd_diff,False,missing_raw_value
601009.XSHG,balance,2018-09-30,2018q3,,other_current_liability,balance.csv,other_current_liability,,,,,identity_q1_or_ytd_diff,False,missing_raw_value
601009.XSHG,balance,2018-09-30,2018q3,,total_current_liability,balance.csv,total_current_liability,,,,,identity_q1_or_ytd_diff,False,missing_raw_value
601009.XSHG,balance,2018-09-30,2018q3,,longterm_loan,balance.csv,longterm_loan,,,,,identity_q1_or_ytd_diff,False,missing_raw_value
601009.XSHG,balance,2018-09-30,2018q3,,bonds_payable,balance.csv,bonds_payable,204026403000.0,204026403000.0,204026403000.0,,identity_q1_or_ytd_diff,True,
601009.XSHG,balance,2018-09-30,2018q3,,estimate_liability,balance.csv,estimate_liability,,,,,identity_q1_or_ytd_diff,False,missing_raw_value
601009.XSHG,balance,2018-09-30,2018q3,,deferred_tax_liability,balance.csv,deferred_tax_liability,0.0,0.0,0.0,,identity_q1_or_ytd_diff,True,
601009.XSHG,balance,2018-09-30,2018q3,,other_non_current_liability,balance.csv,other_non_current_liability,,,,,identity_q1_or_ytd_diff,False,missing_raw_value
601009.XSHG,balance,2018-09-30,2018q3,,total_non_current_liability,balance.csv,total_non_current_liability,,,,,identity_q1_or_ytd_diff,False,missing_raw_value
601009.XSHG,balance,2018-09-30,2018q3,,total_liability,balance.csv,total_liability,1141484804000.0,1141484804000.0,1141484804000.0,,identity_q1_or_ytd_diff,True,
601009.XSHG,balance,2018-09-30,2018q3,,paidin_capital,balance.csv,paidin_capital,8482208000.0,8482208000.0,8482208000.0,,identity_q1_or_ytd_diff,True,
601009.XSHG,balance,2018-09-30,2018q3,,capital_reserve_fund,balance.csv,capital_reserve_fund,13242211000.0,13242211000.0,13242211000.0,,identity_q1_or_ytd_diff,True,
601009.XSHG,balance,2018-09-30,2018q3,,treasury_stock,balance.csv,treasury_stock,,,,,identity_q1_or_ytd_diff,False,missing_raw_value
601009.XSHG,balance,2018-09-30,2018q3,,surplus_reserve_fund,balance.csv,surplus_reserve_fund,5032851000.0,5032851000.0,5032851000.0,,identity_q1_or_ytd_diff,True,
601009.XSHG,balance,2018-09-30,2018q3,,ordinary_risk_reserve_fund,balance.csv,ordinary_risk_reserve_fund,12018018000.0,12018018000.0,12018018000.0,,identity_q1_or_ytd_diff,True,
601009.XSHG,balance,2018-09-30,2018q3,,retained_profit,balance.csv,retained_profit,26927719000.0,26927719000.0,26927719000.0,,identity_q1_or_ytd_diff,True,
601009.XSHG,balance,2018-09-30,2018q3,,equities_parent_company_owners,balance.csv,equities_parent_company_owners,74681925000.0,74681925000.0,74681925000.0,,identity_q1_or_ytd_diff,True,
601009.XSHG,balance,2018-09-30,2018q3,,minority_interests,balance.csv,minority_interests,930001000.0,930001000.0,930001000.0,,identity_q1_or_ytd_diff,True,
601009.XSHG,balance,2018-09-30,2018q3,,total_owner_equities,balance.csv,total_owner_equities,75611926000.0,75611926000.0,75611926000.0,,identity_q1_or_ytd_diff,True,
601009.XSHG,balance,2018-09-30,2018q3,,other_comprehensive_income,balance.csv,other_comprehensive_income,-870895000.0,-870895000.0,-870895000.0,,identity_q1_or_ytd_diff,True,
601009.XSHG,balance,2018-09-30,2018q3,,contract_assets,balance.csv,contract_assets,,,,,identity_q1_or_ytd_diff,False,missing_raw_value
601009.XSHG,balance,2018-09-30,2018q3,,contract_liability,balance.csv,contract_liability,,,,,identity_q1_or_ytd_diff,False,missing_raw_value
601009.XSHG,balance,2018-09-30,2018q3,,usufruct_assets,balance.csv,usufruct_assets,,,,,identity_q1_or_ytd_diff,False,missing_raw_value
601009.XSHG,balance,2018-12-31,2018q4,,cash_equivalents,balance.csv,cash_equivalents,130560375000.0,130560375000.0,130560375000.0,,identity_q1_or_ytd_diff,True,
601009.XSHG,balance,2018-12-31,2018q4,,settlement_provi,balance.csv,settlement_provi,,,,,identity_q1_or_ytd_diff,False,missing_raw_value
601009.XSHG,balance,2018-12-31,2018q4,,lend_capital,balance.csv,lend_capital,6919136000.0,6919136000.0,6919136000.0,,identity_q1_or_ytd_diff,True,
601009.XSHG,balance,2018-12-31,2018q4,,trading_assets,balance.csv,trading_assets,105216259000.0,105216259000.0,105216259000.0,,identity_q1_or_ytd_diff,True,
601009.XSHG,balance,2018-12-31,2018q4,,bill_receivable,balance.csv,bill_receivable,,,,,identity_q1_or_ytd_diff,False,missing_raw_value
601009.XSHG,balance,2018-12-31,2018q4,,account_receivable,balance.csv,account_receivable,,,,,identity_q1_or_ytd_diff,False,missing_raw_value
601009.XSHG,balance,2018-12-31,2018q4,,advance_payment,balance.csv,advance_payment,,,,,identity_q1_or_ytd_diff,False,missing_raw_value
601009.XSHG,balance,2018-12-31,2018q4,,insurance_receivables,balance.csv,insurance_receivables,,,,,identity_q1_or_ytd_diff,False,missing_raw_value
601009.XSHG,balance,2018-12-31,2018q4,,interest_receivable,balance.csv,interest_receivable,9941781000.0,9941781000.0,9941781000.0,,identity_q1_or_ytd_diff,True,
601009.XSHG,balance,2018-12-31,2018q4,,other_receivable,balance.csv,other_receivable,,,,,identity_q1_or_ytd_diff,False,missing_raw_value
601009.XSHG,balance,2018-12-31,2018q4,,bought_sellback_assets,balance.csv,bought_sellback_assets,12049954000.0,12049954000.0,12049954000.0,,identity_q1_or_ytd_diff,True,
601009.XSHG,balance,2018-12-31,2018q4,,inventories,balance.csv,inventories,,,,,identity_q1_or_ytd_diff,False,missing_raw_value
601009.XSHG,balance,2018-12-31,2018q4,,other_current_assets,balance.csv,other_current_assets,,,,,identity_q1_or_ytd_diff,False,missing_raw_value
601009.XSHG,balance,2018-12-31,2018q4,,total_current_assets,balance.csv,total_current_assets,,,,,identity_q1_or_ytd_diff,False,missing_raw_value
601009.XSHG,balance,2018-12-31,2018q4,,loan_and_advance,balance.csv,loan_and_advance,,,,,identity_q1_or_ytd_diff,False,missing_raw_value
601009.XSHG,balance,2018-12-31,2018q4,,hold_for_sale_assets,balance.csv,hold_for_sale_assets,105716068000.0,105716068000.0,105716068000.0,,identity_q1_or_ytd_diff,True,
601009.XSHG,balance,2018-12-31,2018q4,,hold_to_maturity_investments,balance.csv,hold_to_maturity_investments,141061889000.0,141061889000.0,141061889000.0,,identity_q1_or_ytd_diff,True,
601009.XSHG,balance,2018-12-31,2018q4,,longterm_equity_invest,balance.csv,longterm_equity_invest,5007595000.0,5007595000.0,5007595000.0,,identity_q1_or_ytd_diff,True,
601009.XSHG,balance,2018-12-31,2018q4,,investment_property,balance.csv,investment_property,16210000.0,16210000.0,16210000.0,,identity_q1_or_ytd_diff,True,
601009.XSHG,balance,2018-12-31,2018q4,,fixed_assets,balance.csv,fixed_assets,6255480000.0,6255480000.0,6255480000.0,,identity_q1_or_ytd_diff,True,
601009.XSHG,balance,2018-12-31,2018q4,,constru_in_process,balance.csv,constru_in_process,1552986000.0,1552986000.0,1552986000.0,,identity_q1_or_ytd_diff,True,
601009.XSHG,balance,2018-12-31,2018q4,,intangible_assets,balance.csv,intangible_assets,390589000.0,390589000.0,390589000.0,,identity_q1_or_ytd_diff,True,
601009.XSHG,balance,2018-12-31,2018q4,,good_will,balance.csv,good_will,,,,,identity_q1_or_ytd_diff,False,missing_raw_value
601009.XSHG,balance,2018-12-31,2018q4,,long_deferred_expense,balance.csv,long_deferred_expense,,,,,identity_q1_or_ytd_diff,False,missing_raw_value
601009.XSHG,balance,2018-12-31,2018q4,,deferred_tax_assets,balance.csv,deferred_tax_assets,4398355000.0,4398355000.0,4398355000.0,,identity_q1_or_ytd_diff,True,
601009.XSHG,balance,2018-12-31,2018q4,,other_non_current_assets,balance.csv,other_non_current_assets,,,,,identity_q1_or_ytd_diff,False,missing_raw_value
601009.XSHG,balance,2018-12-31,2018q4,,total_non_current_assets,balance.csv,total_non_current_assets,,,,,identity_q1_or_ytd_diff,False,missing_raw_value
601009.XSHG,balance,2018-12-31,2018q4,,total_assets,balance.csv,total_assets,1243269020000.0,1243269020000.0,1243269020000.0,,identity_q1_or_ytd_diff,True,
601009.XSHG,balance,2018-12-31,2018q4,,shortterm_loan,balance.csv,shortterm_loan,0.0,0.0,0.0,,identity_q1_or_ytd_diff,True,
601009.XSHG,balance,2018-12-31,2018q4,,borrowing_from_centralbank,balance.csv,borrowing_from_centralbank,62044000000.0,62044000000.0,62044000000.0,,identity_q1_or_ytd_diff,True,
601009.XSHG,balance,2018-12-31,2018q4,,deposit_in_interbank,balance.csv,deposit_in_interbank,809172597000.0,809172597000.0,809172597000.0,,identity_q1_or_ytd_diff,True,
601009.XSHG,balance,2018-12-31,2018q4,,borrowing_capital,balance.csv,borrowing_capital,23717226000.0,23717226000.0,23717226000.0,,identity_q1_or_ytd_diff,True,
601009.XSHG,balance,2018-12-31,2018q4,,trading_liability,balance.csv,trading_liability,69874000.0,69874000.0,69874000.0,,identity_q1_or_ytd_diff,True,
601009.XSHG,balance,2018-12-31,2018q4,,notes_payable,balance.csv,notes_payable,,,,,identity_q1_or_ytd_diff,False,missing_raw_value
601009.XSHG,balance,2018-12-31,2018q4,,accounts_payable,balance.csv,accounts_payable,,,,,identity_q1_or_ytd_diff,False,missing_raw_value
601009.XSHG,balance,2018-12-31,2018q4,,advance_peceipts,balance.csv,advance_peceipts,,,,,identity_q1_or_ytd_diff,False,missing_raw_value
601009.XSHG,balance,2018-12-31,2018q4,,sold_buyback_secu_proceeds,balance.csv,sold_buyback_secu_proceeds,20179576000.0,20179576000.0,20179576000.0,,identity_q1_or_ytd_diff,True,
601009.XSHG,balance,2018-12-31,2018q4,,commission_payable,balance.csv,commission_payable,,,,,identity_q1_or_ytd_diff,False,missing_raw_value
601009.XSHG,balance,2018-12-31,2018q4,,salaries_payable,balance.csv,salaries_payable,3263866000.0,3263866000.0,3263866000.0,,identity_q1_or_ytd_diff,True,
601009.XSHG,balance,2018-12-31,2018q4,,taxs_payable,balance.csv,taxs_payable,1337223000.0,1337223000.0,1337223000.0,,identity_q1_or_ytd_diff,True,
601009.XSHG,balance,2018-12-31,2018q4,,interest_payable,balance.csv,interest_payable,16701845000.0,16701845000.0,16701845000.0,,identity_q1_or_ytd_diff,True,
601009.XSHG,balance,2018-12-31,2018q4,,other_payable,balance.csv,other_payable,,,,,identity_q1_or_ytd_diff,False,missing_raw_value
601009.XSHG,balance,2018-12-31,2018q4,,insurance_contract_reserves,balance.csv,insurance_contract_reserves,0.0,0.0,0.0,,identity_q1_or_ytd_diff,True,
601009.XSHG,balance,2018-12-31,2018q4,,proxy_secu_proceeds,balance.csv,proxy_secu_proceeds,,,,,identity_q1_or_ytd_diff,False,missing_raw_value
601009.XSHG,balance,2018-12-31,2018q4,,non_current_liability_in_one_year,balance.csv,non_current_liability_in_one_year,,,,,identity_q1_or_ytd_diff,False,missing_raw_value
601009.XSHG,balance,2018-12-31,2018q4,,other_current_liability,balance.csv,other_current_liability,,,,,identity_q1_or_ytd_diff,False,missing_raw_value
601009.XSHG,balance,2018-12-31,2018q4,,total_current_liability,balance.csv,total_current_liability,,,,,identity_q1_or_ytd_diff,False,missing_raw_value
601009.XSHG,balance,2018-12-31,2018q4,,longterm_loan,balance.csv,longterm_loan,,,,,identity_q1_or_ytd_diff,False,missing_raw_value
601009.XSHG,balance,2018-12-31,2018q4,,bonds_payable,balance.csv,bonds_payable,210996219000.0,210996219000.0,210996219000.0,,identity_q1_or_ytd_diff,True,
601009.XSHG,balance,2018-12-31,2018q4,,estimate_liability,balance.csv,estimate_liability,,,,,identity_q1_or_ytd_diff,False,missing_raw_value
601009.XSHG,balance,2018-12-31,2018q4,,deferred_tax_liability,balance.csv,deferred_tax_liability,,,,,identity_q1_or_ytd_diff,False,missing_raw_value
601009.XSHG,balance,2018-12-31,2018q4,,other_non_current_liability,balance.csv,other_non_current_liability,,,,,identity_q1_or_ytd_diff,False,missing_raw_value
601009.XSHG,balance,2018-12-31,2018q4,,total_non_current_liability,balance.csv,total_non_current_liability,,,,,identity_q1_or_ytd_diff,False,missing_raw_value
601009.XSHG,balance,2018-12-31,2018q4,,total_liability,balance.csv,total_liability,1164502961000.0,1164502961000.0,1164502961000.0,,identity_q1_or_ytd_diff,True,
601009.XSHG,balance,2018-12-31,2018q4,,paidin_capital,balance.csv,paidin_capital,8482208000.0,8482208000.0,8482208000.0,,identity_q1_or_ytd_diff,True,
601009.XSHG,balance,2018-12-31,2018q4,,capital_reserve_fund,balance.csv,capital_reserve_fund,13242211000.0,13242211000.0,13242211000.0,,identity_q1_or_ytd_diff,True,
601009.XSHG,balance,2018-12-31,2018q4,,treasury_stock,balance.csv,treasury_stock,,,,,identity_q1_or_ytd_diff,False,missing_raw_value
601009.XSHG,balance,2018-12-31,2018q4,,surplus_reserve_fund,balance.csv,surplus_reserve_fund,5032851000.0,5032851000.0,5032851000.0,,identity_q1_or_ytd_diff,True,
601009.XSHG,balance,2018-12-31,2018q4,,ordinary_risk_reserve_fund,balance.csv,ordinary_risk_reserve_fund,13136710000.0,13136710000.0,13136710000.0,,identity_q1_or_ytd_diff,True,
601009.XSHG,balance,2018-12-31,2018q4,,retained_profit,balance.csv,retained_profit,28083329000.0,28083329000.0,28083329000.0,,identity_q1_or_ytd_diff,True,
601009.XSHG,balance,2018-12-31,2018q4,,equities_parent_company_owners,balance.csv,equities_parent_company_owners,77807677000.0,77807677000.0,77807677000.0,,identity_q1_or_ytd_diff,True,
601009.XSHG,balance,2018-12-31,2018q4,,minority_interests,balance.csv,minority_interests,958382000.0,958382000.0,958382000.0,,identity_q1_or_ytd_diff,True,
601009.XSHG,balance,2018-12-31,2018q4,,total_owner_equities,balance.csv,total_owner_equities,78766059000.0,78766059000.0,78766059000.0,,identity_q1_or_ytd_diff,True,
601009.XSHG,balance,2018-12-31,2018q4,,other_comprehensive_income,balance.csv,other_comprehensive_income,-19445000.0,-19445000.0,-19445000.0,,identity_q1_or_ytd_diff,True,
601009.XSHG,balance,2018-12-31,2018q4,,contract_assets,balance.csv,contract_assets,,,,,identity_q1_or_ytd_diff,False,missing_raw_value
601009.XSHG,balance,2018-12-31,2018q4,,contract_liability,balance.csv,contract_liability,,,,,identity_q1_or_ytd_diff,False,missing_raw_value
601009.XSHG,balance,2018-12-31,2018q4,,usufruct_assets,balance.csv,usufruct_assets,,,,,identity_q1_or_ytd_diff,False,missing_raw_value
601009.XSHG,balance,2019-03-31,2019q1,,cash_equivalents,balance.csv,cash_equivalents,119736869000.0,119736869000.0,119736869000.0,,identity_q1_or_ytd_diff,True,
601009.XSHG,balance,2019-03-31,2019q1,,settlement_provi,balance.csv,settlement_provi,,,,,identity_q1_or_ytd_diff,False,missing_raw_value
601009.XSHG,balance,2019-03-31,2019q1,,lend_capital,balance.csv,lend_capital,3856186000.0,3856186000.0,3856186000.0,,identity_q1_or_ytd_diff,True,
601009.XSHG,balance,2019-03-31,2019q1,,trading_assets,balance.csv,trading_assets,148717367000.0,148717367000.0,148717367000.0,,identity_q1_or_ytd_diff,True,
601009.XSHG,balance,2019-03-31,2019q1,,bill_receivable,balance.csv,bill_receivable,,,,,identity_q1_or_ytd_diff,False,missing_raw_value
601009.XSHG,balance,2019-03-31,2019q1,,account_receivable,balance.csv,account_receivable,,,,,identity_q1_or_ytd_diff,False,missing_raw_value
601009.XSHG,balance,2019-03-31,2019q1,,advance_payment,balance.csv,advance_payment,,,,,identity_q1_or_ytd_diff,False,missing_raw_value
601009.XSHG,balance,2019-03-31,2019q1,,insurance_receivables,balance.csv,insurance_receivables,,,,,identity_q1_or_ytd_diff,False,missing_raw_value
601009.XSHG,balance,2019-03-31,2019q1,,interest_receivable,balance.csv,interest_receivable,,,,,identity_q1_or_ytd_diff,False,missing_raw_value
601009.XSHG,balance,2019-03-31,2019q1,,other_receivable,balance.csv,other_receivable,,,,,identity_q1_or_ytd_diff,False,missing_raw_value
601009.XSHG,balance,2019-03-31,2019q1,,bought_sellback_assets,balance.csv,bought_sellback_assets,26771622000.0,26771622000.0,26771622000.0,,identity_q1_or_ytd_diff,True,
601009.XSHG,balance,2019-03-31,2019q1,,inventories,balance.csv,inventories,,,,,identity_q1_or_ytd_diff,False,missing_raw_value
601009.XSHG,balance,2019-03-31,2019q1,,other_current_assets,balance.csv,other_current_assets,,,,,identity_q1_or_ytd_diff,False,missing_raw_value
601009.XSHG,balance,2019-03-31,2019q1,,total_current_assets,balance.csv,total_current_assets,,,,,identity_q1_or_ytd_diff,False,missing_raw_value
601009.XSHG,balance,2019-03-31,2019q1,,loan_and_advance,balance.csv,loan_and_advance,,,,,identity_q1_or_ytd_diff,False,missing_raw_value
601009.XSHG,balance,2019-03-31,2019q1,,hold_for_sale_assets,balance.csv,hold_for_sale_assets,,,,,identity_q1_or_ytd_diff,False,missing_raw_value
601009.XSHG,balance,2019-03-31,2019q1,,hold_to_maturity_investments,balance.csv,hold_to_maturity_investments,,,,,identity_q1_or_ytd_diff,False,missing_raw_value
601009.XSHG,balance,2019-03-31,2019q1,,longterm_equity_invest,balance.csv,longterm_equity_invest,5105131000.0,5105131000.0,5105131000.0,,identity_q1_or_ytd_diff,True,
601009.XSHG,balance,2019-03-31,2019q1,,investment_property,balance.csv,investment_property,15914000.0,15914000.0,15914000.0,,identity_q1_or_ytd_diff,True,
601009.XSHG,balance,2019-03-31,2019q1,,fixed_assets,balance.csv,fixed_assets,7854139000.0,7854139000.0,7854139000.0,,identity_q1_or_ytd_diff,True,
601009.XSHG,balance,2019-03-31,2019q1,,constru_in_process,balance.csv,constru_in_process,,,,,identity_q1_or_ytd_diff,False,missing_raw_value
601009.XSHG,balance,2019-03-31,2019q1,,intangible_assets,balance.csv,intangible_assets,373280000.0,373280000.0,373280000.0,,identity_q1_or_ytd_diff,True,
601009.XSHG,balance,2019-03-31,2019q1,,good_will,balance.csv,good_will,,,,,identity_q1_or_ytd_diff,False,missing_raw_value
601009.XSHG,balance,2019-03-31,2019q1,,long_deferred_expense,balance.csv,long_deferred_expense,,,,,identity_q1_or_ytd_diff,False,missing_raw_value
601009.XSHG,balance,2019-03-31,2019q1,,deferred_tax_assets,balance.csv,deferred_tax_assets,4561069000.0,4561069000.0,4561069000.0,,identity_q1_or_ytd_diff,True,
601009.XSHG,balance,2019-03-31,2019q1,,other_non_current_assets,balance.csv,other_non_current_assets,,,,,identity_q1_or_ytd_diff,False,missing_raw_value
601009.XSHG,balance,2019-03-31,2019q1,,total_non_current_assets,balance.csv,total_non_current_assets,,,,,identity_q1_or_ytd_diff,False,missing_raw_value
601009.XSHG,balance,2019-03-31,2019q1,,total_assets,balance.csv,total_assets,1318233413000.0,1318233413000.0,1318233413000.0,,identity_q1_or_ytd_diff,True,
601009.XSHG,balance,2019-03-31,2019q1,,shortterm_loan,balance.csv,shortterm_loan,0.0,0.0,0.0,,identity_q1_or_ytd_diff,True,
601009.XSHG,balance,2019-03-31,2019q1,,borrowing_from_centralbank,balance.csv,borrowing_from_centralbank,52052186000.0,52052186000.0,52052186000.0,,identity_q1_or_ytd_diff,True,
601009.XSHG,balance,2019-03-31,2019q1,,deposit_in_interbank,balance.csv,deposit_in_interbank,901419252000.0,901419252000.0,901419252000.0,,identity_q1_or_ytd_diff,True,
601009.XSHG,balance,2019-03-31,2019q1,,borrowing_capital,balance.csv,borrowing_capital,17728538000.0,17728538000.0,17728538000.0,,identity_q1_or_ytd_diff,True,
601009.XSHG,balance,2019-03-31,2019q1,,trading_liability,balance.csv,trading_liability,1449258000.0,1449258000.0,1449258000.0,,identity_q1_or_ytd_diff,True,
601009.XSHG,balance,2019-03-31,2019q1,,notes_payable,balance.csv,notes_payable,,,,,identity_q1_or_ytd_diff,False,missing_raw_value
601009.XSHG,balance,2019-03-31,2019q1,,accounts_payable,balance.csv,accounts_payable,,,,,identity_q1_or_ytd_diff,False,missing_raw_value
601009.XSHG,balance,2019-03-31,2019q1,,advance_peceipts,balance.csv,advance_peceipts,,,,,identity_q1_or_ytd_diff,False,missing_raw_value
601009.XSHG,balance,2019-03-31,2019q1,,sold_buyback_secu_proceeds,balance.csv,sold_buyback_secu_proceeds,4121340000.0,4121340000.0,4121340000.0,,identity_q1_or_ytd_diff,True,
601009.XSHG,balance,2019-03-31,2019q1,,commission_payable,balance.csv,commission_payable,,,,,identity_q1_or_ytd_diff,False,missing_raw_value
601009.XSHG,balance,2019-03-31,2019q1,,salaries_payable,balance.csv,salaries_payable,2782259000.0,2782259000.0,2782259000.0,,identity_q1_or_ytd_diff,True,
601009.XSHG,balance,2019-03-31,2019q1,,taxs_payable,balance.csv,taxs_payable,2151373000.0,2151373000.0,2151373000.0,,identity_q1_or_ytd_diff,True,
601009.XSHG,balance,2019-03-31,2019q1,,interest_payable,balance.csv,interest_payable,,,,,identity_q1_or_ytd_diff,False,missing_raw_value
601009.XSHG,balance,2019-03-31,2019q1,,other_payable,balance.csv,other_payable,,,,,identity_q1_or_ytd_diff,False,missing_raw_value
601009.XSHG,balance,2019-03-31,2019q1,,insurance_contract_reserves,balance.csv,insurance_contract_reserves,0.0,0.0,0.0,,identity_q1_or_ytd_diff,True,
601009.XSHG,balance,2019-03-31,2019q1,,proxy_secu_proceeds,balance.csv,proxy_secu_proceeds,,,,,identity_q1_or_ytd_diff,False,missing_raw_value
601009.XSHG,balance,2019-03-31,2019q1,,non_current_liability_in_one_year,balance.csv,non_current_liability_in_one_year,,,,,identity_q1_or_ytd_diff,False,missing_raw_value
601009.XSHG,balance,2019-03-31,2019q1,,other_current_liability,balance.csv,other_current_liability,,,,,identity_q1_or_ytd_diff,False,missing_raw_value
601009.XSHG,balance,2019-03-31,2019q1,,total_current_liability,balance.csv,total_current_liability,,,,,identity_q1_or_ytd_diff,False,missing_raw_value
601009.XSHG,balance,2019-03-31,2019q1,,longterm_loan,balance.csv,longterm_loan,,,,,identity_q1_or_ytd_diff,False,missing_raw_value
601009.XSHG,balance,2019-03-31,2019q1,,bonds_payable,balance.csv,bonds_payable,227796542000.0,227796542000.0,227796542000.0,,identity_q1_or_ytd_diff,True,
601009.XSHG,balance,2019-03-31,2019q1,,estimate_liability,balance.csv,estimate_liability,2060818000.0,2060818000.0,2060818000.0,,identity_q1_or_ytd_diff,True,
601009.XSHG,balance,2019-03-31,2019q1,,deferred_tax_liability,balance.csv,deferred_tax_liability,,,,,identity_q1_or_ytd_diff,False,missing_raw_value
601009.XSHG,balance,2019-03-31,2019q1,,other_non_current_liability,balance.csv,other_non_current_liability,,,,,identity_q1_or_ytd_diff,False,missing_raw_value
601009.XSHG,balance,2019-03-31,2019q1,,total_non_current_liability,balance.csv,total_non_current_liability,,,,,identity_q1_or_ytd_diff,False,missing_raw_value
601009.XSHG,balance,2019-03-31,2019q1,,total_liability,balance.csv,total_liability,1235566957000.0,1235566957000.0,1235566957000.0,,identity_q1_or_ytd_diff,True,
601009.XSHG,balance,2019-03-31,2019q1,,paidin_capital,balance.csv,paidin_capital,8482208000.0,8482208000.0,8482208000.0,,identity_q1_or_ytd_diff,True,
601009.XSHG,balance,2019-03-31,2019q1,,capital_reserve_fund,balance.csv,capital_reserve_fund,13242211000.0,13242211000.0,13242211000.0,,identity_q1_or_ytd_diff,True,
601009.XSHG,balance,2019-03-31,2019q1,,treasury_stock,balance.csv,treasury_stock,,,,,identity_q1_or_ytd_diff,False,missing_raw_value
601009.XSHG,balance,2019-03-31,2019q1,,surplus_reserve_fund,balance.csv,surplus_reserve_fund,5032851000.0,5032851000.0,5032851000.0,,identity_q1_or_ytd_diff,True,
601009.XSHG,balance,2019-03-31,2019q1,,ordinary_risk_reserve_fund,balance.csv,ordinary_risk_reserve_fund,13147169000.0,13147169000.0,13147169000.0,,identity_q1_or_ytd_diff,True,
601009.XSHG,balance,2019-03-31,2019q1,,retained_profit,balance.csv,retained_profit,31313701000.0,31313701000.0,31313701000.0,,identity_q1_or_ytd_diff,True,
601009.XSHG,balance,2019-03-31,2019q1,,equities_parent_company_owners,balance.csv,equities_parent_company_owners,81671239000.0,81671239000.0,81671239000.0,,identity_q1_or_ytd_diff,True,
601009.XSHG,balance,2019-03-31,2019q1,,minority_interests,balance.csv,minority_interests,995217000.0,995217000.0,995217000.0,,identity_q1_or_ytd_diff,True,
601009.XSHG,balance,2019-03-31,2019q1,,total_owner_equities,balance.csv,total_owner_equities,82666456000.0,82666456000.0,82666456000.0,,identity_q1_or_ytd_diff,True,
601009.XSHG,balance,2019-03-31,2019q1,,other_comprehensive_income,balance.csv,other_comprehensive_income,603286000.0,603286000.0,603286000.0,,identity_q1_or_ytd_diff,True,
601009.XSHG,balance,2019-03-31,2019q1,,contract_assets,balance.csv,contract_assets,,,,,identity_q1_or_ytd_diff,False,missing_raw_value
601009.XSHG,balance,2019-03-31,2019q1,,contract_liability,balance.csv,contract_liability,,,,,identity_q1_or_ytd_diff,False,missing_raw_value
601009.XSHG,balance,2019-03-31,2019q1,,usufruct_assets,balance.csv,usufruct_assets,,,,,identity_q1_or_ytd_diff,False,missing_raw_value
601009.XSHG,balance,2019-06-30,2019q2,,cash_equivalents,balance.csv,cash_equivalents,139486733000.0,139486733000.0,139486733000.0,,identity_q1_or_ytd_diff,True,
601009.XSHG,balance,2019-06-30,2019q2,,settlement_provi,balance.csv,settlement_provi,,,,,identity_q1_or_ytd_diff,False,missing_raw_value
601009.XSHG,balance,2019-06-30,2019q2,,lend_capital,balance.csv,lend_capital,2564272000.0,2564272000.0,2564272000.0,,identity_q1_or_ytd_diff,True,
601009.XSHG,balance,2019-06-30,2019q2,,trading_assets,balance.csv,trading_assets,153341622000.0,153341622000.0,153341622000.0,,identity_q1_or_ytd_diff,True,
601009.XSHG,balance,2019-06-30,2019q2,,bill_receivable,balance.csv,bill_receivable,,,,,identity_q1_or_ytd_diff,False,missing_raw_value
601009.XSHG,balance,2019-06-30,2019q2,,account_receivable,balance.csv,account_receivable,,,,,identity_q1_or_ytd_diff,False,missing_raw_value
601009.XSHG,balance,2019-06-30,2019q2,,advance_payment,balance.csv,advance_payment,,,,,identity_q1_or_ytd_diff,False,missing_raw_value
601009.XSHG,balance,2019-06-30,2019q2,,insurance_receivables,balance.csv,insurance_receivables,,,,,identity_q1_or_ytd_diff,False,missing_raw_value
601009.XSHG,balance,2019-06-30,2019q2,,interest_receivable,balance.csv,interest_receivable,,,,,identity_q1_or_ytd_diff,False,missing_raw_value
601009.XSHG,balance,2019-06-30,2019q2,,other_receivable,balance.csv,other_receivable,,,,,identity_q1_or_ytd_diff,False,missing_raw_value
601009.XSHG,balance,2019-06-30,2019q2,,bought_sellback_assets,balance.csv,bought_sellback_assets,35995199000.0,35995199000.0,35995199000.0,,identity_q1_or_ytd_diff,True,
601009.XSHG,balance,2019-06-30,2019q2,,inventories,balance.csv,inventories,,,,,identity_q1_or_ytd_diff,False,missing_raw_value
601009.XSHG,balance,2019-06-30,2019q2,,other_current_assets,balance.csv,other_current_assets,,,,,identity_q1_or_ytd_diff,False,missing_raw_value
601009.XSHG,balance,2019-06-30,2019q2,,total_current_assets,balance.csv,total_current_assets,,,,,identity_q1_or_ytd_diff,False,missing_raw_value
601009.XSHG,balance,2019-06-30,2019q2,,loan_and_advance,balance.csv,loan_and_advance,,,,,identity_q1_or_ytd_diff,False,missing_raw_value
601009.XSHG,balance,2019-06-30,2019q2,,hold_for_sale_assets,balance.csv,hold_for_sale_assets,,,,,identity_q1_or_ytd_diff,False,missing_raw_value
601009.XSHG,balance,2019-06-30,2019q2,,hold_to_maturity_investments,balance.csv,hold_to_maturity_investments,,,,,identity_q1_or_ytd_diff,False,missing_raw_value
601009.XSHG,balance,2019-06-30,2019q2,,longterm_equity_invest,balance.csv,longterm_equity_invest,5119929000.0,5119929000.0,5119929000.0,,identity_q1_or_ytd_diff,True,
601009.XSHG,balance,2019-06-30,2019q2,,investment_property,balance.csv,investment_property,15617000.0,15617000.0,15617000.0,,identity_q1_or_ytd_diff,True,
601009.XSHG,balance,2019-06-30,2019q2,,fixed_assets,balance.csv,fixed_assets,6216417000.0,6216417000.0,6216417000.0,,identity_q1_or_ytd_diff,True,
601009.XSHG,balance,2019-06-30,2019q2,,constru_in_process,balance.csv,constru_in_process,1678996000.0,1678996000.0,1678996000.0,,identity_q1_or_ytd_diff,True,
601009.XSHG,balance,2019-06-30,2019q2,,intangible_assets,balance.csv,intangible_assets,375594000.0,375594000.0,375594000.0,,identity_q1_or_ytd_diff,True,
601009.XSHG,balance,2019-06-30,2019q2,,good_will,balance.csv,good_will,,,,,identity_q1_or_ytd_diff,False,missing_raw_value
601009.XSHG,balance,2019-06-30,2019q2,,long_deferred_expense,balance.csv,long_deferred_expense,,,,,identity_q1_or_ytd_diff,False,missing_raw_value
601009.XSHG,balance,2019-06-30,2019q2,,deferred_tax_assets,balance.csv,deferred_tax_assets,4495571000.0,4495571000.0,4495571000.0,,identity_q1_or_ytd_diff,True,
601009.XSHG,balance,2019-06-30,2019q2,,other_non_current_assets,balance.csv,other_non_current_assets,,,,,identity_q1_or_ytd_diff,False,missing_raw_value
601009.XSHG,balance,2019-06-30,2019q2,,total_non_current_assets,balance.csv,total_non_current_assets,,,,,identity_q1_or_ytd_diff,False,missing_raw_value
601009.XSHG,balance,2019-06-30,2019q2,,total_assets,balance.csv,total_assets,1348326029000.0,1348326029000.0,1348326029000.0,,identity_q1_or_ytd_diff,True,
601009.XSHG,balance,2019-06-30,2019q2,,shortterm_loan,balance.csv,shortterm_loan,0.0,0.0,0.0,,identity_q1_or_ytd_diff,True,
601009.XSHG,balance,2019-06-30,2019q2,,borrowing_from_centralbank,balance.csv,borrowing_from_centralbank,68614198000.0,68614198000.0,68614198000.0,,identity_q1_or_ytd_diff,True,
601009.XSHG,balance,2019-06-30,2019q2,,deposit_in_interbank,balance.csv,deposit_in_interbank,902932282000.0,902932282000.0,902932282000.0,,identity_q1_or_ytd_diff,True,
601009.XSHG,balance,2019-06-30,2019q2,,borrowing_capital,balance.csv,borrowing_capital,22466512000.0,22466512000.0,22466512000.0,,identity_q1_or_ytd_diff,True,
601009.XSHG,balance,2019-06-30,2019q2,,trading_liability,balance.csv,trading_liability,916755000.0,916755000.0,916755000.0,,identity_q1_or_ytd_diff,True,
601009.XSHG,balance,2019-06-30,2019q2,,notes_payable,balance.csv,notes_payable,,,,,identity_q1_or_ytd_diff,False,missing_raw_value
601009.XSHG,balance,2019-06-30,2019q2,,accounts_payable,balance.csv,accounts_payable,,,,,identity_q1_or_ytd_diff,False,missing_raw_value
601009.XSHG,balance,2019-06-30,2019q2,,advance_peceipts,balance.csv,advance_peceipts,,,,,identity_q1_or_ytd_diff,False,missing_raw_value
601009.XSHG,balance,2019-06-30,2019q2,,sold_buyback_secu_proceeds,balance.csv,sold_buyback_secu_proceeds,12764786000.0,12764786000.0,12764786000.0,,identity_q1_or_ytd_diff,True,
601009.XSHG,balance,2019-06-30,2019q2,,commission_payable,balance.csv,commission_payable,,,,,identity_q1_or_ytd_diff,False,missing_raw_value
601009.XSHG,balance,2019-06-30,2019q2,,salaries_payable,balance.csv,salaries_payable,3187590000.0,3187590000.0,3187590000.0,,identity_q1_or_ytd_diff,True,
601009.XSHG,balance,2019-06-30,2019q2,,taxs_payable,balance.csv,taxs_payable,1948888000.0,1948888000.0,1948888000.0,,identity_q1_or_ytd_diff,True,
601009.XSHG,balance,2019-06-30,2019q2,,interest_payable,balance.csv,interest_payable,,,,,identity_q1_or_ytd_diff,False,missing_raw_value
601009.XSHG,balance,2019-06-30,2019q2,,other_payable,balance.csv,other_payable,,,,,identity_q1_or_ytd_diff,False,missing_raw_value
601009.XSHG,balance,2019-06-30,2019q2,,insurance_contract_reserves,balance.csv,insurance_contract_reserves,0.0,0.0,0.0,,identity_q1_or_ytd_diff,True,
601009.XSHG,balance,2019-06-30,2019q2,,proxy_secu_proceeds,balance.csv,proxy_secu_proceeds,,,,,identity_q1_or_ytd_diff,False,missing_raw_value
601009.XSHG,balance,2019-06-30,2019q2,,non_current_liability_in_one_year,balance.csv,non_current_liability_in_one_year,,,,,identity_q1_or_ytd_diff,False,missing_raw_value
601009.XSHG,balance,2019-06-30,2019q2,,other_current_liability,balance.csv,other_current_liability,,,,,identity_q1_or_ytd_diff,False,missing_raw_value
601009.XSHG,balance,2019-06-30,2019q2,,total_current_liability,balance.csv,total_current_liability,,,,,identity_q1_or_ytd_diff,False,missing_raw_value
601009.XSHG,balance,2019-06-30,2019q2,,longterm_loan,balance.csv,longterm_loan,,,,,identity_q1_or_ytd_diff,False,missing_raw_value
601009.XSHG,balance,2019-06-30,2019q2,,bonds_payable,balance.csv,bonds_payable,229186273000.0,229186273000.0,229186273000.0,,identity_q1_or_ytd_diff,True,
601009.XSHG,balance,2019-06-30,2019q2,,estimate_liability,balance.csv,estimate_liability,1772606000.0,1772606000.0,1772606000.0,,identity_q1_or_ytd_diff,True,
601009.XSHG,balance,2019-06-30,2019q2,,deferred_tax_liability,balance.csv,deferred_tax_liability,,,,,identity_q1_or_ytd_diff,False,missing_raw_value
601009.XSHG,balance,2019-06-30,2019q2,,other_non_current_liability,balance.csv,other_non_current_liability,,,,,identity_q1_or_ytd_diff,False,missing_raw_value
601009.XSHG,balance,2019-06-30,2019q2,,total_non_current_liability,balance.csv,total_non_current_liability,,,,,identity_q1_or_ytd_diff,False,missing_raw_value
601009.XSHG,balance,2019-06-30,2019q2,,total_liability,balance.csv,total_liability,1265664387000.0,1265664387000.0,1265664387000.0,,identity_q1_or_ytd_diff,True,
601009.XSHG,balance,2019-06-30,2019q2,,paidin_capital,balance.csv,paidin_capital,8482208000.0,8482208000.0,8482208000.0,,identity_q1_or_ytd_diff,True,
601009.XSHG,balance,2019-06-30,2019q2,,capital_reserve_fund,balance.csv,capital_reserve_fund,13242211000.0,13242211000.0,13242211000.0,,identity_q1_or_ytd_diff,True,
601009.XSHG,balance,2019-06-30,2019q2,,treasury_stock,balance.csv,treasury_stock,,,,,identity_q1_or_ytd_diff,False,missing_raw_value
601009.XSHG,balance,2019-06-30,2019q2,,surplus_reserve_fund,balance.csv,surplus_reserve_fund,6114739000.0,6114739000.0,6114739000.0,,identity_q1_or_ytd_diff,True,
601009.XSHG,balance,2019-06-30,2019q2,,ordinary_risk_reserve_fund,balance.csv,ordinary_risk_reserve_fund,13157586000.0,13157586000.0,13157586000.0,,identity_q1_or_ytd_diff,True,
601009.XSHG,balance,2019-06-30,2019q2,,retained_profit,balance.csv,retained_profit,30454825000.0,30454825000.0,30454825000.0,,identity_q1_or_ytd_diff,True,
601009.XSHG,balance,2019-06-30,2019q2,,equities_parent_company_owners,balance.csv,equities_parent_company_owners,81666636000.0,81666636000.0,81666636000.0,,identity_q1_or_ytd_diff,True,
601009.XSHG,balance,2019-06-30,2019q2,,minority_interests,balance.csv,minority_interests,995006000.0,995006000.0,995006000.0,,identity_q1_or_ytd_diff,True,
601009.XSHG,balance,2019-06-30,2019q2,,total_owner_equities,balance.csv,total_owner_equities,82661642000.0,82661642000.0,82661642000.0,,identity_q1_or_ytd_diff,True,
601009.XSHG,balance,2019-06-30,2019q2,,other_comprehensive_income,balance.csv,other_comprehensive_income,365254000.0,365254000.0,365254000.0,,identity_q1_or_ytd_diff,True,
601009.XSHG,balance,2019-06-30,2019q2,,contract_assets,balance.csv,contract_assets,,,,,identity_q1_or_ytd_diff,False,missing_raw_value
601009.XSHG,balance,2019-06-30,2019q2,,contract_liability,balance.csv,contract_liability,,,,,identity_q1_or_ytd_diff,False,missing_raw_value
601009.XSHG,balance,2019-06-30,2019q2,,usufruct_assets,balance.csv,usufruct_assets,,,,,identity_q1_or_ytd_diff,False,missing_raw_value
601009.XSHG,balance,2019-09-30,2019q3,,cash_equivalents,balance.csv,cash_equivalents,112392335000.0,112392335000.0,112392335000.0,,identity_q1_or_ytd_diff,True,
601009.XSHG,balance,2019-09-30,2019q3,,settlement_provi,balance.csv,settlement_provi,,,,,identity_q1_or_ytd_diff,False,missing_raw_value
601009.XSHG,balance,2019-09-30,2019q3,,lend_capital,balance.csv,lend_capital,1999933000.0,1999933000.0,1999933000.0,,identity_q1_or_ytd_diff,True,
601009.XSHG,balance,2019-09-30,2019q3,,trading_assets,balance.csv,trading_assets,155314396000.0,155314396000.0,155314396000.0,,identity_q1_or_ytd_diff,True,
601009.XSHG,balance,2019-09-30,2019q3,,bill_receivable,balance.csv,bill_receivable,,,,,identity_q1_or_ytd_diff,False,missing_raw_value
601009.XSHG,balance,2019-09-30,2019q3,,account_receivable,balance.csv,account_receivable,,,,,identity_q1_or_ytd_diff,False,missing_raw_value
601009.XSHG,balance,2019-09-30,2019q3,,advance_payment,balance.csv,advance_payment,,,,,identity_q1_or_ytd_diff,False,missing_raw_value
601009.XSHG,balance,2019-09-30,2019q3,,insurance_receivables,balance.csv,insurance_receivables,,,,,identity_q1_or_ytd_diff,False,missing_raw_value
601009.XSHG,balance,2019-09-30,2019q3,,interest_receivable,balance.csv,interest_receivable,,,,,identity_q1_or_ytd_diff,False,missing_raw_value
601009.XSHG,balance,2019-09-30,2019q3,,other_receivable,balance.csv,other_receivable,,,,,identity_q1_or_ytd_diff,False,missing_raw_value
601009.XSHG,balance,2019-09-30,2019q3,,bought_sellback_assets,balance.csv,bought_sellback_assets,22884132000.0,22884132000.0,22884132000.0,,identity_q1_or_ytd_diff,True,
601009.XSHG,balance,2019-09-30,2019q3,,inventories,balance.csv,inventories,,,,,identity_q1_or_ytd_diff,False,missing_raw_value
601009.XSHG,balance,2019-09-30,2019q3,,other_current_assets,balance.csv,other_current_assets,,,,,identity_q1_or_ytd_diff,False,missing_raw_value
601009.XSHG,balance,2019-09-30,2019q3,,total_current_assets,balance.csv,total_current_assets,,,,,identity_q1_or_ytd_diff,False,missing_raw_value
601009.XSHG,balance,2019-09-30,2019q3,,loan_and_advance,balance.csv,loan_and_advance,,,,,identity_q1_or_ytd_diff,False,missing_raw_value
601009.XSHG,balance,2019-09-30,2019q3,,hold_for_sale_assets,balance.csv,hold_for_sale_assets,,,,,identity_q1_or_ytd_diff,False,missing_raw_value
601009.XSHG,balance,2019-09-30,2019q3,,hold_to_maturity_investments,balance.csv,hold_to_maturity_investments,,,,,identity_q1_or_ytd_diff,False,missing_raw_value
601009.XSHG,balance,2019-09-30,2019q3,,longterm_equity_invest,balance.csv,longterm_equity_invest,5262962000.0,5262962000.0,5262962000.0,,identity_q1_or_ytd_diff,True,
601009.XSHG,balance,2019-09-30,2019q3,,investment_property,balance.csv,investment_property,15319000.0,15319000.0,15319000.0,,identity_q1_or_ytd_diff,True,
601009.XSHG,balance,2019-09-30,2019q3,,fixed_assets,balance.csv,fixed_assets,6241799000.0,6241799000.0,6241799000.0,,identity_q1_or_ytd_diff,True,
601009.XSHG,balance,2019-09-30,2019q3,,constru_in_process,balance.csv,constru_in_process,1596313000.0,1596313000.0,1596313000.0,,identity_q1_or_ytd_diff,True,
601009.XSHG,balance,2019-09-30,2019q3,,intangible_assets,balance.csv,intangible_assets,378275000.0,378275000.0,378275000.0,,identity_q1_or_ytd_diff,True,
601009.XSHG,balance,2019-09-30,2019q3,,good_will,balance.csv,good_will,,,,,identity_q1_or_ytd_diff,False,missing_raw_value
601009.XSHG,balance,2019-09-30,2019q3,,long_deferred_expense,balance.csv,long_deferred_expense,,,,,identity_q1_or_ytd_diff,False,missing_raw_value
601009.XSHG,balance,2019-09-30,2019q3,,deferred_tax_assets,balance.csv,deferred_tax_assets,4618375000.0,4618375000.0,4618375000.0,,identity_q1_or_ytd_diff,True,
601009.XSHG,balance,2019-09-30,2019q3,,other_non_current_assets,balance.csv,other_non_current_assets,,,,,identity_q1_or_ytd_diff,False,missing_raw_value
601009.XSHG,balance,2019-09-30,2019q3,,total_non_current_assets,balance.csv,total_non_current_assets,,,,,identity_q1_or_ytd_diff,False,missing_raw_value
601009.XSHG,balance,2019-09-30,2019q3,,total_assets,balance.csv,total_assets,1333559407000.0,1333559407000.0,1333559407000.0,,identity_q1_or_ytd_diff,True,
601009.XSHG,balance,2019-09-30,2019q3,,shortterm_loan,balance.csv,shortterm_loan,0.0,0.0,0.0,,identity_q1_or_ytd_diff,True,
601009.XSHG,balance,2019-09-30,2019q3,,borrowing_from_centralbank,balance.csv,borrowing_from_centralbank,76024064000.0,76024064000.0,76024064000.0,,identity_q1_or_ytd_diff,True,
601009.XSHG,balance,2019-09-30,2019q3,,deposit_in_interbank,balance.csv,deposit_in_interbank,883546311000.0,883546311000.0,883546311000.0,,identity_q1_or_ytd_diff,True,
601009.XSHG,balance,2019-09-30,2019q3,,borrowing_capital,balance.csv,borrowing_capital,11831065000.0,11831065000.0,11831065000.0,,identity_q1_or_ytd_diff,True,
601009.XSHG,balance,2019-09-30,2019q3,,trading_liability,balance.csv,trading_liability,119374000.0,119374000.0,119374000.0,,identity_q1_or_ytd_diff,True,
601009.XSHG,balance,2019-09-30,2019q3,,notes_payable,balance.csv,notes_payable,,,,,identity_q1_or_ytd_diff,False,missing_raw_value
601009.XSHG,balance,2019-09-30,2019q3,,accounts_payable,balance.csv,accounts_payable,,,,,identity_q1_or_ytd_diff,False,missing_raw_value
601009.XSHG,balance,2019-09-30,2019q3,,advance_peceipts,balance.csv,advance_peceipts,,,,,identity_q1_or_ytd_diff,False,missing_raw_value
601009.XSHG,balance,2019-09-30,2019q3,,sold_buyback_secu_proceeds,balance.csv,sold_buyback_secu_proceeds,8983175000.0,8983175000.0,8983175000.0,,identity_q1_or_ytd_diff,True,
601009.XSHG,balance,2019-09-30,2019q3,,commission_payable,balance.csv,commission_payable,,,,,identity_q1_or_ytd_diff,False,missing_raw_value
601009.XSHG,balance,2019-09-30,2019q3,,salaries_payable,balance.csv,salaries_payable,3547366000.0,3547366000.0,3547366000.0,,identity_q1_or_ytd_diff,True,
601009.XSHG,balance,2019-09-30,2019q3,,taxs_payable,balance.csv,taxs_payable,2029524000.0,2029524000.0,2029524000.0,,identity_q1_or_ytd_diff,True,
601009.XSHG,balance,2019-09-30,2019q3,,interest_payable,balance.csv,interest_payable,,,,,identity_q1_or_ytd_diff,False,missing_raw_value
601009.XSHG,balance,2019-09-30,2019q3,,other_payable,balance.csv,other_payable,,,,,identity_q1_or_ytd_diff,False,missing_raw_value
601009.XSHG,balance,2019-09-30,2019q3,,insurance_contract_reserves,balance.csv,insurance_contract_reserves,0.0,0.0,0.0,,identity_q1_or_ytd_diff,True,
601009.XSHG,balance,2019-09-30,2019q3,,proxy_secu_proceeds,balance.csv,proxy_secu_proceeds,,,,,identity_q1_or_ytd_diff,False,missing_raw_value
601009.XSHG,balance,2019-09-30,2019q3,,non_current_liability_in_one_year,balance.csv,non_current_liability_in_one_year,,,,,identity_q1_or_ytd_diff,False,missing_raw_value
601009.XSHG,balance,2019-09-30,2019q3,,other_current_liability,balance.csv,other_current_liability,,,,,identity_q1_or_ytd_diff,False,missing_raw_value
601009.XSHG,balance,2019-09-30,2019q3,,total_current_liability,balance.csv,total_current_liability,,,,,identity_q1_or_ytd_diff,False,missing_raw_value
601009.XSHG,balance,2019-09-30,2019q3,,longterm_loan,balance.csv,longterm_loan,,,,,identity_q1_or_ytd_diff,False,missing_raw_value
601009.XSHG,balance,2019-09-30,2019q3,,bonds_payable,balance.csv,bonds_payable,234028669000.0,234028669000.0,234028669000.0,,identity_q1_or_ytd_diff,True,
601009.XSHG,balance,2019-09-30,2019q3,,estimate_liability,balance.csv,estimate_liability,1822791000.0,1822791000.0,1822791000.0,,identity_q1_or_ytd_diff,True,
601009.XSHG,balance,2019-09-30,2019q3,,deferred_tax_liability,balance.csv,deferred_tax_liability,,,,,identity_q1_or_ytd_diff,False,missing_raw_value
601009.XSHG,balance,2019-09-30,2019q3,,other_non_current_liability,balance.csv,other_non_current_liability,,,,,identity_q1_or_ytd_diff,False,missing_raw_value
601009.XSHG,balance,2019-09-30,2019q3,,total_non_current_liability,balance.csv,total_non_current_liability,,,,,identity_q1_or_ytd_diff,False,missing_raw_value
601009.XSHG,balance,2019-09-30,2019q3,,total_liability,balance.csv,total_liability,1248067987000.0,1248067987000.0,1248067987000.0,,identity_q1_or_ytd_diff,True,
601009.XSHG,balance,2019-09-30,2019q3,,paidin_capital,balance.csv,paidin_capital,8482208000.0,8482208000.0,8482208000.0,,identity_q1_or_ytd_diff,True,
601009.XSHG,balance,2019-09-30,2019q3,,capital_reserve_fund,balance.csv,capital_reserve_fund,13242211000.0,13242211000.0,13242211000.0,,identity_q1_or_ytd_diff,True,
601009.XSHG,balance,2019-09-30,2019q3,,treasury_stock,balance.csv,treasury_stock,,,,,identity_q1_or_ytd_diff,False,missing_raw_value
601009.XSHG,balance,2019-09-30,2019q3,,surplus_reserve_fund,balance.csv,surplus_reserve_fund,6114739000.0,6114739000.0,6114739000.0,,identity_q1_or_ytd_diff,True,
601009.XSHG,balance,2019-09-30,2019q3,,ordinary_risk_reserve_fund,balance.csv,ordinary_risk_reserve_fund,13166741000.0,13166741000.0,13166741000.0,,identity_q1_or_ytd_diff,True,
601009.XSHG,balance,2019-09-30,2019q3,,retained_profit,balance.csv,retained_profit,33260798000.0,33260798000.0,33260798000.0,,identity_q1_or_ytd_diff,True,
601009.XSHG,balance,2019-09-30,2019q3,,equities_parent_company_owners,balance.csv,equities_parent_company_owners,84463642000.0,84463642000.0,84463642000.0,,identity_q1_or_ytd_diff,True,
601009.XSHG,balance,2019-09-30,2019q3,,minority_interests,balance.csv,minority_interests,1027778000.0,1027778000.0,1027778000.0,,identity_q1_or_ytd_diff,True,
601009.XSHG,balance,2019-09-30,2019q3,,total_owner_equities,balance.csv,total_owner_equities,85491420000.0,85491420000.0,85491420000.0,,identity_q1_or_ytd_diff,True,
601009.XSHG,balance,2019-09-30,2019q3,,other_comprehensive_income,balance.csv,other_comprehensive_income,347132000.0,347132000.0,347132000.0,,identity_q1_or_ytd_diff,True,
601009.XSHG,balance,2019-09-30,2019q3,,contract_assets,balance.csv,contract_assets,,,,,identity_q1_or_ytd_diff,False,missing_raw_value
601009.XSHG,balance,2019-09-30,2019q3,,contract_liability,balance.csv,contract_liability,,,,,identity_q1_or_ytd_diff,False,missing_raw_value
601009.XSHG,balance,2019-09-30,2019q3,,usufruct_assets,balance.csv,usufruct_assets,,,,,identity_q1_or_ytd_diff,False,missing_raw_value
601009.XSHG,balance,2019-12-31,2019q4,,cash_equivalents,balance.csv,cash_equivalents,118254981000.0,118254981000.0,118254981000.0,,identity_q1_or_ytd_diff,True,
601009.XSHG,balance,2019-12-31,2019q4,,settlement_provi,balance.csv,settlement_provi,,,,,identity_q1_or_ytd_diff,False,missing_raw_value
601009.XSHG,balance,2019-12-31,2019q4,,lend_capital,balance.csv,lend_capital,799809000.0,799809000.0,799809000.0,,identity_q1_or_ytd_diff,True,
601009.XSHG,balance,2019-12-31,2019q4,,trading_assets,balance.csv,trading_assets,154227802000.0,154227802000.0,154227802000.0,,identity_q1_or_ytd_diff,True,
601009.XSHG,balance,2019-12-31,2019q4,,bill_receivable,balance.csv,bill_receivable,,,,,identity_q1_or_ytd_diff,False,missing_raw_value
601009.XSHG,balance,2019-12-31,2019q4,,account_receivable,balance.csv,account_receivable,,,,,identity_q1_or_ytd_diff,False,missing_raw_value
601009.XSHG,balance,2019-12-31,2019q4,,advance_payment,balance.csv,advance_payment,,,,,identity_q1_or_ytd_diff,False,missing_raw_value
601009.XSHG,balance,2019-12-31,2019q4,,insurance_receivables,balance.csv,insurance_receivables,,,,,identity_q1_or_ytd_diff,False,missing_raw_value
601009.XSHG,balance,2019-12-31,2019q4,,interest_receivable,balance.csv,interest_receivable,,,,,identity_q1_or_ytd_diff,False,missing_raw_value
601009.XSHG,balance,2019-12-31,2019q4,,other_receivable,balance.csv,other_receivable,,,,,identity_q1_or_ytd_diff,False,missing_raw_value
601009.XSHG,balance,2019-12-31,2019q4,,bought_sellback_assets,balance.csv,bought_sellback_assets,27198125000.0,27198125000.0,27198125000.0,,identity_q1_or_ytd_diff,True,
601009.XSHG,balance,2019-12-31,2019q4,,inventories,balance.csv,inventories,,,,,identity_q1_or_ytd_diff,False,missing_raw_value
601009.XSHG,balance,2019-12-31,2019q4,,other_current_assets,balance.csv,other_current_assets,,,,,identity_q1_or_ytd_diff,False,missing_raw_value
601009.XSHG,balance,2019-12-31,2019q4,,total_current_assets,balance.csv,total_current_assets,,,,,identity_q1_or_ytd_diff,False,missing_raw_value
601009.XSHG,balance,2019-12-31,2019q4,,loan_and_advance,balance.csv,loan_and_advance,,,,,identity_q1_or_ytd_diff,False,missing_raw_value
601009.XSHG,balance,2019-12-31,2019q4,,hold_for_sale_assets,balance.csv,hold_for_sale_assets,,,,,identity_q1_or_ytd_diff,False,missing_raw_value
601009.XSHG,balance,2019-12-31,2019q4,,hold_to_maturity_investments,balance.csv,hold_to_maturity_investments,,,,,identity_q1_or_ytd_diff,False,missing_raw_value
601009.XSHG,balance,2019-12-31,2019q4,,longterm_equity_invest,balance.csv,longterm_equity_invest,5400767000.0,5400767000.0,5400767000.0,,identity_q1_or_ytd_diff,True,
601009.XSHG,balance,2019-12-31,2019q4,,investment_property,balance.csv,investment_property,15022000.0,15022000.0,15022000.0,,identity_q1_or_ytd_diff,True,
601009.XSHG,balance,2019-12-31,2019q4,,fixed_assets,balance.csv,fixed_assets,6232305000.0,6232305000.0,6232305000.0,,identity_q1_or_ytd_diff,True,
601009.XSHG,balance,2019-12-31,2019q4,,constru_in_process,balance.csv,constru_in_process,1667520000.0,1667520000.0,1667520000.0,,identity_q1_or_ytd_diff,True,
601009.XSHG,balance,2019-12-31,2019q4,,intangible_assets,balance.csv,intangible_assets,433591000.0,433591000.0,433591000.0,,identity_q1_or_ytd_diff,True,
601009.XSHG,balance,2019-12-31,2019q4,,good_will,balance.csv,good_will,,,,,identity_q1_or_ytd_diff,False,missing_raw_value
601009.XSHG,balance,2019-12-31,2019q4,,long_deferred_expense,balance.csv,long_deferred_expense,,,,,identity_q1_or_ytd_diff,False,missing_raw_value
601009.XSHG,balance,2019-12-31,2019q4,,deferred_tax_assets,balance.csv,deferred_tax_assets,4969406000.0,4969406000.0,4969406000.0,,identity_q1_or_ytd_diff,True,
601009.XSHG,balance,2019-12-31,2019q4,,other_non_current_assets,balance.csv,other_non_current_assets,,,,,identity_q1_or_ytd_diff,False,missing_raw_value
601009.XSHG,balance,2019-12-31,2019q4,,total_non_current_assets,balance.csv,total_non_current_assets,,,,,identity_q1_or_ytd_diff,False,missing_raw_value
601009.XSHG,balance,2019-12-31,2019q4,,total_assets,balance.csv,total_assets,1343435371000.0,1343435371000.0,1343435371000.0,,identity_q1_or_ytd_diff,True,
601009.XSHG,balance,2019-12-31,2019q4,,shortterm_loan,balance.csv,shortterm_loan,0.0,0.0,0.0,,identity_q1_or_ytd_diff,True,
601009.XSHG,balance,2019-12-31,2019q4,,borrowing_from_centralbank,balance.csv,borrowing_from_centralbank,93065680000.0,93065680000.0,93065680000.0,,identity_q1_or_ytd_diff,True,
601009.XSHG,balance,2019-12-31,2019q4,,deposit_in_interbank,balance.csv,deposit_in_interbank,887401881000.0,887401881000.0,887401881000.0,,identity_q1_or_ytd_diff,True,
601009.XSHG,balance,2019-12-31,2019q4,,borrowing_capital,balance.csv,borrowing_capital,14206311000.0,14206311000.0,14206311000.0,,identity_q1_or_ytd_diff,True,
601009.XSHG,balance,2019-12-31,2019q4,,trading_liability,balance.csv,trading_liability,1555390000.0,1555390000.0,1555390000.0,,identity_q1_or_ytd_diff,True,
601009.XSHG,balance,2019-12-31,2019q4,,notes_payable,balance.csv,notes_payable,,,,,identity_q1_or_ytd_diff,False,missing_raw_value
601009.XSHG,balance,2019-12-31,2019q4,,accounts_payable,balance.csv,accounts_payable,,,,,identity_q1_or_ytd_diff,False,missing_raw_value
601009.XSHG,balance,2019-12-31,2019q4,,advance_peceipts,balance.csv,advance_peceipts,,,,,identity_q1_or_ytd_diff,False,missing_raw_value
601009.XSHG,balance,2019-12-31,2019q4,,sold_buyback_secu_proceeds,balance.csv,sold_buyback_secu_proceeds,28502066000.0,28502066000.0,28502066000.0,,identity_q1_or_ytd_diff,True,
601009.XSHG,balance,2019-12-31,2019q4,,commission_payable,balance.csv,commission_payable,,,,,identity_q1_or_ytd_diff,False,missing_raw_value
601009.XSHG,balance,2019-12-31,2019q4,,salaries_payable,balance.csv,salaries_payable,3774085000.0,3774085000.0,3774085000.0,,identity_q1_or_ytd_diff,True,
601009.XSHG,balance,2019-12-31,2019q4,,taxs_payable,balance.csv,taxs_payable,2728742000.0,2728742000.0,2728742000.0,,identity_q1_or_ytd_diff,True,
601009.XSHG,balance,2019-12-31,2019q4,,interest_payable,balance.csv,interest_payable,,,,,identity_q1_or_ytd_diff,False,missing_raw_value
601009.XSHG,balance,2019-12-31,2019q4,,other_payable,balance.csv,other_payable,,,,,identity_q1_or_ytd_diff,False,missing_raw_value
601009.XSHG,balance,2019-12-31,2019q4,,insurance_contract_reserves,balance.csv,insurance_contract_reserves,0.0,0.0,0.0,,identity_q1_or_ytd_diff,True,
601009.XSHG,balance,2019-12-31,2019q4,,proxy_secu_proceeds,balance.csv,proxy_secu_proceeds,,,,,identity_q1_or_ytd_diff,False,missing_raw_value
601009.XSHG,balance,2019-12-31,2019q4,,non_current_liability_in_one_year,balance.csv,non_current_liability_in_one_year,,,,,identity_q1_or_ytd_diff,False,missing_raw_value
601009.XSHG,balance,2019-12-31,2019q4,,other_current_liability,balance.csv,other_current_liability,,,,,identity_q1_or_ytd_diff,False,missing_raw_value
601009.XSHG,balance,2019-12-31,2019q4,,total_current_liability,balance.csv,total_current_liability,,,,,identity_q1_or_ytd_diff,False,missing_raw_value
601009.XSHG,balance,2019-12-31,2019q4,,longterm_loan,balance.csv,longterm_loan,,,,,identity_q1_or_ytd_diff,False,missing_raw_value
601009.XSHG,balance,2019-12-31,2019q4,,bonds_payable,balance.csv,bonds_payable,203941904000.0,203941904000.0,203941904000.0,,identity_q1_or_ytd_diff,True,
601009.XSHG,balance,2019-12-31,2019q4,,estimate_liability,balance.csv,estimate_liability,1844210000.0,1844210000.0,1844210000.0,,identity_q1_or_ytd_diff,True,
601009.XSHG,balance,2019-12-31,2019q4,,deferred_tax_liability,balance.csv,deferred_tax_liability,,,,,identity_q1_or_ytd_diff,False,missing_raw_value
601009.XSHG,balance,2019-12-31,2019q4,,other_non_current_liability,balance.csv,other_non_current_liability,,,,,identity_q1_or_ytd_diff,False,missing_raw_value
601009.XSHG,balance,2019-12-31,2019q4,,total_non_current_liability,balance.csv,total_non_current_liability,,,,,identity_q1_or_ytd_diff,False,missing_raw_value
601009.XSHG,balance,2019-12-31,2019q4,,total_liability,balance.csv,total_liability,1255507175000.0,1255507175000.0,1255507175000.0,,identity_q1_or_ytd_diff,True,
601009.XSHG,balance,2019-12-31,2019q4,,paidin_capital,balance.csv,paidin_capital,8482208000.0,8482208000.0,8482208000.0,,identity_q1_or_ytd_diff,True,
601009.XSHG,balance,2019-12-31,2019q4,,capital_reserve_fund,balance.csv,capital_reserve_fund,13242211000.0,13242211000.0,13242211000.0,,identity_q1_or_ytd_diff,True,
601009.XSHG,balance,2019-12-31,2019q4,,treasury_stock,balance.csv,treasury_stock,,,,,identity_q1_or_ytd_diff,False,missing_raw_value
601009.XSHG,balance,2019-12-31,2019q4,,surplus_reserve_fund,balance.csv,surplus_reserve_fund,6114739000.0,6114739000.0,6114739000.0,,identity_q1_or_ytd_diff,True,
601009.XSHG,balance,2019-12-31,2019q4,,ordinary_risk_reserve_fund,balance.csv,ordinary_risk_reserve_fund,14052691000.0,14052691000.0,14052691000.0,,identity_q1_or_ytd_diff,True,
601009.XSHG,balance,2019-12-31,2019q4,,retained_profit,balance.csv,retained_profit,34714965000.0,34714965000.0,34714965000.0,,identity_q1_or_ytd_diff,True,
601009.XSHG,balance,2019-12-31,2019q4,,equities_parent_company_owners,balance.csv,equities_parent_company_owners,86880541000.0,86880541000.0,86880541000.0,,identity_q1_or_ytd_diff,True,
601009.XSHG,balance,2019-12-31,2019q4,,minority_interests,balance.csv,minority_interests,1047655000.0,1047655000.0,1047655000.0,,identity_q1_or_ytd_diff,True,
601009.XSHG,balance,2019-12-31,2019q4,,total_owner_equities,balance.csv,total_owner_equities,87928196000.0,87928196000.0,87928196000.0,,identity_q1_or_ytd_diff,True,
601009.XSHG,balance,2019-12-31,2019q4,,other_comprehensive_income,balance.csv,other_comprehensive_income,423914000.0,423914000.0,423914000.0,,identity_q1_or_ytd_diff,True,
601009.XSHG,balance,2019-12-31,2019q4,,contract_assets,balance.csv,contract_assets,,,,,identity_q1_or_ytd_diff,False,missing_raw_value
601009.XSHG,balance,2019-12-31,2019q4,,contract_liability,balance.csv,contract_liability,,,,,identity_q1_or_ytd_diff,False,missing_raw_value
601009.XSHG,balance,2019-12-31,2019q4,,usufruct_assets,balance.csv,usufruct_assets,,,,,identity_q1_or_ytd_diff,False,missing_raw_value
601009.XSHG,balance,2020-03-31,2020q1,,cash_equivalents,balance.csv,cash_equivalents,173525715000.0,173525715000.0,173525715000.0,,identity_q1_or_ytd_diff,True,
601009.XSHG,balance,2020-03-31,2020q1,,settlement_provi,balance.csv,settlement_provi,,,,,identity_q1_or_ytd_diff,False,missing_raw_value
601009.XSHG,balance,2020-03-31,2020q1,,lend_capital,balance.csv,lend_capital,8977666000.0,8977666000.0,8977666000.0,,identity_q1_or_ytd_diff,True,
601009.XSHG,balance,2020-03-31,2020q1,,trading_assets,balance.csv,trading_assets,172238670000.0,172238670000.0,172238670000.0,,identity_q1_or_ytd_diff,True,
601009.XSHG,balance,2020-03-31,2020q1,,bill_receivable,balance.csv,bill_receivable,,,,,identity_q1_or_ytd_diff,False,missing_raw_value
601009.XSHG,balance,2020-03-31,2020q1,,account_receivable,balance.csv,account_receivable,,,,,identity_q1_or_ytd_diff,False,missing_raw_value
601009.XSHG,balance,2020-03-31,2020q1,,advance_payment,balance.csv,advance_payment,,,,,identity_q1_or_ytd_diff,False,missing_raw_value
601009.XSHG,balance,2020-03-31,2020q1,,insurance_receivables,balance.csv,insurance_receivables,,,,,identity_q1_or_ytd_diff,False,missing_raw_value
601009.XSHG,balance,2020-03-31,2020q1,,interest_receivable,balance.csv,interest_receivable,,,,,identity_q1_or_ytd_diff,False,missing_raw_value
601009.XSHG,balance,2020-03-31,2020q1,,other_receivable,balance.csv,other_receivable,,,,,identity_q1_or_ytd_diff,False,missing_raw_value
601009.XSHG,balance,2020-03-31,2020q1,,bought_sellback_assets,balance.csv,bought_sellback_assets,21907008000.0,21907008000.0,21907008000.0,,identity_q1_or_ytd_diff,True,
601009.XSHG,balance,2020-03-31,2020q1,,inventories,balance.csv,inventories,,,,,identity_q1_or_ytd_diff,False,missing_raw_value
601009.XSHG,balance,2020-03-31,2020q1,,other_current_assets,balance.csv,other_current_assets,,,,,identity_q1_or_ytd_diff,False,missing_raw_value
601009.XSHG,balance,2020-03-31,2020q1,,total_current_assets,balance.csv,total_current_assets,,,,,identity_q1_or_ytd_diff,False,missing_raw_value
601009.XSHG,balance,2020-03-31,2020q1,,loan_and_advance,balance.csv,loan_and_advance,,,,,identity_q1_or_ytd_diff,False,missing_raw_value
601009.XSHG,balance,2020-03-31,2020q1,,hold_for_sale_assets,balance.csv,hold_for_sale_assets,,,,,identity_q1_or_ytd_diff,False,missing_raw_value
601009.XSHG,balance,2020-03-31,2020q1,,hold_to_maturity_investments,balance.csv,hold_to_maturity_investments,,,,,identity_q1_or_ytd_diff,False,missing_raw_value
601009.XSHG,balance,2020-03-31,2020q1,,longterm_equity_invest,balance.csv,longterm_equity_invest,5609476000.0,5609476000.0,5609476000.0,,identity_q1_or_ytd_diff,True,
601009.XSHG,balance,2020-03-31,2020q1,,investment_property,balance.csv,investment_property,14724000.0,14724000.0,14724000.0,,identity_q1_or_ytd_diff,True,
601009.XSHG,balance,2020-03-31,2020q1,,fixed_assets,balance.csv,fixed_assets,6119690000.0,6119690000.0,6119690000.0,,identity_q1_or_ytd_diff,True,
601009.XSHG,balance,2020-03-31,2020q1,,constru_in_process,balance.csv,constru_in_process,1684596000.0,1684596000.0,1684596000.0,,identity_q1_or_ytd_diff,True,
601009.XSHG,balance,2020-03-31,2020q1,,intangible_assets,balance.csv,intangible_assets,408736000.0,408736000.0,408736000.0,,identity_q1_or_ytd_diff,True,
601009.XSHG,balance,2020-03-31,2020q1,,good_will,balance.csv,good_will,,,,,identity_q1_or_ytd_diff,False,missing_raw_value
601009.XSHG,balance,2020-03-31,2020q1,,long_deferred_expense,balance.csv,long_deferred_expense,,,,,identity_q1_or_ytd_diff,False,missing_raw_value
601009.XSHG,balance,2020-03-31,2020q1,,deferred_tax_assets,balance.csv,deferred_tax_assets,5125156000.0,5125156000.0,5125156000.0,,identity_q1_or_ytd_diff,True,
601009.XSHG,balance,2020-03-31,2020q1,,other_non_current_assets,balance.csv,other_non_current_assets,,,,,identity_q1_or_ytd_diff,False,missing_raw_value
601009.XSHG,balance,2020-03-31,2020q1,,total_non_current_assets,balance.csv,total_non_current_assets,,,,,identity_q1_or_ytd_diff,False,missing_raw_value
601009.XSHG,balance,2020-03-31,2020q1,,total_assets,balance.csv,total_assets,1482118732000.0,1482118732000.0,1482118732000.0,,identity_q1_or_ytd_diff,True,
601009.XSHG,balance,2020-03-31,2020q1,,shortterm_loan,balance.csv,shortterm_loan,0.0,0.0,0.0,,identity_q1_or_ytd_diff,True,
601009.XSHG,balance,2020-03-31,2020q1,,borrowing_from_centralbank,balance.csv,borrowing_from_centralbank,112708662000.0,112708662000.0,112708662000.0,,identity_q1_or_ytd_diff,True,
601009.XSHG,balance,2020-03-31,2020q1,,deposit_in_interbank,balance.csv,deposit_in_interbank,981497146000.0,981497146000.0,981497146000.0,,identity_q1_or_ytd_diff,True,
601009.XSHG,balance,2020-03-31,2020q1,,borrowing_capital,balance.csv,borrowing_capital,14465344000.0,14465344000.0,14465344000.0,,identity_q1_or_ytd_diff,True,
601009.XSHG,balance,2020-03-31,2020q1,,trading_liability,balance.csv,trading_liability,6103730000.0,6103730000.0,6103730000.0,,identity_q1_or_ytd_diff,True,
601009.XSHG,balance,2020-03-31,2020q1,,notes_payable,balance.csv,notes_payable,,,,,identity_q1_or_ytd_diff,False,missing_raw_value
601009.XSHG,balance,2020-03-31,2020q1,,accounts_payable,balance.csv,accounts_payable,,,,,identity_q1_or_ytd_diff,False,missing_raw_value
601009.XSHG,balance,2020-03-31,2020q1,,advance_peceipts,balance.csv,advance_peceipts,,,,,identity_q1_or_ytd_diff,False,missing_raw_value
601009.XSHG,balance,2020-03-31,2020q1,,sold_buyback_secu_proceeds,balance.csv,sold_buyback_secu_proceeds,11180730000.0,11180730000.0,11180730000.0,,identity_q1_or_ytd_diff,True,
601009.XSHG,balance,2020-03-31,2020q1,,commission_payable,balance.csv,commission_payable,,,,,identity_q1_or_ytd_diff,False,missing_raw_value
601009.XSHG,balance,2020-03-31,2020q1,,salaries_payable,balance.csv,salaries_payable,3500848000.0,3500848000.0,3500848000.0,,identity_q1_or_ytd_diff,True,
601009.XSHG,balance,2020-03-31,2020q1,,taxs_payable,balance.csv,taxs_payable,2617149000.0,2617149000.0,2617149000.0,,identity_q1_or_ytd_diff,True,
601009.XSHG,balance,2020-03-31,2020q1,,interest_payable,balance.csv,interest_payable,,,,,identity_q1_or_ytd_diff,False,missing_raw_value
601009.XSHG,balance,2020-03-31,2020q1,,other_payable,balance.csv,other_payable,,,,,identity_q1_or_ytd_diff,False,missing_raw_value
601009.XSHG,balance,2020-03-31,2020q1,,insurance_contract_reserves,balance.csv,insurance_contract_reserves,0.0,0.0,0.0,,identity_q1_or_ytd_diff,True,
601009.XSHG,balance,2020-03-31,2020q1,,proxy_secu_proceeds,balance.csv,proxy_secu_proceeds,,,,,identity_q1_or_ytd_diff,False,missing_raw_value
601009.XSHG,balance,2020-03-31,2020q1,,non_current_liability_in_one_year,balance.csv,non_current_liability_in_one_year,,,,,identity_q1_or_ytd_diff,False,missing_raw_value
601009.XSHG,balance,2020-03-31,2020q1,,other_current_liability,balance.csv,other_current_liability,,,,,identity_q1_or_ytd_diff,False,missing_raw_value
601009.XSHG,balance,2020-03-31,2020q1,,total_current_liability,balance.csv,total_current_liability,,,,,identity_q1_or_ytd_diff,False,missing_raw_value
601009.XSHG,balance,2020-03-31,2020q1,,longterm_loan,balance.csv,longterm_loan,,,,,identity_q1_or_ytd_diff,False,missing_raw_value
601009.XSHG,balance,2020-03-31,2020q1,,bonds_payable,balance.csv,bonds_payable,227063169000.0,227063169000.0,227063169000.0,,identity_q1_or_ytd_diff,True,
601009.XSHG,balance,2020-03-31,2020q1,,estimate_liability,balance.csv,estimate_liability,1950175000.0,1950175000.0,1950175000.0,,identity_q1_or_ytd_diff,True,
601009.XSHG,balance,2020-03-31,2020q1,,deferred_tax_liability,balance.csv,deferred_tax_liability,,,,,identity_q1_or_ytd_diff,False,missing_raw_value
601009.XSHG,balance,2020-03-31,2020q1,,other_non_current_liability,balance.csv,other_non_current_liability,,,,,identity_q1_or_ytd_diff,False,missing_raw_value
601009.XSHG,balance,2020-03-31,2020q1,,total_non_current_liability,balance.csv,total_non_current_liability,,,,,identity_q1_or_ytd_diff,False,missing_raw_value
601009.XSHG,balance,2020-03-31,2020q1,,total_liability,balance.csv,total_liability,1390046485000.0,1390046485000.0,1390046485000.0,,identity_q1_or_ytd_diff,True,
601009.XSHG,balance,2020-03-31,2020q1,,paidin_capital,balance.csv,paidin_capital,8482208000.0,8482208000.0,8482208000.0,,identity_q1_or_ytd_diff,True,
601009.XSHG,balance,2020-03-31,2020q1,,capital_reserve_fund,balance.csv,capital_reserve_fund,13242211000.0,13242211000.0,13242211000.0,,identity_q1_or_ytd_diff,True,
601009.XSHG,balance,2020-03-31,2020q1,,treasury_stock,balance.csv,treasury_stock,,,,,identity_q1_or_ytd_diff,False,missing_raw_value
601009.XSHG,balance,2020-03-31,2020q1,,surplus_reserve_fund,balance.csv,surplus_reserve_fund,6114739000.0,6114739000.0,6114739000.0,,identity_q1_or_ytd_diff,True,
601009.XSHG,balance,2020-03-31,2020q1,,ordinary_risk_reserve_fund,balance.csv,ordinary_risk_reserve_fund,14063561000.0,14063561000.0,14063561000.0,,identity_q1_or_ytd_diff,True,
601009.XSHG,balance,2020-03-31,2020q1,,retained_profit,balance.csv,retained_profit,38454677000.0,38454677000.0,38454677000.0,,identity_q1_or_ytd_diff,True,
601009.XSHG,balance,2020-03-31,2020q1,,equities_parent_company_owners,balance.csv,equities_parent_company_owners,90994385000.0,90994385000.0,90994385000.0,,identity_q1_or_ytd_diff,True,
601009.XSHG,balance,2020-03-31,2020q1,,minority_interests,balance.csv,minority_interests,1077862000.0,1077862000.0,1077862000.0,,identity_q1_or_ytd_diff,True,
601009.XSHG,balance,2020-03-31,2020q1,,total_owner_equities,balance.csv,total_owner_equities,92072247000.0,92072247000.0,92072247000.0,,identity_q1_or_ytd_diff,True,
601009.XSHG,balance,2020-03-31,2020q1,,other_comprehensive_income,balance.csv,other_comprehensive_income,787176000.0,787176000.0,787176000.0,,identity_q1_or_ytd_diff,True,
601009.XSHG,balance,2020-03-31,2020q1,,contract_assets,balance.csv,contract_assets,,,,,identity_q1_or_ytd_diff,False,missing_raw_value
601009.XSHG,balance,2020-03-31,2020q1,,contract_liability,balance.csv,contract_liability,,,,,identity_q1_or_ytd_diff,False,missing_raw_value
601009.XSHG,balance,2020-03-31,2020q1,,usufruct_assets,balance.csv,usufruct_assets,,,,,identity_q1_or_ytd_diff,False,missing_raw_value
601009.XSHG,balance,2020-06-30,2020q2,,cash_equivalents,balance.csv,cash_equivalents,105592037000.0,105592037000.0,105592037000.0,,identity_q1_or_ytd_diff,True,
601009.XSHG,balance,2020-06-30,2020q2,,settlement_provi,balance.csv,settlement_provi,,,,,identity_q1_or_ytd_diff,False,missing_raw_value
601009.XSHG,balance,2020-06-30,2020q2,,lend_capital,balance.csv,lend_capital,9644187000.0,9644187000.0,9644187000.0,,identity_q1_or_ytd_diff,True,
601009.XSHG,balance,2020-06-30,2020q2,,trading_assets,balance.csv,trading_assets,194870960000.0,194870960000.0,194870960000.0,,identity_q1_or_ytd_diff,True,
601009.XSHG,balance,2020-06-30,2020q2,,bill_receivable,balance.csv,bill_receivable,,,,,identity_q1_or_ytd_diff,False,missing_raw_value
601009.XSHG,balance,2020-06-30,2020q2,,account_receivable,balance.csv,account_receivable,,,,,identity_q1_or_ytd_diff,False,missing_raw_value
601009.XSHG,balance,2020-06-30,2020q2,,advance_payment,balance.csv,advance_payment,,,,,identity_q1_or_ytd_diff,False,missing_raw_value
601009.XSHG,balance,2020-06-30,2020q2,,insurance_receivables,balance.csv,insurance_receivables,,,,,identity_q1_or_ytd_diff,False,missing_raw_value
601009.XSHG,balance,2020-06-30,2020q2,,interest_receivable,balance.csv,interest_receivable,,,,,identity_q1_or_ytd_diff,False,missing_raw_value
601009.XSHG,balance,2020-06-30,2020q2,,other_receivable,balance.csv,other_receivable,,,,,identity_q1_or_ytd_diff,False,missing_raw_value
601009.XSHG,balance,2020-06-30,2020q2,,bought_sellback_assets,balance.csv,bought_sellback_assets,33775560000.0,33775560000.0,33775560000.0,,identity_q1_or_ytd_diff,True,
601009.XSHG,balance,2020-06-30,2020q2,,inventories,balance.csv,inventories,,,,,identity_q1_or_ytd_diff,False,missing_raw_value
601009.XSHG,balance,2020-06-30,2020q2,,other_current_assets,balance.csv,other_current_assets,,,,,identity_q1_or_ytd_diff,False,missing_raw_value
601009.XSHG,balance,2020-06-30,2020q2,,total_current_assets,balance.csv,total_current_assets,,,,,identity_q1_or_ytd_diff,False,missing_raw_value
601009.XSHG,balance,2020-06-30,2020q2,,loan_and_advance,balance.csv,loan_and_advance,,,,,identity_q1_or_ytd_diff,False,missing_raw_value
601009.XSHG,balance,2020-06-30,2020q2,,hold_for_sale_assets,balance.csv,hold_for_sale_assets,,,,,identity_q1_or_ytd_diff,False,missing_raw_value
601009.XSHG,balance,2020-06-30,2020q2,,hold_to_maturity_investments,balance.csv,hold_to_maturity_investments,,,,,identity_q1_or_ytd_diff,False,missing_raw_value
601009.XSHG,balance,2020-06-30,2020q2,,longterm_equity_invest,balance.csv,longterm_equity_invest,5597603000.0,5597603000.0,5597603000.0,,identity_q1_or_ytd_diff,True,
601009.XSHG,balance,2020-06-30,2020q2,,investment_property,balance.csv,investment_property,14426000.0,14426000.0,14426000.0,,identity_q1_or_ytd_diff,True,
601009.XSHG,balance,2020-06-30,2020q2,,fixed_assets,balance.csv,fixed_assets,6065362000.0,6065362000.0,6065362000.0,,identity_q1_or_ytd_diff,True,
601009.XSHG,balance,2020-06-30,2020q2,,constru_in_process,balance.csv,constru_in_process,1700151000.0,1700151000.0,1700151000.0,,identity_q1_or_ytd_diff,True,
601009.XSHG,balance,2020-06-30,2020q2,,intangible_assets,balance.csv,intangible_assets,418598000.0,418598000.0,418598000.0,,identity_q1_or_ytd_diff,True,
601009.XSHG,balance,2020-06-30,2020q2,,good_will,balance.csv,good_will,,,,,identity_q1_or_ytd_diff,False,missing_raw_value
601009.XSHG,balance,2020-06-30,2020q2,,long_deferred_expense,balance.csv,long_deferred_expense,,,,,identity_q1_or_ytd_diff,False,missing_raw_value
601009.XSHG,balance,2020-06-30,2020q2,,deferred_tax_assets,balance.csv,deferred_tax_assets,5590545000.0,5590545000.0,5590545000.0,,identity_q1_or_ytd_diff,True,
601009.XSHG,balance,2020-06-30,2020q2,,other_non_current_assets,balance.csv,other_non_current_assets,,,,,identity_q1_or_ytd_diff,False,missing_raw_value
601009.XSHG,balance,2020-06-30,2020q2,,total_non_current_assets,balance.csv,total_non_current_assets,,,,,identity_q1_or_ytd_diff,False,missing_raw_value
601009.XSHG,balance,2020-06-30,2020q2,,total_assets,balance.csv,total_assets,1464959067000.0,1464959067000.0,1464959067000.0,,identity_q1_or_ytd_diff,True,
601009.XSHG,balance,2020-06-30,2020q2,,shortterm_loan,balance.csv,shortterm_loan,0.0,0.0,0.0,,identity_q1_or_ytd_diff,True,
601009.XSHG,balance,2020-06-30,2020q2,,borrowing_from_centralbank,balance.csv,borrowing_from_centralbank,92217764000.0,92217764000.0,92217764000.0,,identity_q1_or_ytd_diff,True,
601009.XSHG,balance,2020-06-30,2020q2,,deposit_in_interbank,balance.csv,deposit_in_interbank,1003795454000.0,1003795454000.0,1003795454000.0,,identity_q1_or_ytd_diff,True,
601009.XSHG,balance,2020-06-30,2020q2,,borrowing_capital,balance.csv,borrowing_capital,19108992000.0,19108992000.0,19108992000.0,,identity_q1_or_ytd_diff,True,
601009.XSHG,balance,2020-06-30,2020q2,,trading_liability,balance.csv,trading_liability,5726931000.0,5726931000.0,5726931000.0,,identity_q1_or_ytd_diff,True,
601009.XSHG,balance,2020-06-30,2020q2,,notes_payable,balance.csv,notes_payable,,,,,identity_q1_or_ytd_diff,False,missing_raw_value
601009.XSHG,balance,2020-06-30,2020q2,,accounts_payable,balance.csv,accounts_payable,,,,,identity_q1_or_ytd_diff,False,missing_raw_value
601009.XSHG,balance,2020-06-30,2020q2,,advance_peceipts,balance.csv,advance_peceipts,,,,,identity_q1_or_ytd_diff,False,missing_raw_value
601009.XSHG,balance,2020-06-30,2020q2,,sold_buyback_secu_proceeds,balance.csv,sold_buyback_secu_proceeds,15015787000.0,15015787000.0,15015787000.0,,identity_q1_or_ytd_diff,True,
601009.XSHG,balance,2020-06-30,2020q2,,commission_payable,balance.csv,commission_payable,,,,,identity_q1_or_ytd_diff,False,missing_raw_value
601009.XSHG,balance,2020-06-30,2020q2,,salaries_payable,balance.csv,salaries_payable,3381450000.0,3381450000.0,3381450000.0,,identity_q1_or_ytd_diff,True,
601009.XSHG,balance,2020-06-30,2020q2,,taxs_payable,balance.csv,taxs_payable,2138928000.0,2138928000.0,2138928000.0,,identity_q1_or_ytd_diff,True,
601009.XSHG,balance,2020-06-30,2020q2,,interest_payable,balance.csv,interest_payable,,,,,identity_q1_or_ytd_diff,False,missing_raw_value
601009.XSHG,balance,2020-06-30,2020q2,,other_payable,balance.csv,other_payable,,,,,identity_q1_or_ytd_diff,False,missing_raw_value
601009.XSHG,balance,2020-06-30,2020q2,,insurance_contract_reserves,balance.csv,insurance_contract_reserves,0.0,0.0,0.0,,identity_q1_or_ytd_diff,True,
601009.XSHG,balance,2020-06-30,2020q2,,proxy_secu_proceeds,balance.csv,proxy_secu_proceeds,,,,,identity_q1_or_ytd_diff,False,missing_raw_value
601009.XSHG,balance,2020-06-30,2020q2,,non_current_liability_in_one_year,balance.csv,non_current_liability_in_one_year,,,,,identity_q1_or_ytd_diff,False,missing_raw_value
601009.XSHG,balance,2020-06-30,2020q2,,other_current_liability,balance.csv,other_current_liability,,,,,identity_q1_or_ytd_diff,False,missing_raw_value
601009.XSHG,balance,2020-06-30,2020q2,,total_current_liability,balance.csv,total_current_liability,,,,,identity_q1_or_ytd_diff,False,missing_raw_value
601009.XSHG,balance,2020-06-30,2020q2,,longterm_loan,balance.csv,longterm_loan,,,,,identity_q1_or_ytd_diff,False,missing_raw_value
601009.XSHG,balance,2020-06-30,2020q2,,bonds_payable,balance.csv,bonds_payable,196705203000.0,196705203000.0,196705203000.0,,identity_q1_or_ytd_diff,True,
601009.XSHG,balance,2020-06-30,2020q2,,estimate_liability,balance.csv,estimate_liability,1732677000.0,1732677000.0,1732677000.0,,identity_q1_or_ytd_diff,True,
601009.XSHG,balance,2020-06-30,2020q2,,deferred_tax_liability,balance.csv,deferred_tax_liability,,,,,identity_q1_or_ytd_diff,False,missing_raw_value
601009.XSHG,balance,2020-06-30,2020q2,,other_non_current_liability,balance.csv,other_non_current_liability,,,,,identity_q1_or_ytd_diff,False,missing_raw_value
601009.XSHG,balance,2020-06-30,2020q2,,total_non_current_liability,balance.csv,total_non_current_liability,,,,,identity_q1_or_ytd_diff,False,missing_raw_value
601009.XSHG,balance,2020-06-30,2020q2,,total_liability,balance.csv,total_liability,1362358486000.0,1362358486000.0,1362358486000.0,,identity_q1_or_ytd_diff,True,
601009.XSHG,balance,2020-06-30,2020q2,,paidin_capital,balance.csv,paidin_capital,10007017000.0,10007017000.0,10007017000.0,,identity_q1_or_ytd_diff,True,
601009.XSHG,balance,2020-06-30,2020q2,,capital_reserve_fund,balance.csv,capital_reserve_fund,23289389000.0,23289389000.0,23289389000.0,,identity_q1_or_ytd_diff,True,
601009.XSHG,balance,2020-06-30,2020q2,,treasury_stock,balance.csv,treasury_stock,,,,,identity_q1_or_ytd_diff,False,missing_raw_value
601009.XSHG,balance,2020-06-30,2020q2,,surplus_reserve_fund,balance.csv,surplus_reserve_fund,7348462000.0,7348462000.0,7348462000.0,,identity_q1_or_ytd_diff,True,
601009.XSHG,balance,2020-06-30,2020q2,,ordinary_risk_reserve_fund,balance.csv,ordinary_risk_reserve_fund,14074235000.0,14074235000.0,14074235000.0,,identity_q1_or_ytd_diff,True,
601009.XSHG,balance,2020-06-30,2020q2,,retained_profit,balance.csv,retained_profit,36758124000.0,36758124000.0,36758124000.0,,identity_q1_or_ytd_diff,True,
601009.XSHG,balance,2020-06-30,2020q2,,equities_parent_company_owners,balance.csv,equities_parent_company_owners,101504171000.0,101504171000.0,101504171000.0,,identity_q1_or_ytd_diff,True,
601009.XSHG,balance,2020-06-30,2020q2,,minority_interests,balance.csv,minority_interests,1096410000.0,1096410000.0,1096410000.0,,identity_q1_or_ytd_diff,True,
601009.XSHG,balance,2020-06-30,2020q2,,total_owner_equities,balance.csv,total_owner_equities,102600581000.0,102600581000.0,102600581000.0,,identity_q1_or_ytd_diff,True,
601009.XSHG,balance,2020-06-30,2020q2,,other_comprehensive_income,balance.csv,other_comprehensive_income,177131000.0,177131000.0,177131000.0,,identity_q1_or_ytd_diff,True,
601009.XSHG,balance,2020-06-30,2020q2,,contract_assets,balance.csv,contract_assets,,,,,identity_q1_or_ytd_diff,False,missing_raw_value
601009.XSHG,balance,2020-06-30,2020q2,,contract_liability,balance.csv,contract_liability,,,,,identity_q1_or_ytd_diff,False,missing_raw_value
601009.XSHG,balance,2020-06-30,2020q2,,usufruct_assets,balance.csv,usufruct_assets,,,,,identity_q1_or_ytd_diff,False,missing_raw_value
601009.XSHG,balance,2020-09-30,2020q3,,cash_equivalents,balance.csv,cash_equivalents,105708229000.0,105708229000.0,105708229000.0,,identity_q1_or_ytd_diff,True,
601009.XSHG,balance,2020-09-30,2020q3,,settlement_provi,balance.csv,settlement_provi,,,,,identity_q1_or_ytd_diff,False,missing_raw_value
601009.XSHG,balance,2020-09-30,2020q3,,lend_capital,balance.csv,lend_capital,10329747000.0,10329747000.0,10329747000.0,,identity_q1_or_ytd_diff,True,
601009.XSHG,balance,2020-09-30,2020q3,,trading_assets,balance.csv,trading_assets,183097048000.0,183097048000.0,183097048000.0,,identity_q1_or_ytd_diff,True,
601009.XSHG,balance,2020-09-30,2020q3,,bill_receivable,balance.csv,bill_receivable,,,,,identity_q1_or_ytd_diff,False,missing_raw_value
601009.XSHG,balance,2020-09-30,2020q3,,account_receivable,balance.csv,account_receivable,,,,,identity_q1_or_ytd_diff,False,missing_raw_value
601009.XSHG,balance,2020-09-30,2020q3,,advance_payment,balance.csv,advance_payment,,,,,identity_q1_or_ytd_diff,False,missing_raw_value
601009.XSHG,balance,2020-09-30,2020q3,,insurance_receivables,balance.csv,insurance_receivables,,,,,identity_q1_or_ytd_diff,False,missing_raw_value
601009.XSHG,balance,2020-09-30,2020q3,,interest_receivable,balance.csv,interest_receivable,,,,,identity_q1_or_ytd_diff,False,missing_raw_value
601009.XSHG,balance,2020-09-30,2020q3,,other_receivable,balance.csv,other_receivable,,,,,identity_q1_or_ytd_diff,False,missing_raw_value
601009.XSHG,balance,2020-09-30,2020q3,,bought_sellback_assets,balance.csv,bought_sellback_assets,24764387000.0,24764387000.0,24764387000.0,,identity_q1_or_ytd_diff,True,
601009.XSHG,balance,2020-09-30,2020q3,,inventories,balance.csv,inventories,,,,,identity_q1_or_ytd_diff,False,missing_raw_value
601009.XSHG,balance,2020-09-30,2020q3,,other_current_assets,balance.csv,other_current_assets,,,,,identity_q1_or_ytd_diff,False,missing_raw_value
601009.XSHG,balance,2020-09-30,2020q3,,total_current_assets,balance.csv,total_current_assets,,,,,identity_q1_or_ytd_diff,False,missing_raw_value
601009.XSHG,balance,2020-09-30,2020q3,,loan_and_advance,balance.csv,loan_and_advance,,,,,identity_q1_or_ytd_diff,False,missing_raw_value
601009.XSHG,balance,2020-09-30,2020q3,,hold_for_sale_assets,balance.csv,hold_for_sale_assets,,,,,identity_q1_or_ytd_diff,False,missing_raw_value
601009.XSHG,balance,2020-09-30,2020q3,,hold_to_maturity_investments,balance.csv,hold_to_maturity_investments,,,,,identity_q1_or_ytd_diff,False,missing_raw_value
601009.XSHG,balance,2020-09-30,2020q3,,longterm_equity_invest,balance.csv,longterm_equity_invest,5618512000.0,5618512000.0,5618512000.0,,identity_q1_or_ytd_diff,True,
601009.XSHG,balance,2020-09-30,2020q3,,investment_property,balance.csv,investment_property,14128000.0,14128000.0,14128000.0,,identity_q1_or_ytd_diff,True,
601009.XSHG,balance,2020-09-30,2020q3,,fixed_assets,balance.csv,fixed_assets,5964724000.0,5964724000.0,5964724000.0,,identity_q1_or_ytd_diff,True,
601009.XSHG,balance,2020-09-30,2020q3,,constru_in_process,balance.csv,constru_in_process,1974256000.0,1974256000.0,1974256000.0,,identity_q1_or_ytd_diff,True,
601009.XSHG,balance,2020-09-30,2020q3,,intangible_assets,balance.csv,intangible_assets,404068000.0,404068000.0,404068000.0,,identity_q1_or_ytd_diff,True,
601009.XSHG,balance,2020-09-30,2020q3,,good_will,balance.csv,good_will,,,,,identity_q1_or_ytd_diff,False,missing_raw_value
601009.XSHG,balance,2020-09-30,2020q3,,long_deferred_expense,balance.csv,long_deferred_expense,,,,,identity_q1_or_ytd_diff,False,missing_raw_value
601009.XSHG,balance,2020-09-30,2020q3,,deferred_tax_assets,balance.csv,deferred_tax_assets,5775147000.0,5775147000.0,5775147000.0,,identity_q1_or_ytd_diff,True,
601009.XSHG,balance,2020-09-30,2020q3,,other_non_current_assets,balance.csv,other_non_current_assets,,,,,identity_q1_or_ytd_diff,False,missing_raw_value
601009.XSHG,balance,2020-09-30,2020q3,,total_non_current_assets,balance.csv,total_non_current_assets,,,,,identity_q1_or_ytd_diff,False,missing_raw_value
601009.XSHG,balance,2020-09-30,2020q3,,total_assets,balance.csv,total_assets,1495103235000.0,1495103235000.0,1495103235000.0,,identity_q1_or_ytd_diff,True,
601009.XSHG,balance,2020-09-30,2020q3,,shortterm_loan,balance.csv,shortterm_loan,0.0,0.0,0.0,,identity_q1_or_ytd_diff,True,
601009.XSHG,balance,2020-09-30,2020q3,,borrowing_from_centralbank,balance.csv,borrowing_from_centralbank,95177968000.0,95177968000.0,95177968000.0,,identity_q1_or_ytd_diff,True,
601009.XSHG,balance,2020-09-30,2020q3,,deposit_in_interbank,balance.csv,deposit_in_interbank,997658790000.0,997658790000.0,997658790000.0,,identity_q1_or_ytd_diff,True,
601009.XSHG,balance,2020-09-30,2020q3,,borrowing_capital,balance.csv,borrowing_capital,14793547000.0,14793547000.0,14793547000.0,,identity_q1_or_ytd_diff,True,
601009.XSHG,balance,2020-09-30,2020q3,,trading_liability,balance.csv,trading_liability,3617799000.0,3617799000.0,3617799000.0,,identity_q1_or_ytd_diff,True,
601009.XSHG,balance,2020-09-30,2020q3,,notes_payable,balance.csv,notes_payable,,,,,identity_q1_or_ytd_diff,False,missing_raw_value
601009.XSHG,balance,2020-09-30,2020q3,,accounts_payable,balance.csv,accounts_payable,,,,,identity_q1_or_ytd_diff,False,missing_raw_value
601009.XSHG,balance,2020-09-30,2020q3,,advance_peceipts,balance.csv,advance_peceipts,,,,,identity_q1_or_ytd_diff,False,missing_raw_value
601009.XSHG,balance,2020-09-30,2020q3,,sold_buyback_secu_proceeds,balance.csv,sold_buyback_secu_proceeds,23607653000.0,23607653000.0,23607653000.0,,identity_q1_or_ytd_diff,True,
601009.XSHG,balance,2020-09-30,2020q3,,commission_payable,balance.csv,commission_payable,,,,,identity_q1_or_ytd_diff,False,missing_raw_value
601009.XSHG,balance,2020-09-30,2020q3,,salaries_payable,balance.csv,salaries_payable,3720363000.0,3720363000.0,3720363000.0,,identity_q1_or_ytd_diff,True,
601009.XSHG,balance,2020-09-30,2020q3,,taxs_payable,balance.csv,taxs_payable,2033500000.0,2033500000.0,2033500000.0,,identity_q1_or_ytd_diff,True,
601009.XSHG,balance,2020-09-30,2020q3,,interest_payable,balance.csv,interest_payable,,,,,identity_q1_or_ytd_diff,False,missing_raw_value
601009.XSHG,balance,2020-09-30,2020q3,,other_payable,balance.csv,other_payable,,,,,identity_q1_or_ytd_diff,False,missing_raw_value
601009.XSHG,balance,2020-09-30,2020q3,,insurance_contract_reserves,balance.csv,insurance_contract_reserves,0.0,0.0,0.0,,identity_q1_or_ytd_diff,True,
601009.XSHG,balance,2020-09-30,2020q3,,proxy_secu_proceeds,balance.csv,proxy_secu_proceeds,,,,,identity_q1_or_ytd_diff,False,missing_raw_value
601009.XSHG,balance,2020-09-30,2020q3,,non_current_liability_in_one_year,balance.csv,non_current_liability_in_one_year,,,,,identity_q1_or_ytd_diff,False,missing_raw_value
601009.XSHG,balance,2020-09-30,2020q3,,other_current_liability,balance.csv,other_current_liability,,,,,identity_q1_or_ytd_diff,False,missing_raw_value
601009.XSHG,balance,2020-09-30,2020q3,,total_current_liability,balance.csv,total_current_liability,,,,,identity_q1_or_ytd_diff,False,missing_raw_value
601009.XSHG,balance,2020-09-30,2020q3,,longterm_loan,balance.csv,longterm_loan,,,,,identity_q1_or_ytd_diff,False,missing_raw_value
601009.XSHG,balance,2020-09-30,2020q3,,bonds_payable,balance.csv,bonds_payable,228111273000.0,228111273000.0,228111273000.0,,identity_q1_or_ytd_diff,True,
601009.XSHG,balance,2020-09-30,2020q3,,estimate_liability,balance.csv,estimate_liability,1682307000.0,1682307000.0,1682307000.0,,identity_q1_or_ytd_diff,True,
601009.XSHG,balance,2020-09-30,2020q3,,deferred_tax_liability,balance.csv,deferred_tax_liability,,,,,identity_q1_or_ytd_diff,False,missing_raw_value
601009.XSHG,balance,2020-09-30,2020q3,,other_non_current_liability,balance.csv,other_non_current_liability,,,,,identity_q1_or_ytd_diff,False,missing_raw_value
601009.XSHG,balance,2020-09-30,2020q3,,total_non_current_liability,balance.csv,total_non_current_liability,,,,,identity_q1_or_ytd_diff,False,missing_raw_value
601009.XSHG,balance,2020-09-30,2020q3,,total_liability,balance.csv,total_liability,1390265247000.0,1390265247000.0,1390265247000.0,,identity_q1_or_ytd_diff,True,
601009.XSHG,balance,2020-09-30,2020q3,,paidin_capital,balance.csv,paidin_capital,10007017000.0,10007017000.0,10007017000.0,,identity_q1_or_ytd_diff,True,
601009.XSHG,balance,2020-09-30,2020q3,,capital_reserve_fund,balance.csv,capital_reserve_fund,23287344000.0,23287344000.0,23287344000.0,,identity_q1_or_ytd_diff,True,
601009.XSHG,balance,2020-09-30,2020q3,,treasury_stock,balance.csv,treasury_stock,,,,,identity_q1_or_ytd_diff,False,missing_raw_value
601009.XSHG,balance,2020-09-30,2020q3,,surplus_reserve_fund,balance.csv,surplus_reserve_fund,7348462000.0,7348462000.0,7348462000.0,,identity_q1_or_ytd_diff,True,
601009.XSHG,balance,2020-09-30,2020q3,,ordinary_risk_reserve_fund,balance.csv,ordinary_risk_reserve_fund,14081921000.0,14081921000.0,14081921000.0,,identity_q1_or_ytd_diff,True,
601009.XSHG,balance,2020-09-30,2020q3,,retained_profit,balance.csv,retained_profit,39422140000.0,39422140000.0,39422140000.0,,identity_q1_or_ytd_diff,True,
601009.XSHG,balance,2020-09-30,2020q3,,equities_parent_company_owners,balance.csv,equities_parent_company_owners,103678897000.0,103678897000.0,103678897000.0,,identity_q1_or_ytd_diff,True,
601009.XSHG,balance,2020-09-30,2020q3,,minority_interests,balance.csv,minority_interests,1159091000.0,1159091000.0,1159091000.0,,identity_q1_or_ytd_diff,True,
601009.XSHG,balance,2020-09-30,2020q3,,total_owner_equities,balance.csv,total_owner_equities,104837988000.0,104837988000.0,104837988000.0,,identity_q1_or_ytd_diff,True,
601009.XSHG,balance,2020-09-30,2020q3,,other_comprehensive_income,balance.csv,other_comprehensive_income,-317800000.0,-317800000.0,-317800000.0,,identity_q1_or_ytd_diff,True,
601009.XSHG,balance,2020-09-30,2020q3,,contract_assets,balance.csv,contract_assets,,,,,identity_q1_or_ytd_diff,False,missing_raw_value
601009.XSHG,balance,2020-09-30,2020q3,,contract_liability,balance.csv,contract_liability,,,,,identity_q1_or_ytd_diff,False,missing_raw_value
601009.XSHG,balance,2020-09-30,2020q3,,usufruct_assets,balance.csv,usufruct_assets,,,,,identity_q1_or_ytd_diff,False,missing_raw_value
601009.XSHG,balance,2020-12-31,2020q4,,cash_equivalents,balance.csv,cash_equivalents,114964309000.0,114964309000.0,114964309000.0,,identity_q1_or_ytd_diff,True,
601009.XSHG,balance,2020-12-31,2020q4,,settlement_provi,balance.csv,settlement_provi,,,,,identity_q1_or_ytd_diff,False,missing_raw_value
601009.XSHG,balance,2020-12-31,2020q4,,lend_capital,balance.csv,lend_capital,12689235000.0,12689235000.0,12689235000.0,,identity_q1_or_ytd_diff,True,
601009.XSHG,balance,2020-12-31,2020q4,,trading_assets,balance.csv,trading_assets,162829733000.0,162829733000.0,162829733000.0,,identity_q1_or_ytd_diff,True,
601009.XSHG,balance,2020-12-31,2020q4,,bill_receivable,balance.csv,bill_receivable,,,,,identity_q1_or_ytd_diff,False,missing_raw_value
601009.XSHG,balance,2020-12-31,2020q4,,account_receivable,balance.csv,account_receivable,,,,,identity_q1_or_ytd_diff,False,missing_raw_value
601009.XSHG,balance,2020-12-31,2020q4,,advance_payment,balance.csv,advance_payment,,,,,identity_q1_or_ytd_diff,False,missing_raw_value
601009.XSHG,balance,2020-12-31,2020q4,,insurance_receivables,balance.csv,insurance_receivables,,,,,identity_q1_or_ytd_diff,False,missing_raw_value
601009.XSHG,balance,2020-12-31,2020q4,,interest_receivable,balance.csv,interest_receivable,,,,,identity_q1_or_ytd_diff,False,missing_raw_value
601009.XSHG,balance,2020-12-31,2020q4,,other_receivable,balance.csv,other_receivable,,,,,identity_q1_or_ytd_diff,False,missing_raw_value
601009.XSHG,balance,2020-12-31,2020q4,,bought_sellback_assets,balance.csv,bought_sellback_assets,37546720000.0,37546720000.0,37546720000.0,,identity_q1_or_ytd_diff,True,
601009.XSHG,balance,2020-12-31,2020q4,,inventories,balance.csv,inventories,,,,,identity_q1_or_ytd_diff,False,missing_raw_value
601009.XSHG,balance,2020-12-31,2020q4,,other_current_assets,balance.csv,other_current_assets,,,,,identity_q1_or_ytd_diff,False,missing_raw_value
601009.XSHG,balance,2020-12-31,2020q4,,total_current_assets,balance.csv,total_current_assets,,,,,identity_q1_or_ytd_diff,False,missing_raw_value
601009.XSHG,balance,2020-12-31,2020q4,,loan_and_advance,balance.csv,loan_and_advance,,,,,identity_q1_or_ytd_diff,False,missing_raw_value
601009.XSHG,balance,2020-12-31,2020q4,,hold_for_sale_assets,balance.csv,hold_for_sale_assets,,,,,identity_q1_or_ytd_diff,False,missing_raw_value
601009.XSHG,balance,2020-12-31,2020q4,,hold_to_maturity_investments,balance.csv,hold_to_maturity_investments,,,,,identity_q1_or_ytd_diff,False,missing_raw_value
601009.XSHG,balance,2020-12-31,2020q4,,longterm_equity_invest,balance.csv,longterm_equity_invest,5760575000.0,5760575000.0,5760575000.0,,identity_q1_or_ytd_diff,True,
601009.XSHG,balance,2020-12-31,2020q4,,investment_property,balance.csv,investment_property,13831000.0,13831000.0,13831000.0,,identity_q1_or_ytd_diff,True,
601009.XSHG,balance,2020-12-31,2020q4,,fixed_assets,balance.csv,fixed_assets,5931288000.0,5931288000.0,5931288000.0,,identity_q1_or_ytd_diff,True,
601009.XSHG,balance,2020-12-31,2020q4,,constru_in_process,balance.csv,constru_in_process,2399822000.0,2399822000.0,2399822000.0,,identity_q1_or_ytd_diff,True,
601009.XSHG,balance,2020-12-31,2020q4,,intangible_assets,balance.csv,intangible_assets,474546000.0,474546000.0,474546000.0,,identity_q1_or_ytd_diff,True,
601009.XSHG,balance,2020-12-31,2020q4,,good_will,balance.csv,good_will,,,,,identity_q1_or_ytd_diff,False,missing_raw_value
601009.XSHG,balance,2020-12-31,2020q4,,long_deferred_expense,balance.csv,long_deferred_expense,,,,,identity_q1_or_ytd_diff,False,missing_raw_value
601009.XSHG,balance,2020-12-31,2020q4,,deferred_tax_assets,balance.csv,deferred_tax_assets,6239625000.0,6239625000.0,6239625000.0,,identity_q1_or_ytd_diff,True,
601009.XSHG,balance,2020-12-31,2020q4,,other_non_current_assets,balance.csv,other_non_current_assets,,,,,identity_q1_or_ytd_diff,False,missing_raw_value
601009.XSHG,balance,2020-12-31,2020q4,,total_non_current_assets,balance.csv,total_non_current_assets,,,,,identity_q1_or_ytd_diff,False,missing_raw_value
601009.XSHG,balance,2020-12-31,2020q4,,total_assets,balance.csv,total_assets,1517075765000.0,1517075765000.0,1517075765000.0,,identity_q1_or_ytd_diff,True,
601009.XSHG,balance,2020-12-31,2020q4,,shortterm_loan,balance.csv,shortterm_loan,0.0,0.0,0.0,,identity_q1_or_ytd_diff,True,
601009.XSHG,balance,2020-12-31,2020q4,,borrowing_from_centralbank,balance.csv,borrowing_from_centralbank,117195431000.0,117195431000.0,117195431000.0,,identity_q1_or_ytd_diff,True,
601009.XSHG,balance,2020-12-31,2020q4,,deposit_in_interbank,balance.csv,deposit_in_interbank,1018206621000.0,1018206621000.0,1018206621000.0,,identity_q1_or_ytd_diff,True,
601009.XSHG,balance,2020-12-31,2020q4,,borrowing_capital,balance.csv,borrowing_capital,16871035000.0,16871035000.0,16871035000.0,,identity_q1_or_ytd_diff,True,
601009.XSHG,balance,2020-12-31,2020q4,,trading_liability,balance.csv,trading_liability,3372439000.0,3372439000.0,3372439000.0,,identity_q1_or_ytd_diff,True,
601009.XSHG,balance,2020-12-31,2020q4,,notes_payable,balance.csv,notes_payable,,,,,identity_q1_or_ytd_diff,False,missing_raw_value
601009.XSHG,balance,2020-12-31,2020q4,,accounts_payable,balance.csv,accounts_payable,,,,,identity_q1_or_ytd_diff,False,missing_raw_value
601009.XSHG,balance,2020-12-31,2020q4,,advance_peceipts,balance.csv,advance_peceipts,,,,,identity_q1_or_ytd_diff,False,missing_raw_value
601009.XSHG,balance,2020-12-31,2020q4,,sold_buyback_secu_proceeds,balance.csv,sold_buyback_secu_proceeds,15517916000.0,15517916000.0,15517916000.0,,identity_q1_or_ytd_diff,True,
601009.XSHG,balance,2020-12-31,2020q4,,commission_payable,balance.csv,commission_payable,,,,,identity_q1_or_ytd_diff,False,missing_raw_value
601009.XSHG,balance,2020-12-31,2020q4,,salaries_payable,balance.csv,salaries_payable,4484942000.0,4484942000.0,4484942000.0,,identity_q1_or_ytd_diff,True,
601009.XSHG,balance,2020-12-31,2020q4,,taxs_payable,balance.csv,taxs_payable,2280099000.0,2280099000.0,2280099000.0,,identity_q1_or_ytd_diff,True,
601009.XSHG,balance,2020-12-31,2020q4,,interest_payable,balance.csv,interest_payable,,,,,identity_q1_or_ytd_diff,False,missing_raw_value
601009.XSHG,balance,2020-12-31,2020q4,,other_payable,balance.csv,other_payable,,,,,identity_q1_or_ytd_diff,False,missing_raw_value
601009.XSHG,balance,2020-12-31,2020q4,,insurance_contract_reserves,balance.csv,insurance_contract_reserves,0.0,0.0,0.0,,identity_q1_or_ytd_diff,True,
601009.XSHG,balance,2020-12-31,2020q4,,proxy_secu_proceeds,balance.csv,proxy_secu_proceeds,,,,,identity_q1_or_ytd_diff,False,missing_raw_value
601009.XSHG,balance,2020-12-31,2020q4,,non_current_liability_in_one_year,balance.csv,non_current_liability_in_one_year,,,,,identity_q1_or_ytd_diff,False,missing_raw_value
601009.XSHG,balance,2020-12-31,2020q4,,other_current_liability,balance.csv,other_current_liability,,,,,identity_q1_or_ytd_diff,False,missing_raw_value
601009.XSHG,balance,2020-12-31,2020q4,,total_current_liability,balance.csv,total_current_liability,,,,,identity_q1_or_ytd_diff,False,missing_raw_value
601009.XSHG,balance,2020-12-31,2020q4,,longterm_loan,balance.csv,longterm_loan,,,,,identity_q1_or_ytd_diff,False,missing_raw_value
601009.XSHG,balance,2020-12-31,2020q4,,bonds_payable,balance.csv,bonds_payable,205947619000.0,205947619000.0,205947619000.0,,identity_q1_or_ytd_diff,True,
601009.XSHG,balance,2020-12-31,2020q4,,estimate_liability,balance.csv,estimate_liability,1378097000.0,1378097000.0,1378097000.0,,identity_q1_or_ytd_diff,True,
601009.XSHG,balance,2020-12-31,2020q4,,deferred_tax_liability,balance.csv,deferred_tax_liability,,,,,identity_q1_or_ytd_diff,False,missing_raw_value
601009.XSHG,balance,2020-12-31,2020q4,,other_non_current_liability,balance.csv,other_non_current_liability,,,,,identity_q1_or_ytd_diff,False,missing_raw_value
601009.XSHG,balance,2020-12-31,2020q4,,total_non_current_liability,balance.csv,total_non_current_liability,,,,,identity_q1_or_ytd_diff,False,missing_raw_value
601009.XSHG,balance,2020-12-31,2020q4,,total_liability,balance.csv,total_liability,1409042793000.0,1409042793000.0,1409042793000.0,,identity_q1_or_ytd_diff,True,
601009.XSHG,balance,2020-12-31,2020q4,,paidin_capital,balance.csv,paidin_capital,10007017000.0,10007017000.0,10007017000.0,,identity_q1_or_ytd_diff,True,
601009.XSHG,balance,2020-12-31,2020q4,,capital_reserve_fund,balance.csv,capital_reserve_fund,23287344000.0,23287344000.0,23287344000.0,,identity_q1_or_ytd_diff,True,
601009.XSHG,balance,2020-12-31,2020q4,,treasury_stock,balance.csv,treasury_stock,,,,,identity_q1_or_ytd_diff,False,missing_raw_value
601009.XSHG,balance,2020-12-31,2020q4,,surplus_reserve_fund,balance.csv,surplus_reserve_fund,7348462000.0,7348462000.0,7348462000.0,,identity_q1_or_ytd_diff,True,
601009.XSHG,balance,2020-12-31,2020q4,,ordinary_risk_reserve_fund,balance.csv,ordinary_risk_reserve_fund,15421801000.0,15421801000.0,15421801000.0,,identity_q1_or_ytd_diff,True,
601009.XSHG,balance,2020-12-31,2020q4,,retained_profit,balance.csv,retained_profit,40870844000.0,40870844000.0,40870844000.0,,identity_q1_or_ytd_diff,True,
601009.XSHG,balance,2020-12-31,2020q4,,equities_parent_company_owners,balance.csv,equities_parent_company_owners,106876127000.0,106876127000.0,106876127000.0,,identity_q1_or_ytd_diff,True,
601009.XSHG,balance,2020-12-31,2020q4,,minority_interests,balance.csv,minority_interests,1156845000.0,1156845000.0,1156845000.0,,identity_q1_or_ytd_diff,True,
601009.XSHG,balance,2020-12-31,2020q4,,total_owner_equities,balance.csv,total_owner_equities,108032972000.0,108032972000.0,108032972000.0,,identity_q1_or_ytd_diff,True,
601009.XSHG,balance,2020-12-31,2020q4,,other_comprehensive_income,balance.csv,other_comprehensive_income,90846000.0,90846000.0,90846000.0,,identity_q1_or_ytd_diff,True,
601009.XSHG,balance,2020-12-31,2020q4,,contract_assets,balance.csv,contract_assets,,,,,identity_q1_or_ytd_diff,False,missing_raw_value
601009.XSHG,balance,2020-12-31,2020q4,,contract_liability,balance.csv,contract_liability,,,,,identity_q1_or_ytd_diff,False,missing_raw_value
601009.XSHG,balance,2020-12-31,2020q4,,usufruct_assets,balance.csv,usufruct_assets,,,,,identity_q1_or_ytd_diff,False,missing_raw_value
601009.XSHG,balance,2021-03-31,2021q1,,cash_equivalents,balance.csv,cash_equivalents,123152544000.0,123152544000.0,123152544000.0,,identity_q1_or_ytd_diff,True,
601009.XSHG,balance,2021-03-31,2021q1,,settlement_provi,balance.csv,settlement_provi,,,,,identity_q1_or_ytd_diff,False,missing_raw_value
601009.XSHG,balance,2021-03-31,2021q1,,lend_capital,balance.csv,lend_capital,13393680000.0,13393680000.0,13393680000.0,,identity_q1_or_ytd_diff,True,
601009.XSHG,balance,2021-03-31,2021q1,,trading_assets,balance.csv,trading_assets,195336473000.0,195336473000.0,195336473000.0,,identity_q1_or_ytd_diff,True,
601009.XSHG,balance,2021-03-31,2021q1,,bill_receivable,balance.csv,bill_receivable,,,,,identity_q1_or_ytd_diff,False,missing_raw_value
601009.XSHG,balance,2021-03-31,2021q1,,account_receivable,balance.csv,account_receivable,,,,,identity_q1_or_ytd_diff,False,missing_raw_value
601009.XSHG,balance,2021-03-31,2021q1,,advance_payment,balance.csv,advance_payment,,,,,identity_q1_or_ytd_diff,False,missing_raw_value
601009.XSHG,balance,2021-03-31,2021q1,,insurance_receivables,balance.csv,insurance_receivables,,,,,identity_q1_or_ytd_diff,False,missing_raw_value
601009.XSHG,balance,2021-03-31,2021q1,,interest_receivable,balance.csv,interest_receivable,,,,,identity_q1_or_ytd_diff,False,missing_raw_value
601009.XSHG,balance,2021-03-31,2021q1,,other_receivable,balance.csv,other_receivable,,,,,identity_q1_or_ytd_diff,False,missing_raw_value
601009.XSHG,balance,2021-03-31,2021q1,,bought_sellback_assets,balance.csv,bought_sellback_assets,23224557000.0,23224557000.0,23224557000.0,,identity_q1_or_ytd_diff,True,
601009.XSHG,balance,2021-03-31,2021q1,,inventories,balance.csv,inventories,,,,,identity_q1_or_ytd_diff,False,missing_raw_value
601009.XSHG,balance,2021-03-31,2021q1,,other_current_assets,balance.csv,other_current_assets,,,,,identity_q1_or_ytd_diff,False,missing_raw_value
601009.XSHG,balance,2021-03-31,2021q1,,total_current_assets,balance.csv,total_current_assets,,,,,identity_q1_or_ytd_diff,False,missing_raw_value
601009.XSHG,balance,2021-03-31,2021q1,,loan_and_advance,balance.csv,loan_and_advance,,,,,identity_q1_or_ytd_diff,False,missing_raw_value
601009.XSHG,balance,2021-03-31,2021q1,,hold_for_sale_assets,balance.csv,hold_for_sale_assets,,,,,identity_q1_or_ytd_diff,False,missing_raw_value
601009.XSHG,balance,2021-03-31,2021q1,,hold_to_maturity_investments,balance.csv,hold_to_maturity_investments,,,,,identity_q1_or_ytd_diff,False,missing_raw_value
601009.XSHG,balance,2021-03-31,2021q1,,longterm_equity_invest,balance.csv,longterm_equity_invest,5976856000.0,5976856000.0,5976856000.0,,identity_q1_or_ytd_diff,True,
601009.XSHG,balance,2021-03-31,2021q1,,investment_property,balance.csv,investment_property,13533000.0,13533000.0,13533000.0,,identity_q1_or_ytd_diff,True,
601009.XSHG,balance,2021-03-31,2021q1,,fixed_assets,balance.csv,fixed_assets,5819170000.0,5819170000.0,5819170000.0,,identity_q1_or_ytd_diff,True,
601009.XSHG,balance,2021-03-31,2021q1,,constru_in_process,balance.csv,constru_in_process,3089758000.0,3089758000.0,3089758000.0,,identity_q1_or_ytd_diff,True,
601009.XSHG,balance,2021-03-31,2021q1,,intangible_assets,balance.csv,intangible_assets,454360000.0,454360000.0,454360000.0,,identity_q1_or_ytd_diff,True,
601009.XSHG,balance,2021-03-31,2021q1,,good_will,balance.csv,good_will,,,,,identity_q1_or_ytd_diff,False,missing_raw_value
601009.XSHG,balance,2021-03-31,2021q1,,long_deferred_expense,balance.csv,long_deferred_expense,,,,,identity_q1_or_ytd_diff,False,missing_raw_value
601009.XSHG,balance,2021-03-31,2021q1,,deferred_tax_assets,balance.csv,deferred_tax_assets,6203527000.0,6203527000.0,6203527000.0,,identity_q1_or_ytd_diff,True,
601009.XSHG,balance,2021-03-31,2021q1,,other_non_current_assets,balance.csv,other_non_current_assets,,,,,identity_q1_or_ytd_diff,False,missing_raw_value
601009.XSHG,balance,2021-03-31,2021q1,,total_non_current_assets,balance.csv,total_non_current_assets,,,,,identity_q1_or_ytd_diff,False,missing_raw_value
601009.XSHG,balance,2021-03-31,2021q1,,total_assets,balance.csv,total_assets,1619818880000.0,1619818880000.0,1619818880000.0,,identity_q1_or_ytd_diff,True,
601009.XSHG,balance,2021-03-31,2021q1,,shortterm_loan,balance.csv,shortterm_loan,0.0,0.0,0.0,,identity_q1_or_ytd_diff,True,
601009.XSHG,balance,2021-03-31,2021q1,,borrowing_from_centralbank,balance.csv,borrowing_from_centralbank,118414745000.0,118414745000.0,118414745000.0,,identity_q1_or_ytd_diff,True,
601009.XSHG,balance,2021-03-31,2021q1,,deposit_in_interbank,balance.csv,deposit_in_interbank,1124308488000.0,1124308488000.0,1124308488000.0,,identity_q1_or_ytd_diff,True,
601009.XSHG,balance,2021-03-31,2021q1,,borrowing_capital,balance.csv,borrowing_capital,13778837000.0,13778837000.0,13778837000.0,,identity_q1_or_ytd_diff,True,
601009.XSHG,balance,2021-03-31,2021q1,,trading_liability,balance.csv,trading_liability,222417000.0,222417000.0,222417000.0,,identity_q1_or_ytd_diff,True,
601009.XSHG,balance,2021-03-31,2021q1,,notes_payable,balance.csv,notes_payable,,,,,identity_q1_or_ytd_diff,False,missing_raw_value
601009.XSHG,balance,2021-03-31,2021q1,,accounts_payable,balance.csv,accounts_payable,,,,,identity_q1_or_ytd_diff,False,missing_raw_value
601009.XSHG,balance,2021-03-31,2021q1,,advance_peceipts,balance.csv,advance_peceipts,,,,,identity_q1_or_ytd_diff,False,missing_raw_value
601009.XSHG,balance,2021-03-31,2021q1,,sold_buyback_secu_proceeds,balance.csv,sold_buyback_secu_proceeds,11969118000.0,11969118000.0,11969118000.0,,identity_q1_or_ytd_diff,True,
601009.XSHG,balance,2021-03-31,2021q1,,commission_payable,balance.csv,commission_payable,,,,,identity_q1_or_ytd_diff,False,missing_raw_value
601009.XSHG,balance,2021-03-31,2021q1,,salaries_payable,balance.csv,salaries_payable,3922244000.0,3922244000.0,3922244000.0,,identity_q1_or_ytd_diff,True,
601009.XSHG,balance,2021-03-31,2021q1,,taxs_payable,balance.csv,taxs_payable,2486891000.0,2486891000.0,2486891000.0,,identity_q1_or_ytd_diff,True,
601009.XSHG,balance,2021-03-31,2021q1,,interest_payable,balance.csv,interest_payable,,,,,identity_q1_or_ytd_diff,False,missing_raw_value
601009.XSHG,balance,2021-03-31,2021q1,,other_payable,balance.csv,other_payable,,,,,identity_q1_or_ytd_diff,False,missing_raw_value
601009.XSHG,balance,2021-03-31,2021q1,,insurance_contract_reserves,balance.csv,insurance_contract_reserves,0.0,0.0,0.0,,identity_q1_or_ytd_diff,True,
601009.XSHG,balance,2021-03-31,2021q1,,proxy_secu_proceeds,balance.csv,proxy_secu_proceeds,,,,,identity_q1_or_ytd_diff,False,missing_raw_value
601009.XSHG,balance,2021-03-31,2021q1,,non_current_liability_in_one_year,balance.csv,non_current_liability_in_one_year,,,,,identity_q1_or_ytd_diff,False,missing_raw_value
601009.XSHG,balance,2021-03-31,2021q1,,other_current_liability,balance.csv,other_current_liability,,,,,identity_q1_or_ytd_diff,False,missing_raw_value
601009.XSHG,balance,2021-03-31,2021q1,,total_current_liability,balance.csv,total_current_liability,,,,,identity_q1_or_ytd_diff,False,missing_raw_value
601009.XSHG,balance,2021-03-31,2021q1,,longterm_loan,balance.csv,longterm_loan,,,,,identity_q1_or_ytd_diff,False,missing_raw_value
601009.XSHG,balance,2021-03-31,2021q1,,bonds_payable,balance.csv,bonds_payable,209267751000.0,209267751000.0,209267751000.0,,identity_q1_or_ytd_diff,True,
601009.XSHG,balance,2021-03-31,2021q1,,estimate_liability,balance.csv,estimate_liability,1377190000.0,1377190000.0,1377190000.0,,identity_q1_or_ytd_diff,True,
601009.XSHG,balance,2021-03-31,2021q1,,deferred_tax_liability,balance.csv,deferred_tax_liability,,,,,identity_q1_or_ytd_diff,False,missing_raw_value
601009.XSHG,balance,2021-03-31,2021q1,,other_non_current_liability,balance.csv,other_non_current_liability,,,,,identity_q1_or_ytd_diff,False,missing_raw_value
601009.XSHG,balance,2021-03-31,2021q1,,total_non_current_liability,balance.csv,total_non_current_liability,,,,,identity_q1_or_ytd_diff,False,missing_raw_value
601009.XSHG,balance,2021-03-31,2021q1,,total_liability,balance.csv,total_liability,1507748029000.0,1507748029000.0,1507748029000.0,,identity_q1_or_ytd_diff,True,
601009.XSHG,balance,2021-03-31,2021q1,,paidin_capital,balance.csv,paidin_capital,10007017000.0,10007017000.0,10007017000.0,,identity_q1_or_ytd_diff,True,
601009.XSHG,balance,2021-03-31,2021q1,,capital_reserve_fund,balance.csv,capital_reserve_fund,23287344000.0,23287344000.0,23287344000.0,,identity_q1_or_ytd_diff,True,
601009.XSHG,balance,2021-03-31,2021q1,,treasury_stock,balance.csv,treasury_stock,,,,,identity_q1_or_ytd_diff,False,missing_raw_value
601009.XSHG,balance,2021-03-31,2021q1,,surplus_reserve_fund,balance.csv,surplus_reserve_fund,7348462000.0,7348462000.0,7348462000.0,,identity_q1_or_ytd_diff,True,
601009.XSHG,balance,2021-03-31,2021q1,,ordinary_risk_reserve_fund,balance.csv,ordinary_risk_reserve_fund,15431951000.0,15431951000.0,15431951000.0,,identity_q1_or_ytd_diff,True,
601009.XSHG,balance,2021-03-31,2021q1,,retained_profit,balance.csv,retained_profit,44959906000.0,44959906000.0,44959906000.0,,identity_q1_or_ytd_diff,True,
601009.XSHG,balance,2021-03-31,2021q1,,equities_parent_company_owners,balance.csv,equities_parent_company_owners,110883473000.0,110883473000.0,110883473000.0,,identity_q1_or_ytd_diff,True,
601009.XSHG,balance,2021-03-31,2021q1,,minority_interests,balance.csv,minority_interests,1187378000.0,1187378000.0,1187378000.0,,identity_q1_or_ytd_diff,True,
601009.XSHG,balance,2021-03-31,2021q1,,total_owner_equities,balance.csv,total_owner_equities,112070851000.0,112070851000.0,112070851000.0,,identity_q1_or_ytd_diff,True,
601009.XSHG,balance,2021-03-31,2021q1,,other_comprehensive_income,balance.csv,other_comprehensive_income,-1020000.0,-1020000.0,-1020000.0,,identity_q1_or_ytd_diff,True,
601009.XSHG,balance,2021-03-31,2021q1,,contract_assets,balance.csv,contract_assets,,,,,identity_q1_or_ytd_diff,False,missing_raw_value
601009.XSHG,balance,2021-03-31,2021q1,,contract_liability,balance.csv,contract_liability,,,,,identity_q1_or_ytd_diff,False,missing_raw_value
601009.XSHG,balance,2021-03-31,2021q1,,usufruct_assets,balance.csv,usufruct_assets,,,,,identity_q1_or_ytd_diff,False,missing_raw_value
601009.XSHG,balance,2021-06-30,2021q2,,cash_equivalents,balance.csv,cash_equivalents,120243978000.0,120243978000.0,120243978000.0,,identity_q1_or_ytd_diff,True,
601009.XSHG,balance,2021-06-30,2021q2,,settlement_provi,balance.csv,settlement_provi,,,,,identity_q1_or_ytd_diff,False,missing_raw_value
601009.XSHG,balance,2021-06-30,2021q2,,lend_capital,balance.csv,lend_capital,9668477000.0,9668477000.0,9668477000.0,,identity_q1_or_ytd_diff,True,
601009.XSHG,balance,2021-06-30,2021q2,,trading_assets,balance.csv,trading_assets,207236328000.0,207236328000.0,207236328000.0,,identity_q1_or_ytd_diff,True,
601009.XSHG,balance,2021-06-30,2021q2,,bill_receivable,balance.csv,bill_receivable,,,,,identity_q1_or_ytd_diff,False,missing_raw_value
601009.XSHG,balance,2021-06-30,2021q2,,account_receivable,balance.csv,account_receivable,,,,,identity_q1_or_ytd_diff,False,missing_raw_value
601009.XSHG,balance,2021-06-30,2021q2,,advance_payment,balance.csv,advance_payment,,,,,identity_q1_or_ytd_diff,False,missing_raw_value
601009.XSHG,balance,2021-06-30,2021q2,,insurance_receivables,balance.csv,insurance_receivables,,,,,identity_q1_or_ytd_diff,False,missing_raw_value
601009.XSHG,balance,2021-06-30,2021q2,,interest_receivable,balance.csv,interest_receivable,,,,,identity_q1_or_ytd_diff,False,missing_raw_value
601009.XSHG,balance,2021-06-30,2021q2,,other_receivable,balance.csv,other_receivable,,,,,identity_q1_or_ytd_diff,False,missing_raw_value
601009.XSHG,balance,2021-06-30,2021q2,,bought_sellback_assets,balance.csv,bought_sellback_assets,21642320000.0,21642320000.0,21642320000.0,,identity_q1_or_ytd_diff,True,
601009.XSHG,balance,2021-06-30,2021q2,,inventories,balance.csv,inventories,,,,,identity_q1_or_ytd_diff,False,missing_raw_value
601009.XSHG,balance,2021-06-30,2021q2,,other_current_assets,balance.csv,other_current_assets,,,,,identity_q1_or_ytd_diff,False,missing_raw_value
601009.XSHG,balance,2021-06-30,2021q2,,total_current_assets,balance.csv,total_current_assets,,,,,identity_q1_or_ytd_diff,False,missing_raw_value
601009.XSHG,balance,2021-06-30,2021q2,,loan_and_advance,balance.csv,loan_and_advance,,,,,identity_q1_or_ytd_diff,False,missing_raw_value
601009.XSHG,balance,2021-06-30,2021q2,,hold_for_sale_assets,balance.csv,hold_for_sale_assets,,,,,identity_q1_or_ytd_diff,False,missing_raw_value
601009.XSHG,balance,2021-06-30,2021q2,,hold_to_maturity_investments,balance.csv,hold_to_maturity_investments,,,,,identity_q1_or_ytd_diff,False,missing_raw_value
601009.XSHG,balance,2021-06-30,2021q2,,longterm_equity_invest,balance.csv,longterm_equity_invest,5794549000.0,5794549000.0,5794549000.0,,identity_q1_or_ytd_diff,True,
601009.XSHG,balance,2021-06-30,2021q2,,investment_property,balance.csv,investment_property,13234000.0,13234000.0,13234000.0,,identity_q1_or_ytd_diff,True,
601009.XSHG,balance,2021-06-30,2021q2,,fixed_assets,balance.csv,fixed_assets,5808600000.0,5808600000.0,5808600000.0,,identity_q1_or_ytd_diff,True,
601009.XSHG,balance,2021-06-30,2021q2,,constru_in_process,balance.csv,constru_in_process,3095700000.0,3095700000.0,3095700000.0,,identity_q1_or_ytd_diff,True,
601009.XSHG,balance,2021-06-30,2021q2,,intangible_assets,balance.csv,intangible_assets,442902000.0,442902000.0,442902000.0,,identity_q1_or_ytd_diff,True,
601009.XSHG,balance,2021-06-30,2021q2,,good_will,balance.csv,good_will,,,,,identity_q1_or_ytd_diff,False,missing_raw_value
601009.XSHG,balance,2021-06-30,2021q2,,long_deferred_expense,balance.csv,long_deferred_expense,,,,,identity_q1_or_ytd_diff,False,missing_raw_value
601009.XSHG,balance,2021-06-30,2021q2,,deferred_tax_assets,balance.csv,deferred_tax_assets,6320150000.0,6320150000.0,6320150000.0,,identity_q1_or_ytd_diff,True,
601009.XSHG,balance,2021-06-30,2021q2,,other_non_current_assets,balance.csv,other_non_current_assets,,,,,identity_q1_or_ytd_diff,False,missing_raw_value
601009.XSHG,balance,2021-06-30,2021q2,,total_non_current_assets,balance.csv,total_non_current_assets,,,,,identity_q1_or_ytd_diff,False,missing_raw_value
601009.XSHG,balance,2021-06-30,2021q2,,total_assets,balance.csv,total_assets,1663978119000.0,1663978119000.0,1663978119000.0,,identity_q1_or_ytd_diff,True,
601009.XSHG,balance,2021-06-30,2021q2,,shortterm_loan,balance.csv,shortterm_loan,0.0,0.0,0.0,,identity_q1_or_ytd_diff,True,
601009.XSHG,balance,2021-06-30,2021q2,,borrowing_from_centralbank,balance.csv,borrowing_from_centralbank,119398170000.0,119398170000.0,119398170000.0,,identity_q1_or_ytd_diff,True,
601009.XSHG,balance,2021-06-30,2021q2,,deposit_in_interbank,balance.csv,deposit_in_interbank,1105676393000.0,1105676393000.0,1105676393000.0,,identity_q1_or_ytd_diff,True,
601009.XSHG,balance,2021-06-30,2021q2,,borrowing_capital,balance.csv,borrowing_capital,15335990000.0,15335990000.0,15335990000.0,,identity_q1_or_ytd_diff,True,
601009.XSHG,balance,2021-06-30,2021q2,,trading_liability,balance.csv,trading_liability,499447000.0,499447000.0,499447000.0,,identity_q1_or_ytd_diff,True,
601009.XSHG,balance,2021-06-30,2021q2,,notes_payable,balance.csv,notes_payable,,,,,identity_q1_or_ytd_diff,False,missing_raw_value
601009.XSHG,balance,2021-06-30,2021q2,,accounts_payable,balance.csv,accounts_payable,,,,,identity_q1_or_ytd_diff,False,missing_raw_value
601009.XSHG,balance,2021-06-30,2021q2,,advance_peceipts,balance.csv,advance_peceipts,,,,,identity_q1_or_ytd_diff,False,missing_raw_value
601009.XSHG,balance,2021-06-30,2021q2,,sold_buyback_secu_proceeds,balance.csv,sold_buyback_secu_proceeds,57069945000.0,57069945000.0,57069945000.0,,identity_q1_or_ytd_diff,True,
601009.XSHG,balance,2021-06-30,2021q2,,commission_payable,balance.csv,commission_payable,,,,,identity_q1_or_ytd_diff,False,missing_raw_value
601009.XSHG,balance,2021-06-30,2021q2,,salaries_payable,balance.csv,salaries_payable,4193235000.0,4193235000.0,4193235000.0,,identity_q1_or_ytd_diff,True,
601009.XSHG,balance,2021-06-30,2021q2,,taxs_payable,balance.csv,taxs_payable,2032013000.0,2032013000.0,2032013000.0,,identity_q1_or_ytd_diff,True,
601009.XSHG,balance,2021-06-30,2021q2,,interest_payable,balance.csv,interest_payable,,,,,identity_q1_or_ytd_diff,False,missing_raw_value
601009.XSHG,balance,2021-06-30,2021q2,,other_payable,balance.csv,other_payable,,,,,identity_q1_or_ytd_diff,False,missing_raw_value
601009.XSHG,balance,2021-06-30,2021q2,,insurance_contract_reserves,balance.csv,insurance_contract_reserves,0.0,0.0,0.0,,identity_q1_or_ytd_diff,True,
601009.XSHG,balance,2021-06-30,2021q2,,proxy_secu_proceeds,balance.csv,proxy_secu_proceeds,,,,,identity_q1_or_ytd_diff,False,missing_raw_value
601009.XSHG,balance,2021-06-30,2021q2,,non_current_liability_in_one_year,balance.csv,non_current_liability_in_one_year,,,,,identity_q1_or_ytd_diff,False,missing_raw_value
601009.XSHG,balance,2021-06-30,2021q2,,other_current_liability,balance.csv,other_current_liability,,,,,identity_q1_or_ytd_diff,False,missing_raw_value
601009.XSHG,balance,2021-06-30,2021q2,,total_current_liability,balance.csv,total_current_liability,,,,,identity_q1_or_ytd_diff,False,missing_raw_value
601009.XSHG,balance,2021-06-30,2021q2,,longterm_loan,balance.csv,longterm_loan,,,,,identity_q1_or_ytd_diff,False,missing_raw_value
601009.XSHG,balance,2021-06-30,2021q2,,bonds_payable,balance.csv,bonds_payable,222640298000.0,222640298000.0,222640298000.0,,identity_q1_or_ytd_diff,True,
601009.XSHG,balance,2021-06-30,2021q2,,estimate_liability,balance.csv,estimate_liability,1330972000.0,1330972000.0,1330972000.0,,identity_q1_or_ytd_diff,True,
601009.XSHG,balance,2021-06-30,2021q2,,deferred_tax_liability,balance.csv,deferred_tax_liability,,,,,identity_q1_or_ytd_diff,False,missing_raw_value
601009.XSHG,balance,2021-06-30,2021q2,,other_non_current_liability,balance.csv,other_non_current_liability,,,,,identity_q1_or_ytd_diff,False,missing_raw_value
601009.XSHG,balance,2021-06-30,2021q2,,total_non_current_liability,balance.csv,total_non_current_liability,,,,,identity_q1_or_ytd_diff,False,missing_raw_value
601009.XSHG,balance,2021-06-30,2021q2,,total_liability,balance.csv,total_liability,1549160533000.0,1549160533000.0,1549160533000.0,,identity_q1_or_ytd_diff,True,
601009.XSHG,balance,2021-06-30,2021q2,,paidin_capital,balance.csv,paidin_capital,10007017000.0,10007017000.0,10007017000.0,,identity_q1_or_ytd_diff,True,
601009.XSHG,balance,2021-06-30,2021q2,,capital_reserve_fund,balance.csv,capital_reserve_fund,23287344000.0,23287344000.0,23287344000.0,,identity_q1_or_ytd_diff,True,
601009.XSHG,balance,2021-06-30,2021q2,,treasury_stock,balance.csv,treasury_stock,,,,,identity_q1_or_ytd_diff,False,missing_raw_value
601009.XSHG,balance,2021-06-30,2021q2,,surplus_reserve_fund,balance.csv,surplus_reserve_fund,8625780000.0,8625780000.0,8625780000.0,,identity_q1_or_ytd_diff,True,
601009.XSHG,balance,2021-06-30,2021q2,,ordinary_risk_reserve_fund,balance.csv,ordinary_risk_reserve_fund,15475674000.0,15475674000.0,15475674000.0,,identity_q1_or_ytd_diff,True,
601009.XSHG,balance,2021-06-30,2021q2,,retained_profit,balance.csv,retained_profit,44060624000.0,44060624000.0,44060624000.0,,identity_q1_or_ytd_diff,True,
601009.XSHG,balance,2021-06-30,2021q2,,equities_parent_company_owners,balance.csv,equities_parent_company_owners,113611516000.0,113611516000.0,113611516000.0,,identity_q1_or_ytd_diff,True,
601009.XSHG,balance,2021-06-30,2021q2,,minority_interests,balance.csv,minority_interests,1206070000.0,1206070000.0,1206070000.0,,identity_q1_or_ytd_diff,True,
601009.XSHG,balance,2021-06-30,2021q2,,total_owner_equities,balance.csv,total_owner_equities,114817586000.0,114817586000.0,114817586000.0,,identity_q1_or_ytd_diff,True,
601009.XSHG,balance,2021-06-30,2021q2,,other_comprehensive_income,balance.csv,other_comprehensive_income,229818000.0,229818000.0,229818000.0,,identity_q1_or_ytd_diff,True,
601009.XSHG,balance,2021-06-30,2021q2,,contract_assets,balance.csv,contract_assets,,,,,identity_q1_or_ytd_diff,False,missing_raw_value
601009.XSHG,balance,2021-06-30,2021q2,,contract_liability,balance.csv,contract_liability,,,,,identity_q1_or_ytd_diff,False,missing_raw_value
601009.XSHG,balance,2021-06-30,2021q2,,usufruct_assets,balance.csv,usufruct_assets,1078781000.0,1078781000.0,1078781000.0,,identity_q1_or_ytd_diff,True,
601009.XSHG,balance,2021-09-30,2021q3,,cash_equivalents,balance.csv,cash_equivalents,116403404000.0,116403404000.0,116403404000.0,,identity_q1_or_ytd_diff,True,
601009.XSHG,balance,2021-09-30,2021q3,,settlement_provi,balance.csv,settlement_provi,,,,,identity_q1_or_ytd_diff,False,missing_raw_value
601009.XSHG,balance,2021-09-30,2021q3,,lend_capital,balance.csv,lend_capital,8660820000.0,8660820000.0,8660820000.0,,identity_q1_or_ytd_diff,True,
601009.XSHG,balance,2021-09-30,2021q3,,trading_assets,balance.csv,trading_assets,249754119000.0,249754119000.0,249754119000.0,,identity_q1_or_ytd_diff,True,
601009.XSHG,balance,2021-09-30,2021q3,,bill_receivable,balance.csv,bill_receivable,,,,,identity_q1_or_ytd_diff,False,missing_raw_value
601009.XSHG,balance,2021-09-30,2021q3,,account_receivable,balance.csv,account_receivable,,,,,identity_q1_or_ytd_diff,False,missing_raw_value
601009.XSHG,balance,2021-09-30,2021q3,,advance_payment,balance.csv,advance_payment,,,,,identity_q1_or_ytd_diff,False,missing_raw_value
601009.XSHG,balance,2021-09-30,2021q3,,insurance_receivables,balance.csv,insurance_receivables,,,,,identity_q1_or_ytd_diff,False,missing_raw_value
601009.XSHG,balance,2021-09-30,2021q3,,interest_receivable,balance.csv,interest_receivable,,,,,identity_q1_or_ytd_diff,False,missing_raw_value
601009.XSHG,balance,2021-09-30,2021q3,,other_receivable,balance.csv,other_receivable,,,,,identity_q1_or_ytd_diff,False,missing_raw_value
601009.XSHG,balance,2021-09-30,2021q3,,bought_sellback_assets,balance.csv,bought_sellback_assets,16811537000.0,16811537000.0,16811537000.0,,identity_q1_or_ytd_diff,True,
601009.XSHG,balance,2021-09-30,2021q3,,inventories,balance.csv,inventories,,,,,identity_q1_or_ytd_diff,False,missing_raw_value
601009.XSHG,balance,2021-09-30,2021q3,,other_current_assets,balance.csv,other_current_assets,,,,,identity_q1_or_ytd_diff,False,missing_raw_value
601009.XSHG,balance,2021-09-30,2021q3,,total_current_assets,balance.csv,total_current_assets,,,,,identity_q1_or_ytd_diff,False,missing_raw_value
601009.XSHG,balance,2021-09-30,2021q3,,loan_and_advance,balance.csv,loan_and_advance,,,,,identity_q1_or_ytd_diff,False,missing_raw_value
601009.XSHG,balance,2021-09-30,2021q3,,hold_for_sale_assets,balance.csv,hold_for_sale_assets,,,,,identity_q1_or_ytd_diff,False,missing_raw_value
601009.XSHG,balance,2021-09-30,2021q3,,hold_to_maturity_investments,balance.csv,hold_to_maturity_investments,,,,,identity_q1_or_ytd_diff,False,missing_raw_value
601009.XSHG,balance,2021-09-30,2021q3,,longterm_equity_invest,balance.csv,longterm_equity_invest,5904117000.0,5904117000.0,5904117000.0,,identity_q1_or_ytd_diff,True,
601009.XSHG,balance,2021-09-30,2021q3,,investment_property,balance.csv,investment_property,12937000.0,12937000.0,12937000.0,,identity_q1_or_ytd_diff,True,
601009.XSHG,balance,2021-09-30,2021q3,,fixed_assets,balance.csv,fixed_assets,5714748000.0,5714748000.0,5714748000.0,,identity_q1_or_ytd_diff,True,
601009.XSHG,balance,2021-09-30,2021q3,,constru_in_process,balance.csv,constru_in_process,3115296000.0,3115296000.0,3115296000.0,,identity_q1_or_ytd_diff,True,
601009.XSHG,balance,2021-09-30,2021q3,,intangible_assets,balance.csv,intangible_assets,432553000.0,432553000.0,432553000.0,,identity_q1_or_ytd_diff,True,
601009.XSHG,balance,2021-09-30,2021q3,,good_will,balance.csv,good_will,,,,,identity_q1_or_ytd_diff,False,missing_raw_value
601009.XSHG,balance,2021-09-30,2021q3,,long_deferred_expense,balance.csv,long_deferred_expense,,,,,identity_q1_or_ytd_diff,False,missing_raw_value
601009.XSHG,balance,2021-09-30,2021q3,,deferred_tax_assets,balance.csv,deferred_tax_assets,6302561000.0,6302561000.0,6302561000.0,,identity_q1_or_ytd_diff,True,
601009.XSHG,balance,2021-09-30,2021q3,,other_non_current_assets,balance.csv,other_non_current_assets,,,,,identity_q1_or_ytd_diff,False,missing_raw_value
601009.XSHG,balance,2021-09-30,2021q3,,total_non_current_assets,balance.csv,total_non_current_assets,,,,,identity_q1_or_ytd_diff,False,missing_raw_value
601009.XSHG,balance,2021-09-30,2021q3,,total_assets,balance.csv,total_assets,1709317109000.0,1709317109000.0,1709317109000.0,,identity_q1_or_ytd_diff,True,
601009.XSHG,balance,2021-09-30,2021q3,,shortterm_loan,balance.csv,shortterm_loan,0.0,0.0,0.0,,identity_q1_or_ytd_diff,True,
601009.XSHG,balance,2021-09-30,2021q3,,borrowing_from_centralbank,balance.csv,borrowing_from_centralbank,116261472000.0,116261472000.0,116261472000.0,,identity_q1_or_ytd_diff,True,
601009.XSHG,balance,2021-09-30,2021q3,,deposit_in_interbank,balance.csv,deposit_in_interbank,1135401889000.0,1135401889000.0,1135401889000.0,,identity_q1_or_ytd_diff,True,
601009.XSHG,balance,2021-09-30,2021q3,,borrowing_capital,balance.csv,borrowing_capital,14908109000.0,14908109000.0,14908109000.0,,identity_q1_or_ytd_diff,True,
601009.XSHG,balance,2021-09-30,2021q3,,trading_liability,balance.csv,trading_liability,439759000.0,439759000.0,439759000.0,,identity_q1_or_ytd_diff,True,
601009.XSHG,balance,2021-09-30,2021q3,,notes_payable,balance.csv,notes_payable,,,,,identity_q1_or_ytd_diff,False,missing_raw_value
601009.XSHG,balance,2021-09-30,2021q3,,accounts_payable,balance.csv,accounts_payable,,,,,identity_q1_or_ytd_diff,False,missing_raw_value
601009.XSHG,balance,2021-09-30,2021q3,,advance_peceipts,balance.csv,advance_peceipts,,,,,identity_q1_or_ytd_diff,False,missing_raw_value
601009.XSHG,balance,2021-09-30,2021q3,,sold_buyback_secu_proceeds,balance.csv,sold_buyback_secu_proceeds,60615034000.0,60615034000.0,60615034000.0,,identity_q1_or_ytd_diff,True,
601009.XSHG,balance,2021-09-30,2021q3,,commission_payable,balance.csv,commission_payable,,,,,identity_q1_or_ytd_diff,False,missing_raw_value
601009.XSHG,balance,2021-09-30,2021q3,,salaries_payable,balance.csv,salaries_payable,4659649000.0,4659649000.0,4659649000.0,,identity_q1_or_ytd_diff,True,
601009.XSHG,balance,2021-09-30,2021q3,,taxs_payable,balance.csv,taxs_payable,1887796000.0,1887796000.0,1887796000.0,,identity_q1_or_ytd_diff,True,
601009.XSHG,balance,2021-09-30,2021q3,,interest_payable,balance.csv,interest_payable,,,,,identity_q1_or_ytd_diff,False,missing_raw_value
601009.XSHG,balance,2021-09-30,2021q3,,other_payable,balance.csv,other_payable,,,,,identity_q1_or_ytd_diff,False,missing_raw_value
601009.XSHG,balance,2021-09-30,2021q3,,insurance_contract_reserves,balance.csv,insurance_contract_reserves,0.0,0.0,0.0,,identity_q1_or_ytd_diff,True,
601009.XSHG,balance,2021-09-30,2021q3,,proxy_secu_proceeds,balance.csv,proxy_secu_proceeds,,,,,identity_q1_or_ytd_diff,False,missing_raw_value
601009.XSHG,balance,2021-09-30,2021q3,,non_current_liability_in_one_year,balance.csv,non_current_liability_in_one_year,,,,,identity_q1_or_ytd_diff,False,missing_raw_value
601009.XSHG,balance,2021-09-30,2021q3,,other_current_liability,balance.csv,other_current_liability,,,,,identity_q1_or_ytd_diff,False,missing_raw_value
601009.XSHG,balance,2021-09-30,2021q3,,total_current_liability,balance.csv,total_current_liability,,,,,identity_q1_or_ytd_diff,False,missing_raw_value
601009.XSHG,balance,2021-09-30,2021q3,,longterm_loan,balance.csv,longterm_loan,,,,,identity_q1_or_ytd_diff,False,missing_raw_value
601009.XSHG,balance,2021-09-30,2021q3,,bonds_payable,balance.csv,bonds_payable,238498074000.0,238498074000.0,238498074000.0,,identity_q1_or_ytd_diff,True,
601009.XSHG,balance,2021-09-30,2021q3,,estimate_liability,balance.csv,estimate_liability,1588406000.0,1588406000.0,1588406000.0,,identity_q1_or_ytd_diff,True,
601009.XSHG,balance,2021-09-30,2021q3,,deferred_tax_liability,balance.csv,deferred_tax_liability,,,,,identity_q1_or_ytd_diff,False,missing_raw_value
601009.XSHG,balance,2021-09-30,2021q3,,other_non_current_liability,balance.csv,other_non_current_liability,,,,,identity_q1_or_ytd_diff,False,missing_raw_value
601009.XSHG,balance,2021-09-30,2021q3,,total_non_current_liability,balance.csv,total_non_current_liability,,,,,identity_q1_or_ytd_diff,False,missing_raw_value
601009.XSHG,balance,2021-09-30,2021q3,,total_liability,balance.csv,total_liability,1590305073000.0,1590305073000.0,1590305073000.0,,identity_q1_or_ytd_diff,True,
601009.XSHG,balance,2021-09-30,2021q3,,paidin_capital,balance.csv,paidin_capital,10007017000.0,10007017000.0,10007017000.0,,identity_q1_or_ytd_diff,True,
601009.XSHG,balance,2021-09-30,2021q3,,capital_reserve_fund,balance.csv,capital_reserve_fund,23287344000.0,23287344000.0,23287344000.0,,identity_q1_or_ytd_diff,True,
601009.XSHG,balance,2021-09-30,2021q3,,treasury_stock,balance.csv,treasury_stock,,,,,identity_q1_or_ytd_diff,False,missing_raw_value
601009.XSHG,balance,2021-09-30,2021q3,,surplus_reserve_fund,balance.csv,surplus_reserve_fund,8625780000.0,8625780000.0,8625780000.0,,identity_q1_or_ytd_diff,True,
601009.XSHG,balance,2021-09-30,2021q3,,ordinary_risk_reserve_fund,balance.csv,ordinary_risk_reserve_fund,15486579000.0,15486579000.0,15486579000.0,,identity_q1_or_ytd_diff,True,
601009.XSHG,balance,2021-09-30,2021q3,,retained_profit,balance.csv,retained_profit,47744543000.0,47744543000.0,47744543000.0,,identity_q1_or_ytd_diff,True,
601009.XSHG,balance,2021-09-30,2021q3,,equities_parent_company_owners,balance.csv,equities_parent_company_owners,117778707000.0,117778707000.0,117778707000.0,,identity_q1_or_ytd_diff,True,
601009.XSHG,balance,2021-09-30,2021q3,,minority_interests,balance.csv,minority_interests,1233329000.0,1233329000.0,1233329000.0,,identity_q1_or_ytd_diff,True,
601009.XSHG,balance,2021-09-30,2021q3,,total_owner_equities,balance.csv,total_owner_equities,119012036000.0,119012036000.0,119012036000.0,,identity_q1_or_ytd_diff,True,
601009.XSHG,balance,2021-09-30,2021q3,,other_comprehensive_income,balance.csv,other_comprehensive_income,702185000.0,702185000.0,702185000.0,,identity_q1_or_ytd_diff,True,
601009.XSHG,balance,2021-09-30,2021q3,,contract_assets,balance.csv,contract_assets,,,,,identity_q1_or_ytd_diff,False,missing_raw_value
601009.XSHG,balance,2021-09-30,2021q3,,contract_liability,balance.csv,contract_liability,,,,,identity_q1_or_ytd_diff,False,missing_raw_value
601009.XSHG,balance,2021-09-30,2021q3,,usufruct_assets,balance.csv,usufruct_assets,1084051000.0,1084051000.0,1084051000.0,,identity_q1_or_ytd_diff,True,
601009.XSHG,balance,2021-12-31,2021q4,,cash_equivalents,balance.csv,cash_equivalents,117527315000.0,117527315000.0,117527315000.0,,identity_q1_or_ytd_diff,True,
601009.XSHG,balance,2021-12-31,2021q4,,settlement_provi,balance.csv,settlement_provi,,,,,identity_q1_or_ytd_diff,False,missing_raw_value
601009.XSHG,balance,2021-12-31,2021q4,,lend_capital,balance.csv,lend_capital,13921437000.0,13921437000.0,13921437000.0,,identity_q1_or_ytd_diff,True,
601009.XSHG,balance,2021-12-31,2021q4,,trading_assets,balance.csv,trading_assets,288877415000.0,288877415000.0,288877415000.0,,identity_q1_or_ytd_diff,True,
601009.XSHG,balance,2021-12-31,2021q4,,bill_receivable,balance.csv,bill_receivable,,,,,identity_q1_or_ytd_diff,False,missing_raw_value
601009.XSHG,balance,2021-12-31,2021q4,,account_receivable,balance.csv,account_receivable,,,,,identity_q1_or_ytd_diff,False,missing_raw_value
601009.XSHG,balance,2021-12-31,2021q4,,advance_payment,balance.csv,advance_payment,,,,,identity_q1_or_ytd_diff,False,missing_raw_value
601009.XSHG,balance,2021-12-31,2021q4,,insurance_receivables,balance.csv,insurance_receivables,,,,,identity_q1_or_ytd_diff,False,missing_raw_value
601009.XSHG,balance,2021-12-31,2021q4,,interest_receivable,balance.csv,interest_receivable,,,,,identity_q1_or_ytd_diff,False,missing_raw_value
601009.XSHG,balance,2021-12-31,2021q4,,other_receivable,balance.csv,other_receivable,,,,,identity_q1_or_ytd_diff,False,missing_raw_value
601009.XSHG,balance,2021-12-31,2021q4,,bought_sellback_assets,balance.csv,bought_sellback_assets,22317271000.0,22317271000.0,22317271000.0,,identity_q1_or_ytd_diff,True,
601009.XSHG,balance,2021-12-31,2021q4,,inventories,balance.csv,inventories,,,,,identity_q1_or_ytd_diff,False,missing_raw_value
601009.XSHG,balance,2021-12-31,2021q4,,other_current_assets,balance.csv,other_current_assets,,,,,identity_q1_or_ytd_diff,False,missing_raw_value
601009.XSHG,balance,2021-12-31,2021q4,,total_current_assets,balance.csv,total_current_assets,,,,,identity_q1_or_ytd_diff,False,missing_raw_value
601009.XSHG,balance,2021-12-31,2021q4,,loan_and_advance,balance.csv,loan_and_advance,,,,,identity_q1_or_ytd_diff,False,missing_raw_value
601009.XSHG,balance,2021-12-31,2021q4,,hold_for_sale_assets,balance.csv,hold_for_sale_assets,,,,,identity_q1_or_ytd_diff,False,missing_raw_value
601009.XSHG,balance,2021-12-31,2021q4,,hold_to_maturity_investments,balance.csv,hold_to_maturity_investments,,,,,identity_q1_or_ytd_diff,False,missing_raw_value
601009.XSHG,balance,2021-12-31,2021q4,,longterm_equity_invest,balance.csv,longterm_equity_invest,6023467000.0,6023467000.0,6023467000.0,,identity_q1_or_ytd_diff,True,
601009.XSHG,balance,2021-12-31,2021q4,,investment_property,balance.csv,investment_property,12640000.0,12640000.0,12640000.0,,identity_q1_or_ytd_diff,True,
601009.XSHG,balance,2021-12-31,2021q4,,fixed_assets,balance.csv,fixed_assets,5862193000.0,5862193000.0,5862193000.0,,identity_q1_or_ytd_diff,True,
601009.XSHG,balance,2021-12-31,2021q4,,constru_in_process,balance.csv,constru_in_process,3778934000.0,3778934000.0,3778934000.0,,identity_q1_or_ytd_diff,True,
601009.XSHG,balance,2021-12-31,2021q4,,intangible_assets,balance.csv,intangible_assets,477778000.0,477778000.0,477778000.0,,identity_q1_or_ytd_diff,True,
601009.XSHG,balance,2021-12-31,2021q4,,good_will,balance.csv,good_will,,,,,identity_q1_or_ytd_diff,False,missing_raw_value
601009.XSHG,balance,2021-12-31,2021q4,,long_deferred_expense,balance.csv,long_deferred_expense,,,,,identity_q1_or_ytd_diff,False,missing_raw_value
601009.XSHG,balance,2021-12-31,2021q4,,deferred_tax_assets,balance.csv,deferred_tax_assets,6200664000.0,6200664000.0,6200664000.0,,identity_q1_or_ytd_diff,True,
601009.XSHG,balance,2021-12-31,2021q4,,other_non_current_assets,balance.csv,other_non_current_assets,,,,,identity_q1_or_ytd_diff,False,missing_raw_value
601009.XSHG,balance,2021-12-31,2021q4,,total_non_current_assets,balance.csv,total_non_current_assets,,,,,identity_q1_or_ytd_diff,False,missing_raw_value
601009.XSHG,balance,2021-12-31,2021q4,,total_assets,balance.csv,total_assets,1748946747000.0,1748946747000.0,1748946747000.0,,identity_q1_or_ytd_diff,True,
601009.XSHG,balance,2021-12-31,2021q4,,shortterm_loan,balance.csv,shortterm_loan,0.0,0.0,0.0,,identity_q1_or_ytd_diff,True,
601009.XSHG,balance,2021-12-31,2021q4,,borrowing_from_centralbank,balance.csv,borrowing_from_centralbank,108630178000.0,108630178000.0,108630178000.0,,identity_q1_or_ytd_diff,True,
601009.XSHG,balance,2021-12-31,2021q4,,deposit_in_interbank,balance.csv,deposit_in_interbank,1161886457000.0,1161886457000.0,1161886457000.0,,identity_q1_or_ytd_diff,True,
601009.XSHG,balance,2021-12-31,2021q4,,borrowing_capital,balance.csv,borrowing_capital,33769108000.0,33769108000.0,33769108000.0,,identity_q1_or_ytd_diff,True,
601009.XSHG,balance,2021-12-31,2021q4,,trading_liability,balance.csv,trading_liability,156655000.0,156655000.0,156655000.0,,identity_q1_or_ytd_diff,True,
601009.XSHG,balance,2021-12-31,2021q4,,notes_payable,balance.csv,notes_payable,,,,,identity_q1_or_ytd_diff,False,missing_raw_value
601009.XSHG,balance,2021-12-31,2021q4,,accounts_payable,balance.csv,accounts_payable,,,,,identity_q1_or_ytd_diff,False,missing_raw_value
601009.XSHG,balance,2021-12-31,2021q4,,advance_peceipts,balance.csv,advance_peceipts,,,,,identity_q1_or_ytd_diff,False,missing_raw_value
601009.XSHG,balance,2021-12-31,2021q4,,sold_buyback_secu_proceeds,balance.csv,sold_buyback_secu_proceeds,73131387000.0,73131387000.0,73131387000.0,,identity_q1_or_ytd_diff,True,
601009.XSHG,balance,2021-12-31,2021q4,,commission_payable,balance.csv,commission_payable,,,,,identity_q1_or_ytd_diff,False,missing_raw_value
601009.XSHG,balance,2021-12-31,2021q4,,salaries_payable,balance.csv,salaries_payable,5967550000.0,5967550000.0,5967550000.0,,identity_q1_or_ytd_diff,True,
601009.XSHG,balance,2021-12-31,2021q4,,taxs_payable,balance.csv,taxs_payable,2304539000.0,2304539000.0,2304539000.0,,identity_q1_or_ytd_diff,True,
601009.XSHG,balance,2021-12-31,2021q4,,interest_payable,balance.csv,interest_payable,,,,,identity_q1_or_ytd_diff,False,missing_raw_value
601009.XSHG,balance,2021-12-31,2021q4,,other_payable,balance.csv,other_payable,,,,,identity_q1_or_ytd_diff,False,missing_raw_value
601009.XSHG,balance,2021-12-31,2021q4,,insurance_contract_reserves,balance.csv,insurance_contract_reserves,0.0,0.0,0.0,,identity_q1_or_ytd_diff,True,
601009.XSHG,balance,2021-12-31,2021q4,,proxy_secu_proceeds,balance.csv,proxy_secu_proceeds,,,,,identity_q1_or_ytd_diff,False,missing_raw_value
601009.XSHG,balance,2021-12-31,2021q4,,non_current_liability_in_one_year,balance.csv,non_current_liability_in_one_year,,,,,identity_q1_or_ytd_diff,False,missing_raw_value
601009.XSHG,balance,2021-12-31,2021q4,,other_current_liability,balance.csv,other_current_liability,,,,,identity_q1_or_ytd_diff,False,missing_raw_value
601009.XSHG,balance,2021-12-31,2021q4,,total_current_liability,balance.csv,total_current_liability,,,,,identity_q1_or_ytd_diff,False,missing_raw_value
601009.XSHG,balance,2021-12-31,2021q4,,longterm_loan,balance.csv,longterm_loan,,,,,identity_q1_or_ytd_diff,False,missing_raw_value
601009.XSHG,balance,2021-12-31,2021q4,,bonds_payable,balance.csv,bonds_payable,221402814000.0,221402814000.0,221402814000.0,,identity_q1_or_ytd_diff,True,
601009.XSHG,balance,2021-12-31,2021q4,,estimate_liability,balance.csv,estimate_liability,1672072000.0,1672072000.0,1672072000.0,,identity_q1_or_ytd_diff,True,
601009.XSHG,balance,2021-12-31,2021q4,,deferred_tax_liability,balance.csv,deferred_tax_liability,,,,,identity_q1_or_ytd_diff,False,missing_raw_value
601009.XSHG,balance,2021-12-31,2021q4,,other_non_current_liability,balance.csv,other_non_current_liability,,,,,identity_q1_or_ytd_diff,False,missing_raw_value
601009.XSHG,balance,2021-12-31,2021q4,,total_non_current_liability,balance.csv,total_non_current_liability,,,,,identity_q1_or_ytd_diff,False,missing_raw_value
601009.XSHG,balance,2021-12-31,2021q4,,total_liability,balance.csv,total_liability,1626381955000.0,1626381955000.0,1626381955000.0,,identity_q1_or_ytd_diff,True,
601009.XSHG,balance,2021-12-31,2021q4,,paidin_capital,balance.csv,paidin_capital,10007089000.0,10007089000.0,10007089000.0,,identity_q1_or_ytd_diff,True,
601009.XSHG,balance,2021-12-31,2021q4,,capital_reserve_fund,balance.csv,capital_reserve_fund,23369883000.0,23369883000.0,23369883000.0,,identity_q1_or_ytd_diff,True,
601009.XSHG,balance,2021-12-31,2021q4,,treasury_stock,balance.csv,treasury_stock,,,,,identity_q1_or_ytd_diff,False,missing_raw_value
601009.XSHG,balance,2021-12-31,2021q4,,surplus_reserve_fund,balance.csv,surplus_reserve_fund,8625780000.0,8625780000.0,8625780000.0,,identity_q1_or_ytd_diff,True,
601009.XSHG,balance,2021-12-31,2021q4,,ordinary_risk_reserve_fund,balance.csv,ordinary_risk_reserve_fund,17047001000.0,17047001000.0,17047001000.0,,identity_q1_or_ytd_diff,True,
601009.XSHG,balance,2021-12-31,2021q4,,retained_profit,balance.csv,retained_profit,49459185000.0,49459185000.0,49459185000.0,,identity_q1_or_ytd_diff,True,
601009.XSHG,balance,2021-12-31,2021q4,,equities_parent_company_owners,balance.csv,equities_parent_company_owners,121359785000.0,121359785000.0,121359785000.0,,identity_q1_or_ytd_diff,True,
601009.XSHG,balance,2021-12-31,2021q4,,minority_interests,balance.csv,minority_interests,1205007000.0,1205007000.0,1205007000.0,,identity_q1_or_ytd_diff,True,
601009.XSHG,balance,2021-12-31,2021q4,,total_owner_equities,balance.csv,total_owner_equities,122564792000.0,122564792000.0,122564792000.0,,identity_q1_or_ytd_diff,True,
601009.XSHG,balance,2021-12-31,2021q4,,other_comprehensive_income,balance.csv,other_comprehensive_income,925664000.0,925664000.0,925664000.0,,identity_q1_or_ytd_diff,True,
601009.XSHG,balance,2021-12-31,2021q4,,contract_assets,balance.csv,contract_assets,,,,,identity_q1_or_ytd_diff,False,missing_raw_value
601009.XSHG,balance,2021-12-31,2021q4,,contract_liability,balance.csv,contract_liability,,,,,identity_q1_or_ytd_diff,False,missing_raw_value
601009.XSHG,balance,2021-12-31,2021q4,,usufruct_assets,balance.csv,usufruct_assets,1086078000.0,1086078000.0,1086078000.0,,identity_q1_or_ytd_diff,True,
601009.XSHG,balance,2022-03-31,2022q1,,cash_equivalents,balance.csv,cash_equivalents,143735377000.0,143735377000.0,143735377000.0,,identity_q1_or_ytd_diff,True,
601009.XSHG,balance,2022-03-31,2022q1,,settlement_provi,balance.csv,settlement_provi,,,,,identity_q1_or_ytd_diff,False,missing_raw_value
601009.XSHG,balance,2022-03-31,2022q1,,lend_capital,balance.csv,lend_capital,13696508000.0,13696508000.0,13696508000.0,,identity_q1_or_ytd_diff,True,
601009.XSHG,balance,2022-03-31,2022q1,,trading_assets,balance.csv,trading_assets,317269068000.0,317269068000.0,317269068000.0,,identity_q1_or_ytd_diff,True,
601009.XSHG,balance,2022-03-31,2022q1,,bill_receivable,balance.csv,bill_receivable,,,,,identity_q1_or_ytd_diff,False,missing_raw_value
601009.XSHG,balance,2022-03-31,2022q1,,account_receivable,balance.csv,account_receivable,,,,,identity_q1_or_ytd_diff,False,missing_raw_value
601009.XSHG,balance,2022-03-31,2022q1,,advance_payment,balance.csv,advance_payment,,,,,identity_q1_or_ytd_diff,False,missing_raw_value
601009.XSHG,balance,2022-03-31,2022q1,,insurance_receivables,balance.csv,insurance_receivables,,,,,identity_q1_or_ytd_diff,False,missing_raw_value
601009.XSHG,balance,2022-03-31,2022q1,,interest_receivable,balance.csv,interest_receivable,,,,,identity_q1_or_ytd_diff,False,missing_raw_value
601009.XSHG,balance,2022-03-31,2022q1,,other_receivable,balance.csv,other_receivable,,,,,identity_q1_or_ytd_diff,False,missing_raw_value
601009.XSHG,balance,2022-03-31,2022q1,,bought_sellback_assets,balance.csv,bought_sellback_assets,24638138000.0,24638138000.0,24638138000.0,,identity_q1_or_ytd_diff,True,
601009.XSHG,balance,2022-03-31,2022q1,,inventories,balance.csv,inventories,,,,,identity_q1_or_ytd_diff,False,missing_raw_value
601009.XSHG,balance,2022-03-31,2022q1,,other_current_assets,balance.csv,other_current_assets,,,,,identity_q1_or_ytd_diff,False,missing_raw_value
601009.XSHG,balance,2022-03-31,2022q1,,total_current_assets,balance.csv,total_current_assets,,,,,identity_q1_or_ytd_diff,False,missing_raw_value
601009.XSHG,balance,2022-03-31,2022q1,,loan_and_advance,balance.csv,loan_and_advance,,,,,identity_q1_or_ytd_diff,False,missing_raw_value
601009.XSHG,balance,2022-03-31,2022q1,,hold_for_sale_assets,balance.csv,hold_for_sale_assets,,,,,identity_q1_or_ytd_diff,False,missing_raw_value
601009.XSHG,balance,2022-03-31,2022q1,,hold_to_maturity_investments,balance.csv,hold_to_maturity_investments,,,,,identity_q1_or_ytd_diff,False,missing_raw_value
601009.XSHG,balance,2022-03-31,2022q1,,longterm_equity_invest,balance.csv,longterm_equity_invest,6234833000.0,6234833000.0,6234833000.0,,identity_q1_or_ytd_diff,True,
601009.XSHG,balance,2022-03-31,2022q1,,investment_property,balance.csv,investment_property,12342000.0,12342000.0,12342000.0,,identity_q1_or_ytd_diff,True,
601009.XSHG,balance,2022-03-31,2022q1,,fixed_assets,balance.csv,fixed_assets,5784464000.0,5784464000.0,5784464000.0,,identity_q1_or_ytd_diff,True,
601009.XSHG,balance,2022-03-31,2022q1,,constru_in_process,balance.csv,constru_in_process,3834331000.0,3834331000.0,3834331000.0,,identity_q1_or_ytd_diff,True,
601009.XSHG,balance,2022-03-31,2022q1,,intangible_assets,balance.csv,intangible_assets,469550000.0,469550000.0,469550000.0,,identity_q1_or_ytd_diff,True,
601009.XSHG,balance,2022-03-31,2022q1,,good_will,balance.csv,good_will,,,,,identity_q1_or_ytd_diff,False,missing_raw_value
601009.XSHG,balance,2022-03-31,2022q1,,long_deferred_expense,balance.csv,long_deferred_expense,,,,,identity_q1_or_ytd_diff,False,missing_raw_value
601009.XSHG,balance,2022-03-31,2022q1,,deferred_tax_assets,balance.csv,deferred_tax_assets,6555493000.0,6555493000.0,6555493000.0,,identity_q1_or_ytd_diff,True,
601009.XSHG,balance,2022-03-31,2022q1,,other_non_current_assets,balance.csv,other_non_current_assets,,,,,identity_q1_or_ytd_diff,False,missing_raw_value
601009.XSHG,balance,2022-03-31,2022q1,,total_non_current_assets,balance.csv,total_non_current_assets,,,,,identity_q1_or_ytd_diff,False,missing_raw_value
601009.XSHG,balance,2022-03-31,2022q1,,total_assets,balance.csv,total_assets,1882609453000.0,1882609453000.0,1882609453000.0,,identity_q1_or_ytd_diff,True,
601009.XSHG,balance,2022-03-31,2022q1,,shortterm_loan,balance.csv,shortterm_loan,0.0,0.0,0.0,,identity_q1_or_ytd_diff,True,
601009.XSHG,balance,2022-03-31,2022q1,,borrowing_from_centralbank,balance.csv,borrowing_from_centralbank,113503896000.0,113503896000.0,113503896000.0,,identity_q1_or_ytd_diff,True,
601009.XSHG,balance,2022-03-31,2022q1,,deposit_in_interbank,balance.csv,deposit_in_interbank,1300847291000.0,1300847291000.0,1300847291000.0,,identity_q1_or_ytd_diff,True,
601009.XSHG,balance,2022-03-31,2022q1,,borrowing_capital,balance.csv,borrowing_capital,17183868000.0,17183868000.0,17183868000.0,,identity_q1_or_ytd_diff,True,
601009.XSHG,balance,2022-03-31,2022q1,,trading_liability,balance.csv,trading_liability,178315000.0,178315000.0,178315000.0,,identity_q1_or_ytd_diff,True,
601009.XSHG,balance,2022-03-31,2022q1,,notes_payable,balance.csv,notes_payable,,,,,identity_q1_or_ytd_diff,False,missing_raw_value
601009.XSHG,balance,2022-03-31,2022q1,,accounts_payable,balance.csv,accounts_payable,,,,,identity_q1_or_ytd_diff,False,missing_raw_value
601009.XSHG,balance,2022-03-31,2022q1,,advance_peceipts,balance.csv,advance_peceipts,,,,,identity_q1_or_ytd_diff,False,missing_raw_value
601009.XSHG,balance,2022-03-31,2022q1,,sold_buyback_secu_proceeds,balance.csv,sold_buyback_secu_proceeds,20321118000.0,20321118000.0,20321118000.0,,identity_q1_or_ytd_diff,True,
601009.XSHG,balance,2022-03-31,2022q1,,commission_payable,balance.csv,commission_payable,,,,,identity_q1_or_ytd_diff,False,missing_raw_value
601009.XSHG,balance,2022-03-31,2022q1,,salaries_payable,balance.csv,salaries_payable,5442883000.0,5442883000.0,5442883000.0,,identity_q1_or_ytd_diff,True,
601009.XSHG,balance,2022-03-31,2022q1,,taxs_payable,balance.csv,taxs_payable,2768250000.0,2768250000.0,2768250000.0,,identity_q1_or_ytd_diff,True,
601009.XSHG,balance,2022-03-31,2022q1,,interest_payable,balance.csv,interest_payable,,,,,identity_q1_or_ytd_diff,False,missing_raw_value
601009.XSHG,balance,2022-03-31,2022q1,,other_payable,balance.csv,other_payable,,,,,identity_q1_or_ytd_diff,False,missing_raw_value
601009.XSHG,balance,2022-03-31,2022q1,,insurance_contract_reserves,balance.csv,insurance_contract_reserves,0.0,0.0,0.0,,identity_q1_or_ytd_diff,True,
601009.XSHG,balance,2022-03-31,2022q1,,proxy_secu_proceeds,balance.csv,proxy_secu_proceeds,,,,,identity_q1_or_ytd_diff,False,missing_raw_value
601009.XSHG,balance,2022-03-31,2022q1,,non_current_liability_in_one_year,balance.csv,non_current_liability_in_one_year,,,,,identity_q1_or_ytd_diff,False,missing_raw_value
601009.XSHG,balance,2022-03-31,2022q1,,other_current_liability,balance.csv,other_current_liability,,,,,identity_q1_or_ytd_diff,False,missing_raw_value
601009.XSHG,balance,2022-03-31,2022q1,,total_current_liability,balance.csv,total_current_liability,,,,,identity_q1_or_ytd_diff,False,missing_raw_value
601009.XSHG,balance,2022-03-31,2022q1,,longterm_loan,balance.csv,longterm_loan,,,,,identity_q1_or_ytd_diff,False,missing_raw_value
601009.XSHG,balance,2022-03-31,2022q1,,bonds_payable,balance.csv,bonds_payable,273583729000.0,273583729000.0,273583729000.0,,identity_q1_or_ytd_diff,True,
601009.XSHG,balance,2022-03-31,2022q1,,estimate_liability,balance.csv,estimate_liability,1384776000.0,1384776000.0,1384776000.0,,identity_q1_or_ytd_diff,True,
601009.XSHG,balance,2022-03-31,2022q1,,deferred_tax_liability,balance.csv,deferred_tax_liability,,,,,identity_q1_or_ytd_diff,False,missing_raw_value
601009.XSHG,balance,2022-03-31,2022q1,,other_non_current_liability,balance.csv,other_non_current_liability,,,,,identity_q1_or_ytd_diff,False,missing_raw_value
601009.XSHG,balance,2022-03-31,2022q1,,total_non_current_liability,balance.csv,total_non_current_liability,,,,,identity_q1_or_ytd_diff,False,missing_raw_value
601009.XSHG,balance,2022-03-31,2022q1,,total_liability,balance.csv,total_liability,1755174705000.0,1755174705000.0,1755174705000.0,,identity_q1_or_ytd_diff,True,
601009.XSHG,balance,2022-03-31,2022q1,,paidin_capital,balance.csv,paidin_capital,10015424000.0,10015424000.0,10015424000.0,,identity_q1_or_ytd_diff,True,
601009.XSHG,balance,2022-03-31,2022q1,,capital_reserve_fund,balance.csv,capital_reserve_fund,23447899000.0,23447899000.0,23447899000.0,,identity_q1_or_ytd_diff,True,
601009.XSHG,balance,2022-03-31,2022q1,,treasury_stock,balance.csv,treasury_stock,,,,,identity_q1_or_ytd_diff,False,missing_raw_value
601009.XSHG,balance,2022-03-31,2022q1,,surplus_reserve_fund,balance.csv,surplus_reserve_fund,8625780000.0,8625780000.0,8625780000.0,,identity_q1_or_ytd_diff,True,
601009.XSHG,balance,2022-03-31,2022q1,,ordinary_risk_reserve_fund,balance.csv,ordinary_risk_reserve_fund,17396492000.0,17396492000.0,17396492000.0,,identity_q1_or_ytd_diff,True,
601009.XSHG,balance,2022-03-31,2022q1,,retained_profit,balance.csv,retained_profit,54425230000.0,54425230000.0,54425230000.0,,identity_q1_or_ytd_diff,True,
601009.XSHG,balance,2022-03-31,2022q1,,equities_parent_company_owners,balance.csv,equities_parent_company_owners,126211583000.0,126211583000.0,126211583000.0,,identity_q1_or_ytd_diff,True,
601009.XSHG,balance,2022-03-31,2022q1,,minority_interests,balance.csv,minority_interests,1223165000.0,1223165000.0,1223165000.0,,identity_q1_or_ytd_diff,True,
601009.XSHG,balance,2022-03-31,2022q1,,total_owner_equities,balance.csv,total_owner_equities,127434748000.0,127434748000.0,127434748000.0,,identity_q1_or_ytd_diff,True,
601009.XSHG,balance,2022-03-31,2022q1,,other_comprehensive_income,balance.csv,other_comprehensive_income,384311000.0,384311000.0,384311000.0,,identity_q1_or_ytd_diff,True,
601009.XSHG,balance,2022-03-31,2022q1,,contract_assets,balance.csv,contract_assets,,,,,identity_q1_or_ytd_diff,False,missing_raw_value
601009.XSHG,balance,2022-03-31,2022q1,,contract_liability,balance.csv,contract_liability,,,,,identity_q1_or_ytd_diff,False,missing_raw_value
601009.XSHG,balance,2022-03-31,2022q1,,usufruct_assets,balance.csv,usufruct_assets,1144483000.0,1144483000.0,1144483000.0,,identity_q1_or_ytd_diff,True,
601009.XSHG,balance,2022-06-30,2022q2,,cash_equivalents,balance.csv,cash_equivalents,138672813000.0,138672813000.0,138672813000.0,,identity_q1_or_ytd_diff,True,
601009.XSHG,balance,2022-06-30,2022q2,,settlement_provi,balance.csv,settlement_provi,,,,,identity_q1_or_ytd_diff,False,missing_raw_value
601009.XSHG,balance,2022-06-30,2022q2,,lend_capital,balance.csv,lend_capital,16081652000.0,16081652000.0,16081652000.0,,identity_q1_or_ytd_diff,True,
601009.XSHG,balance,2022-06-30,2022q2,,trading_assets,balance.csv,trading_assets,318012749000.0,318012749000.0,318012749000.0,,identity_q1_or_ytd_diff,True,
601009.XSHG,balance,2022-06-30,2022q2,,bill_receivable,balance.csv,bill_receivable,,,,,identity_q1_or_ytd_diff,False,missing_raw_value
601009.XSHG,balance,2022-06-30,2022q2,,account_receivable,balance.csv,account_receivable,,,,,identity_q1_or_ytd_diff,False,missing_raw_value
601009.XSHG,balance,2022-06-30,2022q2,,advance_payment,balance.csv,advance_payment,,,,,identity_q1_or_ytd_diff,False,missing_raw_value
601009.XSHG,balance,2022-06-30,2022q2,,insurance_receivables,balance.csv,insurance_receivables,,,,,identity_q1_or_ytd_diff,False,missing_raw_value
601009.XSHG,balance,2022-06-30,2022q2,,interest_receivable,balance.csv,interest_receivable,,,,,identity_q1_or_ytd_diff,False,missing_raw_value
601009.XSHG,balance,2022-06-30,2022q2,,other_receivable,balance.csv,other_receivable,,,,,identity_q1_or_ytd_diff,False,missing_raw_value
601009.XSHG,balance,2022-06-30,2022q2,,bought_sellback_assets,balance.csv,bought_sellback_assets,31809443000.0,31809443000.0,31809443000.0,,identity_q1_or_ytd_diff,True,
601009.XSHG,balance,2022-06-30,2022q2,,inventories,balance.csv,inventories,,,,,identity_q1_or_ytd_diff,False,missing_raw_value
601009.XSHG,balance,2022-06-30,2022q2,,other_current_assets,balance.csv,other_current_assets,,,,,identity_q1_or_ytd_diff,False,missing_raw_value
601009.XSHG,balance,2022-06-30,2022q2,,total_current_assets,balance.csv,total_current_assets,,,,,identity_q1_or_ytd_diff,False,missing_raw_value
601009.XSHG,balance,2022-06-30,2022q2,,loan_and_advance,balance.csv,loan_and_advance,,,,,identity_q1_or_ytd_diff,False,missing_raw_value
601009.XSHG,balance,2022-06-30,2022q2,,hold_for_sale_assets,balance.csv,hold_for_sale_assets,,,,,identity_q1_or_ytd_diff,False,missing_raw_value
601009.XSHG,balance,2022-06-30,2022q2,,hold_to_maturity_investments,balance.csv,hold_to_maturity_investments,,,,,identity_q1_or_ytd_diff,False,missing_raw_value
601009.XSHG,balance,2022-06-30,2022q2,,longterm_equity_invest,balance.csv,longterm_equity_invest,6197614000.0,6197614000.0,6197614000.0,,identity_q1_or_ytd_diff,True,
601009.XSHG,balance,2022-06-30,2022q2,,investment_property,balance.csv,investment_property,12044000.0,12044000.0,12044000.0,,identity_q1_or_ytd_diff,True,
601009.XSHG,balance,2022-06-30,2022q2,,fixed_assets,balance.csv,fixed_assets,5863627000.0,5863627000.0,5863627000.0,,identity_q1_or_ytd_diff,True,
601009.XSHG,balance,2022-06-30,2022q2,,constru_in_process,balance.csv,constru_in_process,3722408000.0,3722408000.0,3722408000.0,,identity_q1_or_ytd_diff,True,
601009.XSHG,balance,2022-06-30,2022q2,,intangible_assets,balance.csv,intangible_assets,486009000.0,486009000.0,486009000.0,,identity_q1_or_ytd_diff,True,
601009.XSHG,balance,2022-06-30,2022q2,,good_will,balance.csv,good_will,,,,,identity_q1_or_ytd_diff,False,missing_raw_value
601009.XSHG,balance,2022-06-30,2022q2,,long_deferred_expense,balance.csv,long_deferred_expense,,,,,identity_q1_or_ytd_diff,False,missing_raw_value
601009.XSHG,balance,2022-06-30,2022q2,,deferred_tax_assets,balance.csv,deferred_tax_assets,6225630000.0,6225630000.0,6225630000.0,,identity_q1_or_ytd_diff,True,
601009.XSHG,balance,2022-06-30,2022q2,,other_non_current_assets,balance.csv,other_non_current_assets,,,,,identity_q1_or_ytd_diff,False,missing_raw_value
601009.XSHG,balance,2022-06-30,2022q2,,total_non_current_assets,balance.csv,total_non_current_assets,,,,,identity_q1_or_ytd_diff,False,missing_raw_value
601009.XSHG,balance,2022-06-30,2022q2,,total_assets,balance.csv,total_assets,1912367183000.0,1912367183000.0,1912367183000.0,,identity_q1_or_ytd_diff,True,
601009.XSHG,balance,2022-06-30,2022q2,,shortterm_loan,balance.csv,shortterm_loan,0.0,0.0,0.0,,identity_q1_or_ytd_diff,True,
601009.XSHG,balance,2022-06-30,2022q2,,borrowing_from_centralbank,balance.csv,borrowing_from_centralbank,123997240000.0,123997240000.0,123997240000.0,,identity_q1_or_ytd_diff,True,
601009.XSHG,balance,2022-06-30,2022q2,,deposit_in_interbank,balance.csv,deposit_in_interbank,1318642241000.0,1318642241000.0,1318642241000.0,,identity_q1_or_ytd_diff,True,
601009.XSHG,balance,2022-06-30,2022q2,,borrowing_capital,balance.csv,borrowing_capital,18764211000.0,18764211000.0,18764211000.0,,identity_q1_or_ytd_diff,True,
601009.XSHG,balance,2022-06-30,2022q2,,trading_liability,balance.csv,trading_liability,390275000.0,390275000.0,390275000.0,,identity_q1_or_ytd_diff,True,
601009.XSHG,balance,2022-06-30,2022q2,,notes_payable,balance.csv,notes_payable,,,,,identity_q1_or_ytd_diff,False,missing_raw_value
601009.XSHG,balance,2022-06-30,2022q2,,accounts_payable,balance.csv,accounts_payable,,,,,identity_q1_or_ytd_diff,False,missing_raw_value
601009.XSHG,balance,2022-06-30,2022q2,,advance_peceipts,balance.csv,advance_peceipts,,,,,identity_q1_or_ytd_diff,False,missing_raw_value
601009.XSHG,balance,2022-06-30,2022q2,,sold_buyback_secu_proceeds,balance.csv,sold_buyback_secu_proceeds,30978612000.0,30978612000.0,30978612000.0,,identity_q1_or_ytd_diff,True,
601009.XSHG,balance,2022-06-30,2022q2,,commission_payable,balance.csv,commission_payable,,,,,identity_q1_or_ytd_diff,False,missing_raw_value
601009.XSHG,balance,2022-06-30,2022q2,,salaries_payable,balance.csv,salaries_payable,5878204000.0,5878204000.0,5878204000.0,,identity_q1_or_ytd_diff,True,
601009.XSHG,balance,2022-06-30,2022q2,,taxs_payable,balance.csv,taxs_payable,1961611000.0,1961611000.0,1961611000.0,,identity_q1_or_ytd_diff,True,
601009.XSHG,balance,2022-06-30,2022q2,,interest_payable,balance.csv,interest_payable,,,,,identity_q1_or_ytd_diff,False,missing_raw_value
601009.XSHG,balance,2022-06-30,2022q2,,other_payable,balance.csv,other_payable,,,,,identity_q1_or_ytd_diff,False,missing_raw_value
601009.XSHG,balance,2022-06-30,2022q2,,insurance_contract_reserves,balance.csv,insurance_contract_reserves,0.0,0.0,0.0,,identity_q1_or_ytd_diff,True,
601009.XSHG,balance,2022-06-30,2022q2,,proxy_secu_proceeds,balance.csv,proxy_secu_proceeds,,,,,identity_q1_or_ytd_diff,False,missing_raw_value
601009.XSHG,balance,2022-06-30,2022q2,,non_current_liability_in_one_year,balance.csv,non_current_liability_in_one_year,,,,,identity_q1_or_ytd_diff,False,missing_raw_value
601009.XSHG,balance,2022-06-30,2022q2,,other_current_liability,balance.csv,other_current_liability,,,,,identity_q1_or_ytd_diff,False,missing_raw_value
601009.XSHG,balance,2022-06-30,2022q2,,total_current_liability,balance.csv,total_current_liability,,,,,identity_q1_or_ytd_diff,False,missing_raw_value
601009.XSHG,balance,2022-06-30,2022q2,,longterm_loan,balance.csv,longterm_loan,,,,,identity_q1_or_ytd_diff,False,missing_raw_value
601009.XSHG,balance,2022-06-30,2022q2,,bonds_payable,balance.csv,bonds_payable,267458307000.0,267458307000.0,267458307000.0,,identity_q1_or_ytd_diff,True,
601009.XSHG,balance,2022-06-30,2022q2,,estimate_liability,balance.csv,estimate_liability,1195399000.0,1195399000.0,1195399000.0,,identity_q1_or_ytd_diff,True,
601009.XSHG,balance,2022-06-30,2022q2,,deferred_tax_liability,balance.csv,deferred_tax_liability,,,,,identity_q1_or_ytd_diff,False,missing_raw_value
601009.XSHG,balance,2022-06-30,2022q2,,other_non_current_liability,balance.csv,other_non_current_liability,,,,,identity_q1_or_ytd_diff,False,missing_raw_value
601009.XSHG,balance,2022-06-30,2022q2,,total_non_current_liability,balance.csv,total_non_current_liability,,,,,identity_q1_or_ytd_diff,False,missing_raw_value
601009.XSHG,balance,2022-06-30,2022q2,,total_liability,balance.csv,total_liability,1781960796000.0,1781960796000.0,1781960796000.0,,identity_q1_or_ytd_diff,True,
601009.XSHG,balance,2022-06-30,2022q2,,paidin_capital,balance.csv,paidin_capital,10305730000.0,10305730000.0,10305730000.0,,identity_q1_or_ytd_diff,True,
601009.XSHG,balance,2022-06-30,2022q2,,capital_reserve_fund,balance.csv,capital_reserve_fund,26183590000.0,26183590000.0,26183590000.0,,identity_q1_or_ytd_diff,True,
601009.XSHG,balance,2022-06-30,2022q2,,treasury_stock,balance.csv,treasury_stock,,,,,identity_q1_or_ytd_diff,False,missing_raw_value
601009.XSHG,balance,2022-06-30,2022q2,,surplus_reserve_fund,balance.csv,surplus_reserve_fund,10128129000.0,10128129000.0,10128129000.0,,identity_q1_or_ytd_diff,True,
601009.XSHG,balance,2022-06-30,2022q2,,ordinary_risk_reserve_fund,balance.csv,ordinary_risk_reserve_fund,17456970000.0,17456970000.0,17456970000.0,,identity_q1_or_ytd_diff,True,
601009.XSHG,balance,2022-06-30,2022q2,,retained_profit,balance.csv,retained_profit,53313219000.0,53313219000.0,53313219000.0,,identity_q1_or_ytd_diff,True,
601009.XSHG,balance,2022-06-30,2022q2,,equities_parent_company_owners,balance.csv,equities_parent_company_owners,129173643000.0,129173643000.0,129173643000.0,,identity_q1_or_ytd_diff,True,
601009.XSHG,balance,2022-06-30,2022q2,,minority_interests,balance.csv,minority_interests,1232744000.0,1232744000.0,1232744000.0,,identity_q1_or_ytd_diff,True,
601009.XSHG,balance,2022-06-30,2022q2,,total_owner_equities,balance.csv,total_owner_equities,130406387000.0,130406387000.0,130406387000.0,,identity_q1_or_ytd_diff,True,
601009.XSHG,balance,2022-06-30,2022q2,,other_comprehensive_income,balance.csv,other_comprehensive_income,173827000.0,173827000.0,173827000.0,,identity_q1_or_ytd_diff,True,
601009.XSHG,balance,2022-06-30,2022q2,,contract_assets,balance.csv,contract_assets,,,,,identity_q1_or_ytd_diff,False,missing_raw_value
601009.XSHG,balance,2022-06-30,2022q2,,contract_liability,balance.csv,contract_liability,,,,,identity_q1_or_ytd_diff,False,missing_raw_value
601009.XSHG,balance,2022-06-30,2022q2,,usufruct_assets,balance.csv,usufruct_assets,1218779000.0,1218779000.0,1218779000.0,,identity_q1_or_ytd_diff,True,
601009.XSHG,balance,2022-09-30,2022q3,,cash_equivalents,balance.csv,cash_equivalents,134092791000.0,134092791000.0,134092791000.0,,identity_q1_or_ytd_diff,True,
601009.XSHG,balance,2022-09-30,2022q3,,settlement_provi,balance.csv,settlement_provi,,,,,identity_q1_or_ytd_diff,False,missing_raw_value
601009.XSHG,balance,2022-09-30,2022q3,,lend_capital,balance.csv,lend_capital,13758403000.0,13758403000.0,13758403000.0,,identity_q1_or_ytd_diff,True,
601009.XSHG,balance,2022-09-30,2022q3,,trading_assets,balance.csv,trading_assets,337660737000.0,337660737000.0,337660737000.0,,identity_q1_or_ytd_diff,True,
601009.XSHG,balance,2022-09-30,2022q3,,bill_receivable,balance.csv,bill_receivable,,,,,identity_q1_or_ytd_diff,False,missing_raw_value
601009.XSHG,balance,2022-09-30,2022q3,,account_receivable,balance.csv,account_receivable,,,,,identity_q1_or_ytd_diff,False,missing_raw_value
601009.XSHG,balance,2022-09-30,2022q3,,advance_payment,balance.csv,advance_payment,,,,,identity_q1_or_ytd_diff,False,missing_raw_value
601009.XSHG,balance,2022-09-30,2022q3,,insurance_receivables,balance.csv,insurance_receivables,,,,,identity_q1_or_ytd_diff,False,missing_raw_value
601009.XSHG,balance,2022-09-30,2022q3,,interest_receivable,balance.csv,interest_receivable,,,,,identity_q1_or_ytd_diff,False,missing_raw_value
601009.XSHG,balance,2022-09-30,2022q3,,other_receivable,balance.csv,other_receivable,,,,,identity_q1_or_ytd_diff,False,missing_raw_value
601009.XSHG,balance,2022-09-30,2022q3,,bought_sellback_assets,balance.csv,bought_sellback_assets,21096475000.0,21096475000.0,21096475000.0,,identity_q1_or_ytd_diff,True,
601009.XSHG,balance,2022-09-30,2022q3,,inventories,balance.csv,inventories,,,,,identity_q1_or_ytd_diff,False,missing_raw_value
601009.XSHG,balance,2022-09-30,2022q3,,other_current_assets,balance.csv,other_current_assets,,,,,identity_q1_or_ytd_diff,False,missing_raw_value
601009.XSHG,balance,2022-09-30,2022q3,,total_current_assets,balance.csv,total_current_assets,,,,,identity_q1_or_ytd_diff,False,missing_raw_value
601009.XSHG,balance,2022-09-30,2022q3,,loan_and_advance,balance.csv,loan_and_advance,,,,,identity_q1_or_ytd_diff,False,missing_raw_value
601009.XSHG,balance,2022-09-30,2022q3,,hold_for_sale_assets,balance.csv,hold_for_sale_assets,,,,,identity_q1_or_ytd_diff,False,missing_raw_value
601009.XSHG,balance,2022-09-30,2022q3,,hold_to_maturity_investments,balance.csv,hold_to_maturity_investments,,,,,identity_q1_or_ytd_diff,False,missing_raw_value
601009.XSHG,balance,2022-09-30,2022q3,,longterm_equity_invest,balance.csv,longterm_equity_invest,7505819000.0,7505819000.0,7505819000.0,,identity_q1_or_ytd_diff,True,
601009.XSHG,balance,2022-09-30,2022q3,,investment_property,balance.csv,investment_property,11746000.0,11746000.0,11746000.0,,identity_q1_or_ytd_diff,True,
601009.XSHG,balance,2022-09-30,2022q3,,fixed_assets,balance.csv,fixed_assets,5782124000.0,5782124000.0,5782124000.0,,identity_q1_or_ytd_diff,True,
601009.XSHG,balance,2022-09-30,2022q3,,constru_in_process,balance.csv,constru_in_process,3850150000.0,3850150000.0,3850150000.0,,identity_q1_or_ytd_diff,True,
601009.XSHG,balance,2022-09-30,2022q3,,intangible_assets,balance.csv,intangible_assets,559407000.0,559407000.0,559407000.0,,identity_q1_or_ytd_diff,True,
601009.XSHG,balance,2022-09-30,2022q3,,good_will,balance.csv,good_will,197101000.0,197101000.0,197101000.0,,identity_q1_or_ytd_diff,True,
601009.XSHG,balance,2022-09-30,2022q3,,long_deferred_expense,balance.csv,long_deferred_expense,,,,,identity_q1_or_ytd_diff,False,missing_raw_value
601009.XSHG,balance,2022-09-30,2022q3,,deferred_tax_assets,balance.csv,deferred_tax_assets,5815538000.0,5815538000.0,5815538000.0,,identity_q1_or_ytd_diff,True,
601009.XSHG,balance,2022-09-30,2022q3,,other_non_current_assets,balance.csv,other_non_current_assets,,,,,identity_q1_or_ytd_diff,False,missing_raw_value
601009.XSHG,balance,2022-09-30,2022q3,,total_non_current_assets,balance.csv,total_non_current_assets,,,,,identity_q1_or_ytd_diff,False,missing_raw_value
601009.XSHG,balance,2022-09-30,2022q3,,total_assets,balance.csv,total_assets,1944194168000.0,1944194168000.0,1944194168000.0,,identity_q1_or_ytd_diff,True,
601009.XSHG,balance,2022-09-30,2022q3,,shortterm_loan,balance.csv,shortterm_loan,0.0,0.0,0.0,,identity_q1_or_ytd_diff,True,
601009.XSHG,balance,2022-09-30,2022q3,,borrowing_from_centralbank,balance.csv,borrowing_from_centralbank,117097382000.0,117097382000.0,117097382000.0,,identity_q1_or_ytd_diff,True,
601009.XSHG,balance,2022-09-30,2022q3,,deposit_in_interbank,balance.csv,deposit_in_interbank,1365066673000.0,1365066673000.0,1365066673000.0,,identity_q1_or_ytd_diff,True,
601009.XSHG,balance,2022-09-30,2022q3,,borrowing_capital,balance.csv,borrowing_capital,20502244000.0,20502244000.0,20502244000.0,,identity_q1_or_ytd_diff,True,
601009.XSHG,balance,2022-09-30,2022q3,,trading_liability,balance.csv,trading_liability,388884000.0,388884000.0,388884000.0,,identity_q1_or_ytd_diff,True,
601009.XSHG,balance,2022-09-30,2022q3,,notes_payable,balance.csv,notes_payable,,,,,identity_q1_or_ytd_diff,False,missing_raw_value
601009.XSHG,balance,2022-09-30,2022q3,,accounts_payable,balance.csv,accounts_payable,,,,,identity_q1_or_ytd_diff,False,missing_raw_value
601009.XSHG,balance,2022-09-30,2022q3,,advance_peceipts,balance.csv,advance_peceipts,,,,,identity_q1_or_ytd_diff,False,missing_raw_value
601009.XSHG,balance,2022-09-30,2022q3,,sold_buyback_secu_proceeds,balance.csv,sold_buyback_secu_proceeds,19094868000.0,19094868000.0,19094868000.0,,identity_q1_or_ytd_diff,True,
601009.XSHG,balance,2022-09-30,2022q3,,commission_payable,balance.csv,commission_payable,,,,,identity_q1_or_ytd_diff,False,missing_raw_value
601009.XSHG,balance,2022-09-30,2022q3,,salaries_payable,balance.csv,salaries_payable,6578986000.0,6578986000.0,6578986000.0,,identity_q1_or_ytd_diff,True,
601009.XSHG,balance,2022-09-30,2022q3,,taxs_payable,balance.csv,taxs_payable,2119608000.0,2119608000.0,2119608000.0,,identity_q1_or_ytd_diff,True,
601009.XSHG,balance,2022-09-30,2022q3,,interest_payable,balance.csv,interest_payable,,,,,identity_q1_or_ytd_diff,False,missing_raw_value
601009.XSHG,balance,2022-09-30,2022q3,,other_payable,balance.csv,other_payable,,,,,identity_q1_or_ytd_diff,False,missing_raw_value
601009.XSHG,balance,2022-09-30,2022q3,,insurance_contract_reserves,balance.csv,insurance_contract_reserves,0.0,0.0,0.0,,identity_q1_or_ytd_diff,True,
601009.XSHG,balance,2022-09-30,2022q3,,proxy_secu_proceeds,balance.csv,proxy_secu_proceeds,,,,,identity_q1_or_ytd_diff,False,missing_raw_value
601009.XSHG,balance,2022-09-30,2022q3,,non_current_liability_in_one_year,balance.csv,non_current_liability_in_one_year,,,,,identity_q1_or_ytd_diff,False,missing_raw_value
601009.XSHG,balance,2022-09-30,2022q3,,other_current_liability,balance.csv,other_current_liability,,,,,identity_q1_or_ytd_diff,False,missing_raw_value
601009.XSHG,balance,2022-09-30,2022q3,,total_current_liability,balance.csv,total_current_liability,,,,,identity_q1_or_ytd_diff,False,missing_raw_value
601009.XSHG,balance,2022-09-30,2022q3,,longterm_loan,balance.csv,longterm_loan,,,,,identity_q1_or_ytd_diff,False,missing_raw_value
601009.XSHG,balance,2022-09-30,2022q3,,bonds_payable,balance.csv,bonds_payable,260180695000.0,260180695000.0,260180695000.0,,identity_q1_or_ytd_diff,True,
601009.XSHG,balance,2022-09-30,2022q3,,estimate_liability,balance.csv,estimate_liability,1406613000.0,1406613000.0,1406613000.0,,identity_q1_or_ytd_diff,True,
601009.XSHG,balance,2022-09-30,2022q3,,deferred_tax_liability,balance.csv,deferred_tax_liability,,,,,identity_q1_or_ytd_diff,False,missing_raw_value
601009.XSHG,balance,2022-09-30,2022q3,,other_non_current_liability,balance.csv,other_non_current_liability,,,,,identity_q1_or_ytd_diff,False,missing_raw_value
601009.XSHG,balance,2022-09-30,2022q3,,total_non_current_liability,balance.csv,total_non_current_liability,,,,,identity_q1_or_ytd_diff,False,missing_raw_value
601009.XSHG,balance,2022-09-30,2022q3,,total_liability,balance.csv,total_liability,1808917302000.0,1808917302000.0,1808917302000.0,,identity_q1_or_ytd_diff,True,
601009.XSHG,balance,2022-09-30,2022q3,,paidin_capital,balance.csv,paidin_capital,10305733000.0,10305733000.0,10305733000.0,,identity_q1_or_ytd_diff,True,
601009.XSHG,balance,2022-09-30,2022q3,,capital_reserve_fund,balance.csv,capital_reserve_fund,26170538000.0,26170538000.0,26170538000.0,,identity_q1_or_ytd_diff,True,
601009.XSHG,balance,2022-09-30,2022q3,,treasury_stock,balance.csv,treasury_stock,,,,,identity_q1_or_ytd_diff,False,missing_raw_value
601009.XSHG,balance,2022-09-30,2022q3,,surplus_reserve_fund,balance.csv,surplus_reserve_fund,10128129000.0,10128129000.0,10128129000.0,,identity_q1_or_ytd_diff,True,
601009.XSHG,balance,2022-09-30,2022q3,,ordinary_risk_reserve_fund,balance.csv,ordinary_risk_reserve_fund,17514549000.0,17514549000.0,17514549000.0,,identity_q1_or_ytd_diff,True,
601009.XSHG,balance,2022-09-30,2022q3,,retained_profit,balance.csv,retained_profit,57872358000.0,57872358000.0,57872358000.0,,identity_q1_or_ytd_diff,True,
601009.XSHG,balance,2022-09-30,2022q3,,equities_parent_company_owners,balance.csv,equities_parent_company_owners,133778343000.0,133778343000.0,133778343000.0,,identity_q1_or_ytd_diff,True,
601009.XSHG,balance,2022-09-30,2022q3,,minority_interests,balance.csv,minority_interests,1498523000.0,1498523000.0,1498523000.0,,identity_q1_or_ytd_diff,True,
601009.XSHG,balance,2022-09-30,2022q3,,total_owner_equities,balance.csv,total_owner_equities,135276866000.0,135276866000.0,135276866000.0,,identity_q1_or_ytd_diff,True,
601009.XSHG,balance,2022-09-30,2022q3,,other_comprehensive_income,balance.csv,other_comprehensive_income,174861000.0,174861000.0,174861000.0,,identity_q1_or_ytd_diff,True,
601009.XSHG,balance,2022-09-30,2022q3,,contract_assets,balance.csv,contract_assets,,,,,identity_q1_or_ytd_diff,False,missing_raw_value
601009.XSHG,balance,2022-09-30,2022q3,,contract_liability,balance.csv,contract_liability,,,,,identity_q1_or_ytd_diff,False,missing_raw_value
601009.XSHG,balance,2022-09-30,2022q3,,usufruct_assets,balance.csv,usufruct_assets,1244826000.0,1244826000.0,1244826000.0,,identity_q1_or_ytd_diff,True,
601009.XSHG,balance,2022-12-31,2022q4,,cash_equivalents,balance.csv,cash_equivalents,138172840000.0,138172840000.0,138172840000.0,,identity_q1_or_ytd_diff,True,
601009.XSHG,balance,2022-12-31,2022q4,,settlement_provi,balance.csv,settlement_provi,,,,,identity_q1_or_ytd_diff,False,missing_raw_value
601009.XSHG,balance,2022-12-31,2022q4,,lend_capital,balance.csv,lend_capital,13788191000.0,13788191000.0,13788191000.0,,identity_q1_or_ytd_diff,True,
601009.XSHG,balance,2022-12-31,2022q4,,trading_assets,balance.csv,trading_assets,402350741000.0,402350741000.0,402350741000.0,,identity_q1_or_ytd_diff,True,
601009.XSHG,balance,2022-12-31,2022q4,,bill_receivable,balance.csv,bill_receivable,,,,,identity_q1_or_ytd_diff,False,missing_raw_value
601009.XSHG,balance,2022-12-31,2022q4,,account_receivable,balance.csv,account_receivable,,,,,identity_q1_or_ytd_diff,False,missing_raw_value
601009.XSHG,balance,2022-12-31,2022q4,,advance_payment,balance.csv,advance_payment,,,,,identity_q1_or_ytd_diff,False,missing_raw_value
601009.XSHG,balance,2022-12-31,2022q4,,insurance_receivables,balance.csv,insurance_receivables,,,,,identity_q1_or_ytd_diff,False,missing_raw_value
601009.XSHG,balance,2022-12-31,2022q4,,interest_receivable,balance.csv,interest_receivable,,,,,identity_q1_or_ytd_diff,False,missing_raw_value
601009.XSHG,balance,2022-12-31,2022q4,,other_receivable,balance.csv,other_receivable,,,,,identity_q1_or_ytd_diff,False,missing_raw_value
601009.XSHG,balance,2022-12-31,2022q4,,bought_sellback_assets,balance.csv,bought_sellback_assets,52627697000.0,52627697000.0,52627697000.0,,identity_q1_or_ytd_diff,True,
601009.XSHG,balance,2022-12-31,2022q4,,inventories,balance.csv,inventories,,,,,identity_q1_or_ytd_diff,False,missing_raw_value
601009.XSHG,balance,2022-12-31,2022q4,,other_current_assets,balance.csv,other_current_assets,,,,,identity_q1_or_ytd_diff,False,missing_raw_value
601009.XSHG,balance,2022-12-31,2022q4,,total_current_assets,balance.csv,total_current_assets,,,,,identity_q1_or_ytd_diff,False,missing_raw_value
601009.XSHG,balance,2022-12-31,2022q4,,loan_and_advance,balance.csv,loan_and_advance,,,,,identity_q1_or_ytd_diff,False,missing_raw_value
601009.XSHG,balance,2022-12-31,2022q4,,hold_for_sale_assets,balance.csv,hold_for_sale_assets,,,,,identity_q1_or_ytd_diff,False,missing_raw_value
601009.XSHG,balance,2022-12-31,2022q4,,hold_to_maturity_investments,balance.csv,hold_to_maturity_investments,,,,,identity_q1_or_ytd_diff,False,missing_raw_value
601009.XSHG,balance,2022-12-31,2022q4,,longterm_equity_invest,balance.csv,longterm_equity_invest,7513996000.0,7513996000.0,7513996000.0,,identity_q1_or_ytd_diff,True,
601009.XSHG,balance,2022-12-31,2022q4,,investment_property,balance.csv,investment_property,11449000.0,11449000.0,11449000.0,,identity_q1_or_ytd_diff,True,
601009.XSHG,balance,2022-12-31,2022q4,,fixed_assets,balance.csv,fixed_assets,7213896000.0,7213896000.0,7213896000.0,,identity_q1_or_ytd_diff,True,
601009.XSHG,balance,2022-12-31,2022q4,,constru_in_process,balance.csv,constru_in_process,2156469000.0,2156469000.0,2156469000.0,,identity_q1_or_ytd_diff,True,
601009.XSHG,balance,2022-12-31,2022q4,,intangible_assets,balance.csv,intangible_assets,611470000.0,611470000.0,611470000.0,,identity_q1_or_ytd_diff,True,
601009.XSHG,balance,2022-12-31,2022q4,,good_will,balance.csv,good_will,210050000.0,210050000.0,210050000.0,,identity_q1_or_ytd_diff,True,
601009.XSHG,balance,2022-12-31,2022q4,,long_deferred_expense,balance.csv,long_deferred_expense,,,,,identity_q1_or_ytd_diff,False,missing_raw_value
601009.XSHG,balance,2022-12-31,2022q4,,deferred_tax_assets,balance.csv,deferred_tax_assets,6623690000.0,6623690000.0,6623690000.0,,identity_q1_or_ytd_diff,True,
601009.XSHG,balance,2022-12-31,2022q4,,other_non_current_assets,balance.csv,other_non_current_assets,,,,,identity_q1_or_ytd_diff,False,missing_raw_value
601009.XSHG,balance,2022-12-31,2022q4,,total_non_current_assets,balance.csv,total_non_current_assets,,,,,identity_q1_or_ytd_diff,False,missing_raw_value
601009.XSHG,balance,2022-12-31,2022q4,,total_assets,balance.csv,total_assets,2059483739000.0,2059483739000.0,2059483739000.0,,identity_q1_or_ytd_diff,True,
601009.XSHG,balance,2022-12-31,2022q4,,shortterm_loan,balance.csv,shortterm_loan,0.0,0.0,0.0,,identity_q1_or_ytd_diff,True,
601009.XSHG,balance,2022-12-31,2022q4,,borrowing_from_centralbank,balance.csv,borrowing_from_centralbank,129736792000.0,129736792000.0,129736792000.0,,identity_q1_or_ytd_diff,True,
601009.XSHG,balance,2022-12-31,2022q4,,deposit_in_interbank,balance.csv,deposit_in_interbank,1439884019000.0,1439884019000.0,1439884019000.0,,identity_q1_or_ytd_diff,True,
601009.XSHG,balance,2022-12-31,2022q4,,borrowing_capital,balance.csv,borrowing_capital,24847751000.0,24847751000.0,24847751000.0,,identity_q1_or_ytd_diff,True,
601009.XSHG,balance,2022-12-31,2022q4,,trading_liability,balance.csv,trading_liability,262487000.0,262487000.0,262487000.0,,identity_q1_or_ytd_diff,True,
601009.XSHG,balance,2022-12-31,2022q4,,notes_payable,balance.csv,notes_payable,,,,,identity_q1_or_ytd_diff,False,missing_raw_value
601009.XSHG,balance,2022-12-31,2022q4,,accounts_payable,balance.csv,accounts_payable,,,,,identity_q1_or_ytd_diff,False,missing_raw_value
601009.XSHG,balance,2022-12-31,2022q4,,advance_peceipts,balance.csv,advance_peceipts,,,,,identity_q1_or_ytd_diff,False,missing_raw_value
601009.XSHG,balance,2022-12-31,2022q4,,sold_buyback_secu_proceeds,balance.csv,sold_buyback_secu_proceeds,50039051000.0,50039051000.0,50039051000.0,,identity_q1_or_ytd_diff,True,
601009.XSHG,balance,2022-12-31,2022q4,,commission_payable,balance.csv,commission_payable,,,,,identity_q1_or_ytd_diff,False,missing_raw_value
601009.XSHG,balance,2022-12-31,2022q4,,salaries_payable,balance.csv,salaries_payable,7362764000.0,7362764000.0,7362764000.0,,identity_q1_or_ytd_diff,True,
601009.XSHG,balance,2022-12-31,2022q4,,taxs_payable,balance.csv,taxs_payable,2342280000.0,2342280000.0,2342280000.0,,identity_q1_or_ytd_diff,True,
601009.XSHG,balance,2022-12-31,2022q4,,interest_payable,balance.csv,interest_payable,,,,,identity_q1_or_ytd_diff,False,missing_raw_value
601009.XSHG,balance,2022-12-31,2022q4,,other_payable,balance.csv,other_payable,,,,,identity_q1_or_ytd_diff,False,missing_raw_value
601009.XSHG,balance,2022-12-31,2022q4,,insurance_contract_reserves,balance.csv,insurance_contract_reserves,0.0,0.0,0.0,,identity_q1_or_ytd_diff,True,
601009.XSHG,balance,2022-12-31,2022q4,,proxy_secu_proceeds,balance.csv,proxy_secu_proceeds,,,,,identity_q1_or_ytd_diff,False,missing_raw_value
601009.XSHG,balance,2022-12-31,2022q4,,non_current_liability_in_one_year,balance.csv,non_current_liability_in_one_year,,,,,identity_q1_or_ytd_diff,False,missing_raw_value
601009.XSHG,balance,2022-12-31,2022q4,,other_current_liability,balance.csv,other_current_liability,,,,,identity_q1_or_ytd_diff,False,missing_raw_value
601009.XSHG,balance,2022-12-31,2022q4,,total_current_liability,balance.csv,total_current_liability,,,,,identity_q1_or_ytd_diff,False,missing_raw_value
601009.XSHG,balance,2022-12-31,2022q4,,longterm_loan,balance.csv,longterm_loan,,,,,identity_q1_or_ytd_diff,False,missing_raw_value
601009.XSHG,balance,2022-12-31,2022q4,,bonds_payable,balance.csv,bonds_payable,230766406000.0,230766406000.0,230766406000.0,,identity_q1_or_ytd_diff,True,
601009.XSHG,balance,2022-12-31,2022q4,,estimate_liability,balance.csv,estimate_liability,1248731000.0,1248731000.0,1248731000.0,,identity_q1_or_ytd_diff,True,
601009.XSHG,balance,2022-12-31,2022q4,,deferred_tax_liability,balance.csv,deferred_tax_liability,,,,,identity_q1_or_ytd_diff,False,missing_raw_value
601009.XSHG,balance,2022-12-31,2022q4,,other_non_current_liability,balance.csv,other_non_current_liability,,,,,identity_q1_or_ytd_diff,False,missing_raw_value
601009.XSHG,balance,2022-12-31,2022q4,,total_non_current_liability,balance.csv,total_non_current_liability,,,,,identity_q1_or_ytd_diff,False,missing_raw_value
601009.XSHG,balance,2022-12-31,2022q4,,total_liability,balance.csv,total_liability,1901784904000.0,1901784904000.0,1901784904000.0,,identity_q1_or_ytd_diff,True,
601009.XSHG,balance,2022-12-31,2022q4,,paidin_capital,balance.csv,paidin_capital,10343718000.0,10343718000.0,10343718000.0,,identity_q1_or_ytd_diff,True,
601009.XSHG,balance,2022-12-31,2022q4,,capital_reserve_fund,balance.csv,capital_reserve_fund,26455733000.0,26455733000.0,26455733000.0,,identity_q1_or_ytd_diff,True,
601009.XSHG,balance,2022-12-31,2022q4,,treasury_stock,balance.csv,treasury_stock,,,,,identity_q1_or_ytd_diff,False,missing_raw_value
601009.XSHG,balance,2022-12-31,2022q4,,surplus_reserve_fund,balance.csv,surplus_reserve_fund,10128129000.0,10128129000.0,10128129000.0,,identity_q1_or_ytd_diff,True,
601009.XSHG,balance,2022-12-31,2022q4,,ordinary_risk_reserve_fund,balance.csv,ordinary_risk_reserve_fund,20070178000.0,20070178000.0,20070178000.0,,identity_q1_or_ytd_diff,True,
601009.XSHG,balance,2022-12-31,2022q4,,retained_profit,balance.csv,retained_profit,58515766000.0,58515766000.0,58515766000.0,,identity_q1_or_ytd_diff,True,
601009.XSHG,balance,2022-12-31,2022q4,,equities_parent_company_owners,balance.csv,equities_parent_company_owners,156256192000.0,156256192000.0,156256192000.0,,identity_q1_or_ytd_diff,True,
601009.XSHG,balance,2022-12-31,2022q4,,minority_interests,balance.csv,minority_interests,1442643000.0,1442643000.0,1442643000.0,,identity_q1_or_ytd_diff,True,
601009.XSHG,balance,2022-12-31,2022q4,,total_owner_equities,balance.csv,total_owner_equities,157698835000.0,157698835000.0,157698835000.0,,identity_q1_or_ytd_diff,True,
601009.XSHG,balance,2022-12-31,2022q4,,other_comprehensive_income,balance.csv,other_comprehensive_income,-829319000.0,-829319000.0,-829319000.0,,identity_q1_or_ytd_diff,True,
601009.XSHG,balance,2022-12-31,2022q4,,contract_assets,balance.csv,contract_assets,,,,,identity_q1_or_ytd_diff,False,missing_raw_value
601009.XSHG,balance,2022-12-31,2022q4,,contract_liability,balance.csv,contract_liability,,,,,identity_q1_or_ytd_diff,False,missing_raw_value
601009.XSHG,balance,2022-12-31,2022q4,,usufruct_assets,balance.csv,usufruct_assets,1257817000.0,1257817000.0,1257817000.0,,identity_q1_or_ytd_diff,True,
601009.XSHG,balance,2023-03-31,2023q1,,cash_equivalents,balance.csv,cash_equivalents,134364197000.0,134364197000.0,134364197000.0,,identity_q1_or_ytd_diff,True,
601009.XSHG,balance,2023-03-31,2023q1,,settlement_provi,balance.csv,settlement_provi,,,,,identity_q1_or_ytd_diff,False,missing_raw_value
601009.XSHG,balance,2023-03-31,2023q1,,lend_capital,balance.csv,lend_capital,9050917000.0,9050917000.0,9050917000.0,,identity_q1_or_ytd_diff,True,
601009.XSHG,balance,2023-03-31,2023q1,,trading_assets,balance.csv,trading_assets,435430499000.0,435430499000.0,435430499000.0,,identity_q1_or_ytd_diff,True,
601009.XSHG,balance,2023-03-31,2023q1,,bill_receivable,balance.csv,bill_receivable,,,,,identity_q1_or_ytd_diff,False,missing_raw_value
601009.XSHG,balance,2023-03-31,2023q1,,account_receivable,balance.csv,account_receivable,,,,,identity_q1_or_ytd_diff,False,missing_raw_value
601009.XSHG,balance,2023-03-31,2023q1,,advance_payment,balance.csv,advance_payment,,,,,identity_q1_or_ytd_diff,False,missing_raw_value
601009.XSHG,balance,2023-03-31,2023q1,,insurance_receivables,balance.csv,insurance_receivables,,,,,identity_q1_or_ytd_diff,False,missing_raw_value
601009.XSHG,balance,2023-03-31,2023q1,,interest_receivable,balance.csv,interest_receivable,,,,,identity_q1_or_ytd_diff,False,missing_raw_value
601009.XSHG,balance,2023-03-31,2023q1,,other_receivable,balance.csv,other_receivable,,,,,identity_q1_or_ytd_diff,False,missing_raw_value
601009.XSHG,balance,2023-03-31,2023q1,,bought_sellback_assets,balance.csv,bought_sellback_assets,54694126000.0,54694126000.0,54694126000.0,,identity_q1_or_ytd_diff,True,
601009.XSHG,balance,2023-03-31,2023q1,,inventories,balance.csv,inventories,,,,,identity_q1_or_ytd_diff,False,missing_raw_value
601009.XSHG,balance,2023-03-31,2023q1,,other_current_assets,balance.csv,other_current_assets,,,,,identity_q1_or_ytd_diff,False,missing_raw_value
601009.XSHG,balance,2023-03-31,2023q1,,total_current_assets,balance.csv,total_current_assets,,,,,identity_q1_or_ytd_diff,False,missing_raw_value
601009.XSHG,balance,2023-03-31,2023q1,,loan_and_advance,balance.csv,loan_and_advance,,,,,identity_q1_or_ytd_diff,False,missing_raw_value
601009.XSHG,balance,2023-03-31,2023q1,,hold_for_sale_assets,balance.csv,hold_for_sale_assets,,,,,identity_q1_or_ytd_diff,False,missing_raw_value
601009.XSHG,balance,2023-03-31,2023q1,,hold_to_maturity_investments,balance.csv,hold_to_maturity_investments,,,,,identity_q1_or_ytd_diff,False,missing_raw_value
601009.XSHG,balance,2023-03-31,2023q1,,longterm_equity_invest,balance.csv,longterm_equity_invest,7751138000.0,7751138000.0,7751138000.0,,identity_q1_or_ytd_diff,True,
601009.XSHG,balance,2023-03-31,2023q1,,investment_property,balance.csv,investment_property,11151000.0,11151000.0,11151000.0,,identity_q1_or_ytd_diff,True,
601009.XSHG,balance,2023-03-31,2023q1,,fixed_assets,balance.csv,fixed_assets,7200414000.0,7200414000.0,7200414000.0,,identity_q1_or_ytd_diff,True,
601009.XSHG,balance,2023-03-31,2023q1,,constru_in_process,balance.csv,constru_in_process,2711252000.0,2711252000.0,2711252000.0,,identity_q1_or_ytd_diff,True,
601009.XSHG,balance,2023-03-31,2023q1,,intangible_assets,balance.csv,intangible_assets,570598000.0,570598000.0,570598000.0,,identity_q1_or_ytd_diff,True,
601009.XSHG,balance,2023-03-31,2023q1,,good_will,balance.csv,good_will,210050000.0,210050000.0,210050000.0,,identity_q1_or_ytd_diff,True,
601009.XSHG,balance,2023-03-31,2023q1,,long_deferred_expense,balance.csv,long_deferred_expense,,,,,identity_q1_or_ytd_diff,False,missing_raw_value
601009.XSHG,balance,2023-03-31,2023q1,,deferred_tax_assets,balance.csv,deferred_tax_assets,7092576000.0,7092576000.0,7092576000.0,,identity_q1_or_ytd_diff,True,
601009.XSHG,balance,2023-03-31,2023q1,,other_non_current_assets,balance.csv,other_non_current_assets,,,,,identity_q1_or_ytd_diff,False,missing_raw_value
601009.XSHG,balance,2023-03-31,2023q1,,total_non_current_assets,balance.csv,total_non_current_assets,,,,,identity_q1_or_ytd_diff,False,missing_raw_value
601009.XSHG,balance,2023-03-31,2023q1,,total_assets,balance.csv,total_assets,2148464490000.0,2148464490000.0,2148464490000.0,,identity_q1_or_ytd_diff,True,
601009.XSHG,balance,2023-03-31,2023q1,,shortterm_loan,balance.csv,shortterm_loan,0.0,0.0,0.0,,identity_q1_or_ytd_diff,True,
601009.XSHG,balance,2023-03-31,2023q1,,borrowing_from_centralbank,balance.csv,borrowing_from_centralbank,140632862000.0,140632862000.0,140632862000.0,,identity_q1_or_ytd_diff,True,
601009.XSHG,balance,2023-03-31,2023q1,,deposit_in_interbank,balance.csv,deposit_in_interbank,1578481386000.0,1578481386000.0,1578481386000.0,,identity_q1_or_ytd_diff,True,
601009.XSHG,balance,2023-03-31,2023q1,,borrowing_capital,balance.csv,borrowing_capital,24094376000.0,24094376000.0,24094376000.0,,identity_q1_or_ytd_diff,True,
601009.XSHG,balance,2023-03-31,2023q1,,trading_liability,balance.csv,trading_liability,240417000.0,240417000.0,240417000.0,,identity_q1_or_ytd_diff,True,
601009.XSHG,balance,2023-03-31,2023q1,,notes_payable,balance.csv,notes_payable,,,,,identity_q1_or_ytd_diff,False,missing_raw_value
601009.XSHG,balance,2023-03-31,2023q1,,accounts_payable,balance.csv,accounts_payable,,,,,identity_q1_or_ytd_diff,False,missing_raw_value
601009.XSHG,balance,2023-03-31,2023q1,,advance_peceipts,balance.csv,advance_peceipts,,,,,identity_q1_or_ytd_diff,False,missing_raw_value
601009.XSHG,balance,2023-03-31,2023q1,,sold_buyback_secu_proceeds,balance.csv,sold_buyback_secu_proceeds,45461024000.0,45461024000.0,45461024000.0,,identity_q1_or_ytd_diff,True,
601009.XSHG,balance,2023-03-31,2023q1,,commission_payable,balance.csv,commission_payable,,,,,identity_q1_or_ytd_diff,False,missing_raw_value
601009.XSHG,balance,2023-03-31,2023q1,,salaries_payable,balance.csv,salaries_payable,6826607000.0,6826607000.0,6826607000.0,,identity_q1_or_ytd_diff,True,
601009.XSHG,balance,2023-03-31,2023q1,,taxs_payable,balance.csv,taxs_payable,3118859000.0,3118859000.0,3118859000.0,,identity_q1_or_ytd_diff,True,
601009.XSHG,balance,2023-03-31,2023q1,,interest_payable,balance.csv,interest_payable,,,,,identity_q1_or_ytd_diff,False,missing_raw_value
601009.XSHG,balance,2023-03-31,2023q1,,other_payable,balance.csv,other_payable,,,,,identity_q1_or_ytd_diff,False,missing_raw_value
601009.XSHG,balance,2023-03-31,2023q1,,insurance_contract_reserves,balance.csv,insurance_contract_reserves,0.0,0.0,0.0,,identity_q1_or_ytd_diff,True,
601009.XSHG,balance,2023-03-31,2023q1,,proxy_secu_proceeds,balance.csv,proxy_secu_proceeds,,,,,identity_q1_or_ytd_diff,False,missing_raw_value
601009.XSHG,balance,2023-03-31,2023q1,,non_current_liability_in_one_year,balance.csv,non_current_liability_in_one_year,,,,,identity_q1_or_ytd_diff,False,missing_raw_value
601009.XSHG,balance,2023-03-31,2023q1,,other_current_liability,balance.csv,other_current_liability,,,,,identity_q1_or_ytd_diff,False,missing_raw_value
601009.XSHG,balance,2023-03-31,2023q1,,total_current_liability,balance.csv,total_current_liability,,,,,identity_q1_or_ytd_diff,False,missing_raw_value
601009.XSHG,balance,2023-03-31,2023q1,,longterm_loan,balance.csv,longterm_loan,,,,,identity_q1_or_ytd_diff,False,missing_raw_value
601009.XSHG,balance,2023-03-31,2023q1,,bonds_payable,balance.csv,bonds_payable,170639399000.0,170639399000.0,170639399000.0,,identity_q1_or_ytd_diff,True,
601009.XSHG,balance,2023-03-31,2023q1,,estimate_liability,balance.csv,estimate_liability,988267000.0,988267000.0,988267000.0,,identity_q1_or_ytd_diff,True,
601009.XSHG,balance,2023-03-31,2023q1,,deferred_tax_liability,balance.csv,deferred_tax_liability,,,,,identity_q1_or_ytd_diff,False,missing_raw_value
601009.XSHG,balance,2023-03-31,2023q1,,other_non_current_liability,balance.csv,other_non_current_liability,,,,,identity_q1_or_ytd_diff,False,missing_raw_value
601009.XSHG,balance,2023-03-31,2023q1,,total_non_current_liability,balance.csv,total_non_current_liability,,,,,identity_q1_or_ytd_diff,False,missing_raw_value
601009.XSHG,balance,2023-03-31,2023q1,,total_liability,balance.csv,total_liability,1983689685000.0,1983689685000.0,1983689685000.0,,identity_q1_or_ytd_diff,True,
601009.XSHG,balance,2023-03-31,2023q1,,paidin_capital,balance.csv,paidin_capital,10343731000.0,10343731000.0,10343731000.0,,identity_q1_or_ytd_diff,True,
601009.XSHG,balance,2023-03-31,2023q1,,capital_reserve_fund,balance.csv,capital_reserve_fund,26456404000.0,26456404000.0,26456404000.0,,identity_q1_or_ytd_diff,True,
601009.XSHG,balance,2023-03-31,2023q1,,treasury_stock,balance.csv,treasury_stock,,,,,identity_q1_or_ytd_diff,False,missing_raw_value
601009.XSHG,balance,2023-03-31,2023q1,,surplus_reserve_fund,balance.csv,surplus_reserve_fund,10128129000.0,10128129000.0,10128129000.0,,identity_q1_or_ytd_diff,True,
601009.XSHG,balance,2023-03-31,2023q1,,ordinary_risk_reserve_fund,balance.csv,ordinary_risk_reserve_fund,20118613000.0,20118613000.0,20118613000.0,,identity_q1_or_ytd_diff,True,
601009.XSHG,balance,2023-03-31,2023q1,,retained_profit,balance.csv,retained_profit,63894142000.0,63894142000.0,63894142000.0,,identity_q1_or_ytd_diff,True,
601009.XSHG,balance,2023-03-31,2023q1,,equities_parent_company_owners,balance.csv,equities_parent_company_owners,161805222000.0,161805222000.0,161805222000.0,,identity_q1_or_ytd_diff,True,
601009.XSHG,balance,2023-03-31,2023q1,,minority_interests,balance.csv,minority_interests,2969583000.0,2969583000.0,2969583000.0,,identity_q1_or_ytd_diff,True,
601009.XSHG,balance,2023-03-31,2023q1,,total_owner_equities,balance.csv,total_owner_equities,164774805000.0,164774805000.0,164774805000.0,,identity_q1_or_ytd_diff,True,
601009.XSHG,balance,2023-03-31,2023q1,,other_comprehensive_income,balance.csv,other_comprehensive_income,-707771000.0,-707771000.0,-707771000.0,,identity_q1_or_ytd_diff,True,
601009.XSHG,balance,2023-03-31,2023q1,,contract_assets,balance.csv,contract_assets,,,,,identity_q1_or_ytd_diff,False,missing_raw_value
601009.XSHG,balance,2023-03-31,2023q1,,contract_liability,balance.csv,contract_liability,,,,,identity_q1_or_ytd_diff,False,missing_raw_value
601009.XSHG,balance,2023-03-31,2023q1,,usufruct_assets,balance.csv,usufruct_assets,1240751000.0,1240751000.0,1240751000.0,,identity_q1_or_ytd_diff,True,
601009.XSHG,balance,2023-06-30,2023q2,,cash_equivalents,balance.csv,cash_equivalents,137571380000.0,137571380000.0,137571380000.0,,identity_q1_or_ytd_diff,True,
601009.XSHG,balance,2023-06-30,2023q2,,settlement_provi,balance.csv,settlement_provi,,,,,identity_q1_or_ytd_diff,False,missing_raw_value
601009.XSHG,balance,2023-06-30,2023q2,,lend_capital,balance.csv,lend_capital,10036243000.0,10036243000.0,10036243000.0,,identity_q1_or_ytd_diff,True,
601009.XSHG,balance,2023-06-30,2023q2,,trading_assets,balance.csv,trading_assets,446235411000.0,446235411000.0,446235411000.0,,identity_q1_or_ytd_diff,True,
601009.XSHG,balance,2023-06-30,2023q2,,bill_receivable,balance.csv,bill_receivable,,,,,identity_q1_or_ytd_diff,False,missing_raw_value
601009.XSHG,balance,2023-06-30,2023q2,,account_receivable,balance.csv,account_receivable,,,,,identity_q1_or_ytd_diff,False,missing_raw_value
601009.XSHG,balance,2023-06-30,2023q2,,advance_payment,balance.csv,advance_payment,,,,,identity_q1_or_ytd_diff,False,missing_raw_value
601009.XSHG,balance,2023-06-30,2023q2,,insurance_receivables,balance.csv,insurance_receivables,,,,,identity_q1_or_ytd_diff,False,missing_raw_value
601009.XSHG,balance,2023-06-30,2023q2,,interest_receivable,balance.csv,interest_receivable,,,,,identity_q1_or_ytd_diff,False,missing_raw_value
601009.XSHG,balance,2023-06-30,2023q2,,other_receivable,balance.csv,other_receivable,,,,,identity_q1_or_ytd_diff,False,missing_raw_value
601009.XSHG,balance,2023-06-30,2023q2,,bought_sellback_assets,balance.csv,bought_sellback_assets,64795273000.0,64795273000.0,64795273000.0,,identity_q1_or_ytd_diff,True,
601009.XSHG,balance,2023-06-30,2023q2,,inventories,balance.csv,inventories,,,,,identity_q1_or_ytd_diff,False,missing_raw_value
601009.XSHG,balance,2023-06-30,2023q2,,other_current_assets,balance.csv,other_current_assets,,,,,identity_q1_or_ytd_diff,False,missing_raw_value
601009.XSHG,balance,2023-06-30,2023q2,,total_current_assets,balance.csv,total_current_assets,,,,,identity_q1_or_ytd_diff,False,missing_raw_value
601009.XSHG,balance,2023-06-30,2023q2,,loan_and_advance,balance.csv,loan_and_advance,,,,,identity_q1_or_ytd_diff,False,missing_raw_value
601009.XSHG,balance,2023-06-30,2023q2,,hold_for_sale_assets,balance.csv,hold_for_sale_assets,,,,,identity_q1_or_ytd_diff,False,missing_raw_value
601009.XSHG,balance,2023-06-30,2023q2,,hold_to_maturity_investments,balance.csv,hold_to_maturity_investments,,,,,identity_q1_or_ytd_diff,False,missing_raw_value
601009.XSHG,balance,2023-06-30,2023q2,,longterm_equity_invest,balance.csv,longterm_equity_invest,7653311000.0,7653311000.0,7653311000.0,,identity_q1_or_ytd_diff,True,
601009.XSHG,balance,2023-06-30,2023q2,,investment_property,balance.csv,investment_property,10853000.0,10853000.0,10853000.0,,identity_q1_or_ytd_diff,True,
601009.XSHG,balance,2023-06-30,2023q2,,fixed_assets,balance.csv,fixed_assets,7552312000.0,7552312000.0,7552312000.0,,identity_q1_or_ytd_diff,True,
601009.XSHG,balance,2023-06-30,2023q2,,constru_in_process,balance.csv,constru_in_process,2272666000.0,2272666000.0,2272666000.0,,identity_q1_or_ytd_diff,True,
601009.XSHG,balance,2023-06-30,2023q2,,intangible_assets,balance.csv,intangible_assets,567191000.0,567191000.0,567191000.0,,identity_q1_or_ytd_diff,True,
601009.XSHG,balance,2023-06-30,2023q2,,good_will,balance.csv,good_will,210050000.0,210050000.0,210050000.0,,identity_q1_or_ytd_diff,True,
601009.XSHG,balance,2023-06-30,2023q2,,long_deferred_expense,balance.csv,long_deferred_expense,,,,,identity_q1_or_ytd_diff,False,missing_raw_value
601009.XSHG,balance,2023-06-30,2023q2,,deferred_tax_assets,balance.csv,deferred_tax_assets,6092400000.0,6092400000.0,6092400000.0,,identity_q1_or_ytd_diff,True,
601009.XSHG,balance,2023-06-30,2023q2,,other_non_current_assets,balance.csv,other_non_current_assets,,,,,identity_q1_or_ytd_diff,False,missing_raw_value
601009.XSHG,balance,2023-06-30,2023q2,,total_non_current_assets,balance.csv,total_non_current_assets,,,,,identity_q1_or_ytd_diff,False,missing_raw_value
601009.XSHG,balance,2023-06-30,2023q2,,total_assets,balance.csv,total_assets,2222509670000.0,2222509670000.0,2222509670000.0,,identity_q1_or_ytd_diff,True,
601009.XSHG,balance,2023-06-30,2023q2,,shortterm_loan,balance.csv,shortterm_loan,0.0,0.0,0.0,,identity_q1_or_ytd_diff,True,
601009.XSHG,balance,2023-06-30,2023q2,,borrowing_from_centralbank,balance.csv,borrowing_from_centralbank,145635853000.0,145635853000.0,145635853000.0,,identity_q1_or_ytd_diff,True,
601009.XSHG,balance,2023-06-30,2023q2,,deposit_in_interbank,balance.csv,deposit_in_interbank,1551457263000.0,1551457263000.0,1551457263000.0,,identity_q1_or_ytd_diff,True,
601009.XSHG,balance,2023-06-30,2023q2,,borrowing_capital,balance.csv,borrowing_capital,41314633000.0,41314633000.0,41314633000.0,,identity_q1_or_ytd_diff,True,
601009.XSHG,balance,2023-06-30,2023q2,,trading_liability,balance.csv,trading_liability,471968000.0,471968000.0,471968000.0,,identity_q1_or_ytd_diff,True,
601009.XSHG,balance,2023-06-30,2023q2,,notes_payable,balance.csv,notes_payable,,,,,identity_q1_or_ytd_diff,False,missing_raw_value
601009.XSHG,balance,2023-06-30,2023q2,,accounts_payable,balance.csv,accounts_payable,,,,,identity_q1_or_ytd_diff,False,missing_raw_value
601009.XSHG,balance,2023-06-30,2023q2,,advance_peceipts,balance.csv,advance_peceipts,,,,,identity_q1_or_ytd_diff,False,missing_raw_value
601009.XSHG,balance,2023-06-30,2023q2,,sold_buyback_secu_proceeds,balance.csv,sold_buyback_secu_proceeds,87275330000.0,87275330000.0,87275330000.0,,identity_q1_or_ytd_diff,True,
601009.XSHG,balance,2023-06-30,2023q2,,commission_payable,balance.csv,commission_payable,,,,,identity_q1_or_ytd_diff,False,missing_raw_value
601009.XSHG,balance,2023-06-30,2023q2,,salaries_payable,balance.csv,salaries_payable,7207318000.0,7207318000.0,7207318000.0,,identity_q1_or_ytd_diff,True,
601009.XSHG,balance,2023-06-30,2023q2,,taxs_payable,balance.csv,taxs_payable,2322919000.0,2322919000.0,2322919000.0,,identity_q1_or_ytd_diff,True,
601009.XSHG,balance,2023-06-30,2023q2,,interest_payable,balance.csv,interest_payable,,,,,identity_q1_or_ytd_diff,False,missing_raw_value
601009.XSHG,balance,2023-06-30,2023q2,,other_payable,balance.csv,other_payable,,,,,identity_q1_or_ytd_diff,False,missing_raw_value
601009.XSHG,balance,2023-06-30,2023q2,,insurance_contract_reserves,balance.csv,insurance_contract_reserves,0.0,0.0,0.0,,identity_q1_or_ytd_diff,True,
601009.XSHG,balance,2023-06-30,2023q2,,proxy_secu_proceeds,balance.csv,proxy_secu_proceeds,,,,,identity_q1_or_ytd_diff,False,missing_raw_value
601009.XSHG,balance,2023-06-30,2023q2,,non_current_liability_in_one_year,balance.csv,non_current_liability_in_one_year,,,,,identity_q1_or_ytd_diff,False,missing_raw_value
601009.XSHG,balance,2023-06-30,2023q2,,other_current_liability,balance.csv,other_current_liability,,,,,identity_q1_or_ytd_diff,False,missing_raw_value
601009.XSHG,balance,2023-06-30,2023q2,,total_current_liability,balance.csv,total_current_liability,,,,,identity_q1_or_ytd_diff,False,missing_raw_value
601009.XSHG,balance,2023-06-30,2023q2,,longterm_loan,balance.csv,longterm_loan,,,,,identity_q1_or_ytd_diff,False,missing_raw_value
601009.XSHG,balance,2023-06-30,2023q2,,bonds_payable,balance.csv,bonds_payable,199365206000.0,199365206000.0,199365206000.0,,identity_q1_or_ytd_diff,True,
601009.XSHG,balance,2023-06-30,2023q2,,estimate_liability,balance.csv,estimate_liability,900301000.0,900301000.0,900301000.0,,identity_q1_or_ytd_diff,True,
601009.XSHG,balance,2023-06-30,2023q2,,deferred_tax_liability,balance.csv,deferred_tax_liability,,,,,identity_q1_or_ytd_diff,False,missing_raw_value
601009.XSHG,balance,2023-06-30,2023q2,,other_non_current_liability,balance.csv,other_non_current_liability,,,,,identity_q1_or_ytd_diff,False,missing_raw_value
601009.XSHG,balance,2023-06-30,2023q2,,total_non_current_liability,balance.csv,total_non_current_liability,,,,,identity_q1_or_ytd_diff,False,missing_raw_value
601009.XSHG,balance,2023-06-30,2023q2,,total_liability,balance.csv,total_liability,2057088723000.0,2057088723000.0,2057088723000.0,,identity_q1_or_ytd_diff,True,
601009.XSHG,balance,2023-06-30,2023q2,,paidin_capital,balance.csv,paidin_capital,10343733000.0,10343733000.0,10343733000.0,,identity_q1_or_ytd_diff,True,
601009.XSHG,balance,2023-06-30,2023q2,,capital_reserve_fund,balance.csv,capital_reserve_fund,26421160000.0,26421160000.0,26421160000.0,,identity_q1_or_ytd_diff,True,
601009.XSHG,balance,2023-06-30,2023q2,,treasury_stock,balance.csv,treasury_stock,,,,,identity_q1_or_ytd_diff,False,missing_raw_value
601009.XSHG,balance,2023-06-30,2023q2,,surplus_reserve_fund,balance.csv,surplus_reserve_fund,11857217000.0,11857217000.0,11857217000.0,,identity_q1_or_ytd_diff,True,
601009.XSHG,balance,2023-06-30,2023q2,,ordinary_risk_reserve_fund,balance.csv,ordinary_risk_reserve_fund,20156352000.0,20156352000.0,20156352000.0,,identity_q1_or_ytd_diff,True,
601009.XSHG,balance,2023-06-30,2023q2,,retained_profit,balance.csv,retained_profit,61862842000.0,61862842000.0,61862842000.0,,identity_q1_or_ytd_diff,True,
601009.XSHG,balance,2023-06-30,2023q2,,equities_parent_company_owners,balance.csv,equities_parent_company_owners,162458916000.0,162458916000.0,162458916000.0,,identity_q1_or_ytd_diff,True,
601009.XSHG,balance,2023-06-30,2023q2,,minority_interests,balance.csv,minority_interests,2962031000.0,2962031000.0,2962031000.0,,identity_q1_or_ytd_diff,True,
601009.XSHG,balance,2023-06-30,2023q2,,total_owner_equities,balance.csv,total_owner_equities,165420947000.0,165420947000.0,165420947000.0,,identity_q1_or_ytd_diff,True,
601009.XSHG,balance,2023-06-30,2023q2,,other_comprehensive_income,balance.csv,other_comprehensive_income,245640000.0,245640000.0,245640000.0,,identity_q1_or_ytd_diff,True,
601009.XSHG,balance,2023-06-30,2023q2,,contract_assets,balance.csv,contract_assets,,,,,identity_q1_or_ytd_diff,False,missing_raw_value
601009.XSHG,balance,2023-06-30,2023q2,,contract_liability,balance.csv,contract_liability,,,,,identity_q1_or_ytd_diff,False,missing_raw_value
601009.XSHG,balance,2023-06-30,2023q2,,usufruct_assets,balance.csv,usufruct_assets,1267854000.0,1267854000.0,1267854000.0,,identity_q1_or_ytd_diff,True,
601009.XSHG,balance,2023-09-30,2023q3,,cash_equivalents,balance.csv,cash_equivalents,136498686000.0,136498686000.0,136498686000.0,,identity_q1_or_ytd_diff,True,
601009.XSHG,balance,2023-09-30,2023q3,,settlement_provi,balance.csv,settlement_provi,,,,,identity_q1_or_ytd_diff,False,missing_raw_value
601009.XSHG,balance,2023-09-30,2023q3,,lend_capital,balance.csv,lend_capital,12952228000.0,12952228000.0,12952228000.0,,identity_q1_or_ytd_diff,True,
601009.XSHG,balance,2023-09-30,2023q3,,trading_assets,balance.csv,trading_assets,433168878000.0,433168878000.0,433168878000.0,,identity_q1_or_ytd_diff,True,
601009.XSHG,balance,2023-09-30,2023q3,,bill_receivable,balance.csv,bill_receivable,,,,,identity_q1_or_ytd_diff,False,missing_raw_value
601009.XSHG,balance,2023-09-30,2023q3,,account_receivable,balance.csv,account_receivable,,,,,identity_q1_or_ytd_diff,False,missing_raw_value
601009.XSHG,balance,2023-09-30,2023q3,,advance_payment,balance.csv,advance_payment,,,,,identity_q1_or_ytd_diff,False,missing_raw_value
601009.XSHG,balance,2023-09-30,2023q3,,insurance_receivables,balance.csv,insurance_receivables,,,,,identity_q1_or_ytd_diff,False,missing_raw_value
601009.XSHG,balance,2023-09-30,2023q3,,interest_receivable,balance.csv,interest_receivable,,,,,identity_q1_or_ytd_diff,False,missing_raw_value
601009.XSHG,balance,2023-09-30,2023q3,,other_receivable,balance.csv,other_receivable,,,,,identity_q1_or_ytd_diff,False,missing_raw_value
601009.XSHG,balance,2023-09-30,2023q3,,bought_sellback_assets,balance.csv,bought_sellback_assets,48426926000.0,48426926000.0,48426926000.0,,identity_q1_or_ytd_diff,True,
601009.XSHG,balance,2023-09-30,2023q3,,inventories,balance.csv,inventories,,,,,identity_q1_or_ytd_diff,False,missing_raw_value
601009.XSHG,balance,2023-09-30,2023q3,,other_current_assets,balance.csv,other_current_assets,,,,,identity_q1_or_ytd_diff,False,missing_raw_value
601009.XSHG,balance,2023-09-30,2023q3,,total_current_assets,balance.csv,total_current_assets,,,,,identity_q1_or_ytd_diff,False,missing_raw_value
601009.XSHG,balance,2023-09-30,2023q3,,loan_and_advance,balance.csv,loan_and_advance,,,,,identity_q1_or_ytd_diff,False,missing_raw_value
601009.XSHG,balance,2023-09-30,2023q3,,hold_for_sale_assets,balance.csv,hold_for_sale_assets,,,,,identity_q1_or_ytd_diff,False,missing_raw_value
601009.XSHG,balance,2023-09-30,2023q3,,hold_to_maturity_investments,balance.csv,hold_to_maturity_investments,,,,,identity_q1_or_ytd_diff,False,missing_raw_value
601009.XSHG,balance,2023-09-30,2023q3,,longterm_equity_invest,balance.csv,longterm_equity_invest,7848097000.0,7848097000.0,7848097000.0,,identity_q1_or_ytd_diff,True,
601009.XSHG,balance,2023-09-30,2023q3,,investment_property,balance.csv,investment_property,10555000.0,10555000.0,10555000.0,,identity_q1_or_ytd_diff,True,
601009.XSHG,balance,2023-09-30,2023q3,,fixed_assets,balance.csv,fixed_assets,7460359000.0,7460359000.0,7460359000.0,,identity_q1_or_ytd_diff,True,
601009.XSHG,balance,2023-09-30,2023q3,,constru_in_process,balance.csv,constru_in_process,2456244000.0,2456244000.0,2456244000.0,,identity_q1_or_ytd_diff,True,
601009.XSHG,balance,2023-09-30,2023q3,,intangible_assets,balance.csv,intangible_assets,547404000.0,547404000.0,547404000.0,,identity_q1_or_ytd_diff,True,
601009.XSHG,balance,2023-09-30,2023q3,,good_will,balance.csv,good_will,210050000.0,210050000.0,210050000.0,,identity_q1_or_ytd_diff,True,
601009.XSHG,balance,2023-09-30,2023q3,,long_deferred_expense,balance.csv,long_deferred_expense,,,,,identity_q1_or_ytd_diff,False,missing_raw_value
601009.XSHG,balance,2023-09-30,2023q3,,deferred_tax_assets,balance.csv,deferred_tax_assets,5992234000.0,5992234000.0,5992234000.0,,identity_q1_or_ytd_diff,True,
601009.XSHG,balance,2023-09-30,2023q3,,other_non_current_assets,balance.csv,other_non_current_assets,,,,,identity_q1_or_ytd_diff,False,missing_raw_value
601009.XSHG,balance,2023-09-30,2023q3,,total_non_current_assets,balance.csv,total_non_current_assets,,,,,identity_q1_or_ytd_diff,False,missing_raw_value
601009.XSHG,balance,2023-09-30,2023q3,,total_assets,balance.csv,total_assets,2240678969000.0,2240678969000.0,2240678969000.0,,identity_q1_or_ytd_diff,True,
601009.XSHG,balance,2023-09-30,2023q3,,shortterm_loan,balance.csv,shortterm_loan,0.0,0.0,0.0,,identity_q1_or_ytd_diff,True,
601009.XSHG,balance,2023-09-30,2023q3,,borrowing_from_centralbank,balance.csv,borrowing_from_centralbank,156679301000.0,156679301000.0,156679301000.0,,identity_q1_or_ytd_diff,True,
601009.XSHG,balance,2023-09-30,2023q3,,deposit_in_interbank,balance.csv,deposit_in_interbank,1503222780000.0,1503222780000.0,1503222780000.0,,identity_q1_or_ytd_diff,True,
601009.XSHG,balance,2023-09-30,2023q3,,borrowing_capital,balance.csv,borrowing_capital,48496766000.0,48496766000.0,48496766000.0,,identity_q1_or_ytd_diff,True,
601009.XSHG,balance,2023-09-30,2023q3,,trading_liability,balance.csv,trading_liability,451240000.0,451240000.0,451240000.0,,identity_q1_or_ytd_diff,True,
601009.XSHG,balance,2023-09-30,2023q3,,notes_payable,balance.csv,notes_payable,,,,,identity_q1_or_ytd_diff,False,missing_raw_value
601009.XSHG,balance,2023-09-30,2023q3,,accounts_payable,balance.csv,accounts_payable,,,,,identity_q1_or_ytd_diff,False,missing_raw_value
601009.XSHG,balance,2023-09-30,2023q3,,advance_peceipts,balance.csv,advance_peceipts,,,,,identity_q1_or_ytd_diff,False,missing_raw_value
601009.XSHG,balance,2023-09-30,2023q3,,sold_buyback_secu_proceeds,balance.csv,sold_buyback_secu_proceeds,96200808000.0,96200808000.0,96200808000.0,,identity_q1_or_ytd_diff,True,
601009.XSHG,balance,2023-09-30,2023q3,,commission_payable,balance.csv,commission_payable,,,,,identity_q1_or_ytd_diff,False,missing_raw_value
601009.XSHG,balance,2023-09-30,2023q3,,salaries_payable,balance.csv,salaries_payable,7260322000.0,7260322000.0,7260322000.0,,identity_q1_or_ytd_diff,True,
601009.XSHG,balance,2023-09-30,2023q3,,taxs_payable,balance.csv,taxs_payable,2843120000.0,2843120000.0,2843120000.0,,identity_q1_or_ytd_diff,True,
601009.XSHG,balance,2023-09-30,2023q3,,interest_payable,balance.csv,interest_payable,,,,,identity_q1_or_ytd_diff,False,missing_raw_value
601009.XSHG,balance,2023-09-30,2023q3,,other_payable,balance.csv,other_payable,,,,,identity_q1_or_ytd_diff,False,missing_raw_value
601009.XSHG,balance,2023-09-30,2023q3,,insurance_contract_reserves,balance.csv,insurance_contract_reserves,0.0,0.0,0.0,,identity_q1_or_ytd_diff,True,
601009.XSHG,balance,2023-09-30,2023q3,,proxy_secu_proceeds,balance.csv,proxy_secu_proceeds,,,,,identity_q1_or_ytd_diff,False,missing_raw_value
601009.XSHG,balance,2023-09-30,2023q3,,non_current_liability_in_one_year,balance.csv,non_current_liability_in_one_year,,,,,identity_q1_or_ytd_diff,False,missing_raw_value
601009.XSHG,balance,2023-09-30,2023q3,,other_current_liability,balance.csv,other_current_liability,,,,,identity_q1_or_ytd_diff,False,missing_raw_value
601009.XSHG,balance,2023-09-30,2023q3,,total_current_liability,balance.csv,total_current_liability,,,,,identity_q1_or_ytd_diff,False,missing_raw_value
601009.XSHG,balance,2023-09-30,2023q3,,longterm_loan,balance.csv,longterm_loan,,,,,identity_q1_or_ytd_diff,False,missing_raw_value
601009.XSHG,balance,2023-09-30,2023q3,,bonds_payable,balance.csv,bonds_payable,232735859000.0,232735859000.0,232735859000.0,,identity_q1_or_ytd_diff,True,
601009.XSHG,balance,2023-09-30,2023q3,,estimate_liability,balance.csv,estimate_liability,869570000.0,869570000.0,869570000.0,,identity_q1_or_ytd_diff,True,
601009.XSHG,balance,2023-09-30,2023q3,,deferred_tax_liability,balance.csv,deferred_tax_liability,,,,,identity_q1_or_ytd_diff,False,missing_raw_value
601009.XSHG,balance,2023-09-30,2023q3,,other_non_current_liability,balance.csv,other_non_current_liability,,,,,identity_q1_or_ytd_diff,False,missing_raw_value
601009.XSHG,balance,2023-09-30,2023q3,,total_non_current_liability,balance.csv,total_non_current_liability,,,,,identity_q1_or_ytd_diff,False,missing_raw_value
601009.XSHG,balance,2023-09-30,2023q3,,total_liability,balance.csv,total_liability,2071140821000.0,2071140821000.0,2071140821000.0,,identity_q1_or_ytd_diff,True,
601009.XSHG,balance,2023-09-30,2023q3,,paidin_capital,balance.csv,paidin_capital,10343733000.0,10343733000.0,10343733000.0,,identity_q1_or_ytd_diff,True,
601009.XSHG,balance,2023-09-30,2023q3,,capital_reserve_fund,balance.csv,capital_reserve_fund,26421160000.0,26421160000.0,26421160000.0,,identity_q1_or_ytd_diff,True,
601009.XSHG,balance,2023-09-30,2023q3,,treasury_stock,balance.csv,treasury_stock,,,,,identity_q1_or_ytd_diff,False,missing_raw_value
601009.XSHG,balance,2023-09-30,2023q3,,surplus_reserve_fund,balance.csv,surplus_reserve_fund,11857217000.0,11857217000.0,11857217000.0,,identity_q1_or_ytd_diff,True,
601009.XSHG,balance,2023-09-30,2023q3,,ordinary_risk_reserve_fund,balance.csv,ordinary_risk_reserve_fund,20196784000.0,20196784000.0,20196784000.0,,identity_q1_or_ytd_diff,True,
601009.XSHG,balance,2023-09-30,2023q3,,retained_profit,balance.csv,retained_profit,66218332000.0,66218332000.0,66218332000.0,,identity_q1_or_ytd_diff,True,
601009.XSHG,balance,2023-09-30,2023q3,,equities_parent_company_owners,balance.csv,equities_parent_company_owners,166542801000.0,166542801000.0,166542801000.0,,identity_q1_or_ytd_diff,True,
601009.XSHG,balance,2023-09-30,2023q3,,minority_interests,balance.csv,minority_interests,2995347000.0,2995347000.0,2995347000.0,,identity_q1_or_ytd_diff,True,
601009.XSHG,balance,2023-09-30,2023q3,,total_owner_equities,balance.csv,total_owner_equities,169538148000.0,169538148000.0,169538148000.0,,identity_q1_or_ytd_diff,True,
601009.XSHG,balance,2023-09-30,2023q3,,other_comprehensive_income,balance.csv,other_comprehensive_income,-66397000.0,-66397000.0,-66397000.0,,identity_q1_or_ytd_diff,True,
601009.XSHG,balance,2023-09-30,2023q3,,contract_assets,balance.csv,contract_assets,,,,,identity_q1_or_ytd_diff,False,missing_raw_value
601009.XSHG,balance,2023-09-30,2023q3,,contract_liability,balance.csv,contract_liability,,,,,identity_q1_or_ytd_diff,False,missing_raw_value
601009.XSHG,balance,2023-09-30,2023q3,,usufruct_assets,balance.csv,usufruct_assets,1323122000.0,1323122000.0,1323122000.0,,identity_q1_or_ytd_diff,True,
601009.XSHG,balance,2023-12-31,2023q4,,cash_equivalents,balance.csv,cash_equivalents,137232492000.0,137232492000.0,137232492000.0,,identity_q1_or_ytd_diff,True,
601009.XSHG,balance,2023-12-31,2023q4,,settlement_provi,balance.csv,settlement_provi,,,,,identity_q1_or_ytd_diff,False,missing_raw_value
601009.XSHG,balance,2023-12-31,2023q4,,lend_capital,balance.csv,lend_capital,25777277000.0,25777277000.0,25777277000.0,,identity_q1_or_ytd_diff,True,
601009.XSHG,balance,2023-12-31,2023q4,,trading_assets,balance.csv,trading_assets,443007912000.0,443007912000.0,443007912000.0,,identity_q1_or_ytd_diff,True,
601009.XSHG,balance,2023-12-31,2023q4,,bill_receivable,balance.csv,bill_receivable,,,,,identity_q1_or_ytd_diff,False,missing_raw_value
601009.XSHG,balance,2023-12-31,2023q4,,account_receivable,balance.csv,account_receivable,,,,,identity_q1_or_ytd_diff,False,missing_raw_value
601009.XSHG,balance,2023-12-31,2023q4,,advance_payment,balance.csv,advance_payment,,,,,identity_q1_or_ytd_diff,False,missing_raw_value
601009.XSHG,balance,2023-12-31,2023q4,,insurance_receivables,balance.csv,insurance_receivables,,,,,identity_q1_or_ytd_diff,False,missing_raw_value
601009.XSHG,balance,2023-12-31,2023q4,,interest_receivable,balance.csv,interest_receivable,,,,,identity_q1_or_ytd_diff,False,missing_raw_value
601009.XSHG,balance,2023-12-31,2023q4,,other_receivable,balance.csv,other_receivable,,,,,identity_q1_or_ytd_diff,False,missing_raw_value
601009.XSHG,balance,2023-12-31,2023q4,,bought_sellback_assets,balance.csv,bought_sellback_assets,47492179000.0,47492179000.0,47492179000.0,,identity_q1_or_ytd_diff,True,
601009.XSHG,balance,2023-12-31,2023q4,,inventories,balance.csv,inventories,,,,,identity_q1_or_ytd_diff,False,missing_raw_value
601009.XSHG,balance,2023-12-31,2023q4,,other_current_assets,balance.csv,other_current_assets,,,,,identity_q1_or_ytd_diff,False,missing_raw_value
601009.XSHG,balance,2023-12-31,2023q4,,total_current_assets,balance.csv,total_current_assets,,,,,identity_q1_or_ytd_diff,False,missing_raw_value
601009.XSHG,balance,2023-12-31,2023q4,,loan_and_advance,balance.csv,loan_and_advance,,,,,identity_q1_or_ytd_diff,False,missing_raw_value
601009.XSHG,balance,2023-12-31,2023q4,,hold_for_sale_assets,balance.csv,hold_for_sale_assets,,,,,identity_q1_or_ytd_diff,False,missing_raw_value
601009.XSHG,balance,2023-12-31,2023q4,,hold_to_maturity_investments,balance.csv,hold_to_maturity_investments,,,,,identity_q1_or_ytd_diff,False,missing_raw_value
601009.XSHG,balance,2023-12-31,2023q4,,longterm_equity_invest,balance.csv,longterm_equity_invest,8049115000.0,8049115000.0,8049115000.0,,identity_q1_or_ytd_diff,True,
601009.XSHG,balance,2023-12-31,2023q4,,investment_property,balance.csv,investment_property,1189887000.0,1189887000.0,1189887000.0,,identity_q1_or_ytd_diff,True,
601009.XSHG,balance,2023-12-31,2023q4,,fixed_assets,balance.csv,fixed_assets,7949110000.0,7949110000.0,7949110000.0,,identity_q1_or_ytd_diff,True,
601009.XSHG,balance,2023-12-31,2023q4,,constru_in_process,balance.csv,constru_in_process,2629418000.0,2629418000.0,2629418000.0,,identity_q1_or_ytd_diff,True,
601009.XSHG,balance,2023-12-31,2023q4,,intangible_assets,balance.csv,intangible_assets,1132750000.0,1132750000.0,1132750000.0,,identity_q1_or_ytd_diff,True,
601009.XSHG,balance,2023-12-31,2023q4,,good_will,balance.csv,good_will,210050000.0,210050000.0,210050000.0,,identity_q1_or_ytd_diff,True,
601009.XSHG,balance,2023-12-31,2023q4,,long_deferred_expense,balance.csv,long_deferred_expense,,,,,identity_q1_or_ytd_diff,False,missing_raw_value
601009.XSHG,balance,2023-12-31,2023q4,,deferred_tax_assets,balance.csv,deferred_tax_assets,5873503000.0,5873503000.0,5873503000.0,,identity_q1_or_ytd_diff,True,
601009.XSHG,balance,2023-12-31,2023q4,,other_non_current_assets,balance.csv,other_non_current_assets,,,,,identity_q1_or_ytd_diff,False,missing_raw_value
601009.XSHG,balance,2023-12-31,2023q4,,total_non_current_assets,balance.csv,total_non_current_assets,,,,,identity_q1_or_ytd_diff,False,missing_raw_value
601009.XSHG,balance,2023-12-31,2023q4,,total_assets,balance.csv,total_assets,2288275916000.0,2288275916000.0,2288275916000.0,,identity_q1_or_ytd_diff,True,
601009.XSHG,balance,2023-12-31,2023q4,,shortterm_loan,balance.csv,shortterm_loan,0.0,0.0,0.0,,identity_q1_or_ytd_diff,True,
601009.XSHG,balance,2023-12-31,2023q4,,borrowing_from_centralbank,balance.csv,borrowing_from_centralbank,153317500000.0,153317500000.0,153317500000.0,,identity_q1_or_ytd_diff,True,
601009.XSHG,balance,2023-12-31,2023q4,,deposit_in_interbank,balance.csv,deposit_in_interbank,1561174484000.0,1561174484000.0,1561174484000.0,,identity_q1_or_ytd_diff,True,
601009.XSHG,balance,2023-12-31,2023q4,,borrowing_capital,balance.csv,borrowing_capital,38885817000.0,38885817000.0,38885817000.0,,identity_q1_or_ytd_diff,True,
601009.XSHG,balance,2023-12-31,2023q4,,trading_liability,balance.csv,trading_liability,424482000.0,424482000.0,424482000.0,,identity_q1_or_ytd_diff,True,
601009.XSHG,balance,2023-12-31,2023q4,,notes_payable,balance.csv,notes_payable,,,,,identity_q1_or_ytd_diff,False,missing_raw_value
601009.XSHG,balance,2023-12-31,2023q4,,accounts_payable,balance.csv,accounts_payable,,,,,identity_q1_or_ytd_diff,False,missing_raw_value
601009.XSHG,balance,2023-12-31,2023q4,,advance_peceipts,balance.csv,advance_peceipts,,,,,identity_q1_or_ytd_diff,False,missing_raw_value
601009.XSHG,balance,2023-12-31,2023q4,,sold_buyback_secu_proceeds,balance.csv,sold_buyback_secu_proceeds,66542427000.0,66542427000.0,66542427000.0,,identity_q1_or_ytd_diff,True,
601009.XSHG,balance,2023-12-31,2023q4,,commission_payable,balance.csv,commission_payable,,,,,identity_q1_or_ytd_diff,False,missing_raw_value
601009.XSHG,balance,2023-12-31,2023q4,,salaries_payable,balance.csv,salaries_payable,7852499000.0,7852499000.0,7852499000.0,,identity_q1_or_ytd_diff,True,
601009.XSHG,balance,2023-12-31,2023q4,,taxs_payable,balance.csv,taxs_payable,2263548000.0,2263548000.0,2263548000.0,,identity_q1_or_ytd_diff,True,
601009.XSHG,balance,2023-12-31,2023q4,,interest_payable,balance.csv,interest_payable,,,,,identity_q1_or_ytd_diff,False,missing_raw_value
601009.XSHG,balance,2023-12-31,2023q4,,other_payable,balance.csv,other_payable,,,,,identity_q1_or_ytd_diff,False,missing_raw_value
601009.XSHG,balance,2023-12-31,2023q4,,insurance_contract_reserves,balance.csv,insurance_contract_reserves,0.0,0.0,0.0,,identity_q1_or_ytd_diff,True,
601009.XSHG,balance,2023-12-31,2023q4,,proxy_secu_proceeds,balance.csv,proxy_secu_proceeds,,,,,identity_q1_or_ytd_diff,False,missing_raw_value
601009.XSHG,balance,2023-12-31,2023q4,,non_current_liability_in_one_year,balance.csv,non_current_liability_in_one_year,,,,,identity_q1_or_ytd_diff,False,missing_raw_value
601009.XSHG,balance,2023-12-31,2023q4,,other_current_liability,balance.csv,other_current_liability,,,,,identity_q1_or_ytd_diff,False,missing_raw_value
601009.XSHG,balance,2023-12-31,2023q4,,total_current_liability,balance.csv,total_current_liability,,,,,identity_q1_or_ytd_diff,False,missing_raw_value
601009.XSHG,balance,2023-12-31,2023q4,,longterm_loan,balance.csv,longterm_loan,,,,,identity_q1_or_ytd_diff,False,missing_raw_value
601009.XSHG,balance,2023-12-31,2023q4,,bonds_payable,balance.csv,bonds_payable,258373078000.0,258373078000.0,258373078000.0,,identity_q1_or_ytd_diff,True,
601009.XSHG,balance,2023-12-31,2023q4,,estimate_liability,balance.csv,estimate_liability,776228000.0,776228000.0,776228000.0,,identity_q1_or_ytd_diff,True,
601009.XSHG,balance,2023-12-31,2023q4,,deferred_tax_liability,balance.csv,deferred_tax_liability,,,,,identity_q1_or_ytd_diff,False,missing_raw_value
601009.XSHG,balance,2023-12-31,2023q4,,other_non_current_liability,balance.csv,other_non_current_liability,,,,,identity_q1_or_ytd_diff,False,missing_raw_value
601009.XSHG,balance,2023-12-31,2023q4,,total_non_current_liability,balance.csv,total_non_current_liability,,,,,identity_q1_or_ytd_diff,False,missing_raw_value
601009.XSHG,balance,2023-12-31,2023q4,,total_liability,balance.csv,total_liability,2115681851000.0,2115681851000.0,2115681851000.0,,identity_q1_or_ytd_diff,True,
601009.XSHG,balance,2023-12-31,2023q4,,paidin_capital,balance.csv,paidin_capital,10343733000.0,10343733000.0,10343733000.0,,identity_q1_or_ytd_diff,True,
601009.XSHG,balance,2023-12-31,2023q4,,capital_reserve_fund,balance.csv,capital_reserve_fund,26409231000.0,26409231000.0,26409231000.0,,identity_q1_or_ytd_diff,True,
601009.XSHG,balance,2023-12-31,2023q4,,treasury_stock,balance.csv,treasury_stock,,,,,identity_q1_or_ytd_diff,False,missing_raw_value
601009.XSHG,balance,2023-12-31,2023q4,,surplus_reserve_fund,balance.csv,surplus_reserve_fund,11857217000.0,11857217000.0,11857217000.0,,identity_q1_or_ytd_diff,True,
601009.XSHG,balance,2023-12-31,2023q4,,ordinary_risk_reserve_fund,balance.csv,ordinary_risk_reserve_fund,22143535000.0,22143535000.0,22143535000.0,,identity_q1_or_ytd_diff,True,
601009.XSHG,balance,2023-12-31,2023q4,,retained_profit,balance.csv,retained_profit,66587246000.0,66587246000.0,66587246000.0,,identity_q1_or_ytd_diff,True,
601009.XSHG,balance,2023-12-31,2023q4,,equities_parent_company_owners,balance.csv,equities_parent_company_owners,169561292000.0,169561292000.0,169561292000.0,,identity_q1_or_ytd_diff,True,
601009.XSHG,balance,2023-12-31,2023q4,,minority_interests,balance.csv,minority_interests,3032773000.0,3032773000.0,3032773000.0,,identity_q1_or_ytd_diff,True,
601009.XSHG,balance,2023-12-31,2023q4,,total_owner_equities,balance.csv,total_owner_equities,172594065000.0,172594065000.0,172594065000.0,,identity_q1_or_ytd_diff,True,
601009.XSHG,balance,2023-12-31,2023q4,,other_comprehensive_income,balance.csv,other_comprehensive_income,648358000.0,648358000.0,648358000.0,,identity_q1_or_ytd_diff,True,
601009.XSHG,balance,2023-12-31,2023q4,,contract_assets,balance.csv,contract_assets,,,,,identity_q1_or_ytd_diff,False,missing_raw_value
601009.XSHG,balance,2023-12-31,2023q4,,contract_liability,balance.csv,contract_liability,,,,,identity_q1_or_ytd_diff,False,missing_raw_value
601009.XSHG,balance,2023-12-31,2023q4,,usufruct_assets,balance.csv,usufruct_assets,1312979000.0,1312979000.0,1312979000.0,,identity_q1_or_ytd_diff,True,
601009.XSHG,balance,2024-03-31,2024q1,,cash_equivalents,balance.csv,cash_equivalents,139576653000.0,139576653000.0,139576653000.0,,identity_q1_or_ytd_diff,True,
601009.XSHG,balance,2024-03-31,2024q1,,settlement_provi,balance.csv,settlement_provi,,,,,identity_q1_or_ytd_diff,False,missing_raw_value
601009.XSHG,balance,2024-03-31,2024q1,,lend_capital,balance.csv,lend_capital,24567888000.0,24567888000.0,24567888000.0,,identity_q1_or_ytd_diff,True,
601009.XSHG,balance,2024-03-31,2024q1,,trading_assets,balance.csv,trading_assets,463640651000.0,463640651000.0,463640651000.0,,identity_q1_or_ytd_diff,True,
601009.XSHG,balance,2024-03-31,2024q1,,bill_receivable,balance.csv,bill_receivable,,,,,identity_q1_or_ytd_diff,False,missing_raw_value
601009.XSHG,balance,2024-03-31,2024q1,,account_receivable,balance.csv,account_receivable,,,,,identity_q1_or_ytd_diff,False,missing_raw_value
601009.XSHG,balance,2024-03-31,2024q1,,advance_payment,balance.csv,advance_payment,,,,,identity_q1_or_ytd_diff,False,missing_raw_value
601009.XSHG,balance,2024-03-31,2024q1,,insurance_receivables,balance.csv,insurance_receivables,,,,,identity_q1_or_ytd_diff,False,missing_raw_value
601009.XSHG,balance,2024-03-31,2024q1,,interest_receivable,balance.csv,interest_receivable,,,,,identity_q1_or_ytd_diff,False,missing_raw_value
601009.XSHG,balance,2024-03-31,2024q1,,other_receivable,balance.csv,other_receivable,,,,,identity_q1_or_ytd_diff,False,missing_raw_value
601009.XSHG,balance,2024-03-31,2024q1,,bought_sellback_assets,balance.csv,bought_sellback_assets,41203622000.0,41203622000.0,41203622000.0,,identity_q1_or_ytd_diff,True,
601009.XSHG,balance,2024-03-31,2024q1,,inventories,balance.csv,inventories,,,,,identity_q1_or_ytd_diff,False,missing_raw_value
601009.XSHG,balance,2024-03-31,2024q1,,other_current_assets,balance.csv,other_current_assets,,,,,identity_q1_or_ytd_diff,False,missing_raw_value
601009.XSHG,balance,2024-03-31,2024q1,,total_current_assets,balance.csv,total_current_assets,,,,,identity_q1_or_ytd_diff,False,missing_raw_value
601009.XSHG,balance,2024-03-31,2024q1,,loan_and_advance,balance.csv,loan_and_advance,,,,,identity_q1_or_ytd_diff,False,missing_raw_value
601009.XSHG,balance,2024-03-31,2024q1,,hold_for_sale_assets,balance.csv,hold_for_sale_assets,,,,,identity_q1_or_ytd_diff,False,missing_raw_value
601009.XSHG,balance,2024-03-31,2024q1,,hold_to_maturity_investments,balance.csv,hold_to_maturity_investments,,,,,identity_q1_or_ytd_diff,False,missing_raw_value
601009.XSHG,balance,2024-03-31,2024q1,,longterm_equity_invest,balance.csv,longterm_equity_invest,8319719000.0,8319719000.0,8319719000.0,,identity_q1_or_ytd_diff,True,
601009.XSHG,balance,2024-03-31,2024q1,,investment_property,balance.csv,investment_property,1175209000.0,1175209000.0,1175209000.0,,identity_q1_or_ytd_diff,True,
601009.XSHG,balance,2024-03-31,2024q1,,fixed_assets,balance.csv,fixed_assets,7825300000.0,7825300000.0,7825300000.0,,identity_q1_or_ytd_diff,True,
601009.XSHG,balance,2024-03-31,2024q1,,constru_in_process,balance.csv,constru_in_process,2644734000.0,2644734000.0,2644734000.0,,identity_q1_or_ytd_diff,True,
601009.XSHG,balance,2024-03-31,2024q1,,intangible_assets,balance.csv,intangible_assets,1103365000.0,1103365000.0,1103365000.0,,identity_q1_or_ytd_diff,True,
601009.XSHG,balance,2024-03-31,2024q1,,good_will,balance.csv,good_will,210050000.0,210050000.0,210050000.0,,identity_q1_or_ytd_diff,True,
601009.XSHG,balance,2024-03-31,2024q1,,long_deferred_expense,balance.csv,long_deferred_expense,,,,,identity_q1_or_ytd_diff,False,missing_raw_value
601009.XSHG,balance,2024-03-31,2024q1,,deferred_tax_assets,balance.csv,deferred_tax_assets,5007389000.0,5007389000.0,5007389000.0,,identity_q1_or_ytd_diff,True,
601009.XSHG,balance,2024-03-31,2024q1,,other_non_current_assets,balance.csv,other_non_current_assets,,,,,identity_q1_or_ytd_diff,False,missing_raw_value
601009.XSHG,balance,2024-03-31,2024q1,,total_non_current_assets,balance.csv,total_non_current_assets,,,,,identity_q1_or_ytd_diff,False,missing_raw_value
601009.XSHG,balance,2024-03-31,2024q1,,total_assets,balance.csv,total_assets,2396263521000.0,2396263521000.0,2396263521000.0,,identity_q1_or_ytd_diff,True,
601009.XSHG,balance,2024-03-31,2024q1,,shortterm_loan,balance.csv,shortterm_loan,0.0,0.0,0.0,,identity_q1_or_ytd_diff,True,
601009.XSHG,balance,2024-03-31,2024q1,,borrowing_from_centralbank,balance.csv,borrowing_from_centralbank,155469702000.0,155469702000.0,155469702000.0,,identity_q1_or_ytd_diff,True,
601009.XSHG,balance,2024-03-31,2024q1,,deposit_in_interbank,balance.csv,deposit_in_interbank,1598450416000.0,1598450416000.0,1598450416000.0,,identity_q1_or_ytd_diff,True,
601009.XSHG,balance,2024-03-31,2024q1,,borrowing_capital,balance.csv,borrowing_capital,44296815000.0,44296815000.0,44296815000.0,,identity_q1_or_ytd_diff,True,
601009.XSHG,balance,2024-03-31,2024q1,,trading_liability,balance.csv,trading_liability,476430000.0,476430000.0,476430000.0,,identity_q1_or_ytd_diff,True,
601009.XSHG,balance,2024-03-31,2024q1,,notes_payable,balance.csv,notes_payable,,,,,identity_q1_or_ytd_diff,False,missing_raw_value
601009.XSHG,balance,2024-03-31,2024q1,,accounts_payable,balance.csv,accounts_payable,,,,,identity_q1_or_ytd_diff,False,missing_raw_value
601009.XSHG,balance,2024-03-31,2024q1,,advance_peceipts,balance.csv,advance_peceipts,,,,,identity_q1_or_ytd_diff,False,missing_raw_value
601009.XSHG,balance,2024-03-31,2024q1,,sold_buyback_secu_proceeds,balance.csv,sold_buyback_secu_proceeds,68019795000.0,68019795000.0,68019795000.0,,identity_q1_or_ytd_diff,True,
601009.XSHG,balance,2024-03-31,2024q1,,commission_payable,balance.csv,commission_payable,,,,,identity_q1_or_ytd_diff,False,missing_raw_value
601009.XSHG,balance,2024-03-31,2024q1,,salaries_payable,balance.csv,salaries_payable,6735205000.0,6735205000.0,6735205000.0,,identity_q1_or_ytd_diff,True,
601009.XSHG,balance,2024-03-31,2024q1,,taxs_payable,balance.csv,taxs_payable,2171521000.0,2171521000.0,2171521000.0,,identity_q1_or_ytd_diff,True,
601009.XSHG,balance,2024-03-31,2024q1,,interest_payable,balance.csv,interest_payable,,,,,identity_q1_or_ytd_diff,False,missing_raw_value
601009.XSHG,balance,2024-03-31,2024q1,,other_payable,balance.csv,other_payable,,,,,identity_q1_or_ytd_diff,False,missing_raw_value
601009.XSHG,balance,2024-03-31,2024q1,,insurance_contract_reserves,balance.csv,insurance_contract_reserves,0.0,0.0,0.0,,identity_q1_or_ytd_diff,True,
601009.XSHG,balance,2024-03-31,2024q1,,proxy_secu_proceeds,balance.csv,proxy_secu_proceeds,,,,,identity_q1_or_ytd_diff,False,missing_raw_value
601009.XSHG,balance,2024-03-31,2024q1,,non_current_liability_in_one_year,balance.csv,non_current_liability_in_one_year,,,,,identity_q1_or_ytd_diff,False,missing_raw_value
601009.XSHG,balance,2024-03-31,2024q1,,other_current_liability,balance.csv,other_current_liability,,,,,identity_q1_or_ytd_diff,False,missing_raw_value
601009.XSHG,balance,2024-03-31,2024q1,,total_current_liability,balance.csv,total_current_liability,,,,,identity_q1_or_ytd_diff,False,missing_raw_value
601009.XSHG,balance,2024-03-31,2024q1,,longterm_loan,balance.csv,longterm_loan,,,,,identity_q1_or_ytd_diff,False,missing_raw_value
601009.XSHG,balance,2024-03-31,2024q1,,bonds_payable,balance.csv,bonds_payable,303394245000.0,303394245000.0,303394245000.0,,identity_q1_or_ytd_diff,True,
601009.XSHG,balance,2024-03-31,2024q1,,estimate_liability,balance.csv,estimate_liability,1080947000.0,1080947000.0,1080947000.0,,identity_q1_or_ytd_diff,True,
601009.XSHG,balance,2024-03-31,2024q1,,deferred_tax_liability,balance.csv,deferred_tax_liability,,,,,identity_q1_or_ytd_diff,False,missing_raw_value
601009.XSHG,balance,2024-03-31,2024q1,,other_non_current_liability,balance.csv,other_non_current_liability,,,,,identity_q1_or_ytd_diff,False,missing_raw_value
601009.XSHG,balance,2024-03-31,2024q1,,total_non_current_liability,balance.csv,total_non_current_liability,,,,,identity_q1_or_ytd_diff,False,missing_raw_value
601009.XSHG,balance,2024-03-31,2024q1,,total_liability,balance.csv,total_liability,2217151779000.0,2217151779000.0,2217151779000.0,,identity_q1_or_ytd_diff,True,
601009.XSHG,balance,2024-03-31,2024q1,,paidin_capital,balance.csv,paidin_capital,10343734000.0,10343734000.0,10343734000.0,,identity_q1_or_ytd_diff,True,
601009.XSHG,balance,2024-03-31,2024q1,,capital_reserve_fund,balance.csv,capital_reserve_fund,26394903000.0,26394903000.0,26394903000.0,,identity_q1_or_ytd_diff,True,
601009.XSHG,balance,2024-03-31,2024q1,,treasury_stock,balance.csv,treasury_stock,,,,,identity_q1_or_ytd_diff,False,missing_raw_value
601009.XSHG,balance,2024-03-31,2024q1,,surplus_reserve_fund,balance.csv,surplus_reserve_fund,11857217000.0,11857217000.0,11857217000.0,,identity_q1_or_ytd_diff,True,
601009.XSHG,balance,2024-03-31,2024q1,,ordinary_risk_reserve_fund,balance.csv,ordinary_risk_reserve_fund,22192172000.0,22192172000.0,22192172000.0,,identity_q1_or_ytd_diff,True,
601009.XSHG,balance,2024-03-31,2024q1,,retained_profit,balance.csv,retained_profit,72244438000.0,72244438000.0,72244438000.0,,identity_q1_or_ytd_diff,True,
601009.XSHG,balance,2024-03-31,2024q1,,equities_parent_company_owners,balance.csv,equities_parent_company_owners,176034191000.0,176034191000.0,176034191000.0,,identity_q1_or_ytd_diff,True,
601009.XSHG,balance,2024-03-31,2024q1,,minority_interests,balance.csv,minority_interests,3077551000.0,3077551000.0,3077551000.0,,identity_q1_or_ytd_diff,True,
601009.XSHG,balance,2024-03-31,2024q1,,total_owner_equities,balance.csv,total_owner_equities,179111742000.0,179111742000.0,179111742000.0,,identity_q1_or_ytd_diff,True,
601009.XSHG,balance,2024-03-31,2024q1,,other_comprehensive_income,balance.csv,other_comprehensive_income,1429756000.0,1429756000.0,1429756000.0,,identity_q1_or_ytd_diff,True,
601009.XSHG,balance,2024-03-31,2024q1,,contract_assets,balance.csv,contract_assets,,,,,identity_q1_or_ytd_diff,False,missing_raw_value
601009.XSHG,balance,2024-03-31,2024q1,,contract_liability,balance.csv,contract_liability,,,,,identity_q1_or_ytd_diff,False,missing_raw_value
601009.XSHG,balance,2024-03-31,2024q1,,usufruct_assets,balance.csv,usufruct_assets,1309862000.0,1309862000.0,1309862000.0,,identity_q1_or_ytd_diff,True,
601009.XSHG,balance,2024-06-30,2024q2,,cash_equivalents,balance.csv,cash_equivalents,144748341000.0,144748341000.0,144748341000.0,,identity_q1_or_ytd_diff,True,
601009.XSHG,balance,2024-06-30,2024q2,,settlement_provi,balance.csv,settlement_provi,,,,,identity_q1_or_ytd_diff,False,missing_raw_value
601009.XSHG,balance,2024-06-30,2024q2,,lend_capital,balance.csv,lend_capital,32898316000.0,32898316000.0,32898316000.0,,identity_q1_or_ytd_diff,True,
601009.XSHG,balance,2024-06-30,2024q2,,trading_assets,balance.csv,trading_assets,488949320000.0,488949320000.0,488949320000.0,,identity_q1_or_ytd_diff,True,
601009.XSHG,balance,2024-06-30,2024q2,,bill_receivable,balance.csv,bill_receivable,,,,,identity_q1_or_ytd_diff,False,missing_raw_value
601009.XSHG,balance,2024-06-30,2024q2,,account_receivable,balance.csv,account_receivable,,,,,identity_q1_or_ytd_diff,False,missing_raw_value
601009.XSHG,balance,2024-06-30,2024q2,,advance_payment,balance.csv,advance_payment,,,,,identity_q1_or_ytd_diff,False,missing_raw_value
601009.XSHG,balance,2024-06-30,2024q2,,insurance_receivables,balance.csv,insurance_receivables,,,,,identity_q1_or_ytd_diff,False,missing_raw_value
601009.XSHG,balance,2024-06-30,2024q2,,interest_receivable,balance.csv,interest_receivable,,,,,identity_q1_or_ytd_diff,False,missing_raw_value
601009.XSHG,balance,2024-06-30,2024q2,,other_receivable,balance.csv,other_receivable,,,,,identity_q1_or_ytd_diff,False,missing_raw_value
601009.XSHG,balance,2024-06-30,2024q2,,bought_sellback_assets,balance.csv,bought_sellback_assets,29969905000.0,29969905000.0,29969905000.0,,identity_q1_or_ytd_diff,True,
601009.XSHG,balance,2024-06-30,2024q2,,inventories,balance.csv,inventories,,,,,identity_q1_or_ytd_diff,False,missing_raw_value
601009.XSHG,balance,2024-06-30,2024q2,,other_current_assets,balance.csv,other_current_assets,,,,,identity_q1_or_ytd_diff,False,missing_raw_value
601009.XSHG,balance,2024-06-30,2024q2,,total_current_assets,balance.csv,total_current_assets,,,,,identity_q1_or_ytd_diff,False,missing_raw_value
601009.XSHG,balance,2024-06-30,2024q2,,loan_and_advance,balance.csv,loan_and_advance,,,,,identity_q1_or_ytd_diff,False,missing_raw_value
601009.XSHG,balance,2024-06-30,2024q2,,hold_for_sale_assets,balance.csv,hold_for_sale_assets,,,,,identity_q1_or_ytd_diff,False,missing_raw_value
601009.XSHG,balance,2024-06-30,2024q2,,hold_to_maturity_investments,balance.csv,hold_to_maturity_investments,,,,,identity_q1_or_ytd_diff,False,missing_raw_value
601009.XSHG,balance,2024-06-30,2024q2,,longterm_equity_invest,balance.csv,longterm_equity_invest,8275354000.0,8275354000.0,8275354000.0,,identity_q1_or_ytd_diff,True,
601009.XSHG,balance,2024-06-30,2024q2,,investment_property,balance.csv,investment_property,1160530000.0,1160530000.0,1160530000.0,,identity_q1_or_ytd_diff,True,
601009.XSHG,balance,2024-06-30,2024q2,,fixed_assets,balance.csv,fixed_assets,7979692000.0,7979692000.0,7979692000.0,,identity_q1_or_ytd_diff,True,
601009.XSHG,balance,2024-06-30,2024q2,,constru_in_process,balance.csv,constru_in_process,2384039000.0,2384039000.0,2384039000.0,,identity_q1_or_ytd_diff,True,
601009.XSHG,balance,2024-06-30,2024q2,,intangible_assets,balance.csv,intangible_assets,1093451000.0,1093451000.0,1093451000.0,,identity_q1_or_ytd_diff,True,
601009.XSHG,balance,2024-06-30,2024q2,,good_will,balance.csv,good_will,210050000.0,210050000.0,210050000.0,,identity_q1_or_ytd_diff,True,
601009.XSHG,balance,2024-06-30,2024q2,,long_deferred_expense,balance.csv,long_deferred_expense,,,,,identity_q1_or_ytd_diff,False,missing_raw_value
601009.XSHG,balance,2024-06-30,2024q2,,deferred_tax_assets,balance.csv,deferred_tax_assets,4227826000.0,4227826000.0,4227826000.0,,identity_q1_or_ytd_diff,True,
601009.XSHG,balance,2024-06-30,2024q2,,other_non_current_assets,balance.csv,other_non_current_assets,,,,,identity_q1_or_ytd_diff,False,missing_raw_value
601009.XSHG,balance,2024-06-30,2024q2,,total_non_current_assets,balance.csv,total_non_current_assets,,,,,identity_q1_or_ytd_diff,False,missing_raw_value
601009.XSHG,balance,2024-06-30,2024q2,,total_assets,balance.csv,total_assets,2482820922000.0,2482820922000.0,2482820922000.0,,identity_q1_or_ytd_diff,True,
601009.XSHG,balance,2024-06-30,2024q2,,shortterm_loan,balance.csv,shortterm_loan,0.0,0.0,0.0,,identity_q1_or_ytd_diff,True,
601009.XSHG,balance,2024-06-30,2024q2,,borrowing_from_centralbank,balance.csv,borrowing_from_centralbank,155742501000.0,155742501000.0,155742501000.0,,identity_q1_or_ytd_diff,True,
601009.XSHG,balance,2024-06-30,2024q2,,deposit_in_interbank,balance.csv,deposit_in_interbank,1599282369000.0,1599282369000.0,1599282369000.0,,identity_q1_or_ytd_diff,True,
601009.XSHG,balance,2024-06-30,2024q2,,borrowing_capital,balance.csv,borrowing_capital,47021239000.0,47021239000.0,47021239000.0,,identity_q1_or_ytd_diff,True,
601009.XSHG,balance,2024-06-30,2024q2,,trading_liability,balance.csv,trading_liability,584662000.0,584662000.0,584662000.0,,identity_q1_or_ytd_diff,True,
601009.XSHG,balance,2024-06-30,2024q2,,notes_payable,balance.csv,notes_payable,,,,,identity_q1_or_ytd_diff,False,missing_raw_value
601009.XSHG,balance,2024-06-30,2024q2,,accounts_payable,balance.csv,accounts_payable,,,,,identity_q1_or_ytd_diff,False,missing_raw_value
601009.XSHG,balance,2024-06-30,2024q2,,advance_peceipts,balance.csv,advance_peceipts,,,,,identity_q1_or_ytd_diff,False,missing_raw_value
601009.XSHG,balance,2024-06-30,2024q2,,sold_buyback_secu_proceeds,balance.csv,sold_buyback_secu_proceeds,39392277000.0,39392277000.0,39392277000.0,,identity_q1_or_ytd_diff,True,
601009.XSHG,balance,2024-06-30,2024q2,,commission_payable,balance.csv,commission_payable,,,,,identity_q1_or_ytd_diff,False,missing_raw_value
601009.XSHG,balance,2024-06-30,2024q2,,salaries_payable,balance.csv,salaries_payable,7245364000.0,7245364000.0,7245364000.0,,identity_q1_or_ytd_diff,True,
601009.XSHG,balance,2024-06-30,2024q2,,taxs_payable,balance.csv,taxs_payable,1728208000.0,1728208000.0,1728208000.0,,identity_q1_or_ytd_diff,True,
601009.XSHG,balance,2024-06-30,2024q2,,interest_payable,balance.csv,interest_payable,,,,,identity_q1_or_ytd_diff,False,missing_raw_value
601009.XSHG,balance,2024-06-30,2024q2,,other_payable,balance.csv,other_payable,,,,,identity_q1_or_ytd_diff,False,missing_raw_value
601009.XSHG,balance,2024-06-30,2024q2,,insurance_contract_reserves,balance.csv,insurance_contract_reserves,0.0,0.0,0.0,,identity_q1_or_ytd_diff,True,
601009.XSHG,balance,2024-06-30,2024q2,,proxy_secu_proceeds,balance.csv,proxy_secu_proceeds,,,,,identity_q1_or_ytd_diff,False,missing_raw_value
601009.XSHG,balance,2024-06-30,2024q2,,non_current_liability_in_one_year,balance.csv,non_current_liability_in_one_year,,,,,identity_q1_or_ytd_diff,False,missing_raw_value
601009.XSHG,balance,2024-06-30,2024q2,,other_current_liability,balance.csv,other_current_liability,,,,,identity_q1_or_ytd_diff,False,missing_raw_value
601009.XSHG,balance,2024-06-30,2024q2,,total_current_liability,balance.csv,total_current_liability,,,,,identity_q1_or_ytd_diff,False,missing_raw_value
601009.XSHG,balance,2024-06-30,2024q2,,longterm_loan,balance.csv,longterm_loan,,,,,identity_q1_or_ytd_diff,False,missing_raw_value
601009.XSHG,balance,2024-06-30,2024q2,,bonds_payable,balance.csv,bonds_payable,410239033000.0,410239033000.0,410239033000.0,,identity_q1_or_ytd_diff,True,
601009.XSHG,balance,2024-06-30,2024q2,,estimate_liability,balance.csv,estimate_liability,1076689000.0,1076689000.0,1076689000.0,,identity_q1_or_ytd_diff,True,
601009.XSHG,balance,2024-06-30,2024q2,,deferred_tax_liability,balance.csv,deferred_tax_liability,,,,,identity_q1_or_ytd_diff,False,missing_raw_value
601009.XSHG,balance,2024-06-30,2024q2,,other_non_current_liability,balance.csv,other_non_current_liability,,,,,identity_q1_or_ytd_diff,False,missing_raw_value
601009.XSHG,balance,2024-06-30,2024q2,,total_non_current_liability,balance.csv,total_non_current_liability,,,,,identity_q1_or_ytd_diff,False,missing_raw_value
601009.XSHG,balance,2024-06-30,2024q2,,total_liability,balance.csv,total_liability,2302704307000.0,2302704307000.0,2302704307000.0,,identity_q1_or_ytd_diff,True,
601009.XSHG,balance,2024-06-30,2024q2,,paidin_capital,balance.csv,paidin_capital,10343794000.0,10343794000.0,10343794000.0,,identity_q1_or_ytd_diff,True,
601009.XSHG,balance,2024-06-30,2024q2,,capital_reserve_fund,balance.csv,capital_reserve_fund,26392086000.0,26392086000.0,26392086000.0,,identity_q1_or_ytd_diff,True,
601009.XSHG,balance,2024-06-30,2024q2,,treasury_stock,balance.csv,treasury_stock,,,,,identity_q1_or_ytd_diff,False,missing_raw_value
601009.XSHG,balance,2024-06-30,2024q2,,surplus_reserve_fund,balance.csv,surplus_reserve_fund,13630658000.0,13630658000.0,13630658000.0,,identity_q1_or_ytd_diff,True,
601009.XSHG,balance,2024-06-30,2024q2,,ordinary_risk_reserve_fund,balance.csv,ordinary_risk_reserve_fund,22278832000.0,22278832000.0,22278832000.0,,identity_q1_or_ytd_diff,True,
601009.XSHG,balance,2024-06-30,2024q2,,retained_profit,balance.csv,retained_profit,70584852000.0,70584852000.0,70584852000.0,,identity_q1_or_ytd_diff,True,
601009.XSHG,balance,2024-06-30,2024q2,,equities_parent_company_owners,balance.csv,equities_parent_company_owners,177047605000.0,177047605000.0,177047605000.0,,identity_q1_or_ytd_diff,True,
601009.XSHG,balance,2024-06-30,2024q2,,minority_interests,balance.csv,minority_interests,3069010000.0,3069010000.0,3069010000.0,,identity_q1_or_ytd_diff,True,
601009.XSHG,balance,2024-06-30,2024q2,,total_owner_equities,balance.csv,total_owner_equities,180116615000.0,180116615000.0,180116615000.0,,identity_q1_or_ytd_diff,True,
601009.XSHG,balance,2024-06-30,2024q2,,other_comprehensive_income,balance.csv,other_comprehensive_income,2245466000.0,2245466000.0,2245466000.0,,identity_q1_or_ytd_diff,True,
601009.XSHG,balance,2024-06-30,2024q2,,contract_assets,balance.csv,contract_assets,,,,,identity_q1_or_ytd_diff,False,missing_raw_value
601009.XSHG,balance,2024-06-30,2024q2,,contract_liability,balance.csv,contract_liability,,,,,identity_q1_or_ytd_diff,False,missing_raw_value
601009.XSHG,balance,2024-06-30,2024q2,,usufruct_assets,balance.csv,usufruct_assets,1220091000.0,1220091000.0,1220091000.0,,identity_q1_or_ytd_diff,True,
601009.XSHG,balance,2024-09-30,2024q3,,cash_equivalents,balance.csv,cash_equivalents,153340849000.0,153340849000.0,153340849000.0,,identity_q1_or_ytd_diff,True,
601009.XSHG,balance,2024-09-30,2024q3,,settlement_provi,balance.csv,settlement_provi,,,,,identity_q1_or_ytd_diff,False,missing_raw_value
601009.XSHG,balance,2024-09-30,2024q3,,lend_capital,balance.csv,lend_capital,30369802000.0,30369802000.0,30369802000.0,,identity_q1_or_ytd_diff,True,
601009.XSHG,balance,2024-09-30,2024q3,,trading_assets,balance.csv,trading_assets,494610796000.0,494610796000.0,494610796000.0,,identity_q1_or_ytd_diff,True,
601009.XSHG,balance,2024-09-30,2024q3,,bill_receivable,balance.csv,bill_receivable,,,,,identity_q1_or_ytd_diff,False,missing_raw_value
601009.XSHG,balance,2024-09-30,2024q3,,account_receivable,balance.csv,account_receivable,,,,,identity_q1_or_ytd_diff,False,missing_raw_value
601009.XSHG,balance,2024-09-30,2024q3,,advance_payment,balance.csv,advance_payment,,,,,identity_q1_or_ytd_diff,False,missing_raw_value
601009.XSHG,balance,2024-09-30,2024q3,,insurance_receivables,balance.csv,insurance_receivables,,,,,identity_q1_or_ytd_diff,False,missing_raw_value
601009.XSHG,balance,2024-09-30,2024q3,,interest_receivable,balance.csv,interest_receivable,,,,,identity_q1_or_ytd_diff,False,missing_raw_value
601009.XSHG,balance,2024-09-30,2024q3,,other_receivable,balance.csv,other_receivable,,,,,identity_q1_or_ytd_diff,False,missing_raw_value
601009.XSHG,balance,2024-09-30,2024q3,,bought_sellback_assets,balance.csv,bought_sellback_assets,46328264000.0,46328264000.0,46328264000.0,,identity_q1_or_ytd_diff,True,
601009.XSHG,balance,2024-09-30,2024q3,,inventories,balance.csv,inventories,,,,,identity_q1_or_ytd_diff,False,missing_raw_value
601009.XSHG,balance,2024-09-30,2024q3,,other_current_assets,balance.csv,other_current_assets,,,,,identity_q1_or_ytd_diff,False,missing_raw_value
601009.XSHG,balance,2024-09-30,2024q3,,total_current_assets,balance.csv,total_current_assets,,,,,identity_q1_or_ytd_diff,False,missing_raw_value
601009.XSHG,balance,2024-09-30,2024q3,,loan_and_advance,balance.csv,loan_and_advance,,,,,identity_q1_or_ytd_diff,False,missing_raw_value
601009.XSHG,balance,2024-09-30,2024q3,,hold_for_sale_assets,balance.csv,hold_for_sale_assets,,,,,identity_q1_or_ytd_diff,False,missing_raw_value
601009.XSHG,balance,2024-09-30,2024q3,,hold_to_maturity_investments,balance.csv,hold_to_maturity_investments,,,,,identity_q1_or_ytd_diff,False,missing_raw_value
601009.XSHG,balance,2024-09-30,2024q3,,longterm_equity_invest,balance.csv,longterm_equity_invest,10151769000.0,10151769000.0,10151769000.0,,identity_q1_or_ytd_diff,True,
601009.XSHG,balance,2024-09-30,2024q3,,investment_property,balance.csv,investment_property,1149024000.0,1149024000.0,1149024000.0,,identity_q1_or_ytd_diff,True,
601009.XSHG,balance,2024-09-30,2024q3,,fixed_assets,balance.csv,fixed_assets,7818884000.0,7818884000.0,7818884000.0,,identity_q1_or_ytd_diff,True,
601009.XSHG,balance,2024-09-30,2024q3,,constru_in_process,balance.csv,constru_in_process,2826795000.0,2826795000.0,2826795000.0,,identity_q1_or_ytd_diff,True,
601009.XSHG,balance,2024-09-30,2024q3,,intangible_assets,balance.csv,intangible_assets,1078116000.0,1078116000.0,1078116000.0,,identity_q1_or_ytd_diff,True,
601009.XSHG,balance,2024-09-30,2024q3,,good_will,balance.csv,good_will,210050000.0,210050000.0,210050000.0,,identity_q1_or_ytd_diff,True,
601009.XSHG,balance,2024-09-30,2024q3,,long_deferred_expense,balance.csv,long_deferred_expense,,,,,identity_q1_or_ytd_diff,False,missing_raw_value
601009.XSHG,balance,2024-09-30,2024q3,,deferred_tax_assets,balance.csv,deferred_tax_assets,4185470000.0,4185470000.0,4185470000.0,,identity_q1_or_ytd_diff,True,
601009.XSHG,balance,2024-09-30,2024q3,,other_non_current_assets,balance.csv,other_non_current_assets,,,,,identity_q1_or_ytd_diff,False,missing_raw_value
601009.XSHG,balance,2024-09-30,2024q3,,total_non_current_assets,balance.csv,total_non_current_assets,,,,,identity_q1_or_ytd_diff,False,missing_raw_value
601009.XSHG,balance,2024-09-30,2024q3,,total_assets,balance.csv,total_assets,2547037415000.0,2547037415000.0,2547037415000.0,,identity_q1_or_ytd_diff,True,
601009.XSHG,balance,2024-09-30,2024q3,,shortterm_loan,balance.csv,shortterm_loan,0.0,0.0,0.0,,identity_q1_or_ytd_diff,True,
601009.XSHG,balance,2024-09-30,2024q3,,borrowing_from_centralbank,balance.csv,borrowing_from_centralbank,150848946000.0,150848946000.0,150848946000.0,,identity_q1_or_ytd_diff,True,
601009.XSHG,balance,2024-09-30,2024q3,,deposit_in_interbank,balance.csv,deposit_in_interbank,1605754052000.0,1605754052000.0,1605754052000.0,,identity_q1_or_ytd_diff,True,
601009.XSHG,balance,2024-09-30,2024q3,,borrowing_capital,balance.csv,borrowing_capital,56137674000.0,56137674000.0,56137674000.0,,identity_q1_or_ytd_diff,True,
601009.XSHG,balance,2024-09-30,2024q3,,trading_liability,balance.csv,trading_liability,556676000.0,556676000.0,556676000.0,,identity_q1_or_ytd_diff,True,
601009.XSHG,balance,2024-09-30,2024q3,,notes_payable,balance.csv,notes_payable,,,,,identity_q1_or_ytd_diff,False,missing_raw_value
601009.XSHG,balance,2024-09-30,2024q3,,accounts_payable,balance.csv,accounts_payable,,,,,identity_q1_or_ytd_diff,False,missing_raw_value
601009.XSHG,balance,2024-09-30,2024q3,,advance_peceipts,balance.csv,advance_peceipts,,,,,identity_q1_or_ytd_diff,False,missing_raw_value
601009.XSHG,balance,2024-09-30,2024q3,,sold_buyback_secu_proceeds,balance.csv,sold_buyback_secu_proceeds,48064795000.0,48064795000.0,48064795000.0,,identity_q1_or_ytd_diff,True,
601009.XSHG,balance,2024-09-30,2024q3,,commission_payable,balance.csv,commission_payable,,,,,identity_q1_or_ytd_diff,False,missing_raw_value
601009.XSHG,balance,2024-09-30,2024q3,,salaries_payable,balance.csv,salaries_payable,7278606000.0,7278606000.0,7278606000.0,,identity_q1_or_ytd_diff,True,
601009.XSHG,balance,2024-09-30,2024q3,,taxs_payable,balance.csv,taxs_payable,2630715000.0,2630715000.0,2630715000.0,,identity_q1_or_ytd_diff,True,
601009.XSHG,balance,2024-09-30,2024q3,,interest_payable,balance.csv,interest_payable,,,,,identity_q1_or_ytd_diff,False,missing_raw_value
601009.XSHG,balance,2024-09-30,2024q3,,other_payable,balance.csv,other_payable,,,,,identity_q1_or_ytd_diff,False,missing_raw_value
601009.XSHG,balance,2024-09-30,2024q3,,insurance_contract_reserves,balance.csv,insurance_contract_reserves,0.0,0.0,0.0,,identity_q1_or_ytd_diff,True,
601009.XSHG,balance,2024-09-30,2024q3,,proxy_secu_proceeds,balance.csv,proxy_secu_proceeds,,,,,identity_q1_or_ytd_diff,False,missing_raw_value
601009.XSHG,balance,2024-09-30,2024q3,,non_current_liability_in_one_year,balance.csv,non_current_liability_in_one_year,,,,,identity_q1_or_ytd_diff,False,missing_raw_value
601009.XSHG,balance,2024-09-30,2024q3,,other_current_liability,balance.csv,other_current_liability,,,,,identity_q1_or_ytd_diff,False,missing_raw_value
601009.XSHG,balance,2024-09-30,2024q3,,total_current_liability,balance.csv,total_current_liability,,,,,identity_q1_or_ytd_diff,False,missing_raw_value
601009.XSHG,balance,2024-09-30,2024q3,,longterm_loan,balance.csv,longterm_loan,,,,,identity_q1_or_ytd_diff,False,missing_raw_value
601009.XSHG,balance,2024-09-30,2024q3,,bonds_payable,balance.csv,bonds_payable,451591039000.0,451591039000.0,451591039000.0,,identity_q1_or_ytd_diff,True,
601009.XSHG,balance,2024-09-30,2024q3,,estimate_liability,balance.csv,estimate_liability,1024763000.0,1024763000.0,1024763000.0,,identity_q1_or_ytd_diff,True,
601009.XSHG,balance,2024-09-30,2024q3,,deferred_tax_liability,balance.csv,deferred_tax_liability,,,,,identity_q1_or_ytd_diff,False,missing_raw_value
601009.XSHG,balance,2024-09-30,2024q3,,other_non_current_liability,balance.csv,other_non_current_liability,,,,,identity_q1_or_ytd_diff,False,missing_raw_value
601009.XSHG,balance,2024-09-30,2024q3,,total_non_current_liability,balance.csv,total_non_current_liability,,,,,identity_q1_or_ytd_diff,False,missing_raw_value
601009.XSHG,balance,2024-09-30,2024q3,,total_liability,balance.csv,total_liability,2364511277000.0,2364511277000.0,2364511277000.0,,identity_q1_or_ytd_diff,True,
601009.XSHG,balance,2024-09-30,2024q3,,paidin_capital,balance.csv,paidin_capital,10492664000.0,10492664000.0,10492664000.0,,identity_q1_or_ytd_diff,True,
601009.XSHG,balance,2024-09-30,2024q3,,capital_reserve_fund,balance.csv,capital_reserve_fund,27665162000.0,27665162000.0,27665162000.0,,identity_q1_or_ytd_diff,True,
601009.XSHG,balance,2024-09-30,2024q3,,treasury_stock,balance.csv,treasury_stock,,,,,identity_q1_or_ytd_diff,False,missing_raw_value
601009.XSHG,balance,2024-09-30,2024q3,,surplus_reserve_fund,balance.csv,surplus_reserve_fund,13630658000.0,13630658000.0,13630658000.0,,identity_q1_or_ytd_diff,True,
601009.XSHG,balance,2024-09-30,2024q3,,ordinary_risk_reserve_fund,balance.csv,ordinary_risk_reserve_fund,22347278000.0,22347278000.0,22347278000.0,,identity_q1_or_ytd_diff,True,
601009.XSHG,balance,2024-09-30,2024q3,,retained_profit,balance.csv,retained_profit,71669689000.0,71669689000.0,71669689000.0,,identity_q1_or_ytd_diff,True,
601009.XSHG,balance,2024-09-30,2024q3,,equities_parent_company_owners,balance.csv,equities_parent_company_owners,179177807000.0,179177807000.0,179177807000.0,,identity_q1_or_ytd_diff,True,
601009.XSHG,balance,2024-09-30,2024q3,,minority_interests,balance.csv,minority_interests,3348331000.0,3348331000.0,3348331000.0,,identity_q1_or_ytd_diff,True,
601009.XSHG,balance,2024-09-30,2024q3,,total_owner_equities,balance.csv,total_owner_equities,182526138000.0,182526138000.0,182526138000.0,,identity_q1_or_ytd_diff,True,
601009.XSHG,balance,2024-09-30,2024q3,,other_comprehensive_income,balance.csv,other_comprehensive_income,1932834000.0,1932834000.0,1932834000.0,,identity_q1_or_ytd_diff,True,
601009.XSHG,balance,2024-09-30,2024q3,,contract_assets,balance.csv,contract_assets,,,,,identity_q1_or_ytd_diff,False,missing_raw_value
601009.XSHG,balance,2024-09-30,2024q3,,contract_liability,balance.csv,contract_liability,,,,,identity_q1_or_ytd_diff,False,missing_raw_value
601009.XSHG,balance,2024-09-30,2024q3,,usufruct_assets,balance.csv,usufruct_assets,1186364000.0,1186364000.0,1186364000.0,,identity_q1_or_ytd_diff,True,
601009.XSHG,balance,2024-12-31,2024q4,,cash_equivalents,balance.csv,cash_equivalents,161242642000.0,161242642000.0,161242642000.0,,identity_q1_or_ytd_diff,True,
601009.XSHG,balance,2024-12-31,2024q4,,settlement_provi,balance.csv,settlement_provi,,,,,identity_q1_or_ytd_diff,False,missing_raw_value
601009.XSHG,balance,2024-12-31,2024q4,,lend_capital,balance.csv,lend_capital,30022315000.0,30022315000.0,30022315000.0,,identity_q1_or_ytd_diff,True,
601009.XSHG,balance,2024-12-31,2024q4,,trading_assets,balance.csv,trading_assets,471988561000.0,471988561000.0,471988561000.0,,identity_q1_or_ytd_diff,True,
601009.XSHG,balance,2024-12-31,2024q4,,bill_receivable,balance.csv,bill_receivable,,,,,identity_q1_or_ytd_diff,False,missing_raw_value
601009.XSHG,balance,2024-12-31,2024q4,,account_receivable,balance.csv,account_receivable,,,,,identity_q1_or_ytd_diff,False,missing_raw_value
601009.XSHG,balance,2024-12-31,2024q4,,advance_payment,balance.csv,advance_payment,,,,,identity_q1_or_ytd_diff,False,missing_raw_value
601009.XSHG,balance,2024-12-31,2024q4,,insurance_receivables,balance.csv,insurance_receivables,,,,,identity_q1_or_ytd_diff,False,missing_raw_value
601009.XSHG,balance,2024-12-31,2024q4,,interest_receivable,balance.csv,interest_receivable,,,,,identity_q1_or_ytd_diff,False,missing_raw_value
601009.XSHG,balance,2024-12-31,2024q4,,other_receivable,balance.csv,other_receivable,,,,,identity_q1_or_ytd_diff,False,missing_raw_value
601009.XSHG,balance,2024-12-31,2024q4,,bought_sellback_assets,balance.csv,bought_sellback_assets,50279775000.0,50279775000.0,50279775000.0,,identity_q1_or_ytd_diff,True,
601009.XSHG,balance,2024-12-31,2024q4,,inventories,balance.csv,inventories,,,,,identity_q1_or_ytd_diff,False,missing_raw_value
601009.XSHG,balance,2024-12-31,2024q4,,other_current_assets,balance.csv,other_current_assets,,,,,identity_q1_or_ytd_diff,False,missing_raw_value
601009.XSHG,balance,2024-12-31,2024q4,,total_current_assets,balance.csv,total_current_assets,,,,,identity_q1_or_ytd_diff,False,missing_raw_value
601009.XSHG,balance,2024-12-31,2024q4,,loan_and_advance,balance.csv,loan_and_advance,,,,,identity_q1_or_ytd_diff,False,missing_raw_value
601009.XSHG,balance,2024-12-31,2024q4,,hold_for_sale_assets,balance.csv,hold_for_sale_assets,,,,,identity_q1_or_ytd_diff,False,missing_raw_value
601009.XSHG,balance,2024-12-31,2024q4,,hold_to_maturity_investments,balance.csv,hold_to_maturity_investments,,,,,identity_q1_or_ytd_diff,False,missing_raw_value
601009.XSHG,balance,2024-12-31,2024q4,,longterm_equity_invest,balance.csv,longterm_equity_invest,10447312000.0,10447312000.0,10447312000.0,,identity_q1_or_ytd_diff,True,
601009.XSHG,balance,2024-12-31,2024q4,,investment_property,balance.csv,investment_property,1041402000.0,1041402000.0,1041402000.0,,identity_q1_or_ytd_diff,True,
601009.XSHG,balance,2024-12-31,2024q4,,fixed_assets,balance.csv,fixed_assets,8004064000.0,8004064000.0,8004064000.0,,identity_q1_or_ytd_diff,True,
601009.XSHG,balance,2024-12-31,2024q4,,constru_in_process,balance.csv,constru_in_process,2766086000.0,2766086000.0,2766086000.0,,identity_q1_or_ytd_diff,True,
601009.XSHG,balance,2024-12-31,2024q4,,intangible_assets,balance.csv,intangible_assets,1212811000.0,1212811000.0,1212811000.0,,identity_q1_or_ytd_diff,True,
601009.XSHG,balance,2024-12-31,2024q4,,good_will,balance.csv,good_will,210050000.0,210050000.0,210050000.0,,identity_q1_or_ytd_diff,True,
601009.XSHG,balance,2024-12-31,2024q4,,long_deferred_expense,balance.csv,long_deferred_expense,,,,,identity_q1_or_ytd_diff,False,missing_raw_value
601009.XSHG,balance,2024-12-31,2024q4,,deferred_tax_assets,balance.csv,deferred_tax_assets,3399160000.0,3399160000.0,3399160000.0,,identity_q1_or_ytd_diff,True,
601009.XSHG,balance,2024-12-31,2024q4,,other_non_current_assets,balance.csv,other_non_current_assets,,,,,identity_q1_or_ytd_diff,False,missing_raw_value
601009.XSHG,balance,2024-12-31,2024q4,,total_non_current_assets,balance.csv,total_non_current_assets,,,,,identity_q1_or_ytd_diff,False,missing_raw_value
601009.XSHG,balance,2024-12-31,2024q4,,total_assets,balance.csv,total_assets,2591399702000.0,2591399702000.0,2591399702000.0,,identity_q1_or_ytd_diff,True,
601009.XSHG,balance,2024-12-31,2024q4,,shortterm_loan,balance.csv,shortterm_loan,0.0,0.0,0.0,,identity_q1_or_ytd_diff,True,
601009.XSHG,balance,2024-12-31,2024q4,,borrowing_from_centralbank,balance.csv,borrowing_from_centralbank,164844121000.0,164844121000.0,164844121000.0,,identity_q1_or_ytd_diff,True,
601009.XSHG,balance,2024-12-31,2024q4,,deposit_in_interbank,balance.csv,deposit_in_interbank,1668894053000.0,1668894053000.0,1668894053000.0,,identity_q1_or_ytd_diff,True,
601009.XSHG,balance,2024-12-31,2024q4,,borrowing_capital,balance.csv,borrowing_capital,54574034000.0,54574034000.0,54574034000.0,,identity_q1_or_ytd_diff,True,
601009.XSHG,balance,2024-12-31,2024q4,,trading_liability,balance.csv,trading_liability,553430000.0,553430000.0,553430000.0,,identity_q1_or_ytd_diff,True,
601009.XSHG,balance,2024-12-31,2024q4,,notes_payable,balance.csv,notes_payable,,,,,identity_q1_or_ytd_diff,False,missing_raw_value
601009.XSHG,balance,2024-12-31,2024q4,,accounts_payable,balance.csv,accounts_payable,,,,,identity_q1_or_ytd_diff,False,missing_raw_value
601009.XSHG,balance,2024-12-31,2024q4,,advance_peceipts,balance.csv,advance_peceipts,,,,,identity_q1_or_ytd_diff,False,missing_raw_value
601009.XSHG,balance,2024-12-31,2024q4,,sold_buyback_secu_proceeds,balance.csv,sold_buyback_secu_proceeds,13443609000.0,13443609000.0,13443609000.0,,identity_q1_or_ytd_diff,True,
601009.XSHG,balance,2024-12-31,2024q4,,commission_payable,balance.csv,commission_payable,,,,,identity_q1_or_ytd_diff,False,missing_raw_value
601009.XSHG,balance,2024-12-31,2024q4,,salaries_payable,balance.csv,salaries_payable,8244943000.0,8244943000.0,8244943000.0,,identity_q1_or_ytd_diff,True,
601009.XSHG,balance,2024-12-31,2024q4,,taxs_payable,balance.csv,taxs_payable,2307422000.0,2307422000.0,2307422000.0,,identity_q1_or_ytd_diff,True,
601009.XSHG,balance,2024-12-31,2024q4,,interest_payable,balance.csv,interest_payable,,,,,identity_q1_or_ytd_diff,False,missing_raw_value
601009.XSHG,balance,2024-12-31,2024q4,,other_payable,balance.csv,other_payable,,,,,identity_q1_or_ytd_diff,False,missing_raw_value
601009.XSHG,balance,2024-12-31,2024q4,,insurance_contract_reserves,balance.csv,insurance_contract_reserves,0.0,0.0,0.0,,identity_q1_or_ytd_diff,True,
601009.XSHG,balance,2024-12-31,2024q4,,proxy_secu_proceeds,balance.csv,proxy_secu_proceeds,,,,,identity_q1_or_ytd_diff,False,missing_raw_value
601009.XSHG,balance,2024-12-31,2024q4,,non_current_liability_in_one_year,balance.csv,non_current_liability_in_one_year,,,,,identity_q1_or_ytd_diff,False,missing_raw_value
601009.XSHG,balance,2024-12-31,2024q4,,other_current_liability,balance.csv,other_current_liability,,,,,identity_q1_or_ytd_diff,False,missing_raw_value
601009.XSHG,balance,2024-12-31,2024q4,,total_current_liability,balance.csv,total_current_liability,,,,,identity_q1_or_ytd_diff,False,missing_raw_value
601009.XSHG,balance,2024-12-31,2024q4,,longterm_loan,balance.csv,longterm_loan,,,,,identity_q1_or_ytd_diff,False,missing_raw_value
601009.XSHG,balance,2024-12-31,2024q4,,bonds_payable,balance.csv,bonds_payable,450865237000.0,450865237000.0,450865237000.0,,identity_q1_or_ytd_diff,True,
601009.XSHG,balance,2024-12-31,2024q4,,estimate_liability,balance.csv,estimate_liability,1337040000.0,1337040000.0,1337040000.0,,identity_q1_or_ytd_diff,True,
601009.XSHG,balance,2024-12-31,2024q4,,deferred_tax_liability,balance.csv,deferred_tax_liability,,,,,identity_q1_or_ytd_diff,False,missing_raw_value
601009.XSHG,balance,2024-12-31,2024q4,,other_non_current_liability,balance.csv,other_non_current_liability,,,,,identity_q1_or_ytd_diff,False,missing_raw_value
601009.XSHG,balance,2024-12-31,2024q4,,total_non_current_liability,balance.csv,total_non_current_liability,,,,,identity_q1_or_ytd_diff,False,missing_raw_value
601009.XSHG,balance,2024-12-31,2024q4,,total_liability,balance.csv,total_liability,2399443325000.0,2399443325000.0,2399443325000.0,,identity_q1_or_ytd_diff,True,
601009.XSHG,balance,2024-12-31,2024q4,,paidin_capital,balance.csv,paidin_capital,11067585000.0,11067585000.0,11067585000.0,,identity_q1_or_ytd_diff,True,
601009.XSHG,balance,2024-12-31,2024q4,,capital_reserve_fund,balance.csv,capital_reserve_fund,32424371000.0,32424371000.0,32424371000.0,,identity_q1_or_ytd_diff,True,
601009.XSHG,balance,2024-12-31,2024q4,,treasury_stock,balance.csv,treasury_stock,,,,,identity_q1_or_ytd_diff,False,missing_raw_value
601009.XSHG,balance,2024-12-31,2024q4,,surplus_reserve_fund,balance.csv,surplus_reserve_fund,13630658000.0,13630658000.0,13630658000.0,,identity_q1_or_ytd_diff,True,
601009.XSHG,balance,2024-12-31,2024q4,,ordinary_risk_reserve_fund,balance.csv,ordinary_risk_reserve_fund,25951010000.0,25951010000.0,25951010000.0,,identity_q1_or_ytd_diff,True,
601009.XSHG,balance,2024-12-31,2024q4,,retained_profit,balance.csv,retained_profit,70741583000.0,70741583000.0,70741583000.0,,identity_q1_or_ytd_diff,True,
601009.XSHG,balance,2024-12-31,2024q4,,equities_parent_company_owners,balance.csv,equities_parent_company_owners,188529458000.0,188529458000.0,188529458000.0,,identity_q1_or_ytd_diff,True,
601009.XSHG,balance,2024-12-31,2024q4,,minority_interests,balance.csv,minority_interests,3426919000.0,3426919000.0,3426919000.0,,identity_q1_or_ytd_diff,True,
601009.XSHG,balance,2024-12-31,2024q4,,total_owner_equities,balance.csv,total_owner_equities,191956377000.0,191956377000.0,191956377000.0,,identity_q1_or_ytd_diff,True,
601009.XSHG,balance,2024-12-31,2024q4,,other_comprehensive_income,balance.csv,other_comprehensive_income,3773241000.0,3773241000.0,3773241000.0,,identity_q1_or_ytd_diff,True,
601009.XSHG,balance,2024-12-31,2024q4,,contract_assets,balance.csv,contract_assets,,,,,identity_q1_or_ytd_diff,False,missing_raw_value
601009.XSHG,balance,2024-12-31,2024q4,,contract_liability,balance.csv,contract_liability,,,,,identity_q1_or_ytd_diff,False,missing_raw_value
601009.XSHG,balance,2024-12-31,2024q4,,usufruct_assets,balance.csv,usufruct_assets,1173251000.0,1173251000.0,1173251000.0,,identity_q1_or_ytd_diff,True,
601009.XSHG,balance,2025-03-31,2025q1,,cash_equivalents,balance.csv,cash_equivalents,181924076000.0,181924076000.0,181924076000.0,,identity_q1_or_ytd_diff,True,
601009.XSHG,balance,2025-03-31,2025q1,,settlement_provi,balance.csv,settlement_provi,,,,,identity_q1_or_ytd_diff,False,missing_raw_value
601009.XSHG,balance,2025-03-31,2025q1,,lend_capital,balance.csv,lend_capital,28167167000.0,28167167000.0,28167167000.0,,identity_q1_or_ytd_diff,True,
601009.XSHG,balance,2025-03-31,2025q1,,trading_assets,balance.csv,trading_assets,449163115000.0,449163115000.0,449163115000.0,,identity_q1_or_ytd_diff,True,
601009.XSHG,balance,2025-03-31,2025q1,,bill_receivable,balance.csv,bill_receivable,,,,,identity_q1_or_ytd_diff,False,missing_raw_value
601009.XSHG,balance,2025-03-31,2025q1,,account_receivable,balance.csv,account_receivable,,,,,identity_q1_or_ytd_diff,False,missing_raw_value
601009.XSHG,balance,2025-03-31,2025q1,,advance_payment,balance.csv,advance_payment,,,,,identity_q1_or_ytd_diff,False,missing_raw_value
601009.XSHG,balance,2025-03-31,2025q1,,insurance_receivables,balance.csv,insurance_receivables,,,,,identity_q1_or_ytd_diff,False,missing_raw_value
601009.XSHG,balance,2025-03-31,2025q1,,interest_receivable,balance.csv,interest_receivable,,,,,identity_q1_or_ytd_diff,False,missing_raw_value
601009.XSHG,balance,2025-03-31,2025q1,,other_receivable,balance.csv,other_receivable,,,,,identity_q1_or_ytd_diff,False,missing_raw_value
601009.XSHG,balance,2025-03-31,2025q1,,bought_sellback_assets,balance.csv,bought_sellback_assets,48582575000.0,48582575000.0,48582575000.0,,identity_q1_or_ytd_diff,True,
601009.XSHG,balance,2025-03-31,2025q1,,inventories,balance.csv,inventories,,,,,identity_q1_or_ytd_diff,False,missing_raw_value
601009.XSHG,balance,2025-03-31,2025q1,,other_current_assets,balance.csv,other_current_assets,,,,,identity_q1_or_ytd_diff,False,missing_raw_value
601009.XSHG,balance,2025-03-31,2025q1,,total_current_assets,balance.csv,total_current_assets,,,,,identity_q1_or_ytd_diff,False,missing_raw_value
601009.XSHG,balance,2025-03-31,2025q1,,loan_and_advance,balance.csv,loan_and_advance,,,,,identity_q1_or_ytd_diff,False,missing_raw_value
601009.XSHG,balance,2025-03-31,2025q1,,hold_for_sale_assets,balance.csv,hold_for_sale_assets,,,,,identity_q1_or_ytd_diff,False,missing_raw_value
601009.XSHG,balance,2025-03-31,2025q1,,hold_to_maturity_investments,balance.csv,hold_to_maturity_investments,,,,,identity_q1_or_ytd_diff,False,missing_raw_value
601009.XSHG,balance,2025-03-31,2025q1,,longterm_equity_invest,balance.csv,longterm_equity_invest,10570452000.0,10570452000.0,10570452000.0,,identity_q1_or_ytd_diff,True,
601009.XSHG,balance,2025-03-31,2025q1,,investment_property,balance.csv,investment_property,1004123000.0,1004123000.0,1004123000.0,,identity_q1_or_ytd_diff,True,
601009.XSHG,balance,2025-03-31,2025q1,,fixed_assets,balance.csv,fixed_assets,7913359000.0,7913359000.0,7913359000.0,,identity_q1_or_ytd_diff,True,
601009.XSHG,balance,2025-03-31,2025q1,,constru_in_process,balance.csv,constru_in_process,2766776000.0,2766776000.0,2766776000.0,,identity_q1_or_ytd_diff,True,
601009.XSHG,balance,2025-03-31,2025q1,,intangible_assets,balance.csv,intangible_assets,1169095000.0,1169095000.0,1169095000.0,,identity_q1_or_ytd_diff,True,
601009.XSHG,balance,2025-03-31,2025q1,,good_will,balance.csv,good_will,210050000.0,210050000.0,210050000.0,,identity_q1_or_ytd_diff,True,
601009.XSHG,balance,2025-03-31,2025q1,,long_deferred_expense,balance.csv,long_deferred_expense,,,,,identity_q1_or_ytd_diff,False,missing_raw_value
601009.XSHG,balance,2025-03-31,2025q1,,deferred_tax_assets,balance.csv,deferred_tax_assets,4021253000.0,4021253000.0,4021253000.0,,identity_q1_or_ytd_diff,True,
601009.XSHG,balance,2025-03-31,2025q1,,other_non_current_assets,balance.csv,other_non_current_assets,,,,,identity_q1_or_ytd_diff,False,missing_raw_value
601009.XSHG,balance,2025-03-31,2025q1,,total_non_current_assets,balance.csv,total_non_current_assets,,,,,identity_q1_or_ytd_diff,False,missing_raw_value
601009.XSHG,balance,2025-03-31,2025q1,,total_assets,balance.csv,total_assets,2765237588000.0,2765237588000.0,2765237588000.0,,identity_q1_or_ytd_diff,True,
601009.XSHG,balance,2025-03-31,2025q1,,shortterm_loan,balance.csv,shortterm_loan,0.0,0.0,0.0,,identity_q1_or_ytd_diff,True,
601009.XSHG,balance,2025-03-31,2025q1,,borrowing_from_centralbank,balance.csv,borrowing_from_centralbank,165325737000.0,165325737000.0,165325737000.0,,identity_q1_or_ytd_diff,True,
601009.XSHG,balance,2025-03-31,2025q1,,deposit_in_interbank,balance.csv,deposit_in_interbank,1822067740000.0,1822067740000.0,1822067740000.0,,identity_q1_or_ytd_diff,True,
601009.XSHG,balance,2025-03-31,2025q1,,borrowing_capital,balance.csv,borrowing_capital,59673934000.0,59673934000.0,59673934000.0,,identity_q1_or_ytd_diff,True,
601009.XSHG,balance,2025-03-31,2025q1,,trading_liability,balance.csv,trading_liability,688325000.0,688325000.0,688325000.0,,identity_q1_or_ytd_diff,True,
601009.XSHG,balance,2025-03-31,2025q1,,notes_payable,balance.csv,notes_payable,,,,,identity_q1_or_ytd_diff,False,missing_raw_value
601009.XSHG,balance,2025-03-31,2025q1,,accounts_payable,balance.csv,accounts_payable,,,,,identity_q1_or_ytd_diff,False,missing_raw_value
601009.XSHG,balance,2025-03-31,2025q1,,advance_peceipts,balance.csv,advance_peceipts,,,,,identity_q1_or_ytd_diff,False,missing_raw_value
601009.XSHG,balance,2025-03-31,2025q1,,sold_buyback_secu_proceeds,balance.csv,sold_buyback_secu_proceeds,53884427000.0,53884427000.0,53884427000.0,,identity_q1_or_ytd_diff,True,
601009.XSHG,balance,2025-03-31,2025q1,,commission_payable,balance.csv,commission_payable,,,,,identity_q1_or_ytd_diff,False,missing_raw_value
601009.XSHG,balance,2025-03-31,2025q1,,salaries_payable,balance.csv,salaries_payable,7448428000.0,7448428000.0,7448428000.0,,identity_q1_or_ytd_diff,True,
601009.XSHG,balance,2025-03-31,2025q1,,taxs_payable,balance.csv,taxs_payable,2645730000.0,2645730000.0,2645730000.0,,identity_q1_or_ytd_diff,True,
601009.XSHG,balance,2025-03-31,2025q1,,interest_payable,balance.csv,interest_payable,,,,,identity_q1_or_ytd_diff,False,missing_raw_value
601009.XSHG,balance,2025-03-31,2025q1,,other_payable,balance.csv,other_payable,,,,,identity_q1_or_ytd_diff,False,missing_raw_value
601009.XSHG,balance,2025-03-31,2025q1,,insurance_contract_reserves,balance.csv,insurance_contract_reserves,0.0,0.0,0.0,,identity_q1_or_ytd_diff,True,
601009.XSHG,balance,2025-03-31,2025q1,,proxy_secu_proceeds,balance.csv,proxy_secu_proceeds,,,,,identity_q1_or_ytd_diff,False,missing_raw_value
601009.XSHG,balance,2025-03-31,2025q1,,non_current_liability_in_one_year,balance.csv,non_current_liability_in_one_year,,,,,identity_q1_or_ytd_diff,False,missing_raw_value
601009.XSHG,balance,2025-03-31,2025q1,,other_current_liability,balance.csv,other_current_liability,,,,,identity_q1_or_ytd_diff,False,missing_raw_value
601009.XSHG,balance,2025-03-31,2025q1,,total_current_liability,balance.csv,total_current_liability,,,,,identity_q1_or_ytd_diff,False,missing_raw_value
601009.XSHG,balance,2025-03-31,2025q1,,longterm_loan,balance.csv,longterm_loan,,,,,identity_q1_or_ytd_diff,False,missing_raw_value
601009.XSHG,balance,2025-03-31,2025q1,,bonds_payable,balance.csv,bonds_payable,425552265000.0,425552265000.0,425552265000.0,,identity_q1_or_ytd_diff,True,
601009.XSHG,balance,2025-03-31,2025q1,,estimate_liability,balance.csv,estimate_liability,1634001000.0,1634001000.0,1634001000.0,,identity_q1_or_ytd_diff,True,
601009.XSHG,balance,2025-03-31,2025q1,,deferred_tax_liability,balance.csv,deferred_tax_liability,,,,,identity_q1_or_ytd_diff,False,missing_raw_value
601009.XSHG,balance,2025-03-31,2025q1,,other_non_current_liability,balance.csv,other_non_current_liability,,,,,identity_q1_or_ytd_diff,False,missing_raw_value
601009.XSHG,balance,2025-03-31,2025q1,,total_non_current_liability,balance.csv,total_non_current_liability,,,,,identity_q1_or_ytd_diff,False,missing_raw_value
601009.XSHG,balance,2025-03-31,2025q1,,total_liability,balance.csv,total_liability,2569237742000.0,2569237742000.0,2569237742000.0,,identity_q1_or_ytd_diff,True,
601009.XSHG,balance,2025-03-31,2025q1,,paidin_capital,balance.csv,paidin_capital,11074992000.0,11074992000.0,11074992000.0,,identity_q1_or_ytd_diff,True,
601009.XSHG,balance,2025-03-31,2025q1,,capital_reserve_fund,balance.csv,capital_reserve_fund,32485123000.0,32485123000.0,32485123000.0,,identity_q1_or_ytd_diff,True,
601009.XSHG,balance,2025-03-31,2025q1,,treasury_stock,balance.csv,treasury_stock,,,,,identity_q1_or_ytd_diff,False,missing_raw_value
601009.XSHG,balance,2025-03-31,2025q1,,surplus_reserve_fund,balance.csv,surplus_reserve_fund,13630658000.0,13630658000.0,13630658000.0,,identity_q1_or_ytd_diff,True,
601009.XSHG,balance,2025-03-31,2025q1,,ordinary_risk_reserve_fund,balance.csv,ordinary_risk_reserve_fund,26001937000.0,26001937000.0,26001937000.0,,identity_q1_or_ytd_diff,True,
601009.XSHG,balance,2025-03-31,2025q1,,retained_profit,balance.csv,retained_profit,76799147000.0,76799147000.0,76799147000.0,,identity_q1_or_ytd_diff,True,
601009.XSHG,balance,2025-03-31,2025q1,,equities_parent_company_owners,balance.csv,equities_parent_company_owners,192542246000.0,192542246000.0,192542246000.0,,identity_q1_or_ytd_diff,True,
601009.XSHG,balance,2025-03-31,2025q1,,minority_interests,balance.csv,minority_interests,3457600000.0,3457600000.0,3457600000.0,,identity_q1_or_ytd_diff,True,
601009.XSHG,balance,2025-03-31,2025q1,,total_owner_equities,balance.csv,total_owner_equities,195999846000.0,195999846000.0,195999846000.0,,identity_q1_or_ytd_diff,True,
601009.XSHG,balance,2025-03-31,2025q1,,other_comprehensive_income,balance.csv,other_comprehensive_income,1615696000.0,1615696000.0,1615696000.0,,identity_q1_or_ytd_diff,True,
601009.XSHG,balance,2025-03-31,2025q1,,contract_assets,balance.csv,contract_assets,,,,,identity_q1_or_ytd_diff,False,missing_raw_value
601009.XSHG,balance,2025-03-31,2025q1,,contract_liability,balance.csv,contract_liability,,,,,identity_q1_or_ytd_diff,False,missing_raw_value
601009.XSHG,balance,2025-03-31,2025q1,,usufruct_assets,balance.csv,usufruct_assets,1168088000.0,1168088000.0,1168088000.0,,identity_q1_or_ytd_diff,True,
601009.XSHG,balance,2025-06-30,2025q2,,cash_equivalents,balance.csv,cash_equivalents,152445441000.0,152445441000.0,152445441000.0,,identity_q1_or_ytd_diff,True,
601009.XSHG,balance,2025-06-30,2025q2,,settlement_provi,balance.csv,settlement_provi,,,,,identity_q1_or_ytd_diff,False,missing_raw_value
601009.XSHG,balance,2025-06-30,2025q2,,lend_capital,balance.csv,lend_capital,29548772000.0,29548772000.0,29548772000.0,,identity_q1_or_ytd_diff,True,
601009.XSHG,balance,2025-06-30,2025q2,,trading_assets,balance.csv,trading_assets,371641289000.0,371641289000.0,371641289000.0,,identity_q1_or_ytd_diff,True,
601009.XSHG,balance,2025-06-30,2025q2,,bill_receivable,balance.csv,bill_receivable,,,,,identity_q1_or_ytd_diff,False,missing_raw_value
601009.XSHG,balance,2025-06-30,2025q2,,account_receivable,balance.csv,account_receivable,,,,,identity_q1_or_ytd_diff,False,missing_raw_value
601009.XSHG,balance,2025-06-30,2025q2,,advance_payment,balance.csv,advance_payment,,,,,identity_q1_or_ytd_diff,False,missing_raw_value
601009.XSHG,balance,2025-06-30,2025q2,,insurance_receivables,balance.csv,insurance_receivables,,,,,identity_q1_or_ytd_diff,False,missing_raw_value
601009.XSHG,balance,2025-06-30,2025q2,,interest_receivable,balance.csv,interest_receivable,,,,,identity_q1_or_ytd_diff,False,missing_raw_value
601009.XSHG,balance,2025-06-30,2025q2,,other_receivable,balance.csv,other_receivable,,,,,identity_q1_or_ytd_diff,False,missing_raw_value
601009.XSHG,balance,2025-06-30,2025q2,,bought_sellback_assets,balance.csv,bought_sellback_assets,52733340000.0,52733340000.0,52733340000.0,,identity_q1_or_ytd_diff,True,
601009.XSHG,balance,2025-06-30,2025q2,,inventories,balance.csv,inventories,,,,,identity_q1_or_ytd_diff,False,missing_raw_value
601009.XSHG,balance,2025-06-30,2025q2,,other_current_assets,balance.csv,other_current_assets,,,,,identity_q1_or_ytd_diff,False,missing_raw_value
601009.XSHG,balance,2025-06-30,2025q2,,total_current_assets,balance.csv,total_current_assets,,,,,identity_q1_or_ytd_diff,False,missing_raw_value
601009.XSHG,balance,2025-06-30,2025q2,,loan_and_advance,balance.csv,loan_and_advance,,,,,identity_q1_or_ytd_diff,False,missing_raw_value
601009.XSHG,balance,2025-06-30,2025q2,,hold_for_sale_assets,balance.csv,hold_for_sale_assets,,,,,identity_q1_or_ytd_diff,False,missing_raw_value
601009.XSHG,balance,2025-06-30,2025q2,,hold_to_maturity_investments,balance.csv,hold_to_maturity_investments,,,,,identity_q1_or_ytd_diff,False,missing_raw_value
601009.XSHG,balance,2025-06-30,2025q2,,longterm_equity_invest,balance.csv,longterm_equity_invest,10523441000.0,10523441000.0,10523441000.0,,identity_q1_or_ytd_diff,True,
601009.XSHG,balance,2025-06-30,2025q2,,investment_property,balance.csv,investment_property,990880000.0,990880000.0,990880000.0,,identity_q1_or_ytd_diff,True,
601009.XSHG,balance,2025-06-30,2025q2,,fixed_assets,balance.csv,fixed_assets,7705380000.0,7705380000.0,7705380000.0,,identity_q1_or_ytd_diff,True,
601009.XSHG,balance,2025-06-30,2025q2,,constru_in_process,balance.csv,constru_in_process,2810990000.0,2810990000.0,2810990000.0,,identity_q1_or_ytd_diff,True,
601009.XSHG,balance,2025-06-30,2025q2,,intangible_assets,balance.csv,intangible_assets,1151462000.0,1151462000.0,1151462000.0,,identity_q1_or_ytd_diff,True,
601009.XSHG,balance,2025-06-30,2025q2,,good_will,balance.csv,good_will,210050000.0,210050000.0,210050000.0,,identity_q1_or_ytd_diff,True,
601009.XSHG,balance,2025-06-30,2025q2,,long_deferred_expense,balance.csv,long_deferred_expense,,,,,identity_q1_or_ytd_diff,False,missing_raw_value
601009.XSHG,balance,2025-06-30,2025q2,,deferred_tax_assets,balance.csv,deferred_tax_assets,2975166000.0,2975166000.0,2975166000.0,,identity_q1_or_ytd_diff,True,
601009.XSHG,balance,2025-06-30,2025q2,,other_non_current_assets,balance.csv,other_non_current_assets,,,,,identity_q1_or_ytd_diff,False,missing_raw_value
601009.XSHG,balance,2025-06-30,2025q2,,total_non_current_assets,balance.csv,total_non_current_assets,,,,,identity_q1_or_ytd_diff,False,missing_raw_value
601009.XSHG,balance,2025-06-30,2025q2,,total_assets,balance.csv,total_assets,2901437947000.0,2901437947000.0,2901437947000.0,,identity_q1_or_ytd_diff,True,
601009.XSHG,balance,2025-06-30,2025q2,,shortterm_loan,balance.csv,shortterm_loan,0.0,0.0,0.0,,identity_q1_or_ytd_diff,True,
601009.XSHG,balance,2025-06-30,2025q2,,borrowing_from_centralbank,balance.csv,borrowing_from_centralbank,164543386000.0,164543386000.0,164543386000.0,,identity_q1_or_ytd_diff,True,
601009.XSHG,balance,2025-06-30,2025q2,,deposit_in_interbank,balance.csv,deposit_in_interbank,1837741919000.0,1837741919000.0,1837741919000.0,,identity_q1_or_ytd_diff,True,
601009.XSHG,balance,2025-06-30,2025q2,,borrowing_capital,balance.csv,borrowing_capital,70141978000.0,70141978000.0,70141978000.0,,identity_q1_or_ytd_diff,True,
601009.XSHG,balance,2025-06-30,2025q2,,trading_liability,balance.csv,trading_liability,1092850000.0,1092850000.0,1092850000.0,,identity_q1_or_ytd_diff,True,
601009.XSHG,balance,2025-06-30,2025q2,,notes_payable,balance.csv,notes_payable,,,,,identity_q1_or_ytd_diff,False,missing_raw_value
601009.XSHG,balance,2025-06-30,2025q2,,accounts_payable,balance.csv,accounts_payable,,,,,identity_q1_or_ytd_diff,False,missing_raw_value
601009.XSHG,balance,2025-06-30,2025q2,,advance_peceipts,balance.csv,advance_peceipts,,,,,identity_q1_or_ytd_diff,False,missing_raw_value
601009.XSHG,balance,2025-06-30,2025q2,,sold_buyback_secu_proceeds,balance.csv,sold_buyback_secu_proceeds,100935981000.0,100935981000.0,100935981000.0,,identity_q1_or_ytd_diff,True,
601009.XSHG,balance,2025-06-30,2025q2,,commission_payable,balance.csv,commission_payable,,,,,identity_q1_or_ytd_diff,False,missing_raw_value
601009.XSHG,balance,2025-06-30,2025q2,,salaries_payable,balance.csv,salaries_payable,8028056000.0,8028056000.0,8028056000.0,,identity_q1_or_ytd_diff,True,
601009.XSHG,balance,2025-06-30,2025q2,,taxs_payable,balance.csv,taxs_payable,2301710000.0,2301710000.0,2301710000.0,,identity_q1_or_ytd_diff,True,
601009.XSHG,balance,2025-06-30,2025q2,,interest_payable,balance.csv,interest_payable,,,,,identity_q1_or_ytd_diff,False,missing_raw_value
601009.XSHG,balance,2025-06-30,2025q2,,other_payable,balance.csv,other_payable,,,,,identity_q1_or_ytd_diff,False,missing_raw_value
601009.XSHG,balance,2025-06-30,2025q2,,insurance_contract_reserves,balance.csv,insurance_contract_reserves,0.0,0.0,0.0,,identity_q1_or_ytd_diff,True,
601009.XSHG,balance,2025-06-30,2025q2,,proxy_secu_proceeds,balance.csv,proxy_secu_proceeds,,,,,identity_q1_or_ytd_diff,False,missing_raw_value
601009.XSHG,balance,2025-06-30,2025q2,,non_current_liability_in_one_year,balance.csv,non_current_liability_in_one_year,,,,,identity_q1_or_ytd_diff,False,missing_raw_value
601009.XSHG,balance,2025-06-30,2025q2,,other_current_liability,balance.csv,other_current_liability,,,,,identity_q1_or_ytd_diff,False,missing_raw_value
601009.XSHG,balance,2025-06-30,2025q2,,total_current_liability,balance.csv,total_current_liability,,,,,identity_q1_or_ytd_diff,False,missing_raw_value
601009.XSHG,balance,2025-06-30,2025q2,,longterm_loan,balance.csv,longterm_loan,,,,,identity_q1_or_ytd_diff,False,missing_raw_value
601009.XSHG,balance,2025-06-30,2025q2,,bonds_payable,balance.csv,bonds_payable,470396615000.0,470396615000.0,470396615000.0,,identity_q1_or_ytd_diff,True,
601009.XSHG,balance,2025-06-30,2025q2,,estimate_liability,balance.csv,estimate_liability,771211000.0,771211000.0,771211000.0,,identity_q1_or_ytd_diff,True,
601009.XSHG,balance,2025-06-30,2025q2,,deferred_tax_liability,balance.csv,deferred_tax_liability,,,,,identity_q1_or_ytd_diff,False,missing_raw_value
601009.XSHG,balance,2025-06-30,2025q2,,other_non_current_liability,balance.csv,other_non_current_liability,,,,,identity_q1_or_ytd_diff,False,missing_raw_value
601009.XSHG,balance,2025-06-30,2025q2,,total_non_current_liability,balance.csv,total_non_current_liability,,,,,identity_q1_or_ytd_diff,False,missing_raw_value
601009.XSHG,balance,2025-06-30,2025q2,,total_liability,balance.csv,total_liability,2691297099000.0,2691297099000.0,2691297099000.0,,identity_q1_or_ytd_diff,True,
601009.XSHG,balance,2025-06-30,2025q2,,paidin_capital,balance.csv,paidin_capital,12186852000.0,12186852000.0,12186852000.0,,identity_q1_or_ytd_diff,True,
601009.XSHG,balance,2025-06-30,2025q2,,capital_reserve_fund,balance.csv,capital_reserve_fund,41484360000.0,41484360000.0,41484360000.0,,identity_q1_or_ytd_diff,True,
601009.XSHG,balance,2025-06-30,2025q2,,treasury_stock,balance.csv,treasury_stock,,,,,identity_q1_or_ytd_diff,False,missing_raw_value
601009.XSHG,balance,2025-06-30,2025q2,,surplus_reserve_fund,balance.csv,surplus_reserve_fund,15555842000.0,15555842000.0,15555842000.0,,identity_q1_or_ytd_diff,True,
601009.XSHG,balance,2025-06-30,2025q2,,ordinary_risk_reserve_fund,balance.csv,ordinary_risk_reserve_fund,26046018000.0,26046018000.0,26046018000.0,,identity_q1_or_ytd_diff,True,
601009.XSHG,balance,2025-06-30,2025q2,,retained_profit,balance.csv,retained_profit,78996506000.0,78996506000.0,78996506000.0,,identity_q1_or_ytd_diff,True,
601009.XSHG,balance,2025-06-30,2025q2,,equities_parent_company_owners,balance.csv,equities_parent_company_owners,206630632000.0,206630632000.0,206630632000.0,,identity_q1_or_ytd_diff,True,
601009.XSHG,balance,2025-06-30,2025q2,,minority_interests,balance.csv,minority_interests,3510216000.0,3510216000.0,3510216000.0,,identity_q1_or_ytd_diff,True,
601009.XSHG,balance,2025-06-30,2025q2,,total_owner_equities,balance.csv,total_owner_equities,210140848000.0,210140848000.0,210140848000.0,,identity_q1_or_ytd_diff,True,
601009.XSHG,balance,2025-06-30,2025q2,,other_comprehensive_income,balance.csv,other_comprehensive_income,2365955000.0,2365955000.0,2365955000.0,,identity_q1_or_ytd_diff,True,
601009.XSHG,balance,2025-06-30,2025q2,,contract_assets,balance.csv,contract_assets,,,,,identity_q1_or_ytd_diff,False,missing_raw_value
601009.XSHG,balance,2025-06-30,2025q2,,contract_liability,balance.csv,contract_liability,,,,,identity_q1_or_ytd_diff,False,missing_raw_value
601009.XSHG,balance,2025-06-30,2025q2,,usufruct_assets,balance.csv,usufruct_assets,1143733000.0,1143733000.0,1143733000.0,,identity_q1_or_ytd_diff,True,
601009.XSHG,balance,2025-09-30,2025q3,,cash_equivalents,balance.csv,cash_equivalents,161713409000.0,161713409000.0,161713409000.0,,identity_q1_or_ytd_diff,True,
601009.XSHG,balance,2025-09-30,2025q3,,settlement_provi,balance.csv,settlement_provi,,,,,identity_q1_or_ytd_diff,False,missing_raw_value
601009.XSHG,balance,2025-09-30,2025q3,,lend_capital,balance.csv,lend_capital,32043347000.0,32043347000.0,32043347000.0,,identity_q1_or_ytd_diff,True,
601009.XSHG,balance,2025-09-30,2025q3,,trading_assets,balance.csv,trading_assets,370342624000.0,370342624000.0,370342624000.0,,identity_q1_or_ytd_diff,True,
601009.XSHG,balance,2025-09-30,2025q3,,bill_receivable,balance.csv,bill_receivable,,,,,identity_q1_or_ytd_diff,False,missing_raw_value
601009.XSHG,balance,2025-09-30,2025q3,,account_receivable,balance.csv,account_receivable,,,,,identity_q1_or_ytd_diff,False,missing_raw_value
601009.XSHG,balance,2025-09-30,2025q3,,advance_payment,balance.csv,advance_payment,,,,,identity_q1_or_ytd_diff,False,missing_raw_value
601009.XSHG,balance,2025-09-30,2025q3,,insurance_receivables,balance.csv,insurance_receivables,,,,,identity_q1_or_ytd_diff,False,missing_raw_value
601009.XSHG,balance,2025-09-30,2025q3,,interest_receivable,balance.csv,interest_receivable,,,,,identity_q1_or_ytd_diff,False,missing_raw_value
601009.XSHG,balance,2025-09-30,2025q3,,other_receivable,balance.csv,other_receivable,,,,,identity_q1_or_ytd_diff,False,missing_raw_value
601009.XSHG,balance,2025-09-30,2025q3,,bought_sellback_assets,balance.csv,bought_sellback_assets,42467761000.0,42467761000.0,42467761000.0,,identity_q1_or_ytd_diff,True,
601009.XSHG,balance,2025-09-30,2025q3,,inventories,balance.csv,inventories,,,,,identity_q1_or_ytd_diff,False,missing_raw_value
601009.XSHG,balance,2025-09-30,2025q3,,other_current_assets,balance.csv,other_current_assets,,,,,identity_q1_or_ytd_diff,False,missing_raw_value
601009.XSHG,balance,2025-09-30,2025q3,,total_current_assets,balance.csv,total_current_assets,,,,,identity_q1_or_ytd_diff,False,missing_raw_value
601009.XSHG,balance,2025-09-30,2025q3,,loan_and_advance,balance.csv,loan_and_advance,,,,,identity_q1_or_ytd_diff,False,missing_raw_value
601009.XSHG,balance,2025-09-30,2025q3,,hold_for_sale_assets,balance.csv,hold_for_sale_assets,,,,,identity_q1_or_ytd_diff,False,missing_raw_value
601009.XSHG,balance,2025-09-30,2025q3,,hold_to_maturity_investments,balance.csv,hold_to_maturity_investments,,,,,identity_q1_or_ytd_diff,False,missing_raw_value
601009.XSHG,balance,2025-09-30,2025q3,,longterm_equity_invest,balance.csv,longterm_equity_invest,10736543000.0,10736543000.0,10736543000.0,,identity_q1_or_ytd_diff,True,
601009.XSHG,balance,2025-09-30,2025q3,,investment_property,balance.csv,investment_property,940411000.0,940411000.0,940411000.0,,identity_q1_or_ytd_diff,True,
601009.XSHG,balance,2025-09-30,2025q3,,fixed_assets,balance.csv,fixed_assets,7595708000.0,7595708000.0,7595708000.0,,identity_q1_or_ytd_diff,True,
601009.XSHG,balance,2025-09-30,2025q3,,constru_in_process,balance.csv,constru_in_process,2814036000.0,2814036000.0,2814036000.0,,identity_q1_or_ytd_diff,True,
601009.XSHG,balance,2025-09-30,2025q3,,intangible_assets,balance.csv,intangible_assets,1146177000.0,1146177000.0,1146177000.0,,identity_q1_or_ytd_diff,True,
601009.XSHG,balance,2025-09-30,2025q3,,good_will,balance.csv,good_will,210050000.0,210050000.0,210050000.0,,identity_q1_or_ytd_diff,True,
601009.XSHG,balance,2025-09-30,2025q3,,long_deferred_expense,balance.csv,long_deferred_expense,,,,,identity_q1_or_ytd_diff,False,missing_raw_value
601009.XSHG,balance,2025-09-30,2025q3,,deferred_tax_assets,balance.csv,deferred_tax_assets,3874413000.0,3874413000.0,3874413000.0,,identity_q1_or_ytd_diff,True,
601009.XSHG,balance,2025-09-30,2025q3,,other_non_current_assets,balance.csv,other_non_current_assets,,,,,identity_q1_or_ytd_diff,False,missing_raw_value
601009.XSHG,balance,2025-09-30,2025q3,,total_non_current_assets,balance.csv,total_non_current_assets,,,,,identity_q1_or_ytd_diff,False,missing_raw_value
601009.XSHG,balance,2025-09-30,2025q3,,total_assets,balance.csv,total_assets,2962307669000.0,2962307669000.0,2962307669000.0,,identity_q1_or_ytd_diff,True,
601009.XSHG,balance,2025-09-30,2025q3,,shortterm_loan,balance.csv,shortterm_loan,0.0,0.0,0.0,,identity_q1_or_ytd_diff,True,
601009.XSHG,balance,2025-09-30,2025q3,,borrowing_from_centralbank,balance.csv,borrowing_from_centralbank,168601863000.0,168601863000.0,168601863000.0,,identity_q1_or_ytd_diff,True,
601009.XSHG,balance,2025-09-30,2025q3,,deposit_in_interbank,balance.csv,deposit_in_interbank,1900891221000.0,1900891221000.0,1900891221000.0,,identity_q1_or_ytd_diff,True,
601009.XSHG,balance,2025-09-30,2025q3,,borrowing_capital,balance.csv,borrowing_capital,69540588000.0,69540588000.0,69540588000.0,,identity_q1_or_ytd_diff,True,
601009.XSHG,balance,2025-09-30,2025q3,,trading_liability,balance.csv,trading_liability,1066616000.0,1066616000.0,1066616000.0,,identity_q1_or_ytd_diff,True,
601009.XSHG,balance,2025-09-30,2025q3,,notes_payable,balance.csv,notes_payable,,,,,identity_q1_or_ytd_diff,False,missing_raw_value
601009.XSHG,balance,2025-09-30,2025q3,,accounts_payable,balance.csv,accounts_payable,,,,,identity_q1_or_ytd_diff,False,missing_raw_value
601009.XSHG,balance,2025-09-30,2025q3,,advance_peceipts,balance.csv,advance_peceipts,,,,,identity_q1_or_ytd_diff,False,missing_raw_value
601009.XSHG,balance,2025-09-30,2025q3,,sold_buyback_secu_proceeds,balance.csv,sold_buyback_secu_proceeds,98857228000.0,98857228000.0,98857228000.0,,identity_q1_or_ytd_diff,True,
601009.XSHG,balance,2025-09-30,2025q3,,commission_payable,balance.csv,commission_payable,,,,,identity_q1_or_ytd_diff,False,missing_raw_value
601009.XSHG,balance,2025-09-30,2025q3,,salaries_payable,balance.csv,salaries_payable,7607880000.0,7607880000.0,7607880000.0,,identity_q1_or_ytd_diff,True,
601009.XSHG,balance,2025-09-30,2025q3,,taxs_payable,balance.csv,taxs_payable,3124561000.0,3124561000.0,3124561000.0,,identity_q1_or_ytd_diff,True,
601009.XSHG,balance,2025-09-30,2025q3,,interest_payable,balance.csv,interest_payable,,,,,identity_q1_or_ytd_diff,False,missing_raw_value
601009.XSHG,balance,2025-09-30,2025q3,,other_payable,balance.csv,other_payable,,,,,identity_q1_or_ytd_diff,False,missing_raw_value
601009.XSHG,balance,2025-09-30,2025q3,,insurance_contract_reserves,balance.csv,insurance_contract_reserves,0.0,0.0,0.0,,identity_q1_or_ytd_diff,True,
601009.XSHG,balance,2025-09-30,2025q3,,proxy_secu_proceeds,balance.csv,proxy_secu_proceeds,,,,,identity_q1_or_ytd_diff,False,missing_raw_value
601009.XSHG,balance,2025-09-30,2025q3,,non_current_liability_in_one_year,balance.csv,non_current_liability_in_one_year,,,,,identity_q1_or_ytd_diff,False,missing_raw_value
601009.XSHG,balance,2025-09-30,2025q3,,other_current_liability,balance.csv,other_current_liability,,,,,identity_q1_or_ytd_diff,False,missing_raw_value
601009.XSHG,balance,2025-09-30,2025q3,,total_current_liability,balance.csv,total_current_liability,,,,,identity_q1_or_ytd_diff,False,missing_raw_value
601009.XSHG,balance,2025-09-30,2025q3,,longterm_loan,balance.csv,longterm_loan,,,,,identity_q1_or_ytd_diff,False,missing_raw_value
601009.XSHG,balance,2025-09-30,2025q3,,bonds_payable,balance.csv,bonds_payable,462887780000.0,462887780000.0,462887780000.0,,identity_q1_or_ytd_diff,True,
601009.XSHG,balance,2025-09-30,2025q3,,estimate_liability,balance.csv,estimate_liability,781086000.0,781086000.0,781086000.0,,identity_q1_or_ytd_diff,True,
601009.XSHG,balance,2025-09-30,2025q3,,deferred_tax_liability,balance.csv,deferred_tax_liability,,,,,identity_q1_or_ytd_diff,False,missing_raw_value
601009.XSHG,balance,2025-09-30,2025q3,,other_non_current_liability,balance.csv,other_non_current_liability,,,,,identity_q1_or_ytd_diff,False,missing_raw_value
601009.XSHG,balance,2025-09-30,2025q3,,total_non_current_liability,balance.csv,total_non_current_liability,,,,,identity_q1_or_ytd_diff,False,missing_raw_value
601009.XSHG,balance,2025-09-30,2025q3,,total_liability,balance.csv,total_liability,2746815865000.0,2746815865000.0,2746815865000.0,,identity_q1_or_ytd_diff,True,
601009.XSHG,balance,2025-09-30,2025q3,,paidin_capital,balance.csv,paidin_capital,12363567000.0,12363567000.0,12363567000.0,,identity_q1_or_ytd_diff,True,
601009.XSHG,balance,2025-09-30,2025q3,,capital_reserve_fund,balance.csv,capital_reserve_fund,42892538000.0,42892538000.0,42892538000.0,,identity_q1_or_ytd_diff,True,
601009.XSHG,balance,2025-09-30,2025q3,,treasury_stock,balance.csv,treasury_stock,,,,,identity_q1_or_ytd_diff,False,missing_raw_value
601009.XSHG,balance,2025-09-30,2025q3,,surplus_reserve_fund,balance.csv,surplus_reserve_fund,15555842000.0,15555842000.0,15555842000.0,,identity_q1_or_ytd_diff,True,
601009.XSHG,balance,2025-09-30,2025q3,,ordinary_risk_reserve_fund,balance.csv,ordinary_risk_reserve_fund,26087732000.0,26087732000.0,26087732000.0,,identity_q1_or_ytd_diff,True,
601009.XSHG,balance,2025-09-30,2025q3,,retained_profit,balance.csv,retained_profit,84211037000.0,84211037000.0,84211037000.0,,identity_q1_or_ytd_diff,True,
601009.XSHG,balance,2025-09-30,2025q3,,equities_parent_company_owners,balance.csv,equities_parent_company_owners,211931107000.0,211931107000.0,211931107000.0,,identity_q1_or_ytd_diff,True,
601009.XSHG,balance,2025-09-30,2025q3,,minority_interests,balance.csv,minority_interests,3560697000.0,3560697000.0,3560697000.0,,identity_q1_or_ytd_diff,True,
601009.XSHG,balance,2025-09-30,2025q3,,total_owner_equities,balance.csv,total_owner_equities,215491804000.0,215491804000.0,215491804000.0,,identity_q1_or_ytd_diff,True,
601009.XSHG,balance,2025-09-30,2025q3,,other_comprehensive_income,balance.csv,other_comprehensive_income,972767000.0,972767000.0,972767000.0,,identity_q1_or_ytd_diff,True,
601009.XSHG,balance,2025-09-30,2025q3,,contract_assets,balance.csv,contract_assets,,,,,identity_q1_or_ytd_diff,False,missing_raw_value
601009.XSHG,balance,2025-09-30,2025q3,,contract_liability,balance.csv,contract_liability,,,,,identity_q1_or_ytd_diff,False,missing_raw_value
601009.XSHG,balance,2025-09-30,2025q3,,usufruct_assets,balance.csv,usufruct_assets,1111301000.0,1111301000.0,1111301000.0,,identity_q1_or_ytd_diff,True,
601009.XSHG,balance,2025-12-31,2025q4,,cash_equivalents,balance.csv,cash_equivalents,163851545000.0,163851545000.0,163851545000.0,,identity_q1_or_ytd_diff,True,
601009.XSHG,balance,2025-12-31,2025q4,,settlement_provi,balance.csv,settlement_provi,,,,,identity_q1_or_ytd_diff,False,missing_raw_value
601009.XSHG,balance,2025-12-31,2025q4,,lend_capital,balance.csv,lend_capital,35967066000.0,35967066000.0,35967066000.0,,identity_q1_or_ytd_diff,True,
601009.XSHG,balance,2025-12-31,2025q4,,trading_assets,balance.csv,trading_assets,344054750000.0,344054750000.0,344054750000.0,,identity_q1_or_ytd_diff,True,
601009.XSHG,balance,2025-12-31,2025q4,,bill_receivable,balance.csv,bill_receivable,,,,,identity_q1_or_ytd_diff,False,missing_raw_value
601009.XSHG,balance,2025-12-31,2025q4,,account_receivable,balance.csv,account_receivable,,,,,identity_q1_or_ytd_diff,False,missing_raw_value
601009.XSHG,balance,2025-12-31,2025q4,,advance_payment,balance.csv,advance_payment,,,,,identity_q1_or_ytd_diff,False,missing_raw_value
601009.XSHG,balance,2025-12-31,2025q4,,insurance_receivables,balance.csv,insurance_receivables,,,,,identity_q1_or_ytd_diff,False,missing_raw_value
601009.XSHG,balance,2025-12-31,2025q4,,interest_receivable,balance.csv,interest_receivable,,,,,identity_q1_or_ytd_diff,False,missing_raw_value
601009.XSHG,balance,2025-12-31,2025q4,,other_receivable,balance.csv,other_receivable,,,,,identity_q1_or_ytd_diff,False,missing_raw_value
601009.XSHG,balance,2025-12-31,2025q4,,bought_sellback_assets,balance.csv,bought_sellback_assets,74893566000.0,74893566000.0,74893566000.0,,identity_q1_or_ytd_diff,True,
601009.XSHG,balance,2025-12-31,2025q4,,inventories,balance.csv,inventories,,,,,identity_q1_or_ytd_diff,False,missing_raw_value
601009.XSHG,balance,2025-12-31,2025q4,,other_current_assets,balance.csv,other_current_assets,,,,,identity_q1_or_ytd_diff,False,missing_raw_value
601009.XSHG,balance,2025-12-31,2025q4,,total_current_assets,balance.csv,total_current_assets,,,,,identity_q1_or_ytd_diff,False,missing_raw_value
601009.XSHG,balance,2025-12-31,2025q4,,loan_and_advance,balance.csv,loan_and_advance,,,,,identity_q1_or_ytd_diff,False,missing_raw_value
601009.XSHG,balance,2025-12-31,2025q4,,hold_for_sale_assets,balance.csv,hold_for_sale_assets,,,,,identity_q1_or_ytd_diff,False,missing_raw_value
601009.XSHG,balance,2025-12-31,2025q4,,hold_to_maturity_investments,balance.csv,hold_to_maturity_investments,,,,,identity_q1_or_ytd_diff,False,missing_raw_value
601009.XSHG,balance,2025-12-31,2025q4,,longterm_equity_invest,balance.csv,longterm_equity_invest,10744117000.0,10744117000.0,10744117000.0,,identity_q1_or_ytd_diff,True,
601009.XSHG,balance,2025-12-31,2025q4,,investment_property,balance.csv,investment_property,927659000.0,927659000.0,927659000.0,,identity_q1_or_ytd_diff,True,
601009.XSHG,balance,2025-12-31,2025q4,,fixed_assets,balance.csv,fixed_assets,8886531000.0,8886531000.0,8886531000.0,,identity_q1_or_ytd_diff,True,
601009.XSHG,balance,2025-12-31,2025q4,,constru_in_process,balance.csv,constru_in_process,1496951000.0,1496951000.0,1496951000.0,,identity_q1_or_ytd_diff,True,
601009.XSHG,balance,2025-12-31,2025q4,,intangible_assets,balance.csv,intangible_assets,1290988000.0,1290988000.0,1290988000.0,,identity_q1_or_ytd_diff,True,
601009.XSHG,balance,2025-12-31,2025q4,,good_will,balance.csv,good_will,210050000.0,210050000.0,210050000.0,,identity_q1_or_ytd_diff,True,
601009.XSHG,balance,2025-12-31,2025q4,,long_deferred_expense,balance.csv,long_deferred_expense,,,,,identity_q1_or_ytd_diff,False,missing_raw_value
601009.XSHG,balance,2025-12-31,2025q4,,deferred_tax_assets,balance.csv,deferred_tax_assets,3966533000.0,3966533000.0,3966533000.0,,identity_q1_or_ytd_diff,True,
601009.XSHG,balance,2025-12-31,2025q4,,other_non_current_assets,balance.csv,other_non_current_assets,,,,,identity_q1_or_ytd_diff,False,missing_raw_value
601009.XSHG,balance,2025-12-31,2025q4,,total_non_current_assets,balance.csv,total_non_current_assets,,,,,identity_q1_or_ytd_diff,False,missing_raw_value
601009.XSHG,balance,2025-12-31,2025q4,,total_assets,balance.csv,total_assets,3021819887000.0,3021819887000.0,3021819887000.0,,identity_q1_or_ytd_diff,True,
601009.XSHG,balance,2025-12-31,2025q4,,shortterm_loan,balance.csv,shortterm_loan,0.0,0.0,0.0,,identity_q1_or_ytd_diff,True,
601009.XSHG,balance,2025-12-31,2025q4,,borrowing_from_centralbank,balance.csv,borrowing_from_centralbank,157757132000.0,157757132000.0,157757132000.0,,identity_q1_or_ytd_diff,True,
601009.XSHG,balance,2025-12-31,2025q4,,deposit_in_interbank,balance.csv,deposit_in_interbank,1976052980000.0,1976052980000.0,1976052980000.0,,identity_q1_or_ytd_diff,True,
601009.XSHG,balance,2025-12-31,2025q4,,borrowing_capital,balance.csv,borrowing_capital,73104157000.0,73104157000.0,73104157000.0,,identity_q1_or_ytd_diff,True,
601009.XSHG,balance,2025-12-31,2025q4,,trading_liability,balance.csv,trading_liability,1540685000.0,1540685000.0,1540685000.0,,identity_q1_or_ytd_diff,True,
601009.XSHG,balance,2025-12-31,2025q4,,notes_payable,balance.csv,notes_payable,,,,,identity_q1_or_ytd_diff,False,missing_raw_value
601009.XSHG,balance,2025-12-31,2025q4,,accounts_payable,balance.csv,accounts_payable,,,,,identity_q1_or_ytd_diff,False,missing_raw_value
601009.XSHG,balance,2025-12-31,2025q4,,advance_peceipts,balance.csv,advance_peceipts,,,,,identity_q1_or_ytd_diff,False,missing_raw_value
601009.XSHG,balance,2025-12-31,2025q4,,sold_buyback_secu_proceeds,balance.csv,sold_buyback_secu_proceeds,118665290000.0,118665290000.0,118665290000.0,,identity_q1_or_ytd_diff,True,
601009.XSHG,balance,2025-12-31,2025q4,,commission_payable,balance.csv,commission_payable,,,,,identity_q1_or_ytd_diff,False,missing_raw_value
601009.XSHG,balance,2025-12-31,2025q4,,salaries_payable,balance.csv,salaries_payable,8460215000.0,8460215000.0,8460215000.0,,identity_q1_or_ytd_diff,True,
601009.XSHG,balance,2025-12-31,2025q4,,taxs_payable,balance.csv,taxs_payable,3157782000.0,3157782000.0,3157782000.0,,identity_q1_or_ytd_diff,True,
601009.XSHG,balance,2025-12-31,2025q4,,interest_payable,balance.csv,interest_payable,,,,,identity_q1_or_ytd_diff,False,missing_raw_value
601009.XSHG,balance,2025-12-31,2025q4,,other_payable,balance.csv,other_payable,,,,,identity_q1_or_ytd_diff,False,missing_raw_value
601009.XSHG,balance,2025-12-31,2025q4,,insurance_contract_reserves,balance.csv,insurance_contract_reserves,0.0,0.0,0.0,,identity_q1_or_ytd_diff,True,
601009.XSHG,balance,2025-12-31,2025q4,,proxy_secu_proceeds,balance.csv,proxy_secu_proceeds,,,,,identity_q1_or_ytd_diff,False,missing_raw_value
601009.XSHG,balance,2025-12-31,2025q4,,non_current_liability_in_one_year,balance.csv,non_current_liability_in_one_year,,,,,identity_q1_or_ytd_diff,False,missing_raw_value
601009.XSHG,balance,2025-12-31,2025q4,,other_current_liability,balance.csv,other_current_liability,,,,,identity_q1_or_ytd_diff,False,missing_raw_value
601009.XSHG,balance,2025-12-31,2025q4,,total_current_liability,balance.csv,total_current_liability,,,,,identity_q1_or_ytd_diff,False,missing_raw_value
601009.XSHG,balance,2025-12-31,2025q4,,longterm_loan,balance.csv,longterm_loan,,,,,identity_q1_or_ytd_diff,False,missing_raw_value
601009.XSHG,balance,2025-12-31,2025q4,,bonds_payable,balance.csv,bonds_payable,442218841000.0,442218841000.0,442218841000.0,,identity_q1_or_ytd_diff,True,
601009.XSHG,balance,2025-12-31,2025q4,,estimate_liability,balance.csv,estimate_liability,963076000.0,963076000.0,963076000.0,,identity_q1_or_ytd_diff,True,
601009.XSHG,balance,2025-12-31,2025q4,,deferred_tax_liability,balance.csv,deferred_tax_liability,,,,,identity_q1_or_ytd_diff,False,missing_raw_value
601009.XSHG,balance,2025-12-31,2025q4,,other_non_current_liability,balance.csv,other_non_current_liability,,,,,identity_q1_or_ytd_diff,False,missing_raw_value
601009.XSHG,balance,2025-12-31,2025q4,,total_non_current_liability,balance.csv,total_non_current_liability,,,,,identity_q1_or_ytd_diff,False,missing_raw_value
601009.XSHG,balance,2025-12-31,2025q4,,total_liability,balance.csv,total_liability,2811515075000.0,2811515075000.0,2811515075000.0,,identity_q1_or_ytd_diff,True,
601009.XSHG,balance,2025-12-31,2025q4,,paidin_capital,balance.csv,paidin_capital,12363567000.0,12363567000.0,12363567000.0,,identity_q1_or_ytd_diff,True,
601009.XSHG,balance,2025-12-31,2025q4,,capital_reserve_fund,balance.csv,capital_reserve_fund,42866348000.0,42866348000.0,42866348000.0,,identity_q1_or_ytd_diff,True,
601009.XSHG,balance,2025-12-31,2025q4,,treasury_stock,balance.csv,treasury_stock,,,,,identity_q1_or_ytd_diff,False,missing_raw_value
601009.XSHG,balance,2025-12-31,2025q4,,surplus_reserve_fund,balance.csv,surplus_reserve_fund,15555842000.0,15555842000.0,15555842000.0,,identity_q1_or_ytd_diff,True,
601009.XSHG,balance,2025-12-31,2025q4,,ordinary_risk_reserve_fund,balance.csv,ordinary_risk_reserve_fund,32177459000.0,32177459000.0,32177459000.0,,identity_q1_or_ytd_diff,True,
601009.XSHG,balance,2025-12-31,2025q4,,retained_profit,balance.csv,retained_profit,77112664000.0,77112664000.0,77112664000.0,,identity_q1_or_ytd_diff,True,
601009.XSHG,balance,2025-12-31,2025q4,,equities_parent_company_owners,balance.csv,equities_parent_company_owners,206301002000.0,206301002000.0,206301002000.0,,identity_q1_or_ytd_diff,True,
601009.XSHG,balance,2025-12-31,2025q4,,minority_interests,balance.csv,minority_interests,4003810000.0,4003810000.0,4003810000.0,,identity_q1_or_ytd_diff,True,
601009.XSHG,balance,2025-12-31,2025q4,,total_owner_equities,balance.csv,total_owner_equities,210304812000.0,210304812000.0,210304812000.0,,identity_q1_or_ytd_diff,True,
601009.XSHG,balance,2025-12-31,2025q4,,other_comprehensive_income,balance.csv,other_comprehensive_income,1251308000.0,1251308000.0,1251308000.0,,identity_q1_or_ytd_diff,True,
601009.XSHG,balance,2025-12-31,2025q4,,contract_assets,balance.csv,contract_assets,,,,,identity_q1_or_ytd_diff,False,missing_raw_value
601009.XSHG,balance,2025-12-31,2025q4,,contract_liability,balance.csv,contract_liability,,,,,identity_q1_or_ytd_diff,False,missing_raw_value
601009.XSHG,balance,2025-12-31,2025q4,,usufruct_assets,balance.csv,usufruct_assets,1038002000.0,1038002000.0,1038002000.0,,identity_q1_or_ytd_diff,True,
601009.XSHG,balance,2026-03-31,2026q1,,cash_equivalents,balance.csv,cash_equivalents,181869655000.0,181869655000.0,181869655000.0,,identity_q1_or_ytd_diff,True,
601009.XSHG,balance,2026-03-31,2026q1,,settlement_provi,balance.csv,settlement_provi,,,,,identity_q1_or_ytd_diff,False,missing_raw_value
601009.XSHG,balance,2026-03-31,2026q1,,lend_capital,balance.csv,lend_capital,42569752000.0,42569752000.0,42569752000.0,,identity_q1_or_ytd_diff,True,
601009.XSHG,balance,2026-03-31,2026q1,,trading_assets,balance.csv,trading_assets,335418321000.0,335418321000.0,335418321000.0,,identity_q1_or_ytd_diff,True,
601009.XSHG,balance,2026-03-31,2026q1,,bill_receivable,balance.csv,bill_receivable,,,,,identity_q1_or_ytd_diff,False,missing_raw_value
601009.XSHG,balance,2026-03-31,2026q1,,account_receivable,balance.csv,account_receivable,,,,,identity_q1_or_ytd_diff,False,missing_raw_value
601009.XSHG,balance,2026-03-31,2026q1,,advance_payment,balance.csv,advance_payment,,,,,identity_q1_or_ytd_diff,False,missing_raw_value
601009.XSHG,balance,2026-03-31,2026q1,,insurance_receivables,balance.csv,insurance_receivables,,,,,identity_q1_or_ytd_diff,False,missing_raw_value
601009.XSHG,balance,2026-03-31,2026q1,,interest_receivable,balance.csv,interest_receivable,,,,,identity_q1_or_ytd_diff,False,missing_raw_value
601009.XSHG,balance,2026-03-31,2026q1,,other_receivable,balance.csv,other_receivable,,,,,identity_q1_or_ytd_diff,False,missing_raw_value
601009.XSHG,balance,2026-03-31,2026q1,,bought_sellback_assets,balance.csv,bought_sellback_assets,97855210000.0,97855210000.0,97855210000.0,,identity_q1_or_ytd_diff,True,
601009.XSHG,balance,2026-03-31,2026q1,,inventories,balance.csv,inventories,,,,,identity_q1_or_ytd_diff,False,missing_raw_value
601009.XSHG,balance,2026-03-31,2026q1,,other_current_assets,balance.csv,other_current_assets,,,,,identity_q1_or_ytd_diff,False,missing_raw_value
601009.XSHG,balance,2026-03-31,2026q1,,total_current_assets,balance.csv,total_current_assets,,,,,identity_q1_or_ytd_diff,False,missing_raw_value
601009.XSHG,balance,2026-03-31,2026q1,,loan_and_advance,balance.csv,loan_and_advance,,,,,identity_q1_or_ytd_diff,False,missing_raw_value
601009.XSHG,balance,2026-03-31,2026q1,,hold_for_sale_assets,balance.csv,hold_for_sale_assets,,,,,identity_q1_or_ytd_diff,False,missing_raw_value
601009.XSHG,balance,2026-03-31,2026q1,,hold_to_maturity_investments,balance.csv,hold_to_maturity_investments,,,,,identity_q1_or_ytd_diff,False,missing_raw_value
601009.XSHG,balance,2026-03-31,2026q1,,longterm_equity_invest,balance.csv,longterm_equity_invest,11079335000.0,11079335000.0,11079335000.0,,identity_q1_or_ytd_diff,True,
601009.XSHG,balance,2026-03-31,2026q1,,investment_property,balance.csv,investment_property,914908000.0,914908000.0,914908000.0,,identity_q1_or_ytd_diff,True,
601009.XSHG,balance,2026-03-31,2026q1,,fixed_assets,balance.csv,fixed_assets,8563020000.0,8563020000.0,8563020000.0,,identity_q1_or_ytd_diff,True,
601009.XSHG,balance,2026-03-31,2026q1,,constru_in_process,balance.csv,constru_in_process,1627293000.0,1627293000.0,1627293000.0,,identity_q1_or_ytd_diff,True,
601009.XSHG,balance,2026-03-31,2026q1,,intangible_assets,balance.csv,intangible_assets,1263335000.0,1263335000.0,1263335000.0,,identity_q1_or_ytd_diff,True,
601009.XSHG,balance,2026-03-31,2026q1,,good_will,balance.csv,good_will,210050000.0,210050000.0,210050000.0,,identity_q1_or_ytd_diff,True,
601009.XSHG,balance,2026-03-31,2026q1,,long_deferred_expense,balance.csv,long_deferred_expense,,,,,identity_q1_or_ytd_diff,False,missing_raw_value
601009.XSHG,balance,2026-03-31,2026q1,,deferred_tax_assets,balance.csv,deferred_tax_assets,3695607000.0,3695607000.0,3695607000.0,,identity_q1_or_ytd_diff,True,
601009.XSHG,balance,2026-03-31,2026q1,,other_non_current_assets,balance.csv,other_non_current_assets,,,,,identity_q1_or_ytd_diff,False,missing_raw_value
601009.XSHG,balance,2026-03-31,2026q1,,total_non_current_assets,balance.csv,total_non_current_assets,,,,,identity_q1_or_ytd_diff,False,missing_raw_value
601009.XSHG,balance,2026-03-31,2026q1,,total_assets,balance.csv,total_assets,3206884710000.0,3206884710000.0,3206884710000.0,,identity_q1_or_ytd_diff,True,
601009.XSHG,balance,2026-03-31,2026q1,,shortterm_loan,balance.csv,shortterm_loan,0.0,0.0,0.0,,identity_q1_or_ytd_diff,True,
601009.XSHG,balance,2026-03-31,2026q1,,borrowing_from_centralbank,balance.csv,borrowing_from_centralbank,168390270000.0,168390270000.0,168390270000.0,,identity_q1_or_ytd_diff,True,
601009.XSHG,balance,2026-03-31,2026q1,,deposit_in_interbank,balance.csv,deposit_in_interbank,2185048849000.0,2185048849000.0,2185048849000.0,,identity_q1_or_ytd_diff,True,
601009.XSHG,balance,2026-03-31,2026q1,,borrowing_capital,balance.csv,borrowing_capital,78631907000.0,78631907000.0,78631907000.0,,identity_q1_or_ytd_diff,True,
601009.XSHG,balance,2026-03-31,2026q1,,trading_liability,balance.csv,trading_liability,2284840000.0,2284840000.0,2284840000.0,,identity_q1_or_ytd_diff,True,
601009.XSHG,balance,2026-03-31,2026q1,,notes_payable,balance.csv,notes_payable,,,,,identity_q1_or_ytd_diff,False,missing_raw_value
601009.XSHG,balance,2026-03-31,2026q1,,accounts_payable,balance.csv,accounts_payable,,,,,identity_q1_or_ytd_diff,False,missing_raw_value
601009.XSHG,balance,2026-03-31,2026q1,,advance_peceipts,balance.csv,advance_peceipts,,,,,identity_q1_or_ytd_diff,False,missing_raw_value
601009.XSHG,balance,2026-03-31,2026q1,,sold_buyback_secu_proceeds,balance.csv,sold_buyback_secu_proceeds,64418486000.0,64418486000.0,64418486000.0,,identity_q1_or_ytd_diff,True,
601009.XSHG,balance,2026-03-31,2026q1,,commission_payable,balance.csv,commission_payable,,,,,identity_q1_or_ytd_diff,False,missing_raw_value
601009.XSHG,balance,2026-03-31,2026q1,,salaries_payable,balance.csv,salaries_payable,7803047000.0,7803047000.0,7803047000.0,,identity_q1_or_ytd_diff,True,
601009.XSHG,balance,2026-03-31,2026q1,,taxs_payable,balance.csv,taxs_payable,3540671000.0,3540671000.0,3540671000.0,,identity_q1_or_ytd_diff,True,
601009.XSHG,balance,2026-03-31,2026q1,,interest_payable,balance.csv,interest_payable,,,,,identity_q1_or_ytd_diff,False,missing_raw_value
601009.XSHG,balance,2026-03-31,2026q1,,other_payable,balance.csv,other_payable,,,,,identity_q1_or_ytd_diff,False,missing_raw_value
601009.XSHG,balance,2026-03-31,2026q1,,insurance_contract_reserves,balance.csv,insurance_contract_reserves,0.0,0.0,0.0,,identity_q1_or_ytd_diff,True,
601009.XSHG,balance,2026-03-31,2026q1,,proxy_secu_proceeds,balance.csv,proxy_secu_proceeds,,,,,identity_q1_or_ytd_diff,False,missing_raw_value
601009.XSHG,balance,2026-03-31,2026q1,,non_current_liability_in_one_year,balance.csv,non_current_liability_in_one_year,,,,,identity_q1_or_ytd_diff,False,missing_raw_value
601009.XSHG,balance,2026-03-31,2026q1,,other_current_liability,balance.csv,other_current_liability,,,,,identity_q1_or_ytd_diff,False,missing_raw_value
601009.XSHG,balance,2026-03-31,2026q1,,total_current_liability,balance.csv,total_current_liability,,,,,identity_q1_or_ytd_diff,False,missing_raw_value
601009.XSHG,balance,2026-03-31,2026q1,,longterm_loan,balance.csv,longterm_loan,,,,,identity_q1_or_ytd_diff,False,missing_raw_value
601009.XSHG,balance,2026-03-31,2026q1,,bonds_payable,balance.csv,bonds_payable,446931098000.0,446931098000.0,446931098000.0,,identity_q1_or_ytd_diff,True,
601009.XSHG,balance,2026-03-31,2026q1,,estimate_liability,balance.csv,estimate_liability,819844000.0,819844000.0,819844000.0,,identity_q1_or_ytd_diff,True,
601009.XSHG,balance,2026-03-31,2026q1,,deferred_tax_liability,balance.csv,deferred_tax_liability,,,,,identity_q1_or_ytd_diff,False,missing_raw_value
601009.XSHG,balance,2026-03-31,2026q1,,other_non_current_liability,balance.csv,other_non_current_liability,,,,,identity_q1_or_ytd_diff,False,missing_raw_value
601009.XSHG,balance,2026-03-31,2026q1,,total_non_current_liability,balance.csv,total_non_current_liability,,,,,identity_q1_or_ytd_diff,False,missing_raw_value
601009.XSHG,balance,2026-03-31,2026q1,,total_liability,balance.csv,total_liability,2989718753000.0,2989718753000.0,2989718753000.0,,identity_q1_or_ytd_diff,True,
601009.XSHG,balance,2026-03-31,2026q1,,paidin_capital,balance.csv,paidin_capital,12363567000.0,12363567000.0,12363567000.0,,identity_q1_or_ytd_diff,True,
601009.XSHG,balance,2026-03-31,2026q1,,capital_reserve_fund,balance.csv,capital_reserve_fund,42866348000.0,42866348000.0,42866348000.0,,identity_q1_or_ytd_diff,True,
601009.XSHG,balance,2026-03-31,2026q1,,treasury_stock,balance.csv,treasury_stock,,,,,identity_q1_or_ytd_diff,False,missing_raw_value
601009.XSHG,balance,2026-03-31,2026q1,,surplus_reserve_fund,balance.csv,surplus_reserve_fund,15555842000.0,15555842000.0,15555842000.0,,identity_q1_or_ytd_diff,True,
601009.XSHG,balance,2026-03-31,2026q1,,ordinary_risk_reserve_fund,balance.csv,ordinary_risk_reserve_fund,32261950000.0,32261950000.0,32261950000.0,,identity_q1_or_ytd_diff,True,
601009.XSHG,balance,2026-03-31,2026q1,,retained_profit,balance.csv,retained_profit,83467691000.0,83467691000.0,83467691000.0,,identity_q1_or_ytd_diff,True,
601009.XSHG,balance,2026-03-31,2026q1,,equities_parent_company_owners,balance.csv,equities_parent_company_owners,213120825000.0,213120825000.0,213120825000.0,,identity_q1_or_ytd_diff,True,
601009.XSHG,balance,2026-03-31,2026q1,,minority_interests,balance.csv,minority_interests,4045132000.0,4045132000.0,4045132000.0,,identity_q1_or_ytd_diff,True,
601009.XSHG,balance,2026-03-31,2026q1,,total_owner_equities,balance.csv,total_owner_equities,217165957000.0,217165957000.0,217165957000.0,,identity_q1_or_ytd_diff,True,
601009.XSHG,balance,2026-03-31,2026q1,,other_comprehensive_income,balance.csv,other_comprehensive_income,1631613000.0,1631613000.0,1631613000.0,,identity_q1_or_ytd_diff,True,
601009.XSHG,balance,2026-03-31,2026q1,,contract_assets,balance.csv,contract_assets,,,,,identity_q1_or_ytd_diff,False,missing_raw_value
601009.XSHG,balance,2026-03-31,2026q1,,contract_liability,balance.csv,contract_liability,,,,,identity_q1_or_ytd_diff,False,missing_raw_value
601009.XSHG,balance,2026-03-31,2026q1,,usufruct_assets,balance.csv,usufruct_assets,982750000.0,982750000.0,982750000.0,,identity_q1_or_ytd_diff,True,
601009.XSHG,balance,2026-06-30,2026q2,,cash_equivalents,,cash_equivalents,,,,,identity_q1_or_ytd_diff,False,outside_current_available_window
601009.XSHG,balance,2026-06-30,2026q2,,settlement_provi,,settlement_provi,,,,,identity_q1_or_ytd_diff,False,outside_current_available_window
601009.XSHG,balance,2026-06-30,2026q2,,lend_capital,,lend_capital,,,,,identity_q1_or_ytd_diff,False,outside_current_available_window
601009.XSHG,balance,2026-06-30,2026q2,,trading_assets,,trading_assets,,,,,identity_q1_or_ytd_diff,False,outside_current_available_window
601009.XSHG,balance,2026-06-30,2026q2,,bill_receivable,,bill_receivable,,,,,identity_q1_or_ytd_diff,False,outside_current_available_window
601009.XSHG,balance,2026-06-30,2026q2,,account_receivable,,account_receivable,,,,,identity_q1_or_ytd_diff,False,outside_current_available_window
601009.XSHG,balance,2026-06-30,2026q2,,advance_payment,,advance_payment,,,,,identity_q1_or_ytd_diff,False,outside_current_available_window
601009.XSHG,balance,2026-06-30,2026q2,,insurance_receivables,,insurance_receivables,,,,,identity_q1_or_ytd_diff,False,outside_current_available_window
601009.XSHG,balance,2026-06-30,2026q2,,interest_receivable,,interest_receivable,,,,,identity_q1_or_ytd_diff,False,outside_current_available_window
601009.XSHG,balance,2026-06-30,2026q2,,other_receivable,,other_receivable,,,,,identity_q1_or_ytd_diff,False,outside_current_available_window
601009.XSHG,balance,2026-06-30,2026q2,,bought_sellback_assets,,bought_sellback_assets,,,,,identity_q1_or_ytd_diff,False,outside_current_available_window
601009.XSHG,balance,2026-06-30,2026q2,,inventories,,inventories,,,,,identity_q1_or_ytd_diff,False,outside_current_available_window
601009.XSHG,balance,2026-06-30,2026q2,,other_current_assets,,other_current_assets,,,,,identity_q1_or_ytd_diff,False,outside_current_available_window
601009.XSHG,balance,2026-06-30,2026q2,,total_current_assets,,total_current_assets,,,,,identity_q1_or_ytd_diff,False,outside_current_available_window
601009.XSHG,balance,2026-06-30,2026q2,,loan_and_advance,,loan_and_advance,,,,,identity_q1_or_ytd_diff,False,outside_current_available_window
601009.XSHG,balance,2026-06-30,2026q2,,hold_for_sale_assets,,hold_for_sale_assets,,,,,identity_q1_or_ytd_diff,False,outside_current_available_window
601009.XSHG,balance,2026-06-30,2026q2,,hold_to_maturity_investments,,hold_to_maturity_investments,,,,,identity_q1_or_ytd_diff,False,outside_current_available_window
601009.XSHG,balance,2026-06-30,2026q2,,longterm_equity_invest,,longterm_equity_invest,,,,,identity_q1_or_ytd_diff,False,outside_current_available_window
601009.XSHG,balance,2026-06-30,2026q2,,investment_property,,investment_property,,,,,identity_q1_or_ytd_diff,False,outside_current_available_window
601009.XSHG,balance,2026-06-30,2026q2,,fixed_assets,,fixed_assets,,,,,identity_q1_or_ytd_diff,False,outside_current_available_window
601009.XSHG,balance,2026-06-30,2026q2,,constru_in_process,,constru_in_process,,,,,identity_q1_or_ytd_diff,False,outside_current_available_window
601009.XSHG,balance,2026-06-30,2026q2,,intangible_assets,,intangible_assets,,,,,identity_q1_or_ytd_diff,False,outside_current_available_window
601009.XSHG,balance,2026-06-30,2026q2,,good_will,,good_will,,,,,identity_q1_or_ytd_diff,False,outside_current_available_window
601009.XSHG,balance,2026-06-30,2026q2,,long_deferred_expense,,long_deferred_expense,,,,,identity_q1_or_ytd_diff,False,outside_current_available_window
601009.XSHG,balance,2026-06-30,2026q2,,deferred_tax_assets,,deferred_tax_assets,,,,,identity_q1_or_ytd_diff,False,outside_current_available_window
601009.XSHG,balance,2026-06-30,2026q2,,other_non_current_assets,,other_non_current_assets,,,,,identity_q1_or_ytd_diff,False,outside_current_available_window
601009.XSHG,balance,2026-06-30,2026q2,,total_non_current_assets,,total_non_current_assets,,,,,identity_q1_or_ytd_diff,False,outside_current_available_window
601009.XSHG,balance,2026-06-30,2026q2,,total_assets,,total_assets,,,,,identity_q1_or_ytd_diff,False,outside_current_available_window
601009.XSHG,balance,2026-06-30,2026q2,,shortterm_loan,,shortterm_loan,,,,,identity_q1_or_ytd_diff,False,outside_current_available_window
601009.XSHG,balance,2026-06-30,2026q2,,borrowing_from_centralbank,,borrowing_from_centralbank,,,,,identity_q1_or_ytd_diff,False,outside_current_available_window
601009.XSHG,balance,2026-06-30,2026q2,,deposit_in_interbank,,deposit_in_interbank,,,,,identity_q1_or_ytd_diff,False,outside_current_available_window
601009.XSHG,balance,2026-06-30,2026q2,,borrowing_capital,,borrowing_capital,,,,,identity_q1_or_ytd_diff,False,outside_current_available_window
601009.XSHG,balance,2026-06-30,2026q2,,trading_liability,,trading_liability,,,,,identity_q1_or_ytd_diff,False,outside_current_available_window
601009.XSHG,balance,2026-06-30,2026q2,,notes_payable,,notes_payable,,,,,identity_q1_or_ytd_diff,False,outside_current_available_window
601009.XSHG,balance,2026-06-30,2026q2,,accounts_payable,,accounts_payable,,,,,identity_q1_or_ytd_diff,False,outside_current_available_window
601009.XSHG,balance,2026-06-30,2026q2,,advance_peceipts,,advance_peceipts,,,,,identity_q1_or_ytd_diff,False,outside_current_available_window
601009.XSHG,balance,2026-06-30,2026q2,,sold_buyback_secu_proceeds,,sold_buyback_secu_proceeds,,,,,identity_q1_or_ytd_diff,False,outside_current_available_window
601009.XSHG,balance,2026-06-30,2026q2,,commission_payable,,commission_payable,,,,,identity_q1_or_ytd_diff,False,outside_current_available_window
601009.XSHG,balance,2026-06-30,2026q2,,salaries_payable,,salaries_payable,,,,,identity_q1_or_ytd_diff,False,outside_current_available_window
601009.XSHG,balance,2026-06-30,2026q2,,taxs_payable,,taxs_payable,,,,,identity_q1_or_ytd_diff,False,outside_current_available_window
601009.XSHG,balance,2026-06-30,2026q2,,interest_payable,,interest_payable,,,,,identity_q1_or_ytd_diff,False,outside_current_available_window
601009.XSHG,balance,2026-06-30,2026q2,,other_payable,,other_payable,,,,,identity_q1_or_ytd_diff,False,outside_current_available_window
601009.XSHG,balance,2026-06-30,2026q2,,insurance_contract_reserves,,insurance_contract_reserves,,,,,identity_q1_or_ytd_diff,False,outside_current_available_window
601009.XSHG,balance,2026-06-30,2026q2,,proxy_secu_proceeds,,proxy_secu_proceeds,,,,,identity_q1_or_ytd_diff,False,outside_current_available_window
601009.XSHG,balance,2026-06-30,2026q2,,non_current_liability_in_one_year,,non_current_liability_in_one_year,,,,,identity_q1_or_ytd_diff,False,outside_current_available_window
601009.XSHG,balance,2026-06-30,2026q2,,other_current_liability,,other_current_liability,,,,,identity_q1_or_ytd_diff,False,outside_current_available_window
601009.XSHG,balance,2026-06-30,2026q2,,total_current_liability,,total_current_liability,,,,,identity_q1_or_ytd_diff,False,outside_current_available_window
601009.XSHG,balance,2026-06-30,2026q2,,longterm_loan,,longterm_loan,,,,,identity_q1_or_ytd_diff,False,outside_current_available_window
601009.XSHG,balance,2026-06-30,2026q2,,bonds_payable,,bonds_payable,,,,,identity_q1_or_ytd_diff,False,outside_current_available_window
601009.XSHG,balance,2026-06-30,2026q2,,estimate_liability,,estimate_liability,,,,,identity_q1_or_ytd_diff,False,outside_current_available_window
601009.XSHG,balance,2026-06-30,2026q2,,deferred_tax_liability,,deferred_tax_liability,,,,,identity_q1_or_ytd_diff,False,outside_current_available_window
601009.XSHG,balance,2026-06-30,2026q2,,other_non_current_liability,,other_non_current_liability,,,,,identity_q1_or_ytd_diff,False,outside_current_available_window
601009.XSHG,balance,2026-06-30,2026q2,,total_non_current_liability,,total_non_current_liability,,,,,identity_q1_or_ytd_diff,False,outside_current_available_window
601009.XSHG,balance,2026-06-30,2026q2,,total_liability,,total_liability,,,,,identity_q1_or_ytd_diff,False,outside_current_available_window
601009.XSHG,balance,2026-06-30,2026q2,,paidin_capital,,paidin_capital,,,,,identity_q1_or_ytd_diff,False,outside_current_available_window
601009.XSHG,balance,2026-06-30,2026q2,,capital_reserve_fund,,capital_reserve_fund,,,,,identity_q1_or_ytd_diff,False,outside_current_available_window
601009.XSHG,balance,2026-06-30,2026q2,,treasury_stock,,treasury_stock,,,,,identity_q1_or_ytd_diff,False,outside_current_available_window
601009.XSHG,balance,2026-06-30,2026q2,,surplus_reserve_fund,,surplus_reserve_fund,,,,,identity_q1_or_ytd_diff,False,outside_current_available_window
601009.XSHG,balance,2026-06-30,2026q2,,ordinary_risk_reserve_fund,,ordinary_risk_reserve_fund,,,,,identity_q1_or_ytd_diff,False,outside_current_available_window
601009.XSHG,balance,2026-06-30,2026q2,,retained_profit,,retained_profit,,,,,identity_q1_or_ytd_diff,False,outside_current_available_window
601009.XSHG,balance,2026-06-30,2026q2,,equities_parent_company_owners,,equities_parent_company_owners,,,,,identity_q1_or_ytd_diff,False,outside_current_available_window
601009.XSHG,balance,2026-06-30,2026q2,,minority_interests,,minority_interests,,,,,identity_q1_or_ytd_diff,False,outside_current_available_window
601009.XSHG,balance,2026-06-30,2026q2,,total_owner_equities,,total_owner_equities,,,,,identity_q1_or_ytd_diff,False,outside_current_available_window
601009.XSHG,balance,2026-06-30,2026q2,,other_comprehensive_income,,other_comprehensive_income,,,,,identity_q1_or_ytd_diff,False,outside_current_available_window
601009.XSHG,balance,2026-06-30,2026q2,,contract_assets,,contract_assets,,,,,identity_q1_or_ytd_diff,False,outside_current_available_window
601009.XSHG,balance,2026-06-30,2026q2,,contract_liability,,contract_liability,,,,,identity_q1_or_ytd_diff,False,outside_current_available_window
601009.XSHG,balance,2026-06-30,2026q2,,usufruct_assets,,usufruct_assets,,,,,identity_q1_or_ytd_diff,False,outside_current_available_window
601009.XSHG,balance,2026-09-30,2026q3,,cash_equivalents,,cash_equivalents,,,,,identity_q1_or_ytd_diff,False,outside_current_available_window
601009.XSHG,balance,2026-09-30,2026q3,,settlement_provi,,settlement_provi,,,,,identity_q1_or_ytd_diff,False,outside_current_available_window
601009.XSHG,balance,2026-09-30,2026q3,,lend_capital,,lend_capital,,,,,identity_q1_or_ytd_diff,False,outside_current_available_window
601009.XSHG,balance,2026-09-30,2026q3,,trading_assets,,trading_assets,,,,,identity_q1_or_ytd_diff,False,outside_current_available_window
601009.XSHG,balance,2026-09-30,2026q3,,bill_receivable,,bill_receivable,,,,,identity_q1_or_ytd_diff,False,outside_current_available_window
601009.XSHG,balance,2026-09-30,2026q3,,account_receivable,,account_receivable,,,,,identity_q1_or_ytd_diff,False,outside_current_available_window
601009.XSHG,balance,2026-09-30,2026q3,,advance_payment,,advance_payment,,,,,identity_q1_or_ytd_diff,False,outside_current_available_window
601009.XSHG,balance,2026-09-30,2026q3,,insurance_receivables,,insurance_receivables,,,,,identity_q1_or_ytd_diff,False,outside_current_available_window
601009.XSHG,balance,2026-09-30,2026q3,,interest_receivable,,interest_receivable,,,,,identity_q1_or_ytd_diff,False,outside_current_available_window
601009.XSHG,balance,2026-09-30,2026q3,,other_receivable,,other_receivable,,,,,identity_q1_or_ytd_diff,False,outside_current_available_window
601009.XSHG,balance,2026-09-30,2026q3,,bought_sellback_assets,,bought_sellback_assets,,,,,identity_q1_or_ytd_diff,False,outside_current_available_window
601009.XSHG,balance,2026-09-30,2026q3,,inventories,,inventories,,,,,identity_q1_or_ytd_diff,False,outside_current_available_window
601009.XSHG,balance,2026-09-30,2026q3,,other_current_assets,,other_current_assets,,,,,identity_q1_or_ytd_diff,False,outside_current_available_window
601009.XSHG,balance,2026-09-30,2026q3,,total_current_assets,,total_current_assets,,,,,identity_q1_or_ytd_diff,False,outside_current_available_window
601009.XSHG,balance,2026-09-30,2026q3,,loan_and_advance,,loan_and_advance,,,,,identity_q1_or_ytd_diff,False,outside_current_available_window
601009.XSHG,balance,2026-09-30,2026q3,,hold_for_sale_assets,,hold_for_sale_assets,,,,,identity_q1_or_ytd_diff,False,outside_current_available_window
601009.XSHG,balance,2026-09-30,2026q3,,hold_to_maturity_investments,,hold_to_maturity_investments,,,,,identity_q1_or_ytd_diff,False,outside_current_available_window
601009.XSHG,balance,2026-09-30,2026q3,,longterm_equity_invest,,longterm_equity_invest,,,,,identity_q1_or_ytd_diff,False,outside_current_available_window
601009.XSHG,balance,2026-09-30,2026q3,,investment_property,,investment_property,,,,,identity_q1_or_ytd_diff,False,outside_current_available_window
601009.XSHG,balance,2026-09-30,2026q3,,fixed_assets,,fixed_assets,,,,,identity_q1_or_ytd_diff,False,outside_current_available_window
601009.XSHG,balance,2026-09-30,2026q3,,constru_in_process,,constru_in_process,,,,,identity_q1_or_ytd_diff,False,outside_current_available_window
601009.XSHG,balance,2026-09-30,2026q3,,intangible_assets,,intangible_assets,,,,,identity_q1_or_ytd_diff,False,outside_current_available_window
601009.XSHG,balance,2026-09-30,2026q3,,good_will,,good_will,,,,,identity_q1_or_ytd_diff,False,outside_current_available_window
601009.XSHG,balance,2026-09-30,2026q3,,long_deferred_expense,,long_deferred_expense,,,,,identity_q1_or_ytd_diff,False,outside_current_available_window
601009.XSHG,balance,2026-09-30,2026q3,,deferred_tax_assets,,deferred_tax_assets,,,,,identity_q1_or_ytd_diff,False,outside_current_available_window
601009.XSHG,balance,2026-09-30,2026q3,,other_non_current_assets,,other_non_current_assets,,,,,identity_q1_or_ytd_diff,False,outside_current_available_window
601009.XSHG,balance,2026-09-30,2026q3,,total_non_current_assets,,total_non_current_assets,,,,,identity_q1_or_ytd_diff,False,outside_current_available_window
601009.XSHG,balance,2026-09-30,2026q3,,total_assets,,total_assets,,,,,identity_q1_or_ytd_diff,False,outside_current_available_window
601009.XSHG,balance,2026-09-30,2026q3,,shortterm_loan,,shortterm_loan,,,,,identity_q1_or_ytd_diff,False,outside_current_available_window
601009.XSHG,balance,2026-09-30,2026q3,,borrowing_from_centralbank,,borrowing_from_centralbank,,,,,identity_q1_or_ytd_diff,False,outside_current_available_window
601009.XSHG,balance,2026-09-30,2026q3,,deposit_in_interbank,,deposit_in_interbank,,,,,identity_q1_or_ytd_diff,False,outside_current_available_window
601009.XSHG,balance,2026-09-30,2026q3,,borrowing_capital,,borrowing_capital,,,,,identity_q1_or_ytd_diff,False,outside_current_available_window
601009.XSHG,balance,2026-09-30,2026q3,,trading_liability,,trading_liability,,,,,identity_q1_or_ytd_diff,False,outside_current_available_window
601009.XSHG,balance,2026-09-30,2026q3,,notes_payable,,notes_payable,,,,,identity_q1_or_ytd_diff,False,outside_current_available_window
601009.XSHG,balance,2026-09-30,2026q3,,accounts_payable,,accounts_payable,,,,,identity_q1_or_ytd_diff,False,outside_current_available_window
601009.XSHG,balance,2026-09-30,2026q3,,advance_peceipts,,advance_peceipts,,,,,identity_q1_or_ytd_diff,False,outside_current_available_window
601009.XSHG,balance,2026-09-30,2026q3,,sold_buyback_secu_proceeds,,sold_buyback_secu_proceeds,,,,,identity_q1_or_ytd_diff,False,outside_current_available_window
601009.XSHG,balance,2026-09-30,2026q3,,commission_payable,,commission_payable,,,,,identity_q1_or_ytd_diff,False,outside_current_available_window
601009.XSHG,balance,2026-09-30,2026q3,,salaries_payable,,salaries_payable,,,,,identity_q1_or_ytd_diff,False,outside_current_available_window
601009.XSHG,balance,2026-09-30,2026q3,,taxs_payable,,taxs_payable,,,,,identity_q1_or_ytd_diff,False,outside_current_available_window
601009.XSHG,balance,2026-09-30,2026q3,,interest_payable,,interest_payable,,,,,identity_q1_or_ytd_diff,False,outside_current_available_window
601009.XSHG,balance,2026-09-30,2026q3,,other_payable,,other_payable,,,,,identity_q1_or_ytd_diff,False,outside_current_available_window
601009.XSHG,balance,2026-09-30,2026q3,,insurance_contract_reserves,,insurance_contract_reserves,,,,,identity_q1_or_ytd_diff,False,outside_current_available_window
601009.XSHG,balance,2026-09-30,2026q3,,proxy_secu_proceeds,,proxy_secu_proceeds,,,,,identity_q1_or_ytd_diff,False,outside_current_available_window
601009.XSHG,balance,2026-09-30,2026q3,,non_current_liability_in_one_year,,non_current_liability_in_one_year,,,,,identity_q1_or_ytd_diff,False,outside_current_available_window
601009.XSHG,balance,2026-09-30,2026q3,,other_current_liability,,other_current_liability,,,,,identity_q1_or_ytd_diff,False,outside_current_available_window
601009.XSHG,balance,2026-09-30,2026q3,,total_current_liability,,total_current_liability,,,,,identity_q1_or_ytd_diff,False,outside_current_available_window
601009.XSHG,balance,2026-09-30,2026q3,,longterm_loan,,longterm_loan,,,,,identity_q1_or_ytd_diff,False,outside_current_available_window
601009.XSHG,balance,2026-09-30,2026q3,,bonds_payable,,bonds_payable,,,,,identity_q1_or_ytd_diff,False,outside_current_available_window
601009.XSHG,balance,2026-09-30,2026q3,,estimate_liability,,estimate_liability,,,,,identity_q1_or_ytd_diff,False,outside_current_available_window
601009.XSHG,balance,2026-09-30,2026q3,,deferred_tax_liability,,deferred_tax_liability,,,,,identity_q1_or_ytd_diff,False,outside_current_available_window
601009.XSHG,balance,2026-09-30,2026q3,,other_non_current_liability,,other_non_current_liability,,,,,identity_q1_or_ytd_diff,False,outside_current_available_window
601009.XSHG,balance,2026-09-30,2026q3,,total_non_current_liability,,total_non_current_liability,,,,,identity_q1_or_ytd_diff,False,outside_current_available_window
601009.XSHG,balance,2026-09-30,2026q3,,total_liability,,total_liability,,,,,identity_q1_or_ytd_diff,False,outside_current_available_window
601009.XSHG,balance,2026-09-30,2026q3,,paidin_capital,,paidin_capital,,,,,identity_q1_or_ytd_diff,False,outside_current_available_window
601009.XSHG,balance,2026-09-30,2026q3,,capital_reserve_fund,,capital_reserve_fund,,,,,identity_q1_or_ytd_diff,False,outside_current_available_window
601009.XSHG,balance,2026-09-30,2026q3,,treasury_stock,,treasury_stock,,,,,identity_q1_or_ytd_diff,False,outside_current_available_window
601009.XSHG,balance,2026-09-30,2026q3,,surplus_reserve_fund,,surplus_reserve_fund,,,,,identity_q1_or_ytd_diff,False,outside_current_available_window
601009.XSHG,balance,2026-09-30,2026q3,,ordinary_risk_reserve_fund,,ordinary_risk_reserve_fund,,,,,identity_q1_or_ytd_diff,False,outside_current_available_window
601009.XSHG,balance,2026-09-30,2026q3,,retained_profit,,retained_profit,,,,,identity_q1_or_ytd_diff,False,outside_current_available_window
601009.XSHG,balance,2026-09-30,2026q3,,equities_parent_company_owners,,equities_parent_company_owners,,,,,identity_q1_or_ytd_diff,False,outside_current_available_window
601009.XSHG,balance,2026-09-30,2026q3,,minority_interests,,minority_interests,,,,,identity_q1_or_ytd_diff,False,outside_current_available_window
601009.XSHG,balance,2026-09-30,2026q3,,total_owner_equities,,total_owner_equities,,,,,identity_q1_or_ytd_diff,False,outside_current_available_window
601009.XSHG,balance,2026-09-30,2026q3,,other_comprehensive_income,,other_comprehensive_income,,,,,identity_q1_or_ytd_diff,False,outside_current_available_window
601009.XSHG,balance,2026-09-30,2026q3,,contract_assets,,contract_assets,,,,,identity_q1_or_ytd_diff,False,outside_current_available_window
601009.XSHG,balance,2026-09-30,2026q3,,contract_liability,,contract_liability,,,,,identity_q1_or_ytd_diff,False,outside_current_available_window
601009.XSHG,balance,2026-09-30,2026q3,,usufruct_assets,,usufruct_assets,,,,,identity_q1_or_ytd_diff,False,outside_current_available_window
601009.XSHG,balance,2026-12-31,2026q4,,cash_equivalents,,cash_equivalents,,,,,identity_q1_or_ytd_diff,False,outside_current_available_window
601009.XSHG,balance,2026-12-31,2026q4,,settlement_provi,,settlement_provi,,,,,identity_q1_or_ytd_diff,False,outside_current_available_window
601009.XSHG,balance,2026-12-31,2026q4,,lend_capital,,lend_capital,,,,,identity_q1_or_ytd_diff,False,outside_current_available_window
601009.XSHG,balance,2026-12-31,2026q4,,trading_assets,,trading_assets,,,,,identity_q1_or_ytd_diff,False,outside_current_available_window
601009.XSHG,balance,2026-12-31,2026q4,,bill_receivable,,bill_receivable,,,,,identity_q1_or_ytd_diff,False,outside_current_available_window
601009.XSHG,balance,2026-12-31,2026q4,,account_receivable,,account_receivable,,,,,identity_q1_or_ytd_diff,False,outside_current_available_window
601009.XSHG,balance,2026-12-31,2026q4,,advance_payment,,advance_payment,,,,,identity_q1_or_ytd_diff,False,outside_current_available_window
601009.XSHG,balance,2026-12-31,2026q4,,insurance_receivables,,insurance_receivables,,,,,identity_q1_or_ytd_diff,False,outside_current_available_window
601009.XSHG,balance,2026-12-31,2026q4,,interest_receivable,,interest_receivable,,,,,identity_q1_or_ytd_diff,False,outside_current_available_window
601009.XSHG,balance,2026-12-31,2026q4,,other_receivable,,other_receivable,,,,,identity_q1_or_ytd_diff,False,outside_current_available_window
601009.XSHG,balance,2026-12-31,2026q4,,bought_sellback_assets,,bought_sellback_assets,,,,,identity_q1_or_ytd_diff,False,outside_current_available_window
601009.XSHG,balance,2026-12-31,2026q4,,inventories,,inventories,,,,,identity_q1_or_ytd_diff,False,outside_current_available_window
601009.XSHG,balance,2026-12-31,2026q4,,other_current_assets,,other_current_assets,,,,,identity_q1_or_ytd_diff,False,outside_current_available_window
601009.XSHG,balance,2026-12-31,2026q4,,total_current_assets,,total_current_assets,,,,,identity_q1_or_ytd_diff,False,outside_current_available_window
601009.XSHG,balance,2026-12-31,2026q4,,loan_and_advance,,loan_and_advance,,,,,identity_q1_or_ytd_diff,False,outside_current_available_window
601009.XSHG,balance,2026-12-31,2026q4,,hold_for_sale_assets,,hold_for_sale_assets,,,,,identity_q1_or_ytd_diff,False,outside_current_available_window
601009.XSHG,balance,2026-12-31,2026q4,,hold_to_maturity_investments,,hold_to_maturity_investments,,,,,identity_q1_or_ytd_diff,False,outside_current_available_window
601009.XSHG,balance,2026-12-31,2026q4,,longterm_equity_invest,,longterm_equity_invest,,,,,identity_q1_or_ytd_diff,False,outside_current_available_window
601009.XSHG,balance,2026-12-31,2026q4,,investment_property,,investment_property,,,,,identity_q1_or_ytd_diff,False,outside_current_available_window
601009.XSHG,balance,2026-12-31,2026q4,,fixed_assets,,fixed_assets,,,,,identity_q1_or_ytd_diff,False,outside_current_available_window
601009.XSHG,balance,2026-12-31,2026q4,,constru_in_process,,constru_in_process,,,,,identity_q1_or_ytd_diff,False,outside_current_available_window
601009.XSHG,balance,2026-12-31,2026q4,,intangible_assets,,intangible_assets,,,,,identity_q1_or_ytd_diff,False,outside_current_available_window
601009.XSHG,balance,2026-12-31,2026q4,,good_will,,good_will,,,,,identity_q1_or_ytd_diff,False,outside_current_available_window
601009.XSHG,balance,2026-12-31,2026q4,,long_deferred_expense,,long_deferred_expense,,,,,identity_q1_or_ytd_diff,False,outside_current_available_window
601009.XSHG,balance,2026-12-31,2026q4,,deferred_tax_assets,,deferred_tax_assets,,,,,identity_q1_or_ytd_diff,False,outside_current_available_window
601009.XSHG,balance,2026-12-31,2026q4,,other_non_current_assets,,other_non_current_assets,,,,,identity_q1_or_ytd_diff,False,outside_current_available_window
601009.XSHG,balance,2026-12-31,2026q4,,total_non_current_assets,,total_non_current_assets,,,,,identity_q1_or_ytd_diff,False,outside_current_available_window
601009.XSHG,balance,2026-12-31,2026q4,,total_assets,,total_assets,,,,,identity_q1_or_ytd_diff,False,outside_current_available_window
601009.XSHG,balance,2026-12-31,2026q4,,shortterm_loan,,shortterm_loan,,,,,identity_q1_or_ytd_diff,False,outside_current_available_window
601009.XSHG,balance,2026-12-31,2026q4,,borrowing_from_centralbank,,borrowing_from_centralbank,,,,,identity_q1_or_ytd_diff,False,outside_current_available_window
601009.XSHG,balance,2026-12-31,2026q4,,deposit_in_interbank,,deposit_in_interbank,,,,,identity_q1_or_ytd_diff,False,outside_current_available_window
601009.XSHG,balance,2026-12-31,2026q4,,borrowing_capital,,borrowing_capital,,,,,identity_q1_or_ytd_diff,False,outside_current_available_window
601009.XSHG,balance,2026-12-31,2026q4,,trading_liability,,trading_liability,,,,,identity_q1_or_ytd_diff,False,outside_current_available_window
601009.XSHG,balance,2026-12-31,2026q4,,notes_payable,,notes_payable,,,,,identity_q1_or_ytd_diff,False,outside_current_available_window
601009.XSHG,balance,2026-12-31,2026q4,,accounts_payable,,accounts_payable,,,,,identity_q1_or_ytd_diff,False,outside_current_available_window
601009.XSHG,balance,2026-12-31,2026q4,,advance_peceipts,,advance_peceipts,,,,,identity_q1_or_ytd_diff,False,outside_current_available_window
601009.XSHG,balance,2026-12-31,2026q4,,sold_buyback_secu_proceeds,,sold_buyback_secu_proceeds,,,,,identity_q1_or_ytd_diff,False,outside_current_available_window
601009.XSHG,balance,2026-12-31,2026q4,,commission_payable,,commission_payable,,,,,identity_q1_or_ytd_diff,False,outside_current_available_window
601009.XSHG,balance,2026-12-31,2026q4,,salaries_payable,,salaries_payable,,,,,identity_q1_or_ytd_diff,False,outside_current_available_window
601009.XSHG,balance,2026-12-31,2026q4,,taxs_payable,,taxs_payable,,,,,identity_q1_or_ytd_diff,False,outside_current_available_window
601009.XSHG,balance,2026-12-31,2026q4,,interest_payable,,interest_payable,,,,,identity_q1_or_ytd_diff,False,outside_current_available_window
601009.XSHG,balance,2026-12-31,2026q4,,other_payable,,other_payable,,,,,identity_q1_or_ytd_diff,False,outside_current_available_window
601009.XSHG,balance,2026-12-31,2026q4,,insurance_contract_reserves,,insurance_contract_reserves,,,,,identity_q1_or_ytd_diff,False,outside_current_available_window
601009.XSHG,balance,2026-12-31,2026q4,,proxy_secu_proceeds,,proxy_secu_proceeds,,,,,identity_q1_or_ytd_diff,False,outside_current_available_window
601009.XSHG,balance,2026-12-31,2026q4,,non_current_liability_in_one_year,,non_current_liability_in_one_year,,,,,identity_q1_or_ytd_diff,False,outside_current_available_window
601009.XSHG,balance,2026-12-31,2026q4,,other_current_liability,,other_current_liability,,,,,identity_q1_or_ytd_diff,False,outside_current_available_window
601009.XSHG,balance,2026-12-31,2026q4,,total_current_liability,,total_current_liability,,,,,identity_q1_or_ytd_diff,False,outside_current_available_window
601009.XSHG,balance,2026-12-31,2026q4,,longterm_loan,,longterm_loan,,,,,identity_q1_or_ytd_diff,False,outside_current_available_window
601009.XSHG,balance,2026-12-31,2026q4,,bonds_payable,,bonds_payable,,,,,identity_q1_or_ytd_diff,False,outside_current_available_window
601009.XSHG,balance,2026-12-31,2026q4,,estimate_liability,,estimate_liability,,,,,identity_q1_or_ytd_diff,False,outside_current_available_window
601009.XSHG,balance,2026-12-31,2026q4,,deferred_tax_liability,,deferred_tax_liability,,,,,identity_q1_or_ytd_diff,False,outside_current_available_window
601009.XSHG,balance,2026-12-31,2026q4,,other_non_current_liability,,other_non_current_liability,,,,,identity_q1_or_ytd_diff,False,outside_current_available_window
601009.XSHG,balance,2026-12-31,2026q4,,total_non_current_liability,,total_non_current_liability,,,,,identity_q1_or_ytd_diff,False,outside_current_available_window
601009.XSHG,balance,2026-12-31,2026q4,,total_liability,,total_liability,,,,,identity_q1_or_ytd_diff,False,outside_current_available_window
601009.XSHG,balance,2026-12-31,2026q4,,paidin_capital,,paidin_capital,,,,,identity_q1_or_ytd_diff,False,outside_current_available_window
601009.XSHG,balance,2026-12-31,2026q4,,capital_reserve_fund,,capital_reserve_fund,,,,,identity_q1_or_ytd_diff,False,outside_current_available_window
601009.XSHG,balance,2026-12-31,2026q4,,treasury_stock,,treasury_stock,,,,,identity_q1_or_ytd_diff,False,outside_current_available_window
601009.XSHG,balance,2026-12-31,2026q4,,surplus_reserve_fund,,surplus_reserve_fund,,,,,identity_q1_or_ytd_diff,False,outside_current_available_window
601009.XSHG,balance,2026-12-31,2026q4,,ordinary_risk_reserve_fund,,ordinary_risk_reserve_fund,,,,,identity_q1_or_ytd_diff,False,outside_current_available_window
601009.XSHG,balance,2026-12-31,2026q4,,retained_profit,,retained_profit,,,,,identity_q1_or_ytd_diff,False,outside_current_available_window
601009.XSHG,balance,2026-12-31,2026q4,,equities_parent_company_owners,,equities_parent_company_owners,,,,,identity_q1_or_ytd_diff,False,outside_current_available_window
601009.XSHG,balance,2026-12-31,2026q4,,minority_interests,,minority_interests,,,,,identity_q1_or_ytd_diff,False,outside_current_available_window
601009.XSHG,balance,2026-12-31,2026q4,,total_owner_equities,,total_owner_equities,,,,,identity_q1_or_ytd_diff,False,outside_current_available_window
601009.XSHG,balance,2026-12-31,2026q4,,other_comprehensive_income,,other_comprehensive_income,,,,,identity_q1_or_ytd_diff,False,outside_current_available_window
601009.XSHG,balance,2026-12-31,2026q4,,contract_assets,,contract_assets,,,,,identity_q1_or_ytd_diff,False,outside_current_available_window
601009.XSHG,balance,2026-12-31,2026q4,,contract_liability,,contract_liability,,,,,identity_q1_or_ytd_diff,False,outside_current_available_window
601009.XSHG,balance,2026-12-31,2026q4,,usufruct_assets,,usufruct_assets,,,,,identity_q1_or_ytd_diff,False,outside_current_available_window
