day,code,turnover_ratio,market_cap,circulating_market_cap,pe_ratio,pb_ratio,field_set
2020-10-27,601187.XSHG,51.025,248.3419,24.8342,13.7948,1.5653,"day,code,turnover_ratio,market_cap,circulating_market_cap,pe_ratio,pb_ratio"
2020-10-28,601187.XSHG,18.8477,223.5341,22.3534,12.4168,1.4089,"day,code,turnover_ratio,market_cap,circulating_market_cap,pe_ratio,pb_ratio"
2020-10-29,601187.XSHG,36.9228,205.5881,20.5588,11.4199,1.2958,"day,code,turnover_ratio,market_cap,circulating_market_cap,pe_ratio,pb_ratio"
2020-10-30,601187.XSHG,25.3532,200.8376,20.0838,11.1561,1.2659,"day,code,turnover_ratio,market_cap,circulating_market_cap,pe_ratio,pb_ratio"
2020-11-02,601187.XSHG,18.6062,196.8789,19.6879,10.9362,1.2409,"day,code,turnover_ratio,market_cap,circulating_market_cap,pe_ratio,pb_ratio"
2020-11-03,601187.XSHG,39.8532,213.5054,21.3505,11.8597,1.3457,"day,code,turnover_ratio,market_cap,circulating_market_cap,pe_ratio,pb_ratio"
2020-11-04,601187.XSHG,31.4091,214.2972,21.4297,11.9037,1.3507,"day,code,turnover_ratio,market_cap,circulating_market_cap,pe_ratio,pb_ratio"
2020-11-05,601187.XSHG,21.497,209.8107,20.9811,11.6545,1.3224,"day,code,turnover_ratio,market_cap,circulating_market_cap,pe_ratio,pb_ratio"
2020-11-06,601187.XSHG,24.4473,218.5198,21.852,12.1383,1.3773,"day,code,turnover_ratio,market_cap,circulating_market_cap,pe_ratio,pb_ratio"
2020-11-09,601187.XSHG,41.9973,240.4246,24.0425,13.355,1.5154,"day,code,turnover_ratio,market_cap,circulating_market_cap,pe_ratio,pb_ratio"
2020-11-10,601187.XSHG,58.6808,235.4102,23.541,13.0765,1.4838,"day,code,turnover_ratio,market_cap,circulating_market_cap,pe_ratio,pb_ratio"
2020-11-11,601187.XSHG,49.5823,258.8984,25.8898,14.3812,1.6318,"day,code,turnover_ratio,market_cap,circulating_market_cap,pe_ratio,pb_ratio"
2020-11-12,601187.XSHG,41.3133,242.2719,24.2272,13.4576,1.527,"day,code,turnover_ratio,market_cap,circulating_market_cap,pe_ratio,pb_ratio"
2020-11-13,601187.XSHG,27.5401,236.9937,23.6994,13.1645,1.4938,"day,code,turnover_ratio,market_cap,circulating_market_cap,pe_ratio,pb_ratio"
2020-11-16,601187.XSHG,25.1473,238.0493,23.8049,13.2231,1.5004,"day,code,turnover_ratio,market_cap,circulating_market_cap,pe_ratio,pb_ratio"
2020-11-17,601187.XSHG,33.8168,243.0637,24.3064,13.5016,1.532,"day,code,turnover_ratio,market_cap,circulating_market_cap,pe_ratio,pb_ratio"
2020-11-18,601187.XSHG,52.8435,267.3437,26.7344,14.8503,1.6851,"day,code,turnover_ratio,market_cap,circulating_market_cap,pe_ratio,pb_ratio"
2020-11-19,601187.XSHG,67.7418,284.7619,28.4762,15.8179,1.7949,"day,code,turnover_ratio,market_cap,circulating_market_cap,pe_ratio,pb_ratio"
2020-11-20,601187.XSHG,44.7747,269.191,26.9191,14.9529,1.6967,"day,code,turnover_ratio,market_cap,circulating_market_cap,pe_ratio,pb_ratio"
2020-11-23,601187.XSHG,44.7446,278.428,27.8428,15.466,1.7549,"day,code,turnover_ratio,market_cap,circulating_market_cap,pe_ratio,pb_ratio"
2020-11-24,601187.XSHG,28.7255,270.7745,27.0775,15.0409,1.7067,"day,code,turnover_ratio,market_cap,circulating_market_cap,pe_ratio,pb_ratio"
2020-11-25,601187.XSHG,24.5334,271.3023,27.1302,15.0702,1.71,"day,code,turnover_ratio,market_cap,circulating_market_cap,pe_ratio,pb_ratio"
2020-11-26,601187.XSHG,21.8842,272.6219,27.2622,15.1435,1.7183,"day,code,turnover_ratio,market_cap,circulating_market_cap,pe_ratio,pb_ratio"
2020-11-27,601187.XSHG,45.6995,299.8049,29.9805,16.6535,1.8897,"day,code,turnover_ratio,market_cap,circulating_market_cap,pe_ratio,pb_ratio"
2020-11-30,601187.XSHG,64.4372,308.5141,30.8514,17.1372,1.9446,"day,code,turnover_ratio,market_cap,circulating_market_cap,pe_ratio,pb_ratio"
2020-12-01,601187.XSHG,59.5176,339.3918,33.9392,18.8524,2.1392,"day,code,turnover_ratio,market_cap,circulating_market_cap,pe_ratio,pb_ratio"
2020-12-02,601187.XSHG,60.6291,373.4366,37.3437,20.7435,2.3538,"day,code,turnover_ratio,market_cap,circulating_market_cap,pe_ratio,pb_ratio"
2020-12-03,601187.XSHG,61.7829,377.1314,37.7131,20.9488,2.3771,"day,code,turnover_ratio,market_cap,circulating_market_cap,pe_ratio,pb_ratio"
2020-12-04,601187.XSHG,47.0043,339.3918,33.9392,18.8524,2.1392,"day,code,turnover_ratio,market_cap,circulating_market_cap,pe_ratio,pb_ratio"
2020-12-07,601187.XSHG,31.8509,345.1979,34.5198,19.1749,2.1758,"day,code,turnover_ratio,market_cap,circulating_market_cap,pe_ratio,pb_ratio"
2020-12-08,601187.XSHG,22.5365,336.7527,33.6753,18.7058,2.1226,"day,code,turnover_ratio,market_cap,circulating_market_cap,pe_ratio,pb_ratio"
2020-12-09,601187.XSHG,37.6005,345.4618,34.5462,19.1896,2.1774,"day,code,turnover_ratio,market_cap,circulating_market_cap,pe_ratio,pb_ratio"
2020-12-10,601187.XSHG,29.6813,326.1962,32.6196,18.1194,2.056,"day,code,turnover_ratio,market_cap,circulating_market_cap,pe_ratio,pb_ratio"
2020-12-11,601187.XSHG,22.4417,313.5284,31.3528,17.4158,1.9762,"day,code,turnover_ratio,market_cap,circulating_market_cap,pe_ratio,pb_ratio"
2020-12-14,601187.XSHG,18.0164,318.0149,31.8015,17.665,2.0044,"day,code,turnover_ratio,market_cap,circulating_market_cap,pe_ratio,pb_ratio"
2020-12-15,601187.XSHG,20.3131,308.2501,30.825,17.1226,1.9429,"day,code,turnover_ratio,market_cap,circulating_market_cap,pe_ratio,pb_ratio"
2020-12-16,601187.XSHG,17.945,302.1801,30.218,16.7854,1.9046,"day,code,turnover_ratio,market_cap,circulating_market_cap,pe_ratio,pb_ratio"
2020-12-17,601187.XSHG,40.5378,332.5301,33.253,18.4713,2.0959,"day,code,turnover_ratio,market_cap,circulating_market_cap,pe_ratio,pb_ratio"
2020-12-18,601187.XSHG,32.1871,329.0992,32.9099,18.2807,2.0743,"day,code,turnover_ratio,market_cap,circulating_market_cap,pe_ratio,pb_ratio"
2020-12-21,601187.XSHG,26.0314,329.0992,32.9099,18.2807,2.0743,"day,code,turnover_ratio,market_cap,circulating_market_cap,pe_ratio,pb_ratio"
2020-12-22,601187.XSHG,24.914,309.3058,30.9306,17.1812,1.9496,"day,code,turnover_ratio,market_cap,circulating_market_cap,pe_ratio,pb_ratio"
2020-12-23,601187.XSHG,22.6483,317.2232,31.7223,17.621,1.9995,"day,code,turnover_ratio,market_cap,circulating_market_cap,pe_ratio,pb_ratio"
2020-12-24,601187.XSHG,33.1174,327.2519,32.7252,18.1781,2.0627,"day,code,turnover_ratio,market_cap,circulating_market_cap,pe_ratio,pb_ratio"
2020-12-25,601187.XSHG,31.7153,335.1692,33.5169,18.6179,2.1126,"day,code,turnover_ratio,market_cap,circulating_market_cap,pe_ratio,pb_ratio"
2020-12-28,601187.XSHG,30.135,336.2249,33.6225,18.6765,2.1192,"day,code,turnover_ratio,market_cap,circulating_market_cap,pe_ratio,pb_ratio"
2020-12-29,601187.XSHG,32.1629,344.6701,34.467,19.1456,2.1725,"day,code,turnover_ratio,market_cap,circulating_market_cap,pe_ratio,pb_ratio"
2020-12-30,601187.XSHG,27.4241,343.0866,34.3087,19.0577,2.1625,"day,code,turnover_ratio,market_cap,circulating_market_cap,pe_ratio,pb_ratio"
2020-12-31,601187.XSHG,35.5868,348.3649,34.8365,19.3509,2.1957,"day,code,turnover_ratio,market_cap,circulating_market_cap,pe_ratio,pb_ratio"
2021-01-04,601187.XSHG,29.9777,334.9053,33.4905,18.6032,2.1109,"day,code,turnover_ratio,market_cap,circulating_market_cap,pe_ratio,pb_ratio"
2021-01-05,601187.XSHG,24.9651,324.0849,32.4085,18.0022,2.0427,"day,code,turnover_ratio,market_cap,circulating_market_cap,pe_ratio,pb_ratio"
2021-01-06,601187.XSHG,19.2702,327.5158,32.7516,18.1927,2.0643,"day,code,turnover_ratio,market_cap,circulating_market_cap,pe_ratio,pb_ratio"
2021-01-07,601187.XSHG,23.3024,311.1532,31.1153,17.2838,1.9612,"day,code,turnover_ratio,market_cap,circulating_market_cap,pe_ratio,pb_ratio"
2021-01-08,601187.XSHG,11.7335,304.2914,30.4291,16.9027,1.9179,"day,code,turnover_ratio,market_cap,circulating_market_cap,pe_ratio,pb_ratio"
2021-01-11,601187.XSHG,14.054,296.1101,29.611,16.4482,1.8664,"day,code,turnover_ratio,market_cap,circulating_market_cap,pe_ratio,pb_ratio"
2021-01-12,601187.XSHG,22.2569,308.778,30.8778,17.1519,1.9462,"day,code,turnover_ratio,market_cap,circulating_market_cap,pe_ratio,pb_ratio"
2021-01-13,601187.XSHG,13.5134,294.7906,29.4791,16.3749,1.8581,"day,code,turnover_ratio,market_cap,circulating_market_cap,pe_ratio,pb_ratio"
2021-01-14,601187.XSHG,12.1785,292.9432,29.2943,16.2723,1.8464,"day,code,turnover_ratio,market_cap,circulating_market_cap,pe_ratio,pb_ratio"
2021-01-15,601187.XSHG,30.9441,311.1532,31.1153,17.2838,1.9612,"day,code,turnover_ratio,market_cap,circulating_market_cap,pe_ratio,pb_ratio"
2021-01-18,601187.XSHG,20.1685,302.708,30.2708,16.8147,1.908,"day,code,turnover_ratio,market_cap,circulating_market_cap,pe_ratio,pb_ratio"
2021-01-19,601187.XSHG,15.3093,302.4441,30.2444,16.8001,1.9063,"day,code,turnover_ratio,market_cap,circulating_market_cap,pe_ratio,pb_ratio"
2021-01-20,601187.XSHG,11.1407,297.1658,29.7166,16.5069,1.873,"day,code,turnover_ratio,market_cap,circulating_market_cap,pe_ratio,pb_ratio"
2021-01-21,601187.XSHG,12.4791,300.3328,30.0333,16.6828,1.893,"day,code,turnover_ratio,market_cap,circulating_market_cap,pe_ratio,pb_ratio"
2021-01-22,601187.XSHG,11.4038,291.8875,29.1888,16.2137,1.8398,"day,code,turnover_ratio,market_cap,circulating_market_cap,pe_ratio,pb_ratio"
2021-01-25,601187.XSHG,8.7278,293.2071,29.3207,16.287,1.8481,"day,code,turnover_ratio,market_cap,circulating_market_cap,pe_ratio,pb_ratio"
2021-01-26,601187.XSHG,9.3773,283.1784,28.3178,15.7299,1.7849,"day,code,turnover_ratio,market_cap,circulating_market_cap,pe_ratio,pb_ratio"
2021-01-27,601187.XSHG,9.0273,278.9558,27.8956,15.4954,1.7583,"day,code,turnover_ratio,market_cap,circulating_market_cap,pe_ratio,pb_ratio"
2021-01-28,601187.XSHG,10.1036,267.6076,26.7608,14.6795,1.3804,"day,code,turnover_ratio,market_cap,circulating_market_cap,pe_ratio,pb_ratio"
2021-01-29,601187.XSHG,9.3608,258.8984,25.8898,14.2018,1.3355,"day,code,turnover_ratio,market_cap,circulating_market_cap,pe_ratio,pb_ratio"
2021-02-01,601187.XSHG,8.3892,263.6489,26.3649,14.4624,1.36,"day,code,turnover_ratio,market_cap,circulating_market_cap,pe_ratio,pb_ratio"
2021-02-02,601187.XSHG,6.0348,260.218,26.0218,14.2742,1.3423,"day,code,turnover_ratio,market_cap,circulating_market_cap,pe_ratio,pb_ratio"
2021-02-03,601187.XSHG,9.3272,260.4819,26.0482,14.2886,1.3437,"day,code,turnover_ratio,market_cap,circulating_market_cap,pe_ratio,pb_ratio"
2021-02-04,601187.XSHG,12.338,264.7045,26.4705,14.5203,1.3654,"day,code,turnover_ratio,market_cap,circulating_market_cap,pe_ratio,pb_ratio"
2021-02-05,601187.XSHG,21.2742,279.2197,27.922,15.3165,1.4403,"day,code,turnover_ratio,market_cap,circulating_market_cap,pe_ratio,pb_ratio"
2021-02-08,601187.XSHG,12.9689,263.6489,26.3649,14.4624,1.36,"day,code,turnover_ratio,market_cap,circulating_market_cap,pe_ratio,pb_ratio"
2021-02-09,601187.XSHG,9.13,263.385,26.3385,14.4479,1.3586,"day,code,turnover_ratio,market_cap,circulating_market_cap,pe_ratio,pb_ratio"
2021-02-10,601187.XSHG,8.6615,259.9541,25.9954,14.2597,1.3409,"day,code,turnover_ratio,market_cap,circulating_market_cap,pe_ratio,pb_ratio"
2021-02-18,601187.XSHG,7.6483,262.0654,26.2065,14.3755,1.3518,"day,code,turnover_ratio,market_cap,circulating_market_cap,pe_ratio,pb_ratio"
2021-02-19,601187.XSHG,10.0001,267.6076,26.7608,14.6795,1.3804,"day,code,turnover_ratio,market_cap,circulating_market_cap,pe_ratio,pb_ratio"
2021-02-22,601187.XSHG,11.4087,271.3023,27.1302,14.8822,1.3995,"day,code,turnover_ratio,market_cap,circulating_market_cap,pe_ratio,pb_ratio"
2021-02-23,601187.XSHG,14.4348,277.1084,27.7108,15.2007,1.4294,"day,code,turnover_ratio,market_cap,circulating_market_cap,pe_ratio,pb_ratio"
2021-02-24,601187.XSHG,9.8061,270.5106,27.0511,14.8388,1.3954,"day,code,turnover_ratio,market_cap,circulating_market_cap,pe_ratio,pb_ratio"
2021-02-25,601187.XSHG,12.3484,275.7889,27.5789,15.1283,1.4226,"day,code,turnover_ratio,market_cap,circulating_market_cap,pe_ratio,pb_ratio"
2021-02-26,601187.XSHG,8.5148,267.0797,26.708,14.6506,1.3777,"day,code,turnover_ratio,market_cap,circulating_market_cap,pe_ratio,pb_ratio"
2021-03-01,601187.XSHG,5.2511,266.0241,26.6024,14.5927,1.3722,"day,code,turnover_ratio,market_cap,circulating_market_cap,pe_ratio,pb_ratio"
2021-03-02,601187.XSHG,5.4567,262.0654,26.2065,14.3755,1.3518,"day,code,turnover_ratio,market_cap,circulating_market_cap,pe_ratio,pb_ratio"
2021-03-03,601187.XSHG,10.1772,271.0384,27.1038,14.8677,1.3981,"day,code,turnover_ratio,market_cap,circulating_market_cap,pe_ratio,pb_ratio"
2021-03-04,601187.XSHG,7.3963,266.5519,26.6552,14.6216,1.375,"day,code,turnover_ratio,market_cap,circulating_market_cap,pe_ratio,pb_ratio"
2021-03-05,601187.XSHG,6.1893,265.7602,26.576,14.5782,1.3709,"day,code,turnover_ratio,market_cap,circulating_market_cap,pe_ratio,pb_ratio"
2021-03-08,601187.XSHG,5.2921,262.8571,26.2857,14.4189,1.3559,"day,code,turnover_ratio,market_cap,circulating_market_cap,pe_ratio,pb_ratio"
2021-03-09,601187.XSHG,7.0124,251.245,25.1245,13.782,1.296,"day,code,turnover_ratio,market_cap,circulating_market_cap,pe_ratio,pb_ratio"
2021-03-10,601187.XSHG,6.5659,244.9111,24.4911,13.4345,1.2633,"day,code,turnover_ratio,market_cap,circulating_market_cap,pe_ratio,pb_ratio"
2021-03-11,601187.XSHG,4.5743,247.8141,24.7814,13.5938,1.2783,"day,code,turnover_ratio,market_cap,circulating_market_cap,pe_ratio,pb_ratio"
2021-03-12,601187.XSHG,3.9307,247.5502,24.755,13.5793,1.277,"day,code,turnover_ratio,market_cap,circulating_market_cap,pe_ratio,pb_ratio"
2021-03-15,601187.XSHG,3.8813,247.8141,24.7814,13.5938,1.2783,"day,code,turnover_ratio,market_cap,circulating_market_cap,pe_ratio,pb_ratio"
2021-03-16,601187.XSHG,3.6064,248.3419,24.8342,13.6227,1.281,"day,code,turnover_ratio,market_cap,circulating_market_cap,pe_ratio,pb_ratio"
2021-03-17,601187.XSHG,3.3487,247.0224,24.7022,13.5503,1.2742,"day,code,turnover_ratio,market_cap,circulating_market_cap,pe_ratio,pb_ratio"
2021-03-18,601187.XSHG,5.4015,249.3976,24.9398,13.6806,1.2865,"day,code,turnover_ratio,market_cap,circulating_market_cap,pe_ratio,pb_ratio"
2021-03-19,601187.XSHG,4.4843,249.3976,24.9398,13.6806,1.2865,"day,code,turnover_ratio,market_cap,circulating_market_cap,pe_ratio,pb_ratio"
2021-03-22,601187.XSHG,4.7885,252.0367,25.2037,13.8254,1.3001,"day,code,turnover_ratio,market_cap,circulating_market_cap,pe_ratio,pb_ratio"
2021-03-23,601187.XSHG,5.5078,252.3006,25.2301,13.8399,1.3015,"day,code,turnover_ratio,market_cap,circulating_market_cap,pe_ratio,pb_ratio"
2021-03-24,601187.XSHG,12.0861,262.0654,26.2065,14.3755,1.3518,"day,code,turnover_ratio,market_cap,circulating_market_cap,pe_ratio,pb_ratio"
2021-03-25,601187.XSHG,7.7114,259.1624,25.9162,14.2163,1.3369,"day,code,turnover_ratio,market_cap,circulating_market_cap,pe_ratio,pb_ratio"
2021-03-26,601187.XSHG,5.9607,255.9954,25.5995,14.0425,1.3205,"day,code,turnover_ratio,market_cap,circulating_market_cap,pe_ratio,pb_ratio"
2021-03-29,601187.XSHG,4.1289,253.6202,25.362,13.9122,1.3083,"day,code,turnover_ratio,market_cap,circulating_market_cap,pe_ratio,pb_ratio"
2021-03-30,601187.XSHG,4.3389,248.8698,24.887,13.6517,1.2838,"day,code,turnover_ratio,market_cap,circulating_market_cap,pe_ratio,pb_ratio"
2021-03-31,601187.XSHG,2.9176,249.1337,24.9134,13.6661,1.2851,"day,code,turnover_ratio,market_cap,circulating_market_cap,pe_ratio,pb_ratio"
2021-04-01,601187.XSHG,3.7981,247.8141,24.7814,13.5938,1.2783,"day,code,turnover_ratio,market_cap,circulating_market_cap,pe_ratio,pb_ratio"
2021-04-02,601187.XSHG,3.0033,247.8141,24.7814,13.5938,1.2783,"day,code,turnover_ratio,market_cap,circulating_market_cap,pe_ratio,pb_ratio"
2021-04-06,601187.XSHG,2.6516,249.1337,24.9134,13.6661,1.2851,"day,code,turnover_ratio,market_cap,circulating_market_cap,pe_ratio,pb_ratio"
2021-04-07,601187.XSHG,4.1568,251.7728,25.1773,13.8109,1.2987,"day,code,turnover_ratio,market_cap,circulating_market_cap,pe_ratio,pb_ratio"
2021-04-08,601187.XSHG,6.3811,252.3006,25.2301,13.8399,1.3015,"day,code,turnover_ratio,market_cap,circulating_market_cap,pe_ratio,pb_ratio"
2021-04-09,601187.XSHG,4.0208,248.8698,24.887,13.6517,1.2838,"day,code,turnover_ratio,market_cap,circulating_market_cap,pe_ratio,pb_ratio"
2021-04-12,601187.XSHG,3.6495,244.9111,24.4911,13.4345,1.2633,"day,code,turnover_ratio,market_cap,circulating_market_cap,pe_ratio,pb_ratio"
2021-04-13,601187.XSHG,3.2126,242.2719,24.2272,13.2897,1.2497,"day,code,turnover_ratio,market_cap,circulating_market_cap,pe_ratio,pb_ratio"
2021-04-14,601187.XSHG,2.3426,243.0637,24.3064,13.3332,1.2538,"day,code,turnover_ratio,market_cap,circulating_market_cap,pe_ratio,pb_ratio"
2021-04-15,601187.XSHG,2.5976,239.3689,23.9369,13.1305,1.2348,"day,code,turnover_ratio,market_cap,circulating_market_cap,pe_ratio,pb_ratio"
2021-04-16,601187.XSHG,2.1827,240.4246,24.0425,13.1884,1.2402,"day,code,turnover_ratio,market_cap,circulating_market_cap,pe_ratio,pb_ratio"
2021-04-19,601187.XSHG,3.916,243.5915,24.3592,13.3621,1.2565,"day,code,turnover_ratio,market_cap,circulating_market_cap,pe_ratio,pb_ratio"
2021-04-20,601187.XSHG,2.8744,241.4802,24.148,13.2463,1.2456,"day,code,turnover_ratio,market_cap,circulating_market_cap,pe_ratio,pb_ratio"
2021-04-21,601187.XSHG,3.4305,243.5915,24.3592,13.3621,1.2565,"day,code,turnover_ratio,market_cap,circulating_market_cap,pe_ratio,pb_ratio"
2021-04-22,601187.XSHG,3.2671,240.9524,24.0952,13.2174,1.2429,"day,code,turnover_ratio,market_cap,circulating_market_cap,pe_ratio,pb_ratio"
2021-04-23,601187.XSHG,1.8695,240.6885,24.0688,13.2029,1.2416,"day,code,turnover_ratio,market_cap,circulating_market_cap,pe_ratio,pb_ratio"
2021-04-26,601187.XSHG,2.6725,238.8411,23.8841,13.1015,1.232,"day,code,turnover_ratio,market_cap,circulating_market_cap,pe_ratio,pb_ratio"
2021-04-27,601187.XSHG,4.7157,231.7154,23.1715,12.5253,1.2295,"day,code,turnover_ratio,market_cap,circulating_market_cap,pe_ratio,pb_ratio"
2021-04-28,601187.XSHG,3.7996,227.2289,22.7229,12.2828,1.2057,"day,code,turnover_ratio,market_cap,circulating_market_cap,pe_ratio,pb_ratio"
2021-04-29,601187.XSHG,3.1432,230.132,23.0132,12.4397,1.2211,"day,code,turnover_ratio,market_cap,circulating_market_cap,pe_ratio,pb_ratio"
2021-04-30,601187.XSHG,3.4223,224.062,22.4062,12.1116,1.1889,"day,code,turnover_ratio,market_cap,circulating_market_cap,pe_ratio,pb_ratio"
2021-05-06,601187.XSHG,1.7621,225.3815,22.5382,12.1829,1.1959,"day,code,turnover_ratio,market_cap,circulating_market_cap,pe_ratio,pb_ratio"
2021-05-07,601187.XSHG,2.4142,225.6454,22.5645,12.1972,1.1973,"day,code,turnover_ratio,market_cap,circulating_market_cap,pe_ratio,pb_ratio"
2021-05-10,601187.XSHG,3.0779,221.1589,22.1159,11.9547,1.1735,"day,code,turnover_ratio,market_cap,circulating_market_cap,pe_ratio,pb_ratio"
2021-05-11,601187.XSHG,2.7769,223.798,22.3798,12.0973,1.1875,"day,code,turnover_ratio,market_cap,circulating_market_cap,pe_ratio,pb_ratio"
2021-05-12,601187.XSHG,3.1394,226.7011,22.6701,12.2543,1.2029,"day,code,turnover_ratio,market_cap,circulating_market_cap,pe_ratio,pb_ratio"
2021-05-13,601187.XSHG,2.6267,225.6454,22.5645,12.1972,1.1973,"day,code,turnover_ratio,market_cap,circulating_market_cap,pe_ratio,pb_ratio"
2021-05-14,601187.XSHG,16.7371,243.5915,24.3592,13.1673,1.2925,"day,code,turnover_ratio,market_cap,circulating_market_cap,pe_ratio,pb_ratio"
2021-05-17,601187.XSHG,9.8476,236.4659,23.6466,12.7821,1.2547,"day,code,turnover_ratio,market_cap,circulating_market_cap,pe_ratio,pb_ratio"
2021-05-18,601187.XSHG,5.5085,236.4659,23.6466,12.7821,1.2547,"day,code,turnover_ratio,market_cap,circulating_market_cap,pe_ratio,pb_ratio"
2021-05-19,601187.XSHG,5.2703,233.2989,23.3299,12.6109,1.2379,"day,code,turnover_ratio,market_cap,circulating_market_cap,pe_ratio,pb_ratio"
2021-05-20,601187.XSHG,9.8368,240.4246,24.0425,12.9961,1.2757,"day,code,turnover_ratio,market_cap,circulating_market_cap,pe_ratio,pb_ratio"
2021-05-21,601187.XSHG,6.3626,235.1463,23.5146,12.7108,1.2477,"day,code,turnover_ratio,market_cap,circulating_market_cap,pe_ratio,pb_ratio"
2021-05-24,601187.XSHG,6.4707,239.3689,23.9369,12.939,1.2701,"day,code,turnover_ratio,market_cap,circulating_market_cap,pe_ratio,pb_ratio"
2021-05-25,601187.XSHG,31.2262,263.385,26.3385,14.2372,1.3975,"day,code,turnover_ratio,market_cap,circulating_market_cap,pe_ratio,pb_ratio"
2021-05-26,601187.XSHG,37.2991,267.6076,26.7608,14.4654,1.4199,"day,code,turnover_ratio,market_cap,circulating_market_cap,pe_ratio,pb_ratio"
2021-05-27,601187.XSHG,17.2043,263.385,26.3385,14.2372,1.3975,"day,code,turnover_ratio,market_cap,circulating_market_cap,pe_ratio,pb_ratio"
2021-05-28,601187.XSHG,18.2319,266.5519,26.6552,14.4084,1.4143,"day,code,turnover_ratio,market_cap,circulating_market_cap,pe_ratio,pb_ratio"
2021-05-31,601187.XSHG,11.3443,264.9684,26.4968,14.3228,1.4059,"day,code,turnover_ratio,market_cap,circulating_market_cap,pe_ratio,pb_ratio"
2021-06-01,601187.XSHG,14.501,270.5106,27.0511,14.6224,1.4353,"day,code,turnover_ratio,market_cap,circulating_market_cap,pe_ratio,pb_ratio"
2021-06-02,601187.XSHG,10.542,263.9128,26.3913,14.2657,1.4003,"day,code,turnover_ratio,market_cap,circulating_market_cap,pe_ratio,pb_ratio"
2021-06-03,601187.XSHG,10.0153,260.4819,26.0482,14.0803,1.3821,"day,code,turnover_ratio,market_cap,circulating_market_cap,pe_ratio,pb_ratio"
2021-06-04,601187.XSHG,12.2592,259.6902,25.969,14.0375,1.3779,"day,code,turnover_ratio,market_cap,circulating_market_cap,pe_ratio,pb_ratio"
2021-06-07,601187.XSHG,7.9002,254.9398,25.494,13.7807,1.3527,"day,code,turnover_ratio,market_cap,circulating_market_cap,pe_ratio,pb_ratio"
2021-06-08,601187.XSHG,6.4843,256.7871,25.6787,13.8806,1.3625,"day,code,turnover_ratio,market_cap,circulating_market_cap,pe_ratio,pb_ratio"
2021-06-09,601187.XSHG,5.6278,255.7315,25.5731,13.8235,1.3569,"day,code,turnover_ratio,market_cap,circulating_market_cap,pe_ratio,pb_ratio"
2021-06-10,601187.XSHG,9.4974,259.4263,25.9426,14.0232,1.3765,"day,code,turnover_ratio,market_cap,circulating_market_cap,pe_ratio,pb_ratio"
2021-06-11,601187.XSHG,7.9286,255.7315,25.5731,13.8235,1.3569,"day,code,turnover_ratio,market_cap,circulating_market_cap,pe_ratio,pb_ratio"
2021-06-15,601187.XSHG,9.4334,241.4802,24.148,13.0531,1.2813,"day,code,turnover_ratio,market_cap,circulating_market_cap,pe_ratio,pb_ratio"
2021-06-16,601187.XSHG,4.4786,242.2719,24.2272,13.0959,1.2855,"day,code,turnover_ratio,market_cap,circulating_market_cap,pe_ratio,pb_ratio"
2021-06-17,601187.XSHG,3.8889,242.008,24.2008,13.0817,1.2841,"day,code,turnover_ratio,market_cap,circulating_market_cap,pe_ratio,pb_ratio"
2021-06-18,601187.XSHG,4.5721,243.0637,24.3064,13.1387,1.2897,"day,code,turnover_ratio,market_cap,circulating_market_cap,pe_ratio,pb_ratio"
2021-06-21,601187.XSHG,5.8129,240.6885,24.0688,13.0103,1.2771,"day,code,turnover_ratio,market_cap,circulating_market_cap,pe_ratio,pb_ratio"
2021-06-22,601187.XSHG,5.3627,242.2719,24.2272,13.0959,1.2855,"day,code,turnover_ratio,market_cap,circulating_market_cap,pe_ratio,pb_ratio"
2021-06-23,601187.XSHG,6.9225,244.6472,24.4647,13.2243,1.2981,"day,code,turnover_ratio,market_cap,circulating_market_cap,pe_ratio,pb_ratio"
2021-06-24,601187.XSHG,5.2138,244.6472,24.4647,13.2243,1.2981,"day,code,turnover_ratio,market_cap,circulating_market_cap,pe_ratio,pb_ratio"
2021-06-25,601187.XSHG,21.2557,269.191,26.9191,14.551,1.4283,"day,code,turnover_ratio,market_cap,circulating_market_cap,pe_ratio,pb_ratio"
2021-06-28,601187.XSHG,19.7311,250.9811,25.0981,13.5667,1.3317,"day,code,turnover_ratio,market_cap,circulating_market_cap,pe_ratio,pb_ratio"
2021-06-29,601187.XSHG,7.8597,249.1337,24.9134,13.4668,1.3219,"day,code,turnover_ratio,market_cap,circulating_market_cap,pe_ratio,pb_ratio"
2021-06-30,601187.XSHG,7.2205,250.1893,25.0189,13.5239,1.3275,"day,code,turnover_ratio,market_cap,circulating_market_cap,pe_ratio,pb_ratio"
2021-07-01,601187.XSHG,7.6676,241.7441,24.1744,13.0674,1.2827,"day,code,turnover_ratio,market_cap,circulating_market_cap,pe_ratio,pb_ratio"
2021-07-02,601187.XSHG,7.1939,233.2989,23.3299,12.6109,1.2379,"day,code,turnover_ratio,market_cap,circulating_market_cap,pe_ratio,pb_ratio"
2021-07-05,601187.XSHG,4.1991,235.6741,23.5674,12.7393,1.2505,"day,code,turnover_ratio,market_cap,circulating_market_cap,pe_ratio,pb_ratio"
2021-07-06,601187.XSHG,3.6236,236.9937,23.6994,12.8106,1.2575,"day,code,turnover_ratio,market_cap,circulating_market_cap,pe_ratio,pb_ratio"
2021-07-07,601187.XSHG,3.8922,237.7854,23.7785,12.8534,1.2617,"day,code,turnover_ratio,market_cap,circulating_market_cap,pe_ratio,pb_ratio"
2021-07-08,601187.XSHG,3.8079,235.938,23.5938,12.7536,1.2519,"day,code,turnover_ratio,market_cap,circulating_market_cap,pe_ratio,pb_ratio"
2021-07-09,601187.XSHG,2.6913,235.4102,23.541,12.725,1.2491,"day,code,turnover_ratio,market_cap,circulating_market_cap,pe_ratio,pb_ratio"
2021-07-12,601187.XSHG,4.7384,236.7298,23.673,12.7964,1.2561,"day,code,turnover_ratio,market_cap,circulating_market_cap,pe_ratio,pb_ratio"
2021-07-13,601187.XSHG,4.5263,237.5215,23.7522,12.8392,1.2603,"day,code,turnover_ratio,market_cap,circulating_market_cap,pe_ratio,pb_ratio"
2021-07-14,601187.XSHG,2.7307,235.1463,23.5146,12.7108,1.2477,"day,code,turnover_ratio,market_cap,circulating_market_cap,pe_ratio,pb_ratio"
2021-07-15,601187.XSHG,8.7481,240.1606,24.0161,12.9818,1.2743,"day,code,turnover_ratio,market_cap,circulating_market_cap,pe_ratio,pb_ratio"
2021-07-16,601187.XSHG,5.3616,235.4102,23.541,12.725,1.2491,"day,code,turnover_ratio,market_cap,circulating_market_cap,pe_ratio,pb_ratio"
2021-07-19,601187.XSHG,3.2424,235.1463,23.5146,12.7108,1.2477,"day,code,turnover_ratio,market_cap,circulating_market_cap,pe_ratio,pb_ratio"
2021-07-20,601187.XSHG,1.9931,234.0906,23.4091,12.6537,1.2421,"day,code,turnover_ratio,market_cap,circulating_market_cap,pe_ratio,pb_ratio"
2021-07-21,601187.XSHG,2.9969,235.4102,23.541,12.725,1.2491,"day,code,turnover_ratio,market_cap,circulating_market_cap,pe_ratio,pb_ratio"
2021-07-22,601187.XSHG,3.1892,230.9237,23.0924,12.4825,1.2253,"day,code,turnover_ratio,market_cap,circulating_market_cap,pe_ratio,pb_ratio"
2021-07-23,601187.XSHG,7.5649,234.6185,23.4618,12.6822,1.2449,"day,code,turnover_ratio,market_cap,circulating_market_cap,pe_ratio,pb_ratio"
2021-07-26,601187.XSHG,4.8586,227.2289,22.7229,12.2828,1.2057,"day,code,turnover_ratio,market_cap,circulating_market_cap,pe_ratio,pb_ratio"
2021-07-27,601187.XSHG,3.2212,223.2702,22.327,12.0688,1.1847,"day,code,turnover_ratio,market_cap,circulating_market_cap,pe_ratio,pb_ratio"
2021-07-28,601187.XSHG,4.6855,225.3815,22.5382,12.1829,1.1959,"day,code,turnover_ratio,market_cap,circulating_market_cap,pe_ratio,pb_ratio"
2021-07-29,601187.XSHG,3.9437,223.5341,22.3534,12.0831,1.1861,"day,code,turnover_ratio,market_cap,circulating_market_cap,pe_ratio,pb_ratio"
2021-07-30,601187.XSHG,3.0106,220.895,22.0895,11.9404,1.1721,"day,code,turnover_ratio,market_cap,circulating_market_cap,pe_ratio,pb_ratio"
2021-08-02,601187.XSHG,5.476,226.1733,22.6173,12.2257,1.2001,"day,code,turnover_ratio,market_cap,circulating_market_cap,pe_ratio,pb_ratio"
2021-08-03,601187.XSHG,3.956,226.7011,22.6701,12.2543,1.2029,"day,code,turnover_ratio,market_cap,circulating_market_cap,pe_ratio,pb_ratio"
2021-08-04,601187.XSHG,2.5699,227.4928,22.7493,12.2971,1.2071,"day,code,turnover_ratio,market_cap,circulating_market_cap,pe_ratio,pb_ratio"
2021-08-05,601187.XSHG,3.9409,226.7011,22.6701,12.2543,1.2029,"day,code,turnover_ratio,market_cap,circulating_market_cap,pe_ratio,pb_ratio"
2021-08-06,601187.XSHG,3.3245,227.4928,22.7493,12.2971,1.2071,"day,code,turnover_ratio,market_cap,circulating_market_cap,pe_ratio,pb_ratio"
2021-08-09,601187.XSHG,4.9387,230.3959,23.0396,12.454,1.2225,"day,code,turnover_ratio,market_cap,circulating_market_cap,pe_ratio,pb_ratio"
2021-08-10,601187.XSHG,4.6567,232.7711,23.2771,12.5824,1.2351,"day,code,turnover_ratio,market_cap,circulating_market_cap,pe_ratio,pb_ratio"
2021-08-11,601187.XSHG,5.0454,230.6598,23.066,12.4682,1.2239,"day,code,turnover_ratio,market_cap,circulating_market_cap,pe_ratio,pb_ratio"
2021-08-12,601187.XSHG,3.3303,229.6041,22.9604,12.4112,1.2183,"day,code,turnover_ratio,market_cap,circulating_market_cap,pe_ratio,pb_ratio"
2021-08-13,601187.XSHG,2.5372,227.4928,22.7493,12.2971,1.2071,"day,code,turnover_ratio,market_cap,circulating_market_cap,pe_ratio,pb_ratio"
2021-08-16,601187.XSHG,2.8743,226.7011,22.6701,12.2543,1.2029,"day,code,turnover_ratio,market_cap,circulating_market_cap,pe_ratio,pb_ratio"
2021-08-17,601187.XSHG,3.7828,222.4785,22.2478,12.026,1.1805,"day,code,turnover_ratio,market_cap,circulating_market_cap,pe_ratio,pb_ratio"
2021-08-18,601187.XSHG,6.6275,229.868,22.9868,12.4254,1.2197,"day,code,turnover_ratio,market_cap,circulating_market_cap,pe_ratio,pb_ratio"
2021-08-19,601187.XSHG,4.5382,223.5341,22.3534,12.0831,1.1861,"day,code,turnover_ratio,market_cap,circulating_market_cap,pe_ratio,pb_ratio"
2021-08-20,601187.XSHG,2.9017,221.4228,22.1423,11.9689,1.1749,"day,code,turnover_ratio,market_cap,circulating_market_cap,pe_ratio,pb_ratio"
2021-08-23,601187.XSHG,2.8981,221.4228,22.1423,11.9689,1.1749,"day,code,turnover_ratio,market_cap,circulating_market_cap,pe_ratio,pb_ratio"
2021-08-24,601187.XSHG,2.5937,221.9507,22.1951,11.9975,1.1777,"day,code,turnover_ratio,market_cap,circulating_market_cap,pe_ratio,pb_ratio"
2021-08-25,601187.XSHG,1.8561,221.1589,22.1159,11.9547,1.1735,"day,code,turnover_ratio,market_cap,circulating_market_cap,pe_ratio,pb_ratio"
2021-08-26,601187.XSHG,2.1531,219.3115,21.9312,11.8548,1.1637,"day,code,turnover_ratio,market_cap,circulating_market_cap,pe_ratio,pb_ratio"
2021-08-27,601187.XSHG,2.0062,218.2559,21.8256,11.7978,1.1581,"day,code,turnover_ratio,market_cap,circulating_market_cap,pe_ratio,pb_ratio"
2021-08-30,601187.XSHG,2.0543,217.992,21.7992,11.2228,1.1469,"day,code,turnover_ratio,market_cap,circulating_market_cap,pe_ratio,pb_ratio"
2021-08-31,601187.XSHG,2.5368,220.3672,22.0367,11.345,1.1594,"day,code,turnover_ratio,market_cap,circulating_market_cap,pe_ratio,pb_ratio"
2021-09-01,601187.XSHG,4.3662,222.7424,22.2742,11.4673,1.1719,"day,code,turnover_ratio,market_cap,circulating_market_cap,pe_ratio,pb_ratio"
2021-09-02,601187.XSHG,3.1981,223.798,22.3798,11.5217,1.1775,"day,code,turnover_ratio,market_cap,circulating_market_cap,pe_ratio,pb_ratio"
2021-09-03,601187.XSHG,3.8857,223.798,22.3798,11.5217,1.1775,"day,code,turnover_ratio,market_cap,circulating_market_cap,pe_ratio,pb_ratio"
2021-09-06,601187.XSHG,3.2067,224.5898,22.459,11.5624,1.1817,"day,code,turnover_ratio,market_cap,circulating_market_cap,pe_ratio,pb_ratio"
2021-09-07,601187.XSHG,4.6097,227.2289,22.7229,11.6983,1.1955,"day,code,turnover_ratio,market_cap,circulating_market_cap,pe_ratio,pb_ratio"
2021-09-08,601187.XSHG,4.8554,229.0763,22.9076,11.7934,1.2053,"day,code,turnover_ratio,market_cap,circulating_market_cap,pe_ratio,pb_ratio"
2021-09-09,601187.XSHG,4.6744,230.6598,23.066,11.8749,1.2136,"day,code,turnover_ratio,market_cap,circulating_market_cap,pe_ratio,pb_ratio"
2021-09-10,601187.XSHG,8.1347,230.3959,23.0396,11.8613,1.2122,"day,code,turnover_ratio,market_cap,circulating_market_cap,pe_ratio,pb_ratio"
2021-09-13,601187.XSHG,4.6916,227.4928,22.7493,11.7119,1.1969,"day,code,turnover_ratio,market_cap,circulating_market_cap,pe_ratio,pb_ratio"
2021-09-14,601187.XSHG,4.4537,222.2146,22.2215,11.4402,1.1692,"day,code,turnover_ratio,market_cap,circulating_market_cap,pe_ratio,pb_ratio"
2021-09-15,601187.XSHG,2.6742,220.895,22.0895,11.3722,1.1622,"day,code,turnover_ratio,market_cap,circulating_market_cap,pe_ratio,pb_ratio"
2021-09-16,601187.XSHG,2.4418,220.1033,22.0103,11.3315,1.1581,"day,code,turnover_ratio,market_cap,circulating_market_cap,pe_ratio,pb_ratio"
2021-09-17,601187.XSHG,2.0911,220.1033,22.0103,11.3315,1.1581,"day,code,turnover_ratio,market_cap,circulating_market_cap,pe_ratio,pb_ratio"
2021-09-22,601187.XSHG,7.0574,211.922,21.1922,10.9103,1.115,"day,code,turnover_ratio,market_cap,circulating_market_cap,pe_ratio,pb_ratio"
2021-09-23,601187.XSHG,5.2606,210.0746,21.0075,10.8152,1.1053,"day,code,turnover_ratio,market_cap,circulating_market_cap,pe_ratio,pb_ratio"
2021-09-24,601187.XSHG,3.7583,206.3798,20.638,10.6249,1.0858,"day,code,turnover_ratio,market_cap,circulating_market_cap,pe_ratio,pb_ratio"
2021-09-27,601187.XSHG,2.4932,207.6994,20.7699,10.6929,1.0928,"day,code,turnover_ratio,market_cap,circulating_market_cap,pe_ratio,pb_ratio"
2021-09-28,601187.XSHG,1.8727,209.2828,20.9283,10.7744,1.1011,"day,code,turnover_ratio,market_cap,circulating_market_cap,pe_ratio,pb_ratio"
2021-09-29,601187.XSHG,2.0769,209.8107,20.9811,10.8016,1.1039,"day,code,turnover_ratio,market_cap,circulating_market_cap,pe_ratio,pb_ratio"
2021-09-30,601187.XSHG,1.5757,207.9633,20.7963,10.7065,1.0942,"day,code,turnover_ratio,market_cap,circulating_market_cap,pe_ratio,pb_ratio"
2021-10-08,601187.XSHG,1.7854,209.5468,20.9547,10.788,1.1025,"day,code,turnover_ratio,market_cap,circulating_market_cap,pe_ratio,pb_ratio"
2021-10-11,601187.XSHG,2.8978,212.7137,21.2714,10.951,1.1192,"day,code,turnover_ratio,market_cap,circulating_market_cap,pe_ratio,pb_ratio"
2021-10-12,601187.XSHG,1.9629,210.3385,21.0338,10.8287,1.1067,"day,code,turnover_ratio,market_cap,circulating_market_cap,pe_ratio,pb_ratio"
2021-10-13,601187.XSHG,4.2259,213.5054,21.3505,10.9918,1.1233,"day,code,turnover_ratio,market_cap,circulating_market_cap,pe_ratio,pb_ratio"
2021-10-14,601187.XSHG,2.5633,210.3385,21.0338,10.8287,1.1067,"day,code,turnover_ratio,market_cap,circulating_market_cap,pe_ratio,pb_ratio"
2021-10-15,601187.XSHG,1.9167,208.2272,20.8227,10.72,1.0956,"day,code,turnover_ratio,market_cap,circulating_market_cap,pe_ratio,pb_ratio"
2021-10-18,601187.XSHG,2.4297,205.3241,20.5324,10.5706,1.0803,"day,code,turnover_ratio,market_cap,circulating_market_cap,pe_ratio,pb_ratio"
2021-10-19,601187.XSHG,1.729,205.0602,20.506,10.557,1.0789,"day,code,turnover_ratio,market_cap,circulating_market_cap,pe_ratio,pb_ratio"
2021-10-20,601187.XSHG,1.7244,205.0602,20.506,10.557,1.0789,"day,code,turnover_ratio,market_cap,circulating_market_cap,pe_ratio,pb_ratio"
2021-10-21,601187.XSHG,2.8471,207.6994,20.7699,10.6929,1.0928,"day,code,turnover_ratio,market_cap,circulating_market_cap,pe_ratio,pb_ratio"
2021-10-22,601187.XSHG,3.8975,202.685,20.2685,10.4347,1.0664,"day,code,turnover_ratio,market_cap,circulating_market_cap,pe_ratio,pb_ratio"
2021-10-25,601187.XSHG,5.0266,195.5594,19.5559,10.0679,1.0289,"day,code,turnover_ratio,market_cap,circulating_market_cap,pe_ratio,pb_ratio"
2021-10-26,601187.XSHG,2.0556,195.5594,19.5559,9.3971,0.9998,"day,code,turnover_ratio,market_cap,circulating_market_cap,pe_ratio,pb_ratio"
2021-10-27,601187.XSHG,1.4892,188.9616,69.6466,9.08,0.966,"day,code,turnover_ratio,market_cap,circulating_market_cap,pe_ratio,pb_ratio"
2021-10-28,601187.XSHG,1.3318,185.0029,68.1875,8.8898,0.9458,"day,code,turnover_ratio,market_cap,circulating_market_cap,pe_ratio,pb_ratio"
2021-10-29,601187.XSHG,0.9024,185.5307,68.3821,8.9152,0.9485,"day,code,turnover_ratio,market_cap,circulating_market_cap,pe_ratio,pb_ratio"
2021-11-01,601187.XSHG,0.8752,187.9059,69.2575,9.0293,0.9606,"day,code,turnover_ratio,market_cap,circulating_market_cap,pe_ratio,pb_ratio"
2021-11-02,601187.XSHG,0.9076,185.2668,68.2848,8.9025,0.9471,"day,code,turnover_ratio,market_cap,circulating_market_cap,pe_ratio,pb_ratio"
2021-11-03,601187.XSHG,0.6397,185.5307,68.3821,8.9152,0.9485,"day,code,turnover_ratio,market_cap,circulating_market_cap,pe_ratio,pb_ratio"
2021-11-04,601187.XSHG,0.7763,184.739,68.0903,8.8771,0.9444,"day,code,turnover_ratio,market_cap,circulating_market_cap,pe_ratio,pb_ratio"
2021-11-05,601187.XSHG,0.7321,183.4194,67.6039,8.8137,0.9377,"day,code,turnover_ratio,market_cap,circulating_market_cap,pe_ratio,pb_ratio"
2021-11-08,601187.XSHG,0.7796,180.5163,66.5339,8.6742,0.9229,"day,code,turnover_ratio,market_cap,circulating_market_cap,pe_ratio,pb_ratio"
2021-11-09,601187.XSHG,1.0398,182.6276,67.3121,8.7757,0.9337,"day,code,turnover_ratio,market_cap,circulating_market_cap,pe_ratio,pb_ratio"
2021-11-10,601187.XSHG,0.7119,182.6276,67.3121,8.7757,0.9337,"day,code,turnover_ratio,market_cap,circulating_market_cap,pe_ratio,pb_ratio"
2021-11-11,601187.XSHG,1.2931,183.9472,67.7984,8.8391,0.9404,"day,code,turnover_ratio,market_cap,circulating_market_cap,pe_ratio,pb_ratio"
2021-11-12,601187.XSHG,1.0424,181.8359,67.0203,8.7376,0.9296,"day,code,turnover_ratio,market_cap,circulating_market_cap,pe_ratio,pb_ratio"
2021-11-15,601187.XSHG,0.8138,182.3637,67.2148,8.763,0.9323,"day,code,turnover_ratio,market_cap,circulating_market_cap,pe_ratio,pb_ratio"
2021-11-16,601187.XSHG,1.1495,180.5163,66.5339,8.6742,0.9229,"day,code,turnover_ratio,market_cap,circulating_market_cap,pe_ratio,pb_ratio"
2021-11-17,601187.XSHG,0.9247,180.5163,66.5339,8.6742,0.9229,"day,code,turnover_ratio,market_cap,circulating_market_cap,pe_ratio,pb_ratio"
2021-11-18,601187.XSHG,0.89,178.669,65.853,8.5854,0.9134,"day,code,turnover_ratio,market_cap,circulating_market_cap,pe_ratio,pb_ratio"
2021-11-19,601187.XSHG,1.3255,179.4607,66.1448,8.6235,0.9175,"day,code,turnover_ratio,market_cap,circulating_market_cap,pe_ratio,pb_ratio"
2021-11-22,601187.XSHG,0.9141,179.4607,66.1448,8.6235,0.9175,"day,code,turnover_ratio,market_cap,circulating_market_cap,pe_ratio,pb_ratio"
2021-11-23,601187.XSHG,1.4539,181.3081,66.8257,8.7123,0.9269,"day,code,turnover_ratio,market_cap,circulating_market_cap,pe_ratio,pb_ratio"
2021-11-24,601187.XSHG,1.4069,182.6276,67.3121,8.7757,0.9337,"day,code,turnover_ratio,market_cap,circulating_market_cap,pe_ratio,pb_ratio"
2021-11-25,601187.XSHG,0.9151,181.3081,66.8257,8.7123,0.9269,"day,code,turnover_ratio,market_cap,circulating_market_cap,pe_ratio,pb_ratio"
2021-11-26,601187.XSHG,0.7124,180.2524,66.4366,8.6615,0.9215,"day,code,turnover_ratio,market_cap,circulating_market_cap,pe_ratio,pb_ratio"
2021-11-29,601187.XSHG,0.5459,179.1968,66.0475,8.6108,0.9161,"day,code,turnover_ratio,market_cap,circulating_market_cap,pe_ratio,pb_ratio"
2021-11-30,601187.XSHG,0.6273,179.4607,66.1448,8.6235,0.9175,"day,code,turnover_ratio,market_cap,circulating_market_cap,pe_ratio,pb_ratio"
2021-12-01,601187.XSHG,0.8989,181.572,66.923,8.7249,0.9283,"day,code,turnover_ratio,market_cap,circulating_market_cap,pe_ratio,pb_ratio"
2021-12-02,601187.XSHG,1.4479,182.6276,67.3121,8.7757,0.9337,"day,code,turnover_ratio,market_cap,circulating_market_cap,pe_ratio,pb_ratio"
2021-12-03,601187.XSHG,0.9662,182.3637,67.2148,8.763,0.9323,"day,code,turnover_ratio,market_cap,circulating_market_cap,pe_ratio,pb_ratio"
2021-12-06,601187.XSHG,2.4307,182.6276,67.3121,8.7757,0.9337,"day,code,turnover_ratio,market_cap,circulating_market_cap,pe_ratio,pb_ratio"
2021-12-07,601187.XSHG,1.4062,182.3637,67.2148,8.763,0.9323,"day,code,turnover_ratio,market_cap,circulating_market_cap,pe_ratio,pb_ratio"
2021-12-08,601187.XSHG,1.4183,181.572,66.923,8.7249,0.9283,"day,code,turnover_ratio,market_cap,circulating_market_cap,pe_ratio,pb_ratio"
2021-12-09,601187.XSHG,3.1117,184.475,67.993,8.8644,0.9431,"day,code,turnover_ratio,market_cap,circulating_market_cap,pe_ratio,pb_ratio"
2021-12-10,601187.XSHG,6.1899,190.2811,70.133,9.1434,0.9728,"day,code,turnover_ratio,market_cap,circulating_market_cap,pe_ratio,pb_ratio"
2021-12-13,601187.XSHG,4.1035,185.7946,68.4793,8.9279,0.9498,"day,code,turnover_ratio,market_cap,circulating_market_cap,pe_ratio,pb_ratio"
2021-12-14,601187.XSHG,1.944,183.6833,67.7012,8.8264,0.939,"day,code,turnover_ratio,market_cap,circulating_market_cap,pe_ratio,pb_ratio"
2021-12-15,601187.XSHG,1.5596,185.0029,68.1875,8.8898,0.9458,"day,code,turnover_ratio,market_cap,circulating_market_cap,pe_ratio,pb_ratio"
2021-12-16,601187.XSHG,1.4823,184.739,68.0903,8.8771,0.9444,"day,code,turnover_ratio,market_cap,circulating_market_cap,pe_ratio,pb_ratio"
2021-12-17,601187.XSHG,1.6515,182.6276,67.3121,8.7757,0.9337,"day,code,turnover_ratio,market_cap,circulating_market_cap,pe_ratio,pb_ratio"
2021-12-20,601187.XSHG,1.36,181.3081,66.8257,8.7123,0.9269,"day,code,turnover_ratio,market_cap,circulating_market_cap,pe_ratio,pb_ratio"
2021-12-21,601187.XSHG,2.1967,185.2668,68.2848,8.9025,0.9471,"day,code,turnover_ratio,market_cap,circulating_market_cap,pe_ratio,pb_ratio"
2021-12-22,601187.XSHG,1.4361,182.8916,67.4093,8.7884,0.935,"day,code,turnover_ratio,market_cap,circulating_market_cap,pe_ratio,pb_ratio"
2021-12-23,601187.XSHG,1.0048,182.3637,67.2148,8.763,0.9323,"day,code,turnover_ratio,market_cap,circulating_market_cap,pe_ratio,pb_ratio"
2021-12-24,601187.XSHG,0.884,181.3081,66.8257,8.7123,0.9269,"day,code,turnover_ratio,market_cap,circulating_market_cap,pe_ratio,pb_ratio"
2021-12-27,601187.XSHG,0.7303,181.3081,66.8257,8.7123,0.9269,"day,code,turnover_ratio,market_cap,circulating_market_cap,pe_ratio,pb_ratio"
2021-12-28,601187.XSHG,0.6445,181.8359,67.0203,8.7376,0.9296,"day,code,turnover_ratio,market_cap,circulating_market_cap,pe_ratio,pb_ratio"
2021-12-29,601187.XSHG,0.5323,181.3081,66.8257,8.7123,0.9269,"day,code,turnover_ratio,market_cap,circulating_market_cap,pe_ratio,pb_ratio"
2021-12-30,601187.XSHG,0.6359,181.8359,67.0203,8.7376,0.9296,"day,code,turnover_ratio,market_cap,circulating_market_cap,pe_ratio,pb_ratio"
2021-12-31,601187.XSHG,0.8578,182.0998,67.1175,8.7503,0.931,"day,code,turnover_ratio,market_cap,circulating_market_cap,pe_ratio,pb_ratio"
2022-01-04,601187.XSHG,1.2539,183.4194,67.6039,8.8137,0.9377,"day,code,turnover_ratio,market_cap,circulating_market_cap,pe_ratio,pb_ratio"
2022-01-05,601187.XSHG,2.1494,184.475,67.993,8.8644,0.9431,"day,code,turnover_ratio,market_cap,circulating_market_cap,pe_ratio,pb_ratio"
2022-01-06,601187.XSHG,1.5969,183.1555,67.5066,8.801,0.9363,"day,code,turnover_ratio,market_cap,circulating_market_cap,pe_ratio,pb_ratio"
2022-01-07,601187.XSHG,2.8593,185.5307,68.3821,8.9152,0.9485,"day,code,turnover_ratio,market_cap,circulating_market_cap,pe_ratio,pb_ratio"
2022-01-10,601187.XSHG,2.4494,185.7946,68.4793,8.9279,0.9498,"day,code,turnover_ratio,market_cap,circulating_market_cap,pe_ratio,pb_ratio"
2022-01-11,601187.XSHG,2.6864,187.3781,69.063,9.0039,0.9579,"day,code,turnover_ratio,market_cap,circulating_market_cap,pe_ratio,pb_ratio"
2022-01-12,601187.XSHG,1.9331,186.0585,68.5766,8.9405,0.9512,"day,code,turnover_ratio,market_cap,circulating_market_cap,pe_ratio,pb_ratio"
2022-01-13,601187.XSHG,2.7229,187.1142,68.9657,8.9913,0.9566,"day,code,turnover_ratio,market_cap,circulating_market_cap,pe_ratio,pb_ratio"
2022-01-14,601187.XSHG,2.081,183.9472,67.7984,8.8391,0.9404,"day,code,turnover_ratio,market_cap,circulating_market_cap,pe_ratio,pb_ratio"
2022-01-17,601187.XSHG,1.084,183.1555,67.5066,8.801,0.9363,"day,code,turnover_ratio,market_cap,circulating_market_cap,pe_ratio,pb_ratio"
2022-01-18,601187.XSHG,1.2564,184.475,67.993,8.8644,0.9431,"day,code,turnover_ratio,market_cap,circulating_market_cap,pe_ratio,pb_ratio"
2022-01-19,601187.XSHG,1.2948,185.5307,68.3821,8.9152,0.9485,"day,code,turnover_ratio,market_cap,circulating_market_cap,pe_ratio,pb_ratio"
2022-01-20,601187.XSHG,3.8499,187.642,69.1602,9.0166,0.9593,"day,code,turnover_ratio,market_cap,circulating_market_cap,pe_ratio,pb_ratio"
2022-01-21,601187.XSHG,1.9611,185.0029,68.1875,8.8898,0.9458,"day,code,turnover_ratio,market_cap,circulating_market_cap,pe_ratio,pb_ratio"
2022-01-24,601187.XSHG,1.2368,183.6833,67.7012,8.8264,0.939,"day,code,turnover_ratio,market_cap,circulating_market_cap,pe_ratio,pb_ratio"
2022-01-25,601187.XSHG,1.9653,177.6133,65.4639,8.5347,0.908,"day,code,turnover_ratio,market_cap,circulating_market_cap,pe_ratio,pb_ratio"
2022-01-26,601187.XSHG,1.0163,177.8772,65.5612,8.5474,0.9094,"day,code,turnover_ratio,market_cap,circulating_market_cap,pe_ratio,pb_ratio"
2022-01-27,601187.XSHG,1.519,173.6546,64.0048,8.3445,0.8878,"day,code,turnover_ratio,market_cap,circulating_market_cap,pe_ratio,pb_ratio"
2022-01-28,601187.XSHG,1.0138,173.6546,64.0048,8.0321,0.7633,"day,code,turnover_ratio,market_cap,circulating_market_cap,pe_ratio,pb_ratio"
2022-02-07,601187.XSHG,1.9437,179.4607,66.1448,8.3007,0.7888,"day,code,turnover_ratio,market_cap,circulating_market_cap,pe_ratio,pb_ratio"
2022-02-08,601187.XSHG,5.7521,189.2255,69.7439,8.7523,0.8317,"day,code,turnover_ratio,market_cap,circulating_market_cap,pe_ratio,pb_ratio"
2022-02-09,601187.XSHG,3.0773,187.1142,68.9657,8.6547,0.8224,"day,code,turnover_ratio,market_cap,circulating_market_cap,pe_ratio,pb_ratio"
2022-02-10,601187.XSHG,1.9122,187.642,69.1602,8.6791,0.8248,"day,code,turnover_ratio,market_cap,circulating_market_cap,pe_ratio,pb_ratio"
2022-02-11,601187.XSHG,2.2245,187.9059,69.2575,8.6913,0.8259,"day,code,turnover_ratio,market_cap,circulating_market_cap,pe_ratio,pb_ratio"
2022-02-14,601187.XSHG,2.4838,187.9059,69.2575,8.6913,0.8259,"day,code,turnover_ratio,market_cap,circulating_market_cap,pe_ratio,pb_ratio"
2022-02-15,601187.XSHG,1.8117,185.7946,68.4793,8.5936,0.8166,"day,code,turnover_ratio,market_cap,circulating_market_cap,pe_ratio,pb_ratio"
2022-02-16,601187.XSHG,1.3565,186.3224,68.6739,8.6181,0.819,"day,code,turnover_ratio,market_cap,circulating_market_cap,pe_ratio,pb_ratio"
2022-02-17,601187.XSHG,1.4866,184.2111,67.8957,8.5204,0.8097,"day,code,turnover_ratio,market_cap,circulating_market_cap,pe_ratio,pb_ratio"
2022-02-18,601187.XSHG,1.0482,185.5307,68.3821,8.5814,0.8155,"day,code,turnover_ratio,market_cap,circulating_market_cap,pe_ratio,pb_ratio"
2022-02-21,601187.XSHG,1.0509,184.475,67.993,8.5326,0.8108,"day,code,turnover_ratio,market_cap,circulating_market_cap,pe_ratio,pb_ratio"
2022-02-22,601187.XSHG,1.4275,182.0998,67.1175,8.4227,0.8004,"day,code,turnover_ratio,market_cap,circulating_market_cap,pe_ratio,pb_ratio"
2022-02-23,601187.XSHG,1.5127,181.3081,66.8257,8.3861,0.7969,"day,code,turnover_ratio,market_cap,circulating_market_cap,pe_ratio,pb_ratio"
2022-02-24,601187.XSHG,2.1797,176.2937,64.9776,8.1542,0.7749,"day,code,turnover_ratio,market_cap,circulating_market_cap,pe_ratio,pb_ratio"
2022-02-25,601187.XSHG,1.2559,176.2937,64.9776,8.1542,0.7749,"day,code,turnover_ratio,market_cap,circulating_market_cap,pe_ratio,pb_ratio"
2022-02-28,601187.XSHG,1.3337,175.2381,64.5885,8.1054,0.7702,"day,code,turnover_ratio,market_cap,circulating_market_cap,pe_ratio,pb_ratio"
2022-03-01,601187.XSHG,1.2923,177.0855,65.2694,8.1908,0.7784,"day,code,turnover_ratio,market_cap,circulating_market_cap,pe_ratio,pb_ratio"
2022-03-02,601187.XSHG,0.9466,177.8772,65.5612,8.2274,0.7818,"day,code,turnover_ratio,market_cap,circulating_market_cap,pe_ratio,pb_ratio"
2022-03-03,601187.XSHG,1.1408,178.1411,65.6585,8.2396,0.783,"day,code,turnover_ratio,market_cap,circulating_market_cap,pe_ratio,pb_ratio"
2022-03-04,601187.XSHG,0.8438,176.2937,64.9776,8.1542,0.7749,"day,code,turnover_ratio,market_cap,circulating_market_cap,pe_ratio,pb_ratio"
2022-03-07,601187.XSHG,1.3259,174.1824,64.1994,8.0565,0.7656,"day,code,turnover_ratio,market_cap,circulating_market_cap,pe_ratio,pb_ratio"
2022-03-08,601187.XSHG,1.6964,168.9042,62.2539,7.8124,0.7424,"day,code,turnover_ratio,market_cap,circulating_market_cap,pe_ratio,pb_ratio"
2022-03-09,601187.XSHG,2.0445,163.6259,60.3085,7.5683,0.7192,"day,code,turnover_ratio,market_cap,circulating_market_cap,pe_ratio,pb_ratio"
2022-03-10,601187.XSHG,1.1559,165.2094,60.8921,7.6415,0.7262,"day,code,turnover_ratio,market_cap,circulating_market_cap,pe_ratio,pb_ratio"
2022-03-11,601187.XSHG,0.9826,167.3207,61.6703,7.7392,0.7354,"day,code,turnover_ratio,market_cap,circulating_market_cap,pe_ratio,pb_ratio"
2022-03-14,601187.XSHG,0.944,163.362,60.2112,7.5561,0.718,"day,code,turnover_ratio,market_cap,circulating_market_cap,pe_ratio,pb_ratio"
2022-03-15,601187.XSHG,1.5016,156.7642,57.7794,7.2509,0.689,"day,code,turnover_ratio,market_cap,circulating_market_cap,pe_ratio,pb_ratio"
2022-03-16,601187.XSHG,1.8179,160.9868,59.3358,7.4462,0.7076,"day,code,turnover_ratio,market_cap,circulating_market_cap,pe_ratio,pb_ratio"
2022-03-17,601187.XSHG,1.5187,161.7785,59.6276,7.4828,0.7111,"day,code,turnover_ratio,market_cap,circulating_market_cap,pe_ratio,pb_ratio"
2022-03-18,601187.XSHG,1.4793,164.1538,60.5031,7.5927,0.7215,"day,code,turnover_ratio,market_cap,circulating_market_cap,pe_ratio,pb_ratio"
2022-03-21,601187.XSHG,0.9712,162.3064,59.8221,7.5072,0.7134,"day,code,turnover_ratio,market_cap,circulating_market_cap,pe_ratio,pb_ratio"
2022-03-22,601187.XSHG,1.1598,164.4177,60.6003,7.6049,0.7227,"day,code,turnover_ratio,market_cap,circulating_market_cap,pe_ratio,pb_ratio"
2022-03-23,601187.XSHG,0.7805,163.6259,60.3085,7.5683,0.7192,"day,code,turnover_ratio,market_cap,circulating_market_cap,pe_ratio,pb_ratio"
2022-03-24,601187.XSHG,0.7918,163.0981,60.114,7.5439,0.7169,"day,code,turnover_ratio,market_cap,circulating_market_cap,pe_ratio,pb_ratio"
2022-03-25,601187.XSHG,0.6187,162.5703,59.9194,7.5194,0.7146,"day,code,turnover_ratio,market_cap,circulating_market_cap,pe_ratio,pb_ratio"
2022-03-28,601187.XSHG,5.8774,171.0155,63.0321,7.9101,0.7517,"day,code,turnover_ratio,market_cap,circulating_market_cap,pe_ratio,pb_ratio"
2022-03-29,601187.XSHG,4.039,170.4877,62.8376,7.8856,0.7494,"day,code,turnover_ratio,market_cap,circulating_market_cap,pe_ratio,pb_ratio"
2022-03-30,601187.XSHG,3.1506,170.4877,62.8376,7.8617,0.8416,"day,code,turnover_ratio,market_cap,circulating_market_cap,pe_ratio,pb_ratio"
2022-03-31,601187.XSHG,3.7993,175.502,64.6857,8.0929,0.8663,"day,code,turnover_ratio,market_cap,circulating_market_cap,pe_ratio,pb_ratio"
2022-04-01,601187.XSHG,4.5829,177.6133,65.4639,8.1902,0.8767,"day,code,turnover_ratio,market_cap,circulating_market_cap,pe_ratio,pb_ratio"
2022-04-06,601187.XSHG,6.54,182.8916,67.4093,8.4336,0.9028,"day,code,turnover_ratio,market_cap,circulating_market_cap,pe_ratio,pb_ratio"
2022-04-07,601187.XSHG,4.8183,177.6133,65.4639,8.1902,0.8767,"day,code,turnover_ratio,market_cap,circulating_market_cap,pe_ratio,pb_ratio"
2022-04-08,601187.XSHG,3.1814,178.669,65.853,8.2389,0.8819,"day,code,turnover_ratio,market_cap,circulating_market_cap,pe_ratio,pb_ratio"
2022-04-11,601187.XSHG,2.4821,172.8629,63.713,7.9712,0.8533,"day,code,turnover_ratio,market_cap,circulating_market_cap,pe_ratio,pb_ratio"
2022-04-12,601187.XSHG,2.2225,175.502,64.6857,8.0929,0.8663,"day,code,turnover_ratio,market_cap,circulating_market_cap,pe_ratio,pb_ratio"
2022-04-13,601187.XSHG,1.4488,172.8629,63.713,7.9712,0.8533,"day,code,turnover_ratio,market_cap,circulating_market_cap,pe_ratio,pb_ratio"
2022-04-14,601187.XSHG,1.5444,172.8629,63.713,7.9712,0.8533,"day,code,turnover_ratio,market_cap,circulating_market_cap,pe_ratio,pb_ratio"
2022-04-15,601187.XSHG,2.121,175.502,64.6857,8.0929,0.8663,"day,code,turnover_ratio,market_cap,circulating_market_cap,pe_ratio,pb_ratio"
2022-04-18,601187.XSHG,2.2604,166.7929,61.4758,7.6913,0.8233,"day,code,turnover_ratio,market_cap,circulating_market_cap,pe_ratio,pb_ratio"
2022-04-19,601187.XSHG,1.3181,169.1681,62.3512,7.8008,0.835,"day,code,turnover_ratio,market_cap,circulating_market_cap,pe_ratio,pb_ratio"
2022-04-20,601187.XSHG,1.6069,164.9455,60.7949,7.6061,0.8142,"day,code,turnover_ratio,market_cap,circulating_market_cap,pe_ratio,pb_ratio"
2022-04-21,601187.XSHG,1.3255,161.5146,59.5303,7.4479,0.7973,"day,code,turnover_ratio,market_cap,circulating_market_cap,pe_ratio,pb_ratio"
2022-04-22,601187.XSHG,1.151,163.0981,60.114,7.5209,0.8051,"day,code,turnover_ratio,market_cap,circulating_market_cap,pe_ratio,pb_ratio"
2022-04-25,601187.XSHG,2.1326,154.1251,56.8067,7.1071,0.7608,"day,code,turnover_ratio,market_cap,circulating_market_cap,pe_ratio,pb_ratio"
2022-04-26,601187.XSHG,1.9334,150.1664,55.3476,6.9246,0.7412,"day,code,turnover_ratio,market_cap,circulating_market_cap,pe_ratio,pb_ratio"
2022-04-27,601187.XSHG,1.916,152.5416,56.2231,7.0341,0.753,"day,code,turnover_ratio,market_cap,circulating_market_cap,pe_ratio,pb_ratio"
2022-04-28,601187.XSHG,1.7146,152.5416,56.2231,6.7571,0.7347,"day,code,turnover_ratio,market_cap,circulating_market_cap,pe_ratio,pb_ratio"
2022-04-29,601187.XSHG,1.7124,155.9725,57.4876,6.9091,0.7513,"day,code,turnover_ratio,market_cap,circulating_market_cap,pe_ratio,pb_ratio"
2022-05-05,601187.XSHG,1.4376,157.0281,57.8767,6.9558,0.7564,"day,code,turnover_ratio,market_cap,circulating_market_cap,pe_ratio,pb_ratio"
2022-05-06,601187.XSHG,1.2048,152.0138,56.0285,6.7337,0.7322,"day,code,turnover_ratio,market_cap,circulating_market_cap,pe_ratio,pb_ratio"
2022-05-09,601187.XSHG,0.6677,152.5416,56.2231,6.7571,0.7347,"day,code,turnover_ratio,market_cap,circulating_market_cap,pe_ratio,pb_ratio"
2022-05-10,601187.XSHG,1.1443,153.8612,56.7095,6.8156,0.7411,"day,code,turnover_ratio,market_cap,circulating_market_cap,pe_ratio,pb_ratio"
2022-05-11,601187.XSHG,1.2895,153.8612,56.7095,6.8156,0.7411,"day,code,turnover_ratio,market_cap,circulating_market_cap,pe_ratio,pb_ratio"
2022-05-12,601187.XSHG,1.2865,152.5416,56.2231,6.7571,0.7347,"day,code,turnover_ratio,market_cap,circulating_market_cap,pe_ratio,pb_ratio"
2022-05-13,601187.XSHG,1.1821,153.0694,56.4176,6.7805,0.7373,"day,code,turnover_ratio,market_cap,circulating_market_cap,pe_ratio,pb_ratio"
2022-05-16,601187.XSHG,1.1108,153.8612,56.7095,6.8156,0.7411,"day,code,turnover_ratio,market_cap,circulating_market_cap,pe_ratio,pb_ratio"
2022-05-17,601187.XSHG,0.9639,153.3333,56.5149,6.7922,0.7386,"day,code,turnover_ratio,market_cap,circulating_market_cap,pe_ratio,pb_ratio"
2022-05-18,601187.XSHG,0.8823,152.2777,56.1258,6.7454,0.7335,"day,code,turnover_ratio,market_cap,circulating_market_cap,pe_ratio,pb_ratio"
2022-05-19,601187.XSHG,0.9394,151.4859,55.834,6.7103,0.7297,"day,code,turnover_ratio,market_cap,circulating_market_cap,pe_ratio,pb_ratio"
2022-05-20,601187.XSHG,1.1971,152.8055,56.3204,6.7688,0.736,"day,code,turnover_ratio,market_cap,circulating_market_cap,pe_ratio,pb_ratio"
2022-05-23,601187.XSHG,1.0569,153.3333,56.5149,6.7922,0.7386,"day,code,turnover_ratio,market_cap,circulating_market_cap,pe_ratio,pb_ratio"
2022-05-24,601187.XSHG,1.3887,149.9025,55.2504,6.6402,0.722,"day,code,turnover_ratio,market_cap,circulating_market_cap,pe_ratio,pb_ratio"
2022-05-25,601187.XSHG,0.8592,150.9581,55.6395,6.687,0.7271,"day,code,turnover_ratio,market_cap,circulating_market_cap,pe_ratio,pb_ratio"
2022-05-26,601187.XSHG,0.9458,152.0138,56.0285,6.7337,0.7322,"day,code,turnover_ratio,market_cap,circulating_market_cap,pe_ratio,pb_ratio"
2022-05-27,601187.XSHG,0.888,151.4859,55.834,6.7103,0.7297,"day,code,turnover_ratio,market_cap,circulating_market_cap,pe_ratio,pb_ratio"
2022-05-30,601187.XSHG,1.087,152.8055,56.3204,6.7688,0.736,"day,code,turnover_ratio,market_cap,circulating_market_cap,pe_ratio,pb_ratio"
2022-05-31,601187.XSHG,1.1487,153.5972,56.6122,6.8039,0.7398,"day,code,turnover_ratio,market_cap,circulating_market_cap,pe_ratio,pb_ratio"
2022-06-01,601187.XSHG,1.1762,154.1251,56.8067,6.8272,0.7424,"day,code,turnover_ratio,market_cap,circulating_market_cap,pe_ratio,pb_ratio"
2022-06-02,601187.XSHG,1.3566,156.5003,57.6822,6.9325,0.7538,"day,code,turnover_ratio,market_cap,circulating_market_cap,pe_ratio,pb_ratio"
2022-06-06,601187.XSHG,1.2859,157.292,57.974,6.9675,0.7576,"day,code,turnover_ratio,market_cap,circulating_market_cap,pe_ratio,pb_ratio"
2022-06-07,601187.XSHG,1.3481,158.0838,58.2658,7.0026,0.7614,"day,code,turnover_ratio,market_cap,circulating_market_cap,pe_ratio,pb_ratio"
2022-06-08,601187.XSHG,1.0859,158.8755,58.5576,7.0377,0.7653,"day,code,turnover_ratio,market_cap,circulating_market_cap,pe_ratio,pb_ratio"
2022-06-09,601187.XSHG,1.8221,161.5146,59.5303,7.1546,0.778,"day,code,turnover_ratio,market_cap,circulating_market_cap,pe_ratio,pb_ratio"
2022-06-10,601187.XSHG,2.7781,163.0981,60.114,7.2247,0.7856,"day,code,turnover_ratio,market_cap,circulating_market_cap,pe_ratio,pb_ratio"
2022-06-13,601187.XSHG,1.4277,159.1394,58.6549,7.0494,0.7665,"day,code,turnover_ratio,market_cap,circulating_market_cap,pe_ratio,pb_ratio"
2022-06-14,601187.XSHG,1.6833,164.1538,60.5031,7.2715,0.7907,"day,code,turnover_ratio,market_cap,circulating_market_cap,pe_ratio,pb_ratio"
2022-06-15,601187.XSHG,3.5099,169.1681,62.3512,7.4936,0.8148,"day,code,turnover_ratio,market_cap,circulating_market_cap,pe_ratio,pb_ratio"
2022-06-16,601187.XSHG,2.244,162.5703,59.9194,7.2013,0.783,"day,code,turnover_ratio,market_cap,circulating_market_cap,pe_ratio,pb_ratio"
2022-06-17,601187.XSHG,1.351,163.6259,60.3085,7.2481,0.7881,"day,code,turnover_ratio,market_cap,circulating_market_cap,pe_ratio,pb_ratio"
2022-06-20,601187.XSHG,1.3587,163.6259,60.3085,7.2481,0.7881,"day,code,turnover_ratio,market_cap,circulating_market_cap,pe_ratio,pb_ratio"
2022-06-21,601187.XSHG,1.2085,156.5003,57.6822,6.9325,0.7538,"day,code,turnover_ratio,market_cap,circulating_market_cap,pe_ratio,pb_ratio"
2022-06-22,601187.XSHG,1.5655,157.5559,58.0713,6.9792,0.7589,"day,code,turnover_ratio,market_cap,circulating_market_cap,pe_ratio,pb_ratio"
2022-06-23,601187.XSHG,1.1328,157.5559,58.0713,6.9792,0.7589,"day,code,turnover_ratio,market_cap,circulating_market_cap,pe_ratio,pb_ratio"
2022-06-24,601187.XSHG,0.8703,156.7642,57.7794,6.9442,0.7551,"day,code,turnover_ratio,market_cap,circulating_market_cap,pe_ratio,pb_ratio"
2022-06-27,601187.XSHG,0.9235,155.9725,57.4876,6.9091,0.7513,"day,code,turnover_ratio,market_cap,circulating_market_cap,pe_ratio,pb_ratio"
2022-06-28,601187.XSHG,1.052,158.6116,58.4603,7.026,0.764,"day,code,turnover_ratio,market_cap,circulating_market_cap,pe_ratio,pb_ratio"
2022-06-29,601187.XSHG,0.9056,157.0281,57.8767,6.9558,0.7564,"day,code,turnover_ratio,market_cap,circulating_market_cap,pe_ratio,pb_ratio"
2022-06-30,601187.XSHG,0.931,157.292,57.974,6.9675,0.7576,"day,code,turnover_ratio,market_cap,circulating_market_cap,pe_ratio,pb_ratio"
2022-07-01,601187.XSHG,0.8225,158.0838,58.2658,7.0026,0.7614,"day,code,turnover_ratio,market_cap,circulating_market_cap,pe_ratio,pb_ratio"
2022-07-04,601187.XSHG,1.1126,156.5003,57.6822,6.9325,0.7538,"day,code,turnover_ratio,market_cap,circulating_market_cap,pe_ratio,pb_ratio"
2022-07-05,601187.XSHG,0.9467,155.9725,57.4876,6.9091,0.7513,"day,code,turnover_ratio,market_cap,circulating_market_cap,pe_ratio,pb_ratio"
2022-07-06,601187.XSHG,0.8904,154.6529,57.0013,6.8506,0.7449,"day,code,turnover_ratio,market_cap,circulating_market_cap,pe_ratio,pb_ratio"
2022-07-07,601187.XSHG,0.7361,154.389,56.904,6.8389,0.7436,"day,code,turnover_ratio,market_cap,circulating_market_cap,pe_ratio,pb_ratio"
2022-07-08,601187.XSHG,0.5705,154.1251,56.8067,6.8272,0.7424,"day,code,turnover_ratio,market_cap,circulating_market_cap,pe_ratio,pb_ratio"
2022-07-11,601187.XSHG,0.8469,154.389,56.904,6.8389,0.7436,"day,code,turnover_ratio,market_cap,circulating_market_cap,pe_ratio,pb_ratio"
2022-07-12,601187.XSHG,0.9062,155.1807,57.1958,6.874,0.7475,"day,code,turnover_ratio,market_cap,circulating_market_cap,pe_ratio,pb_ratio"
2022-07-13,601187.XSHG,1.378,152.2777,56.1258,6.7454,0.7335,"day,code,turnover_ratio,market_cap,circulating_market_cap,pe_ratio,pb_ratio"
2022-07-14,601187.XSHG,1.1247,148.8468,54.8613,6.5934,0.7169,"day,code,turnover_ratio,market_cap,circulating_market_cap,pe_ratio,pb_ratio"
2022-07-15,601187.XSHG,0.9716,147.7912,54.4722,6.5467,0.7119,"day,code,turnover_ratio,market_cap,circulating_market_cap,pe_ratio,pb_ratio"
2022-07-18,601187.XSHG,0.9653,150.1664,55.3476,6.6519,0.7233,"day,code,turnover_ratio,market_cap,circulating_market_cap,pe_ratio,pb_ratio"
2022-07-19,601187.XSHG,0.7307,151.4859,55.834,6.7103,0.7297,"day,code,turnover_ratio,market_cap,circulating_market_cap,pe_ratio,pb_ratio"
2022-07-20,601187.XSHG,0.5835,152.2777,56.1258,6.7454,0.7335,"day,code,turnover_ratio,market_cap,circulating_market_cap,pe_ratio,pb_ratio"
2022-07-21,601187.XSHG,0.6444,151.7499,55.9313,6.5042,0.6541,"day,code,turnover_ratio,market_cap,circulating_market_cap,pe_ratio,pb_ratio"
2022-07-22,601187.XSHG,0.907,151.222,55.7367,6.4816,0.6518,"day,code,turnover_ratio,market_cap,circulating_market_cap,pe_ratio,pb_ratio"
2022-07-25,601187.XSHG,0.5436,151.4859,55.834,6.4929,0.653,"day,code,turnover_ratio,market_cap,circulating_market_cap,pe_ratio,pb_ratio"
2022-07-26,601187.XSHG,0.5885,152.5416,56.2231,6.5382,0.6575,"day,code,turnover_ratio,market_cap,circulating_market_cap,pe_ratio,pb_ratio"
2022-07-27,601187.XSHG,0.4163,151.4859,61.287,6.4929,0.653,"day,code,turnover_ratio,market_cap,circulating_market_cap,pe_ratio,pb_ratio"
2022-07-28,601187.XSHG,0.5287,152.0138,61.5005,6.5155,0.6552,"day,code,turnover_ratio,market_cap,circulating_market_cap,pe_ratio,pb_ratio"
2022-07-29,601187.XSHG,0.5181,149.9025,60.6464,6.4251,0.6461,"day,code,turnover_ratio,market_cap,circulating_market_cap,pe_ratio,pb_ratio"
2022-08-01,601187.XSHG,0.4467,149.3746,60.4328,6.4024,0.6439,"day,code,turnover_ratio,market_cap,circulating_market_cap,pe_ratio,pb_ratio"
2022-08-02,601187.XSHG,0.9743,145.6799,58.938,6.2441,0.6279,"day,code,turnover_ratio,market_cap,circulating_market_cap,pe_ratio,pb_ratio"
2022-08-03,601187.XSHG,0.6023,145.9438,59.0448,6.2554,0.6291,"day,code,turnover_ratio,market_cap,circulating_market_cap,pe_ratio,pb_ratio"
2022-08-04,601187.XSHG,0.4419,146.2077,59.1516,6.2667,0.6302,"day,code,turnover_ratio,market_cap,circulating_market_cap,pe_ratio,pb_ratio"
2022-08-05,601187.XSHG,0.5749,148.5829,60.1125,6.3685,0.6404,"day,code,turnover_ratio,market_cap,circulating_market_cap,pe_ratio,pb_ratio"
2022-08-08,601187.XSHG,0.46,148.0551,59.899,6.3459,0.6382,"day,code,turnover_ratio,market_cap,circulating_market_cap,pe_ratio,pb_ratio"
2022-08-09,601187.XSHG,0.5291,146.4716,59.2583,6.278,0.6313,"day,code,turnover_ratio,market_cap,circulating_market_cap,pe_ratio,pb_ratio"
2022-08-10,601187.XSHG,0.4614,146.4716,59.2583,6.278,0.6313,"day,code,turnover_ratio,market_cap,circulating_market_cap,pe_ratio,pb_ratio"
2022-08-11,601187.XSHG,1.397,151.4859,61.287,6.4929,0.653,"day,code,turnover_ratio,market_cap,circulating_market_cap,pe_ratio,pb_ratio"
2022-08-12,601187.XSHG,0.7958,150.6942,60.9667,6.459,0.6495,"day,code,turnover_ratio,market_cap,circulating_market_cap,pe_ratio,pb_ratio"
2022-08-15,601187.XSHG,0.7135,148.8468,60.2193,6.3798,0.6416,"day,code,turnover_ratio,market_cap,circulating_market_cap,pe_ratio,pb_ratio"
2022-08-16,601187.XSHG,0.6334,149.6386,60.5396,6.4137,0.645,"day,code,turnover_ratio,market_cap,circulating_market_cap,pe_ratio,pb_ratio"
2022-08-17,601187.XSHG,0.6058,149.9025,60.6464,6.4251,0.6461,"day,code,turnover_ratio,market_cap,circulating_market_cap,pe_ratio,pb_ratio"
2022-08-18,601187.XSHG,0.5856,148.319,60.0057,6.3572,0.6393,"day,code,turnover_ratio,market_cap,circulating_market_cap,pe_ratio,pb_ratio"
2022-08-19,601187.XSHG,0.6848,148.319,60.0057,6.3572,0.6393,"day,code,turnover_ratio,market_cap,circulating_market_cap,pe_ratio,pb_ratio"
2022-08-22,601187.XSHG,0.5636,148.5829,60.1125,6.3685,0.6404,"day,code,turnover_ratio,market_cap,circulating_market_cap,pe_ratio,pb_ratio"
2022-08-23,601187.XSHG,0.5285,147.7912,59.7922,6.3346,0.637,"day,code,turnover_ratio,market_cap,circulating_market_cap,pe_ratio,pb_ratio"
2022-08-24,601187.XSHG,0.637,146.2077,59.1516,6.2667,0.6302,"day,code,turnover_ratio,market_cap,circulating_market_cap,pe_ratio,pb_ratio"
2022-08-25,601187.XSHG,0.5218,147.2633,59.5787,6.3119,0.6348,"day,code,turnover_ratio,market_cap,circulating_market_cap,pe_ratio,pb_ratio"
2022-08-26,601187.XSHG,0.49,147.7912,59.7922,6.3346,0.637,"day,code,turnover_ratio,market_cap,circulating_market_cap,pe_ratio,pb_ratio"
2022-08-29,601187.XSHG,0.7352,148.319,60.0057,6.3646,0.7166,"day,code,turnover_ratio,market_cap,circulating_market_cap,pe_ratio,pb_ratio"
2022-08-30,601187.XSHG,0.5992,148.8468,60.2193,6.3872,0.7191,"day,code,turnover_ratio,market_cap,circulating_market_cap,pe_ratio,pb_ratio"
2022-08-31,601187.XSHG,0.9508,149.6386,60.5396,6.4212,0.7229,"day,code,turnover_ratio,market_cap,circulating_market_cap,pe_ratio,pb_ratio"
2022-09-01,601187.XSHG,0.9462,149.9025,60.6464,6.4325,0.7242,"day,code,turnover_ratio,market_cap,circulating_market_cap,pe_ratio,pb_ratio"
2022-09-02,601187.XSHG,0.7797,150.1664,60.7531,6.4439,0.7255,"day,code,turnover_ratio,market_cap,circulating_market_cap,pe_ratio,pb_ratio"
2022-09-05,601187.XSHG,0.7695,150.9581,61.0735,6.4778,0.7293,"day,code,turnover_ratio,market_cap,circulating_market_cap,pe_ratio,pb_ratio"
2022-09-06,601187.XSHG,0.8862,150.4303,60.8599,6.4552,0.7268,"day,code,turnover_ratio,market_cap,circulating_market_cap,pe_ratio,pb_ratio"
2022-09-07,601187.XSHG,0.7829,149.1107,60.3261,6.3986,0.7204,"day,code,turnover_ratio,market_cap,circulating_market_cap,pe_ratio,pb_ratio"
2022-09-08,601187.XSHG,0.6831,149.1107,60.3261,6.3986,0.7204,"day,code,turnover_ratio,market_cap,circulating_market_cap,pe_ratio,pb_ratio"
2022-09-09,601187.XSHG,1.5729,150.9581,61.0735,6.4778,0.7293,"day,code,turnover_ratio,market_cap,circulating_market_cap,pe_ratio,pb_ratio"
2022-09-13,601187.XSHG,1.1965,150.1664,60.7531,6.4439,0.7255,"day,code,turnover_ratio,market_cap,circulating_market_cap,pe_ratio,pb_ratio"
2022-09-14,601187.XSHG,0.7297,149.3746,60.4328,6.4099,0.7217,"day,code,turnover_ratio,market_cap,circulating_market_cap,pe_ratio,pb_ratio"
2022-09-15,601187.XSHG,3.4945,153.3333,62.0344,6.5798,0.7408,"day,code,turnover_ratio,market_cap,circulating_market_cap,pe_ratio,pb_ratio"
2022-09-16,601187.XSHG,3.2935,144.6242,58.5109,6.206,0.6987,"day,code,turnover_ratio,market_cap,circulating_market_cap,pe_ratio,pb_ratio"
2022-09-19,601187.XSHG,1.6191,146.7355,59.3651,6.2966,0.7089,"day,code,turnover_ratio,market_cap,circulating_market_cap,pe_ratio,pb_ratio"
2022-09-20,601187.XSHG,1.0713,145.4159,58.8313,6.24,0.7025,"day,code,turnover_ratio,market_cap,circulating_market_cap,pe_ratio,pb_ratio"
2022-09-21,601187.XSHG,1.4206,149.3746,60.4328,6.4099,0.7217,"day,code,turnover_ratio,market_cap,circulating_market_cap,pe_ratio,pb_ratio"
2022-09-22,601187.XSHG,0.9046,147.2633,59.5787,6.3193,0.7115,"day,code,turnover_ratio,market_cap,circulating_market_cap,pe_ratio,pb_ratio"
2022-09-23,601187.XSHG,0.8432,145.9438,59.0448,6.2627,0.7051,"day,code,turnover_ratio,market_cap,circulating_market_cap,pe_ratio,pb_ratio"
2022-09-26,601187.XSHG,1.4677,143.0407,57.8703,6.1381,0.6911,"day,code,turnover_ratio,market_cap,circulating_market_cap,pe_ratio,pb_ratio"
2022-09-27,601187.XSHG,0.9639,143.0407,57.8703,6.1381,0.6911,"day,code,turnover_ratio,market_cap,circulating_market_cap,pe_ratio,pb_ratio"
2022-09-28,601187.XSHG,1.1579,142.249,57.55,6.1041,0.6872,"day,code,turnover_ratio,market_cap,circulating_market_cap,pe_ratio,pb_ratio"
2022-09-29,601187.XSHG,0.8936,140.6655,56.9094,6.0362,0.6796,"day,code,turnover_ratio,market_cap,circulating_market_cap,pe_ratio,pb_ratio"
2022-09-30,601187.XSHG,0.6825,139.8738,56.589,6.0022,0.6758,"day,code,turnover_ratio,market_cap,circulating_market_cap,pe_ratio,pb_ratio"
2022-10-10,601187.XSHG,0.7042,138.8181,56.162,5.9569,0.6707,"day,code,turnover_ratio,market_cap,circulating_market_cap,pe_ratio,pb_ratio"
2022-10-11,601187.XSHG,0.7114,138.8181,56.162,5.9569,0.6707,"day,code,turnover_ratio,market_cap,circulating_market_cap,pe_ratio,pb_ratio"
2022-10-12,601187.XSHG,0.7011,140.6655,56.9094,6.0362,0.6796,"day,code,turnover_ratio,market_cap,circulating_market_cap,pe_ratio,pb_ratio"
2022-10-13,601187.XSHG,0.6472,139.082,56.2687,5.9682,0.6719,"day,code,turnover_ratio,market_cap,circulating_market_cap,pe_ratio,pb_ratio"
2022-10-14,601187.XSHG,0.9159,141.1933,57.1229,6.0588,0.6821,"day,code,turnover_ratio,market_cap,circulating_market_cap,pe_ratio,pb_ratio"
2022-10-17,601187.XSHG,0.7429,141.4573,57.2297,6.0701,0.6834,"day,code,turnover_ratio,market_cap,circulating_market_cap,pe_ratio,pb_ratio"
2022-10-18,601187.XSHG,0.6625,141.4573,57.2297,6.0701,0.6834,"day,code,turnover_ratio,market_cap,circulating_market_cap,pe_ratio,pb_ratio"
2022-10-19,601187.XSHG,0.876,142.7768,57.7635,5.8136,0.5998,"day,code,turnover_ratio,market_cap,circulating_market_cap,pe_ratio,pb_ratio"
2022-10-20,601187.XSHG,0.6493,141.7212,57.3364,5.7706,0.5953,"day,code,turnover_ratio,market_cap,circulating_market_cap,pe_ratio,pb_ratio"
2022-10-21,601187.XSHG,0.6013,140.1377,56.6958,5.7062,0.5887,"day,code,turnover_ratio,market_cap,circulating_market_cap,pe_ratio,pb_ratio"
2022-10-24,601187.XSHG,0.8477,138.0264,55.8416,5.6202,0.5798,"day,code,turnover_ratio,market_cap,circulating_market_cap,pe_ratio,pb_ratio"
2022-10-25,601187.XSHG,0.9357,136.4429,55.201,5.5557,0.5731,"day,code,turnover_ratio,market_cap,circulating_market_cap,pe_ratio,pb_ratio"
2022-10-26,601187.XSHG,1.1684,136.4429,55.201,5.5554,0.6403,"day,code,turnover_ratio,market_cap,circulating_market_cap,pe_ratio,pb_ratio"
2022-10-27,601187.XSHG,1.5645,138.5542,56.0552,5.6414,0.6503,"day,code,turnover_ratio,market_cap,circulating_market_cap,pe_ratio,pb_ratio"
2022-10-28,601187.XSHG,0.8726,135.3873,61.1095,5.5125,0.6354,"day,code,turnover_ratio,market_cap,circulating_market_cap,pe_ratio,pb_ratio"
2022-10-31,601187.XSHG,0.919,135.3873,61.1095,5.5125,0.6354,"day,code,turnover_ratio,market_cap,circulating_market_cap,pe_ratio,pb_ratio"
2022-11-01,601187.XSHG,0.9446,136.9707,61.8242,5.5769,0.6428,"day,code,turnover_ratio,market_cap,circulating_market_cap,pe_ratio,pb_ratio"
2022-11-02,601187.XSHG,0.9492,137.2347,61.9433,5.5877,0.6441,"day,code,turnover_ratio,market_cap,circulating_market_cap,pe_ratio,pb_ratio"
2022-11-03,601187.XSHG,0.6609,136.4429,61.586,5.5554,0.6403,"day,code,turnover_ratio,market_cap,circulating_market_cap,pe_ratio,pb_ratio"
2022-11-04,601187.XSHG,1.0366,138.2903,62.4198,5.6307,0.649,"day,code,turnover_ratio,market_cap,circulating_market_cap,pe_ratio,pb_ratio"
2022-11-07,601187.XSHG,0.7423,138.5542,62.5389,5.6414,0.6503,"day,code,turnover_ratio,market_cap,circulating_market_cap,pe_ratio,pb_ratio"
2022-11-08,601187.XSHG,0.4481,138.2903,62.4198,5.6307,0.649,"day,code,turnover_ratio,market_cap,circulating_market_cap,pe_ratio,pb_ratio"
2022-11-09,601187.XSHG,0.7043,138.0264,62.3007,5.6199,0.6478,"day,code,turnover_ratio,market_cap,circulating_market_cap,pe_ratio,pb_ratio"
2022-11-10,601187.XSHG,0.5482,138.5542,62.5389,5.6414,0.6503,"day,code,turnover_ratio,market_cap,circulating_market_cap,pe_ratio,pb_ratio"
2022-11-11,601187.XSHG,1.9526,141.4573,63.8493,5.7596,0.6639,"day,code,turnover_ratio,market_cap,circulating_market_cap,pe_ratio,pb_ratio"
2022-11-14,601187.XSHG,1.6224,141.9851,64.0875,5.7811,0.6664,"day,code,turnover_ratio,market_cap,circulating_market_cap,pe_ratio,pb_ratio"
2022-11-15,601187.XSHG,1.442,143.5686,64.8023,5.8456,0.6738,"day,code,turnover_ratio,market_cap,circulating_market_cap,pe_ratio,pb_ratio"
2022-11-16,601187.XSHG,0.9358,141.9851,64.0875,5.7811,0.6664,"day,code,turnover_ratio,market_cap,circulating_market_cap,pe_ratio,pb_ratio"
2022-11-17,601187.XSHG,0.6092,141.7212,63.9684,5.7703,0.6651,"day,code,turnover_ratio,market_cap,circulating_market_cap,pe_ratio,pb_ratio"
2022-11-18,601187.XSHG,0.6641,141.1933,63.7302,5.7489,0.6626,"day,code,turnover_ratio,market_cap,circulating_market_cap,pe_ratio,pb_ratio"
2022-11-21,601187.XSHG,0.6929,141.7212,63.9684,5.7703,0.6651,"day,code,turnover_ratio,market_cap,circulating_market_cap,pe_ratio,pb_ratio"
2022-11-22,601187.XSHG,1.2488,143.0407,64.564,5.8241,0.6713,"day,code,turnover_ratio,market_cap,circulating_market_cap,pe_ratio,pb_ratio"
2022-11-23,601187.XSHG,0.9584,143.3046,64.6831,5.8348,0.6725,"day,code,turnover_ratio,market_cap,circulating_market_cap,pe_ratio,pb_ratio"
2022-11-24,601187.XSHG,0.7318,143.5686,64.8023,5.8456,0.6738,"day,code,turnover_ratio,market_cap,circulating_market_cap,pe_ratio,pb_ratio"
2022-11-25,601187.XSHG,2.3305,149.3746,67.4229,6.082,0.701,"day,code,turnover_ratio,market_cap,circulating_market_cap,pe_ratio,pb_ratio"
2022-11-28,601187.XSHG,1.4189,146.2077,65.9935,5.953,0.6862,"day,code,turnover_ratio,market_cap,circulating_market_cap,pe_ratio,pb_ratio"
2022-11-29,601187.XSHG,3.0742,153.3333,69.2098,6.2431,0.7196,"day,code,turnover_ratio,market_cap,circulating_market_cap,pe_ratio,pb_ratio"
2022-11-30,601187.XSHG,1.3968,152.0138,68.6141,6.1894,0.7134,"day,code,turnover_ratio,market_cap,circulating_market_cap,pe_ratio,pb_ratio"
2022-12-01,601187.XSHG,1.7949,149.3746,67.4229,6.082,0.701,"day,code,turnover_ratio,market_cap,circulating_market_cap,pe_ratio,pb_ratio"
2022-12-02,601187.XSHG,1.0534,149.3746,67.4229,6.082,0.701,"day,code,turnover_ratio,market_cap,circulating_market_cap,pe_ratio,pb_ratio"
2022-12-05,601187.XSHG,1.1627,152.0138,68.6141,6.1894,0.7134,"day,code,turnover_ratio,market_cap,circulating_market_cap,pe_ratio,pb_ratio"
2022-12-06,601187.XSHG,0.9206,152.2777,68.7333,6.2002,0.7147,"day,code,turnover_ratio,market_cap,circulating_market_cap,pe_ratio,pb_ratio"
2022-12-07,601187.XSHG,0.772,150.4303,67.8994,6.1249,0.706,"day,code,turnover_ratio,market_cap,circulating_market_cap,pe_ratio,pb_ratio"
2022-12-08,601187.XSHG,1.0607,153.0694,69.0906,6.2324,0.7184,"day,code,turnover_ratio,market_cap,circulating_market_cap,pe_ratio,pb_ratio"
2022-12-09,601187.XSHG,1.3124,155.1807,70.0436,6.3184,0.7283,"day,code,turnover_ratio,market_cap,circulating_market_cap,pe_ratio,pb_ratio"
2022-12-12,601187.XSHG,0.9382,153.0694,69.0906,6.2324,0.7184,"day,code,turnover_ratio,market_cap,circulating_market_cap,pe_ratio,pb_ratio"
2022-12-13,601187.XSHG,0.5598,153.0694,69.0906,6.2324,0.7184,"day,code,turnover_ratio,market_cap,circulating_market_cap,pe_ratio,pb_ratio"
2022-12-14,601187.XSHG,0.5943,152.8055,68.9715,6.2217,0.7171,"day,code,turnover_ratio,market_cap,circulating_market_cap,pe_ratio,pb_ratio"
2022-12-15,601187.XSHG,0.5944,150.4303,67.8994,6.1249,0.706,"day,code,turnover_ratio,market_cap,circulating_market_cap,pe_ratio,pb_ratio"
2022-12-16,601187.XSHG,0.6289,152.2777,68.7333,6.2002,0.7147,"day,code,turnover_ratio,market_cap,circulating_market_cap,pe_ratio,pb_ratio"
2022-12-19,601187.XSHG,0.6495,149.9025,67.6612,6.1035,0.7035,"day,code,turnover_ratio,market_cap,circulating_market_cap,pe_ratio,pb_ratio"
2022-12-20,601187.XSHG,0.5354,147.7912,66.7082,6.0175,0.6936,"day,code,turnover_ratio,market_cap,circulating_market_cap,pe_ratio,pb_ratio"
2022-12-21,601187.XSHG,0.5185,148.8468,67.1847,6.0605,0.6986,"day,code,turnover_ratio,market_cap,circulating_market_cap,pe_ratio,pb_ratio"
2022-12-22,601187.XSHG,0.4522,147.5272,66.5891,6.0067,0.6924,"day,code,turnover_ratio,market_cap,circulating_market_cap,pe_ratio,pb_ratio"
2022-12-23,601187.XSHG,0.419,147.2633,66.47,5.996,0.6911,"day,code,turnover_ratio,market_cap,circulating_market_cap,pe_ratio,pb_ratio"
2022-12-26,601187.XSHG,0.4724,145.4159,65.6361,5.9208,0.6825,"day,code,turnover_ratio,market_cap,circulating_market_cap,pe_ratio,pb_ratio"
2022-12-27,601187.XSHG,0.6549,148.319,66.9464,6.039,0.6961,"day,code,turnover_ratio,market_cap,circulating_market_cap,pe_ratio,pb_ratio"
2022-12-28,601187.XSHG,0.7569,150.9581,68.1377,6.1464,0.7085,"day,code,turnover_ratio,market_cap,circulating_market_cap,pe_ratio,pb_ratio"
2022-12-29,601187.XSHG,0.6126,149.6386,67.5421,6.0927,0.7023,"day,code,turnover_ratio,market_cap,circulating_market_cap,pe_ratio,pb_ratio"
2022-12-30,601187.XSHG,0.4858,151.222,68.2568,6.1572,0.7097,"day,code,turnover_ratio,market_cap,circulating_market_cap,pe_ratio,pb_ratio"
2023-01-03,601187.XSHG,0.6314,151.7499,68.495,6.1787,0.7122,"day,code,turnover_ratio,market_cap,circulating_market_cap,pe_ratio,pb_ratio"
2023-01-04,601187.XSHG,1.063,154.6529,69.8054,6.2969,0.7258,"day,code,turnover_ratio,market_cap,circulating_market_cap,pe_ratio,pb_ratio"
2023-01-05,601187.XSHG,0.719,154.1251,69.5671,6.2754,0.7233,"day,code,turnover_ratio,market_cap,circulating_market_cap,pe_ratio,pb_ratio"
2023-01-06,601187.XSHG,0.4949,153.8612,69.448,6.2646,0.7221,"day,code,turnover_ratio,market_cap,circulating_market_cap,pe_ratio,pb_ratio"
2023-01-09,601187.XSHG,0.6489,152.5416,68.8524,6.2109,0.7159,"day,code,turnover_ratio,market_cap,circulating_market_cap,pe_ratio,pb_ratio"
2023-01-10,601187.XSHG,0.4715,152.5416,68.8524,6.2109,0.7159,"day,code,turnover_ratio,market_cap,circulating_market_cap,pe_ratio,pb_ratio"
2023-01-11,601187.XSHG,0.3852,152.2777,68.7333,6.2002,0.7147,"day,code,turnover_ratio,market_cap,circulating_market_cap,pe_ratio,pb_ratio"
2023-01-12,601187.XSHG,0.3644,152.5416,68.8524,6.2109,0.7159,"day,code,turnover_ratio,market_cap,circulating_market_cap,pe_ratio,pb_ratio"
2023-01-13,601187.XSHG,0.3343,154.1251,69.5671,6.2754,0.7233,"day,code,turnover_ratio,market_cap,circulating_market_cap,pe_ratio,pb_ratio"
2023-01-16,601187.XSHG,0.8088,154.6529,69.8054,6.2969,0.7258,"day,code,turnover_ratio,market_cap,circulating_market_cap,pe_ratio,pb_ratio"
2023-01-17,601187.XSHG,0.6534,155.9725,70.401,6.3506,0.732,"day,code,turnover_ratio,market_cap,circulating_market_cap,pe_ratio,pb_ratio"
2023-01-18,601187.XSHG,0.7012,155.7085,70.2819,6.2184,0.6437,"day,code,turnover_ratio,market_cap,circulating_market_cap,pe_ratio,pb_ratio"
2023-01-19,601187.XSHG,0.5884,155.1807,70.0436,6.1973,0.6415,"day,code,turnover_ratio,market_cap,circulating_market_cap,pe_ratio,pb_ratio"
2023-01-20,601187.XSHG,0.5294,154.9168,69.9245,6.1868,0.6404,"day,code,turnover_ratio,market_cap,circulating_market_cap,pe_ratio,pb_ratio"
2023-01-30,601187.XSHG,0.8647,153.3333,69.2098,6.1235,0.6339,"day,code,turnover_ratio,market_cap,circulating_market_cap,pe_ratio,pb_ratio"
2023-01-31,601187.XSHG,0.6289,152.2777,68.7333,6.0814,0.6295,"day,code,turnover_ratio,market_cap,circulating_market_cap,pe_ratio,pb_ratio"
2023-02-01,601187.XSHG,0.8657,152.2777,68.7333,6.0814,0.6295,"day,code,turnover_ratio,market_cap,circulating_market_cap,pe_ratio,pb_ratio"
2023-02-02,601187.XSHG,0.6168,151.222,68.2568,6.0392,0.6251,"day,code,turnover_ratio,market_cap,circulating_market_cap,pe_ratio,pb_ratio"
2023-02-03,601187.XSHG,0.7202,149.6386,67.5421,5.976,0.6186,"day,code,turnover_ratio,market_cap,circulating_market_cap,pe_ratio,pb_ratio"
2023-02-06,601187.XSHG,0.7604,148.319,66.9464,5.9233,0.6131,"day,code,turnover_ratio,market_cap,circulating_market_cap,pe_ratio,pb_ratio"
2023-02-07,601187.XSHG,0.7194,149.3746,67.4229,5.9654,0.6175,"day,code,turnover_ratio,market_cap,circulating_market_cap,pe_ratio,pb_ratio"
2023-02-08,601187.XSHG,0.4832,148.5829,67.0656,5.9338,0.6142,"day,code,turnover_ratio,market_cap,circulating_market_cap,pe_ratio,pb_ratio"
2023-02-09,601187.XSHG,0.7213,150.1664,67.7803,5.9971,0.6208,"day,code,turnover_ratio,market_cap,circulating_market_cap,pe_ratio,pb_ratio"
2023-02-10,601187.XSHG,0.7575,151.222,68.2568,6.0392,0.6251,"day,code,turnover_ratio,market_cap,circulating_market_cap,pe_ratio,pb_ratio"
2023-02-13,601187.XSHG,0.9252,150.6942,68.0185,6.0181,0.623,"day,code,turnover_ratio,market_cap,circulating_market_cap,pe_ratio,pb_ratio"
2023-02-14,601187.XSHG,0.6845,150.9581,68.1377,6.0287,0.6241,"day,code,turnover_ratio,market_cap,circulating_market_cap,pe_ratio,pb_ratio"
2023-02-15,601187.XSHG,0.7741,149.6386,67.5421,5.976,0.6186,"day,code,turnover_ratio,market_cap,circulating_market_cap,pe_ratio,pb_ratio"
2023-02-16,601187.XSHG,0.8196,149.1107,67.3038,5.9549,0.6164,"day,code,turnover_ratio,market_cap,circulating_market_cap,pe_ratio,pb_ratio"
2023-02-17,601187.XSHG,0.5161,148.5829,67.0656,5.9338,0.6142,"day,code,turnover_ratio,market_cap,circulating_market_cap,pe_ratio,pb_ratio"
2023-02-20,601187.XSHG,1.2047,151.7499,68.495,6.0603,0.6273,"day,code,turnover_ratio,market_cap,circulating_market_cap,pe_ratio,pb_ratio"
2023-02-21,601187.XSHG,0.6397,151.7499,68.495,6.0603,0.6273,"day,code,turnover_ratio,market_cap,circulating_market_cap,pe_ratio,pb_ratio"
2023-02-22,601187.XSHG,0.5035,151.7499,68.495,6.0603,0.6273,"day,code,turnover_ratio,market_cap,circulating_market_cap,pe_ratio,pb_ratio"
2023-02-23,601187.XSHG,0.7661,152.5416,68.8524,6.0919,0.6306,"day,code,turnover_ratio,market_cap,circulating_market_cap,pe_ratio,pb_ratio"
2023-02-24,601187.XSHG,0.4749,151.4859,68.3759,6.0498,0.6262,"day,code,turnover_ratio,market_cap,circulating_market_cap,pe_ratio,pb_ratio"
2023-02-27,601187.XSHG,0.572,149.9025,67.6612,5.9865,0.6197,"day,code,turnover_ratio,market_cap,circulating_market_cap,pe_ratio,pb_ratio"
2023-02-28,601187.XSHG,0.3725,151.4859,68.3759,6.0498,0.6262,"day,code,turnover_ratio,market_cap,circulating_market_cap,pe_ratio,pb_ratio"
2023-03-01,601187.XSHG,0.7912,152.8055,68.9715,6.1025,0.6317,"day,code,turnover_ratio,market_cap,circulating_market_cap,pe_ratio,pb_ratio"
2023-03-02,601187.XSHG,0.5385,152.5416,68.8524,6.0919,0.6306,"day,code,turnover_ratio,market_cap,circulating_market_cap,pe_ratio,pb_ratio"
2023-03-03,601187.XSHG,0.675,153.8612,69.448,6.1446,0.6361,"day,code,turnover_ratio,market_cap,circulating_market_cap,pe_ratio,pb_ratio"
2023-03-06,601187.XSHG,0.5828,153.5972,69.3289,6.1341,0.635,"day,code,turnover_ratio,market_cap,circulating_market_cap,pe_ratio,pb_ratio"
2023-03-07,601187.XSHG,1.4226,154.1251,69.5671,6.1552,0.6371,"day,code,turnover_ratio,market_cap,circulating_market_cap,pe_ratio,pb_ratio"
2023-03-08,601187.XSHG,0.8334,153.3333,69.2098,6.1235,0.6339,"day,code,turnover_ratio,market_cap,circulating_market_cap,pe_ratio,pb_ratio"
2023-03-09,601187.XSHG,1.4185,151.7499,68.495,6.0603,0.6273,"day,code,turnover_ratio,market_cap,circulating_market_cap,pe_ratio,pb_ratio"
2023-03-10,601187.XSHG,0.8705,148.5829,67.0656,5.9338,0.6142,"day,code,turnover_ratio,market_cap,circulating_market_cap,pe_ratio,pb_ratio"
2023-03-13,601187.XSHG,0.7837,147.7912,66.7082,5.9022,0.611,"day,code,turnover_ratio,market_cap,circulating_market_cap,pe_ratio,pb_ratio"
2023-03-14,601187.XSHG,0.9323,144.3603,65.1596,5.7652,0.5968,"day,code,turnover_ratio,market_cap,circulating_market_cap,pe_ratio,pb_ratio"
2023-03-15,601187.XSHG,0.6299,145.4159,65.6361,5.8073,0.6011,"day,code,turnover_ratio,market_cap,circulating_market_cap,pe_ratio,pb_ratio"
2023-03-16,601187.XSHG,0.7602,144.8881,65.3979,5.7863,0.599,"day,code,turnover_ratio,market_cap,circulating_market_cap,pe_ratio,pb_ratio"
2023-03-17,601187.XSHG,0.6976,146.2077,65.9935,5.839,0.6044,"day,code,turnover_ratio,market_cap,circulating_market_cap,pe_ratio,pb_ratio"
2023-03-20,601187.XSHG,0.9203,144.0964,65.0405,5.7546,0.5957,"day,code,turnover_ratio,market_cap,circulating_market_cap,pe_ratio,pb_ratio"
2023-03-21,601187.XSHG,0.6223,144.3603,65.1596,5.7652,0.5968,"day,code,turnover_ratio,market_cap,circulating_market_cap,pe_ratio,pb_ratio"
2023-03-22,601187.XSHG,0.6016,145.4159,65.6361,5.8073,0.6011,"day,code,turnover_ratio,market_cap,circulating_market_cap,pe_ratio,pb_ratio"
2023-03-23,601187.XSHG,0.5748,145.6799,65.7552,5.8179,0.6022,"day,code,turnover_ratio,market_cap,circulating_market_cap,pe_ratio,pb_ratio"
2023-03-24,601187.XSHG,0.6991,145.152,65.517,5.7968,0.6,"day,code,turnover_ratio,market_cap,circulating_market_cap,pe_ratio,pb_ratio"
2023-03-27,601187.XSHG,0.7611,143.8325,64.9214,5.7441,0.5946,"day,code,turnover_ratio,market_cap,circulating_market_cap,pe_ratio,pb_ratio"
2023-03-28,601187.XSHG,0.6503,143.0407,64.564,5.7125,0.5913,"day,code,turnover_ratio,market_cap,circulating_market_cap,pe_ratio,pb_ratio"
2023-03-29,601187.XSHG,0.5847,141.9851,64.0875,5.6703,0.587,"day,code,turnover_ratio,market_cap,circulating_market_cap,pe_ratio,pb_ratio"
2023-03-30,601187.XSHG,0.5223,143.0407,64.564,5.7125,0.5913,"day,code,turnover_ratio,market_cap,circulating_market_cap,pe_ratio,pb_ratio"
2023-03-31,601187.XSHG,0.4994,142.5129,64.3258,5.6914,0.5891,"day,code,turnover_ratio,market_cap,circulating_market_cap,pe_ratio,pb_ratio"
2023-04-03,601187.XSHG,0.7289,143.0407,64.564,5.7125,0.5913,"day,code,turnover_ratio,market_cap,circulating_market_cap,pe_ratio,pb_ratio"
2023-04-04,601187.XSHG,0.5232,143.0407,64.564,5.7125,0.5913,"day,code,turnover_ratio,market_cap,circulating_market_cap,pe_ratio,pb_ratio"
2023-04-06,601187.XSHG,0.4459,142.5129,64.3258,5.6914,0.5891,"day,code,turnover_ratio,market_cap,circulating_market_cap,pe_ratio,pb_ratio"
2023-04-07,601187.XSHG,0.4204,142.7768,64.4449,5.7019,0.5902,"day,code,turnover_ratio,market_cap,circulating_market_cap,pe_ratio,pb_ratio"
2023-04-10,601187.XSHG,0.6685,141.4573,63.8493,5.6493,0.5848,"day,code,turnover_ratio,market_cap,circulating_market_cap,pe_ratio,pb_ratio"
2023-04-11,601187.XSHG,0.6054,140.9294,63.611,5.6282,0.5826,"day,code,turnover_ratio,market_cap,circulating_market_cap,pe_ratio,pb_ratio"
2023-04-12,601187.XSHG,0.597,141.1933,63.7302,5.6387,0.5837,"day,code,turnover_ratio,market_cap,circulating_market_cap,pe_ratio,pb_ratio"
2023-04-13,601187.XSHG,0.7831,141.9851,64.0875,5.6703,0.587,"day,code,turnover_ratio,market_cap,circulating_market_cap,pe_ratio,pb_ratio"
2023-04-14,601187.XSHG,0.621,141.7212,63.9684,5.6598,0.5859,"day,code,turnover_ratio,market_cap,circulating_market_cap,pe_ratio,pb_ratio"
2023-04-17,601187.XSHG,1.1397,143.5686,64.8023,5.7336,0.5935,"day,code,turnover_ratio,market_cap,circulating_market_cap,pe_ratio,pb_ratio"
2023-04-18,601187.XSHG,1.2405,145.152,65.517,5.7968,0.6,"day,code,turnover_ratio,market_cap,circulating_market_cap,pe_ratio,pb_ratio"
2023-04-19,601187.XSHG,1.1693,145.6799,65.7552,5.8179,0.6022,"day,code,turnover_ratio,market_cap,circulating_market_cap,pe_ratio,pb_ratio"
2023-04-20,601187.XSHG,0.87,145.9438,65.8743,5.8284,0.6033,"day,code,turnover_ratio,market_cap,circulating_market_cap,pe_ratio,pb_ratio"
2023-04-21,601187.XSHG,0.8878,144.8881,65.3979,5.7863,0.599,"day,code,turnover_ratio,market_cap,circulating_market_cap,pe_ratio,pb_ratio"
2023-04-24,601187.XSHG,0.7991,144.0964,65.0405,5.7546,0.5957,"day,code,turnover_ratio,market_cap,circulating_market_cap,pe_ratio,pb_ratio"
2023-04-25,601187.XSHG,0.9798,145.9438,65.8743,5.8284,0.6033,"day,code,turnover_ratio,market_cap,circulating_market_cap,pe_ratio,pb_ratio"
2023-04-26,601187.XSHG,0.9717,144.6242,65.2787,5.7757,0.5979,"day,code,turnover_ratio,market_cap,circulating_market_cap,pe_ratio,pb_ratio"
2023-04-27,601187.XSHG,0.7614,145.4159,65.6361,5.8073,0.6011,"day,code,turnover_ratio,market_cap,circulating_market_cap,pe_ratio,pb_ratio"
2023-04-28,601187.XSHG,1.2019,147.2633,66.47,5.6639,0.6534,"day,code,turnover_ratio,market_cap,circulating_market_cap,pe_ratio,pb_ratio"
2023-05-04,601187.XSHG,2.1634,152.2777,68.7333,5.8567,0.6756,"day,code,turnover_ratio,market_cap,circulating_market_cap,pe_ratio,pb_ratio"
2023-05-05,601187.XSHG,1.6773,152.2777,68.7333,5.8567,0.6756,"day,code,turnover_ratio,market_cap,circulating_market_cap,pe_ratio,pb_ratio"
2023-05-08,601187.XSHG,3.3912,157.8198,71.2348,6.0699,0.7002,"day,code,turnover_ratio,market_cap,circulating_market_cap,pe_ratio,pb_ratio"
2023-05-09,601187.XSHG,6.1863,160.9868,72.6643,6.1917,0.7143,"day,code,turnover_ratio,market_cap,circulating_market_cap,pe_ratio,pb_ratio"
2023-05-10,601187.XSHG,3.4367,154.9168,69.9245,5.9582,0.6873,"day,code,turnover_ratio,market_cap,circulating_market_cap,pe_ratio,pb_ratio"
2023-05-11,601187.XSHG,1.626,153.8612,69.448,5.9176,0.6827,"day,code,turnover_ratio,market_cap,circulating_market_cap,pe_ratio,pb_ratio"
2023-05-12,601187.XSHG,0.9969,152.8055,68.9715,5.877,0.678,"day,code,turnover_ratio,market_cap,circulating_market_cap,pe_ratio,pb_ratio"
2023-05-15,601187.XSHG,1.3146,154.1251,69.5671,5.9278,0.6838,"day,code,turnover_ratio,market_cap,circulating_market_cap,pe_ratio,pb_ratio"
2023-05-16,601187.XSHG,1.109,152.5416,68.8524,5.8669,0.6768,"day,code,turnover_ratio,market_cap,circulating_market_cap,pe_ratio,pb_ratio"
2023-05-17,601187.XSHG,0.8542,152.5416,68.8524,5.8669,0.6768,"day,code,turnover_ratio,market_cap,circulating_market_cap,pe_ratio,pb_ratio"
2023-05-18,601187.XSHG,1.4113,152.5416,68.8524,5.8669,0.6768,"day,code,turnover_ratio,market_cap,circulating_market_cap,pe_ratio,pb_ratio"
2023-05-19,601187.XSHG,1.1016,151.222,68.2568,5.8161,0.6709,"day,code,turnover_ratio,market_cap,circulating_market_cap,pe_ratio,pb_ratio"
2023-05-22,601187.XSHG,0.7942,149.6386,67.5421,5.7552,0.6639,"day,code,turnover_ratio,market_cap,circulating_market_cap,pe_ratio,pb_ratio"
2023-05-23,601187.XSHG,0.938,148.5829,67.0656,5.7146,0.6592,"day,code,turnover_ratio,market_cap,circulating_market_cap,pe_ratio,pb_ratio"
2023-05-24,601187.XSHG,0.7599,146.9994,66.3508,5.6537,0.6522,"day,code,turnover_ratio,market_cap,circulating_market_cap,pe_ratio,pb_ratio"
2023-05-25,601187.XSHG,0.6082,146.4716,66.1126,5.6334,0.6499,"day,code,turnover_ratio,market_cap,circulating_market_cap,pe_ratio,pb_ratio"
2023-05-26,601187.XSHG,0.5969,146.9994,66.3508,5.6537,0.6522,"day,code,turnover_ratio,market_cap,circulating_market_cap,pe_ratio,pb_ratio"
2023-05-29,601187.XSHG,0.6473,145.9438,65.8743,5.6131,0.6475,"day,code,turnover_ratio,market_cap,circulating_market_cap,pe_ratio,pb_ratio"
2023-05-30,601187.XSHG,0.5881,146.4716,66.1126,5.6334,0.6499,"day,code,turnover_ratio,market_cap,circulating_market_cap,pe_ratio,pb_ratio"
2023-05-31,601187.XSHG,0.6088,146.9994,66.3508,5.6537,0.6522,"day,code,turnover_ratio,market_cap,circulating_market_cap,pe_ratio,pb_ratio"
2023-06-01,601187.XSHG,0.6942,146.7355,66.2317,5.6436,0.651,"day,code,turnover_ratio,market_cap,circulating_market_cap,pe_ratio,pb_ratio"
2023-06-02,601187.XSHG,0.7421,147.5272,66.5891,5.674,0.6546,"day,code,turnover_ratio,market_cap,circulating_market_cap,pe_ratio,pb_ratio"
2023-06-05,601187.XSHG,0.5198,146.9994,66.3508,5.6537,0.6522,"day,code,turnover_ratio,market_cap,circulating_market_cap,pe_ratio,pb_ratio"
2023-06-06,601187.XSHG,1.119,145.9438,65.8743,5.6131,0.6475,"day,code,turnover_ratio,market_cap,circulating_market_cap,pe_ratio,pb_ratio"
2023-06-07,601187.XSHG,1.1877,147.5272,66.5891,5.674,0.6546,"day,code,turnover_ratio,market_cap,circulating_market_cap,pe_ratio,pb_ratio"
2023-06-08,601187.XSHG,1.0677,141.9851,64.0875,5.4609,0.63,"day,code,turnover_ratio,market_cap,circulating_market_cap,pe_ratio,pb_ratio"
2023-06-09,601187.XSHG,0.8861,140.6655,63.4919,5.4101,0.6241,"day,code,turnover_ratio,market_cap,circulating_market_cap,pe_ratio,pb_ratio"
2023-06-12,601187.XSHG,0.7396,139.082,62.7772,5.3492,0.6171,"day,code,turnover_ratio,market_cap,circulating_market_cap,pe_ratio,pb_ratio"
2023-06-13,601187.XSHG,0.6166,138.2903,62.4198,5.3188,0.6136,"day,code,turnover_ratio,market_cap,circulating_market_cap,pe_ratio,pb_ratio"
2023-06-14,601187.XSHG,1.1953,135.6512,61.2286,5.2173,0.6019,"day,code,turnover_ratio,market_cap,circulating_market_cap,pe_ratio,pb_ratio"
2023-06-15,601187.XSHG,0.9718,136.179,61.4668,5.2376,0.6042,"day,code,turnover_ratio,market_cap,circulating_market_cap,pe_ratio,pb_ratio"
2023-06-16,601187.XSHG,1.4894,134.5955,60.7521,5.1767,0.5972,"day,code,turnover_ratio,market_cap,circulating_market_cap,pe_ratio,pb_ratio"
2023-06-19,601187.XSHG,1.2007,133.5399,60.2756,5.1361,0.5925,"day,code,turnover_ratio,market_cap,circulating_market_cap,pe_ratio,pb_ratio"
2023-06-20,601187.XSHG,0.6996,133.276,60.1565,5.1259,0.5913,"day,code,turnover_ratio,market_cap,circulating_market_cap,pe_ratio,pb_ratio"
2023-06-21,601187.XSHG,0.9633,132.4842,59.7991,5.0955,0.5878,"day,code,turnover_ratio,market_cap,circulating_market_cap,pe_ratio,pb_ratio"
2023-06-26,601187.XSHG,0.997,130.9007,59.0844,5.0346,0.5808,"day,code,turnover_ratio,market_cap,circulating_market_cap,pe_ratio,pb_ratio"
2023-06-27,601187.XSHG,0.5977,132.2203,59.68,5.0853,0.5866,"day,code,turnover_ratio,market_cap,circulating_market_cap,pe_ratio,pb_ratio"
2023-06-28,601187.XSHG,0.7156,132.2203,59.68,5.0853,0.5866,"day,code,turnover_ratio,market_cap,circulating_market_cap,pe_ratio,pb_ratio"
2023-06-29,601187.XSHG,0.7347,131.1647,59.2035,5.0447,0.582,"day,code,turnover_ratio,market_cap,circulating_market_cap,pe_ratio,pb_ratio"
2023-06-30,601187.XSHG,0.7054,132.4842,59.7991,5.0955,0.5878,"day,code,turnover_ratio,market_cap,circulating_market_cap,pe_ratio,pb_ratio"
2023-07-03,601187.XSHG,0.9169,133.8038,60.3947,5.1462,0.5937,"day,code,turnover_ratio,market_cap,circulating_market_cap,pe_ratio,pb_ratio"
2023-07-04,601187.XSHG,0.5816,133.5399,60.2756,5.1361,0.5925,"day,code,turnover_ratio,market_cap,circulating_market_cap,pe_ratio,pb_ratio"
2023-07-05,601187.XSHG,0.5137,133.8038,60.3947,5.1462,0.5937,"day,code,turnover_ratio,market_cap,circulating_market_cap,pe_ratio,pb_ratio"
2023-07-06,601187.XSHG,0.3749,133.012,60.0374,5.1158,0.5902,"day,code,turnover_ratio,market_cap,circulating_market_cap,pe_ratio,pb_ratio"
2023-07-07,601187.XSHG,0.6161,133.5399,60.2756,5.1361,0.5925,"day,code,turnover_ratio,market_cap,circulating_market_cap,pe_ratio,pb_ratio"
2023-07-10,601187.XSHG,0.4064,133.8038,60.3947,5.1462,0.5937,"day,code,turnover_ratio,market_cap,circulating_market_cap,pe_ratio,pb_ratio"
2023-07-11,601187.XSHG,0.5284,134.0677,60.5139,5.1564,0.5948,"day,code,turnover_ratio,market_cap,circulating_market_cap,pe_ratio,pb_ratio"
2023-07-12,601187.XSHG,0.8038,133.8038,60.3947,5.1462,0.5937,"day,code,turnover_ratio,market_cap,circulating_market_cap,pe_ratio,pb_ratio"
2023-07-13,601187.XSHG,0.7375,135.3873,61.1095,5.2071,0.6007,"day,code,turnover_ratio,market_cap,circulating_market_cap,pe_ratio,pb_ratio"
2023-07-14,601187.XSHG,0.5345,134.5955,60.7521,5.1767,0.5972,"day,code,turnover_ratio,market_cap,circulating_market_cap,pe_ratio,pb_ratio"
2023-07-17,601187.XSHG,0.3542,134.3316,60.633,5.1665,0.596,"day,code,turnover_ratio,market_cap,circulating_market_cap,pe_ratio,pb_ratio"
2023-07-18,601187.XSHG,0.3788,134.5955,60.7521,5.1767,0.5972,"day,code,turnover_ratio,market_cap,circulating_market_cap,pe_ratio,pb_ratio"
2023-07-19,601187.XSHG,0.5431,135.3873,61.1095,5.2071,0.6007,"day,code,turnover_ratio,market_cap,circulating_market_cap,pe_ratio,pb_ratio"
2023-07-20,601187.XSHG,0.5916,134.5955,60.7521,5.1767,0.5972,"day,code,turnover_ratio,market_cap,circulating_market_cap,pe_ratio,pb_ratio"
2023-07-21,601187.XSHG,0.5945,135.6512,61.2286,5.2173,0.6019,"day,code,turnover_ratio,market_cap,circulating_market_cap,pe_ratio,pb_ratio"
2023-07-24,601187.XSHG,0.7325,135.9151,61.3477,5.2274,0.603,"day,code,turnover_ratio,market_cap,circulating_market_cap,pe_ratio,pb_ratio"
2023-07-25,601187.XSHG,1.5204,138.2903,62.4198,5.3188,0.6136,"day,code,turnover_ratio,market_cap,circulating_market_cap,pe_ratio,pb_ratio"
2023-07-26,601187.XSHG,0.7103,138.8181,62.6581,5.3391,0.6159,"day,code,turnover_ratio,market_cap,circulating_market_cap,pe_ratio,pb_ratio"
2023-07-27,601187.XSHG,0.7993,139.6099,63.0154,5.3695,0.6194,"day,code,turnover_ratio,market_cap,circulating_market_cap,pe_ratio,pb_ratio"
2023-07-28,601187.XSHG,2.3349,144.3603,65.1596,5.5522,0.6405,"day,code,turnover_ratio,market_cap,circulating_market_cap,pe_ratio,pb_ratio"
2023-07-31,601187.XSHG,3.7288,149.6386,67.5421,5.7552,0.6639,"day,code,turnover_ratio,market_cap,circulating_market_cap,pe_ratio,pb_ratio"
2023-08-01,601187.XSHG,1.7745,149.6386,67.5421,5.7552,0.6639,"day,code,turnover_ratio,market_cap,circulating_market_cap,pe_ratio,pb_ratio"
2023-08-02,601187.XSHG,1.636,148.319,66.9464,5.7045,0.6581,"day,code,turnover_ratio,market_cap,circulating_market_cap,pe_ratio,pb_ratio"
2023-08-03,601187.XSHG,1.5752,150.9581,68.1377,5.806,0.6698,"day,code,turnover_ratio,market_cap,circulating_market_cap,pe_ratio,pb_ratio"
2023-08-04,601187.XSHG,1.875,151.4859,68.3759,5.8263,0.6721,"day,code,turnover_ratio,market_cap,circulating_market_cap,pe_ratio,pb_ratio"
2023-08-07,601187.XSHG,1.4334,150.1664,67.7803,5.7755,0.6663,"day,code,turnover_ratio,market_cap,circulating_market_cap,pe_ratio,pb_ratio"
2023-08-08,601187.XSHG,1.0612,149.6386,67.5421,5.7552,0.6639,"day,code,turnover_ratio,market_cap,circulating_market_cap,pe_ratio,pb_ratio"
2023-08-09,601187.XSHG,0.9735,150.6942,68.0185,5.7958,0.6686,"day,code,turnover_ratio,market_cap,circulating_market_cap,pe_ratio,pb_ratio"
2023-08-10,601187.XSHG,0.9798,149.9025,67.6612,5.7654,0.6651,"day,code,turnover_ratio,market_cap,circulating_market_cap,pe_ratio,pb_ratio"
2023-08-11,601187.XSHG,0.915,146.7355,66.2317,5.6436,0.651,"day,code,turnover_ratio,market_cap,circulating_market_cap,pe_ratio,pb_ratio"
2023-08-14,601187.XSHG,0.7734,145.6799,65.7552,5.603,0.6464,"day,code,turnover_ratio,market_cap,circulating_market_cap,pe_ratio,pb_ratio"
2023-08-15,601187.XSHG,0.8346,147.5272,66.5891,5.674,0.6546,"day,code,turnover_ratio,market_cap,circulating_market_cap,pe_ratio,pb_ratio"
2023-08-16,601187.XSHG,0.6575,147.7912,66.7082,5.6842,0.6557,"day,code,turnover_ratio,market_cap,circulating_market_cap,pe_ratio,pb_ratio"
2023-08-17,601187.XSHG,0.7708,146.7355,66.2317,5.6436,0.651,"day,code,turnover_ratio,market_cap,circulating_market_cap,pe_ratio,pb_ratio"
2023-08-18,601187.XSHG,1.1239,146.9994,66.3508,5.6537,0.6522,"day,code,turnover_ratio,market_cap,circulating_market_cap,pe_ratio,pb_ratio"
2023-08-21,601187.XSHG,1.0436,146.2077,65.9935,5.6233,0.6487,"day,code,turnover_ratio,market_cap,circulating_market_cap,pe_ratio,pb_ratio"
2023-08-22,601187.XSHG,0.8249,146.9994,66.3508,5.6537,0.6522,"day,code,turnover_ratio,market_cap,circulating_market_cap,pe_ratio,pb_ratio"
2023-08-23,601187.XSHG,0.6213,146.4716,66.1126,5.6334,0.6499,"day,code,turnover_ratio,market_cap,circulating_market_cap,pe_ratio,pb_ratio"
2023-08-24,601187.XSHG,0.7092,144.6242,65.2787,5.5624,0.6417,"day,code,turnover_ratio,market_cap,circulating_market_cap,pe_ratio,pb_ratio"
2023-08-25,601187.XSHG,0.7951,145.9438,65.8743,5.6131,0.6475,"day,code,turnover_ratio,market_cap,circulating_market_cap,pe_ratio,pb_ratio"
2023-08-28,601187.XSHG,1.5926,147.7912,66.7082,5.6842,0.6557,"day,code,turnover_ratio,market_cap,circulating_market_cap,pe_ratio,pb_ratio"
2023-08-29,601187.XSHG,1.8572,145.152,65.517,5.3715,0.6411,"day,code,turnover_ratio,market_cap,circulating_market_cap,pe_ratio,pb_ratio"
2023-08-30,601187.XSHG,1.5659,141.9851,64.0875,5.2544,0.6271,"day,code,turnover_ratio,market_cap,circulating_market_cap,pe_ratio,pb_ratio"
2023-08-31,601187.XSHG,0.8412,141.1933,63.7302,5.2251,0.6236,"day,code,turnover_ratio,market_cap,circulating_market_cap,pe_ratio,pb_ratio"
2023-09-01,601187.XSHG,1.172,142.7768,64.4449,5.2837,0.6306,"day,code,turnover_ratio,market_cap,circulating_market_cap,pe_ratio,pb_ratio"
2023-09-04,601187.XSHG,1.654,146.2077,65.9935,5.4106,0.6458,"day,code,turnover_ratio,market_cap,circulating_market_cap,pe_ratio,pb_ratio"
2023-09-05,601187.XSHG,1.0612,143.3046,64.6831,5.3032,0.633,"day,code,turnover_ratio,market_cap,circulating_market_cap,pe_ratio,pb_ratio"
2023-09-06,601187.XSHG,0.5726,143.8325,64.9214,5.3227,0.6353,"day,code,turnover_ratio,market_cap,circulating_market_cap,pe_ratio,pb_ratio"
2023-09-07,601187.XSHG,0.726,144.0964,65.0405,5.3325,0.6365,"day,code,turnover_ratio,market_cap,circulating_market_cap,pe_ratio,pb_ratio"
2023-09-08,601187.XSHG,0.7349,145.4159,65.6361,5.3813,0.6423,"day,code,turnover_ratio,market_cap,circulating_market_cap,pe_ratio,pb_ratio"
2023-09-11,601187.XSHG,0.6803,145.6799,65.7552,5.3911,0.6435,"day,code,turnover_ratio,market_cap,circulating_market_cap,pe_ratio,pb_ratio"
2023-09-12,601187.XSHG,0.4643,144.0964,65.0405,5.3325,0.6365,"day,code,turnover_ratio,market_cap,circulating_market_cap,pe_ratio,pb_ratio"
2023-09-13,601187.XSHG,1.7413,145.4159,65.6361,5.3813,0.6423,"day,code,turnover_ratio,market_cap,circulating_market_cap,pe_ratio,pb_ratio"
2023-09-14,601187.XSHG,1.1971,145.6799,65.7552,5.3911,0.6435,"day,code,turnover_ratio,market_cap,circulating_market_cap,pe_ratio,pb_ratio"
2023-09-15,601187.XSHG,1.9469,147.5272,66.5891,5.4594,0.6516,"day,code,turnover_ratio,market_cap,circulating_market_cap,pe_ratio,pb_ratio"
2023-09-18,601187.XSHG,1.4473,145.9438,65.8743,5.4008,0.6446,"day,code,turnover_ratio,market_cap,circulating_market_cap,pe_ratio,pb_ratio"
2023-09-19,601187.XSHG,0.9714,146.4716,66.1126,5.4204,0.647,"day,code,turnover_ratio,market_cap,circulating_market_cap,pe_ratio,pb_ratio"
2023-09-20,601187.XSHG,1.4586,148.319,66.9464,5.4887,0.6551,"day,code,turnover_ratio,market_cap,circulating_market_cap,pe_ratio,pb_ratio"
2023-09-21,601187.XSHG,1.0235,147.2633,66.47,5.4497,0.6504,"day,code,turnover_ratio,market_cap,circulating_market_cap,pe_ratio,pb_ratio"
2023-09-22,601187.XSHG,1.3287,148.319,66.9464,5.4887,0.6551,"day,code,turnover_ratio,market_cap,circulating_market_cap,pe_ratio,pb_ratio"
2023-09-25,601187.XSHG,1.499,149.6386,67.5421,5.5376,0.6609,"day,code,turnover_ratio,market_cap,circulating_market_cap,pe_ratio,pb_ratio"
2023-09-26,601187.XSHG,0.9101,148.319,66.9464,5.4887,0.6551,"day,code,turnover_ratio,market_cap,circulating_market_cap,pe_ratio,pb_ratio"
2023-09-27,601187.XSHG,0.9019,146.9994,66.3508,5.4399,0.6493,"day,code,turnover_ratio,market_cap,circulating_market_cap,pe_ratio,pb_ratio"
2023-09-28,601187.XSHG,0.7111,146.4716,66.1126,5.4204,0.647,"day,code,turnover_ratio,market_cap,circulating_market_cap,pe_ratio,pb_ratio"
2023-10-09,601187.XSHG,1.038,145.4159,65.6361,5.3813,0.6423,"day,code,turnover_ratio,market_cap,circulating_market_cap,pe_ratio,pb_ratio"
2023-10-10,601187.XSHG,0.7203,144.8881,65.3979,5.3618,0.64,"day,code,turnover_ratio,market_cap,circulating_market_cap,pe_ratio,pb_ratio"
2023-10-11,601187.XSHG,0.9432,144.0964,65.0405,5.3325,0.6365,"day,code,turnover_ratio,market_cap,circulating_market_cap,pe_ratio,pb_ratio"
2023-10-12,601187.XSHG,1.2693,145.9438,65.8743,5.4008,0.6446,"day,code,turnover_ratio,market_cap,circulating_market_cap,pe_ratio,pb_ratio"
2023-10-13,601187.XSHG,1.4304,147.7912,66.7082,5.4692,0.6528,"day,code,turnover_ratio,market_cap,circulating_market_cap,pe_ratio,pb_ratio"
2023-10-16,601187.XSHG,0.9361,147.2633,66.47,5.4497,0.6504,"day,code,turnover_ratio,market_cap,circulating_market_cap,pe_ratio,pb_ratio"
2023-10-17,601187.XSHG,0.657,147.7912,66.7082,5.4692,0.6528,"day,code,turnover_ratio,market_cap,circulating_market_cap,pe_ratio,pb_ratio"
2023-10-18,601187.XSHG,0.7316,146.2077,65.9935,5.4106,0.6458,"day,code,turnover_ratio,market_cap,circulating_market_cap,pe_ratio,pb_ratio"
2023-10-19,601187.XSHG,1.2768,143.0407,64.564,5.2934,0.6318,"day,code,turnover_ratio,market_cap,circulating_market_cap,pe_ratio,pb_ratio"
2023-10-20,601187.XSHG,0.7261,143.5686,64.8023,5.3129,0.6341,"day,code,turnover_ratio,market_cap,circulating_market_cap,pe_ratio,pb_ratio"
2023-10-23,601187.XSHG,0.823,140.4016,63.3728,5.1958,0.6201,"day,code,turnover_ratio,market_cap,circulating_market_cap,pe_ratio,pb_ratio"
2023-10-24,601187.XSHG,0.7831,141.1933,63.7302,5.2251,0.6236,"day,code,turnover_ratio,market_cap,circulating_market_cap,pe_ratio,pb_ratio"
2023-10-25,601187.XSHG,0.7483,141.1933,63.7302,5.2251,0.6236,"day,code,turnover_ratio,market_cap,circulating_market_cap,pe_ratio,pb_ratio"
2023-10-26,601187.XSHG,0.7056,141.1933,63.7302,5.2251,0.6236,"day,code,turnover_ratio,market_cap,circulating_market_cap,pe_ratio,pb_ratio"
2023-10-27,601187.XSHG,0.6943,141.7212,68.8691,5.2446,0.626,"day,code,turnover_ratio,market_cap,circulating_market_cap,pe_ratio,pb_ratio"
2023-10-30,601187.XSHG,0.8897,140.1377,68.0996,5.186,0.619,"day,code,turnover_ratio,market_cap,circulating_market_cap,pe_ratio,pb_ratio"
2023-10-31,601187.XSHG,0.8384,139.8738,67.9714,5.0506,0.6017,"day,code,turnover_ratio,market_cap,circulating_market_cap,pe_ratio,pb_ratio"
2023-11-01,601187.XSHG,0.7999,139.6099,67.8431,5.0411,0.6006,"day,code,turnover_ratio,market_cap,circulating_market_cap,pe_ratio,pb_ratio"
2023-11-02,601187.XSHG,1.137,142.249,69.1256,5.1364,0.6119,"day,code,turnover_ratio,market_cap,circulating_market_cap,pe_ratio,pb_ratio"
2023-11-03,601187.XSHG,0.9596,140.6655,68.3561,5.0792,0.6051,"day,code,turnover_ratio,market_cap,circulating_market_cap,pe_ratio,pb_ratio"
2023-11-06,601187.XSHG,0.9759,141.1933,68.6126,5.0983,0.6074,"day,code,turnover_ratio,market_cap,circulating_market_cap,pe_ratio,pb_ratio"
2023-11-07,601187.XSHG,0.8505,139.8738,67.9714,5.0506,0.6017,"day,code,turnover_ratio,market_cap,circulating_market_cap,pe_ratio,pb_ratio"
2023-11-08,601187.XSHG,1.2834,137.4986,66.8171,4.9649,0.5915,"day,code,turnover_ratio,market_cap,circulating_market_cap,pe_ratio,pb_ratio"
2023-11-09,601187.XSHG,0.6012,138.0264,67.0736,4.9839,0.5938,"day,code,turnover_ratio,market_cap,circulating_market_cap,pe_ratio,pb_ratio"
2023-11-10,601187.XSHG,0.5469,137.2347,66.6889,4.9553,0.5903,"day,code,turnover_ratio,market_cap,circulating_market_cap,pe_ratio,pb_ratio"
2023-11-13,601187.XSHG,0.4843,137.7625,66.9454,4.9744,0.5926,"day,code,turnover_ratio,market_cap,circulating_market_cap,pe_ratio,pb_ratio"
2023-11-14,601187.XSHG,0.449,137.7625,66.9454,4.9744,0.5926,"day,code,turnover_ratio,market_cap,circulating_market_cap,pe_ratio,pb_ratio"
2023-11-15,601187.XSHG,0.5321,138.0264,67.0736,4.9839,0.5938,"day,code,turnover_ratio,market_cap,circulating_market_cap,pe_ratio,pb_ratio"
2023-11-16,601187.XSHG,0.3507,137.4986,66.8171,4.9649,0.5915,"day,code,turnover_ratio,market_cap,circulating_market_cap,pe_ratio,pb_ratio"
2023-11-17,601187.XSHG,0.5736,137.2347,66.6889,4.9553,0.5903,"day,code,turnover_ratio,market_cap,circulating_market_cap,pe_ratio,pb_ratio"
2023-11-20,601187.XSHG,0.9257,136.4429,66.3041,4.9267,0.5869,"day,code,turnover_ratio,market_cap,circulating_market_cap,pe_ratio,pb_ratio"
2023-11-21,601187.XSHG,0.975,136.4429,66.3041,4.9267,0.5869,"day,code,turnover_ratio,market_cap,circulating_market_cap,pe_ratio,pb_ratio"
2023-11-22,601187.XSHG,0.8034,135.6512,65.9194,4.8982,0.5835,"day,code,turnover_ratio,market_cap,circulating_market_cap,pe_ratio,pb_ratio"
2023-11-23,601187.XSHG,0.6138,136.4429,66.3041,4.9267,0.5869,"day,code,turnover_ratio,market_cap,circulating_market_cap,pe_ratio,pb_ratio"
2023-11-24,601187.XSHG,0.8038,137.2347,66.6889,4.9553,0.5903,"day,code,turnover_ratio,market_cap,circulating_market_cap,pe_ratio,pb_ratio"
2023-11-27,601187.XSHG,0.7571,136.4429,66.3041,4.9267,0.5869,"day,code,turnover_ratio,market_cap,circulating_market_cap,pe_ratio,pb_ratio"
2023-11-28,601187.XSHG,0.6297,136.179,66.1759,4.9172,0.5858,"day,code,turnover_ratio,market_cap,circulating_market_cap,pe_ratio,pb_ratio"
2023-11-29,601187.XSHG,0.7384,134.3316,65.2782,4.8505,0.5779,"day,code,turnover_ratio,market_cap,circulating_market_cap,pe_ratio,pb_ratio"
2023-11-30,601187.XSHG,0.5168,134.3316,65.2782,4.8505,0.5779,"day,code,turnover_ratio,market_cap,circulating_market_cap,pe_ratio,pb_ratio"
2023-12-01,601187.XSHG,0.6721,135.9151,66.0476,4.9077,0.5847,"day,code,turnover_ratio,market_cap,circulating_market_cap,pe_ratio,pb_ratio"
2023-12-04,601187.XSHG,0.426,135.3873,65.7911,4.8886,0.5824,"day,code,turnover_ratio,market_cap,circulating_market_cap,pe_ratio,pb_ratio"
2023-12-05,601187.XSHG,0.603,134.0677,65.1499,4.841,0.5767,"day,code,turnover_ratio,market_cap,circulating_market_cap,pe_ratio,pb_ratio"
2023-12-06,601187.XSHG,0.4601,134.3316,65.2782,4.8505,0.5779,"day,code,turnover_ratio,market_cap,circulating_market_cap,pe_ratio,pb_ratio"
2023-12-07,601187.XSHG,0.5346,134.8594,65.5347,4.8696,0.5801,"day,code,turnover_ratio,market_cap,circulating_market_cap,pe_ratio,pb_ratio"
2023-12-08,601187.XSHG,0.5231,134.5955,65.4064,4.86,0.579,"day,code,turnover_ratio,market_cap,circulating_market_cap,pe_ratio,pb_ratio"
2023-12-11,601187.XSHG,0.7273,135.6512,65.9194,4.8982,0.5835,"day,code,turnover_ratio,market_cap,circulating_market_cap,pe_ratio,pb_ratio"
2023-12-12,601187.XSHG,0.5029,136.179,66.1759,4.9172,0.5858,"day,code,turnover_ratio,market_cap,circulating_market_cap,pe_ratio,pb_ratio"
2023-12-13,601187.XSHG,0.4398,135.6512,65.9194,4.8982,0.5835,"day,code,turnover_ratio,market_cap,circulating_market_cap,pe_ratio,pb_ratio"
2023-12-14,601187.XSHG,0.34,135.3873,65.7911,4.8886,0.5824,"day,code,turnover_ratio,market_cap,circulating_market_cap,pe_ratio,pb_ratio"
2023-12-15,601187.XSHG,0.5518,134.3316,65.2782,4.8505,0.5779,"day,code,turnover_ratio,market_cap,circulating_market_cap,pe_ratio,pb_ratio"
2023-12-18,601187.XSHG,0.5319,133.5399,64.8934,4.8219,0.5745,"day,code,turnover_ratio,market_cap,circulating_market_cap,pe_ratio,pb_ratio"
2023-12-19,601187.XSHG,0.7295,132.7481,64.5087,4.7933,0.571,"day,code,turnover_ratio,market_cap,circulating_market_cap,pe_ratio,pb_ratio"
2023-12-20,601187.XSHG,0.5587,132.7481,64.5087,4.7933,0.571,"day,code,turnover_ratio,market_cap,circulating_market_cap,pe_ratio,pb_ratio"
2023-12-21,601187.XSHG,0.8403,132.7481,64.5087,4.7933,0.571,"day,code,turnover_ratio,market_cap,circulating_market_cap,pe_ratio,pb_ratio"
2023-12-22,601187.XSHG,0.556,132.4842,64.3804,4.7838,0.5699,"day,code,turnover_ratio,market_cap,circulating_market_cap,pe_ratio,pb_ratio"
2023-12-25,601187.XSHG,0.3875,131.9564,64.1239,4.7647,0.5676,"day,code,turnover_ratio,market_cap,circulating_market_cap,pe_ratio,pb_ratio"
2023-12-26,601187.XSHG,0.3137,131.4286,63.8674,4.7457,0.5654,"day,code,turnover_ratio,market_cap,circulating_market_cap,pe_ratio,pb_ratio"
2023-12-27,601187.XSHG,0.4932,132.7481,64.5087,4.7933,0.571,"day,code,turnover_ratio,market_cap,circulating_market_cap,pe_ratio,pb_ratio"
2023-12-28,601187.XSHG,0.6481,134.3316,65.2782,4.8505,0.5779,"day,code,turnover_ratio,market_cap,circulating_market_cap,pe_ratio,pb_ratio"
2023-12-29,601187.XSHG,0.5612,133.8038,65.0217,4.8314,0.5756,"day,code,turnover_ratio,market_cap,circulating_market_cap,pe_ratio,pb_ratio"
2024-01-02,601187.XSHG,0.6556,133.8038,65.0217,4.8314,0.5756,"day,code,turnover_ratio,market_cap,circulating_market_cap,pe_ratio,pb_ratio"
2024-01-03,601187.XSHG,0.59,134.3316,65.2782,4.8505,0.5779,"day,code,turnover_ratio,market_cap,circulating_market_cap,pe_ratio,pb_ratio"
2024-01-04,601187.XSHG,0.5356,134.5955,65.4064,4.86,0.579,"day,code,turnover_ratio,market_cap,circulating_market_cap,pe_ratio,pb_ratio"
2024-01-05,601187.XSHG,1.6899,136.7068,66.4324,4.9363,0.5881,"day,code,turnover_ratio,market_cap,circulating_market_cap,pe_ratio,pb_ratio"
2024-01-08,601187.XSHG,1.1317,133.5399,64.8934,4.8219,0.5745,"day,code,turnover_ratio,market_cap,circulating_market_cap,pe_ratio,pb_ratio"
2024-01-09,601187.XSHG,1.0059,135.6512,65.9194,4.8982,0.5835,"day,code,turnover_ratio,market_cap,circulating_market_cap,pe_ratio,pb_ratio"
2024-01-10,601187.XSHG,0.5726,134.8594,65.5347,4.8696,0.5801,"day,code,turnover_ratio,market_cap,circulating_market_cap,pe_ratio,pb_ratio"
2024-01-11,601187.XSHG,0.6589,135.6512,65.9194,4.8982,0.5835,"day,code,turnover_ratio,market_cap,circulating_market_cap,pe_ratio,pb_ratio"
2024-01-12,601187.XSHG,0.8475,136.9707,66.5606,4.9458,0.5892,"day,code,turnover_ratio,market_cap,circulating_market_cap,pe_ratio,pb_ratio"
2024-01-15,601187.XSHG,0.6878,137.4986,66.8171,4.9649,0.5915,"day,code,turnover_ratio,market_cap,circulating_market_cap,pe_ratio,pb_ratio"
2024-01-16,601187.XSHG,1.0665,138.2903,67.2019,4.9934,0.5949,"day,code,turnover_ratio,market_cap,circulating_market_cap,pe_ratio,pb_ratio"
2024-01-17,601187.XSHG,1.1057,136.9707,66.5606,4.9458,0.5892,"day,code,turnover_ratio,market_cap,circulating_market_cap,pe_ratio,pb_ratio"
2024-01-18,601187.XSHG,1.3292,135.9151,66.0476,4.9077,0.5847,"day,code,turnover_ratio,market_cap,circulating_market_cap,pe_ratio,pb_ratio"
2024-01-19,601187.XSHG,0.7189,134.8594,65.5347,4.8696,0.5801,"day,code,turnover_ratio,market_cap,circulating_market_cap,pe_ratio,pb_ratio"
2024-01-22,601187.XSHG,1.3433,130.3729,63.3544,4.7076,0.5608,"day,code,turnover_ratio,market_cap,circulating_market_cap,pe_ratio,pb_ratio"
2024-01-23,601187.XSHG,1.1816,130.6368,63.4827,4.7171,0.562,"day,code,turnover_ratio,market_cap,circulating_market_cap,pe_ratio,pb_ratio"
2024-01-24,601187.XSHG,1.3163,134.0677,65.1499,4.841,0.5767,"day,code,turnover_ratio,market_cap,circulating_market_cap,pe_ratio,pb_ratio"
2024-01-25,601187.XSHG,1.3787,136.7068,66.4324,4.9363,0.5881,"day,code,turnover_ratio,market_cap,circulating_market_cap,pe_ratio,pb_ratio"
2024-01-26,601187.XSHG,2.5184,139.8738,67.9714,5.0506,0.6017,"day,code,turnover_ratio,market_cap,circulating_market_cap,pe_ratio,pb_ratio"
2024-01-29,601187.XSHG,1.9152,139.082,67.5866,5.022,0.5983,"day,code,turnover_ratio,market_cap,circulating_market_cap,pe_ratio,pb_ratio"
2024-01-30,601187.XSHG,1.2482,135.9151,66.0476,4.9077,0.5847,"day,code,turnover_ratio,market_cap,circulating_market_cap,pe_ratio,pb_ratio"
2024-01-31,601187.XSHG,1.2603,134.0677,65.1499,4.841,0.5767,"day,code,turnover_ratio,market_cap,circulating_market_cap,pe_ratio,pb_ratio"
2024-02-01,601187.XSHG,1.3294,132.2203,64.2522,4.9688,0.4426,"day,code,turnover_ratio,market_cap,circulating_market_cap,pe_ratio,pb_ratio"
2024-02-02,601187.XSHG,1.7169,131.6925,63.9957,4.949,0.4409,"day,code,turnover_ratio,market_cap,circulating_market_cap,pe_ratio,pb_ratio"
2024-02-05,601187.XSHG,2.2715,130.6368,63.4827,4.9093,0.4373,"day,code,turnover_ratio,market_cap,circulating_market_cap,pe_ratio,pb_ratio"
2024-02-06,601187.XSHG,2.2583,134.0677,65.1499,5.0382,0.4488,"day,code,turnover_ratio,market_cap,circulating_market_cap,pe_ratio,pb_ratio"
2024-02-07,601187.XSHG,3.1785,138.8181,67.4584,5.2168,0.4647,"day,code,turnover_ratio,market_cap,circulating_market_cap,pe_ratio,pb_ratio"
2024-02-08,601187.XSHG,2.5746,139.082,67.5866,5.2267,0.4656,"day,code,turnover_ratio,market_cap,circulating_market_cap,pe_ratio,pb_ratio"
2024-02-19,601187.XSHG,1.8561,138.0264,67.0736,5.187,0.4621,"day,code,turnover_ratio,market_cap,circulating_market_cap,pe_ratio,pb_ratio"
2024-02-20,601187.XSHG,1.5991,138.0264,67.0736,5.187,0.4621,"day,code,turnover_ratio,market_cap,circulating_market_cap,pe_ratio,pb_ratio"
2024-02-21,601187.XSHG,2.5253,140.4016,68.2279,5.2763,0.47,"day,code,turnover_ratio,market_cap,circulating_market_cap,pe_ratio,pb_ratio"
2024-02-22,601187.XSHG,1.3658,140.6655,68.3561,5.2862,0.4709,"day,code,turnover_ratio,market_cap,circulating_market_cap,pe_ratio,pb_ratio"
2024-02-23,601187.XSHG,1.3294,141.1933,68.6126,5.306,0.4727,"day,code,turnover_ratio,market_cap,circulating_market_cap,pe_ratio,pb_ratio"
2024-02-26,601187.XSHG,1.4504,138.5542,67.3301,5.2068,0.4638,"day,code,turnover_ratio,market_cap,circulating_market_cap,pe_ratio,pb_ratio"
2024-02-27,601187.XSHG,0.9718,138.8181,67.4584,5.2168,0.4647,"day,code,turnover_ratio,market_cap,circulating_market_cap,pe_ratio,pb_ratio"
2024-02-28,601187.XSHG,3.157,141.4573,68.7408,5.3159,0.4736,"day,code,turnover_ratio,market_cap,circulating_market_cap,pe_ratio,pb_ratio"
2024-02-29,601187.XSHG,2.0961,141.7212,68.8691,5.3259,0.4744,"day,code,turnover_ratio,market_cap,circulating_market_cap,pe_ratio,pb_ratio"
2024-03-01,601187.XSHG,1.4424,140.4016,68.2279,5.2763,0.47,"day,code,turnover_ratio,market_cap,circulating_market_cap,pe_ratio,pb_ratio"
2024-03-04,601187.XSHG,1.8497,138.8181,67.4584,5.2168,0.4647,"day,code,turnover_ratio,market_cap,circulating_market_cap,pe_ratio,pb_ratio"
2024-03-05,601187.XSHG,1.1344,139.346,67.7149,5.2366,0.4665,"day,code,turnover_ratio,market_cap,circulating_market_cap,pe_ratio,pb_ratio"
2024-03-06,601187.XSHG,1.0899,138.2903,67.2019,5.1969,0.463,"day,code,turnover_ratio,market_cap,circulating_market_cap,pe_ratio,pb_ratio"
2024-03-07,601187.XSHG,1.1063,138.5542,67.3301,5.2068,0.4638,"day,code,turnover_ratio,market_cap,circulating_market_cap,pe_ratio,pb_ratio"
2024-03-08,601187.XSHG,0.8594,139.6099,67.8431,5.2465,0.4674,"day,code,turnover_ratio,market_cap,circulating_market_cap,pe_ratio,pb_ratio"
2024-03-11,601187.XSHG,0.8613,139.6099,67.8431,5.2465,0.4674,"day,code,turnover_ratio,market_cap,circulating_market_cap,pe_ratio,pb_ratio"
2024-03-12,601187.XSHG,0.9509,138.5542,67.3301,5.2068,0.4638,"day,code,turnover_ratio,market_cap,circulating_market_cap,pe_ratio,pb_ratio"
2024-03-13,601187.XSHG,0.9118,138.2903,67.2019,5.1969,0.463,"day,code,turnover_ratio,market_cap,circulating_market_cap,pe_ratio,pb_ratio"
2024-03-14,601187.XSHG,0.7014,138.0264,67.0736,5.187,0.4621,"day,code,turnover_ratio,market_cap,circulating_market_cap,pe_ratio,pb_ratio"
2024-03-15,601187.XSHG,0.8408,138.2903,67.2019,5.1969,0.463,"day,code,turnover_ratio,market_cap,circulating_market_cap,pe_ratio,pb_ratio"
2024-03-18,601187.XSHG,0.7646,138.8181,67.4584,5.2168,0.4647,"day,code,turnover_ratio,market_cap,circulating_market_cap,pe_ratio,pb_ratio"
2024-03-19,601187.XSHG,0.6798,137.4986,66.8171,5.1672,0.4603,"day,code,turnover_ratio,market_cap,circulating_market_cap,pe_ratio,pb_ratio"
2024-03-20,601187.XSHG,0.6148,138.0264,67.0736,5.187,0.4621,"day,code,turnover_ratio,market_cap,circulating_market_cap,pe_ratio,pb_ratio"
2024-03-21,601187.XSHG,0.8587,138.5542,67.3301,5.2068,0.4638,"day,code,turnover_ratio,market_cap,circulating_market_cap,pe_ratio,pb_ratio"
2024-03-22,601187.XSHG,0.9796,137.7625,66.9454,5.1771,0.4612,"day,code,turnover_ratio,market_cap,circulating_market_cap,pe_ratio,pb_ratio"
2024-03-25,601187.XSHG,0.8703,137.7625,66.9454,5.1771,0.4612,"day,code,turnover_ratio,market_cap,circulating_market_cap,pe_ratio,pb_ratio"
2024-03-26,601187.XSHG,1.0381,139.346,67.7149,5.2366,0.4665,"day,code,turnover_ratio,market_cap,circulating_market_cap,pe_ratio,pb_ratio"
2024-03-27,601187.XSHG,1.2084,138.8181,67.4584,5.2168,0.4647,"day,code,turnover_ratio,market_cap,circulating_market_cap,pe_ratio,pb_ratio"
2024-03-28,601187.XSHG,1.2548,137.4986,66.8171,5.1672,0.4603,"day,code,turnover_ratio,market_cap,circulating_market_cap,pe_ratio,pb_ratio"
2024-03-29,601187.XSHG,0.9177,137.7625,66.9454,5.1771,0.4612,"day,code,turnover_ratio,market_cap,circulating_market_cap,pe_ratio,pb_ratio"
2024-04-01,601187.XSHG,1.0752,139.346,67.7149,5.2366,0.4665,"day,code,turnover_ratio,market_cap,circulating_market_cap,pe_ratio,pb_ratio"
2024-04-02,601187.XSHG,1.2957,139.6099,67.8431,5.2465,0.4674,"day,code,turnover_ratio,market_cap,circulating_market_cap,pe_ratio,pb_ratio"
2024-04-03,601187.XSHG,1.0279,140.6655,68.3561,5.2862,0.4709,"day,code,turnover_ratio,market_cap,circulating_market_cap,pe_ratio,pb_ratio"
2024-04-08,601187.XSHG,1.2582,140.6655,68.3561,5.2862,0.4709,"day,code,turnover_ratio,market_cap,circulating_market_cap,pe_ratio,pb_ratio"
2024-04-09,601187.XSHG,1.1985,141.9851,68.9973,5.3358,0.4753,"day,code,turnover_ratio,market_cap,circulating_market_cap,pe_ratio,pb_ratio"
2024-04-10,601187.XSHG,1.4691,141.4573,68.7408,5.3159,0.4736,"day,code,turnover_ratio,market_cap,circulating_market_cap,pe_ratio,pb_ratio"
2024-04-11,601187.XSHG,1.0034,141.7212,68.8691,5.3259,0.4744,"day,code,turnover_ratio,market_cap,circulating_market_cap,pe_ratio,pb_ratio"
2024-04-12,601187.XSHG,0.8371,140.1377,68.0996,5.2664,0.4691,"day,code,turnover_ratio,market_cap,circulating_market_cap,pe_ratio,pb_ratio"
2024-04-15,601187.XSHG,1.3902,142.5129,69.2538,5.3556,0.4771,"day,code,turnover_ratio,market_cap,circulating_market_cap,pe_ratio,pb_ratio"
2024-04-16,601187.XSHG,1.354,139.8738,67.9714,5.2564,0.4683,"day,code,turnover_ratio,market_cap,circulating_market_cap,pe_ratio,pb_ratio"
2024-04-17,601187.XSHG,1.9814,143.8325,69.8951,5.4052,0.4815,"day,code,turnover_ratio,market_cap,circulating_market_cap,pe_ratio,pb_ratio"
2024-04-18,601187.XSHG,2.032,144.3603,70.1516,5.425,0.4833,"day,code,turnover_ratio,market_cap,circulating_market_cap,pe_ratio,pb_ratio"
2024-04-19,601187.XSHG,1.2175,144.3603,70.1516,5.425,0.4833,"day,code,turnover_ratio,market_cap,circulating_market_cap,pe_ratio,pb_ratio"
2024-04-22,601187.XSHG,1.1136,143.8325,69.8951,5.4052,0.4815,"day,code,turnover_ratio,market_cap,circulating_market_cap,pe_ratio,pb_ratio"
2024-04-23,601187.XSHG,0.9987,142.7768,69.3821,5.3655,0.478,"day,code,turnover_ratio,market_cap,circulating_market_cap,pe_ratio,pb_ratio"
2024-04-24,601187.XSHG,0.8671,141.9851,68.9973,5.3358,0.4753,"day,code,turnover_ratio,market_cap,circulating_market_cap,pe_ratio,pb_ratio"
2024-04-25,601187.XSHG,1.0894,144.8881,70.4081,5.4449,0.485,"day,code,turnover_ratio,market_cap,circulating_market_cap,pe_ratio,pb_ratio"
2024-04-26,601187.XSHG,1.6474,143.3046,69.6386,5.3854,0.4797,"day,code,turnover_ratio,market_cap,circulating_market_cap,pe_ratio,pb_ratio"
2024-04-29,601187.XSHG,1.5665,145.152,70.5363,5.4548,0.4859,"day,code,turnover_ratio,market_cap,circulating_market_cap,pe_ratio,pb_ratio"
2024-04-30,601187.XSHG,1.6803,146.9994,71.4341,5.454,0.593,"day,code,turnover_ratio,market_cap,circulating_market_cap,pe_ratio,pb_ratio"
2024-05-06,601187.XSHG,1.5627,147.5272,71.6905,5.4736,0.5951,"day,code,turnover_ratio,market_cap,circulating_market_cap,pe_ratio,pb_ratio"
2024-05-07,601187.XSHG,0.9694,146.7355,71.3058,5.4442,0.5919,"day,code,turnover_ratio,market_cap,circulating_market_cap,pe_ratio,pb_ratio"
2024-05-08,601187.XSHG,1.0249,146.4716,71.1776,5.4345,0.5909,"day,code,turnover_ratio,market_cap,circulating_market_cap,pe_ratio,pb_ratio"
2024-05-09,601187.XSHG,1.2187,148.8468,72.3318,5.5226,0.6005,"day,code,turnover_ratio,market_cap,circulating_market_cap,pe_ratio,pb_ratio"
2024-05-10,601187.XSHG,0.8143,149.3746,72.5883,5.5422,0.6026,"day,code,turnover_ratio,market_cap,circulating_market_cap,pe_ratio,pb_ratio"
2024-05-13,601187.XSHG,1.2385,150.1664,72.973,5.5715,0.6058,"day,code,turnover_ratio,market_cap,circulating_market_cap,pe_ratio,pb_ratio"
2024-05-14,601187.XSHG,0.9682,149.1107,72.46,5.5324,0.6015,"day,code,turnover_ratio,market_cap,circulating_market_cap,pe_ratio,pb_ratio"
2024-05-15,601187.XSHG,0.8381,149.3746,72.5883,5.5422,0.6026,"day,code,turnover_ratio,market_cap,circulating_market_cap,pe_ratio,pb_ratio"
2024-05-16,601187.XSHG,1.916,152.2777,73.999,5.6499,0.6143,"day,code,turnover_ratio,market_cap,circulating_market_cap,pe_ratio,pb_ratio"
2024-05-17,601187.XSHG,1.5183,155.1807,75.4097,5.7576,0.626,"day,code,turnover_ratio,market_cap,circulating_market_cap,pe_ratio,pb_ratio"
2024-05-20,601187.XSHG,1.4842,153.5972,74.6402,5.6988,0.6196,"day,code,turnover_ratio,market_cap,circulating_market_cap,pe_ratio,pb_ratio"
2024-05-21,601187.XSHG,1.5204,155.9725,75.7945,5.787,0.6292,"day,code,turnover_ratio,market_cap,circulating_market_cap,pe_ratio,pb_ratio"
2024-05-22,601187.XSHG,2.2273,158.6116,77.077,5.8849,0.6399,"day,code,turnover_ratio,market_cap,circulating_market_cap,pe_ratio,pb_ratio"
2024-05-23,601187.XSHG,1.5301,157.292,76.4357,5.8359,0.6345,"day,code,turnover_ratio,market_cap,circulating_market_cap,pe_ratio,pb_ratio"
2024-05-24,601187.XSHG,1.6718,157.5559,76.564,5.8457,0.6356,"day,code,turnover_ratio,market_cap,circulating_market_cap,pe_ratio,pb_ratio"
2024-05-27,601187.XSHG,1.4364,159.1394,77.3335,5.9045,0.642,"day,code,turnover_ratio,market_cap,circulating_market_cap,pe_ratio,pb_ratio"
2024-05-28,601187.XSHG,1.295,156.7642,76.1792,5.8163,0.6324,"day,code,turnover_ratio,market_cap,circulating_market_cap,pe_ratio,pb_ratio"
2024-05-29,601187.XSHG,1.5239,155.7085,75.6662,5.7772,0.6281,"day,code,turnover_ratio,market_cap,circulating_market_cap,pe_ratio,pb_ratio"
2024-05-30,601187.XSHG,1.0815,154.389,75.025,5.7282,0.6228,"day,code,turnover_ratio,market_cap,circulating_market_cap,pe_ratio,pb_ratio"
2024-05-31,601187.XSHG,0.9296,154.6529,75.1532,5.738,0.6239,"day,code,turnover_ratio,market_cap,circulating_market_cap,pe_ratio,pb_ratio"
2024-06-03,601187.XSHG,1.5853,150.9581,73.3578,5.6009,0.609,"day,code,turnover_ratio,market_cap,circulating_market_cap,pe_ratio,pb_ratio"
2024-06-04,601187.XSHG,1.6069,153.0694,74.3838,5.6792,0.6175,"day,code,turnover_ratio,market_cap,circulating_market_cap,pe_ratio,pb_ratio"
2024-06-05,601187.XSHG,1.2378,149.1107,72.46,5.5324,0.6015,"day,code,turnover_ratio,market_cap,circulating_market_cap,pe_ratio,pb_ratio"
2024-06-06,601187.XSHG,1.2219,147.5272,71.6905,5.4736,0.5951,"day,code,turnover_ratio,market_cap,circulating_market_cap,pe_ratio,pb_ratio"
2024-06-07,601187.XSHG,1.1935,149.1107,72.46,5.5324,0.6015,"day,code,turnover_ratio,market_cap,circulating_market_cap,pe_ratio,pb_ratio"
2024-06-11,601187.XSHG,1.3807,146.2077,71.0493,5.4247,0.5898,"day,code,turnover_ratio,market_cap,circulating_market_cap,pe_ratio,pb_ratio"
2024-06-12,601187.XSHG,1.355,145.6799,70.7928,5.4051,0.5877,"day,code,turnover_ratio,market_cap,circulating_market_cap,pe_ratio,pb_ratio"
2024-06-13,601187.XSHG,1.5719,144.3603,70.1516,5.3561,0.5824,"day,code,turnover_ratio,market_cap,circulating_market_cap,pe_ratio,pb_ratio"
2024-06-14,601187.XSHG,2.878,137.4986,66.8171,5.1015,0.5547,"day,code,turnover_ratio,market_cap,circulating_market_cap,pe_ratio,pb_ratio"
2024-06-17,601187.XSHG,1.8439,137.2347,66.6889,5.0917,0.5536,"day,code,turnover_ratio,market_cap,circulating_market_cap,pe_ratio,pb_ratio"
2024-06-18,601187.XSHG,1.1117,138.2903,67.2019,5.1309,0.5579,"day,code,turnover_ratio,market_cap,circulating_market_cap,pe_ratio,pb_ratio"
2024-06-19,601187.XSHG,1.1118,139.082,67.5866,5.1603,0.5611,"day,code,turnover_ratio,market_cap,circulating_market_cap,pe_ratio,pb_ratio"
2024-06-20,601187.XSHG,0.9268,137.7625,66.9454,5.1113,0.5557,"day,code,turnover_ratio,market_cap,circulating_market_cap,pe_ratio,pb_ratio"
2024-06-21,601187.XSHG,0.6375,138.0264,67.0736,5.1211,0.5568,"day,code,turnover_ratio,market_cap,circulating_market_cap,pe_ratio,pb_ratio"
2024-06-24,601187.XSHG,1.2201,134.8594,65.5347,5.0036,0.544,"day,code,turnover_ratio,market_cap,circulating_market_cap,pe_ratio,pb_ratio"
2024-06-25,601187.XSHG,0.9464,136.4429,66.3041,5.0624,0.5504,"day,code,turnover_ratio,market_cap,circulating_market_cap,pe_ratio,pb_ratio"
2024-06-26,601187.XSHG,0.8323,137.7625,66.9454,5.1113,0.5557,"day,code,turnover_ratio,market_cap,circulating_market_cap,pe_ratio,pb_ratio"
2024-06-27,601187.XSHG,0.817,138.0264,67.0736,5.1211,0.5568,"day,code,turnover_ratio,market_cap,circulating_market_cap,pe_ratio,pb_ratio"
2024-06-28,601187.XSHG,1.4237,140.6655,68.3561,5.219,0.5675,"day,code,turnover_ratio,market_cap,circulating_market_cap,pe_ratio,pb_ratio"
2024-07-01,601187.XSHG,1.1016,142.249,69.1256,5.2778,0.5738,"day,code,turnover_ratio,market_cap,circulating_market_cap,pe_ratio,pb_ratio"
2024-07-02,601187.XSHG,1.1427,144.3603,70.1516,5.3561,0.5824,"day,code,turnover_ratio,market_cap,circulating_market_cap,pe_ratio,pb_ratio"
2024-07-03,601187.XSHG,0.9241,142.7768,69.3821,5.2974,0.576,"day,code,turnover_ratio,market_cap,circulating_market_cap,pe_ratio,pb_ratio"
2024-07-04,601187.XSHG,0.9166,141.1933,68.6126,5.2386,0.5696,"day,code,turnover_ratio,market_cap,circulating_market_cap,pe_ratio,pb_ratio"
2024-07-05,601187.XSHG,1.0718,138.2903,67.2019,5.1309,0.5579,"day,code,turnover_ratio,market_cap,circulating_market_cap,pe_ratio,pb_ratio"
2024-07-08,601187.XSHG,0.9585,136.7068,66.4324,5.0722,0.5515,"day,code,turnover_ratio,market_cap,circulating_market_cap,pe_ratio,pb_ratio"
2024-07-09,601187.XSHG,1.0102,139.082,67.5866,5.1603,0.5611,"day,code,turnover_ratio,market_cap,circulating_market_cap,pe_ratio,pb_ratio"
2024-07-10,601187.XSHG,0.7841,137.7625,66.9454,5.1113,0.5557,"day,code,turnover_ratio,market_cap,circulating_market_cap,pe_ratio,pb_ratio"
2024-07-11,601187.XSHG,1.0749,137.4986,66.8171,5.1015,0.5547,"day,code,turnover_ratio,market_cap,circulating_market_cap,pe_ratio,pb_ratio"
2024-07-12,601187.XSHG,1.1075,139.346,67.7149,5.1701,0.5621,"day,code,turnover_ratio,market_cap,circulating_market_cap,pe_ratio,pb_ratio"
2024-07-15,601187.XSHG,0.9439,140.6655,68.3561,5.219,0.5675,"day,code,turnover_ratio,market_cap,circulating_market_cap,pe_ratio,pb_ratio"
2024-07-16,601187.XSHG,0.9977,139.346,67.7149,5.1701,0.5621,"day,code,turnover_ratio,market_cap,circulating_market_cap,pe_ratio,pb_ratio"
2024-07-17,601187.XSHG,1.2997,141.1933,68.6126,5.2386,0.5696,"day,code,turnover_ratio,market_cap,circulating_market_cap,pe_ratio,pb_ratio"
2024-07-18,601187.XSHG,1.1031,140.6655,68.3561,5.219,0.5675,"day,code,turnover_ratio,market_cap,circulating_market_cap,pe_ratio,pb_ratio"
2024-07-19,601187.XSHG,0.8459,139.346,67.7149,5.1701,0.5621,"day,code,turnover_ratio,market_cap,circulating_market_cap,pe_ratio,pb_ratio"
2024-07-22,601187.XSHG,1.1393,137.2347,66.6889,5.0917,0.5536,"day,code,turnover_ratio,market_cap,circulating_market_cap,pe_ratio,pb_ratio"
2024-07-23,601187.XSHG,1.171,137.4986,66.8171,5.1015,0.5547,"day,code,turnover_ratio,market_cap,circulating_market_cap,pe_ratio,pb_ratio"
2024-07-24,601187.XSHG,0.7515,137.2347,66.6889,5.0917,0.5536,"day,code,turnover_ratio,market_cap,circulating_market_cap,pe_ratio,pb_ratio"
2024-07-25,601187.XSHG,0.8517,136.4429,66.3041,5.0624,0.5504,"day,code,turnover_ratio,market_cap,circulating_market_cap,pe_ratio,pb_ratio"
2024-07-26,601187.XSHG,0.7577,135.9151,66.0476,5.0428,0.5483,"day,code,turnover_ratio,market_cap,circulating_market_cap,pe_ratio,pb_ratio"
2024-07-29,601187.XSHG,1.0157,137.4986,66.8171,5.1015,0.5547,"day,code,turnover_ratio,market_cap,circulating_market_cap,pe_ratio,pb_ratio"
2024-07-30,601187.XSHG,0.7474,137.7625,66.9454,5.1113,0.5557,"day,code,turnover_ratio,market_cap,circulating_market_cap,pe_ratio,pb_ratio"
2024-07-31,601187.XSHG,1.1111,139.6099,67.8431,5.1799,0.5632,"day,code,turnover_ratio,market_cap,circulating_market_cap,pe_ratio,pb_ratio"
2024-08-01,601187.XSHG,0.7172,139.082,67.5866,5.1603,0.5611,"day,code,turnover_ratio,market_cap,circulating_market_cap,pe_ratio,pb_ratio"
2024-08-02,601187.XSHG,0.5937,138.0264,67.0736,5.1211,0.5568,"day,code,turnover_ratio,market_cap,circulating_market_cap,pe_ratio,pb_ratio"
2024-08-05,601187.XSHG,0.8646,136.4429,66.3041,5.0624,0.5504,"day,code,turnover_ratio,market_cap,circulating_market_cap,pe_ratio,pb_ratio"
2024-08-06,601187.XSHG,0.975,135.6512,65.9194,5.033,0.5472,"day,code,turnover_ratio,market_cap,circulating_market_cap,pe_ratio,pb_ratio"
2024-08-07,601187.XSHG,0.6692,135.6512,65.9194,5.033,0.5472,"day,code,turnover_ratio,market_cap,circulating_market_cap,pe_ratio,pb_ratio"
2024-08-08,601187.XSHG,0.6217,135.3873,65.7911,5.0232,0.5462,"day,code,turnover_ratio,market_cap,circulating_market_cap,pe_ratio,pb_ratio"
2024-08-09,601187.XSHG,0.6782,135.3873,65.7911,5.0232,0.5462,"day,code,turnover_ratio,market_cap,circulating_market_cap,pe_ratio,pb_ratio"
2024-08-12,601187.XSHG,0.6306,134.3316,65.2782,4.984,0.5419,"day,code,turnover_ratio,market_cap,circulating_market_cap,pe_ratio,pb_ratio"
2024-08-13,601187.XSHG,0.6625,135.1233,65.6629,5.0134,0.5451,"day,code,turnover_ratio,market_cap,circulating_market_cap,pe_ratio,pb_ratio"
2024-08-14,601187.XSHG,0.647,134.3316,65.2782,4.984,0.5419,"day,code,turnover_ratio,market_cap,circulating_market_cap,pe_ratio,pb_ratio"
2024-08-15,601187.XSHG,0.7713,135.6512,65.9194,5.033,0.5472,"day,code,turnover_ratio,market_cap,circulating_market_cap,pe_ratio,pb_ratio"
2024-08-16,601187.XSHG,0.7406,136.4429,66.3041,5.0624,0.5504,"day,code,turnover_ratio,market_cap,circulating_market_cap,pe_ratio,pb_ratio"
2024-08-19,601187.XSHG,1.2318,139.6099,67.8431,5.1799,0.5632,"day,code,turnover_ratio,market_cap,circulating_market_cap,pe_ratio,pb_ratio"
2024-08-20,601187.XSHG,1.12,140.4016,68.2279,5.2092,0.5664,"day,code,turnover_ratio,market_cap,circulating_market_cap,pe_ratio,pb_ratio"
2024-08-21,601187.XSHG,0.9456,138.8181,67.4584,5.1505,0.56,"day,code,turnover_ratio,market_cap,circulating_market_cap,pe_ratio,pb_ratio"
2024-08-22,601187.XSHG,0.9456,140.4016,68.2279,5.2092,0.5664,"day,code,turnover_ratio,market_cap,circulating_market_cap,pe_ratio,pb_ratio"
2024-08-23,601187.XSHG,0.7618,140.1377,68.0996,5.1995,0.5653,"day,code,turnover_ratio,market_cap,circulating_market_cap,pe_ratio,pb_ratio"
2024-08-26,601187.XSHG,0.7599,141.4573,68.7408,5.2484,0.5706,"day,code,turnover_ratio,market_cap,circulating_market_cap,pe_ratio,pb_ratio"
2024-08-27,601187.XSHG,0.8509,143.0407,69.5103,5.3072,0.577,"day,code,turnover_ratio,market_cap,circulating_market_cap,pe_ratio,pb_ratio"
2024-08-28,601187.XSHG,0.9859,140.6655,68.3561,5.219,0.5675,"day,code,turnover_ratio,market_cap,circulating_market_cap,pe_ratio,pb_ratio"
2024-08-29,601187.XSHG,4.1145,130.9007,63.6109,5.3448,0.5327,"day,code,turnover_ratio,market_cap,circulating_market_cap,pe_ratio,pb_ratio"
2024-08-30,601187.XSHG,2.5689,128.7894,62.585,5.2586,0.5241,"day,code,turnover_ratio,market_cap,circulating_market_cap,pe_ratio,pb_ratio"
2024-09-02,601187.XSHG,1.7247,126.9421,61.6872,5.1832,0.5166,"day,code,turnover_ratio,market_cap,circulating_market_cap,pe_ratio,pb_ratio"
2024-09-03,601187.XSHG,1.5614,124.3029,60.4047,5.0754,0.5059,"day,code,turnover_ratio,market_cap,circulating_market_cap,pe_ratio,pb_ratio"
2024-09-04,601187.XSHG,0.8466,123.7751,60.1482,5.0539,0.5037,"day,code,turnover_ratio,market_cap,circulating_market_cap,pe_ratio,pb_ratio"
2024-09-05,601187.XSHG,1.0692,122.9834,59.7635,5.0216,0.5005,"day,code,turnover_ratio,market_cap,circulating_market_cap,pe_ratio,pb_ratio"
2024-09-06,601187.XSHG,1.7958,120.8721,58.7375,4.9353,0.4919,"day,code,turnover_ratio,market_cap,circulating_market_cap,pe_ratio,pb_ratio"
2024-09-09,601187.XSHG,1.0276,119.2886,57.968,4.8707,0.4855,"day,code,turnover_ratio,market_cap,circulating_market_cap,pe_ratio,pb_ratio"
2024-09-10,601187.XSHG,0.8402,120.3442,58.481,4.9138,0.4898,"day,code,turnover_ratio,market_cap,circulating_market_cap,pe_ratio,pb_ratio"
2024-09-11,601187.XSHG,0.7478,119.5525,58.0963,4.8815,0.4865,"day,code,turnover_ratio,market_cap,circulating_market_cap,pe_ratio,pb_ratio"
2024-09-12,601187.XSHG,0.674,119.5525,58.0963,4.8815,0.4865,"day,code,turnover_ratio,market_cap,circulating_market_cap,pe_ratio,pb_ratio"
2024-09-13,601187.XSHG,0.6488,118.2329,57.455,4.8276,0.4812,"day,code,turnover_ratio,market_cap,circulating_market_cap,pe_ratio,pb_ratio"
2024-09-18,601187.XSHG,0.6626,118.2329,57.455,4.8276,0.4812,"day,code,turnover_ratio,market_cap,circulating_market_cap,pe_ratio,pb_ratio"
2024-09-19,601187.XSHG,0.8118,119.2886,57.968,4.8707,0.4855,"day,code,turnover_ratio,market_cap,circulating_market_cap,pe_ratio,pb_ratio"
2024-09-20,601187.XSHG,0.7966,118.7608,57.7115,4.8491,0.4833,"day,code,turnover_ratio,market_cap,circulating_market_cap,pe_ratio,pb_ratio"
2024-09-23,601187.XSHG,0.7542,119.8164,58.2245,4.8922,0.4876,"day,code,turnover_ratio,market_cap,circulating_market_cap,pe_ratio,pb_ratio"
2024-09-24,601187.XSHG,1.79,124.039,60.2765,5.0647,0.5048,"day,code,turnover_ratio,market_cap,circulating_market_cap,pe_ratio,pb_ratio"
2024-09-25,601187.XSHG,3.4785,125.0947,60.7895,5.1078,0.5091,"day,code,turnover_ratio,market_cap,circulating_market_cap,pe_ratio,pb_ratio"
2024-09-26,601187.XSHG,3.3583,131.4286,63.8674,5.3664,0.5349,"day,code,turnover_ratio,market_cap,circulating_market_cap,pe_ratio,pb_ratio"
2024-09-27,601187.XSHG,2.3131,132.4842,64.3804,5.4095,0.5392,"day,code,turnover_ratio,market_cap,circulating_market_cap,pe_ratio,pb_ratio"
2024-09-30,601187.XSHG,5.1443,142.5129,69.2538,5.819,0.58,"day,code,turnover_ratio,market_cap,circulating_market_cap,pe_ratio,pb_ratio"
2024-10-08,601187.XSHG,5.3615,147.7912,71.8188,6.0345,0.6015,"day,code,turnover_ratio,market_cap,circulating_market_cap,pe_ratio,pb_ratio"
2024-10-09,601187.XSHG,3.6435,135.1233,65.6629,5.5172,0.5499,"day,code,turnover_ratio,market_cap,circulating_market_cap,pe_ratio,pb_ratio"
2024-10-10,601187.XSHG,3.1102,137.2347,66.6889,5.6034,0.5585,"day,code,turnover_ratio,market_cap,circulating_market_cap,pe_ratio,pb_ratio"
2024-10-11,601187.XSHG,1.9583,135.1233,65.6629,5.5172,0.5499,"day,code,turnover_ratio,market_cap,circulating_market_cap,pe_ratio,pb_ratio"
2024-10-14,601187.XSHG,2.8108,139.346,67.7149,5.6897,0.5671,"day,code,turnover_ratio,market_cap,circulating_market_cap,pe_ratio,pb_ratio"
2024-10-15,601187.XSHG,2.0992,136.4429,66.3041,5.5711,0.5553,"day,code,turnover_ratio,market_cap,circulating_market_cap,pe_ratio,pb_ratio"
2024-10-16,601187.XSHG,2.3666,138.8181,67.4584,5.6681,0.5649,"day,code,turnover_ratio,market_cap,circulating_market_cap,pe_ratio,pb_ratio"
2024-10-17,601187.XSHG,1.7268,135.9151,66.0476,5.5496,0.5531,"day,code,turnover_ratio,market_cap,circulating_market_cap,pe_ratio,pb_ratio"
2024-10-18,601187.XSHG,2.5197,137.4986,66.8171,5.6142,0.5596,"day,code,turnover_ratio,market_cap,circulating_market_cap,pe_ratio,pb_ratio"
2024-10-21,601187.XSHG,1.6272,136.179,66.1759,5.5603,0.5542,"day,code,turnover_ratio,market_cap,circulating_market_cap,pe_ratio,pb_ratio"
2024-10-22,601187.XSHG,1.2947,136.7068,66.4324,5.5819,0.5563,"day,code,turnover_ratio,market_cap,circulating_market_cap,pe_ratio,pb_ratio"
2024-10-23,601187.XSHG,1.072,136.7068,66.4324,5.5819,0.5563,"day,code,turnover_ratio,market_cap,circulating_market_cap,pe_ratio,pb_ratio"
2024-10-24,601187.XSHG,0.8301,136.4429,66.3041,5.5711,0.5553,"day,code,turnover_ratio,market_cap,circulating_market_cap,pe_ratio,pb_ratio"
2024-10-25,601187.XSHG,1.1893,136.4429,66.3041,5.5711,0.5553,"day,code,turnover_ratio,market_cap,circulating_market_cap,pe_ratio,pb_ratio"
2024-10-28,601187.XSHG,1.3936,137.2347,66.7704,5.6034,0.5585,"day,code,turnover_ratio,market_cap,circulating_market_cap,pe_ratio,pb_ratio"
2024-10-29,601187.XSHG,1.9551,135.9151,66.1284,5.5496,0.5531,"day,code,turnover_ratio,market_cap,circulating_market_cap,pe_ratio,pb_ratio"
2024-10-30,601187.XSHG,1.4898,134.8594,65.6148,5.5065,0.5488,"day,code,turnover_ratio,market_cap,circulating_market_cap,pe_ratio,pb_ratio"
2024-10-31,601187.XSHG,2.3603,137.4986,66.8988,5.425,0.5478,"day,code,turnover_ratio,market_cap,circulating_market_cap,pe_ratio,pb_ratio"
2024-11-01,601187.XSHG,2.6498,138.5542,67.4124,5.4667,0.552,"day,code,turnover_ratio,market_cap,circulating_market_cap,pe_ratio,pb_ratio"
2024-11-04,601187.XSHG,1.5579,139.6099,67.926,5.5083,0.5562,"day,code,turnover_ratio,market_cap,circulating_market_cap,pe_ratio,pb_ratio"
2024-11-05,601187.XSHG,2.1082,141.7212,68.9533,5.5916,0.5646,"day,code,turnover_ratio,market_cap,circulating_market_cap,pe_ratio,pb_ratio"
2024-11-06,601187.XSHG,1.7725,140.4016,68.3112,5.5396,0.5593,"day,code,turnover_ratio,market_cap,circulating_market_cap,pe_ratio,pb_ratio"
2024-11-07,601187.XSHG,2.2543,143.8325,69.9805,5.675,0.573,"day,code,turnover_ratio,market_cap,circulating_market_cap,pe_ratio,pb_ratio"
2024-11-08,601187.XSHG,1.8522,142.5129,69.3385,5.6229,0.5677,"day,code,turnover_ratio,market_cap,circulating_market_cap,pe_ratio,pb_ratio"
2024-11-11,601187.XSHG,1.4342,141.7212,68.9533,5.5916,0.5646,"day,code,turnover_ratio,market_cap,circulating_market_cap,pe_ratio,pb_ratio"
2024-11-12,601187.XSHG,1.3223,140.6655,68.4397,5.55,0.5604,"day,code,turnover_ratio,market_cap,circulating_market_cap,pe_ratio,pb_ratio"
2024-11-13,601187.XSHG,1.1567,141.7212,68.9533,5.5916,0.5646,"day,code,turnover_ratio,market_cap,circulating_market_cap,pe_ratio,pb_ratio"
2024-11-14,601187.XSHG,1.6839,141.4573,68.8249,5.5812,0.5635,"day,code,turnover_ratio,market_cap,circulating_market_cap,pe_ratio,pb_ratio"
2024-11-15,601187.XSHG,2.1598,143.0407,69.5953,5.6437,0.5698,"day,code,turnover_ratio,market_cap,circulating_market_cap,pe_ratio,pb_ratio"
2024-11-18,601187.XSHG,6.3275,149.3746,72.677,5.8936,0.5951,"day,code,turnover_ratio,market_cap,circulating_market_cap,pe_ratio,pb_ratio"
2024-11-19,601187.XSHG,4.9603,153.3333,74.6031,6.0498,0.6108,"day,code,turnover_ratio,market_cap,circulating_market_cap,pe_ratio,pb_ratio"
2024-11-20,601187.XSHG,4.0101,149.3746,72.677,5.8936,0.5951,"day,code,turnover_ratio,market_cap,circulating_market_cap,pe_ratio,pb_ratio"
2024-11-21,601187.XSHG,2.3619,149.1107,72.5486,5.8832,0.594,"day,code,turnover_ratio,market_cap,circulating_market_cap,pe_ratio,pb_ratio"
2024-11-22,601187.XSHG,2.138,143.3046,69.7237,5.6541,0.5709,"day,code,turnover_ratio,market_cap,circulating_market_cap,pe_ratio,pb_ratio"
2024-11-25,601187.XSHG,1.8224,145.6799,70.8793,5.7478,0.5803,"day,code,turnover_ratio,market_cap,circulating_market_cap,pe_ratio,pb_ratio"
2024-11-26,601187.XSHG,0.9967,145.152,70.6225,5.727,0.5782,"day,code,turnover_ratio,market_cap,circulating_market_cap,pe_ratio,pb_ratio"
2024-11-27,601187.XSHG,1.4718,146.4716,71.2646,5.7791,0.5835,"day,code,turnover_ratio,market_cap,circulating_market_cap,pe_ratio,pb_ratio"
2024-11-28,601187.XSHG,0.9592,145.9438,71.0077,5.7583,0.5814,"day,code,turnover_ratio,market_cap,circulating_market_cap,pe_ratio,pb_ratio"
2024-11-29,601187.XSHG,1.5116,146.7355,71.393,5.7895,0.5846,"day,code,turnover_ratio,market_cap,circulating_market_cap,pe_ratio,pb_ratio"
2024-12-02,601187.XSHG,1.7912,145.152,70.6225,5.727,0.5782,"day,code,turnover_ratio,market_cap,circulating_market_cap,pe_ratio,pb_ratio"
2024-12-03,601187.XSHG,3.4034,152.0138,73.9611,5.9977,0.6056,"day,code,turnover_ratio,market_cap,circulating_market_cap,pe_ratio,pb_ratio"
2024-12-04,601187.XSHG,1.9593,150.9581,73.4474,5.9561,0.6014,"day,code,turnover_ratio,market_cap,circulating_market_cap,pe_ratio,pb_ratio"
2024-12-05,601187.XSHG,2.2116,153.0694,74.4747,6.0394,0.6098,"day,code,turnover_ratio,market_cap,circulating_market_cap,pe_ratio,pb_ratio"
2024-12-06,601187.XSHG,2.4587,153.3333,74.6031,6.0498,0.6108,"day,code,turnover_ratio,market_cap,circulating_market_cap,pe_ratio,pb_ratio"
2024-12-09,601187.XSHG,2.0161,153.5972,74.7315,6.0602,0.6119,"day,code,turnover_ratio,market_cap,circulating_market_cap,pe_ratio,pb_ratio"
2024-12-10,601187.XSHG,3.9681,152.5416,74.2179,6.0186,0.6077,"day,code,turnover_ratio,market_cap,circulating_market_cap,pe_ratio,pb_ratio"
2024-12-11,601187.XSHG,2.6035,152.5416,74.2179,6.0186,0.6077,"day,code,turnover_ratio,market_cap,circulating_market_cap,pe_ratio,pb_ratio"
2024-12-12,601187.XSHG,2.7031,148.8468,72.4202,5.8728,0.593,"day,code,turnover_ratio,market_cap,circulating_market_cap,pe_ratio,pb_ratio"
2024-12-13,601187.XSHG,3.5674,145.4159,70.7509,5.7374,0.5793,"day,code,turnover_ratio,market_cap,circulating_market_cap,pe_ratio,pb_ratio"
2024-12-16,601187.XSHG,2.6003,149.6386,72.8054,5.904,0.5961,"day,code,turnover_ratio,market_cap,circulating_market_cap,pe_ratio,pb_ratio"
2024-12-17,601187.XSHG,2.1155,149.9025,72.9338,5.9144,0.5972,"day,code,turnover_ratio,market_cap,circulating_market_cap,pe_ratio,pb_ratio"
2024-12-18,601187.XSHG,1.4813,150.4303,73.1906,5.9353,0.5993,"day,code,turnover_ratio,market_cap,circulating_market_cap,pe_ratio,pb_ratio"
2024-12-19,601187.XSHG,1.4813,148.0551,72.035,5.8416,0.5898,"day,code,turnover_ratio,market_cap,circulating_market_cap,pe_ratio,pb_ratio"
2024-12-20,601187.XSHG,0.9027,146.9994,71.5214,5.7999,0.5856,"day,code,turnover_ratio,market_cap,circulating_market_cap,pe_ratio,pb_ratio"
2024-12-23,601187.XSHG,1.1242,147.5272,71.7782,5.8207,0.5877,"day,code,turnover_ratio,market_cap,circulating_market_cap,pe_ratio,pb_ratio"
2024-12-24,601187.XSHG,1.1309,149.3746,72.677,5.8936,0.5951,"day,code,turnover_ratio,market_cap,circulating_market_cap,pe_ratio,pb_ratio"
2024-12-25,601187.XSHG,1.3831,150.1664,73.0622,5.9249,0.5982,"day,code,turnover_ratio,market_cap,circulating_market_cap,pe_ratio,pb_ratio"
2024-12-26,601187.XSHG,1.1456,148.5829,72.2918,5.8624,0.5919,"day,code,turnover_ratio,market_cap,circulating_market_cap,pe_ratio,pb_ratio"
2024-12-27,601187.XSHG,1.8571,151.4859,73.7042,5.9769,0.6035,"day,code,turnover_ratio,market_cap,circulating_market_cap,pe_ratio,pb_ratio"
2024-12-30,601187.XSHG,2.0702,152.5416,74.2179,6.0186,0.6077,"day,code,turnover_ratio,market_cap,circulating_market_cap,pe_ratio,pb_ratio"
2024-12-31,601187.XSHG,1.7302,148.8468,72.4202,5.8728,0.593,"day,code,turnover_ratio,market_cap,circulating_market_cap,pe_ratio,pb_ratio"
2025-01-02,601187.XSHG,2.1596,143.8325,69.9805,5.675,0.573,"day,code,turnover_ratio,market_cap,circulating_market_cap,pe_ratio,pb_ratio"
2025-01-03,601187.XSHG,1.532,141.7212,68.9533,5.5916,0.5646,"day,code,turnover_ratio,market_cap,circulating_market_cap,pe_ratio,pb_ratio"
2025-01-06,601187.XSHG,1.1179,141.7212,68.9533,5.5916,0.5646,"day,code,turnover_ratio,market_cap,circulating_market_cap,pe_ratio,pb_ratio"
2025-01-07,601187.XSHG,1.1792,143.5686,69.8521,5.6645,0.5719,"day,code,turnover_ratio,market_cap,circulating_market_cap,pe_ratio,pb_ratio"
2025-01-08,601187.XSHG,1.3748,144.8881,70.4941,5.7166,0.5772,"day,code,turnover_ratio,market_cap,circulating_market_cap,pe_ratio,pb_ratio"
2025-01-09,601187.XSHG,0.8269,142.249,69.2101,5.6125,0.5667,"day,code,turnover_ratio,market_cap,circulating_market_cap,pe_ratio,pb_ratio"
2025-01-10,601187.XSHG,0.9639,139.8738,68.0544,5.5188,0.5572,"day,code,turnover_ratio,market_cap,circulating_market_cap,pe_ratio,pb_ratio"
2025-01-13,601187.XSHG,1.0308,137.2347,66.7704,5.4146,0.5467,"day,code,turnover_ratio,market_cap,circulating_market_cap,pe_ratio,pb_ratio"
2025-01-14,601187.XSHG,1.1068,139.346,67.7976,5.4979,0.5551,"day,code,turnover_ratio,market_cap,circulating_market_cap,pe_ratio,pb_ratio"
2025-01-15,601187.XSHG,0.9904,140.6655,68.4397,5.55,0.5604,"day,code,turnover_ratio,market_cap,circulating_market_cap,pe_ratio,pb_ratio"
2025-01-16,601187.XSHG,1.0991,142.249,69.2101,5.6125,0.5667,"day,code,turnover_ratio,market_cap,circulating_market_cap,pe_ratio,pb_ratio"
2025-01-17,601187.XSHG,0.8276,142.5129,69.3385,5.6229,0.5677,"day,code,turnover_ratio,market_cap,circulating_market_cap,pe_ratio,pb_ratio"
2025-01-20,601187.XSHG,0.7776,142.5129,69.3385,5.6229,0.5677,"day,code,turnover_ratio,market_cap,circulating_market_cap,pe_ratio,pb_ratio"
2025-01-21,601187.XSHG,0.5704,141.9851,69.0817,5.6021,0.5656,"day,code,turnover_ratio,market_cap,circulating_market_cap,pe_ratio,pb_ratio"
2025-01-22,601187.XSHG,0.9617,139.6099,67.926,5.5083,0.5562,"day,code,turnover_ratio,market_cap,circulating_market_cap,pe_ratio,pb_ratio"
2025-01-23,601187.XSHG,1.3486,142.5129,69.3385,5.6229,0.5677,"day,code,turnover_ratio,market_cap,circulating_market_cap,pe_ratio,pb_ratio"
2025-01-24,601187.XSHG,0.9449,143.8325,69.9805,5.675,0.573,"day,code,turnover_ratio,market_cap,circulating_market_cap,pe_ratio,pb_ratio"
2025-01-27,601187.XSHG,1.1882,146.4716,71.2646,5.6466,0.4629,"day,code,turnover_ratio,market_cap,circulating_market_cap,pe_ratio,pb_ratio"
2025-02-05,601187.XSHG,1.2001,145.152,70.6225,5.5957,0.4588,"day,code,turnover_ratio,market_cap,circulating_market_cap,pe_ratio,pb_ratio"
2025-02-06,601187.XSHG,0.8172,145.6799,70.8793,5.616,0.4604,"day,code,turnover_ratio,market_cap,circulating_market_cap,pe_ratio,pb_ratio"
2025-02-07,601187.XSHG,1.0243,146.2077,71.1361,5.6364,0.4621,"day,code,turnover_ratio,market_cap,circulating_market_cap,pe_ratio,pb_ratio"
2025-02-10,601187.XSHG,1.1519,144.8881,70.4941,5.5855,0.4579,"day,code,turnover_ratio,market_cap,circulating_market_cap,pe_ratio,pb_ratio"
2025-02-11,601187.XSHG,1.6255,147.7912,71.9066,5.6974,0.4671,"day,code,turnover_ratio,market_cap,circulating_market_cap,pe_ratio,pb_ratio"
2025-02-12,601187.XSHG,0.7373,147.5272,71.7782,5.6872,0.4663,"day,code,turnover_ratio,market_cap,circulating_market_cap,pe_ratio,pb_ratio"
2025-02-13,601187.XSHG,0.7156,147.2633,71.6498,5.6771,0.4654,"day,code,turnover_ratio,market_cap,circulating_market_cap,pe_ratio,pb_ratio"
2025-02-14,601187.XSHG,0.8426,146.4716,71.2646,5.6466,0.4629,"day,code,turnover_ratio,market_cap,circulating_market_cap,pe_ratio,pb_ratio"
2025-02-17,601187.XSHG,0.9849,145.4159,70.7509,5.6059,0.4596,"day,code,turnover_ratio,market_cap,circulating_market_cap,pe_ratio,pb_ratio"
2025-02-18,601187.XSHG,1.8623,148.5829,72.2918,5.7279,0.4696,"day,code,turnover_ratio,market_cap,circulating_market_cap,pe_ratio,pb_ratio"
2025-02-19,601187.XSHG,1.1853,146.4716,71.2646,5.6466,0.4629,"day,code,turnover_ratio,market_cap,circulating_market_cap,pe_ratio,pb_ratio"
2025-02-20,601187.XSHG,0.8843,146.2077,71.1361,5.6364,0.4621,"day,code,turnover_ratio,market_cap,circulating_market_cap,pe_ratio,pb_ratio"
2025-02-21,601187.XSHG,1.2142,144.3603,70.2373,5.5652,0.4563,"day,code,turnover_ratio,market_cap,circulating_market_cap,pe_ratio,pb_ratio"
2025-02-24,601187.XSHG,0.8304,143.8325,69.9805,5.5448,0.4546,"day,code,turnover_ratio,market_cap,circulating_market_cap,pe_ratio,pb_ratio"
2025-02-25,601187.XSHG,0.6961,143.0407,69.5953,5.5143,0.4521,"day,code,turnover_ratio,market_cap,circulating_market_cap,pe_ratio,pb_ratio"
2025-02-26,601187.XSHG,0.8296,144.3603,70.2373,5.5652,0.4563,"day,code,turnover_ratio,market_cap,circulating_market_cap,pe_ratio,pb_ratio"
2025-02-27,601187.XSHG,0.8627,144.8881,70.4941,5.5855,0.4579,"day,code,turnover_ratio,market_cap,circulating_market_cap,pe_ratio,pb_ratio"
2025-02-28,601187.XSHG,0.9503,144.6242,70.3657,5.5753,0.4571,"day,code,turnover_ratio,market_cap,circulating_market_cap,pe_ratio,pb_ratio"
2025-03-03,601187.XSHG,0.9976,144.3603,70.2373,5.5652,0.4563,"day,code,turnover_ratio,market_cap,circulating_market_cap,pe_ratio,pb_ratio"
2025-03-04,601187.XSHG,0.7657,144.8881,70.4941,5.5855,0.4579,"day,code,turnover_ratio,market_cap,circulating_market_cap,pe_ratio,pb_ratio"
2025-03-05,601187.XSHG,1.2568,147.2633,71.6498,5.6771,0.4654,"day,code,turnover_ratio,market_cap,circulating_market_cap,pe_ratio,pb_ratio"
2025-03-06,601187.XSHG,1.0109,146.2077,71.1361,5.6364,0.4621,"day,code,turnover_ratio,market_cap,circulating_market_cap,pe_ratio,pb_ratio"
2025-03-07,601187.XSHG,1.3235,146.9994,71.5214,5.6669,0.4646,"day,code,turnover_ratio,market_cap,circulating_market_cap,pe_ratio,pb_ratio"
2025-03-10,601187.XSHG,0.8031,145.9438,71.0077,5.6262,0.4613,"day,code,turnover_ratio,market_cap,circulating_market_cap,pe_ratio,pb_ratio"
2025-03-11,601187.XSHG,0.9291,147.2633,71.6498,5.6771,0.4654,"day,code,turnover_ratio,market_cap,circulating_market_cap,pe_ratio,pb_ratio"
2025-03-12,601187.XSHG,0.8404,147.2633,71.6498,5.6771,0.4654,"day,code,turnover_ratio,market_cap,circulating_market_cap,pe_ratio,pb_ratio"
2025-03-13,601187.XSHG,0.8884,148.319,72.1634,5.7178,0.4688,"day,code,turnover_ratio,market_cap,circulating_market_cap,pe_ratio,pb_ratio"
2025-03-14,601187.XSHG,1.3672,150.1664,73.0622,5.789,0.4746,"day,code,turnover_ratio,market_cap,circulating_market_cap,pe_ratio,pb_ratio"
2025-03-17,601187.XSHG,2.034,152.2777,74.0895,5.8704,0.4813,"day,code,turnover_ratio,market_cap,circulating_market_cap,pe_ratio,pb_ratio"
2025-03-18,601187.XSHG,0.787,151.222,73.5758,5.8297,0.478,"day,code,turnover_ratio,market_cap,circulating_market_cap,pe_ratio,pb_ratio"
2025-03-19,601187.XSHG,0.9343,152.0138,73.9611,5.8602,0.4805,"day,code,turnover_ratio,market_cap,circulating_market_cap,pe_ratio,pb_ratio"
2025-03-20,601187.XSHG,0.9052,152.0138,73.9611,5.8602,0.4805,"day,code,turnover_ratio,market_cap,circulating_market_cap,pe_ratio,pb_ratio"
2025-03-21,601187.XSHG,1.341,151.7499,73.8326,5.85,0.4796,"day,code,turnover_ratio,market_cap,circulating_market_cap,pe_ratio,pb_ratio"
2025-03-24,601187.XSHG,1.2344,153.3333,74.6031,5.9111,0.4846,"day,code,turnover_ratio,market_cap,circulating_market_cap,pe_ratio,pb_ratio"
2025-03-25,601187.XSHG,1.2595,155.1807,75.5019,5.9823,0.4905,"day,code,turnover_ratio,market_cap,circulating_market_cap,pe_ratio,pb_ratio"
2025-03-26,601187.XSHG,1.2248,155.4446,75.6303,5.9925,0.4913,"day,code,turnover_ratio,market_cap,circulating_market_cap,pe_ratio,pb_ratio"
2025-03-27,601187.XSHG,0.844,154.1251,74.9883,5.9416,0.4871,"day,code,turnover_ratio,market_cap,circulating_market_cap,pe_ratio,pb_ratio"
2025-03-28,601187.XSHG,1.13,154.9168,75.3735,5.9721,0.4896,"day,code,turnover_ratio,market_cap,circulating_market_cap,pe_ratio,pb_ratio"
2025-03-31,601187.XSHG,1.49,155.4446,75.6303,5.9925,0.4913,"day,code,turnover_ratio,market_cap,circulating_market_cap,pe_ratio,pb_ratio"
2025-04-01,601187.XSHG,1.0232,155.7085,75.7587,6.0026,0.4921,"day,code,turnover_ratio,market_cap,circulating_market_cap,pe_ratio,pb_ratio"
2025-04-02,601187.XSHG,1.4577,158.3477,77.0428,6.1044,0.5005,"day,code,turnover_ratio,market_cap,circulating_market_cap,pe_ratio,pb_ratio"
2025-04-03,601187.XSHG,1.2544,159.9312,77.8132,6.1654,0.5055,"day,code,turnover_ratio,market_cap,circulating_market_cap,pe_ratio,pb_ratio"
2025-04-07,601187.XSHG,3.0711,149.6386,72.8054,5.7686,0.473,"day,code,turnover_ratio,market_cap,circulating_market_cap,pe_ratio,pb_ratio"
2025-04-08,601187.XSHG,3.0821,154.9168,75.3735,5.9721,0.4896,"day,code,turnover_ratio,market_cap,circulating_market_cap,pe_ratio,pb_ratio"
2025-04-09,601187.XSHG,2.1339,152.0138,73.9611,5.8602,0.4805,"day,code,turnover_ratio,market_cap,circulating_market_cap,pe_ratio,pb_ratio"
2025-04-10,601187.XSHG,1.4957,152.2777,74.0895,5.8704,0.4813,"day,code,turnover_ratio,market_cap,circulating_market_cap,pe_ratio,pb_ratio"
2025-04-11,601187.XSHG,1.0637,152.0138,73.9611,5.8602,0.4805,"day,code,turnover_ratio,market_cap,circulating_market_cap,pe_ratio,pb_ratio"
2025-04-14,601187.XSHG,1.0494,151.7499,73.8326,5.85,0.4796,"day,code,turnover_ratio,market_cap,circulating_market_cap,pe_ratio,pb_ratio"
2025-04-15,601187.XSHG,1.0111,153.0694,74.4747,5.9009,0.4838,"day,code,turnover_ratio,market_cap,circulating_market_cap,pe_ratio,pb_ratio"
2025-04-16,601187.XSHG,1.3587,155.7085,75.7587,6.0026,0.4921,"day,code,turnover_ratio,market_cap,circulating_market_cap,pe_ratio,pb_ratio"
2025-04-17,601187.XSHG,0.9167,155.7085,75.7587,6.0026,0.4921,"day,code,turnover_ratio,market_cap,circulating_market_cap,pe_ratio,pb_ratio"
2025-04-18,601187.XSHG,1.0951,158.3477,77.0428,6.1044,0.5005,"day,code,turnover_ratio,market_cap,circulating_market_cap,pe_ratio,pb_ratio"
2025-04-21,601187.XSHG,1.3411,155.7085,75.7587,6.0026,0.4921,"day,code,turnover_ratio,market_cap,circulating_market_cap,pe_ratio,pb_ratio"
2025-04-22,601187.XSHG,1.046,157.292,76.5291,6.0637,0.4971,"day,code,turnover_ratio,market_cap,circulating_market_cap,pe_ratio,pb_ratio"
2025-04-23,601187.XSHG,0.8401,157.0281,76.4007,6.0535,0.4963,"day,code,turnover_ratio,market_cap,circulating_market_cap,pe_ratio,pb_ratio"
2025-04-24,601187.XSHG,1.7834,160.9868,78.3268,6.2061,0.5088,"day,code,turnover_ratio,market_cap,circulating_market_cap,pe_ratio,pb_ratio"
2025-04-25,601187.XSHG,1.5981,164.4177,79.9961,6.3384,0.5197,"day,code,turnover_ratio,market_cap,circulating_market_cap,pe_ratio,pb_ratio"
2025-04-28,601187.XSHG,1.7529,162.8342,79.2256,6.2773,0.5147,"day,code,turnover_ratio,market_cap,circulating_market_cap,pe_ratio,pb_ratio"
2025-04-29,601187.XSHG,3.7118,156.2364,76.0155,6.2804,0.6071,"day,code,turnover_ratio,market_cap,circulating_market_cap,pe_ratio,pb_ratio"
2025-04-30,601187.XSHG,2.6936,152.0138,73.9611,6.1106,0.5907,"day,code,turnover_ratio,market_cap,circulating_market_cap,pe_ratio,pb_ratio"
2025-05-06,601187.XSHG,1.6696,152.2777,74.0895,6.1212,0.5917,"day,code,turnover_ratio,market_cap,circulating_market_cap,pe_ratio,pb_ratio"
2025-05-07,601187.XSHG,1.5051,153.5972,74.7315,6.1743,0.5969,"day,code,turnover_ratio,market_cap,circulating_market_cap,pe_ratio,pb_ratio"
2025-05-08,601187.XSHG,1.2937,153.5972,74.7315,6.1743,0.5969,"day,code,turnover_ratio,market_cap,circulating_market_cap,pe_ratio,pb_ratio"
2025-05-09,601187.XSHG,2.1871,153.8612,74.8599,6.1849,0.5979,"day,code,turnover_ratio,market_cap,circulating_market_cap,pe_ratio,pb_ratio"
2025-05-12,601187.XSHG,2.1134,152.8055,74.3463,6.1424,0.5938,"day,code,turnover_ratio,market_cap,circulating_market_cap,pe_ratio,pb_ratio"
2025-05-13,601187.XSHG,3.658,158.0838,76.9144,6.3546,0.6143,"day,code,turnover_ratio,market_cap,circulating_market_cap,pe_ratio,pb_ratio"
2025-05-14,601187.XSHG,4.0647,162.5703,79.0972,6.535,0.6317,"day,code,turnover_ratio,market_cap,circulating_market_cap,pe_ratio,pb_ratio"
2025-05-15,601187.XSHG,2.0058,162.0425,78.8404,6.5138,0.6297,"day,code,turnover_ratio,market_cap,circulating_market_cap,pe_ratio,pb_ratio"
2025-05-16,601187.XSHG,1.9738,158.8755,77.2996,6.3864,0.6174,"day,code,turnover_ratio,market_cap,circulating_market_cap,pe_ratio,pb_ratio"
2025-05-19,601187.XSHG,1.3039,158.6116,77.1712,6.3758,0.6163,"day,code,turnover_ratio,market_cap,circulating_market_cap,pe_ratio,pb_ratio"
2025-05-20,601187.XSHG,1.6131,157.292,76.5291,6.3228,0.6112,"day,code,turnover_ratio,market_cap,circulating_market_cap,pe_ratio,pb_ratio"
2025-05-21,601187.XSHG,1.4426,160.7229,78.1984,6.4607,0.6245,"day,code,turnover_ratio,market_cap,circulating_market_cap,pe_ratio,pb_ratio"
2025-05-22,601187.XSHG,3.4561,165.2094,80.3813,6.6411,0.642,"day,code,turnover_ratio,market_cap,circulating_market_cap,pe_ratio,pb_ratio"
2025-05-23,601187.XSHG,1.8958,163.0981,79.354,6.5562,0.6338,"day,code,turnover_ratio,market_cap,circulating_market_cap,pe_ratio,pb_ratio"
2025-05-26,601187.XSHG,1.4391,162.8342,79.2256,6.5456,0.6327,"day,code,turnover_ratio,market_cap,circulating_market_cap,pe_ratio,pb_ratio"
2025-05-27,601187.XSHG,2.6313,167.3207,81.4085,6.7259,0.6502,"day,code,turnover_ratio,market_cap,circulating_market_cap,pe_ratio,pb_ratio"
2025-05-28,601187.XSHG,3.0551,171.2794,83.3346,6.8851,0.6656,"day,code,turnover_ratio,market_cap,circulating_market_cap,pe_ratio,pb_ratio"
2025-05-29,601187.XSHG,1.816,169.9598,82.6926,6.832,0.6604,"day,code,turnover_ratio,market_cap,circulating_market_cap,pe_ratio,pb_ratio"
2025-05-30,601187.XSHG,1.7947,171.0155,83.2062,6.8745,0.6645,"day,code,turnover_ratio,market_cap,circulating_market_cap,pe_ratio,pb_ratio"
2025-06-03,601187.XSHG,1.9927,173.1268,84.2334,6.9593,0.6727,"day,code,turnover_ratio,market_cap,circulating_market_cap,pe_ratio,pb_ratio"
2025-06-04,601187.XSHG,1.6924,174.7103,85.0038,7.023,0.6789,"day,code,turnover_ratio,market_cap,circulating_market_cap,pe_ratio,pb_ratio"
2025-06-05,601187.XSHG,1.8147,171.8072,83.5914,6.9063,0.6676,"day,code,turnover_ratio,market_cap,circulating_market_cap,pe_ratio,pb_ratio"
2025-06-06,601187.XSHG,1.739,169.9598,82.6926,6.832,0.6604,"day,code,turnover_ratio,market_cap,circulating_market_cap,pe_ratio,pb_ratio"
2025-06-09,601187.XSHG,1.8598,170.4877,82.9494,6.8532,0.6625,"day,code,turnover_ratio,market_cap,circulating_market_cap,pe_ratio,pb_ratio"
2025-06-10,601187.XSHG,2.0043,170.2237,82.821,6.8426,0.6615,"day,code,turnover_ratio,market_cap,circulating_market_cap,pe_ratio,pb_ratio"
2025-06-11,601187.XSHG,1.248,168.9042,82.1789,6.7896,0.6563,"day,code,turnover_ratio,market_cap,circulating_market_cap,pe_ratio,pb_ratio"
2025-06-12,601187.XSHG,1.4469,170.2237,82.821,6.8426,0.6615,"day,code,turnover_ratio,market_cap,circulating_market_cap,pe_ratio,pb_ratio"
2025-06-13,601187.XSHG,2.5934,167.0568,81.2801,6.7153,0.6492,"day,code,turnover_ratio,market_cap,circulating_market_cap,pe_ratio,pb_ratio"
2025-06-16,601187.XSHG,1.2997,168.6403,82.0505,6.779,0.6553,"day,code,turnover_ratio,market_cap,circulating_market_cap,pe_ratio,pb_ratio"
2025-06-17,601187.XSHG,1.2002,168.6403,82.0505,6.779,0.6553,"day,code,turnover_ratio,market_cap,circulating_market_cap,pe_ratio,pb_ratio"
2025-06-18,601187.XSHG,1.9254,172.3351,83.8482,6.9275,0.6697,"day,code,turnover_ratio,market_cap,circulating_market_cap,pe_ratio,pb_ratio"
2025-06-19,601187.XSHG,1.8674,173.6546,84.4902,6.9805,0.6748,"day,code,turnover_ratio,market_cap,circulating_market_cap,pe_ratio,pb_ratio"
2025-06-20,601187.XSHG,4.2365,178.669,86.9299,7.1821,0.6943,"day,code,turnover_ratio,market_cap,circulating_market_cap,pe_ratio,pb_ratio"
2025-06-23,601187.XSHG,3.2714,183.1555,89.1128,7.3625,0.7117,"day,code,turnover_ratio,market_cap,circulating_market_cap,pe_ratio,pb_ratio"
2025-06-24,601187.XSHG,2.8013,183.4194,89.2412,7.3731,0.7127,"day,code,turnover_ratio,market_cap,circulating_market_cap,pe_ratio,pb_ratio"
2025-06-25,601187.XSHG,1.7608,182.6276,88.856,7.3412,0.7097,"day,code,turnover_ratio,market_cap,circulating_market_cap,pe_ratio,pb_ratio"
2025-06-26,601187.XSHG,3.0569,184.2111,89.6264,7.4049,0.7158,"day,code,turnover_ratio,market_cap,circulating_market_cap,pe_ratio,pb_ratio"
2025-06-27,601187.XSHG,3.3269,179.9885,87.5719,7.2351,0.6994,"day,code,turnover_ratio,market_cap,circulating_market_cap,pe_ratio,pb_ratio"
2025-06-30,601187.XSHG,2.0054,179.1968,87.1867,7.2033,0.6963,"day,code,turnover_ratio,market_cap,circulating_market_cap,pe_ratio,pb_ratio"
2025-07-01,601187.XSHG,2.4987,186.3224,90.6536,7.4898,0.724,"day,code,turnover_ratio,market_cap,circulating_market_cap,pe_ratio,pb_ratio"
2025-07-02,601187.XSHG,1.7116,184.475,89.7548,7.4155,0.7168,"day,code,turnover_ratio,market_cap,circulating_market_cap,pe_ratio,pb_ratio"
2025-07-03,601187.XSHG,1.5808,183.1555,89.1128,7.3625,0.7117,"day,code,turnover_ratio,market_cap,circulating_market_cap,pe_ratio,pb_ratio"
2025-07-04,601187.XSHG,2.2496,184.475,89.7548,7.4155,0.7168,"day,code,turnover_ratio,market_cap,circulating_market_cap,pe_ratio,pb_ratio"
2025-07-07,601187.XSHG,3.3722,192.1285,93.4786,7.7231,0.7466,"day,code,turnover_ratio,market_cap,circulating_market_cap,pe_ratio,pb_ratio"
2025-07-08,601187.XSHG,2.433,193.9759,94.3774,7.7974,0.7538,"day,code,turnover_ratio,market_cap,circulating_market_cap,pe_ratio,pb_ratio"
2025-07-09,601187.XSHG,2.492,201.8933,98.2295,8.1157,0.7845,"day,code,turnover_ratio,market_cap,circulating_market_cap,pe_ratio,pb_ratio"
2025-07-10,601187.XSHG,3.2285,200.3098,97.4591,8.052,0.7784,"day,code,turnover_ratio,market_cap,circulating_market_cap,pe_ratio,pb_ratio"
2025-07-11,601187.XSHG,2.3589,200.5737,97.5875,8.0626,0.7794,"day,code,turnover_ratio,market_cap,circulating_market_cap,pe_ratio,pb_ratio"
2025-07-14,601187.XSHG,2.793,204.5324,99.5136,8.2218,0.7948,"day,code,turnover_ratio,market_cap,circulating_market_cap,pe_ratio,pb_ratio"
2025-07-15,601187.XSHG,2.3576,205.0602,99.7704,8.243,0.7968,"day,code,turnover_ratio,market_cap,circulating_market_cap,pe_ratio,pb_ratio"
2025-07-16,601187.XSHG,3.6766,200.0459,97.3307,8.0414,0.7773,"day,code,turnover_ratio,market_cap,circulating_market_cap,pe_ratio,pb_ratio"
2025-07-17,601187.XSHG,2.2571,201.8933,98.2295,8.1157,0.7845,"day,code,turnover_ratio,market_cap,circulating_market_cap,pe_ratio,pb_ratio"
2025-07-18,601187.XSHG,3.0995,209.0189,101.6964,8.4021,0.8122,"day,code,turnover_ratio,market_cap,circulating_market_cap,pe_ratio,pb_ratio"
2025-07-21,601187.XSHG,3.1301,201.6294,98.1011,8.1051,0.7835,"day,code,turnover_ratio,market_cap,circulating_market_cap,pe_ratio,pb_ratio"
2025-07-22,601187.XSHG,4.1151,198.1985,96.4319,7.9671,0.7702,"day,code,turnover_ratio,market_cap,circulating_market_cap,pe_ratio,pb_ratio"
2025-07-23,601187.XSHG,2.7399,195.0316,94.891,7.8398,0.7579,"day,code,turnover_ratio,market_cap,circulating_market_cap,pe_ratio,pb_ratio"
2025-07-24,601187.XSHG,3.35,190.545,92.7081,7.6595,0.7404,"day,code,turnover_ratio,market_cap,circulating_market_cap,pe_ratio,pb_ratio"
2025-07-25,601187.XSHG,2.281,187.9059,91.4241,7.5534,0.7302,"day,code,turnover_ratio,market_cap,circulating_market_cap,pe_ratio,pb_ratio"
2025-07-28,601187.XSHG,2.864,189.7533,92.3229,7.6277,0.7373,"day,code,turnover_ratio,market_cap,circulating_market_cap,pe_ratio,pb_ratio"
2025-07-29,601187.XSHG,3.2963,184.739,89.8832,7.4261,0.7179,"day,code,turnover_ratio,market_cap,circulating_market_cap,pe_ratio,pb_ratio"
2025-07-30,601187.XSHG,2.5745,183.4194,89.2412,7.3731,0.7127,"day,code,turnover_ratio,market_cap,circulating_market_cap,pe_ratio,pb_ratio"
2025-07-31,601187.XSHG,2.6582,180.7803,87.9572,7.267,0.7025,"day,code,turnover_ratio,market_cap,circulating_market_cap,pe_ratio,pb_ratio"
2025-08-01,601187.XSHG,2.0811,181.0442,88.0856,7.2776,0.7035,"day,code,turnover_ratio,market_cap,circulating_market_cap,pe_ratio,pb_ratio"
2025-08-04,601187.XSHG,2.3185,183.6833,89.3696,7.3837,0.7138,"day,code,turnover_ratio,market_cap,circulating_market_cap,pe_ratio,pb_ratio"
2025-08-05,601187.XSHG,2.8359,187.3781,91.1673,7.5322,0.7281,"day,code,turnover_ratio,market_cap,circulating_market_cap,pe_ratio,pb_ratio"
2025-08-06,601187.XSHG,1.6257,187.3781,91.1673,7.5322,0.7281,"day,code,turnover_ratio,market_cap,circulating_market_cap,pe_ratio,pb_ratio"
2025-08-07,601187.XSHG,1.0358,186.0585,90.5252,7.4791,0.723,"day,code,turnover_ratio,market_cap,circulating_market_cap,pe_ratio,pb_ratio"
2025-08-08,601187.XSHG,1.2169,185.2668,90.14,7.4473,0.7199,"day,code,turnover_ratio,market_cap,circulating_market_cap,pe_ratio,pb_ratio"
2025-08-11,601187.XSHG,1.2535,182.8916,88.9844,7.3518,0.7107,"day,code,turnover_ratio,market_cap,circulating_market_cap,pe_ratio,pb_ratio"
2025-08-12,601187.XSHG,1.2513,183.1555,89.1128,7.3625,0.7117,"day,code,turnover_ratio,market_cap,circulating_market_cap,pe_ratio,pb_ratio"
2025-08-13,601187.XSHG,1.2843,181.572,88.3424,7.2988,0.7056,"day,code,turnover_ratio,market_cap,circulating_market_cap,pe_ratio,pb_ratio"
2025-08-14,601187.XSHG,1.4565,179.1968,87.1867,7.2033,0.6963,"day,code,turnover_ratio,market_cap,circulating_market_cap,pe_ratio,pb_ratio"
2025-08-15,601187.XSHG,2.5395,178.669,86.9299,7.1821,0.6943,"day,code,turnover_ratio,market_cap,circulating_market_cap,pe_ratio,pb_ratio"
2025-08-18,601187.XSHG,1.9068,179.1968,87.1867,7.2033,0.6963,"day,code,turnover_ratio,market_cap,circulating_market_cap,pe_ratio,pb_ratio"
2025-08-19,601187.XSHG,1.0808,177.6133,86.4163,7.1397,0.6902,"day,code,turnover_ratio,market_cap,circulating_market_cap,pe_ratio,pb_ratio"
2025-08-20,601187.XSHG,2.4766,181.572,88.3424,7.2988,0.7056,"day,code,turnover_ratio,market_cap,circulating_market_cap,pe_ratio,pb_ratio"
2025-08-21,601187.XSHG,1.9926,183.4194,89.2412,7.3731,0.7127,"day,code,turnover_ratio,market_cap,circulating_market_cap,pe_ratio,pb_ratio"
2025-08-22,601187.XSHG,2.0128,180.5163,87.8287,7.2564,0.7015,"day,code,turnover_ratio,market_cap,circulating_market_cap,pe_ratio,pb_ratio"
2025-08-25,601187.XSHG,2.0388,180.7803,87.9572,7.267,0.7025,"day,code,turnover_ratio,market_cap,circulating_market_cap,pe_ratio,pb_ratio"
2025-08-26,601187.XSHG,1.3834,178.405,86.8015,7.1715,0.6933,"day,code,turnover_ratio,market_cap,circulating_market_cap,pe_ratio,pb_ratio"
2025-08-27,601187.XSHG,1.3285,175.2381,85.2607,7.0442,0.6809,"day,code,turnover_ratio,market_cap,circulating_market_cap,pe_ratio,pb_ratio"
2025-08-28,601187.XSHG,1.4858,175.502,85.3891,7.0548,0.682,"day,code,turnover_ratio,market_cap,circulating_market_cap,pe_ratio,pb_ratio"
2025-08-29,601187.XSHG,1.7882,176.8216,86.0311,6.9644,0.6825,"day,code,turnover_ratio,market_cap,circulating_market_cap,pe_ratio,pb_ratio"
2025-09-01,601187.XSHG,1.4901,173.6546,84.4902,6.8396,0.6702,"day,code,turnover_ratio,market_cap,circulating_market_cap,pe_ratio,pb_ratio"
2025-09-02,601187.XSHG,1.8563,176.0298,85.6459,6.9332,0.6794,"day,code,turnover_ratio,market_cap,circulating_market_cap,pe_ratio,pb_ratio"
2025-09-03,601187.XSHG,1.4552,171.8072,83.5914,6.7669,0.6631,"day,code,turnover_ratio,market_cap,circulating_market_cap,pe_ratio,pb_ratio"
2025-09-04,601187.XSHG,1.3614,173.1268,84.2334,6.8188,0.6682,"day,code,turnover_ratio,market_cap,circulating_market_cap,pe_ratio,pb_ratio"
2025-09-05,601187.XSHG,1.3332,171.2794,83.3346,6.7461,0.6611,"day,code,turnover_ratio,market_cap,circulating_market_cap,pe_ratio,pb_ratio"
2025-09-08,601187.XSHG,1.5655,169.432,82.4358,6.6733,0.6539,"day,code,turnover_ratio,market_cap,circulating_market_cap,pe_ratio,pb_ratio"
2025-09-09,601187.XSHG,1.0515,170.2237,82.821,6.7045,0.657,"day,code,turnover_ratio,market_cap,circulating_market_cap,pe_ratio,pb_ratio"
2025-09-10,601187.XSHG,2.1271,174.7103,85.0038,6.8812,0.6743,"day,code,turnover_ratio,market_cap,circulating_market_cap,pe_ratio,pb_ratio"
2025-09-11,601187.XSHG,1.3322,174.4464,84.8754,6.8708,0.6733,"day,code,turnover_ratio,market_cap,circulating_market_cap,pe_ratio,pb_ratio"
2025-09-12,601187.XSHG,1.5322,171.8072,83.5914,6.7669,0.6631,"day,code,turnover_ratio,market_cap,circulating_market_cap,pe_ratio,pb_ratio"
2025-09-15,601187.XSHG,1.0148,169.432,82.4358,6.6733,0.6539,"day,code,turnover_ratio,market_cap,circulating_market_cap,pe_ratio,pb_ratio"
2025-09-16,601187.XSHG,0.9425,169.432,82.4358,6.6733,0.6539,"day,code,turnover_ratio,market_cap,circulating_market_cap,pe_ratio,pb_ratio"
2025-09-17,601187.XSHG,1.4362,171.5433,83.463,6.7565,0.6621,"day,code,turnover_ratio,market_cap,circulating_market_cap,pe_ratio,pb_ratio"
2025-09-18,601187.XSHG,1.1997,167.3207,81.4085,6.5902,0.6458,"day,code,turnover_ratio,market_cap,circulating_market_cap,pe_ratio,pb_ratio"
2025-09-19,601187.XSHG,0.7757,168.1124,81.7937,6.6213,0.6488,"day,code,turnover_ratio,market_cap,circulating_market_cap,pe_ratio,pb_ratio"
2025-09-22,601187.XSHG,0.6156,166.2651,80.8949,6.5486,0.6417,"day,code,turnover_ratio,market_cap,circulating_market_cap,pe_ratio,pb_ratio"
2025-09-23,601187.XSHG,2.6184,172.599,83.9766,6.798,0.6662,"day,code,turnover_ratio,market_cap,circulating_market_cap,pe_ratio,pb_ratio"
2025-09-24,601187.XSHG,1.5066,171.0155,83.2062,6.7357,0.66,"day,code,turnover_ratio,market_cap,circulating_market_cap,pe_ratio,pb_ratio"
2025-09-25,601187.XSHG,1.0342,168.6403,82.0505,6.6421,0.6509,"day,code,turnover_ratio,market_cap,circulating_market_cap,pe_ratio,pb_ratio"
2025-09-26,601187.XSHG,1.1361,167.8485,81.6653,6.6109,0.6478,"day,code,turnover_ratio,market_cap,circulating_market_cap,pe_ratio,pb_ratio"
2025-09-29,601187.XSHG,1.3214,168.3764,81.9221,6.6317,0.6499,"day,code,turnover_ratio,market_cap,circulating_market_cap,pe_ratio,pb_ratio"
2025-09-30,601187.XSHG,0.8434,165.7372,80.6381,6.5278,0.6397,"day,code,turnover_ratio,market_cap,circulating_market_cap,pe_ratio,pb_ratio"
2025-10-09,601187.XSHG,1.015,166.529,81.0233,6.559,0.6427,"day,code,turnover_ratio,market_cap,circulating_market_cap,pe_ratio,pb_ratio"
2025-10-10,601187.XSHG,1.1336,167.3207,81.4085,6.5902,0.6458,"day,code,turnover_ratio,market_cap,circulating_market_cap,pe_ratio,pb_ratio"
2025-10-13,601187.XSHG,1.7612,169.6959,82.5642,6.6837,0.655,"day,code,turnover_ratio,market_cap,circulating_market_cap,pe_ratio,pb_ratio"
2025-10-14,601187.XSHG,3.1343,176.5577,85.9027,6.954,0.6814,"day,code,turnover_ratio,market_cap,circulating_market_cap,pe_ratio,pb_ratio"
2025-10-15,601187.XSHG,1.936,176.8216,86.0311,6.9644,0.6825,"day,code,turnover_ratio,market_cap,circulating_market_cap,pe_ratio,pb_ratio"
2025-10-16,601187.XSHG,1.4996,177.6133,86.4163,6.9955,0.6855,"day,code,turnover_ratio,market_cap,circulating_market_cap,pe_ratio,pb_ratio"
2025-10-17,601187.XSHG,2.6159,182.3637,88.7276,7.1826,0.7038,"day,code,turnover_ratio,market_cap,circulating_market_cap,pe_ratio,pb_ratio"
2025-10-20,601187.XSHG,1.9387,182.0998,88.5992,7.1723,0.7028,"day,code,turnover_ratio,market_cap,circulating_market_cap,pe_ratio,pb_ratio"
2025-10-21,601187.XSHG,1.4157,180.7803,87.9572,7.1203,0.6977,"day,code,turnover_ratio,market_cap,circulating_market_cap,pe_ratio,pb_ratio"
2025-10-22,601187.XSHG,1.4162,179.9885,87.5719,7.0891,0.6947,"day,code,turnover_ratio,market_cap,circulating_market_cap,pe_ratio,pb_ratio"
2025-10-23,601187.XSHG,1.3211,179.4607,87.3151,7.0683,0.6926,"day,code,turnover_ratio,market_cap,circulating_market_cap,pe_ratio,pb_ratio"
2025-10-24,601187.XSHG,1.1924,176.2937,85.7743,6.9436,0.6804,"day,code,turnover_ratio,market_cap,circulating_market_cap,pe_ratio,pb_ratio"
2025-10-27,601187.XSHG,0.8728,178.9329,178.5432,7.0475,0.6906,"day,code,turnover_ratio,market_cap,circulating_market_cap,pe_ratio,pb_ratio"
2025-10-28,601187.XSHG,2.2117,188.6976,188.2867,7.4321,0.7283,"day,code,turnover_ratio,market_cap,circulating_market_cap,pe_ratio,pb_ratio"
2025-10-29,601187.XSHG,1.7927,179.4607,179.0698,7.0683,0.6926,"day,code,turnover_ratio,market_cap,circulating_market_cap,pe_ratio,pb_ratio"
2025-10-30,601187.XSHG,2.0414,185.0029,184.5999,7.1167,0.7032,"day,code,turnover_ratio,market_cap,circulating_market_cap,pe_ratio,pb_ratio"
2025-10-31,601187.XSHG,1.2899,186.0585,185.6533,7.1573,0.7072,"day,code,turnover_ratio,market_cap,circulating_market_cap,pe_ratio,pb_ratio"
2025-11-03,601187.XSHG,0.9217,187.3781,186.97,7.2081,0.7123,"day,code,turnover_ratio,market_cap,circulating_market_cap,pe_ratio,pb_ratio"
2025-11-04,601187.XSHG,2.2194,198.4624,198.0302,7.6344,0.7544,"day,code,turnover_ratio,market_cap,circulating_market_cap,pe_ratio,pb_ratio"
2025-11-05,601187.XSHG,1.7469,193.9759,193.5534,7.4619,0.7373,"day,code,turnover_ratio,market_cap,circulating_market_cap,pe_ratio,pb_ratio"
2025-11-06,601187.XSHG,2.0493,188.9616,188.55,7.269,0.7183,"day,code,turnover_ratio,market_cap,circulating_market_cap,pe_ratio,pb_ratio"
2025-11-07,601187.XSHG,1.2658,190.8089,190.3934,7.34,0.7253,"day,code,turnover_ratio,market_cap,circulating_market_cap,pe_ratio,pb_ratio"
2025-11-10,601187.XSHG,1.2587,196.3511,195.9235,7.5532,0.7464,"day,code,turnover_ratio,market_cap,circulating_market_cap,pe_ratio,pb_ratio"
2025-11-11,601187.XSHG,0.582,195.0316,194.6068,7.5025,0.7414,"day,code,turnover_ratio,market_cap,circulating_market_cap,pe_ratio,pb_ratio"
2025-11-12,601187.XSHG,0.7359,194.5037,194.0801,7.4822,0.7393,"day,code,turnover_ratio,market_cap,circulating_market_cap,pe_ratio,pb_ratio"
2025-11-13,601187.XSHG,0.739,193.4481,193.0268,7.4416,0.7353,"day,code,turnover_ratio,market_cap,circulating_market_cap,pe_ratio,pb_ratio"
2025-11-14,601187.XSHG,0.5807,192.1285,191.7101,7.3908,0.7303,"day,code,turnover_ratio,market_cap,circulating_market_cap,pe_ratio,pb_ratio"
2025-11-17,601187.XSHG,0.6588,190.8089,190.3934,7.34,0.7253,"day,code,turnover_ratio,market_cap,circulating_market_cap,pe_ratio,pb_ratio"
2025-11-18,601187.XSHG,0.547,188.1698,187.76,7.2385,0.7153,"day,code,turnover_ratio,market_cap,circulating_market_cap,pe_ratio,pb_ratio"
2025-11-19,601187.XSHG,0.5808,186.5863,186.18,7.1776,0.7093,"day,code,turnover_ratio,market_cap,circulating_market_cap,pe_ratio,pb_ratio"
2025-11-20,601187.XSHG,0.6814,186.8503,186.4433,7.1877,0.7103,"day,code,turnover_ratio,market_cap,circulating_market_cap,pe_ratio,pb_ratio"
2025-11-21,601187.XSHG,0.8398,184.2111,183.8099,7.0862,0.7002,"day,code,turnover_ratio,market_cap,circulating_market_cap,pe_ratio,pb_ratio"
2025-11-24,601187.XSHG,0.5671,182.6276,182.2299,7.0253,0.6942,"day,code,turnover_ratio,market_cap,circulating_market_cap,pe_ratio,pb_ratio"
2025-11-25,601187.XSHG,0.5936,185.5307,185.1266,7.137,0.7052,"day,code,turnover_ratio,market_cap,circulating_market_cap,pe_ratio,pb_ratio"
2025-11-26,601187.XSHG,0.5613,186.0585,185.6533,7.1573,0.7072,"day,code,turnover_ratio,market_cap,circulating_market_cap,pe_ratio,pb_ratio"
2025-11-27,601187.XSHG,0.3871,187.642,187.2333,7.2182,0.7133,"day,code,turnover_ratio,market_cap,circulating_market_cap,pe_ratio,pb_ratio"
2025-11-28,601187.XSHG,0.5947,188.6976,188.2867,7.2588,0.7173,"day,code,turnover_ratio,market_cap,circulating_market_cap,pe_ratio,pb_ratio"
2025-12-01,601187.XSHG,1.3918,198.4624,198.0302,7.6344,0.7544,"day,code,turnover_ratio,market_cap,circulating_market_cap,pe_ratio,pb_ratio"
2025-12-02,601187.XSHG,0.8784,201.3655,200.9269,7.7461,0.7654,"day,code,turnover_ratio,market_cap,circulating_market_cap,pe_ratio,pb_ratio"
2025-12-03,601187.XSHG,1.0557,199.782,199.3469,7.6852,0.7594,"day,code,turnover_ratio,market_cap,circulating_market_cap,pe_ratio,pb_ratio"
2025-12-04,601187.XSHG,0.7426,196.0872,195.6601,7.5431,0.7454,"day,code,turnover_ratio,market_cap,circulating_market_cap,pe_ratio,pb_ratio"
2025-12-05,601187.XSHG,0.8984,190.545,190.13,7.3299,0.7243,"day,code,turnover_ratio,market_cap,circulating_market_cap,pe_ratio,pb_ratio"
2025-12-08,601187.XSHG,1.266,196.8789,196.4502,7.5735,0.7484,"day,code,turnover_ratio,market_cap,circulating_market_cap,pe_ratio,pb_ratio"
2025-12-09,601187.XSHG,1.2652,199.2542,198.8202,7.6649,0.7574,"day,code,turnover_ratio,market_cap,circulating_market_cap,pe_ratio,pb_ratio"
2025-12-10,601187.XSHG,1.1895,199.5181,199.0835,7.6751,0.7584,"day,code,turnover_ratio,market_cap,circulating_market_cap,pe_ratio,pb_ratio"
2025-12-11,601187.XSHG,1.0493,200.0459,199.6102,7.6954,0.7604,"day,code,turnover_ratio,market_cap,circulating_market_cap,pe_ratio,pb_ratio"
2025-12-12,601187.XSHG,1.3595,199.5181,199.0835,7.6751,0.7584,"day,code,turnover_ratio,market_cap,circulating_market_cap,pe_ratio,pb_ratio"
2025-12-15,601187.XSHG,1.387,199.5181,199.0835,7.6751,0.7584,"day,code,turnover_ratio,market_cap,circulating_market_cap,pe_ratio,pb_ratio"
2025-12-16,601187.XSHG,0.8521,199.782,199.3469,7.6852,0.7594,"day,code,turnover_ratio,market_cap,circulating_market_cap,pe_ratio,pb_ratio"
2025-12-17,601187.XSHG,0.5883,198.1985,197.7668,7.6243,0.7534,"day,code,turnover_ratio,market_cap,circulating_market_cap,pe_ratio,pb_ratio"
2025-12-18,601187.XSHG,0.5983,202.9489,202.5069,7.807,0.7714,"day,code,turnover_ratio,market_cap,circulating_market_cap,pe_ratio,pb_ratio"
2025-12-19,601187.XSHG,0.6073,206.3798,205.9303,7.939,0.7845,"day,code,turnover_ratio,market_cap,circulating_market_cap,pe_ratio,pb_ratio"
2025-12-22,601187.XSHG,0.5077,203.4768,203.0336,7.8273,0.7735,"day,code,turnover_ratio,market_cap,circulating_market_cap,pe_ratio,pb_ratio"
2025-12-23,601187.XSHG,0.4623,205.0602,204.6136,7.8882,0.7795,"day,code,turnover_ratio,market_cap,circulating_market_cap,pe_ratio,pb_ratio"
2025-12-24,601187.XSHG,0.4821,206.1159,205.667,7.9289,0.7835,"day,code,turnover_ratio,market_cap,circulating_market_cap,pe_ratio,pb_ratio"
2025-12-25,601187.XSHG,0.333,204.5324,204.087,7.8679,0.7775,"day,code,turnover_ratio,market_cap,circulating_market_cap,pe_ratio,pb_ratio"
2025-12-26,601187.XSHG,0.5285,199.5181,199.0835,7.6751,0.7584,"day,code,turnover_ratio,market_cap,circulating_market_cap,pe_ratio,pb_ratio"
2025-12-29,601187.XSHG,0.4305,199.5181,199.0835,7.6751,0.7584,"day,code,turnover_ratio,market_cap,circulating_market_cap,pe_ratio,pb_ratio"
2025-12-30,601187.XSHG,0.5345,195.8233,195.3968,7.5329,0.7444,"day,code,turnover_ratio,market_cap,circulating_market_cap,pe_ratio,pb_ratio"
2025-12-31,601187.XSHG,0.5057,193.712,193.2901,7.4517,0.7363,"day,code,turnover_ratio,market_cap,circulating_market_cap,pe_ratio,pb_ratio"
2026-01-05,601187.XSHG,0.5136,193.4481,193.0268,7.4416,0.7353,"day,code,turnover_ratio,market_cap,circulating_market_cap,pe_ratio,pb_ratio"
2026-01-06,601187.XSHG,0.4416,193.4481,193.0268,7.4416,0.7353,"day,code,turnover_ratio,market_cap,circulating_market_cap,pe_ratio,pb_ratio"
2026-01-07,601187.XSHG,0.635,191.0729,190.6567,7.3502,0.7263,"day,code,turnover_ratio,market_cap,circulating_market_cap,pe_ratio,pb_ratio"
2026-01-08,601187.XSHG,0.5003,188.9616,188.55,7.269,0.7183,"day,code,turnover_ratio,market_cap,circulating_market_cap,pe_ratio,pb_ratio"
2026-01-09,601187.XSHG,0.6074,187.9059,187.4967,7.2284,0.7143,"day,code,turnover_ratio,market_cap,circulating_market_cap,pe_ratio,pb_ratio"
2026-01-12,601187.XSHG,0.8415,192.3924,191.9734,7.4009,0.7313,"day,code,turnover_ratio,market_cap,circulating_market_cap,pe_ratio,pb_ratio"
2026-01-13,601187.XSHG,0.6939,191.0729,190.6567,7.3502,0.7263,"day,code,turnover_ratio,market_cap,circulating_market_cap,pe_ratio,pb_ratio"
2026-01-14,601187.XSHG,0.6333,187.9059,187.4967,7.2284,0.7143,"day,code,turnover_ratio,market_cap,circulating_market_cap,pe_ratio,pb_ratio"
2026-01-15,601187.XSHG,0.339,188.6976,188.2867,7.2588,0.7173,"day,code,turnover_ratio,market_cap,circulating_market_cap,pe_ratio,pb_ratio"
2026-01-16,601187.XSHG,0.4886,190.0172,189.6034,7.3096,0.7223,"day,code,turnover_ratio,market_cap,circulating_market_cap,pe_ratio,pb_ratio"
2026-01-19,601187.XSHG,0.3526,188.4337,188.0233,7.2487,0.7163,"day,code,turnover_ratio,market_cap,circulating_market_cap,pe_ratio,pb_ratio"
2026-01-20,601187.XSHG,0.4654,191.3368,190.9201,7.3603,0.7273,"day,code,turnover_ratio,market_cap,circulating_market_cap,pe_ratio,pb_ratio"
2026-01-21,601187.XSHG,0.4844,188.1698,187.76,7.2385,0.7153,"day,code,turnover_ratio,market_cap,circulating_market_cap,pe_ratio,pb_ratio"
2026-01-22,601187.XSHG,0.4887,185.5307,185.1266,7.137,0.7052,"day,code,turnover_ratio,market_cap,circulating_market_cap,pe_ratio,pb_ratio"
2026-01-23,601187.XSHG,0.4909,185.2668,184.8633,7.1268,0.7042,"day,code,turnover_ratio,market_cap,circulating_market_cap,pe_ratio,pb_ratio"
2026-01-26,601187.XSHG,0.5617,184.475,184.0733,7.0964,0.7012,"day,code,turnover_ratio,market_cap,circulating_market_cap,pe_ratio,pb_ratio"
2026-01-27,601187.XSHG,0.4449,184.475,184.0733,7.0964,0.7012,"day,code,turnover_ratio,market_cap,circulating_market_cap,pe_ratio,pb_ratio"
2026-01-28,601187.XSHG,0.419,183.9472,183.5466,7.0761,0.6992,"day,code,turnover_ratio,market_cap,circulating_market_cap,pe_ratio,pb_ratio"
2026-01-29,601187.XSHG,0.6964,186.8503,186.4433,7.0938,0.5585,"day,code,turnover_ratio,market_cap,circulating_market_cap,pe_ratio,pb_ratio"
2026-01-30,601187.XSHG,0.4833,184.739,184.3366,7.0136,0.5522,"day,code,turnover_ratio,market_cap,circulating_market_cap,pe_ratio,pb_ratio"
2026-02-02,601187.XSHG,0.6033,184.475,184.0733,7.0036,0.5514,"day,code,turnover_ratio,market_cap,circulating_market_cap,pe_ratio,pb_ratio"
2026-02-03,601187.XSHG,0.4674,184.475,184.0733,7.0036,0.5514,"day,code,turnover_ratio,market_cap,circulating_market_cap,pe_ratio,pb_ratio"
2026-02-04,601187.XSHG,0.7006,190.2811,189.8667,7.224,0.5688,"day,code,turnover_ratio,market_cap,circulating_market_cap,pe_ratio,pb_ratio"
2026-02-05,601187.XSHG,1.9068,209.2828,208.827,7.9454,0.6255,"day,code,turnover_ratio,market_cap,circulating_market_cap,pe_ratio,pb_ratio"
2026-02-06,601187.XSHG,2.3461,205.5881,205.1403,7.8052,0.6145,"day,code,turnover_ratio,market_cap,circulating_market_cap,pe_ratio,pb_ratio"
2026-02-09,601187.XSHG,1.1939,208.2272,207.7737,7.9054,0.6224,"day,code,turnover_ratio,market_cap,circulating_market_cap,pe_ratio,pb_ratio"
2026-02-10,601187.XSHG,0.9844,203.4768,203.0336,7.725,0.6082,"day,code,turnover_ratio,market_cap,circulating_market_cap,pe_ratio,pb_ratio"
2026-02-11,601187.XSHG,0.5355,201.8933,201.4536,7.6649,0.6035,"day,code,turnover_ratio,market_cap,circulating_market_cap,pe_ratio,pb_ratio"
2026-02-12,601187.XSHG,0.6026,197.4068,196.9768,7.4946,0.59,"day,code,turnover_ratio,market_cap,circulating_market_cap,pe_ratio,pb_ratio"
2026-02-13,601187.XSHG,0.4808,194.2398,193.8168,7.3743,0.5806,"day,code,turnover_ratio,market_cap,circulating_market_cap,pe_ratio,pb_ratio"
2026-02-24,601187.XSHG,0.438,192.9202,192.5001,7.3242,0.5766,"day,code,turnover_ratio,market_cap,circulating_market_cap,pe_ratio,pb_ratio"
2026-02-25,601187.XSHG,0.7263,190.0172,189.6034,7.214,0.568,"day,code,turnover_ratio,market_cap,circulating_market_cap,pe_ratio,pb_ratio"
2026-02-26,601187.XSHG,0.7842,186.8503,186.4433,7.0938,0.5585,"day,code,turnover_ratio,market_cap,circulating_market_cap,pe_ratio,pb_ratio"
2026-02-27,601187.XSHG,1.0884,190.8089,190.3934,7.2441,0.5703,"day,code,turnover_ratio,market_cap,circulating_market_cap,pe_ratio,pb_ratio"
2026-03-02,601187.XSHG,1.3476,197.9346,197.5035,7.5146,0.5916,"day,code,turnover_ratio,market_cap,circulating_market_cap,pe_ratio,pb_ratio"
2026-03-03,601187.XSHG,1.3331,199.2542,198.8202,7.5647,0.5956,"day,code,turnover_ratio,market_cap,circulating_market_cap,pe_ratio,pb_ratio"
2026-03-04,601187.XSHG,0.9203,197.9346,197.5035,7.5146,0.5916,"day,code,turnover_ratio,market_cap,circulating_market_cap,pe_ratio,pb_ratio"
2026-03-05,601187.XSHG,0.688,196.8789,196.4502,7.4745,0.5885,"day,code,turnover_ratio,market_cap,circulating_market_cap,pe_ratio,pb_ratio"
2026-03-06,601187.XSHG,0.5789,197.1429,196.7135,7.4845,0.5893,"day,code,turnover_ratio,market_cap,circulating_market_cap,pe_ratio,pb_ratio"
2026-03-09,601187.XSHG,0.7471,192.6563,192.2367,7.3142,0.5758,"day,code,turnover_ratio,market_cap,circulating_market_cap,pe_ratio,pb_ratio"
2026-03-10,601187.XSHG,0.597,190.545,190.13,7.2341,0.5695,"day,code,turnover_ratio,market_cap,circulating_market_cap,pe_ratio,pb_ratio"
2026-03-11,601187.XSHG,0.4891,191.8646,191.4467,7.2842,0.5735,"day,code,turnover_ratio,market_cap,circulating_market_cap,pe_ratio,pb_ratio"
2026-03-12,601187.XSHG,0.5174,193.9759,193.5534,7.3643,0.5798,"day,code,turnover_ratio,market_cap,circulating_market_cap,pe_ratio,pb_ratio"
2026-03-13,601187.XSHG,0.6215,195.2955,194.8701,7.4144,0.5837,"day,code,turnover_ratio,market_cap,circulating_market_cap,pe_ratio,pb_ratio"
2026-03-16,601187.XSHG,1.0224,202.4211,201.9803,7.6849,0.605,"day,code,turnover_ratio,market_cap,circulating_market_cap,pe_ratio,pb_ratio"
2026-03-17,601187.XSHG,0.7588,202.9489,202.5069,7.705,0.6066,"day,code,turnover_ratio,market_cap,circulating_market_cap,pe_ratio,pb_ratio"
2026-03-18,601187.XSHG,0.5263,200.0459,199.6102,7.5948,0.5979,"day,code,turnover_ratio,market_cap,circulating_market_cap,pe_ratio,pb_ratio"
2026-03-19,601187.XSHG,0.6875,201.3655,200.9269,7.6449,0.6019,"day,code,turnover_ratio,market_cap,circulating_market_cap,pe_ratio,pb_ratio"
2026-03-20,601187.XSHG,0.918,204.2685,203.8236,7.7551,0.6106,"day,code,turnover_ratio,market_cap,circulating_market_cap,pe_ratio,pb_ratio"
2026-03-23,601187.XSHG,1.1171,193.9759,193.5534,7.3643,0.5798,"day,code,turnover_ratio,market_cap,circulating_market_cap,pe_ratio,pb_ratio"
2026-03-24,601187.XSHG,0.7315,198.9902,198.5569,7.5547,0.5948,"day,code,turnover_ratio,market_cap,circulating_market_cap,pe_ratio,pb_ratio"
2026-03-25,601187.XSHG,0.638,201.3655,200.9269,7.6449,0.6019,"day,code,turnover_ratio,market_cap,circulating_market_cap,pe_ratio,pb_ratio"
2026-03-26,601187.XSHG,0.5759,198.9902,198.5569,7.5547,0.5948,"day,code,turnover_ratio,market_cap,circulating_market_cap,pe_ratio,pb_ratio"
2026-03-27,601187.XSHG,0.5234,195.5594,195.1335,7.4244,0.5845,"day,code,turnover_ratio,market_cap,circulating_market_cap,pe_ratio,pb_ratio"
2026-03-30,601187.XSHG,1.1638,203.2128,202.7703,7.715,0.6074,"day,code,turnover_ratio,market_cap,circulating_market_cap,pe_ratio,pb_ratio"
2026-03-31,601187.XSHG,0.5798,201.8933,201.4536,7.6649,0.6035,"day,code,turnover_ratio,market_cap,circulating_market_cap,pe_ratio,pb_ratio"
2026-04-01,601187.XSHG,0.5465,204.5324,204.087,7.7651,0.6113,"day,code,turnover_ratio,market_cap,circulating_market_cap,pe_ratio,pb_ratio"
2026-04-02,601187.XSHG,0.5947,205.852,205.4036,7.8152,0.6153,"day,code,turnover_ratio,market_cap,circulating_market_cap,pe_ratio,pb_ratio"
2026-04-03,601187.XSHG,0.4599,202.685,202.2436,7.695,0.6058,"day,code,turnover_ratio,market_cap,circulating_market_cap,pe_ratio,pb_ratio"
2026-04-07,601187.XSHG,0.459,201.6294,201.1902,7.6549,0.6027,"day,code,turnover_ratio,market_cap,circulating_market_cap,pe_ratio,pb_ratio"
2026-04-08,601187.XSHG,0.6737,203.4768,203.0336,7.725,0.6082,"day,code,turnover_ratio,market_cap,circulating_market_cap,pe_ratio,pb_ratio"
2026-04-09,601187.XSHG,0.5581,198.4624,198.0302,7.5346,0.5932,"day,code,turnover_ratio,market_cap,circulating_market_cap,pe_ratio,pb_ratio"
2026-04-10,601187.XSHG,0.449,196.3511,195.9235,7.4545,0.5869,"day,code,turnover_ratio,market_cap,circulating_market_cap,pe_ratio,pb_ratio"
2026-04-13,601187.XSHG,0.6283,199.782,199.3469,7.5847,0.5971,"day,code,turnover_ratio,market_cap,circulating_market_cap,pe_ratio,pb_ratio"
2026-04-14,601187.XSHG,0.6751,201.3655,200.9269,7.6449,0.6019,"day,code,turnover_ratio,market_cap,circulating_market_cap,pe_ratio,pb_ratio"
2026-04-15,601187.XSHG,0.5493,201.8933,201.4536,7.6649,0.6035,"day,code,turnover_ratio,market_cap,circulating_market_cap,pe_ratio,pb_ratio"
2026-04-16,601187.XSHG,0.587,199.782,199.3469,7.5847,0.5971,"day,code,turnover_ratio,market_cap,circulating_market_cap,pe_ratio,pb_ratio"
2026-04-17,601187.XSHG,0.3081,198.7263,198.2935,7.5447,0.594,"day,code,turnover_ratio,market_cap,circulating_market_cap,pe_ratio,pb_ratio"
2026-04-20,601187.XSHG,0.9179,204.5324,204.087,7.7651,0.6113,"day,code,turnover_ratio,market_cap,circulating_market_cap,pe_ratio,pb_ratio"
2026-04-21,601187.XSHG,0.6398,205.852,205.4036,7.8152,0.6153,"day,code,turnover_ratio,market_cap,circulating_market_cap,pe_ratio,pb_ratio"
2026-04-22,601187.XSHG,0.3665,204.7963,204.3503,7.7751,0.6121,"day,code,turnover_ratio,market_cap,circulating_market_cap,pe_ratio,pb_ratio"
2026-04-23,601187.XSHG,0.9036,211.1302,210.6704,8.0156,0.6311,"day,code,turnover_ratio,market_cap,circulating_market_cap,pe_ratio,pb_ratio"
2026-04-24,601187.XSHG,0.671,204.2685,203.8236,7.7551,0.6106,"day,code,turnover_ratio,market_cap,circulating_market_cap,pe_ratio,pb_ratio"
2026-04-27,601187.XSHG,0.7839,200.8376,200.4002,7.6248,0.6003,"day,code,turnover_ratio,market_cap,circulating_market_cap,pe_ratio,pb_ratio"
2026-04-28,601187.XSHG,0.6047,202.4211,201.9803,7.6849,0.605,"day,code,turnover_ratio,market_cap,circulating_market_cap,pe_ratio,pb_ratio"
2026-04-29,601187.XSHG,0.693,201.8933,201.4536,7.6649,0.6035,"day,code,turnover_ratio,market_cap,circulating_market_cap,pe_ratio,pb_ratio"
2026-04-30,601187.XSHG,0.7287,203.7407,203.2969,7.5947,0.7472,"day,code,turnover_ratio,market_cap,circulating_market_cap,pe_ratio,pb_ratio"
