code,statement_family,report_period_end,quarter_key,year_key,standard_field_name,source_table,source_field,raw_primary_value,raw_fallback_value,raw_value_used,prior_cumulative_value_used,transformation_rule,conversion_success,missing_reason
001227.XSHE,cash_flow,2022-06-30,2022q2,,net_deposit_increase,finance_cashflow_statement_current_only.csv,net_deposit_increase,16455115190.76,9676556553.42,16455115190.76,6778558637.34,identity_q1_or_ytd_diff,True,
001227.XSHE,cash_flow,2022-06-30,2022q2,,net_borrowing_from_central_bank,finance_cashflow_statement_current_only.csv,net_borrowing_from_central_bank,,,,1098215346.81,identity_q1_or_ytd_diff,False,missing_raw_value
001227.XSHE,cash_flow,2022-06-30,2022q2,,net_borrowing_from_finance_co,finance_cashflow_statement_current_only.csv,net_borrowing_from_finance_co,,,,,identity_q1_or_ytd_diff,False,missing_raw_value
001227.XSHE,cash_flow,2022-06-30,2022q2,,interest_and_commission_cashin,finance_cashflow_statement_current_only.csv,interest_and_commission_cashin,10099044242.67,5070455624.09,10099044242.67,5028588618.58,identity_q1_or_ytd_diff,True,
001227.XSHE,cash_flow,2022-06-30,2022q2,,net_increase_in_placements,finance_cashflow_statement_current_only.csv,net_increase_in_placements,,,,,identity_q1_or_ytd_diff,False,missing_raw_value
001227.XSHE,cash_flow,2022-06-30,2022q2,,net_buyback,finance_cashflow_statement_current_only.csv,net_buyback,16252602675.3,,16252602675.3,,identity_q1_or_ytd_diff,False,missing_prior_cumulative_report
001227.XSHE,cash_flow,2022-06-30,2022q2,,tax_levy_refund,finance_cashflow_statement_current_only.csv,tax_levy_refund,,,,,identity_q1_or_ytd_diff,False,missing_raw_value
001227.XSHE,cash_flow,2022-06-30,2022q2,,goods_and_services_cash_paid,finance_cashflow_statement_current_only.csv,goods_and_services_cash_paid,,,,,identity_q1_or_ytd_diff,False,missing_raw_value
001227.XSHE,cash_flow,2022-06-30,2022q2,,net_loan_and_advance_increase,finance_cashflow_statement_current_only.csv,net_loan_and_advance_increase,3508196871.84,,3508196871.84,,identity_q1_or_ytd_diff,False,missing_prior_cumulative_report
001227.XSHE,cash_flow,2022-06-30,2022q2,,net_deposit_in_cb_and_ib,finance_cashflow_statement_current_only.csv,net_deposit_in_cb_and_ib,1702710317.34,294893758.4,1702710317.34,1407816558.94,identity_q1_or_ytd_diff,True,
001227.XSHE,cash_flow,2022-06-30,2022q2,,original_compensation_paid,finance_cashflow_statement_current_only.csv,original_compensation_paid,,,,,identity_q1_or_ytd_diff,False,missing_raw_value
001227.XSHE,cash_flow,2022-06-30,2022q2,,policy_dividend_cash_paid,finance_cashflow_statement_current_only.csv,policy_dividend_cash_paid,,,,,identity_q1_or_ytd_diff,False,missing_raw_value
001227.XSHE,cash_flow,2022-06-30,2022q2,,staff_behalf_paid,finance_cashflow_statement_current_only.csv,staff_behalf_paid,701050380.95,269081317.24,701050380.95,431969063.71,identity_q1_or_ytd_diff,True,
001227.XSHE,cash_flow,2022-06-30,2022q2,,tax_payments,finance_cashflow_statement_current_only.csv,tax_payments,729307754.09,280173740.43,729307754.09,449134013.66,identity_q1_or_ytd_diff,True,
001227.XSHE,cash_flow,2022-06-30,2022q2,,subtotal_operate_cash_inflow,finance_cashflow_statement_current_only.csv,subtotal_operate_cash_inflow,43607886288.44,23333049594.83,43607886288.44,20274836693.61,identity_q1_or_ytd_diff,True,
001227.XSHE,cash_flow,2022-06-30,2022q2,,subtotal_operate_cash_outflow,finance_cashflow_statement_current_only.csv,subtotal_operate_cash_outflow,36780120905.52,15685996272.69,36780120905.52,21094124632.83,identity_q1_or_ytd_diff,True,
001227.XSHE,cash_flow,2022-06-30,2022q2,,net_operate_cash_flow,finance_cashflow_statement_current_only.csv,net_operate_cash_flow,6827765382.92,7647053322.14,6827765382.92,-819287939.22,identity_q1_or_ytd_diff,True,
001227.XSHE,cash_flow,2022-06-30,2022q2,,invest_withdrawal_cash,finance_cashflow_statement_current_only.csv,invest_withdrawal_cash,12742548856.59,6084345856.59,12742548856.59,6658203000.0,identity_q1_or_ytd_diff,True,
001227.XSHE,cash_flow,2022-06-30,2022q2,,invest_proceeds,finance_cashflow_statement_current_only.csv,invest_proceeds,103302965.46,74405193.31,103302965.46,28897772.15,identity_q1_or_ytd_diff,True,
001227.XSHE,cash_flow,2022-06-30,2022q2,,fix_intan_other_asset_acqui_cash,finance_cashflow_statement_current_only.csv,fix_intan_other_asset_acqui_cash,45086606.16,7113830.13,45086606.16,37972776.03,identity_q1_or_ytd_diff,True,
001227.XSHE,cash_flow,2022-06-30,2022q2,,invest_cash_paid,finance_cashflow_statement_current_only.csv,invest_cash_paid,19136347447.4,12710447447.4,19136347447.4,6425900000.0,identity_q1_or_ytd_diff,True,
001227.XSHE,cash_flow,2022-06-30,2022q2,,impawned_loan_net_increase,finance_cashflow_statement_current_only.csv,impawned_loan_net_increase,,,,,identity_q1_or_ytd_diff,False,missing_raw_value
001227.XSHE,cash_flow,2022-06-30,2022q2,,subtotal_invest_cash_inflow,finance_cashflow_statement_current_only.csv,subtotal_invest_cash_inflow,12852281822.05,6158388545.32,12852281822.05,6693893276.73,identity_q1_or_ytd_diff,True,
001227.XSHE,cash_flow,2022-06-30,2022q2,,subtotal_invest_cash_outflow,finance_cashflow_statement_current_only.csv,subtotal_invest_cash_outflow,19181434053.56,12717561277.53,19181434053.56,6463872776.03,identity_q1_or_ytd_diff,True,
001227.XSHE,cash_flow,2022-06-30,2022q2,,net_invest_cash_flow,finance_cashflow_statement_current_only.csv,net_invest_cash_flow,-6329152231.51,-6559172732.21,-6329152231.51,230020500.7,identity_q1_or_ytd_diff,True,
001227.XSHE,cash_flow,2022-06-30,2022q2,,cash_from_invest,finance_cashflow_statement_current_only.csv,cash_from_invest,1968333481.41,-3952830.14,1968333481.41,1972286311.55,identity_q1_or_ytd_diff,True,
001227.XSHE,cash_flow,2022-06-30,2022q2,,cash_from_bonds_issue,finance_cashflow_statement_current_only.csv,cash_from_bonds_issue,,,,,identity_q1_or_ytd_diff,False,missing_raw_value
001227.XSHE,cash_flow,2022-06-30,2022q2,,cash_from_borrowing,finance_cashflow_statement_current_only.csv,cash_from_borrowing,,,,,identity_q1_or_ytd_diff,False,missing_raw_value
001227.XSHE,cash_flow,2022-06-30,2022q2,,subtotal_finance_cash_inflow,finance_cashflow_statement_current_only.csv,subtotal_finance_cash_inflow,1968333481.41,-3952830.14,1968333481.41,1972286311.55,identity_q1_or_ytd_diff,True,
001227.XSHE,cash_flow,2022-06-30,2022q2,,borrowing_repayment,finance_cashflow_statement_current_only.csv,borrowing_repayment,2000000000.0,,2000000000.0,,identity_q1_or_ytd_diff,False,missing_prior_cumulative_report
001227.XSHE,cash_flow,2022-06-30,2022q2,,dividend_interest_payment,finance_cashflow_statement_current_only.csv,dividend_interest_payment,74491747.72,,74491747.72,,identity_q1_or_ytd_diff,False,missing_prior_cumulative_report
001227.XSHE,cash_flow,2022-06-30,2022q2,,subtotal_finance_cash_outflow,finance_cashflow_statement_current_only.csv,subtotal_finance_cash_outflow,2104037406.36,2084855927.66,2104037406.36,19181478.7,identity_q1_or_ytd_diff,True,
001227.XSHE,cash_flow,2022-06-30,2022q2,,net_finance_cash_flow,finance_cashflow_statement_current_only.csv,net_finance_cash_flow,-135703924.95,-2088808757.8,-135703924.95,1953104832.85,identity_q1_or_ytd_diff,True,
001227.XSHE,cash_flow,2022-06-30,2022q2,,exchange_rate_change_effect,finance_cashflow_statement_current_only.csv,exchange_rate_change_effect,206591.76,-1514945.06,206591.76,1721536.82,identity_q1_or_ytd_diff,True,
001227.XSHE,cash_flow,2022-06-30,2022q2,,cash_equivalent_increase,finance_cashflow_statement_current_only.csv,cash_equivalent_increase,363115818.22,-1002443112.93,363115818.22,1365558931.15,identity_q1_or_ytd_diff,True,
001227.XSHE,cash_flow,2022-06-30,2022q2,,cash_equivalents_at_beginning,finance_cashflow_statement_current_only.csv,cash_equivalents_at_beginning,3286392517.24,4651951448.39,3286392517.24,3286392517.25,identity_q1_or_ytd_diff,True,
001227.XSHE,cash_flow,2022-06-30,2022q2,,cash_and_equivalents_at_end,finance_cashflow_statement_current_only.csv,cash_and_equivalents_at_end,3649508335.46,3649508335.46,3649508335.46,4651951448.4,identity_q1_or_ytd_diff,True,
001227.XSHE,cash_flow,2022-09-30,2022q3,,net_deposit_increase,finance_cashflow_statement_current_only.csv,net_deposit_increase,21661332990.2,5206217799.44,21661332990.2,16455115190.76,identity_q1_or_ytd_diff,True,
001227.XSHE,cash_flow,2022-09-30,2022q3,,net_borrowing_from_central_bank,finance_cashflow_statement_current_only.csv,net_borrowing_from_central_bank,,,,,identity_q1_or_ytd_diff,False,missing_raw_value
001227.XSHE,cash_flow,2022-09-30,2022q3,,net_borrowing_from_finance_co,finance_cashflow_statement_current_only.csv,net_borrowing_from_finance_co,,,,,identity_q1_or_ytd_diff,False,missing_raw_value
001227.XSHE,cash_flow,2022-09-30,2022q3,,interest_and_commission_cashin,finance_cashflow_statement_current_only.csv,interest_and_commission_cashin,14778932694.62,4679888451.95,14778932694.62,10099044242.67,identity_q1_or_ytd_diff,True,
001227.XSHE,cash_flow,2022-09-30,2022q3,,net_increase_in_placements,finance_cashflow_statement_current_only.csv,net_increase_in_placements,,,,,identity_q1_or_ytd_diff,False,missing_raw_value
001227.XSHE,cash_flow,2022-09-30,2022q3,,net_buyback,finance_cashflow_statement_current_only.csv,net_buyback,,,,16252602675.3,identity_q1_or_ytd_diff,False,missing_raw_value
001227.XSHE,cash_flow,2022-09-30,2022q3,,tax_levy_refund,finance_cashflow_statement_current_only.csv,tax_levy_refund,,,,,identity_q1_or_ytd_diff,False,missing_raw_value
001227.XSHE,cash_flow,2022-09-30,2022q3,,goods_and_services_cash_paid,finance_cashflow_statement_current_only.csv,goods_and_services_cash_paid,,,,,identity_q1_or_ytd_diff,False,missing_raw_value
001227.XSHE,cash_flow,2022-09-30,2022q3,,net_loan_and_advance_increase,finance_cashflow_statement_current_only.csv,net_loan_and_advance_increase,10556977530.95,7048780659.11,10556977530.95,3508196871.84,identity_q1_or_ytd_diff,True,
001227.XSHE,cash_flow,2022-09-30,2022q3,,net_deposit_in_cb_and_ib,finance_cashflow_statement_current_only.csv,net_deposit_in_cb_and_ib,1246247820.98,-456462496.36,1246247820.98,1702710317.34,identity_q1_or_ytd_diff,True,
001227.XSHE,cash_flow,2022-09-30,2022q3,,original_compensation_paid,finance_cashflow_statement_current_only.csv,original_compensation_paid,,,,,identity_q1_or_ytd_diff,False,missing_raw_value
001227.XSHE,cash_flow,2022-09-30,2022q3,,policy_dividend_cash_paid,finance_cashflow_statement_current_only.csv,policy_dividend_cash_paid,,,,,identity_q1_or_ytd_diff,False,missing_raw_value
001227.XSHE,cash_flow,2022-09-30,2022q3,,staff_behalf_paid,finance_cashflow_statement_current_only.csv,staff_behalf_paid,909198672.42,208148291.47,909198672.42,701050380.95,identity_q1_or_ytd_diff,True,
001227.XSHE,cash_flow,2022-09-30,2022q3,,tax_payments,finance_cashflow_statement_current_only.csv,tax_payments,990805670.04,261497915.95,990805670.04,729307754.09,identity_q1_or_ytd_diff,True,
001227.XSHE,cash_flow,2022-09-30,2022q3,,subtotal_operate_cash_inflow,finance_cashflow_statement_current_only.csv,subtotal_operate_cash_inflow,55568152250.09,11960265961.65,55568152250.09,43607886288.44,identity_q1_or_ytd_diff,True,
001227.XSHE,cash_flow,2022-09-30,2022q3,,subtotal_operate_cash_outflow,finance_cashflow_statement_current_only.csv,subtotal_operate_cash_outflow,51357874521.91,14577753616.39,51357874521.91,36780120905.52,identity_q1_or_ytd_diff,True,
001227.XSHE,cash_flow,2022-09-30,2022q3,,net_operate_cash_flow,finance_cashflow_statement_current_only.csv,net_operate_cash_flow,4210277728.18,-2617487654.74,4210277728.18,6827765382.92,identity_q1_or_ytd_diff,True,
001227.XSHE,cash_flow,2022-09-30,2022q3,,invest_withdrawal_cash,finance_cashflow_statement_current_only.csv,invest_withdrawal_cash,21933591553.74,9191042697.15,21933591553.74,12742548856.59,identity_q1_or_ytd_diff,True,
001227.XSHE,cash_flow,2022-09-30,2022q3,,invest_proceeds,finance_cashflow_statement_current_only.csv,invest_proceeds,226163078.8,122860113.34,226163078.8,103302965.46,identity_q1_or_ytd_diff,True,
001227.XSHE,cash_flow,2022-09-30,2022q3,,fix_intan_other_asset_acqui_cash,finance_cashflow_statement_current_only.csv,fix_intan_other_asset_acqui_cash,80956027.01,35869420.85,80956027.01,45086606.16,identity_q1_or_ytd_diff,True,
001227.XSHE,cash_flow,2022-09-30,2022q3,,invest_cash_paid,finance_cashflow_statement_current_only.csv,invest_cash_paid,24140178529.88,5003831082.48,24140178529.88,19136347447.4,identity_q1_or_ytd_diff,True,
001227.XSHE,cash_flow,2022-09-30,2022q3,,impawned_loan_net_increase,finance_cashflow_statement_current_only.csv,impawned_loan_net_increase,,,,,identity_q1_or_ytd_diff,False,missing_raw_value
001227.XSHE,cash_flow,2022-09-30,2022q3,,subtotal_invest_cash_inflow,finance_cashflow_statement_current_only.csv,subtotal_invest_cash_inflow,22166184632.54,9313902810.49,22166184632.54,12852281822.05,identity_q1_or_ytd_diff,True,
001227.XSHE,cash_flow,2022-09-30,2022q3,,subtotal_invest_cash_outflow,finance_cashflow_statement_current_only.csv,subtotal_invest_cash_outflow,24221134556.89,5039700503.33,24221134556.89,19181434053.56,identity_q1_or_ytd_diff,True,
001227.XSHE,cash_flow,2022-09-30,2022q3,,net_invest_cash_flow,finance_cashflow_statement_current_only.csv,net_invest_cash_flow,-2054949924.35,4274202307.16,-2054949924.35,-6329152231.51,identity_q1_or_ytd_diff,True,
001227.XSHE,cash_flow,2022-09-30,2022q3,,cash_from_invest,finance_cashflow_statement_current_only.csv,cash_from_invest,1968563434.24,229952.83,1968563434.24,1968333481.41,identity_q1_or_ytd_diff,True,
001227.XSHE,cash_flow,2022-09-30,2022q3,,cash_from_bonds_issue,finance_cashflow_statement_current_only.csv,cash_from_bonds_issue,,,,,identity_q1_or_ytd_diff,False,missing_raw_value
001227.XSHE,cash_flow,2022-09-30,2022q3,,cash_from_borrowing,finance_cashflow_statement_current_only.csv,cash_from_borrowing,,,,,identity_q1_or_ytd_diff,False,missing_raw_value
001227.XSHE,cash_flow,2022-09-30,2022q3,,subtotal_finance_cash_inflow,finance_cashflow_statement_current_only.csv,subtotal_finance_cash_inflow,1968563434.24,229952.83,1968563434.24,1968333481.41,identity_q1_or_ytd_diff,True,
001227.XSHE,cash_flow,2022-09-30,2022q3,,borrowing_repayment,finance_cashflow_statement_current_only.csv,borrowing_repayment,2000000000.0,0.0,2000000000.0,2000000000.0,identity_q1_or_ytd_diff,True,
001227.XSHE,cash_flow,2022-09-30,2022q3,,dividend_interest_payment,finance_cashflow_statement_current_only.csv,dividend_interest_payment,661197893.09,586706145.37,661197893.09,74491747.72,identity_q1_or_ytd_diff,True,
001227.XSHE,cash_flow,2022-09-30,2022q3,,subtotal_finance_cash_outflow,finance_cashflow_statement_current_only.csv,subtotal_finance_cash_outflow,2699427688.77,595390282.41,2699427688.77,2104037406.36,identity_q1_or_ytd_diff,True,
001227.XSHE,cash_flow,2022-09-30,2022q3,,net_finance_cash_flow,finance_cashflow_statement_current_only.csv,net_finance_cash_flow,-730864254.53,-595160329.58,-730864254.53,-135703924.95,identity_q1_or_ytd_diff,True,
001227.XSHE,cash_flow,2022-09-30,2022q3,,exchange_rate_change_effect,finance_cashflow_statement_current_only.csv,exchange_rate_change_effect,-40227.78,-246819.54,-40227.78,206591.76,identity_q1_or_ytd_diff,True,
001227.XSHE,cash_flow,2022-09-30,2022q3,,cash_equivalent_increase,finance_cashflow_statement_current_only.csv,cash_equivalent_increase,1424423321.52,1061307503.3,1424423321.52,363115818.22,identity_q1_or_ytd_diff,True,
001227.XSHE,cash_flow,2022-09-30,2022q3,,cash_equivalents_at_beginning,finance_cashflow_statement_current_only.csv,cash_equivalents_at_beginning,3286392517.24,3649508335.46,3286392517.24,3286392517.24,identity_q1_or_ytd_diff,True,
001227.XSHE,cash_flow,2022-09-30,2022q3,,cash_and_equivalents_at_end,finance_cashflow_statement_current_only.csv,cash_and_equivalents_at_end,4710815838.76,4710815838.76,4710815838.76,3649508335.46,identity_q1_or_ytd_diff,True,
001227.XSHE,cash_flow,2022-12-31,2022q4,,net_deposit_increase,finance_cashflow_statement_current_only.csv,net_deposit_increase,24400456734.36,2739123744.16,24400456734.36,21661332990.2,identity_q1_or_ytd_diff,True,
001227.XSHE,cash_flow,2022-12-31,2022q4,,net_borrowing_from_central_bank,finance_cashflow_statement_current_only.csv,net_borrowing_from_central_bank,,,,,identity_q1_or_ytd_diff,False,missing_raw_value
001227.XSHE,cash_flow,2022-12-31,2022q4,,net_borrowing_from_finance_co,finance_cashflow_statement_current_only.csv,net_borrowing_from_finance_co,,,,,identity_q1_or_ytd_diff,False,missing_raw_value
001227.XSHE,cash_flow,2022-12-31,2022q4,,interest_and_commission_cashin,finance_cashflow_statement_current_only.csv,interest_and_commission_cashin,19497225938.41,4718293243.79,19497225938.41,14778932694.62,identity_q1_or_ytd_diff,True,
001227.XSHE,cash_flow,2022-12-31,2022q4,,net_increase_in_placements,finance_cashflow_statement_current_only.csv,net_increase_in_placements,,,,,identity_q1_or_ytd_diff,False,missing_raw_value
001227.XSHE,cash_flow,2022-12-31,2022q4,,net_buyback,finance_cashflow_statement_current_only.csv,net_buyback,,,,,identity_q1_or_ytd_diff,False,missing_raw_value
001227.XSHE,cash_flow,2022-12-31,2022q4,,tax_levy_refund,finance_cashflow_statement_current_only.csv,tax_levy_refund,20791560.21,,20791560.21,,identity_q1_or_ytd_diff,False,missing_prior_cumulative_report
001227.XSHE,cash_flow,2022-12-31,2022q4,,goods_and_services_cash_paid,finance_cashflow_statement_current_only.csv,goods_and_services_cash_paid,,,,,identity_q1_or_ytd_diff,False,missing_raw_value
001227.XSHE,cash_flow,2022-12-31,2022q4,,net_loan_and_advance_increase,finance_cashflow_statement_current_only.csv,net_loan_and_advance_increase,12497565232.48,1940587701.53,12497565232.48,10556977530.95,identity_q1_or_ytd_diff,True,
001227.XSHE,cash_flow,2022-12-31,2022q4,,net_deposit_in_cb_and_ib,finance_cashflow_statement_current_only.csv,net_deposit_in_cb_and_ib,840970342.15,-405277478.83,840970342.15,1246247820.98,identity_q1_or_ytd_diff,True,
001227.XSHE,cash_flow,2022-12-31,2022q4,,original_compensation_paid,finance_cashflow_statement_current_only.csv,original_compensation_paid,,,,,identity_q1_or_ytd_diff,False,missing_raw_value
001227.XSHE,cash_flow,2022-12-31,2022q4,,policy_dividend_cash_paid,finance_cashflow_statement_current_only.csv,policy_dividend_cash_paid,,,,,identity_q1_or_ytd_diff,False,missing_raw_value
001227.XSHE,cash_flow,2022-12-31,2022q4,,staff_behalf_paid,finance_cashflow_statement_current_only.csv,staff_behalf_paid,1486207325.29,577008652.87,1486207325.29,909198672.42,identity_q1_or_ytd_diff,True,
001227.XSHE,cash_flow,2022-12-31,2022q4,,tax_payments,finance_cashflow_statement_current_only.csv,tax_payments,1295093873.7,304288203.66,1295093873.7,990805670.04,identity_q1_or_ytd_diff,True,
001227.XSHE,cash_flow,2022-12-31,2022q4,,subtotal_operate_cash_inflow,finance_cashflow_statement_current_only.csv,subtotal_operate_cash_inflow,61515464760.19,5947312510.1,61515464760.19,55568152250.09,identity_q1_or_ytd_diff,True,
001227.XSHE,cash_flow,2022-12-31,2022q4,,subtotal_operate_cash_outflow,finance_cashflow_statement_current_only.csv,subtotal_operate_cash_outflow,52217066662.55,859192140.64,52217066662.55,51357874521.91,identity_q1_or_ytd_diff,True,
001227.XSHE,cash_flow,2022-12-31,2022q4,,net_operate_cash_flow,finance_cashflow_statement_current_only.csv,net_operate_cash_flow,9298398097.64,5088120369.46,9298398097.64,4210277728.18,identity_q1_or_ytd_diff,True,
001227.XSHE,cash_flow,2022-12-31,2022q4,,invest_withdrawal_cash,finance_cashflow_statement_current_only.csv,invest_withdrawal_cash,24580288000.0,2646696446.26,24580288000.0,21933591553.74,identity_q1_or_ytd_diff,True,
001227.XSHE,cash_flow,2022-12-31,2022q4,,invest_proceeds,finance_cashflow_statement_current_only.csv,invest_proceeds,77199290.34,-148963788.46,77199290.34,226163078.8,identity_q1_or_ytd_diff,True,
001227.XSHE,cash_flow,2022-12-31,2022q4,,fix_intan_other_asset_acqui_cash,finance_cashflow_statement_current_only.csv,fix_intan_other_asset_acqui_cash,118322931.47,37366904.46,118322931.47,80956027.01,identity_q1_or_ytd_diff,True,
001227.XSHE,cash_flow,2022-12-31,2022q4,,invest_cash_paid,finance_cashflow_statement_current_only.csv,invest_cash_paid,28468623056.29,4328444526.41,28468623056.29,24140178529.88,identity_q1_or_ytd_diff,True,
001227.XSHE,cash_flow,2022-12-31,2022q4,,impawned_loan_net_increase,finance_cashflow_statement_current_only.csv,impawned_loan_net_increase,,,,,identity_q1_or_ytd_diff,False,missing_raw_value
001227.XSHE,cash_flow,2022-12-31,2022q4,,subtotal_invest_cash_inflow,finance_cashflow_statement_current_only.csv,subtotal_invest_cash_inflow,25325879842.95,3159695210.41,25325879842.95,22166184632.54,identity_q1_or_ytd_diff,True,
001227.XSHE,cash_flow,2022-12-31,2022q4,,subtotal_invest_cash_outflow,finance_cashflow_statement_current_only.csv,subtotal_invest_cash_outflow,28586945987.76,4365811430.87,28586945987.76,24221134556.89,identity_q1_or_ytd_diff,True,
001227.XSHE,cash_flow,2022-12-31,2022q4,,net_invest_cash_flow,finance_cashflow_statement_current_only.csv,net_invest_cash_flow,-3261066144.81,-1206116220.46,-3261066144.81,-2054949924.35,identity_q1_or_ytd_diff,True,
001227.XSHE,cash_flow,2022-12-31,2022q4,,cash_from_invest,finance_cashflow_statement_current_only.csv,cash_from_invest,1968563434.24,0.0,1968563434.24,1968563434.24,identity_q1_or_ytd_diff,True,
001227.XSHE,cash_flow,2022-12-31,2022q4,,cash_from_bonds_issue,finance_cashflow_statement_current_only.csv,cash_from_bonds_issue,,,,,identity_q1_or_ytd_diff,False,missing_raw_value
001227.XSHE,cash_flow,2022-12-31,2022q4,,cash_from_borrowing,finance_cashflow_statement_current_only.csv,cash_from_borrowing,,,,,identity_q1_or_ytd_diff,False,missing_raw_value
001227.XSHE,cash_flow,2022-12-31,2022q4,,subtotal_finance_cash_inflow,finance_cashflow_statement_current_only.csv,subtotal_finance_cash_inflow,1968563434.24,0.0,1968563434.24,1968563434.24,identity_q1_or_ytd_diff,True,
001227.XSHE,cash_flow,2022-12-31,2022q4,,borrowing_repayment,finance_cashflow_statement_current_only.csv,borrowing_repayment,2000000000.0,0.0,2000000000.0,2000000000.0,identity_q1_or_ytd_diff,True,
001227.XSHE,cash_flow,2022-12-31,2022q4,,dividend_interest_payment,finance_cashflow_statement_current_only.csv,dividend_interest_payment,917831843.13,256633950.04,917831843.13,661197893.09,identity_q1_or_ytd_diff,True,
001227.XSHE,cash_flow,2022-12-31,2022q4,,subtotal_finance_cash_outflow,finance_cashflow_statement_current_only.csv,subtotal_finance_cash_outflow,2971045802.72,271618113.95,2971045802.72,2699427688.77,identity_q1_or_ytd_diff,True,
001227.XSHE,cash_flow,2022-12-31,2022q4,,net_finance_cash_flow,finance_cashflow_statement_current_only.csv,net_finance_cash_flow,-1002482368.48,-271618113.95,-1002482368.48,-730864254.53,identity_q1_or_ytd_diff,True,
001227.XSHE,cash_flow,2022-12-31,2022q4,,exchange_rate_change_effect,finance_cashflow_statement_current_only.csv,exchange_rate_change_effect,-24027425.22,-23987197.44,-24027425.22,-40227.78,identity_q1_or_ytd_diff,True,
001227.XSHE,cash_flow,2022-12-31,2022q4,,cash_equivalent_increase,finance_cashflow_statement_current_only.csv,cash_equivalent_increase,5010822159.13,3586398837.61,5010822159.13,1424423321.52,identity_q1_or_ytd_diff,True,
001227.XSHE,cash_flow,2022-12-31,2022q4,,cash_equivalents_at_beginning,finance_cashflow_statement_current_only.csv,cash_equivalents_at_beginning,3286392517.24,4710815838.76,3286392517.24,3286392517.24,identity_q1_or_ytd_diff,True,
001227.XSHE,cash_flow,2022-12-31,2022q4,,cash_and_equivalents_at_end,finance_cashflow_statement_current_only.csv,cash_and_equivalents_at_end,8297214676.37,8297214676.37,8297214676.37,4710815838.76,identity_q1_or_ytd_diff,True,
001227.XSHE,cash_flow,2023-03-31,2023q1,,net_deposit_increase,finance_cashflow_statement_current_only.csv,net_deposit_increase,20632078752.64,20632078752.64,20632078752.64,,identity_q1_or_ytd_diff,True,
001227.XSHE,cash_flow,2023-03-31,2023q1,,net_borrowing_from_central_bank,finance_cashflow_statement_current_only.csv,net_borrowing_from_central_bank,572865229.11,572865229.11,572865229.11,,identity_q1_or_ytd_diff,True,
001227.XSHE,cash_flow,2023-03-31,2023q1,,net_borrowing_from_finance_co,finance_cashflow_statement_current_only.csv,net_borrowing_from_finance_co,150000000.0,150000000.0,150000000.0,,identity_q1_or_ytd_diff,True,
001227.XSHE,cash_flow,2023-03-31,2023q1,,interest_and_commission_cashin,finance_cashflow_statement_current_only.csv,interest_and_commission_cashin,4383910404.83,4383910404.83,4383910404.83,,identity_q1_or_ytd_diff,True,
001227.XSHE,cash_flow,2023-03-31,2023q1,,net_increase_in_placements,finance_cashflow_statement_current_only.csv,net_increase_in_placements,,,,,identity_q1_or_ytd_diff,False,missing_raw_value
001227.XSHE,cash_flow,2023-03-31,2023q1,,net_buyback,finance_cashflow_statement_current_only.csv,net_buyback,1803566756.91,1803566756.91,1803566756.91,,identity_q1_or_ytd_diff,True,
001227.XSHE,cash_flow,2023-03-31,2023q1,,tax_levy_refund,finance_cashflow_statement_current_only.csv,tax_levy_refund,,,,,identity_q1_or_ytd_diff,False,missing_raw_value
001227.XSHE,cash_flow,2023-03-31,2023q1,,goods_and_services_cash_paid,finance_cashflow_statement_current_only.csv,goods_and_services_cash_paid,,,,,identity_q1_or_ytd_diff,False,missing_raw_value
001227.XSHE,cash_flow,2023-03-31,2023q1,,net_loan_and_advance_increase,finance_cashflow_statement_current_only.csv,net_loan_and_advance_increase,4073674294.59,4073674294.59,4073674294.59,,identity_q1_or_ytd_diff,True,
001227.XSHE,cash_flow,2023-03-31,2023q1,,net_deposit_in_cb_and_ib,finance_cashflow_statement_current_only.csv,net_deposit_in_cb_and_ib,,,,,identity_q1_or_ytd_diff,False,missing_raw_value
001227.XSHE,cash_flow,2023-03-31,2023q1,,original_compensation_paid,finance_cashflow_statement_current_only.csv,original_compensation_paid,,,,,identity_q1_or_ytd_diff,False,missing_raw_value
001227.XSHE,cash_flow,2023-03-31,2023q1,,policy_dividend_cash_paid,finance_cashflow_statement_current_only.csv,policy_dividend_cash_paid,,,,,identity_q1_or_ytd_diff,False,missing_raw_value
001227.XSHE,cash_flow,2023-03-31,2023q1,,staff_behalf_paid,finance_cashflow_statement_current_only.csv,staff_behalf_paid,523371462.2,523371462.2,523371462.2,,identity_q1_or_ytd_diff,True,
001227.XSHE,cash_flow,2023-03-31,2023q1,,tax_payments,finance_cashflow_statement_current_only.csv,tax_payments,312766904.79,312766904.79,312766904.79,,identity_q1_or_ytd_diff,True,
001227.XSHE,cash_flow,2023-03-31,2023q1,,subtotal_operate_cash_inflow,finance_cashflow_statement_current_only.csv,subtotal_operate_cash_inflow,27966806723.15,27966806723.15,27966806723.15,,identity_q1_or_ytd_diff,True,
001227.XSHE,cash_flow,2023-03-31,2023q1,,subtotal_operate_cash_outflow,finance_cashflow_statement_current_only.csv,subtotal_operate_cash_outflow,24837023329.95,24837023329.95,24837023329.95,,identity_q1_or_ytd_diff,True,
001227.XSHE,cash_flow,2023-03-31,2023q1,,net_operate_cash_flow,finance_cashflow_statement_current_only.csv,net_operate_cash_flow,3129783393.2,3129783393.2,3129783393.2,,identity_q1_or_ytd_diff,True,
001227.XSHE,cash_flow,2023-03-31,2023q1,,invest_withdrawal_cash,finance_cashflow_statement_current_only.csv,invest_withdrawal_cash,3174667271.84,3174667271.84,3174667271.84,,identity_q1_or_ytd_diff,True,
001227.XSHE,cash_flow,2023-03-31,2023q1,,invest_proceeds,finance_cashflow_statement_current_only.csv,invest_proceeds,19400218.28,19400218.28,19400218.28,,identity_q1_or_ytd_diff,True,
001227.XSHE,cash_flow,2023-03-31,2023q1,,fix_intan_other_asset_acqui_cash,finance_cashflow_statement_current_only.csv,fix_intan_other_asset_acqui_cash,19560546.59,19560546.59,19560546.59,,identity_q1_or_ytd_diff,True,
001227.XSHE,cash_flow,2023-03-31,2023q1,,invest_cash_paid,finance_cashflow_statement_current_only.csv,invest_cash_paid,8204000000.0,8204000000.0,8204000000.0,,identity_q1_or_ytd_diff,True,
001227.XSHE,cash_flow,2023-03-31,2023q1,,impawned_loan_net_increase,finance_cashflow_statement_current_only.csv,impawned_loan_net_increase,,,,,identity_q1_or_ytd_diff,False,missing_raw_value
001227.XSHE,cash_flow,2023-03-31,2023q1,,subtotal_invest_cash_inflow,finance_cashflow_statement_current_only.csv,subtotal_invest_cash_inflow,3195161109.19,3195161109.19,3195161109.19,,identity_q1_or_ytd_diff,True,
001227.XSHE,cash_flow,2023-03-31,2023q1,,subtotal_invest_cash_outflow,finance_cashflow_statement_current_only.csv,subtotal_invest_cash_outflow,8223560546.59,8223560546.59,8223560546.59,,identity_q1_or_ytd_diff,True,
001227.XSHE,cash_flow,2023-03-31,2023q1,,net_invest_cash_flow,finance_cashflow_statement_current_only.csv,net_invest_cash_flow,-5028399437.4,-5028399437.4,-5028399437.4,,identity_q1_or_ytd_diff,True,
001227.XSHE,cash_flow,2023-03-31,2023q1,,cash_from_invest,finance_cashflow_statement_current_only.csv,cash_from_invest,,,,,identity_q1_or_ytd_diff,False,missing_raw_value
001227.XSHE,cash_flow,2023-03-31,2023q1,,cash_from_bonds_issue,finance_cashflow_statement_current_only.csv,cash_from_bonds_issue,,,,,identity_q1_or_ytd_diff,False,missing_raw_value
001227.XSHE,cash_flow,2023-03-31,2023q1,,cash_from_borrowing,finance_cashflow_statement_current_only.csv,cash_from_borrowing,,,,,identity_q1_or_ytd_diff,False,missing_raw_value
001227.XSHE,cash_flow,2023-03-31,2023q1,,subtotal_finance_cash_inflow,finance_cashflow_statement_current_only.csv,subtotal_finance_cash_inflow,,,,,identity_q1_or_ytd_diff,False,missing_raw_value
001227.XSHE,cash_flow,2023-03-31,2023q1,,borrowing_repayment,finance_cashflow_statement_current_only.csv,borrowing_repayment,,,,,identity_q1_or_ytd_diff,False,missing_raw_value
001227.XSHE,cash_flow,2023-03-31,2023q1,,dividend_interest_payment,finance_cashflow_statement_current_only.csv,dividend_interest_payment,224086.4,224086.4,224086.4,,identity_q1_or_ytd_diff,True,
001227.XSHE,cash_flow,2023-03-31,2023q1,,subtotal_finance_cash_outflow,finance_cashflow_statement_current_only.csv,subtotal_finance_cash_outflow,13759290.51,13759290.51,13759290.51,,identity_q1_or_ytd_diff,True,
001227.XSHE,cash_flow,2023-03-31,2023q1,,net_finance_cash_flow,finance_cashflow_statement_current_only.csv,net_finance_cash_flow,-13759290.51,-13759290.51,-13759290.51,,identity_q1_or_ytd_diff,True,
001227.XSHE,cash_flow,2023-03-31,2023q1,,exchange_rate_change_effect,finance_cashflow_statement_current_only.csv,exchange_rate_change_effect,-40227.78,-40227.78,-40227.78,,identity_q1_or_ytd_diff,True,
001227.XSHE,cash_flow,2023-03-31,2023q1,,cash_equivalent_increase,finance_cashflow_statement_current_only.csv,cash_equivalent_increase,-1912415562.49,-1912415562.49,-1912415562.49,,identity_q1_or_ytd_diff,True,
001227.XSHE,cash_flow,2023-03-31,2023q1,,cash_equivalents_at_beginning,finance_cashflow_statement_current_only.csv,cash_equivalents_at_beginning,8297214676.37,8297214676.37,8297214676.37,,identity_q1_or_ytd_diff,True,
001227.XSHE,cash_flow,2023-03-31,2023q1,,cash_and_equivalents_at_end,finance_cashflow_statement_current_only.csv,cash_and_equivalents_at_end,6384799113.88,6384799113.88,6384799113.88,,identity_q1_or_ytd_diff,True,
001227.XSHE,cash_flow,2023-06-30,2023q2,,net_deposit_increase,finance_cashflow_statement_current_only.csv,net_deposit_increase,28937370687.23,8305291934.59,28937370687.23,20632078752.64,identity_q1_or_ytd_diff,True,
001227.XSHE,cash_flow,2023-06-30,2023q2,,net_borrowing_from_central_bank,finance_cashflow_statement_current_only.csv,net_borrowing_from_central_bank,2072381848.61,1499516619.5,2072381848.61,572865229.11,identity_q1_or_ytd_diff,True,
001227.XSHE,cash_flow,2023-06-30,2023q2,,net_borrowing_from_finance_co,finance_cashflow_statement_current_only.csv,net_borrowing_from_finance_co,,,,150000000.0,identity_q1_or_ytd_diff,False,missing_raw_value
001227.XSHE,cash_flow,2023-06-30,2023q2,,interest_and_commission_cashin,finance_cashflow_statement_current_only.csv,interest_and_commission_cashin,9890292433.11,5506382028.28,9890292433.11,4383910404.83,identity_q1_or_ytd_diff,True,
001227.XSHE,cash_flow,2023-06-30,2023q2,,net_increase_in_placements,finance_cashflow_statement_current_only.csv,net_increase_in_placements,,,,,identity_q1_or_ytd_diff,False,missing_raw_value
001227.XSHE,cash_flow,2023-06-30,2023q2,,net_buyback,finance_cashflow_statement_current_only.csv,net_buyback,,,,1803566756.91,identity_q1_or_ytd_diff,False,missing_raw_value
001227.XSHE,cash_flow,2023-06-30,2023q2,,tax_levy_refund,finance_cashflow_statement_current_only.csv,tax_levy_refund,,,,,identity_q1_or_ytd_diff,False,missing_raw_value
001227.XSHE,cash_flow,2023-06-30,2023q2,,goods_and_services_cash_paid,finance_cashflow_statement_current_only.csv,goods_and_services_cash_paid,,,,,identity_q1_or_ytd_diff,False,missing_raw_value
001227.XSHE,cash_flow,2023-06-30,2023q2,,net_loan_and_advance_increase,finance_cashflow_statement_current_only.csv,net_loan_and_advance_increase,15328424711.12,11254750416.53,15328424711.12,4073674294.59,identity_q1_or_ytd_diff,True,
001227.XSHE,cash_flow,2023-06-30,2023q2,,net_deposit_in_cb_and_ib,finance_cashflow_statement_current_only.csv,net_deposit_in_cb_and_ib,,,,,identity_q1_or_ytd_diff,False,missing_raw_value
001227.XSHE,cash_flow,2023-06-30,2023q2,,original_compensation_paid,finance_cashflow_statement_current_only.csv,original_compensation_paid,,,,,identity_q1_or_ytd_diff,False,missing_raw_value
001227.XSHE,cash_flow,2023-06-30,2023q2,,policy_dividend_cash_paid,finance_cashflow_statement_current_only.csv,policy_dividend_cash_paid,,,,,identity_q1_or_ytd_diff,False,missing_raw_value
001227.XSHE,cash_flow,2023-06-30,2023q2,,staff_behalf_paid,finance_cashflow_statement_current_only.csv,staff_behalf_paid,753776630.2,230405168.0,753776630.2,523371462.2,identity_q1_or_ytd_diff,True,
001227.XSHE,cash_flow,2023-06-30,2023q2,,tax_payments,finance_cashflow_statement_current_only.csv,tax_payments,759686776.12,446919871.33,759686776.12,312766904.79,identity_q1_or_ytd_diff,True,
001227.XSHE,cash_flow,2023-06-30,2023q2,,subtotal_operate_cash_inflow,finance_cashflow_statement_current_only.csv,subtotal_operate_cash_inflow,44547221627.13,16580414903.98,44547221627.13,27966806723.15,identity_q1_or_ytd_diff,True,
001227.XSHE,cash_flow,2023-06-30,2023q2,,subtotal_operate_cash_outflow,finance_cashflow_statement_current_only.csv,subtotal_operate_cash_outflow,41666164190.47,16829140860.52,41666164190.47,24837023329.95,identity_q1_or_ytd_diff,True,
001227.XSHE,cash_flow,2023-06-30,2023q2,,net_operate_cash_flow,finance_cashflow_statement_current_only.csv,net_operate_cash_flow,2881057436.66,-248725956.54,2881057436.66,3129783393.2,identity_q1_or_ytd_diff,True,
001227.XSHE,cash_flow,2023-06-30,2023q2,,invest_withdrawal_cash,finance_cashflow_statement_current_only.csv,invest_withdrawal_cash,10562418021.33,7387750749.49,10562418021.33,3174667271.84,identity_q1_or_ytd_diff,True,
001227.XSHE,cash_flow,2023-06-30,2023q2,,invest_proceeds,finance_cashflow_statement_current_only.csv,invest_proceeds,36825021.03,17424802.75,36825021.03,19400218.28,identity_q1_or_ytd_diff,True,
001227.XSHE,cash_flow,2023-06-30,2023q2,,fix_intan_other_asset_acqui_cash,finance_cashflow_statement_current_only.csv,fix_intan_other_asset_acqui_cash,33075450.76,13514904.17,33075450.76,19560546.59,identity_q1_or_ytd_diff,True,
001227.XSHE,cash_flow,2023-06-30,2023q2,,invest_cash_paid,finance_cashflow_statement_current_only.csv,invest_cash_paid,14921082030.59,6717082030.59,14921082030.59,8204000000.0,identity_q1_or_ytd_diff,True,
001227.XSHE,cash_flow,2023-06-30,2023q2,,impawned_loan_net_increase,finance_cashflow_statement_current_only.csv,impawned_loan_net_increase,,,,,identity_q1_or_ytd_diff,False,missing_raw_value
001227.XSHE,cash_flow,2023-06-30,2023q2,,subtotal_invest_cash_inflow,finance_cashflow_statement_current_only.csv,subtotal_invest_cash_inflow,10855465896.94,7660304787.75,10855465896.94,3195161109.19,identity_q1_or_ytd_diff,True,
001227.XSHE,cash_flow,2023-06-30,2023q2,,subtotal_invest_cash_outflow,finance_cashflow_statement_current_only.csv,subtotal_invest_cash_outflow,14954157481.35,6730596934.76,14954157481.35,8223560546.59,identity_q1_or_ytd_diff,True,
001227.XSHE,cash_flow,2023-06-30,2023q2,,net_invest_cash_flow,finance_cashflow_statement_current_only.csv,net_invest_cash_flow,-4098691584.41,929707852.99,-4098691584.41,-5028399437.4,identity_q1_or_ytd_diff,True,
001227.XSHE,cash_flow,2023-06-30,2023q2,,cash_from_invest,finance_cashflow_statement_current_only.csv,cash_from_invest,,,,,identity_q1_or_ytd_diff,False,missing_raw_value
001227.XSHE,cash_flow,2023-06-30,2023q2,,cash_from_bonds_issue,finance_cashflow_statement_current_only.csv,cash_from_bonds_issue,,,,,identity_q1_or_ytd_diff,False,missing_raw_value
001227.XSHE,cash_flow,2023-06-30,2023q2,,cash_from_borrowing,finance_cashflow_statement_current_only.csv,cash_from_borrowing,,,,,identity_q1_or_ytd_diff,False,missing_raw_value
001227.XSHE,cash_flow,2023-06-30,2023q2,,subtotal_finance_cash_inflow,finance_cashflow_statement_current_only.csv,subtotal_finance_cash_inflow,,,,,identity_q1_or_ytd_diff,False,missing_raw_value
001227.XSHE,cash_flow,2023-06-30,2023q2,,borrowing_repayment,finance_cashflow_statement_current_only.csv,borrowing_repayment,,,,,identity_q1_or_ytd_diff,False,missing_raw_value
001227.XSHE,cash_flow,2023-06-30,2023q2,,dividend_interest_payment,finance_cashflow_statement_current_only.csv,dividend_interest_payment,3918571.39,3694484.99,3918571.39,224086.4,identity_q1_or_ytd_diff,True,
001227.XSHE,cash_flow,2023-06-30,2023q2,,subtotal_finance_cash_outflow,finance_cashflow_statement_current_only.csv,subtotal_finance_cash_outflow,27592793.63,13833503.12,27592793.63,13759290.51,identity_q1_or_ytd_diff,True,
001227.XSHE,cash_flow,2023-06-30,2023q2,,net_finance_cash_flow,finance_cashflow_statement_current_only.csv,net_finance_cash_flow,-27592793.63,-13833503.12,-27592793.63,-13759290.51,identity_q1_or_ytd_diff,True,
001227.XSHE,cash_flow,2023-06-30,2023q2,,exchange_rate_change_effect,finance_cashflow_statement_current_only.csv,exchange_rate_change_effect,418246.6,458474.38,418246.6,-40227.78,identity_q1_or_ytd_diff,True,
001227.XSHE,cash_flow,2023-06-30,2023q2,,cash_equivalent_increase,finance_cashflow_statement_current_only.csv,cash_equivalent_increase,-1244808694.78,667606867.71,-1244808694.78,-1912415562.49,identity_q1_or_ytd_diff,True,
001227.XSHE,cash_flow,2023-06-30,2023q2,,cash_equivalents_at_beginning,finance_cashflow_statement_current_only.csv,cash_equivalents_at_beginning,8297214676.37,6384799113.88,8297214676.37,8297214676.37,identity_q1_or_ytd_diff,True,
001227.XSHE,cash_flow,2023-06-30,2023q2,,cash_and_equivalents_at_end,finance_cashflow_statement_current_only.csv,cash_and_equivalents_at_end,7052405981.59,7052405981.59,7052405981.59,6384799113.88,identity_q1_or_ytd_diff,True,
001227.XSHE,cash_flow,2023-09-30,2023q3,,net_deposit_increase,finance_cashflow_statement_current_only.csv,net_deposit_increase,21878975208.34,-7058395478.89,21878975208.34,28937370687.23,identity_q1_or_ytd_diff,True,
001227.XSHE,cash_flow,2023-09-30,2023q3,,net_borrowing_from_central_bank,finance_cashflow_statement_current_only.csv,net_borrowing_from_central_bank,1704400355.9,-367981492.71,1704400355.9,2072381848.61,identity_q1_or_ytd_diff,True,
001227.XSHE,cash_flow,2023-09-30,2023q3,,net_borrowing_from_finance_co,finance_cashflow_statement_current_only.csv,net_borrowing_from_finance_co,,,,,identity_q1_or_ytd_diff,False,missing_raw_value
001227.XSHE,cash_flow,2023-09-30,2023q3,,interest_and_commission_cashin,finance_cashflow_statement_current_only.csv,interest_and_commission_cashin,14348304435.39,4458012002.28,14348304435.39,9890292433.11,identity_q1_or_ytd_diff,True,
001227.XSHE,cash_flow,2023-09-30,2023q3,,net_increase_in_placements,finance_cashflow_statement_current_only.csv,net_increase_in_placements,,,,,identity_q1_or_ytd_diff,False,missing_raw_value
001227.XSHE,cash_flow,2023-09-30,2023q3,,net_buyback,finance_cashflow_statement_current_only.csv,net_buyback,,,,,identity_q1_or_ytd_diff,False,missing_raw_value
001227.XSHE,cash_flow,2023-09-30,2023q3,,tax_levy_refund,finance_cashflow_statement_current_only.csv,tax_levy_refund,,,,,identity_q1_or_ytd_diff,False,missing_raw_value
001227.XSHE,cash_flow,2023-09-30,2023q3,,goods_and_services_cash_paid,finance_cashflow_statement_current_only.csv,goods_and_services_cash_paid,,,,,identity_q1_or_ytd_diff,False,missing_raw_value
001227.XSHE,cash_flow,2023-09-30,2023q3,,net_loan_and_advance_increase,finance_cashflow_statement_current_only.csv,net_loan_and_advance_increase,19195827466.46,3867402755.34,19195827466.46,15328424711.12,identity_q1_or_ytd_diff,True,
001227.XSHE,cash_flow,2023-09-30,2023q3,,net_deposit_in_cb_and_ib,finance_cashflow_statement_current_only.csv,net_deposit_in_cb_and_ib,,,,,identity_q1_or_ytd_diff,False,missing_raw_value
001227.XSHE,cash_flow,2023-09-30,2023q3,,original_compensation_paid,finance_cashflow_statement_current_only.csv,original_compensation_paid,,,,,identity_q1_or_ytd_diff,False,missing_raw_value
001227.XSHE,cash_flow,2023-09-30,2023q3,,policy_dividend_cash_paid,finance_cashflow_statement_current_only.csv,policy_dividend_cash_paid,,,,,identity_q1_or_ytd_diff,False,missing_raw_value
001227.XSHE,cash_flow,2023-09-30,2023q3,,staff_behalf_paid,finance_cashflow_statement_current_only.csv,staff_behalf_paid,1124311039.11,370534408.91,1124311039.11,753776630.2,identity_q1_or_ytd_diff,True,
001227.XSHE,cash_flow,2023-09-30,2023q3,,tax_payments,finance_cashflow_statement_current_only.csv,tax_payments,1046457403.86,286770627.74,1046457403.86,759686776.12,identity_q1_or_ytd_diff,True,
001227.XSHE,cash_flow,2023-09-30,2023q3,,subtotal_operate_cash_inflow,finance_cashflow_statement_current_only.csv,subtotal_operate_cash_inflow,43988194209.3,-559027417.83,43988194209.3,44547221627.13,identity_q1_or_ytd_diff,True,
001227.XSHE,cash_flow,2023-09-30,2023q3,,subtotal_operate_cash_outflow,finance_cashflow_statement_current_only.csv,subtotal_operate_cash_outflow,42757125640.98,1090961450.51,42757125640.98,41666164190.47,identity_q1_or_ytd_diff,True,
001227.XSHE,cash_flow,2023-09-30,2023q3,,net_operate_cash_flow,finance_cashflow_statement_current_only.csv,net_operate_cash_flow,1231068568.32,-1649988868.34,1231068568.32,2881057436.66,identity_q1_or_ytd_diff,True,
001227.XSHE,cash_flow,2023-09-30,2023q3,,invest_withdrawal_cash,finance_cashflow_statement_current_only.csv,invest_withdrawal_cash,21622767809.33,11060349788.0,21622767809.33,10562418021.33,identity_q1_or_ytd_diff,True,
001227.XSHE,cash_flow,2023-09-30,2023q3,,invest_proceeds,finance_cashflow_statement_current_only.csv,invest_proceeds,31180717.37,-5644303.66,31180717.37,36825021.03,identity_q1_or_ytd_diff,True,
001227.XSHE,cash_flow,2023-09-30,2023q3,,fix_intan_other_asset_acqui_cash,finance_cashflow_statement_current_only.csv,fix_intan_other_asset_acqui_cash,55016770.89,21941320.13,55016770.89,33075450.76,identity_q1_or_ytd_diff,True,
001227.XSHE,cash_flow,2023-09-30,2023q3,,invest_cash_paid,finance_cashflow_statement_current_only.csv,invest_cash_paid,25483862804.27,10562780773.68,25483862804.27,14921082030.59,identity_q1_or_ytd_diff,True,
001227.XSHE,cash_flow,2023-09-30,2023q3,,impawned_loan_net_increase,finance_cashflow_statement_current_only.csv,impawned_loan_net_increase,,,,,identity_q1_or_ytd_diff,False,missing_raw_value
001227.XSHE,cash_flow,2023-09-30,2023q3,,subtotal_invest_cash_inflow,finance_cashflow_statement_current_only.csv,subtotal_invest_cash_inflow,21918503718.1,11063037821.16,21918503718.1,10855465896.94,identity_q1_or_ytd_diff,True,
001227.XSHE,cash_flow,2023-09-30,2023q3,,subtotal_invest_cash_outflow,finance_cashflow_statement_current_only.csv,subtotal_invest_cash_outflow,25538879575.16,10584722093.81,25538879575.16,14954157481.35,identity_q1_or_ytd_diff,True,
001227.XSHE,cash_flow,2023-09-30,2023q3,,net_invest_cash_flow,finance_cashflow_statement_current_only.csv,net_invest_cash_flow,-3620375857.06,478315727.35,-3620375857.06,-4098691584.41,identity_q1_or_ytd_diff,True,
001227.XSHE,cash_flow,2023-09-30,2023q3,,cash_from_invest,finance_cashflow_statement_current_only.csv,cash_from_invest,,,,,identity_q1_or_ytd_diff,False,missing_raw_value
001227.XSHE,cash_flow,2023-09-30,2023q3,,cash_from_bonds_issue,finance_cashflow_statement_current_only.csv,cash_from_bonds_issue,,,,,identity_q1_or_ytd_diff,False,missing_raw_value
001227.XSHE,cash_flow,2023-09-30,2023q3,,cash_from_borrowing,finance_cashflow_statement_current_only.csv,cash_from_borrowing,,,,,identity_q1_or_ytd_diff,False,missing_raw_value
001227.XSHE,cash_flow,2023-09-30,2023q3,,subtotal_finance_cash_inflow,finance_cashflow_statement_current_only.csv,subtotal_finance_cash_inflow,,,,,identity_q1_or_ytd_diff,False,missing_raw_value
001227.XSHE,cash_flow,2023-09-30,2023q3,,borrowing_repayment,finance_cashflow_statement_current_only.csv,borrowing_repayment,,,,,identity_q1_or_ytd_diff,False,missing_raw_value
001227.XSHE,cash_flow,2023-09-30,2023q3,,dividend_interest_payment,finance_cashflow_statement_current_only.csv,dividend_interest_payment,712619580.09,708701008.7,712619580.09,3918571.39,identity_q1_or_ytd_diff,True,
001227.XSHE,cash_flow,2023-09-30,2023q3,,subtotal_finance_cash_outflow,finance_cashflow_statement_current_only.csv,subtotal_finance_cash_outflow,746635077.97,719042284.34,746635077.97,27592793.63,identity_q1_or_ytd_diff,True,
001227.XSHE,cash_flow,2023-09-30,2023q3,,net_finance_cash_flow,finance_cashflow_statement_current_only.csv,net_finance_cash_flow,-746635077.97,-719042284.34,-746635077.97,-27592793.63,identity_q1_or_ytd_diff,True,
001227.XSHE,cash_flow,2023-09-30,2023q3,,exchange_rate_change_effect,finance_cashflow_statement_current_only.csv,exchange_rate_change_effect,24155966.5,23737719.9,24155966.5,418246.6,identity_q1_or_ytd_diff,True,
001227.XSHE,cash_flow,2023-09-30,2023q3,,cash_equivalent_increase,finance_cashflow_statement_current_only.csv,cash_equivalent_increase,-3111786400.21,-1866977705.43,-3111786400.21,-1244808694.78,identity_q1_or_ytd_diff,True,
001227.XSHE,cash_flow,2023-09-30,2023q3,,cash_equivalents_at_beginning,finance_cashflow_statement_current_only.csv,cash_equivalents_at_beginning,8297214676.37,7052405981.59,8297214676.37,8297214676.37,identity_q1_or_ytd_diff,True,
001227.XSHE,cash_flow,2023-09-30,2023q3,,cash_and_equivalents_at_end,finance_cashflow_statement_current_only.csv,cash_and_equivalents_at_end,5185428276.16,5185428276.16,5185428276.16,7052405981.59,identity_q1_or_ytd_diff,True,
001227.XSHE,cash_flow,2023-12-31,2023q4,,net_deposit_increase,finance_cashflow_statement_current_only.csv,net_deposit_increase,15285273794.29,-6593701414.05,15285273794.29,21878975208.34,identity_q1_or_ytd_diff,True,
001227.XSHE,cash_flow,2023-12-31,2023q4,,net_borrowing_from_central_bank,finance_cashflow_statement_current_only.csv,net_borrowing_from_central_bank,1563825213.08,-140575142.82,1563825213.08,1704400355.9,identity_q1_or_ytd_diff,True,
001227.XSHE,cash_flow,2023-12-31,2023q4,,net_borrowing_from_finance_co,finance_cashflow_statement_current_only.csv,net_borrowing_from_finance_co,,,,,identity_q1_or_ytd_diff,False,missing_raw_value
001227.XSHE,cash_flow,2023-12-31,2023q4,,interest_and_commission_cashin,finance_cashflow_statement_current_only.csv,interest_and_commission_cashin,19449004396.24,5100699960.85,19449004396.24,14348304435.39,identity_q1_or_ytd_diff,True,
001227.XSHE,cash_flow,2023-12-31,2023q4,,net_increase_in_placements,finance_cashflow_statement_current_only.csv,net_increase_in_placements,,,,,identity_q1_or_ytd_diff,False,missing_raw_value
001227.XSHE,cash_flow,2023-12-31,2023q4,,net_buyback,finance_cashflow_statement_current_only.csv,net_buyback,,,,,identity_q1_or_ytd_diff,False,missing_raw_value
001227.XSHE,cash_flow,2023-12-31,2023q4,,tax_levy_refund,finance_cashflow_statement_current_only.csv,tax_levy_refund,,,,,identity_q1_or_ytd_diff,False,missing_raw_value
001227.XSHE,cash_flow,2023-12-31,2023q4,,goods_and_services_cash_paid,finance_cashflow_statement_current_only.csv,goods_and_services_cash_paid,,,,,identity_q1_or_ytd_diff,False,missing_raw_value
001227.XSHE,cash_flow,2023-12-31,2023q4,,net_loan_and_advance_increase,finance_cashflow_statement_current_only.csv,net_loan_and_advance_increase,21686690996.45,2490863529.99,21686690996.45,19195827466.46,identity_q1_or_ytd_diff,True,
001227.XSHE,cash_flow,2023-12-31,2023q4,,net_deposit_in_cb_and_ib,finance_cashflow_statement_current_only.csv,net_deposit_in_cb_and_ib,,,,,identity_q1_or_ytd_diff,False,missing_raw_value
001227.XSHE,cash_flow,2023-12-31,2023q4,,original_compensation_paid,finance_cashflow_statement_current_only.csv,original_compensation_paid,,,,,identity_q1_or_ytd_diff,False,missing_raw_value
001227.XSHE,cash_flow,2023-12-31,2023q4,,policy_dividend_cash_paid,finance_cashflow_statement_current_only.csv,policy_dividend_cash_paid,,,,,identity_q1_or_ytd_diff,False,missing_raw_value
001227.XSHE,cash_flow,2023-12-31,2023q4,,staff_behalf_paid,finance_cashflow_statement_current_only.csv,staff_behalf_paid,1534621393.45,410310354.34,1534621393.45,1124311039.11,identity_q1_or_ytd_diff,True,
001227.XSHE,cash_flow,2023-12-31,2023q4,,tax_payments,finance_cashflow_statement_current_only.csv,tax_payments,1115391021.17,68933617.31,1115391021.17,1046457403.86,identity_q1_or_ytd_diff,True,
001227.XSHE,cash_flow,2023-12-31,2023q4,,subtotal_operate_cash_inflow,finance_cashflow_statement_current_only.csv,subtotal_operate_cash_inflow,44323529418.03,335335208.73,44323529418.03,43988194209.3,identity_q1_or_ytd_diff,True,
001227.XSHE,cash_flow,2023-12-31,2023q4,,subtotal_operate_cash_outflow,finance_cashflow_statement_current_only.csv,subtotal_operate_cash_outflow,39941846674.91,-2815278966.07,39941846674.91,42757125640.98,identity_q1_or_ytd_diff,True,
001227.XSHE,cash_flow,2023-12-31,2023q4,,net_operate_cash_flow,finance_cashflow_statement_current_only.csv,net_operate_cash_flow,4381682743.12,3150614174.8,4381682743.12,1231068568.32,identity_q1_or_ytd_diff,True,
001227.XSHE,cash_flow,2023-12-31,2023q4,,invest_withdrawal_cash,finance_cashflow_statement_current_only.csv,invest_withdrawal_cash,21255942295.08,-366825514.25,21255942295.08,21622767809.33,identity_q1_or_ytd_diff,True,
001227.XSHE,cash_flow,2023-12-31,2023q4,,invest_proceeds,finance_cashflow_statement_current_only.csv,invest_proceeds,85938066.57,54757349.2,85938066.57,31180717.37,identity_q1_or_ytd_diff,True,
001227.XSHE,cash_flow,2023-12-31,2023q4,,fix_intan_other_asset_acqui_cash,finance_cashflow_statement_current_only.csv,fix_intan_other_asset_acqui_cash,57655575.37,2638804.48,57655575.37,55016770.89,identity_q1_or_ytd_diff,True,
001227.XSHE,cash_flow,2023-12-31,2023q4,,invest_cash_paid,finance_cashflow_statement_current_only.csv,invest_cash_paid,27711308920.9,2227446116.63,27711308920.9,25483862804.27,identity_q1_or_ytd_diff,True,
001227.XSHE,cash_flow,2023-12-31,2023q4,,impawned_loan_net_increase,finance_cashflow_statement_current_only.csv,impawned_loan_net_increase,,,,,identity_q1_or_ytd_diff,False,missing_raw_value
001227.XSHE,cash_flow,2023-12-31,2023q4,,subtotal_invest_cash_inflow,finance_cashflow_statement_current_only.csv,subtotal_invest_cash_inflow,21737194289.0,-181309429.1,21737194289.0,21918503718.1,identity_q1_or_ytd_diff,True,
001227.XSHE,cash_flow,2023-12-31,2023q4,,subtotal_invest_cash_outflow,finance_cashflow_statement_current_only.csv,subtotal_invest_cash_outflow,27768964496.27,2230084921.11,27768964496.27,25538879575.16,identity_q1_or_ytd_diff,True,
001227.XSHE,cash_flow,2023-12-31,2023q4,,net_invest_cash_flow,finance_cashflow_statement_current_only.csv,net_invest_cash_flow,-6031770207.27,-2411394350.21,-6031770207.27,-3620375857.06,identity_q1_or_ytd_diff,True,
001227.XSHE,cash_flow,2023-12-31,2023q4,,cash_from_invest,finance_cashflow_statement_current_only.csv,cash_from_invest,,,,,identity_q1_or_ytd_diff,False,missing_raw_value
001227.XSHE,cash_flow,2023-12-31,2023q4,,cash_from_bonds_issue,finance_cashflow_statement_current_only.csv,cash_from_bonds_issue,,,,,identity_q1_or_ytd_diff,False,missing_raw_value
001227.XSHE,cash_flow,2023-12-31,2023q4,,cash_from_borrowing,finance_cashflow_statement_current_only.csv,cash_from_borrowing,,,,,identity_q1_or_ytd_diff,False,missing_raw_value
001227.XSHE,cash_flow,2023-12-31,2023q4,,subtotal_finance_cash_inflow,finance_cashflow_statement_current_only.csv,subtotal_finance_cash_inflow,,,,,identity_q1_or_ytd_diff,False,missing_raw_value
001227.XSHE,cash_flow,2023-12-31,2023q4,,borrowing_repayment,finance_cashflow_statement_current_only.csv,borrowing_repayment,,,,,identity_q1_or_ytd_diff,False,missing_raw_value
001227.XSHE,cash_flow,2023-12-31,2023q4,,dividend_interest_payment,finance_cashflow_statement_current_only.csv,dividend_interest_payment,954224357.89,241604777.8,954224357.89,712619580.09,identity_q1_or_ytd_diff,True,
001227.XSHE,cash_flow,2023-12-31,2023q4,,subtotal_finance_cash_outflow,finance_cashflow_statement_current_only.csv,subtotal_finance_cash_outflow,996976058.34,250340980.37,996976058.34,746635077.97,identity_q1_or_ytd_diff,True,
001227.XSHE,cash_flow,2023-12-31,2023q4,,net_finance_cash_flow,finance_cashflow_statement_current_only.csv,net_finance_cash_flow,-996976058.34,-250340980.37,-996976058.34,-746635077.97,identity_q1_or_ytd_diff,True,
001227.XSHE,cash_flow,2023-12-31,2023q4,,exchange_rate_change_effect,finance_cashflow_statement_current_only.csv,exchange_rate_change_effect,4125898.88,-20030067.62,4125898.88,24155966.5,identity_q1_or_ytd_diff,True,
001227.XSHE,cash_flow,2023-12-31,2023q4,,cash_equivalent_increase,finance_cashflow_statement_current_only.csv,cash_equivalent_increase,-2642937623.61,468848776.6,-2642937623.61,-3111786400.21,identity_q1_or_ytd_diff,True,
001227.XSHE,cash_flow,2023-12-31,2023q4,,cash_equivalents_at_beginning,finance_cashflow_statement_current_only.csv,cash_equivalents_at_beginning,8297214676.37,5185428276.16,8297214676.37,8297214676.37,identity_q1_or_ytd_diff,True,
001227.XSHE,cash_flow,2023-12-31,2023q4,,cash_and_equivalents_at_end,finance_cashflow_statement_current_only.csv,cash_and_equivalents_at_end,5654277052.76,5654277052.76,5654277052.76,5185428276.16,identity_q1_or_ytd_diff,True,
001227.XSHE,cash_flow,2024-03-31,2024q1,,net_deposit_increase,finance_cashflow_statement_current_only.csv,net_deposit_increase,9671416338.7,9671416338.7,9671416338.7,,identity_q1_or_ytd_diff,True,
001227.XSHE,cash_flow,2024-03-31,2024q1,,net_borrowing_from_central_bank,finance_cashflow_statement_current_only.csv,net_borrowing_from_central_bank,,,,,identity_q1_or_ytd_diff,False,missing_raw_value
001227.XSHE,cash_flow,2024-03-31,2024q1,,net_borrowing_from_finance_co,finance_cashflow_statement_current_only.csv,net_borrowing_from_finance_co,,,,,identity_q1_or_ytd_diff,False,missing_raw_value
001227.XSHE,cash_flow,2024-03-31,2024q1,,interest_and_commission_cashin,finance_cashflow_statement_current_only.csv,interest_and_commission_cashin,4427497845.55,4427497845.55,4427497845.55,,identity_q1_or_ytd_diff,True,
001227.XSHE,cash_flow,2024-03-31,2024q1,,net_increase_in_placements,finance_cashflow_statement_current_only.csv,net_increase_in_placements,,,,,identity_q1_or_ytd_diff,False,missing_raw_value
001227.XSHE,cash_flow,2024-03-31,2024q1,,net_buyback,finance_cashflow_statement_current_only.csv,net_buyback,,,,,identity_q1_or_ytd_diff,False,missing_raw_value
001227.XSHE,cash_flow,2024-03-31,2024q1,,tax_levy_refund,finance_cashflow_statement_current_only.csv,tax_levy_refund,,,,,identity_q1_or_ytd_diff,False,missing_raw_value
001227.XSHE,cash_flow,2024-03-31,2024q1,,goods_and_services_cash_paid,finance_cashflow_statement_current_only.csv,goods_and_services_cash_paid,,,,,identity_q1_or_ytd_diff,False,missing_raw_value
001227.XSHE,cash_flow,2024-03-31,2024q1,,net_loan_and_advance_increase,finance_cashflow_statement_current_only.csv,net_loan_and_advance_increase,10675369716.59,10675369716.59,10675369716.59,,identity_q1_or_ytd_diff,True,
001227.XSHE,cash_flow,2024-03-31,2024q1,,net_deposit_in_cb_and_ib,finance_cashflow_statement_current_only.csv,net_deposit_in_cb_and_ib,,,,,identity_q1_or_ytd_diff,False,missing_raw_value
001227.XSHE,cash_flow,2024-03-31,2024q1,,original_compensation_paid,finance_cashflow_statement_current_only.csv,original_compensation_paid,,,,,identity_q1_or_ytd_diff,False,missing_raw_value
001227.XSHE,cash_flow,2024-03-31,2024q1,,policy_dividend_cash_paid,finance_cashflow_statement_current_only.csv,policy_dividend_cash_paid,,,,,identity_q1_or_ytd_diff,False,missing_raw_value
001227.XSHE,cash_flow,2024-03-31,2024q1,,staff_behalf_paid,finance_cashflow_statement_current_only.csv,staff_behalf_paid,463321246.45,463321246.45,463321246.45,,identity_q1_or_ytd_diff,True,
001227.XSHE,cash_flow,2024-03-31,2024q1,,tax_payments,finance_cashflow_statement_current_only.csv,tax_payments,253370155.2,253370155.2,253370155.2,,identity_q1_or_ytd_diff,True,
001227.XSHE,cash_flow,2024-03-31,2024q1,,subtotal_operate_cash_inflow,finance_cashflow_statement_current_only.csv,subtotal_operate_cash_inflow,15605373940.35,15605373940.35,15605373940.35,,identity_q1_or_ytd_diff,True,
001227.XSHE,cash_flow,2024-03-31,2024q1,,subtotal_operate_cash_outflow,finance_cashflow_statement_current_only.csv,subtotal_operate_cash_outflow,16998915065.08,16998915065.08,16998915065.08,,identity_q1_or_ytd_diff,True,
001227.XSHE,cash_flow,2024-03-31,2024q1,,net_operate_cash_flow,finance_cashflow_statement_current_only.csv,net_operate_cash_flow,-1393541124.73,-1393541124.73,-1393541124.73,,identity_q1_or_ytd_diff,True,
001227.XSHE,cash_flow,2024-03-31,2024q1,,invest_withdrawal_cash,finance_cashflow_statement_current_only.csv,invest_withdrawal_cash,3983355907.85,3983355907.85,3983355907.85,,identity_q1_or_ytd_diff,True,
001227.XSHE,cash_flow,2024-03-31,2024q1,,invest_proceeds,finance_cashflow_statement_current_only.csv,invest_proceeds,6546718.72,6546718.72,6546718.72,,identity_q1_or_ytd_diff,True,
001227.XSHE,cash_flow,2024-03-31,2024q1,,fix_intan_other_asset_acqui_cash,finance_cashflow_statement_current_only.csv,fix_intan_other_asset_acqui_cash,1491961.15,1491961.15,1491961.15,,identity_q1_or_ytd_diff,True,
001227.XSHE,cash_flow,2024-03-31,2024q1,,invest_cash_paid,finance_cashflow_statement_current_only.csv,invest_cash_paid,2560000000.0,2560000000.0,2560000000.0,,identity_q1_or_ytd_diff,True,
001227.XSHE,cash_flow,2024-03-31,2024q1,,impawned_loan_net_increase,finance_cashflow_statement_current_only.csv,impawned_loan_net_increase,,,,,identity_q1_or_ytd_diff,False,missing_raw_value
001227.XSHE,cash_flow,2024-03-31,2024q1,,subtotal_invest_cash_inflow,finance_cashflow_statement_current_only.csv,subtotal_invest_cash_inflow,4096444549.09,4096444549.09,4096444549.09,,identity_q1_or_ytd_diff,True,
001227.XSHE,cash_flow,2024-03-31,2024q1,,subtotal_invest_cash_outflow,finance_cashflow_statement_current_only.csv,subtotal_invest_cash_outflow,2561491961.15,2561491961.15,2561491961.15,,identity_q1_or_ytd_diff,True,
001227.XSHE,cash_flow,2024-03-31,2024q1,,net_invest_cash_flow,finance_cashflow_statement_current_only.csv,net_invest_cash_flow,1534952587.94,1534952587.94,1534952587.94,,identity_q1_or_ytd_diff,True,
001227.XSHE,cash_flow,2024-03-31,2024q1,,cash_from_invest,finance_cashflow_statement_current_only.csv,cash_from_invest,,,,,identity_q1_or_ytd_diff,False,missing_raw_value
001227.XSHE,cash_flow,2024-03-31,2024q1,,cash_from_bonds_issue,finance_cashflow_statement_current_only.csv,cash_from_bonds_issue,,,,,identity_q1_or_ytd_diff,False,missing_raw_value
001227.XSHE,cash_flow,2024-03-31,2024q1,,cash_from_borrowing,finance_cashflow_statement_current_only.csv,cash_from_borrowing,,,,,identity_q1_or_ytd_diff,False,missing_raw_value
001227.XSHE,cash_flow,2024-03-31,2024q1,,subtotal_finance_cash_inflow,finance_cashflow_statement_current_only.csv,subtotal_finance_cash_inflow,,,,,identity_q1_or_ytd_diff,False,missing_raw_value
001227.XSHE,cash_flow,2024-03-31,2024q1,,borrowing_repayment,finance_cashflow_statement_current_only.csv,borrowing_repayment,,,,,identity_q1_or_ytd_diff,False,missing_raw_value
001227.XSHE,cash_flow,2024-03-31,2024q1,,dividend_interest_payment,finance_cashflow_statement_current_only.csv,dividend_interest_payment,43868.95,43868.95,43868.95,,identity_q1_or_ytd_diff,True,
001227.XSHE,cash_flow,2024-03-31,2024q1,,subtotal_finance_cash_outflow,finance_cashflow_statement_current_only.csv,subtotal_finance_cash_outflow,12937521.43,12937521.43,12937521.43,,identity_q1_or_ytd_diff,True,
001227.XSHE,cash_flow,2024-03-31,2024q1,,net_finance_cash_flow,finance_cashflow_statement_current_only.csv,net_finance_cash_flow,-12937521.43,-12937521.43,-12937521.43,,identity_q1_or_ytd_diff,True,
001227.XSHE,cash_flow,2024-03-31,2024q1,,exchange_rate_change_effect,finance_cashflow_statement_current_only.csv,exchange_rate_change_effect,-33799.62,-33799.62,-33799.62,,identity_q1_or_ytd_diff,True,
001227.XSHE,cash_flow,2024-03-31,2024q1,,cash_equivalent_increase,finance_cashflow_statement_current_only.csv,cash_equivalent_increase,128440142.16,128440142.16,128440142.16,,identity_q1_or_ytd_diff,True,
001227.XSHE,cash_flow,2024-03-31,2024q1,,cash_equivalents_at_beginning,finance_cashflow_statement_current_only.csv,cash_equivalents_at_beginning,5654277052.76,5654277052.76,5654277052.76,,identity_q1_or_ytd_diff,True,
001227.XSHE,cash_flow,2024-03-31,2024q1,,cash_and_equivalents_at_end,finance_cashflow_statement_current_only.csv,cash_and_equivalents_at_end,5782717194.92,5782717194.92,5782717194.92,,identity_q1_or_ytd_diff,True,
001227.XSHE,cash_flow,2024-06-30,2024q2,,net_deposit_increase,finance_cashflow_statement_current_only.csv,net_deposit_increase,18375651032.9,8704234694.2,18375651032.9,9671416338.7,identity_q1_or_ytd_diff,True,
001227.XSHE,cash_flow,2024-06-30,2024q2,,net_borrowing_from_central_bank,finance_cashflow_statement_current_only.csv,net_borrowing_from_central_bank,,,,,identity_q1_or_ytd_diff,False,missing_raw_value
001227.XSHE,cash_flow,2024-06-30,2024q2,,net_borrowing_from_finance_co,finance_cashflow_statement_current_only.csv,net_borrowing_from_finance_co,,,,,identity_q1_or_ytd_diff,False,missing_raw_value
001227.XSHE,cash_flow,2024-06-30,2024q2,,interest_and_commission_cashin,finance_cashflow_statement_current_only.csv,interest_and_commission_cashin,9667127381.3,5239629535.75,9667127381.3,4427497845.55,identity_q1_or_ytd_diff,True,
001227.XSHE,cash_flow,2024-06-30,2024q2,,net_increase_in_placements,finance_cashflow_statement_current_only.csv,net_increase_in_placements,,,,,identity_q1_or_ytd_diff,False,missing_raw_value
001227.XSHE,cash_flow,2024-06-30,2024q2,,net_buyback,finance_cashflow_statement_current_only.csv,net_buyback,,,,,identity_q1_or_ytd_diff,False,missing_raw_value
001227.XSHE,cash_flow,2024-06-30,2024q2,,tax_levy_refund,finance_cashflow_statement_current_only.csv,tax_levy_refund,,,,,identity_q1_or_ytd_diff,False,missing_raw_value
001227.XSHE,cash_flow,2024-06-30,2024q2,,goods_and_services_cash_paid,finance_cashflow_statement_current_only.csv,goods_and_services_cash_paid,,,,,identity_q1_or_ytd_diff,False,missing_raw_value
001227.XSHE,cash_flow,2024-06-30,2024q2,,net_loan_and_advance_increase,finance_cashflow_statement_current_only.csv,net_loan_and_advance_increase,7555056206.87,-3120313509.72,7555056206.87,10675369716.59,identity_q1_or_ytd_diff,True,
001227.XSHE,cash_flow,2024-06-30,2024q2,,net_deposit_in_cb_and_ib,finance_cashflow_statement_current_only.csv,net_deposit_in_cb_and_ib,,,,,identity_q1_or_ytd_diff,False,missing_raw_value
001227.XSHE,cash_flow,2024-06-30,2024q2,,original_compensation_paid,finance_cashflow_statement_current_only.csv,original_compensation_paid,,,,,identity_q1_or_ytd_diff,False,missing_raw_value
001227.XSHE,cash_flow,2024-06-30,2024q2,,policy_dividend_cash_paid,finance_cashflow_statement_current_only.csv,policy_dividend_cash_paid,,,,,identity_q1_or_ytd_diff,False,missing_raw_value
001227.XSHE,cash_flow,2024-06-30,2024q2,,staff_behalf_paid,finance_cashflow_statement_current_only.csv,staff_behalf_paid,734629304.41,271308057.96,734629304.41,463321246.45,identity_q1_or_ytd_diff,True,
001227.XSHE,cash_flow,2024-06-30,2024q2,,tax_payments,finance_cashflow_statement_current_only.csv,tax_payments,509481400.72,256111245.52,509481400.72,253370155.2,identity_q1_or_ytd_diff,True,
001227.XSHE,cash_flow,2024-06-30,2024q2,,subtotal_operate_cash_inflow,finance_cashflow_statement_current_only.csv,subtotal_operate_cash_inflow,32871195836.32,17265821895.97,32871195836.32,15605373940.35,identity_q1_or_ytd_diff,True,
001227.XSHE,cash_flow,2024-06-30,2024q2,,subtotal_operate_cash_outflow,finance_cashflow_statement_current_only.csv,subtotal_operate_cash_outflow,33605496404.62,16606581339.54,33605496404.62,16998915065.08,identity_q1_or_ytd_diff,True,
001227.XSHE,cash_flow,2024-06-30,2024q2,,net_operate_cash_flow,finance_cashflow_statement_current_only.csv,net_operate_cash_flow,-734300568.3,659240556.43,-734300568.3,-1393541124.73,identity_q1_or_ytd_diff,True,
001227.XSHE,cash_flow,2024-06-30,2024q2,,invest_withdrawal_cash,finance_cashflow_statement_current_only.csv,invest_withdrawal_cash,13731346721.31,9747990813.46,13731346721.31,3983355907.85,identity_q1_or_ytd_diff,True,
001227.XSHE,cash_flow,2024-06-30,2024q2,,invest_proceeds,finance_cashflow_statement_current_only.csv,invest_proceeds,8824887.19,2278168.47,8824887.19,6546718.72,identity_q1_or_ytd_diff,True,
001227.XSHE,cash_flow,2024-06-30,2024q2,,fix_intan_other_asset_acqui_cash,finance_cashflow_statement_current_only.csv,fix_intan_other_asset_acqui_cash,30923945.32,29431984.17,30923945.32,1491961.15,identity_q1_or_ytd_diff,True,
001227.XSHE,cash_flow,2024-06-30,2024q2,,invest_cash_paid,finance_cashflow_statement_current_only.csv,invest_cash_paid,14420000000.0,11860000000.0,14420000000.0,2560000000.0,identity_q1_or_ytd_diff,True,
001227.XSHE,cash_flow,2024-06-30,2024q2,,impawned_loan_net_increase,finance_cashflow_statement_current_only.csv,impawned_loan_net_increase,,,,,identity_q1_or_ytd_diff,False,missing_raw_value
001227.XSHE,cash_flow,2024-06-30,2024q2,,subtotal_invest_cash_inflow,finance_cashflow_statement_current_only.csv,subtotal_invest_cash_inflow,14138886273.69,10042441724.6,14138886273.69,4096444549.09,identity_q1_or_ytd_diff,True,
001227.XSHE,cash_flow,2024-06-30,2024q2,,subtotal_invest_cash_outflow,finance_cashflow_statement_current_only.csv,subtotal_invest_cash_outflow,14450923945.32,11889431984.17,14450923945.32,2561491961.15,identity_q1_or_ytd_diff,True,
001227.XSHE,cash_flow,2024-06-30,2024q2,,net_invest_cash_flow,finance_cashflow_statement_current_only.csv,net_invest_cash_flow,-312037671.63,-1846990259.57,-312037671.63,1534952587.94,identity_q1_or_ytd_diff,True,
001227.XSHE,cash_flow,2024-06-30,2024q2,,cash_from_invest,finance_cashflow_statement_current_only.csv,cash_from_invest,,,,,identity_q1_or_ytd_diff,False,missing_raw_value
001227.XSHE,cash_flow,2024-06-30,2024q2,,cash_from_bonds_issue,finance_cashflow_statement_current_only.csv,cash_from_bonds_issue,3000000000.0,,3000000000.0,,identity_q1_or_ytd_diff,False,missing_prior_cumulative_report
001227.XSHE,cash_flow,2024-06-30,2024q2,,cash_from_borrowing,finance_cashflow_statement_current_only.csv,cash_from_borrowing,,,,,identity_q1_or_ytd_diff,False,missing_raw_value
001227.XSHE,cash_flow,2024-06-30,2024q2,,subtotal_finance_cash_inflow,finance_cashflow_statement_current_only.csv,subtotal_finance_cash_inflow,3000000000.0,,3000000000.0,,identity_q1_or_ytd_diff,False,missing_prior_cumulative_report
001227.XSHE,cash_flow,2024-06-30,2024q2,,borrowing_repayment,finance_cashflow_statement_current_only.csv,borrowing_repayment,,,,,identity_q1_or_ytd_diff,False,missing_raw_value
001227.XSHE,cash_flow,2024-06-30,2024q2,,dividend_interest_payment,finance_cashflow_statement_current_only.csv,dividend_interest_payment,44323.94,454.99,44323.94,43868.95,identity_q1_or_ytd_diff,True,
001227.XSHE,cash_flow,2024-06-30,2024q2,,subtotal_finance_cash_outflow,finance_cashflow_statement_current_only.csv,subtotal_finance_cash_outflow,25894717.88,12957196.45,25894717.88,12937521.43,identity_q1_or_ytd_diff,True,
001227.XSHE,cash_flow,2024-06-30,2024q2,,net_finance_cash_flow,finance_cashflow_statement_current_only.csv,net_finance_cash_flow,2974105282.12,2987042803.55,2974105282.12,-12937521.43,identity_q1_or_ytd_diff,True,
001227.XSHE,cash_flow,2024-06-30,2024q2,,exchange_rate_change_effect,finance_cashflow_statement_current_only.csv,exchange_rate_change_effect,1396737.34,1430536.96,1396737.34,-33799.62,identity_q1_or_ytd_diff,True,
001227.XSHE,cash_flow,2024-06-30,2024q2,,cash_equivalent_increase,finance_cashflow_statement_current_only.csv,cash_equivalent_increase,1929163779.53,1800723637.37,1929163779.53,128440142.16,identity_q1_or_ytd_diff,True,
001227.XSHE,cash_flow,2024-06-30,2024q2,,cash_equivalents_at_beginning,finance_cashflow_statement_current_only.csv,cash_equivalents_at_beginning,5654277052.76,5782717194.92,5654277052.76,5654277052.76,identity_q1_or_ytd_diff,True,
001227.XSHE,cash_flow,2024-06-30,2024q2,,cash_and_equivalents_at_end,finance_cashflow_statement_current_only.csv,cash_and_equivalents_at_end,7583440832.29,7583440832.29,7583440832.29,5782717194.92,identity_q1_or_ytd_diff,True,
001227.XSHE,cash_flow,2024-09-30,2024q3,,net_deposit_increase,finance_cashflow_statement_current_only.csv,net_deposit_increase,20024109450.82,1648458417.92,20024109450.82,18375651032.9,identity_q1_or_ytd_diff,True,
001227.XSHE,cash_flow,2024-09-30,2024q3,,net_borrowing_from_central_bank,finance_cashflow_statement_current_only.csv,net_borrowing_from_central_bank,,,,,identity_q1_or_ytd_diff,False,missing_raw_value
001227.XSHE,cash_flow,2024-09-30,2024q3,,net_borrowing_from_finance_co,finance_cashflow_statement_current_only.csv,net_borrowing_from_finance_co,,,,,identity_q1_or_ytd_diff,False,missing_raw_value
001227.XSHE,cash_flow,2024-09-30,2024q3,,interest_and_commission_cashin,finance_cashflow_statement_current_only.csv,interest_and_commission_cashin,15667329057.2,6000201675.9,15667329057.2,9667127381.3,identity_q1_or_ytd_diff,True,
001227.XSHE,cash_flow,2024-09-30,2024q3,,net_increase_in_placements,finance_cashflow_statement_current_only.csv,net_increase_in_placements,,,,,identity_q1_or_ytd_diff,False,missing_raw_value
001227.XSHE,cash_flow,2024-09-30,2024q3,,net_buyback,finance_cashflow_statement_current_only.csv,net_buyback,,,,,identity_q1_or_ytd_diff,False,missing_raw_value
001227.XSHE,cash_flow,2024-09-30,2024q3,,tax_levy_refund,finance_cashflow_statement_current_only.csv,tax_levy_refund,,,,,identity_q1_or_ytd_diff,False,missing_raw_value
001227.XSHE,cash_flow,2024-09-30,2024q3,,goods_and_services_cash_paid,finance_cashflow_statement_current_only.csv,goods_and_services_cash_paid,,,,,identity_q1_or_ytd_diff,False,missing_raw_value
001227.XSHE,cash_flow,2024-09-30,2024q3,,net_loan_and_advance_increase,finance_cashflow_statement_current_only.csv,net_loan_and_advance_increase,9801413586.98,2246357380.11,9801413586.98,7555056206.87,identity_q1_or_ytd_diff,True,
001227.XSHE,cash_flow,2024-09-30,2024q3,,net_deposit_in_cb_and_ib,finance_cashflow_statement_current_only.csv,net_deposit_in_cb_and_ib,1290893272.68,,1290893272.68,,identity_q1_or_ytd_diff,False,missing_prior_cumulative_report
001227.XSHE,cash_flow,2024-09-30,2024q3,,original_compensation_paid,finance_cashflow_statement_current_only.csv,original_compensation_paid,,,,,identity_q1_or_ytd_diff,False,missing_raw_value
001227.XSHE,cash_flow,2024-09-30,2024q3,,policy_dividend_cash_paid,finance_cashflow_statement_current_only.csv,policy_dividend_cash_paid,,,,,identity_q1_or_ytd_diff,False,missing_raw_value
001227.XSHE,cash_flow,2024-09-30,2024q3,,staff_behalf_paid,finance_cashflow_statement_current_only.csv,staff_behalf_paid,1266172523.25,531543218.84,1266172523.25,734629304.41,identity_q1_or_ytd_diff,True,
001227.XSHE,cash_flow,2024-09-30,2024q3,,tax_payments,finance_cashflow_statement_current_only.csv,tax_payments,1031276609.18,521795208.46,1031276609.18,509481400.72,identity_q1_or_ytd_diff,True,
001227.XSHE,cash_flow,2024-09-30,2024q3,,subtotal_operate_cash_inflow,finance_cashflow_statement_current_only.csv,subtotal_operate_cash_inflow,39735578003.31,6864382166.99,39735578003.31,32871195836.32,identity_q1_or_ytd_diff,True,
001227.XSHE,cash_flow,2024-09-30,2024q3,,subtotal_operate_cash_outflow,finance_cashflow_statement_current_only.csv,subtotal_operate_cash_outflow,39983339511.17,6377843106.55,39983339511.17,33605496404.62,identity_q1_or_ytd_diff,True,
001227.XSHE,cash_flow,2024-09-30,2024q3,,net_operate_cash_flow,finance_cashflow_statement_current_only.csv,net_operate_cash_flow,-247761507.86,486539060.44,-247761507.86,-734300568.3,identity_q1_or_ytd_diff,True,
001227.XSHE,cash_flow,2024-09-30,2024q3,,invest_withdrawal_cash,finance_cashflow_statement_current_only.csv,invest_withdrawal_cash,19561346721.31,5830000000.0,19561346721.31,13731346721.31,identity_q1_or_ytd_diff,True,
001227.XSHE,cash_flow,2024-09-30,2024q3,,invest_proceeds,finance_cashflow_statement_current_only.csv,invest_proceeds,175395879.53,166570992.34,175395879.53,8824887.19,identity_q1_or_ytd_diff,True,
001227.XSHE,cash_flow,2024-09-30,2024q3,,fix_intan_other_asset_acqui_cash,finance_cashflow_statement_current_only.csv,fix_intan_other_asset_acqui_cash,86911608.61,55987663.29,86911608.61,30923945.32,identity_q1_or_ytd_diff,True,
001227.XSHE,cash_flow,2024-09-30,2024q3,,invest_cash_paid,finance_cashflow_statement_current_only.csv,invest_cash_paid,18865900000.0,4445900000.0,18865900000.0,14420000000.0,identity_q1_or_ytd_diff,True,
001227.XSHE,cash_flow,2024-09-30,2024q3,,impawned_loan_net_increase,finance_cashflow_statement_current_only.csv,impawned_loan_net_increase,,,,,identity_q1_or_ytd_diff,False,missing_raw_value
001227.XSHE,cash_flow,2024-09-30,2024q3,,subtotal_invest_cash_inflow,finance_cashflow_statement_current_only.csv,subtotal_invest_cash_inflow,20104330004.07,5965443730.38,20104330004.07,14138886273.69,identity_q1_or_ytd_diff,True,
001227.XSHE,cash_flow,2024-09-30,2024q3,,subtotal_invest_cash_outflow,finance_cashflow_statement_current_only.csv,subtotal_invest_cash_outflow,18952811608.61,4501887663.29,18952811608.61,14450923945.32,identity_q1_or_ytd_diff,True,
001227.XSHE,cash_flow,2024-09-30,2024q3,,net_invest_cash_flow,finance_cashflow_statement_current_only.csv,net_invest_cash_flow,1151518395.46,1463556067.09,1151518395.46,-312037671.63,identity_q1_or_ytd_diff,True,
001227.XSHE,cash_flow,2024-09-30,2024q3,,cash_from_invest,finance_cashflow_statement_current_only.csv,cash_from_invest,,,,,identity_q1_or_ytd_diff,False,missing_raw_value
001227.XSHE,cash_flow,2024-09-30,2024q3,,cash_from_bonds_issue,finance_cashflow_statement_current_only.csv,cash_from_bonds_issue,3000000000.0,0.0,3000000000.0,3000000000.0,identity_q1_or_ytd_diff,True,
001227.XSHE,cash_flow,2024-09-30,2024q3,,cash_from_borrowing,finance_cashflow_statement_current_only.csv,cash_from_borrowing,,,,,identity_q1_or_ytd_diff,False,missing_raw_value
001227.XSHE,cash_flow,2024-09-30,2024q3,,subtotal_finance_cash_inflow,finance_cashflow_statement_current_only.csv,subtotal_finance_cash_inflow,3000000000.0,0.0,3000000000.0,3000000000.0,identity_q1_or_ytd_diff,True,
001227.XSHE,cash_flow,2024-09-30,2024q3,,borrowing_repayment,finance_cashflow_statement_current_only.csv,borrowing_repayment,,,,,identity_q1_or_ytd_diff,False,missing_raw_value
001227.XSHE,cash_flow,2024-09-30,2024q3,,dividend_interest_payment,finance_cashflow_statement_current_only.csv,dividend_interest_payment,557711400.5,557667076.56,557711400.5,44323.94,identity_q1_or_ytd_diff,True,
001227.XSHE,cash_flow,2024-09-30,2024q3,,subtotal_finance_cash_outflow,finance_cashflow_statement_current_only.csv,subtotal_finance_cash_outflow,591195601.6,565300883.72,591195601.6,25894717.88,identity_q1_or_ytd_diff,True,
001227.XSHE,cash_flow,2024-09-30,2024q3,,net_finance_cash_flow,finance_cashflow_statement_current_only.csv,net_finance_cash_flow,2408804398.4,-565300883.72,2408804398.4,2974105282.12,identity_q1_or_ytd_diff,True,
001227.XSHE,cash_flow,2024-09-30,2024q3,,exchange_rate_change_effect,finance_cashflow_statement_current_only.csv,exchange_rate_change_effect,-35654.79,-1432392.13,-35654.79,1396737.34,identity_q1_or_ytd_diff,True,
001227.XSHE,cash_flow,2024-09-30,2024q3,,cash_equivalent_increase,finance_cashflow_statement_current_only.csv,cash_equivalent_increase,3312525631.21,1383361851.68,3312525631.21,1929163779.53,identity_q1_or_ytd_diff,True,
001227.XSHE,cash_flow,2024-09-30,2024q3,,cash_equivalents_at_beginning,finance_cashflow_statement_current_only.csv,cash_equivalents_at_beginning,5654277052.76,7583440832.29,5654277052.76,5654277052.76,identity_q1_or_ytd_diff,True,
001227.XSHE,cash_flow,2024-09-30,2024q3,,cash_and_equivalents_at_end,finance_cashflow_statement_current_only.csv,cash_and_equivalents_at_end,8966802683.97,8966802683.97,8966802683.97,7583440832.29,identity_q1_or_ytd_diff,True,
001227.XSHE,cash_flow,2024-12-31,2024q4,,net_deposit_increase,finance_cashflow_statement_current_only.csv,net_deposit_increase,23548195099.65,3524085648.83,23548195099.65,20024109450.82,identity_q1_or_ytd_diff,True,
001227.XSHE,cash_flow,2024-12-31,2024q4,,net_borrowing_from_central_bank,finance_cashflow_statement_current_only.csv,net_borrowing_from_central_bank,,,,,identity_q1_or_ytd_diff,False,missing_raw_value
001227.XSHE,cash_flow,2024-12-31,2024q4,,net_borrowing_from_finance_co,finance_cashflow_statement_current_only.csv,net_borrowing_from_finance_co,,,,,identity_q1_or_ytd_diff,False,missing_raw_value
001227.XSHE,cash_flow,2024-12-31,2024q4,,interest_and_commission_cashin,finance_cashflow_statement_current_only.csv,interest_and_commission_cashin,17729691789.63,2062362732.43,17729691789.63,15667329057.2,identity_q1_or_ytd_diff,True,
001227.XSHE,cash_flow,2024-12-31,2024q4,,net_increase_in_placements,finance_cashflow_statement_current_only.csv,net_increase_in_placements,,,,,identity_q1_or_ytd_diff,False,missing_raw_value
001227.XSHE,cash_flow,2024-12-31,2024q4,,net_buyback,finance_cashflow_statement_current_only.csv,net_buyback,1569209978.12,,1569209978.12,,identity_q1_or_ytd_diff,False,missing_prior_cumulative_report
001227.XSHE,cash_flow,2024-12-31,2024q4,,tax_levy_refund,finance_cashflow_statement_current_only.csv,tax_levy_refund,,,,,identity_q1_or_ytd_diff,False,missing_raw_value
001227.XSHE,cash_flow,2024-12-31,2024q4,,goods_and_services_cash_paid,finance_cashflow_statement_current_only.csv,goods_and_services_cash_paid,,,,,identity_q1_or_ytd_diff,False,missing_raw_value
001227.XSHE,cash_flow,2024-12-31,2024q4,,net_loan_and_advance_increase,finance_cashflow_statement_current_only.csv,net_loan_and_advance_increase,7774710045.39,-2026703541.59,7774710045.39,9801413586.98,identity_q1_or_ytd_diff,True,
001227.XSHE,cash_flow,2024-12-31,2024q4,,net_deposit_in_cb_and_ib,finance_cashflow_statement_current_only.csv,net_deposit_in_cb_and_ib,1392838559.11,101945286.43,1392838559.11,1290893272.68,identity_q1_or_ytd_diff,True,
001227.XSHE,cash_flow,2024-12-31,2024q4,,original_compensation_paid,finance_cashflow_statement_current_only.csv,original_compensation_paid,,,,,identity_q1_or_ytd_diff,False,missing_raw_value
001227.XSHE,cash_flow,2024-12-31,2024q4,,policy_dividend_cash_paid,finance_cashflow_statement_current_only.csv,policy_dividend_cash_paid,,,,,identity_q1_or_ytd_diff,False,missing_raw_value
001227.XSHE,cash_flow,2024-12-31,2024q4,,staff_behalf_paid,finance_cashflow_statement_current_only.csv,staff_behalf_paid,1460089616.95,193917093.7,1460089616.95,1266172523.25,identity_q1_or_ytd_diff,True,
001227.XSHE,cash_flow,2024-12-31,2024q4,,tax_payments,finance_cashflow_statement_current_only.csv,tax_payments,942373808.03,-88902801.15,942373808.03,1031276609.18,identity_q1_or_ytd_diff,True,
001227.XSHE,cash_flow,2024-12-31,2024q4,,subtotal_operate_cash_inflow,finance_cashflow_statement_current_only.csv,subtotal_operate_cash_inflow,46600389324.18,6864811320.87,46600389324.18,39735578003.31,identity_q1_or_ytd_diff,True,
001227.XSHE,cash_flow,2024-12-31,2024q4,,subtotal_operate_cash_outflow,finance_cashflow_statement_current_only.csv,subtotal_operate_cash_outflow,31781091275.8,-8202248235.37,31781091275.8,39983339511.17,identity_q1_or_ytd_diff,True,
001227.XSHE,cash_flow,2024-12-31,2024q4,,net_operate_cash_flow,finance_cashflow_statement_current_only.csv,net_operate_cash_flow,14819298048.38,15067059556.24,14819298048.38,-247761507.86,identity_q1_or_ytd_diff,True,
001227.XSHE,cash_flow,2024-12-31,2024q4,,invest_withdrawal_cash,finance_cashflow_statement_current_only.csv,invest_withdrawal_cash,31170585674.19,11609238952.88,31170585674.19,19561346721.31,identity_q1_or_ytd_diff,True,
001227.XSHE,cash_flow,2024-12-31,2024q4,,invest_proceeds,finance_cashflow_statement_current_only.csv,invest_proceeds,167279976.93,-8115902.6,167279976.93,175395879.53,identity_q1_or_ytd_diff,True,
001227.XSHE,cash_flow,2024-12-31,2024q4,,fix_intan_other_asset_acqui_cash,finance_cashflow_statement_current_only.csv,fix_intan_other_asset_acqui_cash,115139129.07,28227520.46,115139129.07,86911608.61,identity_q1_or_ytd_diff,True,
001227.XSHE,cash_flow,2024-12-31,2024q4,,invest_cash_paid,finance_cashflow_statement_current_only.csv,invest_cash_paid,48692581535.23,29826681535.23,48692581535.23,18865900000.0,identity_q1_or_ytd_diff,True,
001227.XSHE,cash_flow,2024-12-31,2024q4,,impawned_loan_net_increase,finance_cashflow_statement_current_only.csv,impawned_loan_net_increase,,,,,identity_q1_or_ytd_diff,False,missing_raw_value
001227.XSHE,cash_flow,2024-12-31,2024q4,,subtotal_invest_cash_inflow,finance_cashflow_statement_current_only.csv,subtotal_invest_cash_inflow,31926724065.92,11822394061.85,31926724065.92,20104330004.07,identity_q1_or_ytd_diff,True,
001227.XSHE,cash_flow,2024-12-31,2024q4,,subtotal_invest_cash_outflow,finance_cashflow_statement_current_only.csv,subtotal_invest_cash_outflow,48780988503.28,29828176894.67,48780988503.28,18952811608.61,identity_q1_or_ytd_diff,True,
001227.XSHE,cash_flow,2024-12-31,2024q4,,net_invest_cash_flow,finance_cashflow_statement_current_only.csv,net_invest_cash_flow,-16854264437.36,-18005782832.82,-16854264437.36,1151518395.46,identity_q1_or_ytd_diff,True,
001227.XSHE,cash_flow,2024-12-31,2024q4,,cash_from_invest,finance_cashflow_statement_current_only.csv,cash_from_invest,,,,,identity_q1_or_ytd_diff,False,missing_raw_value
001227.XSHE,cash_flow,2024-12-31,2024q4,,cash_from_bonds_issue,finance_cashflow_statement_current_only.csv,cash_from_bonds_issue,3000000000.0,0.0,3000000000.0,3000000000.0,identity_q1_or_ytd_diff,True,
001227.XSHE,cash_flow,2024-12-31,2024q4,,cash_from_borrowing,finance_cashflow_statement_current_only.csv,cash_from_borrowing,,,,,identity_q1_or_ytd_diff,False,missing_raw_value
001227.XSHE,cash_flow,2024-12-31,2024q4,,subtotal_finance_cash_inflow,finance_cashflow_statement_current_only.csv,subtotal_finance_cash_inflow,3000000000.0,0.0,3000000000.0,3000000000.0,identity_q1_or_ytd_diff,True,
001227.XSHE,cash_flow,2024-12-31,2024q4,,borrowing_repayment,finance_cashflow_statement_current_only.csv,borrowing_repayment,,,,,identity_q1_or_ytd_diff,False,missing_raw_value
001227.XSHE,cash_flow,2024-12-31,2024q4,,dividend_interest_payment,finance_cashflow_statement_current_only.csv,dividend_interest_payment,797711400.47,239999999.97,797711400.47,557711400.5,identity_q1_or_ytd_diff,True,
001227.XSHE,cash_flow,2024-12-31,2024q4,,subtotal_finance_cash_outflow,finance_cashflow_statement_current_only.csv,subtotal_finance_cash_outflow,846385424.0,255189822.4,846385424.0,591195601.6,identity_q1_or_ytd_diff,True,
001227.XSHE,cash_flow,2024-12-31,2024q4,,net_finance_cash_flow,finance_cashflow_statement_current_only.csv,net_finance_cash_flow,2153614576.0,-255189822.4,2153614576.0,2408804398.4,identity_q1_or_ytd_diff,True,
001227.XSHE,cash_flow,2024-12-31,2024q4,,exchange_rate_change_effect,finance_cashflow_statement_current_only.csv,exchange_rate_change_effect,-434916.63,-399261.84,-434916.63,-35654.79,identity_q1_or_ytd_diff,True,
001227.XSHE,cash_flow,2024-12-31,2024q4,,cash_equivalent_increase,finance_cashflow_statement_current_only.csv,cash_equivalent_increase,118213270.39,-3194312360.82,118213270.39,3312525631.21,identity_q1_or_ytd_diff,True,
001227.XSHE,cash_flow,2024-12-31,2024q4,,cash_equivalents_at_beginning,finance_cashflow_statement_current_only.csv,cash_equivalents_at_beginning,5654277052.76,8966802683.97,5654277052.76,5654277052.76,identity_q1_or_ytd_diff,True,
001227.XSHE,cash_flow,2024-12-31,2024q4,,cash_and_equivalents_at_end,finance_cashflow_statement_current_only.csv,cash_and_equivalents_at_end,5772490323.15,5772490323.15,5772490323.15,8966802683.97,identity_q1_or_ytd_diff,True,
001227.XSHE,cash_flow,2025-03-31,2025q1,,net_deposit_increase,finance_cashflow_statement_current_only.csv,net_deposit_increase,5634151823.6,5634151823.6,5634151823.6,,identity_q1_or_ytd_diff,True,
001227.XSHE,cash_flow,2025-03-31,2025q1,,net_borrowing_from_central_bank,finance_cashflow_statement_current_only.csv,net_borrowing_from_central_bank,468141212.04,468141212.04,468141212.04,,identity_q1_or_ytd_diff,True,
001227.XSHE,cash_flow,2025-03-31,2025q1,,net_borrowing_from_finance_co,finance_cashflow_statement_current_only.csv,net_borrowing_from_finance_co,,,,,identity_q1_or_ytd_diff,False,missing_raw_value
001227.XSHE,cash_flow,2025-03-31,2025q1,,interest_and_commission_cashin,finance_cashflow_statement_current_only.csv,interest_and_commission_cashin,4526021384.19,4526021384.19,4526021384.19,,identity_q1_or_ytd_diff,True,
001227.XSHE,cash_flow,2025-03-31,2025q1,,net_increase_in_placements,finance_cashflow_statement_current_only.csv,net_increase_in_placements,,,,,identity_q1_or_ytd_diff,False,missing_raw_value
001227.XSHE,cash_flow,2025-03-31,2025q1,,net_buyback,finance_cashflow_statement_current_only.csv,net_buyback,,,,,identity_q1_or_ytd_diff,False,missing_raw_value
001227.XSHE,cash_flow,2025-03-31,2025q1,,tax_levy_refund,finance_cashflow_statement_current_only.csv,tax_levy_refund,,,,,identity_q1_or_ytd_diff,False,missing_raw_value
001227.XSHE,cash_flow,2025-03-31,2025q1,,goods_and_services_cash_paid,finance_cashflow_statement_current_only.csv,goods_and_services_cash_paid,,,,,identity_q1_or_ytd_diff,False,missing_raw_value
001227.XSHE,cash_flow,2025-03-31,2025q1,,net_loan_and_advance_increase,finance_cashflow_statement_current_only.csv,net_loan_and_advance_increase,17699336199.65,17699336199.65,17699336199.65,,identity_q1_or_ytd_diff,True,
001227.XSHE,cash_flow,2025-03-31,2025q1,,net_deposit_in_cb_and_ib,finance_cashflow_statement_current_only.csv,net_deposit_in_cb_and_ib,,,,,identity_q1_or_ytd_diff,False,missing_raw_value
001227.XSHE,cash_flow,2025-03-31,2025q1,,original_compensation_paid,finance_cashflow_statement_current_only.csv,original_compensation_paid,,,,,identity_q1_or_ytd_diff,False,missing_raw_value
001227.XSHE,cash_flow,2025-03-31,2025q1,,policy_dividend_cash_paid,finance_cashflow_statement_current_only.csv,policy_dividend_cash_paid,,,,,identity_q1_or_ytd_diff,False,missing_raw_value
001227.XSHE,cash_flow,2025-03-31,2025q1,,staff_behalf_paid,finance_cashflow_statement_current_only.csv,staff_behalf_paid,425088635.37,425088635.37,425088635.37,,identity_q1_or_ytd_diff,True,
001227.XSHE,cash_flow,2025-03-31,2025q1,,tax_payments,finance_cashflow_statement_current_only.csv,tax_payments,362432521.5,362432521.5,362432521.5,,identity_q1_or_ytd_diff,True,
001227.XSHE,cash_flow,2025-03-31,2025q1,,subtotal_operate_cash_inflow,finance_cashflow_statement_current_only.csv,subtotal_operate_cash_inflow,25595247914.47,25595247914.47,25595247914.47,,identity_q1_or_ytd_diff,True,
001227.XSHE,cash_flow,2025-03-31,2025q1,,subtotal_operate_cash_outflow,finance_cashflow_statement_current_only.csv,subtotal_operate_cash_outflow,24278936201.93,24278936201.93,24278936201.93,,identity_q1_or_ytd_diff,True,
001227.XSHE,cash_flow,2025-03-31,2025q1,,net_operate_cash_flow,finance_cashflow_statement_current_only.csv,net_operate_cash_flow,1316311712.54,1316311712.54,1316311712.54,,identity_q1_or_ytd_diff,True,
001227.XSHE,cash_flow,2025-03-31,2025q1,,invest_withdrawal_cash,finance_cashflow_statement_current_only.csv,invest_withdrawal_cash,15145484895.9,15145484895.9,15145484895.9,,identity_q1_or_ytd_diff,True,
001227.XSHE,cash_flow,2025-03-31,2025q1,,invest_proceeds,finance_cashflow_statement_current_only.csv,invest_proceeds,168335111.81,168335111.81,168335111.81,,identity_q1_or_ytd_diff,True,
001227.XSHE,cash_flow,2025-03-31,2025q1,,fix_intan_other_asset_acqui_cash,finance_cashflow_statement_current_only.csv,fix_intan_other_asset_acqui_cash,36050961.75,36050961.75,36050961.75,,identity_q1_or_ytd_diff,True,
001227.XSHE,cash_flow,2025-03-31,2025q1,,invest_cash_paid,finance_cashflow_statement_current_only.csv,invest_cash_paid,19135912046.58,19135912046.58,19135912046.58,,identity_q1_or_ytd_diff,True,
001227.XSHE,cash_flow,2025-03-31,2025q1,,impawned_loan_net_increase,finance_cashflow_statement_current_only.csv,impawned_loan_net_increase,,,,,identity_q1_or_ytd_diff,False,missing_raw_value
001227.XSHE,cash_flow,2025-03-31,2025q1,,subtotal_invest_cash_inflow,finance_cashflow_statement_current_only.csv,subtotal_invest_cash_inflow,15354584422.8,15354584422.8,15354584422.8,,identity_q1_or_ytd_diff,True,
001227.XSHE,cash_flow,2025-03-31,2025q1,,subtotal_invest_cash_outflow,finance_cashflow_statement_current_only.csv,subtotal_invest_cash_outflow,19171963008.33,19171963008.33,19171963008.33,,identity_q1_or_ytd_diff,True,
001227.XSHE,cash_flow,2025-03-31,2025q1,,net_invest_cash_flow,finance_cashflow_statement_current_only.csv,net_invest_cash_flow,-3817378585.53,-3817378585.53,-3817378585.53,,identity_q1_or_ytd_diff,True,
001227.XSHE,cash_flow,2025-03-31,2025q1,,cash_from_invest,finance_cashflow_statement_current_only.csv,cash_from_invest,,,,,identity_q1_or_ytd_diff,False,missing_raw_value
001227.XSHE,cash_flow,2025-03-31,2025q1,,cash_from_bonds_issue,finance_cashflow_statement_current_only.csv,cash_from_bonds_issue,,,,,identity_q1_or_ytd_diff,False,missing_raw_value
001227.XSHE,cash_flow,2025-03-31,2025q1,,cash_from_borrowing,finance_cashflow_statement_current_only.csv,cash_from_borrowing,,,,,identity_q1_or_ytd_diff,False,missing_raw_value
001227.XSHE,cash_flow,2025-03-31,2025q1,,subtotal_finance_cash_inflow,finance_cashflow_statement_current_only.csv,subtotal_finance_cash_inflow,,,,,identity_q1_or_ytd_diff,False,missing_raw_value
001227.XSHE,cash_flow,2025-03-31,2025q1,,borrowing_repayment,finance_cashflow_statement_current_only.csv,borrowing_repayment,,,,,identity_q1_or_ytd_diff,False,missing_raw_value
001227.XSHE,cash_flow,2025-03-31,2025q1,,dividend_interest_payment,finance_cashflow_statement_current_only.csv,dividend_interest_payment,291702251.38,291702251.38,291702251.38,,identity_q1_or_ytd_diff,True,
001227.XSHE,cash_flow,2025-03-31,2025q1,,subtotal_finance_cash_outflow,finance_cashflow_statement_current_only.csv,subtotal_finance_cash_outflow,291702251.38,291702251.38,291702251.38,,identity_q1_or_ytd_diff,True,
001227.XSHE,cash_flow,2025-03-31,2025q1,,net_finance_cash_flow,finance_cashflow_statement_current_only.csv,net_finance_cash_flow,-291702251.38,-291702251.38,-291702251.38,,identity_q1_or_ytd_diff,True,
001227.XSHE,cash_flow,2025-03-31,2025q1,,exchange_rate_change_effect,finance_cashflow_statement_current_only.csv,exchange_rate_change_effect,475145.22,475145.22,475145.22,,identity_q1_or_ytd_diff,True,
001227.XSHE,cash_flow,2025-03-31,2025q1,,cash_equivalent_increase,finance_cashflow_statement_current_only.csv,cash_equivalent_increase,-2792293979.15,-2792293979.15,-2792293979.15,,identity_q1_or_ytd_diff,True,
001227.XSHE,cash_flow,2025-03-31,2025q1,,cash_equivalents_at_beginning,finance_cashflow_statement_current_only.csv,cash_equivalents_at_beginning,5772490323.15,5772490323.15,5772490323.15,,identity_q1_or_ytd_diff,True,
001227.XSHE,cash_flow,2025-03-31,2025q1,,cash_and_equivalents_at_end,finance_cashflow_statement_current_only.csv,cash_and_equivalents_at_end,2980196344.0,2980196344.0,2980196344.0,,identity_q1_or_ytd_diff,True,
001227.XSHE,cash_flow,2025-06-30,2025q2,,net_deposit_increase,finance_cashflow_statement_current_only.csv,net_deposit_increase,11933095670.41,6298943846.81,11933095670.41,5634151823.6,identity_q1_or_ytd_diff,True,
001227.XSHE,cash_flow,2025-06-30,2025q2,,net_borrowing_from_central_bank,finance_cashflow_statement_current_only.csv,net_borrowing_from_central_bank,,,,468141212.04,identity_q1_or_ytd_diff,False,missing_raw_value
001227.XSHE,cash_flow,2025-06-30,2025q2,,net_borrowing_from_finance_co,finance_cashflow_statement_current_only.csv,net_borrowing_from_finance_co,,,,,identity_q1_or_ytd_diff,False,missing_raw_value
001227.XSHE,cash_flow,2025-06-30,2025q2,,interest_and_commission_cashin,finance_cashflow_statement_current_only.csv,interest_and_commission_cashin,8183852165.77,3657830781.58,8183852165.77,4526021384.19,identity_q1_or_ytd_diff,True,
001227.XSHE,cash_flow,2025-06-30,2025q2,,net_increase_in_placements,finance_cashflow_statement_current_only.csv,net_increase_in_placements,600000000.0,,600000000.0,,identity_q1_or_ytd_diff,False,missing_prior_cumulative_report
001227.XSHE,cash_flow,2025-06-30,2025q2,,net_buyback,finance_cashflow_statement_current_only.csv,net_buyback,9302136692.76,,9302136692.76,,identity_q1_or_ytd_diff,False,missing_prior_cumulative_report
001227.XSHE,cash_flow,2025-06-30,2025q2,,tax_levy_refund,finance_cashflow_statement_current_only.csv,tax_levy_refund,,,,,identity_q1_or_ytd_diff,False,missing_raw_value
001227.XSHE,cash_flow,2025-06-30,2025q2,,goods_and_services_cash_paid,finance_cashflow_statement_current_only.csv,goods_and_services_cash_paid,,,,,identity_q1_or_ytd_diff,False,missing_raw_value
001227.XSHE,cash_flow,2025-06-30,2025q2,,net_loan_and_advance_increase,finance_cashflow_statement_current_only.csv,net_loan_and_advance_increase,12271272971.4,-5428063228.25,12271272971.4,17699336199.65,identity_q1_or_ytd_diff,True,
001227.XSHE,cash_flow,2025-06-30,2025q2,,net_deposit_in_cb_and_ib,finance_cashflow_statement_current_only.csv,net_deposit_in_cb_and_ib,,,,,identity_q1_or_ytd_diff,False,missing_raw_value
001227.XSHE,cash_flow,2025-06-30,2025q2,,original_compensation_paid,finance_cashflow_statement_current_only.csv,original_compensation_paid,,,,,identity_q1_or_ytd_diff,False,missing_raw_value
001227.XSHE,cash_flow,2025-06-30,2025q2,,policy_dividend_cash_paid,finance_cashflow_statement_current_only.csv,policy_dividend_cash_paid,,,,,identity_q1_or_ytd_diff,False,missing_raw_value
001227.XSHE,cash_flow,2025-06-30,2025q2,,staff_behalf_paid,finance_cashflow_statement_current_only.csv,staff_behalf_paid,707416066.98,282327431.61,707416066.98,425088635.37,identity_q1_or_ytd_diff,True,
001227.XSHE,cash_flow,2025-06-30,2025q2,,tax_payments,finance_cashflow_statement_current_only.csv,tax_payments,615203638.28,252771116.78,615203638.28,362432521.5,identity_q1_or_ytd_diff,True,
001227.XSHE,cash_flow,2025-06-30,2025q2,,subtotal_operate_cash_inflow,finance_cashflow_statement_current_only.csv,subtotal_operate_cash_inflow,38284187079.67,12688939165.2,38284187079.67,25595247914.47,identity_q1_or_ytd_diff,True,
001227.XSHE,cash_flow,2025-06-30,2025q2,,subtotal_operate_cash_outflow,finance_cashflow_statement_current_only.csv,subtotal_operate_cash_outflow,26499131057.35,2220194855.42,26499131057.35,24278936201.93,identity_q1_or_ytd_diff,True,
001227.XSHE,cash_flow,2025-06-30,2025q2,,net_operate_cash_flow,finance_cashflow_statement_current_only.csv,net_operate_cash_flow,11785056022.32,10468744309.78,11785056022.32,1316311712.54,identity_q1_or_ytd_diff,True,
001227.XSHE,cash_flow,2025-06-30,2025q2,,invest_withdrawal_cash,finance_cashflow_statement_current_only.csv,invest_withdrawal_cash,20132132031.53,4986647135.63,20132132031.53,15145484895.9,identity_q1_or_ytd_diff,True,
001227.XSHE,cash_flow,2025-06-30,2025q2,,invest_proceeds,finance_cashflow_statement_current_only.csv,invest_proceeds,157243851.46,-11091260.35,157243851.46,168335111.81,identity_q1_or_ytd_diff,True,
001227.XSHE,cash_flow,2025-06-30,2025q2,,fix_intan_other_asset_acqui_cash,finance_cashflow_statement_current_only.csv,fix_intan_other_asset_acqui_cash,96031992.77,59981031.02,96031992.77,36050961.75,identity_q1_or_ytd_diff,True,
001227.XSHE,cash_flow,2025-06-30,2025q2,,invest_cash_paid,finance_cashflow_statement_current_only.csv,invest_cash_paid,32397857562.45,13261945515.87,32397857562.45,19135912046.58,identity_q1_or_ytd_diff,True,
001227.XSHE,cash_flow,2025-06-30,2025q2,,impawned_loan_net_increase,finance_cashflow_statement_current_only.csv,impawned_loan_net_increase,,,,,identity_q1_or_ytd_diff,False,missing_raw_value
001227.XSHE,cash_flow,2025-06-30,2025q2,,subtotal_invest_cash_inflow,finance_cashflow_statement_current_only.csv,subtotal_invest_cash_inflow,20817581427.19,5462997004.39,20817581427.19,15354584422.8,identity_q1_or_ytd_diff,True,
001227.XSHE,cash_flow,2025-06-30,2025q2,,subtotal_invest_cash_outflow,finance_cashflow_statement_current_only.csv,subtotal_invest_cash_outflow,32493889555.22,13321926546.89,32493889555.22,19171963008.33,identity_q1_or_ytd_diff,True,
001227.XSHE,cash_flow,2025-06-30,2025q2,,net_invest_cash_flow,finance_cashflow_statement_current_only.csv,net_invest_cash_flow,-11676308128.03,-7858929542.5,-11676308128.03,-3817378585.53,identity_q1_or_ytd_diff,True,
001227.XSHE,cash_flow,2025-06-30,2025q2,,cash_from_invest,finance_cashflow_statement_current_only.csv,cash_from_invest,,,,,identity_q1_or_ytd_diff,False,missing_raw_value
001227.XSHE,cash_flow,2025-06-30,2025q2,,cash_from_bonds_issue,finance_cashflow_statement_current_only.csv,cash_from_bonds_issue,,,,,identity_q1_or_ytd_diff,False,missing_raw_value
001227.XSHE,cash_flow,2025-06-30,2025q2,,cash_from_borrowing,finance_cashflow_statement_current_only.csv,cash_from_borrowing,,,,,identity_q1_or_ytd_diff,False,missing_raw_value
001227.XSHE,cash_flow,2025-06-30,2025q2,,subtotal_finance_cash_inflow,finance_cashflow_statement_current_only.csv,subtotal_finance_cash_inflow,,,,,identity_q1_or_ytd_diff,False,missing_raw_value
001227.XSHE,cash_flow,2025-06-30,2025q2,,borrowing_repayment,finance_cashflow_statement_current_only.csv,borrowing_repayment,,,,,identity_q1_or_ytd_diff,False,missing_raw_value
001227.XSHE,cash_flow,2025-06-30,2025q2,,dividend_interest_payment,finance_cashflow_statement_current_only.csv,dividend_interest_payment,370695165.28,78992913.9,370695165.28,291702251.38,identity_q1_or_ytd_diff,True,
001227.XSHE,cash_flow,2025-06-30,2025q2,,subtotal_finance_cash_outflow,finance_cashflow_statement_current_only.csv,subtotal_finance_cash_outflow,397140393.56,105438142.18,397140393.56,291702251.38,identity_q1_or_ytd_diff,True,
001227.XSHE,cash_flow,2025-06-30,2025q2,,net_finance_cash_flow,finance_cashflow_statement_current_only.csv,net_finance_cash_flow,-397140393.56,-105438142.18,-397140393.56,-291702251.38,identity_q1_or_ytd_diff,True,
001227.XSHE,cash_flow,2025-06-30,2025q2,,exchange_rate_change_effect,finance_cashflow_statement_current_only.csv,exchange_rate_change_effect,-681463.54,-1156608.76,-681463.54,475145.22,identity_q1_or_ytd_diff,True,
001227.XSHE,cash_flow,2025-06-30,2025q2,,cash_equivalent_increase,finance_cashflow_statement_current_only.csv,cash_equivalent_increase,-289073962.81,2503220016.34,-289073962.81,-2792293979.15,identity_q1_or_ytd_diff,True,
001227.XSHE,cash_flow,2025-06-30,2025q2,,cash_equivalents_at_beginning,finance_cashflow_statement_current_only.csv,cash_equivalents_at_beginning,5772490323.15,2980196344.0,5772490323.15,5772490323.15,identity_q1_or_ytd_diff,True,
001227.XSHE,cash_flow,2025-06-30,2025q2,,cash_and_equivalents_at_end,finance_cashflow_statement_current_only.csv,cash_and_equivalents_at_end,5483416360.34,5483416360.34,5483416360.34,2980196344.0,identity_q1_or_ytd_diff,True,
001227.XSHE,cash_flow,2025-09-30,2025q3,,net_deposit_increase,finance_cashflow_statement_current_only.csv,net_deposit_increase,18075677163.3,6142581492.89,18075677163.3,11933095670.41,identity_q1_or_ytd_diff,True,
001227.XSHE,cash_flow,2025-09-30,2025q3,,net_borrowing_from_central_bank,finance_cashflow_statement_current_only.csv,net_borrowing_from_central_bank,,,,,identity_q1_or_ytd_diff,False,missing_raw_value
001227.XSHE,cash_flow,2025-09-30,2025q3,,net_borrowing_from_finance_co,finance_cashflow_statement_current_only.csv,net_borrowing_from_finance_co,,,,,identity_q1_or_ytd_diff,False,missing_raw_value
001227.XSHE,cash_flow,2025-09-30,2025q3,,interest_and_commission_cashin,finance_cashflow_statement_current_only.csv,interest_and_commission_cashin,12425592094.62,4241739928.85,12425592094.62,8183852165.77,identity_q1_or_ytd_diff,True,
001227.XSHE,cash_flow,2025-09-30,2025q3,,net_increase_in_placements,finance_cashflow_statement_current_only.csv,net_increase_in_placements,3643600000.0,3043600000.0,3643600000.0,600000000.0,identity_q1_or_ytd_diff,True,
001227.XSHE,cash_flow,2025-09-30,2025q3,,net_buyback,finance_cashflow_statement_current_only.csv,net_buyback,4189135225.31,-5113001467.45,4189135225.31,9302136692.76,identity_q1_or_ytd_diff,True,
001227.XSHE,cash_flow,2025-09-30,2025q3,,tax_levy_refund,finance_cashflow_statement_current_only.csv,tax_levy_refund,,,,,identity_q1_or_ytd_diff,False,missing_raw_value
001227.XSHE,cash_flow,2025-09-30,2025q3,,goods_and_services_cash_paid,finance_cashflow_statement_current_only.csv,goods_and_services_cash_paid,,,,,identity_q1_or_ytd_diff,False,missing_raw_value
001227.XSHE,cash_flow,2025-09-30,2025q3,,net_loan_and_advance_increase,finance_cashflow_statement_current_only.csv,net_loan_and_advance_increase,14206323324.72,1935050353.32,14206323324.72,12271272971.4,identity_q1_or_ytd_diff,True,
001227.XSHE,cash_flow,2025-09-30,2025q3,,net_deposit_in_cb_and_ib,finance_cashflow_statement_current_only.csv,net_deposit_in_cb_and_ib,,,,,identity_q1_or_ytd_diff,False,missing_raw_value
001227.XSHE,cash_flow,2025-09-30,2025q3,,original_compensation_paid,finance_cashflow_statement_current_only.csv,original_compensation_paid,,,,,identity_q1_or_ytd_diff,False,missing_raw_value
001227.XSHE,cash_flow,2025-09-30,2025q3,,policy_dividend_cash_paid,finance_cashflow_statement_current_only.csv,policy_dividend_cash_paid,,,,,identity_q1_or_ytd_diff,False,missing_raw_value
001227.XSHE,cash_flow,2025-09-30,2025q3,,staff_behalf_paid,finance_cashflow_statement_current_only.csv,staff_behalf_paid,1090702883.14,383286816.16,1090702883.14,707416066.98,identity_q1_or_ytd_diff,True,
001227.XSHE,cash_flow,2025-09-30,2025q3,,tax_payments,finance_cashflow_statement_current_only.csv,tax_payments,872979690.52,257776052.24,872979690.52,615203638.28,identity_q1_or_ytd_diff,True,
001227.XSHE,cash_flow,2025-09-30,2025q3,,subtotal_operate_cash_inflow,finance_cashflow_statement_current_only.csv,subtotal_operate_cash_inflow,42775201015.87,4491013936.2,42775201015.87,38284187079.67,identity_q1_or_ytd_diff,True,
001227.XSHE,cash_flow,2025-09-30,2025q3,,subtotal_operate_cash_outflow,finance_cashflow_statement_current_only.csv,subtotal_operate_cash_outflow,28667993503.59,2168862446.24,28667993503.59,26499131057.35,identity_q1_or_ytd_diff,True,
001227.XSHE,cash_flow,2025-09-30,2025q3,,net_operate_cash_flow,finance_cashflow_statement_current_only.csv,net_operate_cash_flow,14107207512.28,2322151489.96,14107207512.28,11785056022.32,identity_q1_or_ytd_diff,True,
001227.XSHE,cash_flow,2025-09-30,2025q3,,invest_withdrawal_cash,finance_cashflow_statement_current_only.csv,invest_withdrawal_cash,20132132031.53,0.0,20132132031.53,20132132031.53,identity_q1_or_ytd_diff,True,
001227.XSHE,cash_flow,2025-09-30,2025q3,,invest_proceeds,finance_cashflow_statement_current_only.csv,invest_proceeds,227675538.72,70431687.26,227675538.72,157243851.46,identity_q1_or_ytd_diff,True,
001227.XSHE,cash_flow,2025-09-30,2025q3,,fix_intan_other_asset_acqui_cash,finance_cashflow_statement_current_only.csv,fix_intan_other_asset_acqui_cash,101265184.01,5233191.24,101265184.01,96031992.77,identity_q1_or_ytd_diff,True,
001227.XSHE,cash_flow,2025-09-30,2025q3,,invest_cash_paid,finance_cashflow_statement_current_only.csv,invest_cash_paid,39888804920.86,7490947358.41,39888804920.86,32397857562.45,identity_q1_or_ytd_diff,True,
001227.XSHE,cash_flow,2025-09-30,2025q3,,impawned_loan_net_increase,finance_cashflow_statement_current_only.csv,impawned_loan_net_increase,,,,,identity_q1_or_ytd_diff,False,missing_raw_value
001227.XSHE,cash_flow,2025-09-30,2025q3,,subtotal_invest_cash_inflow,finance_cashflow_statement_current_only.csv,subtotal_invest_cash_inflow,20888013114.45,70431687.26,20888013114.45,20817581427.19,identity_q1_or_ytd_diff,True,
001227.XSHE,cash_flow,2025-09-30,2025q3,,subtotal_invest_cash_outflow,finance_cashflow_statement_current_only.csv,subtotal_invest_cash_outflow,39990070104.87,7496180549.65,39990070104.87,32493889555.22,identity_q1_or_ytd_diff,True,
001227.XSHE,cash_flow,2025-09-30,2025q3,,net_invest_cash_flow,finance_cashflow_statement_current_only.csv,net_invest_cash_flow,-19102056990.42,-7425748862.39,-19102056990.42,-11676308128.03,identity_q1_or_ytd_diff,True,
001227.XSHE,cash_flow,2025-09-30,2025q3,,cash_from_invest,finance_cashflow_statement_current_only.csv,cash_from_invest,,,,,identity_q1_or_ytd_diff,False,missing_raw_value
001227.XSHE,cash_flow,2025-09-30,2025q3,,cash_from_bonds_issue,finance_cashflow_statement_current_only.csv,cash_from_bonds_issue,7000000000.0,,7000000000.0,,identity_q1_or_ytd_diff,False,missing_prior_cumulative_report
001227.XSHE,cash_flow,2025-09-30,2025q3,,cash_from_borrowing,finance_cashflow_statement_current_only.csv,cash_from_borrowing,,,,,identity_q1_or_ytd_diff,False,missing_raw_value
001227.XSHE,cash_flow,2025-09-30,2025q3,,subtotal_finance_cash_inflow,finance_cashflow_statement_current_only.csv,subtotal_finance_cash_inflow,7000000000.0,,7000000000.0,,identity_q1_or_ytd_diff,False,missing_prior_cumulative_report
001227.XSHE,cash_flow,2025-09-30,2025q3,,borrowing_repayment,finance_cashflow_statement_current_only.csv,borrowing_repayment,,,,,identity_q1_or_ytd_diff,False,missing_raw_value
001227.XSHE,cash_flow,2025-09-30,2025q3,,dividend_interest_payment,finance_cashflow_statement_current_only.csv,dividend_interest_payment,667278587.06,296583421.78,667278587.06,370695165.28,identity_q1_or_ytd_diff,True,
001227.XSHE,cash_flow,2025-09-30,2025q3,,subtotal_finance_cash_outflow,finance_cashflow_statement_current_only.csv,subtotal_finance_cash_outflow,694413416.29,297273022.73,694413416.29,397140393.56,identity_q1_or_ytd_diff,True,
001227.XSHE,cash_flow,2025-09-30,2025q3,,net_finance_cash_flow,finance_cashflow_statement_current_only.csv,net_finance_cash_flow,6305586583.71,6702726977.27,6305586583.71,-397140393.56,identity_q1_or_ytd_diff,True,
001227.XSHE,cash_flow,2025-09-30,2025q3,,exchange_rate_change_effect,finance_cashflow_statement_current_only.csv,exchange_rate_change_effect,-681463.54,0.0,-681463.54,-681463.54,identity_q1_or_ytd_diff,True,
001227.XSHE,cash_flow,2025-09-30,2025q3,,cash_equivalent_increase,finance_cashflow_statement_current_only.csv,cash_equivalent_increase,1310055642.03,1599129604.84,1310055642.03,-289073962.81,identity_q1_or_ytd_diff,True,
001227.XSHE,cash_flow,2025-09-30,2025q3,,cash_equivalents_at_beginning,finance_cashflow_statement_current_only.csv,cash_equivalents_at_beginning,5772490323.15,5483416360.34,5772490323.15,5772490323.15,identity_q1_or_ytd_diff,True,
001227.XSHE,cash_flow,2025-09-30,2025q3,,cash_and_equivalents_at_end,finance_cashflow_statement_current_only.csv,cash_and_equivalents_at_end,7082545965.18,7082545965.18,7082545965.18,5483416360.34,identity_q1_or_ytd_diff,True,
001227.XSHE,cash_flow,2025-12-31,2025q4,,net_deposit_increase,finance_cashflow_statement_current_only.csv,net_deposit_increase,33698358844.47,15622681681.17,33698358844.47,18075677163.3,identity_q1_or_ytd_diff,True,
001227.XSHE,cash_flow,2025-12-31,2025q4,,net_borrowing_from_central_bank,finance_cashflow_statement_current_only.csv,net_borrowing_from_central_bank,1528498952.78,,1528498952.78,,identity_q1_or_ytd_diff,False,missing_prior_cumulative_report
001227.XSHE,cash_flow,2025-12-31,2025q4,,net_borrowing_from_finance_co,finance_cashflow_statement_current_only.csv,net_borrowing_from_finance_co,,,,,identity_q1_or_ytd_diff,False,missing_raw_value
001227.XSHE,cash_flow,2025-12-31,2025q4,,interest_and_commission_cashin,finance_cashflow_statement_current_only.csv,interest_and_commission_cashin,15736382636.31,3310790541.69,15736382636.31,12425592094.62,identity_q1_or_ytd_diff,True,
001227.XSHE,cash_flow,2025-12-31,2025q4,,net_increase_in_placements,finance_cashflow_statement_current_only.csv,net_increase_in_placements,,,,3643600000.0,identity_q1_or_ytd_diff,False,missing_raw_value
001227.XSHE,cash_flow,2025-12-31,2025q4,,net_buyback,finance_cashflow_statement_current_only.csv,net_buyback,2621250265.5,-1567884959.81,2621250265.5,4189135225.31,identity_q1_or_ytd_diff,True,
001227.XSHE,cash_flow,2025-12-31,2025q4,,tax_levy_refund,finance_cashflow_statement_current_only.csv,tax_levy_refund,,,,,identity_q1_or_ytd_diff,False,missing_raw_value
001227.XSHE,cash_flow,2025-12-31,2025q4,,goods_and_services_cash_paid,finance_cashflow_statement_current_only.csv,goods_and_services_cash_paid,,,,,identity_q1_or_ytd_diff,False,missing_raw_value
001227.XSHE,cash_flow,2025-12-31,2025q4,,net_loan_and_advance_increase,finance_cashflow_statement_current_only.csv,net_loan_and_advance_increase,9207321774.03,-4999001550.69,9207321774.03,14206323324.72,identity_q1_or_ytd_diff,True,
001227.XSHE,cash_flow,2025-12-31,2025q4,,net_deposit_in_cb_and_ib,finance_cashflow_statement_current_only.csv,net_deposit_in_cb_and_ib,,,,,identity_q1_or_ytd_diff,False,missing_raw_value
001227.XSHE,cash_flow,2025-12-31,2025q4,,original_compensation_paid,finance_cashflow_statement_current_only.csv,original_compensation_paid,,,,,identity_q1_or_ytd_diff,False,missing_raw_value
001227.XSHE,cash_flow,2025-12-31,2025q4,,policy_dividend_cash_paid,finance_cashflow_statement_current_only.csv,policy_dividend_cash_paid,,,,,identity_q1_or_ytd_diff,False,missing_raw_value
001227.XSHE,cash_flow,2025-12-31,2025q4,,staff_behalf_paid,finance_cashflow_statement_current_only.csv,staff_behalf_paid,1479620202.19,388917319.05,1479620202.19,1090702883.14,identity_q1_or_ytd_diff,True,
001227.XSHE,cash_flow,2025-12-31,2025q4,,tax_payments,finance_cashflow_statement_current_only.csv,tax_payments,1189238048.18,316258357.66,1189238048.18,872979690.52,identity_q1_or_ytd_diff,True,
001227.XSHE,cash_flow,2025-12-31,2025q4,,subtotal_operate_cash_inflow,finance_cashflow_statement_current_only.csv,subtotal_operate_cash_inflow,58492085767.1,15716884751.23,58492085767.1,42775201015.87,identity_q1_or_ytd_diff,True,
001227.XSHE,cash_flow,2025-12-31,2025q4,,subtotal_operate_cash_outflow,finance_cashflow_statement_current_only.csv,subtotal_operate_cash_outflow,31700695006.5,3032701502.91,31700695006.5,28667993503.59,identity_q1_or_ytd_diff,True,
001227.XSHE,cash_flow,2025-12-31,2025q4,,net_operate_cash_flow,finance_cashflow_statement_current_only.csv,net_operate_cash_flow,26791390760.6,12684183248.32,26791390760.6,14107207512.28,identity_q1_or_ytd_diff,True,
001227.XSHE,cash_flow,2025-12-31,2025q4,,invest_withdrawal_cash,finance_cashflow_statement_current_only.csv,invest_withdrawal_cash,32060871152.71,11928739121.18,32060871152.71,20132132031.53,identity_q1_or_ytd_diff,True,
001227.XSHE,cash_flow,2025-12-31,2025q4,,invest_proceeds,finance_cashflow_statement_current_only.csv,invest_proceeds,279287376.31,51611837.59,279287376.31,227675538.72,identity_q1_or_ytd_diff,True,
001227.XSHE,cash_flow,2025-12-31,2025q4,,fix_intan_other_asset_acqui_cash,finance_cashflow_statement_current_only.csv,fix_intan_other_asset_acqui_cash,166170010.5,64904826.49,166170010.5,101265184.01,identity_q1_or_ytd_diff,True,
001227.XSHE,cash_flow,2025-12-31,2025q4,,invest_cash_paid,finance_cashflow_statement_current_only.csv,invest_cash_paid,59750084103.86,19861279183.0,59750084103.86,39888804920.86,identity_q1_or_ytd_diff,True,
001227.XSHE,cash_flow,2025-12-31,2025q4,,impawned_loan_net_increase,finance_cashflow_statement_current_only.csv,impawned_loan_net_increase,,,,,identity_q1_or_ytd_diff,False,missing_raw_value
001227.XSHE,cash_flow,2025-12-31,2025q4,,subtotal_invest_cash_inflow,finance_cashflow_statement_current_only.csv,subtotal_invest_cash_inflow,33751905707.29,12863892592.84,33751905707.29,20888013114.45,identity_q1_or_ytd_diff,True,
001227.XSHE,cash_flow,2025-12-31,2025q4,,subtotal_invest_cash_outflow,finance_cashflow_statement_current_only.csv,subtotal_invest_cash_outflow,59920064505.69,19929994400.82,59920064505.69,39990070104.87,identity_q1_or_ytd_diff,True,
001227.XSHE,cash_flow,2025-12-31,2025q4,,net_invest_cash_flow,finance_cashflow_statement_current_only.csv,net_invest_cash_flow,-26168158798.4,-7066101807.98,-26168158798.4,-19102056990.42,identity_q1_or_ytd_diff,True,
001227.XSHE,cash_flow,2025-12-31,2025q4,,cash_from_invest,finance_cashflow_statement_current_only.csv,cash_from_invest,,,,,identity_q1_or_ytd_diff,False,missing_raw_value
001227.XSHE,cash_flow,2025-12-31,2025q4,,cash_from_bonds_issue,finance_cashflow_statement_current_only.csv,cash_from_bonds_issue,7000000000.0,0.0,7000000000.0,7000000000.0,identity_q1_or_ytd_diff,True,
001227.XSHE,cash_flow,2025-12-31,2025q4,,cash_from_borrowing,finance_cashflow_statement_current_only.csv,cash_from_borrowing,,,,,identity_q1_or_ytd_diff,False,missing_raw_value
001227.XSHE,cash_flow,2025-12-31,2025q4,,subtotal_finance_cash_inflow,finance_cashflow_statement_current_only.csv,subtotal_finance_cash_inflow,7000000000.0,0.0,7000000000.0,7000000000.0,identity_q1_or_ytd_diff,True,
001227.XSHE,cash_flow,2025-12-31,2025q4,,borrowing_repayment,finance_cashflow_statement_current_only.csv,borrowing_repayment,5000000000.0,,5000000000.0,,identity_q1_or_ytd_diff,False,missing_prior_cumulative_report
001227.XSHE,cash_flow,2025-12-31,2025q4,,dividend_interest_payment,finance_cashflow_statement_current_only.csv,dividend_interest_payment,907290263.48,240011676.42,907290263.48,667278587.06,identity_q1_or_ytd_diff,True,
001227.XSHE,cash_flow,2025-12-31,2025q4,,subtotal_finance_cash_outflow,finance_cashflow_statement_current_only.csv,subtotal_finance_cash_outflow,5967089245.33,5272675829.04,5967089245.33,694413416.29,identity_q1_or_ytd_diff,True,
001227.XSHE,cash_flow,2025-12-31,2025q4,,net_finance_cash_flow,finance_cashflow_statement_current_only.csv,net_finance_cash_flow,1032910754.67,-5272675829.04,1032910754.67,6305586583.71,identity_q1_or_ytd_diff,True,
001227.XSHE,cash_flow,2025-12-31,2025q4,,exchange_rate_change_effect,finance_cashflow_statement_current_only.csv,exchange_rate_change_effect,484231.94,1165695.48,484231.94,-681463.54,identity_q1_or_ytd_diff,True,
001227.XSHE,cash_flow,2025-12-31,2025q4,,cash_equivalent_increase,finance_cashflow_statement_current_only.csv,cash_equivalent_increase,1656626948.81,346571306.78,1656626948.81,1310055642.03,identity_q1_or_ytd_diff,True,
001227.XSHE,cash_flow,2025-12-31,2025q4,,cash_equivalents_at_beginning,finance_cashflow_statement_current_only.csv,cash_equivalents_at_beginning,5772490323.15,7082545965.18,5772490323.15,5772490323.15,identity_q1_or_ytd_diff,True,
001227.XSHE,cash_flow,2025-12-31,2025q4,,cash_and_equivalents_at_end,finance_cashflow_statement_current_only.csv,cash_and_equivalents_at_end,7429117271.96,7429117271.96,7429117271.96,7082545965.18,identity_q1_or_ytd_diff,True,
001227.XSHE,cash_flow,2026-03-31,2026q1,,net_deposit_increase,finance_cashflow_statement_current_only.csv,net_deposit_increase,20122404353.47,20122404353.47,20122404353.47,,identity_q1_or_ytd_diff,True,
001227.XSHE,cash_flow,2026-03-31,2026q1,,net_borrowing_from_central_bank,finance_cashflow_statement_current_only.csv,net_borrowing_from_central_bank,5117571257.62,5117571257.62,5117571257.62,,identity_q1_or_ytd_diff,True,
001227.XSHE,cash_flow,2026-03-31,2026q1,,net_borrowing_from_finance_co,finance_cashflow_statement_current_only.csv,net_borrowing_from_finance_co,,,,,identity_q1_or_ytd_diff,False,missing_raw_value
001227.XSHE,cash_flow,2026-03-31,2026q1,,interest_and_commission_cashin,finance_cashflow_statement_current_only.csv,interest_and_commission_cashin,3901103495.01,3901103495.01,3901103495.01,,identity_q1_or_ytd_diff,True,
001227.XSHE,cash_flow,2026-03-31,2026q1,,net_increase_in_placements,finance_cashflow_statement_current_only.csv,net_increase_in_placements,,,,,identity_q1_or_ytd_diff,False,missing_raw_value
001227.XSHE,cash_flow,2026-03-31,2026q1,,net_buyback,finance_cashflow_statement_current_only.csv,net_buyback,,,,,identity_q1_or_ytd_diff,False,missing_raw_value
001227.XSHE,cash_flow,2026-03-31,2026q1,,tax_levy_refund,finance_cashflow_statement_current_only.csv,tax_levy_refund,,,,,identity_q1_or_ytd_diff,False,missing_raw_value
001227.XSHE,cash_flow,2026-03-31,2026q1,,goods_and_services_cash_paid,finance_cashflow_statement_current_only.csv,goods_and_services_cash_paid,,,,,identity_q1_or_ytd_diff,False,missing_raw_value
001227.XSHE,cash_flow,2026-03-31,2026q1,,net_loan_and_advance_increase,finance_cashflow_statement_current_only.csv,net_loan_and_advance_increase,9227826752.88,9227826752.88,9227826752.88,,identity_q1_or_ytd_diff,True,
001227.XSHE,cash_flow,2026-03-31,2026q1,,net_deposit_in_cb_and_ib,finance_cashflow_statement_current_only.csv,net_deposit_in_cb_and_ib,,,,,identity_q1_or_ytd_diff,False,missing_raw_value
001227.XSHE,cash_flow,2026-03-31,2026q1,,original_compensation_paid,finance_cashflow_statement_current_only.csv,original_compensation_paid,,,,,identity_q1_or_ytd_diff,False,missing_raw_value
001227.XSHE,cash_flow,2026-03-31,2026q1,,policy_dividend_cash_paid,finance_cashflow_statement_current_only.csv,policy_dividend_cash_paid,,,,,identity_q1_or_ytd_diff,False,missing_raw_value
001227.XSHE,cash_flow,2026-03-31,2026q1,,staff_behalf_paid,finance_cashflow_statement_current_only.csv,staff_behalf_paid,457862363.37,457862363.37,457862363.37,,identity_q1_or_ytd_diff,True,
001227.XSHE,cash_flow,2026-03-31,2026q1,,tax_payments,finance_cashflow_statement_current_only.csv,tax_payments,238482721.12,238482721.12,238482721.12,,identity_q1_or_ytd_diff,True,
001227.XSHE,cash_flow,2026-03-31,2026q1,,subtotal_operate_cash_inflow,finance_cashflow_statement_current_only.csv,subtotal_operate_cash_inflow,30821314817.23,30821314817.23,30821314817.23,,identity_q1_or_ytd_diff,True,
001227.XSHE,cash_flow,2026-03-31,2026q1,,subtotal_operate_cash_outflow,finance_cashflow_statement_current_only.csv,subtotal_operate_cash_outflow,32542916058.03,32542916058.03,32542916058.03,,identity_q1_or_ytd_diff,True,
001227.XSHE,cash_flow,2026-03-31,2026q1,,net_operate_cash_flow,finance_cashflow_statement_current_only.csv,net_operate_cash_flow,-1721601240.8,-1721601240.8,-1721601240.8,,identity_q1_or_ytd_diff,True,
001227.XSHE,cash_flow,2026-03-31,2026q1,,invest_withdrawal_cash,finance_cashflow_statement_current_only.csv,invest_withdrawal_cash,20886939763.98,20886939763.98,20886939763.98,,identity_q1_or_ytd_diff,True,
001227.XSHE,cash_flow,2026-03-31,2026q1,,invest_proceeds,finance_cashflow_statement_current_only.csv,invest_proceeds,166452242.35,166452242.35,166452242.35,,identity_q1_or_ytd_diff,True,
001227.XSHE,cash_flow,2026-03-31,2026q1,,fix_intan_other_asset_acqui_cash,finance_cashflow_statement_current_only.csv,fix_intan_other_asset_acqui_cash,39199833.24,39199833.24,39199833.24,,identity_q1_or_ytd_diff,True,
001227.XSHE,cash_flow,2026-03-31,2026q1,,invest_cash_paid,finance_cashflow_statement_current_only.csv,invest_cash_paid,18666302763.45,18666302763.45,18666302763.45,,identity_q1_or_ytd_diff,True,
001227.XSHE,cash_flow,2026-03-31,2026q1,,impawned_loan_net_increase,finance_cashflow_statement_current_only.csv,impawned_loan_net_increase,,,,,identity_q1_or_ytd_diff,False,missing_raw_value
001227.XSHE,cash_flow,2026-03-31,2026q1,,subtotal_invest_cash_inflow,finance_cashflow_statement_current_only.csv,subtotal_invest_cash_inflow,21146439133.26,21146439133.26,21146439133.26,,identity_q1_or_ytd_diff,True,
001227.XSHE,cash_flow,2026-03-31,2026q1,,subtotal_invest_cash_outflow,finance_cashflow_statement_current_only.csv,subtotal_invest_cash_outflow,18738420868.52,18738420868.52,18738420868.52,,identity_q1_or_ytd_diff,True,
001227.XSHE,cash_flow,2026-03-31,2026q1,,net_invest_cash_flow,finance_cashflow_statement_current_only.csv,net_invest_cash_flow,2408018264.74,2408018264.74,2408018264.74,,identity_q1_or_ytd_diff,True,
001227.XSHE,cash_flow,2026-03-31,2026q1,,cash_from_invest,finance_cashflow_statement_current_only.csv,cash_from_invest,,,,,identity_q1_or_ytd_diff,False,missing_raw_value
001227.XSHE,cash_flow,2026-03-31,2026q1,,cash_from_bonds_issue,finance_cashflow_statement_current_only.csv,cash_from_bonds_issue,,,,,identity_q1_or_ytd_diff,False,missing_raw_value
001227.XSHE,cash_flow,2026-03-31,2026q1,,cash_from_borrowing,finance_cashflow_statement_current_only.csv,cash_from_borrowing,,,,,identity_q1_or_ytd_diff,False,missing_raw_value
001227.XSHE,cash_flow,2026-03-31,2026q1,,subtotal_finance_cash_inflow,finance_cashflow_statement_current_only.csv,subtotal_finance_cash_inflow,,,,,identity_q1_or_ytd_diff,False,missing_raw_value
001227.XSHE,cash_flow,2026-03-31,2026q1,,borrowing_repayment,finance_cashflow_statement_current_only.csv,borrowing_repayment,,,,,identity_q1_or_ytd_diff,False,missing_raw_value
001227.XSHE,cash_flow,2026-03-31,2026q1,,dividend_interest_payment,finance_cashflow_statement_current_only.csv,dividend_interest_payment,279789040.48,279789040.48,279789040.48,,identity_q1_or_ytd_diff,True,
001227.XSHE,cash_flow,2026-03-31,2026q1,,subtotal_finance_cash_outflow,finance_cashflow_statement_current_only.csv,subtotal_finance_cash_outflow,290888390.93,290888390.93,290888390.93,,identity_q1_or_ytd_diff,True,
001227.XSHE,cash_flow,2026-03-31,2026q1,,net_finance_cash_flow,finance_cashflow_statement_current_only.csv,net_finance_cash_flow,-290888390.93,-290888390.93,-290888390.93,,identity_q1_or_ytd_diff,True,
001227.XSHE,cash_flow,2026-03-31,2026q1,,exchange_rate_change_effect,finance_cashflow_statement_current_only.csv,exchange_rate_change_effect,74277.82,74277.82,74277.82,,identity_q1_or_ytd_diff,True,
001227.XSHE,cash_flow,2026-03-31,2026q1,,cash_equivalent_increase,finance_cashflow_statement_current_only.csv,cash_equivalent_increase,395602910.83,395602910.83,395602910.83,,identity_q1_or_ytd_diff,True,
001227.XSHE,cash_flow,2026-03-31,2026q1,,cash_equivalents_at_beginning,finance_cashflow_statement_current_only.csv,cash_equivalents_at_beginning,7429117271.96,7429117271.96,7429117271.96,,identity_q1_or_ytd_diff,True,
001227.XSHE,cash_flow,2026-03-31,2026q1,,cash_and_equivalents_at_end,finance_cashflow_statement_current_only.csv,cash_and_equivalents_at_end,7824720182.79,7824720182.79,7824720182.79,,identity_q1_or_ytd_diff,True,
001227.XSHE,cash_flow,2026-06-30,2026q2,,net_deposit_increase,,net_deposit_increase,,,,,identity_q1_or_ytd_diff,False,outside_current_available_window
001227.XSHE,cash_flow,2026-06-30,2026q2,,net_borrowing_from_central_bank,,net_borrowing_from_central_bank,,,,,identity_q1_or_ytd_diff,False,outside_current_available_window
001227.XSHE,cash_flow,2026-06-30,2026q2,,net_borrowing_from_finance_co,,net_borrowing_from_finance_co,,,,,identity_q1_or_ytd_diff,False,outside_current_available_window
001227.XSHE,cash_flow,2026-06-30,2026q2,,interest_and_commission_cashin,,interest_and_commission_cashin,,,,,identity_q1_or_ytd_diff,False,outside_current_available_window
001227.XSHE,cash_flow,2026-06-30,2026q2,,net_increase_in_placements,,net_increase_in_placements,,,,,identity_q1_or_ytd_diff,False,outside_current_available_window
001227.XSHE,cash_flow,2026-06-30,2026q2,,net_buyback,,net_buyback,,,,,identity_q1_or_ytd_diff,False,outside_current_available_window
001227.XSHE,cash_flow,2026-06-30,2026q2,,tax_levy_refund,,tax_levy_refund,,,,,identity_q1_or_ytd_diff,False,outside_current_available_window
001227.XSHE,cash_flow,2026-06-30,2026q2,,goods_and_services_cash_paid,,goods_and_services_cash_paid,,,,,identity_q1_or_ytd_diff,False,outside_current_available_window
001227.XSHE,cash_flow,2026-06-30,2026q2,,net_loan_and_advance_increase,,net_loan_and_advance_increase,,,,,identity_q1_or_ytd_diff,False,outside_current_available_window
001227.XSHE,cash_flow,2026-06-30,2026q2,,net_deposit_in_cb_and_ib,,net_deposit_in_cb_and_ib,,,,,identity_q1_or_ytd_diff,False,outside_current_available_window
001227.XSHE,cash_flow,2026-06-30,2026q2,,original_compensation_paid,,original_compensation_paid,,,,,identity_q1_or_ytd_diff,False,outside_current_available_window
001227.XSHE,cash_flow,2026-06-30,2026q2,,policy_dividend_cash_paid,,policy_dividend_cash_paid,,,,,identity_q1_or_ytd_diff,False,outside_current_available_window
001227.XSHE,cash_flow,2026-06-30,2026q2,,staff_behalf_paid,,staff_behalf_paid,,,,,identity_q1_or_ytd_diff,False,outside_current_available_window
001227.XSHE,cash_flow,2026-06-30,2026q2,,tax_payments,,tax_payments,,,,,identity_q1_or_ytd_diff,False,outside_current_available_window
001227.XSHE,cash_flow,2026-06-30,2026q2,,subtotal_operate_cash_inflow,,subtotal_operate_cash_inflow,,,,,identity_q1_or_ytd_diff,False,outside_current_available_window
001227.XSHE,cash_flow,2026-06-30,2026q2,,subtotal_operate_cash_outflow,,subtotal_operate_cash_outflow,,,,,identity_q1_or_ytd_diff,False,outside_current_available_window
001227.XSHE,cash_flow,2026-06-30,2026q2,,net_operate_cash_flow,,net_operate_cash_flow,,,,,identity_q1_or_ytd_diff,False,outside_current_available_window
001227.XSHE,cash_flow,2026-06-30,2026q2,,invest_withdrawal_cash,,invest_withdrawal_cash,,,,,identity_q1_or_ytd_diff,False,outside_current_available_window
001227.XSHE,cash_flow,2026-06-30,2026q2,,invest_proceeds,,invest_proceeds,,,,,identity_q1_or_ytd_diff,False,outside_current_available_window
001227.XSHE,cash_flow,2026-06-30,2026q2,,fix_intan_other_asset_acqui_cash,,fix_intan_other_asset_acqui_cash,,,,,identity_q1_or_ytd_diff,False,outside_current_available_window
001227.XSHE,cash_flow,2026-06-30,2026q2,,invest_cash_paid,,invest_cash_paid,,,,,identity_q1_or_ytd_diff,False,outside_current_available_window
001227.XSHE,cash_flow,2026-06-30,2026q2,,impawned_loan_net_increase,,impawned_loan_net_increase,,,,,identity_q1_or_ytd_diff,False,outside_current_available_window
001227.XSHE,cash_flow,2026-06-30,2026q2,,subtotal_invest_cash_inflow,,subtotal_invest_cash_inflow,,,,,identity_q1_or_ytd_diff,False,outside_current_available_window
001227.XSHE,cash_flow,2026-06-30,2026q2,,subtotal_invest_cash_outflow,,subtotal_invest_cash_outflow,,,,,identity_q1_or_ytd_diff,False,outside_current_available_window
001227.XSHE,cash_flow,2026-06-30,2026q2,,net_invest_cash_flow,,net_invest_cash_flow,,,,,identity_q1_or_ytd_diff,False,outside_current_available_window
001227.XSHE,cash_flow,2026-06-30,2026q2,,cash_from_invest,,cash_from_invest,,,,,identity_q1_or_ytd_diff,False,outside_current_available_window
001227.XSHE,cash_flow,2026-06-30,2026q2,,cash_from_bonds_issue,,cash_from_bonds_issue,,,,,identity_q1_or_ytd_diff,False,outside_current_available_window
001227.XSHE,cash_flow,2026-06-30,2026q2,,cash_from_borrowing,,cash_from_borrowing,,,,,identity_q1_or_ytd_diff,False,outside_current_available_window
001227.XSHE,cash_flow,2026-06-30,2026q2,,subtotal_finance_cash_inflow,,subtotal_finance_cash_inflow,,,,,identity_q1_or_ytd_diff,False,outside_current_available_window
001227.XSHE,cash_flow,2026-06-30,2026q2,,borrowing_repayment,,borrowing_repayment,,,,,identity_q1_or_ytd_diff,False,outside_current_available_window
001227.XSHE,cash_flow,2026-06-30,2026q2,,dividend_interest_payment,,dividend_interest_payment,,,,,identity_q1_or_ytd_diff,False,outside_current_available_window
001227.XSHE,cash_flow,2026-06-30,2026q2,,subtotal_finance_cash_outflow,,subtotal_finance_cash_outflow,,,,,identity_q1_or_ytd_diff,False,outside_current_available_window
001227.XSHE,cash_flow,2026-06-30,2026q2,,net_finance_cash_flow,,net_finance_cash_flow,,,,,identity_q1_or_ytd_diff,False,outside_current_available_window
001227.XSHE,cash_flow,2026-06-30,2026q2,,exchange_rate_change_effect,,exchange_rate_change_effect,,,,,identity_q1_or_ytd_diff,False,outside_current_available_window
001227.XSHE,cash_flow,2026-06-30,2026q2,,cash_equivalent_increase,,cash_equivalent_increase,,,,,identity_q1_or_ytd_diff,False,outside_current_available_window
001227.XSHE,cash_flow,2026-06-30,2026q2,,cash_equivalents_at_beginning,,cash_equivalents_at_beginning,,,,,identity_q1_or_ytd_diff,False,outside_current_available_window
001227.XSHE,cash_flow,2026-06-30,2026q2,,cash_and_equivalents_at_end,,cash_and_equivalents_at_end,,,,,identity_q1_or_ytd_diff,False,outside_current_available_window
001227.XSHE,cash_flow,2026-09-30,2026q3,,net_deposit_increase,,net_deposit_increase,,,,,identity_q1_or_ytd_diff,False,outside_current_available_window
001227.XSHE,cash_flow,2026-09-30,2026q3,,net_borrowing_from_central_bank,,net_borrowing_from_central_bank,,,,,identity_q1_or_ytd_diff,False,outside_current_available_window
001227.XSHE,cash_flow,2026-09-30,2026q3,,net_borrowing_from_finance_co,,net_borrowing_from_finance_co,,,,,identity_q1_or_ytd_diff,False,outside_current_available_window
001227.XSHE,cash_flow,2026-09-30,2026q3,,interest_and_commission_cashin,,interest_and_commission_cashin,,,,,identity_q1_or_ytd_diff,False,outside_current_available_window
001227.XSHE,cash_flow,2026-09-30,2026q3,,net_increase_in_placements,,net_increase_in_placements,,,,,identity_q1_or_ytd_diff,False,outside_current_available_window
001227.XSHE,cash_flow,2026-09-30,2026q3,,net_buyback,,net_buyback,,,,,identity_q1_or_ytd_diff,False,outside_current_available_window
001227.XSHE,cash_flow,2026-09-30,2026q3,,tax_levy_refund,,tax_levy_refund,,,,,identity_q1_or_ytd_diff,False,outside_current_available_window
001227.XSHE,cash_flow,2026-09-30,2026q3,,goods_and_services_cash_paid,,goods_and_services_cash_paid,,,,,identity_q1_or_ytd_diff,False,outside_current_available_window
001227.XSHE,cash_flow,2026-09-30,2026q3,,net_loan_and_advance_increase,,net_loan_and_advance_increase,,,,,identity_q1_or_ytd_diff,False,outside_current_available_window
001227.XSHE,cash_flow,2026-09-30,2026q3,,net_deposit_in_cb_and_ib,,net_deposit_in_cb_and_ib,,,,,identity_q1_or_ytd_diff,False,outside_current_available_window
001227.XSHE,cash_flow,2026-09-30,2026q3,,original_compensation_paid,,original_compensation_paid,,,,,identity_q1_or_ytd_diff,False,outside_current_available_window
001227.XSHE,cash_flow,2026-09-30,2026q3,,policy_dividend_cash_paid,,policy_dividend_cash_paid,,,,,identity_q1_or_ytd_diff,False,outside_current_available_window
001227.XSHE,cash_flow,2026-09-30,2026q3,,staff_behalf_paid,,staff_behalf_paid,,,,,identity_q1_or_ytd_diff,False,outside_current_available_window
001227.XSHE,cash_flow,2026-09-30,2026q3,,tax_payments,,tax_payments,,,,,identity_q1_or_ytd_diff,False,outside_current_available_window
001227.XSHE,cash_flow,2026-09-30,2026q3,,subtotal_operate_cash_inflow,,subtotal_operate_cash_inflow,,,,,identity_q1_or_ytd_diff,False,outside_current_available_window
001227.XSHE,cash_flow,2026-09-30,2026q3,,subtotal_operate_cash_outflow,,subtotal_operate_cash_outflow,,,,,identity_q1_or_ytd_diff,False,outside_current_available_window
001227.XSHE,cash_flow,2026-09-30,2026q3,,net_operate_cash_flow,,net_operate_cash_flow,,,,,identity_q1_or_ytd_diff,False,outside_current_available_window
001227.XSHE,cash_flow,2026-09-30,2026q3,,invest_withdrawal_cash,,invest_withdrawal_cash,,,,,identity_q1_or_ytd_diff,False,outside_current_available_window
001227.XSHE,cash_flow,2026-09-30,2026q3,,invest_proceeds,,invest_proceeds,,,,,identity_q1_or_ytd_diff,False,outside_current_available_window
001227.XSHE,cash_flow,2026-09-30,2026q3,,fix_intan_other_asset_acqui_cash,,fix_intan_other_asset_acqui_cash,,,,,identity_q1_or_ytd_diff,False,outside_current_available_window
001227.XSHE,cash_flow,2026-09-30,2026q3,,invest_cash_paid,,invest_cash_paid,,,,,identity_q1_or_ytd_diff,False,outside_current_available_window
001227.XSHE,cash_flow,2026-09-30,2026q3,,impawned_loan_net_increase,,impawned_loan_net_increase,,,,,identity_q1_or_ytd_diff,False,outside_current_available_window
001227.XSHE,cash_flow,2026-09-30,2026q3,,subtotal_invest_cash_inflow,,subtotal_invest_cash_inflow,,,,,identity_q1_or_ytd_diff,False,outside_current_available_window
001227.XSHE,cash_flow,2026-09-30,2026q3,,subtotal_invest_cash_outflow,,subtotal_invest_cash_outflow,,,,,identity_q1_or_ytd_diff,False,outside_current_available_window
001227.XSHE,cash_flow,2026-09-30,2026q3,,net_invest_cash_flow,,net_invest_cash_flow,,,,,identity_q1_or_ytd_diff,False,outside_current_available_window
001227.XSHE,cash_flow,2026-09-30,2026q3,,cash_from_invest,,cash_from_invest,,,,,identity_q1_or_ytd_diff,False,outside_current_available_window
001227.XSHE,cash_flow,2026-09-30,2026q3,,cash_from_bonds_issue,,cash_from_bonds_issue,,,,,identity_q1_or_ytd_diff,False,outside_current_available_window
001227.XSHE,cash_flow,2026-09-30,2026q3,,cash_from_borrowing,,cash_from_borrowing,,,,,identity_q1_or_ytd_diff,False,outside_current_available_window
001227.XSHE,cash_flow,2026-09-30,2026q3,,subtotal_finance_cash_inflow,,subtotal_finance_cash_inflow,,,,,identity_q1_or_ytd_diff,False,outside_current_available_window
001227.XSHE,cash_flow,2026-09-30,2026q3,,borrowing_repayment,,borrowing_repayment,,,,,identity_q1_or_ytd_diff,False,outside_current_available_window
001227.XSHE,cash_flow,2026-09-30,2026q3,,dividend_interest_payment,,dividend_interest_payment,,,,,identity_q1_or_ytd_diff,False,outside_current_available_window
001227.XSHE,cash_flow,2026-09-30,2026q3,,subtotal_finance_cash_outflow,,subtotal_finance_cash_outflow,,,,,identity_q1_or_ytd_diff,False,outside_current_available_window
001227.XSHE,cash_flow,2026-09-30,2026q3,,net_finance_cash_flow,,net_finance_cash_flow,,,,,identity_q1_or_ytd_diff,False,outside_current_available_window
001227.XSHE,cash_flow,2026-09-30,2026q3,,exchange_rate_change_effect,,exchange_rate_change_effect,,,,,identity_q1_or_ytd_diff,False,outside_current_available_window
001227.XSHE,cash_flow,2026-09-30,2026q3,,cash_equivalent_increase,,cash_equivalent_increase,,,,,identity_q1_or_ytd_diff,False,outside_current_available_window
001227.XSHE,cash_flow,2026-09-30,2026q3,,cash_equivalents_at_beginning,,cash_equivalents_at_beginning,,,,,identity_q1_or_ytd_diff,False,outside_current_available_window
001227.XSHE,cash_flow,2026-09-30,2026q3,,cash_and_equivalents_at_end,,cash_and_equivalents_at_end,,,,,identity_q1_or_ytd_diff,False,outside_current_available_window
001227.XSHE,cash_flow,2026-12-31,2026q4,,net_deposit_increase,,net_deposit_increase,,,,,identity_q1_or_ytd_diff,False,outside_current_available_window
001227.XSHE,cash_flow,2026-12-31,2026q4,,net_borrowing_from_central_bank,,net_borrowing_from_central_bank,,,,,identity_q1_or_ytd_diff,False,outside_current_available_window
001227.XSHE,cash_flow,2026-12-31,2026q4,,net_borrowing_from_finance_co,,net_borrowing_from_finance_co,,,,,identity_q1_or_ytd_diff,False,outside_current_available_window
001227.XSHE,cash_flow,2026-12-31,2026q4,,interest_and_commission_cashin,,interest_and_commission_cashin,,,,,identity_q1_or_ytd_diff,False,outside_current_available_window
001227.XSHE,cash_flow,2026-12-31,2026q4,,net_increase_in_placements,,net_increase_in_placements,,,,,identity_q1_or_ytd_diff,False,outside_current_available_window
001227.XSHE,cash_flow,2026-12-31,2026q4,,net_buyback,,net_buyback,,,,,identity_q1_or_ytd_diff,False,outside_current_available_window
001227.XSHE,cash_flow,2026-12-31,2026q4,,tax_levy_refund,,tax_levy_refund,,,,,identity_q1_or_ytd_diff,False,outside_current_available_window
001227.XSHE,cash_flow,2026-12-31,2026q4,,goods_and_services_cash_paid,,goods_and_services_cash_paid,,,,,identity_q1_or_ytd_diff,False,outside_current_available_window
001227.XSHE,cash_flow,2026-12-31,2026q4,,net_loan_and_advance_increase,,net_loan_and_advance_increase,,,,,identity_q1_or_ytd_diff,False,outside_current_available_window
001227.XSHE,cash_flow,2026-12-31,2026q4,,net_deposit_in_cb_and_ib,,net_deposit_in_cb_and_ib,,,,,identity_q1_or_ytd_diff,False,outside_current_available_window
001227.XSHE,cash_flow,2026-12-31,2026q4,,original_compensation_paid,,original_compensation_paid,,,,,identity_q1_or_ytd_diff,False,outside_current_available_window
001227.XSHE,cash_flow,2026-12-31,2026q4,,policy_dividend_cash_paid,,policy_dividend_cash_paid,,,,,identity_q1_or_ytd_diff,False,outside_current_available_window
001227.XSHE,cash_flow,2026-12-31,2026q4,,staff_behalf_paid,,staff_behalf_paid,,,,,identity_q1_or_ytd_diff,False,outside_current_available_window
001227.XSHE,cash_flow,2026-12-31,2026q4,,tax_payments,,tax_payments,,,,,identity_q1_or_ytd_diff,False,outside_current_available_window
001227.XSHE,cash_flow,2026-12-31,2026q4,,subtotal_operate_cash_inflow,,subtotal_operate_cash_inflow,,,,,identity_q1_or_ytd_diff,False,outside_current_available_window
001227.XSHE,cash_flow,2026-12-31,2026q4,,subtotal_operate_cash_outflow,,subtotal_operate_cash_outflow,,,,,identity_q1_or_ytd_diff,False,outside_current_available_window
001227.XSHE,cash_flow,2026-12-31,2026q4,,net_operate_cash_flow,,net_operate_cash_flow,,,,,identity_q1_or_ytd_diff,False,outside_current_available_window
001227.XSHE,cash_flow,2026-12-31,2026q4,,invest_withdrawal_cash,,invest_withdrawal_cash,,,,,identity_q1_or_ytd_diff,False,outside_current_available_window
001227.XSHE,cash_flow,2026-12-31,2026q4,,invest_proceeds,,invest_proceeds,,,,,identity_q1_or_ytd_diff,False,outside_current_available_window
001227.XSHE,cash_flow,2026-12-31,2026q4,,fix_intan_other_asset_acqui_cash,,fix_intan_other_asset_acqui_cash,,,,,identity_q1_or_ytd_diff,False,outside_current_available_window
001227.XSHE,cash_flow,2026-12-31,2026q4,,invest_cash_paid,,invest_cash_paid,,,,,identity_q1_or_ytd_diff,False,outside_current_available_window
001227.XSHE,cash_flow,2026-12-31,2026q4,,impawned_loan_net_increase,,impawned_loan_net_increase,,,,,identity_q1_or_ytd_diff,False,outside_current_available_window
001227.XSHE,cash_flow,2026-12-31,2026q4,,subtotal_invest_cash_inflow,,subtotal_invest_cash_inflow,,,,,identity_q1_or_ytd_diff,False,outside_current_available_window
001227.XSHE,cash_flow,2026-12-31,2026q4,,subtotal_invest_cash_outflow,,subtotal_invest_cash_outflow,,,,,identity_q1_or_ytd_diff,False,outside_current_available_window
001227.XSHE,cash_flow,2026-12-31,2026q4,,net_invest_cash_flow,,net_invest_cash_flow,,,,,identity_q1_or_ytd_diff,False,outside_current_available_window
001227.XSHE,cash_flow,2026-12-31,2026q4,,cash_from_invest,,cash_from_invest,,,,,identity_q1_or_ytd_diff,False,outside_current_available_window
001227.XSHE,cash_flow,2026-12-31,2026q4,,cash_from_bonds_issue,,cash_from_bonds_issue,,,,,identity_q1_or_ytd_diff,False,outside_current_available_window
001227.XSHE,cash_flow,2026-12-31,2026q4,,cash_from_borrowing,,cash_from_borrowing,,,,,identity_q1_or_ytd_diff,False,outside_current_available_window
001227.XSHE,cash_flow,2026-12-31,2026q4,,subtotal_finance_cash_inflow,,subtotal_finance_cash_inflow,,,,,identity_q1_or_ytd_diff,False,outside_current_available_window
001227.XSHE,cash_flow,2026-12-31,2026q4,,borrowing_repayment,,borrowing_repayment,,,,,identity_q1_or_ytd_diff,False,outside_current_available_window
001227.XSHE,cash_flow,2026-12-31,2026q4,,dividend_interest_payment,,dividend_interest_payment,,,,,identity_q1_or_ytd_diff,False,outside_current_available_window
001227.XSHE,cash_flow,2026-12-31,2026q4,,subtotal_finance_cash_outflow,,subtotal_finance_cash_outflow,,,,,identity_q1_or_ytd_diff,False,outside_current_available_window
001227.XSHE,cash_flow,2026-12-31,2026q4,,net_finance_cash_flow,,net_finance_cash_flow,,,,,identity_q1_or_ytd_diff,False,outside_current_available_window
001227.XSHE,cash_flow,2026-12-31,2026q4,,exchange_rate_change_effect,,exchange_rate_change_effect,,,,,identity_q1_or_ytd_diff,False,outside_current_available_window
001227.XSHE,cash_flow,2026-12-31,2026q4,,cash_equivalent_increase,,cash_equivalent_increase,,,,,identity_q1_or_ytd_diff,False,outside_current_available_window
001227.XSHE,cash_flow,2026-12-31,2026q4,,cash_equivalents_at_beginning,,cash_equivalents_at_beginning,,,,,identity_q1_or_ytd_diff,False,outside_current_available_window
001227.XSHE,cash_flow,2026-12-31,2026q4,,cash_and_equivalents_at_end,,cash_and_equivalents_at_end,,,,,identity_q1_or_ytd_diff,False,outside_current_available_window
