code,statement_family,report_period_end,quarter_key,year_key,standard_field_name,source_table,source_field,raw_primary_value,raw_fallback_value,raw_value_used,prior_cumulative_value_used,transformation_rule,conversion_success,missing_reason
601528.XSHG,cash_flow,2021-09-30,2021q3,,net_deposit_increase,finance_cashflow_statement_current_only.csv,net_deposit_increase,9084593000.0,281635000.0,9084593000.0,8802958000.0,identity_q1_or_ytd_diff,True,
601528.XSHG,cash_flow,2021-09-30,2021q3,,net_borrowing_from_central_bank,finance_cashflow_statement_current_only.csv,net_borrowing_from_central_bank,-1307082000.0,2097583000.0,-1307082000.0,-3404665000.0,identity_q1_or_ytd_diff,True,
601528.XSHG,cash_flow,2021-09-30,2021q3,,net_borrowing_from_finance_co,finance_cashflow_statement_current_only.csv,net_borrowing_from_finance_co,,,,,identity_q1_or_ytd_diff,False,missing_raw_value
601528.XSHG,cash_flow,2021-09-30,2021q3,,interest_and_commission_cashin,finance_cashflow_statement_current_only.csv,interest_and_commission_cashin,4603694000.0,1766967000.0,4603694000.0,2836727000.0,identity_q1_or_ytd_diff,True,
601528.XSHG,cash_flow,2021-09-30,2021q3,,net_increase_in_placements,finance_cashflow_statement_current_only.csv,net_increase_in_placements,-200000000.0,0.0,-200000000.0,-200000000.0,identity_q1_or_ytd_diff,True,
601528.XSHG,cash_flow,2021-09-30,2021q3,,net_buyback,finance_cashflow_statement_current_only.csv,net_buyback,-4719459000.0,,-4719459000.0,-4675918000.0,identity_q1_or_ytd_diff,True,
601528.XSHG,cash_flow,2021-09-30,2021q3,,tax_levy_refund,finance_cashflow_statement_current_only.csv,tax_levy_refund,,,,,identity_q1_or_ytd_diff,False,missing_raw_value
601528.XSHG,cash_flow,2021-09-30,2021q3,,goods_and_services_cash_paid,finance_cashflow_statement_current_only.csv,goods_and_services_cash_paid,,,,,identity_q1_or_ytd_diff,False,missing_raw_value
601528.XSHG,cash_flow,2021-09-30,2021q3,,net_loan_and_advance_increase,finance_cashflow_statement_current_only.csv,net_loan_and_advance_increase,9494285000.0,2927470000.0,9494285000.0,6566815000.0,identity_q1_or_ytd_diff,True,
601528.XSHG,cash_flow,2021-09-30,2021q3,,net_deposit_in_cb_and_ib,finance_cashflow_statement_current_only.csv,net_deposit_in_cb_and_ib,-499688000.0,-377494000.0,-499688000.0,-122194000.0,identity_q1_or_ytd_diff,True,
601528.XSHG,cash_flow,2021-09-30,2021q3,,original_compensation_paid,finance_cashflow_statement_current_only.csv,original_compensation_paid,,,,,identity_q1_or_ytd_diff,False,missing_raw_value
601528.XSHG,cash_flow,2021-09-30,2021q3,,policy_dividend_cash_paid,finance_cashflow_statement_current_only.csv,policy_dividend_cash_paid,,,,,identity_q1_or_ytd_diff,False,missing_raw_value
601528.XSHG,cash_flow,2021-09-30,2021q3,,staff_behalf_paid,finance_cashflow_statement_current_only.csv,staff_behalf_paid,544817000.0,151332000.0,544817000.0,393485000.0,identity_q1_or_ytd_diff,True,
601528.XSHG,cash_flow,2021-09-30,2021q3,,tax_payments,finance_cashflow_statement_current_only.csv,tax_payments,202612000.0,44031000.0,202612000.0,158581000.0,identity_q1_or_ytd_diff,True,
601528.XSHG,cash_flow,2021-09-30,2021q3,,subtotal_operate_cash_inflow,finance_cashflow_statement_current_only.csv,subtotal_operate_cash_inflow,7601429000.0,4141715000.0,7601429000.0,3459714000.0,identity_q1_or_ytd_diff,True,
601528.XSHG,cash_flow,2021-09-30,2021q3,,subtotal_operate_cash_outflow,finance_cashflow_statement_current_only.csv,subtotal_operate_cash_outflow,12635820000.0,2440085000.0,12635820000.0,10195735000.0,identity_q1_or_ytd_diff,True,
601528.XSHG,cash_flow,2021-09-30,2021q3,,net_operate_cash_flow,finance_cashflow_statement_current_only.csv,net_operate_cash_flow,-5034391000.0,1701630000.0,-5034391000.0,-6736021000.0,identity_q1_or_ytd_diff,True,
601528.XSHG,cash_flow,2021-09-30,2021q3,,invest_withdrawal_cash,finance_cashflow_statement_current_only.csv,invest_withdrawal_cash,22651372000.0,11353480000.0,22651372000.0,11297892000.0,identity_q1_or_ytd_diff,True,
601528.XSHG,cash_flow,2021-09-30,2021q3,,invest_proceeds,finance_cashflow_statement_current_only.csv,invest_proceeds,398839000.0,215502000.0,398839000.0,183337000.0,identity_q1_or_ytd_diff,True,
601528.XSHG,cash_flow,2021-09-30,2021q3,,fix_intan_other_asset_acqui_cash,finance_cashflow_statement_current_only.csv,fix_intan_other_asset_acqui_cash,105612000.0,28600000.0,105612000.0,77012000.0,identity_q1_or_ytd_diff,True,
601528.XSHG,cash_flow,2021-09-30,2021q3,,invest_cash_paid,finance_cashflow_statement_current_only.csv,invest_cash_paid,24441987000.0,11516703000.0,24441987000.0,12925284000.0,identity_q1_or_ytd_diff,True,
601528.XSHG,cash_flow,2021-09-30,2021q3,,impawned_loan_net_increase,finance_cashflow_statement_current_only.csv,impawned_loan_net_increase,,,,,identity_q1_or_ytd_diff,False,missing_raw_value
601528.XSHG,cash_flow,2021-09-30,2021q3,,subtotal_invest_cash_inflow,finance_cashflow_statement_current_only.csv,subtotal_invest_cash_inflow,23050211000.0,11568982000.0,23050211000.0,11481229000.0,identity_q1_or_ytd_diff,True,
601528.XSHG,cash_flow,2021-09-30,2021q3,,subtotal_invest_cash_outflow,finance_cashflow_statement_current_only.csv,subtotal_invest_cash_outflow,24547599000.0,11545303000.0,24547599000.0,13002296000.0,identity_q1_or_ytd_diff,True,
601528.XSHG,cash_flow,2021-09-30,2021q3,,net_invest_cash_flow,finance_cashflow_statement_current_only.csv,net_invest_cash_flow,-1497388000.0,23679000.0,-1497388000.0,-1521067000.0,identity_q1_or_ytd_diff,True,
601528.XSHG,cash_flow,2021-09-30,2021q3,,cash_from_invest,finance_cashflow_statement_current_only.csv,cash_from_invest,1181742000.0,0.0,1181742000.0,1181742000.0,identity_q1_or_ytd_diff,True,
601528.XSHG,cash_flow,2021-09-30,2021q3,,cash_from_bonds_issue,finance_cashflow_statement_current_only.csv,cash_from_bonds_issue,18770695000.0,3974481000.0,18770695000.0,14796214000.0,identity_q1_or_ytd_diff,True,
601528.XSHG,cash_flow,2021-09-30,2021q3,,cash_from_borrowing,finance_cashflow_statement_current_only.csv,cash_from_borrowing,,,,,identity_q1_or_ytd_diff,False,missing_raw_value
601528.XSHG,cash_flow,2021-09-30,2021q3,,subtotal_finance_cash_inflow,finance_cashflow_statement_current_only.csv,subtotal_finance_cash_inflow,19952437000.0,3974481000.0,19952437000.0,15977956000.0,identity_q1_or_ytd_diff,True,
601528.XSHG,cash_flow,2021-09-30,2021q3,,borrowing_repayment,finance_cashflow_statement_current_only.csv,borrowing_repayment,16570000000.0,5360000000.0,16570000000.0,11210000000.0,identity_q1_or_ytd_diff,True,
601528.XSHG,cash_flow,2021-09-30,2021q3,,dividend_interest_payment,finance_cashflow_statement_current_only.csv,dividend_interest_payment,102962000.0,49302000.0,102962000.0,53660000.0,identity_q1_or_ytd_diff,True,
601528.XSHG,cash_flow,2021-09-30,2021q3,,subtotal_finance_cash_outflow,finance_cashflow_statement_current_only.csv,subtotal_finance_cash_outflow,16695640000.0,5413602000.0,16695640000.0,11282038000.0,identity_q1_or_ytd_diff,True,
601528.XSHG,cash_flow,2021-09-30,2021q3,,net_finance_cash_flow,finance_cashflow_statement_current_only.csv,net_finance_cash_flow,3256797000.0,-1439121000.0,3256797000.0,4695918000.0,identity_q1_or_ytd_diff,True,
601528.XSHG,cash_flow,2021-09-30,2021q3,,exchange_rate_change_effect,finance_cashflow_statement_current_only.csv,exchange_rate_change_effect,-7577000.0,2091000.0,-7577000.0,-9668000.0,identity_q1_or_ytd_diff,True,
601528.XSHG,cash_flow,2021-09-30,2021q3,,cash_equivalent_increase,finance_cashflow_statement_current_only.csv,cash_equivalent_increase,-3282559000.0,288279000.0,-3282559000.0,-3570838000.0,identity_q1_or_ytd_diff,True,
601528.XSHG,cash_flow,2021-09-30,2021q3,,cash_equivalents_at_beginning,finance_cashflow_statement_current_only.csv,cash_equivalents_at_beginning,13507530000.0,9936692000.0,13507530000.0,13507530000.0,identity_q1_or_ytd_diff,True,
601528.XSHG,cash_flow,2021-09-30,2021q3,,cash_and_equivalents_at_end,finance_cashflow_statement_current_only.csv,cash_and_equivalents_at_end,10224971000.0,10224971000.0,10224971000.0,9936692000.0,identity_q1_or_ytd_diff,True,
601528.XSHG,cash_flow,2021-12-31,2021q4,,net_deposit_increase,finance_cashflow_statement_current_only.csv,net_deposit_increase,9571686000.0,487093000.0,9571686000.0,9084593000.0,identity_q1_or_ytd_diff,True,
601528.XSHG,cash_flow,2021-12-31,2021q4,,net_borrowing_from_central_bank,finance_cashflow_statement_current_only.csv,net_borrowing_from_central_bank,-483170000.0,823912000.0,-483170000.0,-1307082000.0,identity_q1_or_ytd_diff,True,
601528.XSHG,cash_flow,2021-12-31,2021q4,,net_borrowing_from_finance_co,finance_cashflow_statement_current_only.csv,net_borrowing_from_finance_co,,,,,identity_q1_or_ytd_diff,False,missing_raw_value
601528.XSHG,cash_flow,2021-12-31,2021q4,,interest_and_commission_cashin,finance_cashflow_statement_current_only.csv,interest_and_commission_cashin,6144291000.0,1540597000.0,6144291000.0,4603694000.0,identity_q1_or_ytd_diff,True,
601528.XSHG,cash_flow,2021-12-31,2021q4,,net_increase_in_placements,finance_cashflow_statement_current_only.csv,net_increase_in_placements,-100000000.0,100000000.0,-100000000.0,-200000000.0,identity_q1_or_ytd_diff,True,
601528.XSHG,cash_flow,2021-12-31,2021q4,,net_buyback,finance_cashflow_statement_current_only.csv,net_buyback,-1697543000.0,3021916000.0,-1697543000.0,-4719459000.0,identity_q1_or_ytd_diff,True,
601528.XSHG,cash_flow,2021-12-31,2021q4,,tax_levy_refund,finance_cashflow_statement_current_only.csv,tax_levy_refund,,,,,identity_q1_or_ytd_diff,False,missing_raw_value
601528.XSHG,cash_flow,2021-12-31,2021q4,,goods_and_services_cash_paid,finance_cashflow_statement_current_only.csv,goods_and_services_cash_paid,,,,,identity_q1_or_ytd_diff,False,missing_raw_value
601528.XSHG,cash_flow,2021-12-31,2021q4,,net_loan_and_advance_increase,finance_cashflow_statement_current_only.csv,net_loan_and_advance_increase,8797157000.0,-697128000.0,8797157000.0,9494285000.0,identity_q1_or_ytd_diff,True,
601528.XSHG,cash_flow,2021-12-31,2021q4,,net_deposit_in_cb_and_ib,finance_cashflow_statement_current_only.csv,net_deposit_in_cb_and_ib,-131950000.0,367738000.0,-131950000.0,-499688000.0,identity_q1_or_ytd_diff,True,
601528.XSHG,cash_flow,2021-12-31,2021q4,,original_compensation_paid,finance_cashflow_statement_current_only.csv,original_compensation_paid,,,,,identity_q1_or_ytd_diff,False,missing_raw_value
601528.XSHG,cash_flow,2021-12-31,2021q4,,policy_dividend_cash_paid,finance_cashflow_statement_current_only.csv,policy_dividend_cash_paid,,,,,identity_q1_or_ytd_diff,False,missing_raw_value
601528.XSHG,cash_flow,2021-12-31,2021q4,,staff_behalf_paid,finance_cashflow_statement_current_only.csv,staff_behalf_paid,687401000.0,142584000.0,687401000.0,544817000.0,identity_q1_or_ytd_diff,True,
601528.XSHG,cash_flow,2021-12-31,2021q4,,tax_payments,finance_cashflow_statement_current_only.csv,tax_payments,298375000.0,95763000.0,298375000.0,202612000.0,identity_q1_or_ytd_diff,True,
601528.XSHG,cash_flow,2021-12-31,2021q4,,subtotal_operate_cash_inflow,finance_cashflow_statement_current_only.csv,subtotal_operate_cash_inflow,13591645000.0,5990216000.0,13591645000.0,7601429000.0,identity_q1_or_ytd_diff,True,
601528.XSHG,cash_flow,2021-12-31,2021q4,,subtotal_operate_cash_outflow,finance_cashflow_statement_current_only.csv,subtotal_operate_cash_outflow,13778725000.0,1142905000.0,13778725000.0,12635820000.0,identity_q1_or_ytd_diff,True,
601528.XSHG,cash_flow,2021-12-31,2021q4,,net_operate_cash_flow,finance_cashflow_statement_current_only.csv,net_operate_cash_flow,-187080000.0,4847311000.0,-187080000.0,-5034391000.0,identity_q1_or_ytd_diff,True,
601528.XSHG,cash_flow,2021-12-31,2021q4,,invest_withdrawal_cash,finance_cashflow_statement_current_only.csv,invest_withdrawal_cash,25717037000.0,3065665000.0,25717037000.0,22651372000.0,identity_q1_or_ytd_diff,True,
601528.XSHG,cash_flow,2021-12-31,2021q4,,invest_proceeds,finance_cashflow_statement_current_only.csv,invest_proceeds,507636000.0,108797000.0,507636000.0,398839000.0,identity_q1_or_ytd_diff,True,
601528.XSHG,cash_flow,2021-12-31,2021q4,,fix_intan_other_asset_acqui_cash,finance_cashflow_statement_current_only.csv,fix_intan_other_asset_acqui_cash,211391000.0,105779000.0,211391000.0,105612000.0,identity_q1_or_ytd_diff,True,
601528.XSHG,cash_flow,2021-12-31,2021q4,,invest_cash_paid,finance_cashflow_statement_current_only.csv,invest_cash_paid,26511315000.0,2069328000.0,26511315000.0,24441987000.0,identity_q1_or_ytd_diff,True,
601528.XSHG,cash_flow,2021-12-31,2021q4,,impawned_loan_net_increase,finance_cashflow_statement_current_only.csv,impawned_loan_net_increase,,,,,identity_q1_or_ytd_diff,False,missing_raw_value
601528.XSHG,cash_flow,2021-12-31,2021q4,,subtotal_invest_cash_inflow,finance_cashflow_statement_current_only.csv,subtotal_invest_cash_inflow,26225975000.0,3175764000.0,26225975000.0,23050211000.0,identity_q1_or_ytd_diff,True,
601528.XSHG,cash_flow,2021-12-31,2021q4,,subtotal_invest_cash_outflow,finance_cashflow_statement_current_only.csv,subtotal_invest_cash_outflow,26722706000.0,2175107000.0,26722706000.0,24547599000.0,identity_q1_or_ytd_diff,True,
601528.XSHG,cash_flow,2021-12-31,2021q4,,net_invest_cash_flow,finance_cashflow_statement_current_only.csv,net_invest_cash_flow,-496731000.0,1000657000.0,-496731000.0,-1497388000.0,identity_q1_or_ytd_diff,True,
601528.XSHG,cash_flow,2021-12-31,2021q4,,cash_from_invest,finance_cashflow_statement_current_only.csv,cash_from_invest,1181742000.0,0.0,1181742000.0,1181742000.0,identity_q1_or_ytd_diff,True,
601528.XSHG,cash_flow,2021-12-31,2021q4,,cash_from_bonds_issue,finance_cashflow_statement_current_only.csv,cash_from_bonds_issue,22474142000.0,3703447000.0,22474142000.0,18770695000.0,identity_q1_or_ytd_diff,True,
601528.XSHG,cash_flow,2021-12-31,2021q4,,cash_from_borrowing,finance_cashflow_statement_current_only.csv,cash_from_borrowing,,,,,identity_q1_or_ytd_diff,False,missing_raw_value
601528.XSHG,cash_flow,2021-12-31,2021q4,,subtotal_finance_cash_inflow,finance_cashflow_statement_current_only.csv,subtotal_finance_cash_inflow,23655884000.0,3703447000.0,23655884000.0,19952437000.0,identity_q1_or_ytd_diff,True,
601528.XSHG,cash_flow,2021-12-31,2021q4,,borrowing_repayment,finance_cashflow_statement_current_only.csv,borrowing_repayment,25415958000.0,8845958000.0,25415958000.0,16570000000.0,identity_q1_or_ytd_diff,True,
601528.XSHG,cash_flow,2021-12-31,2021q4,,dividend_interest_payment,finance_cashflow_statement_current_only.csv,dividend_interest_payment,209345000.0,106383000.0,209345000.0,102962000.0,identity_q1_or_ytd_diff,True,
601528.XSHG,cash_flow,2021-12-31,2021q4,,subtotal_finance_cash_outflow,finance_cashflow_statement_current_only.csv,subtotal_finance_cash_outflow,25657155000.0,8961515000.0,25657155000.0,16695640000.0,identity_q1_or_ytd_diff,True,
601528.XSHG,cash_flow,2021-12-31,2021q4,,net_finance_cash_flow,finance_cashflow_statement_current_only.csv,net_finance_cash_flow,-2001271000.0,-5258068000.0,-2001271000.0,3256797000.0,identity_q1_or_ytd_diff,True,
601528.XSHG,cash_flow,2021-12-31,2021q4,,exchange_rate_change_effect,finance_cashflow_statement_current_only.csv,exchange_rate_change_effect,-21192000.0,-13615000.0,-21192000.0,-7577000.0,identity_q1_or_ytd_diff,True,
601528.XSHG,cash_flow,2021-12-31,2021q4,,cash_equivalent_increase,finance_cashflow_statement_current_only.csv,cash_equivalent_increase,-2706274000.0,576285000.0,-2706274000.0,-3282559000.0,identity_q1_or_ytd_diff,True,
601528.XSHG,cash_flow,2021-12-31,2021q4,,cash_equivalents_at_beginning,finance_cashflow_statement_current_only.csv,cash_equivalents_at_beginning,13507530000.0,10224971000.0,13507530000.0,13507530000.0,identity_q1_or_ytd_diff,True,
601528.XSHG,cash_flow,2021-12-31,2021q4,,cash_and_equivalents_at_end,finance_cashflow_statement_current_only.csv,cash_and_equivalents_at_end,10801256000.0,10801256000.0,10801256000.0,10224971000.0,identity_q1_or_ytd_diff,True,
601528.XSHG,cash_flow,2022-03-31,2022q1,,net_deposit_increase,finance_cashflow_statement_current_only.csv,net_deposit_increase,8123856000.0,8123856000.0,8123856000.0,,identity_q1_or_ytd_diff,True,
601528.XSHG,cash_flow,2022-03-31,2022q1,,net_borrowing_from_central_bank,finance_cashflow_statement_current_only.csv,net_borrowing_from_central_bank,-190763000.0,-190763000.0,-190763000.0,,identity_q1_or_ytd_diff,True,
601528.XSHG,cash_flow,2022-03-31,2022q1,,net_borrowing_from_finance_co,finance_cashflow_statement_current_only.csv,net_borrowing_from_finance_co,,,,,identity_q1_or_ytd_diff,False,missing_raw_value
601528.XSHG,cash_flow,2022-03-31,2022q1,,interest_and_commission_cashin,finance_cashflow_statement_current_only.csv,interest_and_commission_cashin,1345463000.0,1345463000.0,1345463000.0,,identity_q1_or_ytd_diff,True,
601528.XSHG,cash_flow,2022-03-31,2022q1,,net_increase_in_placements,finance_cashflow_statement_current_only.csv,net_increase_in_placements,-100000000.0,-100000000.0,-100000000.0,,identity_q1_or_ytd_diff,True,
601528.XSHG,cash_flow,2022-03-31,2022q1,,net_buyback,finance_cashflow_statement_current_only.csv,net_buyback,-1087506000.0,-1087506000.0,-1087506000.0,,identity_q1_or_ytd_diff,True,
601528.XSHG,cash_flow,2022-03-31,2022q1,,tax_levy_refund,finance_cashflow_statement_current_only.csv,tax_levy_refund,,,,,identity_q1_or_ytd_diff,False,missing_raw_value
601528.XSHG,cash_flow,2022-03-31,2022q1,,goods_and_services_cash_paid,finance_cashflow_statement_current_only.csv,goods_and_services_cash_paid,,,,,identity_q1_or_ytd_diff,False,missing_raw_value
601528.XSHG,cash_flow,2022-03-31,2022q1,,net_loan_and_advance_increase,finance_cashflow_statement_current_only.csv,net_loan_and_advance_increase,4447780000.0,4447780000.0,4447780000.0,,identity_q1_or_ytd_diff,True,
601528.XSHG,cash_flow,2022-03-31,2022q1,,net_deposit_in_cb_and_ib,finance_cashflow_statement_current_only.csv,net_deposit_in_cb_and_ib,-29371000.0,-29371000.0,-29371000.0,,identity_q1_or_ytd_diff,True,
601528.XSHG,cash_flow,2022-03-31,2022q1,,original_compensation_paid,finance_cashflow_statement_current_only.csv,original_compensation_paid,,,,,identity_q1_or_ytd_diff,False,missing_raw_value
601528.XSHG,cash_flow,2022-03-31,2022q1,,policy_dividend_cash_paid,finance_cashflow_statement_current_only.csv,policy_dividend_cash_paid,,,,,identity_q1_or_ytd_diff,False,missing_raw_value
601528.XSHG,cash_flow,2022-03-31,2022q1,,staff_behalf_paid,finance_cashflow_statement_current_only.csv,staff_behalf_paid,237716000.0,237716000.0,237716000.0,,identity_q1_or_ytd_diff,True,
601528.XSHG,cash_flow,2022-03-31,2022q1,,tax_payments,finance_cashflow_statement_current_only.csv,tax_payments,84973000.0,84973000.0,84973000.0,,identity_q1_or_ytd_diff,True,
601528.XSHG,cash_flow,2022-03-31,2022q1,,subtotal_operate_cash_inflow,finance_cashflow_statement_current_only.csv,subtotal_operate_cash_inflow,8311070000.0,8311070000.0,8311070000.0,,identity_q1_or_ytd_diff,True,
601528.XSHG,cash_flow,2022-03-31,2022q1,,subtotal_operate_cash_outflow,finance_cashflow_statement_current_only.csv,subtotal_operate_cash_outflow,6713881000.0,6713881000.0,6713881000.0,,identity_q1_or_ytd_diff,True,
601528.XSHG,cash_flow,2022-03-31,2022q1,,net_operate_cash_flow,finance_cashflow_statement_current_only.csv,net_operate_cash_flow,1597189000.0,1597189000.0,1597189000.0,,identity_q1_or_ytd_diff,True,
601528.XSHG,cash_flow,2022-03-31,2022q1,,invest_withdrawal_cash,finance_cashflow_statement_current_only.csv,invest_withdrawal_cash,3323680000.0,3323680000.0,3323680000.0,,identity_q1_or_ytd_diff,True,
601528.XSHG,cash_flow,2022-03-31,2022q1,,invest_proceeds,finance_cashflow_statement_current_only.csv,invest_proceeds,56181000.0,56181000.0,56181000.0,,identity_q1_or_ytd_diff,True,
601528.XSHG,cash_flow,2022-03-31,2022q1,,fix_intan_other_asset_acqui_cash,finance_cashflow_statement_current_only.csv,fix_intan_other_asset_acqui_cash,104320000.0,104320000.0,104320000.0,,identity_q1_or_ytd_diff,True,
601528.XSHG,cash_flow,2022-03-31,2022q1,,invest_cash_paid,finance_cashflow_statement_current_only.csv,invest_cash_paid,5968979000.0,5968979000.0,5968979000.0,,identity_q1_or_ytd_diff,True,
601528.XSHG,cash_flow,2022-03-31,2022q1,,impawned_loan_net_increase,finance_cashflow_statement_current_only.csv,impawned_loan_net_increase,,,,,identity_q1_or_ytd_diff,False,missing_raw_value
601528.XSHG,cash_flow,2022-03-31,2022q1,,subtotal_invest_cash_inflow,finance_cashflow_statement_current_only.csv,subtotal_invest_cash_inflow,3379861000.0,3379861000.0,3379861000.0,,identity_q1_or_ytd_diff,True,
601528.XSHG,cash_flow,2022-03-31,2022q1,,subtotal_invest_cash_outflow,finance_cashflow_statement_current_only.csv,subtotal_invest_cash_outflow,6073299000.0,6073299000.0,6073299000.0,,identity_q1_or_ytd_diff,True,
601528.XSHG,cash_flow,2022-03-31,2022q1,,net_invest_cash_flow,finance_cashflow_statement_current_only.csv,net_invest_cash_flow,-2693438000.0,-2693438000.0,-2693438000.0,,identity_q1_or_ytd_diff,True,
601528.XSHG,cash_flow,2022-03-31,2022q1,,cash_from_invest,finance_cashflow_statement_current_only.csv,cash_from_invest,,,,,identity_q1_or_ytd_diff,False,missing_raw_value
601528.XSHG,cash_flow,2022-03-31,2022q1,,cash_from_bonds_issue,finance_cashflow_statement_current_only.csv,cash_from_bonds_issue,1488008000.0,1488008000.0,1488008000.0,,identity_q1_or_ytd_diff,True,
601528.XSHG,cash_flow,2022-03-31,2022q1,,cash_from_borrowing,finance_cashflow_statement_current_only.csv,cash_from_borrowing,,,,,identity_q1_or_ytd_diff,False,missing_raw_value
601528.XSHG,cash_flow,2022-03-31,2022q1,,subtotal_finance_cash_inflow,finance_cashflow_statement_current_only.csv,subtotal_finance_cash_inflow,1488008000.0,1488008000.0,1488008000.0,,identity_q1_or_ytd_diff,True,
601528.XSHG,cash_flow,2022-03-31,2022q1,,borrowing_repayment,finance_cashflow_statement_current_only.csv,borrowing_repayment,1953326000.0,1953326000.0,1953326000.0,,identity_q1_or_ytd_diff,True,
601528.XSHG,cash_flow,2022-03-31,2022q1,,dividend_interest_payment,finance_cashflow_statement_current_only.csv,dividend_interest_payment,25001000.0,25001000.0,25001000.0,,identity_q1_or_ytd_diff,True,
601528.XSHG,cash_flow,2022-03-31,2022q1,,subtotal_finance_cash_outflow,finance_cashflow_statement_current_only.csv,subtotal_finance_cash_outflow,1986122000.0,1986122000.0,1986122000.0,,identity_q1_or_ytd_diff,True,
601528.XSHG,cash_flow,2022-03-31,2022q1,,net_finance_cash_flow,finance_cashflow_statement_current_only.csv,net_finance_cash_flow,-498114000.0,-498114000.0,-498114000.0,,identity_q1_or_ytd_diff,True,
601528.XSHG,cash_flow,2022-03-31,2022q1,,exchange_rate_change_effect,finance_cashflow_statement_current_only.csv,exchange_rate_change_effect,-11396000.0,-11396000.0,-11396000.0,,identity_q1_or_ytd_diff,True,
601528.XSHG,cash_flow,2022-03-31,2022q1,,cash_equivalent_increase,finance_cashflow_statement_current_only.csv,cash_equivalent_increase,-1605759000.0,-1605759000.0,-1605759000.0,,identity_q1_or_ytd_diff,True,
601528.XSHG,cash_flow,2022-03-31,2022q1,,cash_equivalents_at_beginning,finance_cashflow_statement_current_only.csv,cash_equivalents_at_beginning,10801256000.0,10801256000.0,10801256000.0,,identity_q1_or_ytd_diff,True,
601528.XSHG,cash_flow,2022-03-31,2022q1,,cash_and_equivalents_at_end,finance_cashflow_statement_current_only.csv,cash_and_equivalents_at_end,9195497000.0,9195497000.0,9195497000.0,,identity_q1_or_ytd_diff,True,
601528.XSHG,cash_flow,2022-06-30,2022q2,,net_deposit_increase,finance_cashflow_statement_current_only.csv,net_deposit_increase,12598795000.0,4474939000.0,12598795000.0,8123856000.0,identity_q1_or_ytd_diff,True,
601528.XSHG,cash_flow,2022-06-30,2022q2,,net_borrowing_from_central_bank,finance_cashflow_statement_current_only.csv,net_borrowing_from_central_bank,1030933000.0,1221696000.0,1030933000.0,-190763000.0,identity_q1_or_ytd_diff,True,
601528.XSHG,cash_flow,2022-06-30,2022q2,,net_borrowing_from_finance_co,finance_cashflow_statement_current_only.csv,net_borrowing_from_finance_co,,,,,identity_q1_or_ytd_diff,False,missing_raw_value
601528.XSHG,cash_flow,2022-06-30,2022q2,,interest_and_commission_cashin,finance_cashflow_statement_current_only.csv,interest_and_commission_cashin,2568091000.0,1222628000.0,2568091000.0,1345463000.0,identity_q1_or_ytd_diff,True,
601528.XSHG,cash_flow,2022-06-30,2022q2,,net_increase_in_placements,finance_cashflow_statement_current_only.csv,net_increase_in_placements,-100000000.0,0.0,-100000000.0,-100000000.0,identity_q1_or_ytd_diff,True,
601528.XSHG,cash_flow,2022-06-30,2022q2,,net_buyback,finance_cashflow_statement_current_only.csv,net_buyback,-1468835000.0,-381329000.0,-1468835000.0,-1087506000.0,identity_q1_or_ytd_diff,True,
601528.XSHG,cash_flow,2022-06-30,2022q2,,tax_levy_refund,finance_cashflow_statement_current_only.csv,tax_levy_refund,,,,,identity_q1_or_ytd_diff,False,missing_raw_value
601528.XSHG,cash_flow,2022-06-30,2022q2,,goods_and_services_cash_paid,finance_cashflow_statement_current_only.csv,goods_and_services_cash_paid,,,,,identity_q1_or_ytd_diff,False,missing_raw_value
601528.XSHG,cash_flow,2022-06-30,2022q2,,net_loan_and_advance_increase,finance_cashflow_statement_current_only.csv,net_loan_and_advance_increase,8537715000.0,4089935000.0,8537715000.0,4447780000.0,identity_q1_or_ytd_diff,True,
601528.XSHG,cash_flow,2022-06-30,2022q2,,net_deposit_in_cb_and_ib,finance_cashflow_statement_current_only.csv,net_deposit_in_cb_and_ib,82377000.0,111748000.0,82377000.0,-29371000.0,identity_q1_or_ytd_diff,True,
601528.XSHG,cash_flow,2022-06-30,2022q2,,original_compensation_paid,finance_cashflow_statement_current_only.csv,original_compensation_paid,,,,,identity_q1_or_ytd_diff,False,missing_raw_value
601528.XSHG,cash_flow,2022-06-30,2022q2,,policy_dividend_cash_paid,finance_cashflow_statement_current_only.csv,policy_dividend_cash_paid,,,,,identity_q1_or_ytd_diff,False,missing_raw_value
601528.XSHG,cash_flow,2022-06-30,2022q2,,staff_behalf_paid,finance_cashflow_statement_current_only.csv,staff_behalf_paid,452086000.0,214370000.0,452086000.0,237716000.0,identity_q1_or_ytd_diff,True,
601528.XSHG,cash_flow,2022-06-30,2022q2,,tax_payments,finance_cashflow_statement_current_only.csv,tax_payments,122259000.0,37286000.0,122259000.0,84973000.0,identity_q1_or_ytd_diff,True,
601528.XSHG,cash_flow,2022-06-30,2022q2,,subtotal_operate_cash_inflow,finance_cashflow_statement_current_only.csv,subtotal_operate_cash_inflow,14709984000.0,6398914000.0,14709984000.0,8311070000.0,identity_q1_or_ytd_diff,True,
601528.XSHG,cash_flow,2022-06-30,2022q2,,subtotal_operate_cash_outflow,finance_cashflow_statement_current_only.csv,subtotal_operate_cash_outflow,11841412000.0,5127531000.0,11841412000.0,6713881000.0,identity_q1_or_ytd_diff,True,
601528.XSHG,cash_flow,2022-06-30,2022q2,,net_operate_cash_flow,finance_cashflow_statement_current_only.csv,net_operate_cash_flow,2868572000.0,1271383000.0,2868572000.0,1597189000.0,identity_q1_or_ytd_diff,True,
601528.XSHG,cash_flow,2022-06-30,2022q2,,invest_withdrawal_cash,finance_cashflow_statement_current_only.csv,invest_withdrawal_cash,7979608000.0,4655928000.0,7979608000.0,3323680000.0,identity_q1_or_ytd_diff,True,
601528.XSHG,cash_flow,2022-06-30,2022q2,,invest_proceeds,finance_cashflow_statement_current_only.csv,invest_proceeds,182907000.0,126726000.0,182907000.0,56181000.0,identity_q1_or_ytd_diff,True,
601528.XSHG,cash_flow,2022-06-30,2022q2,,fix_intan_other_asset_acqui_cash,finance_cashflow_statement_current_only.csv,fix_intan_other_asset_acqui_cash,70238000.0,-34082000.0,70238000.0,104320000.0,identity_q1_or_ytd_diff,True,
601528.XSHG,cash_flow,2022-06-30,2022q2,,invest_cash_paid,finance_cashflow_statement_current_only.csv,invest_cash_paid,17536958000.0,11567979000.0,17536958000.0,5968979000.0,identity_q1_or_ytd_diff,True,
601528.XSHG,cash_flow,2022-06-30,2022q2,,impawned_loan_net_increase,finance_cashflow_statement_current_only.csv,impawned_loan_net_increase,,,,,identity_q1_or_ytd_diff,False,missing_raw_value
601528.XSHG,cash_flow,2022-06-30,2022q2,,subtotal_invest_cash_inflow,finance_cashflow_statement_current_only.csv,subtotal_invest_cash_inflow,8162519000.0,4782658000.0,8162519000.0,3379861000.0,identity_q1_or_ytd_diff,True,
601528.XSHG,cash_flow,2022-06-30,2022q2,,subtotal_invest_cash_outflow,finance_cashflow_statement_current_only.csv,subtotal_invest_cash_outflow,17607196000.0,11533897000.0,17607196000.0,6073299000.0,identity_q1_or_ytd_diff,True,
601528.XSHG,cash_flow,2022-06-30,2022q2,,net_invest_cash_flow,finance_cashflow_statement_current_only.csv,net_invest_cash_flow,-9444677000.0,-6751239000.0,-9444677000.0,-2693438000.0,identity_q1_or_ytd_diff,True,
601528.XSHG,cash_flow,2022-06-30,2022q2,,cash_from_invest,finance_cashflow_statement_current_only.csv,cash_from_invest,,,,,identity_q1_or_ytd_diff,False,missing_raw_value
601528.XSHG,cash_flow,2022-06-30,2022q2,,cash_from_bonds_issue,finance_cashflow_statement_current_only.csv,cash_from_bonds_issue,7661481000.0,6173473000.0,7661481000.0,1488008000.0,identity_q1_or_ytd_diff,True,
601528.XSHG,cash_flow,2022-06-30,2022q2,,cash_from_borrowing,finance_cashflow_statement_current_only.csv,cash_from_borrowing,,,,,identity_q1_or_ytd_diff,False,missing_raw_value
601528.XSHG,cash_flow,2022-06-30,2022q2,,subtotal_finance_cash_inflow,finance_cashflow_statement_current_only.csv,subtotal_finance_cash_inflow,7661481000.0,6173473000.0,7661481000.0,1488008000.0,identity_q1_or_ytd_diff,True,
601528.XSHG,cash_flow,2022-06-30,2022q2,,borrowing_repayment,finance_cashflow_statement_current_only.csv,borrowing_repayment,5137409000.0,3184083000.0,5137409000.0,1953326000.0,identity_q1_or_ytd_diff,True,
601528.XSHG,cash_flow,2022-06-30,2022q2,,dividend_interest_payment,finance_cashflow_statement_current_only.csv,dividend_interest_payment,365274000.0,340273000.0,365274000.0,25001000.0,identity_q1_or_ytd_diff,True,
601528.XSHG,cash_flow,2022-06-30,2022q2,,subtotal_finance_cash_outflow,finance_cashflow_statement_current_only.csv,subtotal_finance_cash_outflow,5523274000.0,3537152000.0,5523274000.0,1986122000.0,identity_q1_or_ytd_diff,True,
601528.XSHG,cash_flow,2022-06-30,2022q2,,net_finance_cash_flow,finance_cashflow_statement_current_only.csv,net_finance_cash_flow,2138207000.0,2636321000.0,2138207000.0,-498114000.0,identity_q1_or_ytd_diff,True,
601528.XSHG,cash_flow,2022-06-30,2022q2,,exchange_rate_change_effect,finance_cashflow_statement_current_only.csv,exchange_rate_change_effect,16951000.0,28347000.0,16951000.0,-11396000.0,identity_q1_or_ytd_diff,True,
601528.XSHG,cash_flow,2022-06-30,2022q2,,cash_equivalent_increase,finance_cashflow_statement_current_only.csv,cash_equivalent_increase,-4420947000.0,-2815188000.0,-4420947000.0,-1605759000.0,identity_q1_or_ytd_diff,True,
601528.XSHG,cash_flow,2022-06-30,2022q2,,cash_equivalents_at_beginning,finance_cashflow_statement_current_only.csv,cash_equivalents_at_beginning,10801256000.0,9195497000.0,10801256000.0,10801256000.0,identity_q1_or_ytd_diff,True,
601528.XSHG,cash_flow,2022-06-30,2022q2,,cash_and_equivalents_at_end,finance_cashflow_statement_current_only.csv,cash_and_equivalents_at_end,6380309000.0,6380309000.0,6380309000.0,9195497000.0,identity_q1_or_ytd_diff,True,
601528.XSHG,cash_flow,2022-09-30,2022q3,,net_deposit_increase,finance_cashflow_statement_current_only.csv,net_deposit_increase,20696112000.0,8097317000.0,20696112000.0,12598795000.0,identity_q1_or_ytd_diff,True,
601528.XSHG,cash_flow,2022-09-30,2022q3,,net_borrowing_from_central_bank,finance_cashflow_statement_current_only.csv,net_borrowing_from_central_bank,-917916000.0,-1948849000.0,-917916000.0,1030933000.0,identity_q1_or_ytd_diff,True,
601528.XSHG,cash_flow,2022-09-30,2022q3,,net_borrowing_from_finance_co,finance_cashflow_statement_current_only.csv,net_borrowing_from_finance_co,,,,,identity_q1_or_ytd_diff,False,missing_raw_value
601528.XSHG,cash_flow,2022-09-30,2022q3,,interest_and_commission_cashin,finance_cashflow_statement_current_only.csv,interest_and_commission_cashin,4774574000.0,2206483000.0,4774574000.0,2568091000.0,identity_q1_or_ytd_diff,True,
601528.XSHG,cash_flow,2022-09-30,2022q3,,net_increase_in_placements,finance_cashflow_statement_current_only.csv,net_increase_in_placements,-100000000.0,0.0,-100000000.0,-100000000.0,identity_q1_or_ytd_diff,True,
601528.XSHG,cash_flow,2022-09-30,2022q3,,net_buyback,finance_cashflow_statement_current_only.csv,net_buyback,-2549211000.0,-1080376000.0,-2549211000.0,-1468835000.0,identity_q1_or_ytd_diff,True,
601528.XSHG,cash_flow,2022-09-30,2022q3,,tax_levy_refund,finance_cashflow_statement_current_only.csv,tax_levy_refund,,,,,identity_q1_or_ytd_diff,False,missing_raw_value
601528.XSHG,cash_flow,2022-09-30,2022q3,,goods_and_services_cash_paid,finance_cashflow_statement_current_only.csv,goods_and_services_cash_paid,,,,,identity_q1_or_ytd_diff,False,missing_raw_value
601528.XSHG,cash_flow,2022-09-30,2022q3,,net_loan_and_advance_increase,finance_cashflow_statement_current_only.csv,net_loan_and_advance_increase,14354431000.0,5816716000.0,14354431000.0,8537715000.0,identity_q1_or_ytd_diff,True,
601528.XSHG,cash_flow,2022-09-30,2022q3,,net_deposit_in_cb_and_ib,finance_cashflow_statement_current_only.csv,net_deposit_in_cb_and_ib,583859000.0,501482000.0,583859000.0,82377000.0,identity_q1_or_ytd_diff,True,
601528.XSHG,cash_flow,2022-09-30,2022q3,,original_compensation_paid,finance_cashflow_statement_current_only.csv,original_compensation_paid,,,,,identity_q1_or_ytd_diff,False,missing_raw_value
601528.XSHG,cash_flow,2022-09-30,2022q3,,policy_dividend_cash_paid,finance_cashflow_statement_current_only.csv,policy_dividend_cash_paid,,,,,identity_q1_or_ytd_diff,False,missing_raw_value
601528.XSHG,cash_flow,2022-09-30,2022q3,,staff_behalf_paid,finance_cashflow_statement_current_only.csv,staff_behalf_paid,560407000.0,108321000.0,560407000.0,452086000.0,identity_q1_or_ytd_diff,True,
601528.XSHG,cash_flow,2022-09-30,2022q3,,tax_payments,finance_cashflow_statement_current_only.csv,tax_payments,196252000.0,73993000.0,196252000.0,122259000.0,identity_q1_or_ytd_diff,True,
601528.XSHG,cash_flow,2022-09-30,2022q3,,subtotal_operate_cash_inflow,finance_cashflow_statement_current_only.csv,subtotal_operate_cash_inflow,21938914000.0,7228930000.0,21938914000.0,14709984000.0,identity_q1_or_ytd_diff,True,
601528.XSHG,cash_flow,2022-09-30,2022q3,,subtotal_operate_cash_outflow,finance_cashflow_statement_current_only.csv,subtotal_operate_cash_outflow,18959241000.0,7117829000.0,18959241000.0,11841412000.0,identity_q1_or_ytd_diff,True,
601528.XSHG,cash_flow,2022-09-30,2022q3,,net_operate_cash_flow,finance_cashflow_statement_current_only.csv,net_operate_cash_flow,2979673000.0,111101000.0,2979673000.0,2868572000.0,identity_q1_or_ytd_diff,True,
601528.XSHG,cash_flow,2022-09-30,2022q3,,invest_withdrawal_cash,finance_cashflow_statement_current_only.csv,invest_withdrawal_cash,15785009000.0,7805401000.0,15785009000.0,7979608000.0,identity_q1_or_ytd_diff,True,
601528.XSHG,cash_flow,2022-09-30,2022q3,,invest_proceeds,finance_cashflow_statement_current_only.csv,invest_proceeds,259626000.0,76719000.0,259626000.0,182907000.0,identity_q1_or_ytd_diff,True,
601528.XSHG,cash_flow,2022-09-30,2022q3,,fix_intan_other_asset_acqui_cash,finance_cashflow_statement_current_only.csv,fix_intan_other_asset_acqui_cash,88202000.0,17964000.0,88202000.0,70238000.0,identity_q1_or_ytd_diff,True,
601528.XSHG,cash_flow,2022-09-30,2022q3,,invest_cash_paid,finance_cashflow_statement_current_only.csv,invest_cash_paid,24676452000.0,7139494000.0,24676452000.0,17536958000.0,identity_q1_or_ytd_diff,True,
601528.XSHG,cash_flow,2022-09-30,2022q3,,impawned_loan_net_increase,finance_cashflow_statement_current_only.csv,impawned_loan_net_increase,,,,,identity_q1_or_ytd_diff,False,missing_raw_value
601528.XSHG,cash_flow,2022-09-30,2022q3,,subtotal_invest_cash_inflow,finance_cashflow_statement_current_only.csv,subtotal_invest_cash_inflow,16047342000.0,7884823000.0,16047342000.0,8162519000.0,identity_q1_or_ytd_diff,True,
601528.XSHG,cash_flow,2022-09-30,2022q3,,subtotal_invest_cash_outflow,finance_cashflow_statement_current_only.csv,subtotal_invest_cash_outflow,24764654000.0,7157458000.0,24764654000.0,17607196000.0,identity_q1_or_ytd_diff,True,
601528.XSHG,cash_flow,2022-09-30,2022q3,,net_invest_cash_flow,finance_cashflow_statement_current_only.csv,net_invest_cash_flow,-8717312000.0,727365000.0,-8717312000.0,-9444677000.0,identity_q1_or_ytd_diff,True,
601528.XSHG,cash_flow,2022-09-30,2022q3,,cash_from_invest,finance_cashflow_statement_current_only.csv,cash_from_invest,,,,,identity_q1_or_ytd_diff,False,missing_raw_value
601528.XSHG,cash_flow,2022-09-30,2022q3,,cash_from_bonds_issue,finance_cashflow_statement_current_only.csv,cash_from_bonds_issue,14270856000.0,6609375000.0,14270856000.0,7661481000.0,identity_q1_or_ytd_diff,True,
601528.XSHG,cash_flow,2022-09-30,2022q3,,cash_from_borrowing,finance_cashflow_statement_current_only.csv,cash_from_borrowing,,,,,identity_q1_or_ytd_diff,False,missing_raw_value
601528.XSHG,cash_flow,2022-09-30,2022q3,,subtotal_finance_cash_inflow,finance_cashflow_statement_current_only.csv,subtotal_finance_cash_inflow,14270856000.0,6609375000.0,14270856000.0,7661481000.0,identity_q1_or_ytd_diff,True,
601528.XSHG,cash_flow,2022-09-30,2022q3,,borrowing_repayment,finance_cashflow_statement_current_only.csv,borrowing_repayment,11290000000.0,6152591000.0,11290000000.0,5137409000.0,identity_q1_or_ytd_diff,True,
601528.XSHG,cash_flow,2022-09-30,2022q3,,dividend_interest_payment,finance_cashflow_statement_current_only.csv,dividend_interest_payment,339537000.0,-25737000.0,339537000.0,365274000.0,identity_q1_or_ytd_diff,True,
601528.XSHG,cash_flow,2022-09-30,2022q3,,subtotal_finance_cash_outflow,finance_cashflow_statement_current_only.csv,subtotal_finance_cash_outflow,11657562000.0,6134288000.0,11657562000.0,5523274000.0,identity_q1_or_ytd_diff,True,
601528.XSHG,cash_flow,2022-09-30,2022q3,,net_finance_cash_flow,finance_cashflow_statement_current_only.csv,net_finance_cash_flow,2613294000.0,475087000.0,2613294000.0,2138207000.0,identity_q1_or_ytd_diff,True,
601528.XSHG,cash_flow,2022-09-30,2022q3,,exchange_rate_change_effect,finance_cashflow_statement_current_only.csv,exchange_rate_change_effect,52193000.0,35242000.0,52193000.0,16951000.0,identity_q1_or_ytd_diff,True,
601528.XSHG,cash_flow,2022-09-30,2022q3,,cash_equivalent_increase,finance_cashflow_statement_current_only.csv,cash_equivalent_increase,-3072152000.0,1348795000.0,-3072152000.0,-4420947000.0,identity_q1_or_ytd_diff,True,
601528.XSHG,cash_flow,2022-09-30,2022q3,,cash_equivalents_at_beginning,finance_cashflow_statement_current_only.csv,cash_equivalents_at_beginning,10801256000.0,6380309000.0,10801256000.0,10801256000.0,identity_q1_or_ytd_diff,True,
601528.XSHG,cash_flow,2022-09-30,2022q3,,cash_and_equivalents_at_end,finance_cashflow_statement_current_only.csv,cash_and_equivalents_at_end,7729104000.0,7729104000.0,7729104000.0,6380309000.0,identity_q1_or_ytd_diff,True,
601528.XSHG,cash_flow,2022-12-31,2022q4,,net_deposit_increase,finance_cashflow_statement_current_only.csv,net_deposit_increase,23387427000.0,2691315000.0,23387427000.0,20696112000.0,identity_q1_or_ytd_diff,True,
601528.XSHG,cash_flow,2022-12-31,2022q4,,net_borrowing_from_central_bank,finance_cashflow_statement_current_only.csv,net_borrowing_from_central_bank,-2409279000.0,-1491363000.0,-2409279000.0,-917916000.0,identity_q1_or_ytd_diff,True,
601528.XSHG,cash_flow,2022-12-31,2022q4,,net_borrowing_from_finance_co,finance_cashflow_statement_current_only.csv,net_borrowing_from_finance_co,,,,,identity_q1_or_ytd_diff,False,missing_raw_value
601528.XSHG,cash_flow,2022-12-31,2022q4,,interest_and_commission_cashin,finance_cashflow_statement_current_only.csv,interest_and_commission_cashin,6566820000.0,1792246000.0,6566820000.0,4774574000.0,identity_q1_or_ytd_diff,True,
601528.XSHG,cash_flow,2022-12-31,2022q4,,net_increase_in_placements,finance_cashflow_statement_current_only.csv,net_increase_in_placements,900000000.0,1000000000.0,900000000.0,-100000000.0,identity_q1_or_ytd_diff,True,
601528.XSHG,cash_flow,2022-12-31,2022q4,,net_buyback,finance_cashflow_statement_current_only.csv,net_buyback,-773468000.0,1775743000.0,-773468000.0,-2549211000.0,identity_q1_or_ytd_diff,True,
601528.XSHG,cash_flow,2022-12-31,2022q4,,tax_levy_refund,finance_cashflow_statement_current_only.csv,tax_levy_refund,,,,,identity_q1_or_ytd_diff,False,missing_raw_value
601528.XSHG,cash_flow,2022-12-31,2022q4,,goods_and_services_cash_paid,finance_cashflow_statement_current_only.csv,goods_and_services_cash_paid,,,,,identity_q1_or_ytd_diff,False,missing_raw_value
601528.XSHG,cash_flow,2022-12-31,2022q4,,net_loan_and_advance_increase,finance_cashflow_statement_current_only.csv,net_loan_and_advance_increase,18249086000.0,3894655000.0,18249086000.0,14354431000.0,identity_q1_or_ytd_diff,True,
601528.XSHG,cash_flow,2022-12-31,2022q4,,net_deposit_in_cb_and_ib,finance_cashflow_statement_current_only.csv,net_deposit_in_cb_and_ib,629482000.0,45623000.0,629482000.0,583859000.0,identity_q1_or_ytd_diff,True,
601528.XSHG,cash_flow,2022-12-31,2022q4,,original_compensation_paid,finance_cashflow_statement_current_only.csv,original_compensation_paid,,,,,identity_q1_or_ytd_diff,False,missing_raw_value
601528.XSHG,cash_flow,2022-12-31,2022q4,,policy_dividend_cash_paid,finance_cashflow_statement_current_only.csv,policy_dividend_cash_paid,,,,,identity_q1_or_ytd_diff,False,missing_raw_value
601528.XSHG,cash_flow,2022-12-31,2022q4,,staff_behalf_paid,finance_cashflow_statement_current_only.csv,staff_behalf_paid,767930000.0,207523000.0,767930000.0,560407000.0,identity_q1_or_ytd_diff,True,
601528.XSHG,cash_flow,2022-12-31,2022q4,,tax_payments,finance_cashflow_statement_current_only.csv,tax_payments,293826000.0,97574000.0,293826000.0,196252000.0,identity_q1_or_ytd_diff,True,
601528.XSHG,cash_flow,2022-12-31,2022q4,,subtotal_operate_cash_inflow,finance_cashflow_statement_current_only.csv,subtotal_operate_cash_inflow,27759462000.0,5820548000.0,27759462000.0,21938914000.0,identity_q1_or_ytd_diff,True,
601528.XSHG,cash_flow,2022-12-31,2022q4,,subtotal_operate_cash_outflow,finance_cashflow_statement_current_only.csv,subtotal_operate_cash_outflow,24598335000.0,5639094000.0,24598335000.0,18959241000.0,identity_q1_or_ytd_diff,True,
601528.XSHG,cash_flow,2022-12-31,2022q4,,net_operate_cash_flow,finance_cashflow_statement_current_only.csv,net_operate_cash_flow,3161127000.0,181454000.0,3161127000.0,2979673000.0,identity_q1_or_ytd_diff,True,
601528.XSHG,cash_flow,2022-12-31,2022q4,,invest_withdrawal_cash,finance_cashflow_statement_current_only.csv,invest_withdrawal_cash,31614124000.0,15829115000.0,31614124000.0,15785009000.0,identity_q1_or_ytd_diff,True,
601528.XSHG,cash_flow,2022-12-31,2022q4,,invest_proceeds,finance_cashflow_statement_current_only.csv,invest_proceeds,417173000.0,157547000.0,417173000.0,259626000.0,identity_q1_or_ytd_diff,True,
601528.XSHG,cash_flow,2022-12-31,2022q4,,fix_intan_other_asset_acqui_cash,finance_cashflow_statement_current_only.csv,fix_intan_other_asset_acqui_cash,83904000.0,-4298000.0,83904000.0,88202000.0,identity_q1_or_ytd_diff,True,
601528.XSHG,cash_flow,2022-12-31,2022q4,,invest_cash_paid,finance_cashflow_statement_current_only.csv,invest_cash_paid,38468750000.0,13792298000.0,38468750000.0,24676452000.0,identity_q1_or_ytd_diff,True,
601528.XSHG,cash_flow,2022-12-31,2022q4,,impawned_loan_net_increase,finance_cashflow_statement_current_only.csv,impawned_loan_net_increase,,,,,identity_q1_or_ytd_diff,False,missing_raw_value
601528.XSHG,cash_flow,2022-12-31,2022q4,,subtotal_invest_cash_inflow,finance_cashflow_statement_current_only.csv,subtotal_invest_cash_inflow,32032373000.0,15985031000.0,32032373000.0,16047342000.0,identity_q1_or_ytd_diff,True,
601528.XSHG,cash_flow,2022-12-31,2022q4,,subtotal_invest_cash_outflow,finance_cashflow_statement_current_only.csv,subtotal_invest_cash_outflow,38552654000.0,13788000000.0,38552654000.0,24764654000.0,identity_q1_or_ytd_diff,True,
601528.XSHG,cash_flow,2022-12-31,2022q4,,net_invest_cash_flow,finance_cashflow_statement_current_only.csv,net_invest_cash_flow,-6520281000.0,2197031000.0,-6520281000.0,-8717312000.0,identity_q1_or_ytd_diff,True,
601528.XSHG,cash_flow,2022-12-31,2022q4,,cash_from_invest,finance_cashflow_statement_current_only.csv,cash_from_invest,,,,,identity_q1_or_ytd_diff,False,missing_raw_value
601528.XSHG,cash_flow,2022-12-31,2022q4,,cash_from_bonds_issue,finance_cashflow_statement_current_only.csv,cash_from_bonds_issue,14491832000.0,220976000.0,14491832000.0,14270856000.0,identity_q1_or_ytd_diff,True,
601528.XSHG,cash_flow,2022-12-31,2022q4,,cash_from_borrowing,finance_cashflow_statement_current_only.csv,cash_from_borrowing,,,,,identity_q1_or_ytd_diff,False,missing_raw_value
601528.XSHG,cash_flow,2022-12-31,2022q4,,subtotal_finance_cash_inflow,finance_cashflow_statement_current_only.csv,subtotal_finance_cash_inflow,14491832000.0,220976000.0,14491832000.0,14270856000.0,identity_q1_or_ytd_diff,True,
601528.XSHG,cash_flow,2022-12-31,2022q4,,borrowing_repayment,finance_cashflow_statement_current_only.csv,borrowing_repayment,14634365000.0,3344365000.0,14634365000.0,11290000000.0,identity_q1_or_ytd_diff,True,
601528.XSHG,cash_flow,2022-12-31,2022q4,,dividend_interest_payment,finance_cashflow_statement_current_only.csv,dividend_interest_payment,379623000.0,40086000.0,379623000.0,339537000.0,identity_q1_or_ytd_diff,True,
601528.XSHG,cash_flow,2022-12-31,2022q4,,subtotal_finance_cash_outflow,finance_cashflow_statement_current_only.csv,subtotal_finance_cash_outflow,15045997000.0,3388435000.0,15045997000.0,11657562000.0,identity_q1_or_ytd_diff,True,
601528.XSHG,cash_flow,2022-12-31,2022q4,,net_finance_cash_flow,finance_cashflow_statement_current_only.csv,net_finance_cash_flow,-554165000.0,-3167459000.0,-554165000.0,2613294000.0,identity_q1_or_ytd_diff,True,
601528.XSHG,cash_flow,2022-12-31,2022q4,,exchange_rate_change_effect,finance_cashflow_statement_current_only.csv,exchange_rate_change_effect,63624000.0,11431000.0,63624000.0,52193000.0,identity_q1_or_ytd_diff,True,
601528.XSHG,cash_flow,2022-12-31,2022q4,,cash_equivalent_increase,finance_cashflow_statement_current_only.csv,cash_equivalent_increase,-3849695000.0,-777543000.0,-3849695000.0,-3072152000.0,identity_q1_or_ytd_diff,True,
601528.XSHG,cash_flow,2022-12-31,2022q4,,cash_equivalents_at_beginning,finance_cashflow_statement_current_only.csv,cash_equivalents_at_beginning,10801256000.0,7729104000.0,10801256000.0,10801256000.0,identity_q1_or_ytd_diff,True,
601528.XSHG,cash_flow,2022-12-31,2022q4,,cash_and_equivalents_at_end,finance_cashflow_statement_current_only.csv,cash_and_equivalents_at_end,6951561000.0,6951561000.0,6951561000.0,7729104000.0,identity_q1_or_ytd_diff,True,
601528.XSHG,cash_flow,2023-03-31,2023q1,,net_deposit_increase,finance_cashflow_statement_current_only.csv,net_deposit_increase,10843404000.0,10843404000.0,10843404000.0,,identity_q1_or_ytd_diff,True,
601528.XSHG,cash_flow,2023-03-31,2023q1,,net_borrowing_from_central_bank,finance_cashflow_statement_current_only.csv,net_borrowing_from_central_bank,1296653000.0,1296653000.0,1296653000.0,,identity_q1_or_ytd_diff,True,
601528.XSHG,cash_flow,2023-03-31,2023q1,,net_borrowing_from_finance_co,finance_cashflow_statement_current_only.csv,net_borrowing_from_finance_co,,,,,identity_q1_or_ytd_diff,False,missing_raw_value
601528.XSHG,cash_flow,2023-03-31,2023q1,,interest_and_commission_cashin,finance_cashflow_statement_current_only.csv,interest_and_commission_cashin,1455543000.0,1455543000.0,1455543000.0,,identity_q1_or_ytd_diff,True,
601528.XSHG,cash_flow,2023-03-31,2023q1,,net_increase_in_placements,finance_cashflow_statement_current_only.csv,net_increase_in_placements,14989000.0,14989000.0,14989000.0,,identity_q1_or_ytd_diff,True,
601528.XSHG,cash_flow,2023-03-31,2023q1,,net_buyback,finance_cashflow_statement_current_only.csv,net_buyback,6746756000.0,6746756000.0,6746756000.0,,identity_q1_or_ytd_diff,True,
601528.XSHG,cash_flow,2023-03-31,2023q1,,tax_levy_refund,finance_cashflow_statement_current_only.csv,tax_levy_refund,,,,,identity_q1_or_ytd_diff,False,missing_raw_value
601528.XSHG,cash_flow,2023-03-31,2023q1,,goods_and_services_cash_paid,finance_cashflow_statement_current_only.csv,goods_and_services_cash_paid,,,,,identity_q1_or_ytd_diff,False,missing_raw_value
601528.XSHG,cash_flow,2023-03-31,2023q1,,net_loan_and_advance_increase,finance_cashflow_statement_current_only.csv,net_loan_and_advance_increase,6095665000.0,6095665000.0,6095665000.0,,identity_q1_or_ytd_diff,True,
601528.XSHG,cash_flow,2023-03-31,2023q1,,net_deposit_in_cb_and_ib,finance_cashflow_statement_current_only.csv,net_deposit_in_cb_and_ib,50871000.0,50871000.0,50871000.0,,identity_q1_or_ytd_diff,True,
601528.XSHG,cash_flow,2023-03-31,2023q1,,original_compensation_paid,finance_cashflow_statement_current_only.csv,original_compensation_paid,,,,,identity_q1_or_ytd_diff,False,missing_raw_value
601528.XSHG,cash_flow,2023-03-31,2023q1,,policy_dividend_cash_paid,finance_cashflow_statement_current_only.csv,policy_dividend_cash_paid,,,,,identity_q1_or_ytd_diff,False,missing_raw_value
601528.XSHG,cash_flow,2023-03-31,2023q1,,staff_behalf_paid,finance_cashflow_statement_current_only.csv,staff_behalf_paid,274967000.0,274967000.0,274967000.0,,identity_q1_or_ytd_diff,True,
601528.XSHG,cash_flow,2023-03-31,2023q1,,tax_payments,finance_cashflow_statement_current_only.csv,tax_payments,96235000.0,96235000.0,96235000.0,,identity_q1_or_ytd_diff,True,
601528.XSHG,cash_flow,2023-03-31,2023q1,,subtotal_operate_cash_inflow,finance_cashflow_statement_current_only.csv,subtotal_operate_cash_inflow,20452385000.0,20452385000.0,20452385000.0,,identity_q1_or_ytd_diff,True,
601528.XSHG,cash_flow,2023-03-31,2023q1,,subtotal_operate_cash_outflow,finance_cashflow_statement_current_only.csv,subtotal_operate_cash_outflow,7323600000.0,7323600000.0,7323600000.0,,identity_q1_or_ytd_diff,True,
601528.XSHG,cash_flow,2023-03-31,2023q1,,net_operate_cash_flow,finance_cashflow_statement_current_only.csv,net_operate_cash_flow,13128785000.0,13128785000.0,13128785000.0,,identity_q1_or_ytd_diff,True,
601528.XSHG,cash_flow,2023-03-31,2023q1,,invest_withdrawal_cash,finance_cashflow_statement_current_only.csv,invest_withdrawal_cash,12059670000.0,12059670000.0,12059670000.0,,identity_q1_or_ytd_diff,True,
601528.XSHG,cash_flow,2023-03-31,2023q1,,invest_proceeds,finance_cashflow_statement_current_only.csv,invest_proceeds,61383000.0,61383000.0,61383000.0,,identity_q1_or_ytd_diff,True,
601528.XSHG,cash_flow,2023-03-31,2023q1,,fix_intan_other_asset_acqui_cash,finance_cashflow_statement_current_only.csv,fix_intan_other_asset_acqui_cash,19595000.0,19595000.0,19595000.0,,identity_q1_or_ytd_diff,True,
601528.XSHG,cash_flow,2023-03-31,2023q1,,invest_cash_paid,finance_cashflow_statement_current_only.csv,invest_cash_paid,19225169000.0,19225169000.0,19225169000.0,,identity_q1_or_ytd_diff,True,
601528.XSHG,cash_flow,2023-03-31,2023q1,,impawned_loan_net_increase,finance_cashflow_statement_current_only.csv,impawned_loan_net_increase,,,,,identity_q1_or_ytd_diff,False,missing_raw_value
601528.XSHG,cash_flow,2023-03-31,2023q1,,subtotal_invest_cash_inflow,finance_cashflow_statement_current_only.csv,subtotal_invest_cash_inflow,12121108000.0,12121108000.0,12121108000.0,,identity_q1_or_ytd_diff,True,
601528.XSHG,cash_flow,2023-03-31,2023q1,,subtotal_invest_cash_outflow,finance_cashflow_statement_current_only.csv,subtotal_invest_cash_outflow,19244764000.0,19244764000.0,19244764000.0,,identity_q1_or_ytd_diff,True,
601528.XSHG,cash_flow,2023-03-31,2023q1,,net_invest_cash_flow,finance_cashflow_statement_current_only.csv,net_invest_cash_flow,-7123656000.0,-7123656000.0,-7123656000.0,,identity_q1_or_ytd_diff,True,
601528.XSHG,cash_flow,2023-03-31,2023q1,,cash_from_invest,finance_cashflow_statement_current_only.csv,cash_from_invest,,,,,identity_q1_or_ytd_diff,False,missing_raw_value
601528.XSHG,cash_flow,2023-03-31,2023q1,,cash_from_bonds_issue,finance_cashflow_statement_current_only.csv,cash_from_bonds_issue,5695780000.0,5695780000.0,5695780000.0,,identity_q1_or_ytd_diff,True,
601528.XSHG,cash_flow,2023-03-31,2023q1,,cash_from_borrowing,finance_cashflow_statement_current_only.csv,cash_from_borrowing,,,,,identity_q1_or_ytd_diff,False,missing_raw_value
601528.XSHG,cash_flow,2023-03-31,2023q1,,subtotal_finance_cash_inflow,finance_cashflow_statement_current_only.csv,subtotal_finance_cash_inflow,5695780000.0,5695780000.0,5695780000.0,,identity_q1_or_ytd_diff,True,
601528.XSHG,cash_flow,2023-03-31,2023q1,,borrowing_repayment,finance_cashflow_statement_current_only.csv,borrowing_repayment,2710000000.0,2710000000.0,2710000000.0,,identity_q1_or_ytd_diff,True,
601528.XSHG,cash_flow,2023-03-31,2023q1,,dividend_interest_payment,finance_cashflow_statement_current_only.csv,dividend_interest_payment,815000.0,815000.0,815000.0,,identity_q1_or_ytd_diff,True,
601528.XSHG,cash_flow,2023-03-31,2023q1,,subtotal_finance_cash_outflow,finance_cashflow_statement_current_only.csv,subtotal_finance_cash_outflow,2718769000.0,2718769000.0,2718769000.0,,identity_q1_or_ytd_diff,True,
601528.XSHG,cash_flow,2023-03-31,2023q1,,net_finance_cash_flow,finance_cashflow_statement_current_only.csv,net_finance_cash_flow,2977011000.0,2977011000.0,2977011000.0,,identity_q1_or_ytd_diff,True,
601528.XSHG,cash_flow,2023-03-31,2023q1,,exchange_rate_change_effect,finance_cashflow_statement_current_only.csv,exchange_rate_change_effect,-4306000.0,-4306000.0,-4306000.0,,identity_q1_or_ytd_diff,True,
601528.XSHG,cash_flow,2023-03-31,2023q1,,cash_equivalent_increase,finance_cashflow_statement_current_only.csv,cash_equivalent_increase,8977834000.0,8977834000.0,8977834000.0,,identity_q1_or_ytd_diff,True,
601528.XSHG,cash_flow,2023-03-31,2023q1,,cash_equivalents_at_beginning,finance_cashflow_statement_current_only.csv,cash_equivalents_at_beginning,6951561000.0,6951561000.0,6951561000.0,,identity_q1_or_ytd_diff,True,
601528.XSHG,cash_flow,2023-03-31,2023q1,,cash_and_equivalents_at_end,finance_cashflow_statement_current_only.csv,cash_and_equivalents_at_end,15929395000.0,15929395000.0,15929395000.0,,identity_q1_or_ytd_diff,True,
601528.XSHG,cash_flow,2023-06-30,2023q2,,net_deposit_increase,finance_cashflow_statement_current_only.csv,net_deposit_increase,19010593000.0,8167189000.0,19010593000.0,10843404000.0,identity_q1_or_ytd_diff,True,
601528.XSHG,cash_flow,2023-06-30,2023q2,,net_borrowing_from_central_bank,finance_cashflow_statement_current_only.csv,net_borrowing_from_central_bank,3175123000.0,1878470000.0,3175123000.0,1296653000.0,identity_q1_or_ytd_diff,True,
601528.XSHG,cash_flow,2023-06-30,2023q2,,net_borrowing_from_finance_co,finance_cashflow_statement_current_only.csv,net_borrowing_from_finance_co,,,,,identity_q1_or_ytd_diff,False,missing_raw_value
601528.XSHG,cash_flow,2023-06-30,2023q2,,interest_and_commission_cashin,finance_cashflow_statement_current_only.csv,interest_and_commission_cashin,3241267000.0,1785724000.0,3241267000.0,1455543000.0,identity_q1_or_ytd_diff,True,
601528.XSHG,cash_flow,2023-06-30,2023q2,,net_increase_in_placements,finance_cashflow_statement_current_only.csv,net_increase_in_placements,15754000.0,765000.0,15754000.0,14989000.0,identity_q1_or_ytd_diff,True,
601528.XSHG,cash_flow,2023-06-30,2023q2,,net_buyback,finance_cashflow_statement_current_only.csv,net_buyback,6455758000.0,-290998000.0,6455758000.0,6746756000.0,identity_q1_or_ytd_diff,True,
601528.XSHG,cash_flow,2023-06-30,2023q2,,tax_levy_refund,finance_cashflow_statement_current_only.csv,tax_levy_refund,,,,,identity_q1_or_ytd_diff,False,missing_raw_value
601528.XSHG,cash_flow,2023-06-30,2023q2,,goods_and_services_cash_paid,finance_cashflow_statement_current_only.csv,goods_and_services_cash_paid,,,,,identity_q1_or_ytd_diff,False,missing_raw_value
601528.XSHG,cash_flow,2023-06-30,2023q2,,net_loan_and_advance_increase,finance_cashflow_statement_current_only.csv,net_loan_and_advance_increase,9144814000.0,3049149000.0,9144814000.0,6095665000.0,identity_q1_or_ytd_diff,True,
601528.XSHG,cash_flow,2023-06-30,2023q2,,net_deposit_in_cb_and_ib,finance_cashflow_statement_current_only.csv,net_deposit_in_cb_and_ib,1142724000.0,1091853000.0,1142724000.0,50871000.0,identity_q1_or_ytd_diff,True,
601528.XSHG,cash_flow,2023-06-30,2023q2,,original_compensation_paid,finance_cashflow_statement_current_only.csv,original_compensation_paid,,,,,identity_q1_or_ytd_diff,False,missing_raw_value
601528.XSHG,cash_flow,2023-06-30,2023q2,,policy_dividend_cash_paid,finance_cashflow_statement_current_only.csv,policy_dividend_cash_paid,,,,,identity_q1_or_ytd_diff,False,missing_raw_value
601528.XSHG,cash_flow,2023-06-30,2023q2,,staff_behalf_paid,finance_cashflow_statement_current_only.csv,staff_behalf_paid,498960000.0,223993000.0,498960000.0,274967000.0,identity_q1_or_ytd_diff,True,
601528.XSHG,cash_flow,2023-06-30,2023q2,,tax_payments,finance_cashflow_statement_current_only.csv,tax_payments,154180000.0,57945000.0,154180000.0,96235000.0,identity_q1_or_ytd_diff,True,
601528.XSHG,cash_flow,2023-06-30,2023q2,,subtotal_operate_cash_inflow,finance_cashflow_statement_current_only.csv,subtotal_operate_cash_inflow,31962108000.0,11509723000.0,31962108000.0,20452385000.0,identity_q1_or_ytd_diff,True,
601528.XSHG,cash_flow,2023-06-30,2023q2,,subtotal_operate_cash_outflow,finance_cashflow_statement_current_only.csv,subtotal_operate_cash_outflow,11997843000.0,4674243000.0,11997843000.0,7323600000.0,identity_q1_or_ytd_diff,True,
601528.XSHG,cash_flow,2023-06-30,2023q2,,net_operate_cash_flow,finance_cashflow_statement_current_only.csv,net_operate_cash_flow,19964265000.0,6835480000.0,19964265000.0,13128785000.0,identity_q1_or_ytd_diff,True,
601528.XSHG,cash_flow,2023-06-30,2023q2,,invest_withdrawal_cash,finance_cashflow_statement_current_only.csv,invest_withdrawal_cash,22268295000.0,10208625000.0,22268295000.0,12059670000.0,identity_q1_or_ytd_diff,True,
601528.XSHG,cash_flow,2023-06-30,2023q2,,invest_proceeds,finance_cashflow_statement_current_only.csv,invest_proceeds,149754000.0,88371000.0,149754000.0,61383000.0,identity_q1_or_ytd_diff,True,
601528.XSHG,cash_flow,2023-06-30,2023q2,,fix_intan_other_asset_acqui_cash,finance_cashflow_statement_current_only.csv,fix_intan_other_asset_acqui_cash,56072000.0,36477000.0,56072000.0,19595000.0,identity_q1_or_ytd_diff,True,
601528.XSHG,cash_flow,2023-06-30,2023q2,,invest_cash_paid,finance_cashflow_statement_current_only.csv,invest_cash_paid,35408467000.0,16183298000.0,35408467000.0,19225169000.0,identity_q1_or_ytd_diff,True,
601528.XSHG,cash_flow,2023-06-30,2023q2,,impawned_loan_net_increase,finance_cashflow_statement_current_only.csv,impawned_loan_net_increase,,,,,identity_q1_or_ytd_diff,False,missing_raw_value
601528.XSHG,cash_flow,2023-06-30,2023q2,,subtotal_invest_cash_inflow,finance_cashflow_statement_current_only.csv,subtotal_invest_cash_inflow,22419694000.0,10298586000.0,22419694000.0,12121108000.0,identity_q1_or_ytd_diff,True,
601528.XSHG,cash_flow,2023-06-30,2023q2,,subtotal_invest_cash_outflow,finance_cashflow_statement_current_only.csv,subtotal_invest_cash_outflow,35464539000.0,16219775000.0,35464539000.0,19244764000.0,identity_q1_or_ytd_diff,True,
601528.XSHG,cash_flow,2023-06-30,2023q2,,net_invest_cash_flow,finance_cashflow_statement_current_only.csv,net_invest_cash_flow,-13044845000.0,-5921189000.0,-13044845000.0,-7123656000.0,identity_q1_or_ytd_diff,True,
601528.XSHG,cash_flow,2023-06-30,2023q2,,cash_from_invest,finance_cashflow_statement_current_only.csv,cash_from_invest,,,,,identity_q1_or_ytd_diff,False,missing_raw_value
601528.XSHG,cash_flow,2023-06-30,2023q2,,cash_from_bonds_issue,finance_cashflow_statement_current_only.csv,cash_from_bonds_issue,9865698000.0,4169918000.0,9865698000.0,5695780000.0,identity_q1_or_ytd_diff,True,
601528.XSHG,cash_flow,2023-06-30,2023q2,,cash_from_borrowing,finance_cashflow_statement_current_only.csv,cash_from_borrowing,,,,,identity_q1_or_ytd_diff,False,missing_raw_value
601528.XSHG,cash_flow,2023-06-30,2023q2,,subtotal_finance_cash_inflow,finance_cashflow_statement_current_only.csv,subtotal_finance_cash_inflow,9865698000.0,4169918000.0,9865698000.0,5695780000.0,identity_q1_or_ytd_diff,True,
601528.XSHG,cash_flow,2023-06-30,2023q2,,borrowing_repayment,finance_cashflow_statement_current_only.csv,borrowing_repayment,8894997000.0,6184997000.0,8894997000.0,2710000000.0,identity_q1_or_ytd_diff,True,
601528.XSHG,cash_flow,2023-06-30,2023q2,,dividend_interest_payment,finance_cashflow_statement_current_only.csv,dividend_interest_payment,233443000.0,232628000.0,233443000.0,815000.0,identity_q1_or_ytd_diff,True,
601528.XSHG,cash_flow,2023-06-30,2023q2,,subtotal_finance_cash_outflow,finance_cashflow_statement_current_only.csv,subtotal_finance_cash_outflow,9146369000.0,6427600000.0,9146369000.0,2718769000.0,identity_q1_or_ytd_diff,True,
601528.XSHG,cash_flow,2023-06-30,2023q2,,net_finance_cash_flow,finance_cashflow_statement_current_only.csv,net_finance_cash_flow,719329000.0,-2257682000.0,719329000.0,2977011000.0,identity_q1_or_ytd_diff,True,
601528.XSHG,cash_flow,2023-06-30,2023q2,,exchange_rate_change_effect,finance_cashflow_statement_current_only.csv,exchange_rate_change_effect,9482000.0,13788000.0,9482000.0,-4306000.0,identity_q1_or_ytd_diff,True,
601528.XSHG,cash_flow,2023-06-30,2023q2,,cash_equivalent_increase,finance_cashflow_statement_current_only.csv,cash_equivalent_increase,7648231000.0,-1329603000.0,7648231000.0,8977834000.0,identity_q1_or_ytd_diff,True,
601528.XSHG,cash_flow,2023-06-30,2023q2,,cash_equivalents_at_beginning,finance_cashflow_statement_current_only.csv,cash_equivalents_at_beginning,6951561000.0,15929395000.0,6951561000.0,6951561000.0,identity_q1_or_ytd_diff,True,
601528.XSHG,cash_flow,2023-06-30,2023q2,,cash_and_equivalents_at_end,finance_cashflow_statement_current_only.csv,cash_and_equivalents_at_end,14599792000.0,14599792000.0,14599792000.0,15929395000.0,identity_q1_or_ytd_diff,True,
601528.XSHG,cash_flow,2023-09-30,2023q3,,net_deposit_increase,finance_cashflow_statement_current_only.csv,net_deposit_increase,19402939000.0,392346000.0,19402939000.0,19010593000.0,identity_q1_or_ytd_diff,True,
601528.XSHG,cash_flow,2023-09-30,2023q3,,net_borrowing_from_central_bank,finance_cashflow_statement_current_only.csv,net_borrowing_from_central_bank,3174874000.0,-249000.0,3174874000.0,3175123000.0,identity_q1_or_ytd_diff,True,
601528.XSHG,cash_flow,2023-09-30,2023q3,,net_borrowing_from_finance_co,finance_cashflow_statement_current_only.csv,net_borrowing_from_finance_co,,,,,identity_q1_or_ytd_diff,False,missing_raw_value
601528.XSHG,cash_flow,2023-09-30,2023q3,,interest_and_commission_cashin,finance_cashflow_statement_current_only.csv,interest_and_commission_cashin,5121623000.0,1880356000.0,5121623000.0,3241267000.0,identity_q1_or_ytd_diff,True,
601528.XSHG,cash_flow,2023-09-30,2023q3,,net_increase_in_placements,finance_cashflow_statement_current_only.csv,net_increase_in_placements,15170000.0,-584000.0,15170000.0,15754000.0,identity_q1_or_ytd_diff,True,
601528.XSHG,cash_flow,2023-09-30,2023q3,,net_buyback,finance_cashflow_statement_current_only.csv,net_buyback,4980697000.0,-1475061000.0,4980697000.0,6455758000.0,identity_q1_or_ytd_diff,True,
601528.XSHG,cash_flow,2023-09-30,2023q3,,tax_levy_refund,finance_cashflow_statement_current_only.csv,tax_levy_refund,,,,,identity_q1_or_ytd_diff,False,missing_raw_value
601528.XSHG,cash_flow,2023-09-30,2023q3,,goods_and_services_cash_paid,finance_cashflow_statement_current_only.csv,goods_and_services_cash_paid,,,,,identity_q1_or_ytd_diff,False,missing_raw_value
601528.XSHG,cash_flow,2023-09-30,2023q3,,net_loan_and_advance_increase,finance_cashflow_statement_current_only.csv,net_loan_and_advance_increase,11397107000.0,2252293000.0,11397107000.0,9144814000.0,identity_q1_or_ytd_diff,True,
601528.XSHG,cash_flow,2023-09-30,2023q3,,net_deposit_in_cb_and_ib,finance_cashflow_statement_current_only.csv,net_deposit_in_cb_and_ib,997464000.0,-145260000.0,997464000.0,1142724000.0,identity_q1_or_ytd_diff,True,
601528.XSHG,cash_flow,2023-09-30,2023q3,,original_compensation_paid,finance_cashflow_statement_current_only.csv,original_compensation_paid,,,,,identity_q1_or_ytd_diff,False,missing_raw_value
601528.XSHG,cash_flow,2023-09-30,2023q3,,policy_dividend_cash_paid,finance_cashflow_statement_current_only.csv,policy_dividend_cash_paid,,,,,identity_q1_or_ytd_diff,False,missing_raw_value
601528.XSHG,cash_flow,2023-09-30,2023q3,,staff_behalf_paid,finance_cashflow_statement_current_only.csv,staff_behalf_paid,602289000.0,103329000.0,602289000.0,498960000.0,identity_q1_or_ytd_diff,True,
601528.XSHG,cash_flow,2023-09-30,2023q3,,tax_payments,finance_cashflow_statement_current_only.csv,tax_payments,213208000.0,59028000.0,213208000.0,154180000.0,identity_q1_or_ytd_diff,True,
601528.XSHG,cash_flow,2023-09-30,2023q3,,subtotal_operate_cash_inflow,finance_cashflow_statement_current_only.csv,subtotal_operate_cash_inflow,33043061000.0,1080953000.0,33043061000.0,31962108000.0,identity_q1_or_ytd_diff,True,
601528.XSHG,cash_flow,2023-09-30,2023q3,,subtotal_operate_cash_outflow,finance_cashflow_statement_current_only.csv,subtotal_operate_cash_outflow,15548138000.0,3550295000.0,15548138000.0,11997843000.0,identity_q1_or_ytd_diff,True,
601528.XSHG,cash_flow,2023-09-30,2023q3,,net_operate_cash_flow,finance_cashflow_statement_current_only.csv,net_operate_cash_flow,17494923000.0,-2469342000.0,17494923000.0,19964265000.0,identity_q1_or_ytd_diff,True,
601528.XSHG,cash_flow,2023-09-30,2023q3,,invest_withdrawal_cash,finance_cashflow_statement_current_only.csv,invest_withdrawal_cash,33385672000.0,11117377000.0,33385672000.0,22268295000.0,identity_q1_or_ytd_diff,True,
601528.XSHG,cash_flow,2023-09-30,2023q3,,invest_proceeds,finance_cashflow_statement_current_only.csv,invest_proceeds,236025000.0,86271000.0,236025000.0,149754000.0,identity_q1_or_ytd_diff,True,
601528.XSHG,cash_flow,2023-09-30,2023q3,,fix_intan_other_asset_acqui_cash,finance_cashflow_statement_current_only.csv,fix_intan_other_asset_acqui_cash,70597000.0,14525000.0,70597000.0,56072000.0,identity_q1_or_ytd_diff,True,
601528.XSHG,cash_flow,2023-09-30,2023q3,,invest_cash_paid,finance_cashflow_statement_current_only.csv,invest_cash_paid,52469182000.0,17060715000.0,52469182000.0,35408467000.0,identity_q1_or_ytd_diff,True,
601528.XSHG,cash_flow,2023-09-30,2023q3,,impawned_loan_net_increase,finance_cashflow_statement_current_only.csv,impawned_loan_net_increase,,,,,identity_q1_or_ytd_diff,False,missing_raw_value
601528.XSHG,cash_flow,2023-09-30,2023q3,,subtotal_invest_cash_inflow,finance_cashflow_statement_current_only.csv,subtotal_invest_cash_inflow,33623631000.0,11203937000.0,33623631000.0,22419694000.0,identity_q1_or_ytd_diff,True,
601528.XSHG,cash_flow,2023-09-30,2023q3,,subtotal_invest_cash_outflow,finance_cashflow_statement_current_only.csv,subtotal_invest_cash_outflow,52539779000.0,17075240000.0,52539779000.0,35464539000.0,identity_q1_or_ytd_diff,True,
601528.XSHG,cash_flow,2023-09-30,2023q3,,net_invest_cash_flow,finance_cashflow_statement_current_only.csv,net_invest_cash_flow,-18916148000.0,-5871303000.0,-18916148000.0,-13044845000.0,identity_q1_or_ytd_diff,True,
601528.XSHG,cash_flow,2023-09-30,2023q3,,cash_from_invest,finance_cashflow_statement_current_only.csv,cash_from_invest,,,,,identity_q1_or_ytd_diff,False,missing_raw_value
601528.XSHG,cash_flow,2023-09-30,2023q3,,cash_from_bonds_issue,finance_cashflow_statement_current_only.csv,cash_from_bonds_issue,18177731000.0,8312033000.0,18177731000.0,9865698000.0,identity_q1_or_ytd_diff,True,
601528.XSHG,cash_flow,2023-09-30,2023q3,,cash_from_borrowing,finance_cashflow_statement_current_only.csv,cash_from_borrowing,,,,,identity_q1_or_ytd_diff,False,missing_raw_value
601528.XSHG,cash_flow,2023-09-30,2023q3,,subtotal_finance_cash_inflow,finance_cashflow_statement_current_only.csv,subtotal_finance_cash_inflow,18177731000.0,8312033000.0,18177731000.0,9865698000.0,identity_q1_or_ytd_diff,True,
601528.XSHG,cash_flow,2023-09-30,2023q3,,borrowing_repayment,finance_cashflow_statement_current_only.csv,borrowing_repayment,14517905000.0,5622908000.0,14517905000.0,8894997000.0,identity_q1_or_ytd_diff,True,
601528.XSHG,cash_flow,2023-09-30,2023q3,,dividend_interest_payment,finance_cashflow_statement_current_only.csv,dividend_interest_payment,316559000.0,83116000.0,316559000.0,233443000.0,identity_q1_or_ytd_diff,True,
601528.XSHG,cash_flow,2023-09-30,2023q3,,subtotal_finance_cash_outflow,finance_cashflow_statement_current_only.csv,subtotal_finance_cash_outflow,14862289000.0,5715920000.0,14862289000.0,9146369000.0,identity_q1_or_ytd_diff,True,
601528.XSHG,cash_flow,2023-09-30,2023q3,,net_finance_cash_flow,finance_cashflow_statement_current_only.csv,net_finance_cash_flow,3315442000.0,2596113000.0,3315442000.0,719329000.0,identity_q1_or_ytd_diff,True,
601528.XSHG,cash_flow,2023-09-30,2023q3,,exchange_rate_change_effect,finance_cashflow_statement_current_only.csv,exchange_rate_change_effect,9480000.0,-2000.0,9480000.0,9482000.0,identity_q1_or_ytd_diff,True,
601528.XSHG,cash_flow,2023-09-30,2023q3,,cash_equivalent_increase,finance_cashflow_statement_current_only.csv,cash_equivalent_increase,1903697000.0,-5744534000.0,1903697000.0,7648231000.0,identity_q1_or_ytd_diff,True,
601528.XSHG,cash_flow,2023-09-30,2023q3,,cash_equivalents_at_beginning,finance_cashflow_statement_current_only.csv,cash_equivalents_at_beginning,6951561000.0,14599792000.0,6951561000.0,6951561000.0,identity_q1_or_ytd_diff,True,
601528.XSHG,cash_flow,2023-09-30,2023q3,,cash_and_equivalents_at_end,finance_cashflow_statement_current_only.csv,cash_and_equivalents_at_end,8855258000.0,8855258000.0,8855258000.0,14599792000.0,identity_q1_or_ytd_diff,True,
601528.XSHG,cash_flow,2023-12-31,2023q4,,net_deposit_increase,finance_cashflow_statement_current_only.csv,net_deposit_increase,21380155000.0,1977216000.0,21380155000.0,19402939000.0,identity_q1_or_ytd_diff,True,
601528.XSHG,cash_flow,2023-12-31,2023q4,,net_borrowing_from_central_bank,finance_cashflow_statement_current_only.csv,net_borrowing_from_central_bank,3896653000.0,721779000.0,3896653000.0,3174874000.0,identity_q1_or_ytd_diff,True,
601528.XSHG,cash_flow,2023-12-31,2023q4,,net_borrowing_from_finance_co,finance_cashflow_statement_current_only.csv,net_borrowing_from_finance_co,,,,,identity_q1_or_ytd_diff,False,missing_raw_value
601528.XSHG,cash_flow,2023-12-31,2023q4,,interest_and_commission_cashin,finance_cashflow_statement_current_only.csv,interest_and_commission_cashin,6861650000.0,1740027000.0,6861650000.0,5121623000.0,identity_q1_or_ytd_diff,True,
601528.XSHG,cash_flow,2023-12-31,2023q4,,net_increase_in_placements,finance_cashflow_statement_current_only.csv,net_increase_in_placements,815718000.0,800548000.0,815718000.0,15170000.0,identity_q1_or_ytd_diff,True,
601528.XSHG,cash_flow,2023-12-31,2023q4,,net_buyback,finance_cashflow_statement_current_only.csv,net_buyback,8974412000.0,3993715000.0,8974412000.0,4980697000.0,identity_q1_or_ytd_diff,True,
601528.XSHG,cash_flow,2023-12-31,2023q4,,tax_levy_refund,finance_cashflow_statement_current_only.csv,tax_levy_refund,,,,,identity_q1_or_ytd_diff,False,missing_raw_value
601528.XSHG,cash_flow,2023-12-31,2023q4,,goods_and_services_cash_paid,finance_cashflow_statement_current_only.csv,goods_and_services_cash_paid,,,,,identity_q1_or_ytd_diff,False,missing_raw_value
601528.XSHG,cash_flow,2023-12-31,2023q4,,net_loan_and_advance_increase,finance_cashflow_statement_current_only.csv,net_loan_and_advance_increase,11011671000.0,-385436000.0,11011671000.0,11397107000.0,identity_q1_or_ytd_diff,True,
601528.XSHG,cash_flow,2023-12-31,2023q4,,net_deposit_in_cb_and_ib,finance_cashflow_statement_current_only.csv,net_deposit_in_cb_and_ib,497770000.0,-499694000.0,497770000.0,997464000.0,identity_q1_or_ytd_diff,True,
601528.XSHG,cash_flow,2023-12-31,2023q4,,original_compensation_paid,finance_cashflow_statement_current_only.csv,original_compensation_paid,,,,,identity_q1_or_ytd_diff,False,missing_raw_value
601528.XSHG,cash_flow,2023-12-31,2023q4,,policy_dividend_cash_paid,finance_cashflow_statement_current_only.csv,policy_dividend_cash_paid,,,,,identity_q1_or_ytd_diff,False,missing_raw_value
601528.XSHG,cash_flow,2023-12-31,2023q4,,staff_behalf_paid,finance_cashflow_statement_current_only.csv,staff_behalf_paid,807392000.0,205103000.0,807392000.0,602289000.0,identity_q1_or_ytd_diff,True,
601528.XSHG,cash_flow,2023-12-31,2023q4,,tax_payments,finance_cashflow_statement_current_only.csv,tax_payments,255264000.0,42056000.0,255264000.0,213208000.0,identity_q1_or_ytd_diff,True,
601528.XSHG,cash_flow,2023-12-31,2023q4,,subtotal_operate_cash_inflow,finance_cashflow_statement_current_only.csv,subtotal_operate_cash_inflow,42492790000.0,9449729000.0,42492790000.0,33043061000.0,identity_q1_or_ytd_diff,True,
601528.XSHG,cash_flow,2023-12-31,2023q4,,subtotal_operate_cash_outflow,finance_cashflow_statement_current_only.csv,subtotal_operate_cash_outflow,16166160000.0,618022000.0,16166160000.0,15548138000.0,identity_q1_or_ytd_diff,True,
601528.XSHG,cash_flow,2023-12-31,2023q4,,net_operate_cash_flow,finance_cashflow_statement_current_only.csv,net_operate_cash_flow,26326630000.0,8831707000.0,26326630000.0,17494923000.0,identity_q1_or_ytd_diff,True,
601528.XSHG,cash_flow,2023-12-31,2023q4,,invest_withdrawal_cash,finance_cashflow_statement_current_only.csv,invest_withdrawal_cash,52096393000.0,18710721000.0,52096393000.0,33385672000.0,identity_q1_or_ytd_diff,True,
601528.XSHG,cash_flow,2023-12-31,2023q4,,invest_proceeds,finance_cashflow_statement_current_only.csv,invest_proceeds,415836000.0,179811000.0,415836000.0,236025000.0,identity_q1_or_ytd_diff,True,
601528.XSHG,cash_flow,2023-12-31,2023q4,,fix_intan_other_asset_acqui_cash,finance_cashflow_statement_current_only.csv,fix_intan_other_asset_acqui_cash,54619000.0,-15978000.0,54619000.0,70597000.0,identity_q1_or_ytd_diff,True,
601528.XSHG,cash_flow,2023-12-31,2023q4,,invest_cash_paid,finance_cashflow_statement_current_only.csv,invest_cash_paid,73149342000.0,20680160000.0,73149342000.0,52469182000.0,identity_q1_or_ytd_diff,True,
601528.XSHG,cash_flow,2023-12-31,2023q4,,impawned_loan_net_increase,finance_cashflow_statement_current_only.csv,impawned_loan_net_increase,,,,,identity_q1_or_ytd_diff,False,missing_raw_value
601528.XSHG,cash_flow,2023-12-31,2023q4,,subtotal_invest_cash_inflow,finance_cashflow_statement_current_only.csv,subtotal_invest_cash_inflow,52516466000.0,18892835000.0,52516466000.0,33623631000.0,identity_q1_or_ytd_diff,True,
601528.XSHG,cash_flow,2023-12-31,2023q4,,subtotal_invest_cash_outflow,finance_cashflow_statement_current_only.csv,subtotal_invest_cash_outflow,73203961000.0,20664182000.0,73203961000.0,52539779000.0,identity_q1_or_ytd_diff,True,
601528.XSHG,cash_flow,2023-12-31,2023q4,,net_invest_cash_flow,finance_cashflow_statement_current_only.csv,net_invest_cash_flow,-20687495000.0,-1771347000.0,-20687495000.0,-18916148000.0,identity_q1_or_ytd_diff,True,
601528.XSHG,cash_flow,2023-12-31,2023q4,,cash_from_invest,finance_cashflow_statement_current_only.csv,cash_from_invest,,,,,identity_q1_or_ytd_diff,False,missing_raw_value
601528.XSHG,cash_flow,2023-12-31,2023q4,,cash_from_bonds_issue,finance_cashflow_statement_current_only.csv,cash_from_bonds_issue,21935534000.0,3757803000.0,21935534000.0,18177731000.0,identity_q1_or_ytd_diff,True,
601528.XSHG,cash_flow,2023-12-31,2023q4,,cash_from_borrowing,finance_cashflow_statement_current_only.csv,cash_from_borrowing,,,,,identity_q1_or_ytd_diff,False,missing_raw_value
601528.XSHG,cash_flow,2023-12-31,2023q4,,subtotal_finance_cash_inflow,finance_cashflow_statement_current_only.csv,subtotal_finance_cash_inflow,21935534000.0,3757803000.0,21935534000.0,18177731000.0,identity_q1_or_ytd_diff,True,
601528.XSHG,cash_flow,2023-12-31,2023q4,,borrowing_repayment,finance_cashflow_statement_current_only.csv,borrowing_repayment,22440000000.0,7922095000.0,22440000000.0,14517905000.0,identity_q1_or_ytd_diff,True,
601528.XSHG,cash_flow,2023-12-31,2023q4,,dividend_interest_payment,finance_cashflow_statement_current_only.csv,dividend_interest_payment,175392000.0,-141167000.0,175392000.0,316559000.0,identity_q1_or_ytd_diff,True,
601528.XSHG,cash_flow,2023-12-31,2023q4,,subtotal_finance_cash_outflow,finance_cashflow_statement_current_only.csv,subtotal_finance_cash_outflow,22646362000.0,7784073000.0,22646362000.0,14862289000.0,identity_q1_or_ytd_diff,True,
601528.XSHG,cash_flow,2023-12-31,2023q4,,net_finance_cash_flow,finance_cashflow_statement_current_only.csv,net_finance_cash_flow,-710828000.0,-4026270000.0,-710828000.0,3315442000.0,identity_q1_or_ytd_diff,True,
601528.XSHG,cash_flow,2023-12-31,2023q4,,exchange_rate_change_effect,finance_cashflow_statement_current_only.csv,exchange_rate_change_effect,3850000.0,-5630000.0,3850000.0,9480000.0,identity_q1_or_ytd_diff,True,
601528.XSHG,cash_flow,2023-12-31,2023q4,,cash_equivalent_increase,finance_cashflow_statement_current_only.csv,cash_equivalent_increase,4932157000.0,3028460000.0,4932157000.0,1903697000.0,identity_q1_or_ytd_diff,True,
601528.XSHG,cash_flow,2023-12-31,2023q4,,cash_equivalents_at_beginning,finance_cashflow_statement_current_only.csv,cash_equivalents_at_beginning,6951561000.0,8855258000.0,6951561000.0,6951561000.0,identity_q1_or_ytd_diff,True,
601528.XSHG,cash_flow,2023-12-31,2023q4,,cash_and_equivalents_at_end,finance_cashflow_statement_current_only.csv,cash_and_equivalents_at_end,11883718000.0,11883718000.0,11883718000.0,8855258000.0,identity_q1_or_ytd_diff,True,
601528.XSHG,cash_flow,2024-03-31,2024q1,,net_deposit_increase,finance_cashflow_statement_current_only.csv,net_deposit_increase,6494516000.0,6494516000.0,6494516000.0,,identity_q1_or_ytd_diff,True,
601528.XSHG,cash_flow,2024-03-31,2024q1,,net_borrowing_from_central_bank,finance_cashflow_statement_current_only.csv,net_borrowing_from_central_bank,200000000.0,200000000.0,200000000.0,,identity_q1_or_ytd_diff,True,
601528.XSHG,cash_flow,2024-03-31,2024q1,,net_borrowing_from_finance_co,finance_cashflow_statement_current_only.csv,net_borrowing_from_finance_co,,,,,identity_q1_or_ytd_diff,False,missing_raw_value
601528.XSHG,cash_flow,2024-03-31,2024q1,,interest_and_commission_cashin,finance_cashflow_statement_current_only.csv,interest_and_commission_cashin,1748649000.0,1748649000.0,1748649000.0,,identity_q1_or_ytd_diff,True,
601528.XSHG,cash_flow,2024-03-31,2024q1,,net_increase_in_placements,finance_cashflow_statement_current_only.csv,net_increase_in_placements,-315718000.0,-315718000.0,-315718000.0,,identity_q1_or_ytd_diff,True,
601528.XSHG,cash_flow,2024-03-31,2024q1,,net_buyback,finance_cashflow_statement_current_only.csv,net_buyback,-342636000.0,-342636000.0,-342636000.0,,identity_q1_or_ytd_diff,True,
601528.XSHG,cash_flow,2024-03-31,2024q1,,tax_levy_refund,finance_cashflow_statement_current_only.csv,tax_levy_refund,,,,,identity_q1_or_ytd_diff,False,missing_raw_value
601528.XSHG,cash_flow,2024-03-31,2024q1,,goods_and_services_cash_paid,finance_cashflow_statement_current_only.csv,goods_and_services_cash_paid,,,,,identity_q1_or_ytd_diff,False,missing_raw_value
601528.XSHG,cash_flow,2024-03-31,2024q1,,net_loan_and_advance_increase,finance_cashflow_statement_current_only.csv,net_loan_and_advance_increase,9219619000.0,9219619000.0,9219619000.0,,identity_q1_or_ytd_diff,True,
601528.XSHG,cash_flow,2024-03-31,2024q1,,net_deposit_in_cb_and_ib,finance_cashflow_statement_current_only.csv,net_deposit_in_cb_and_ib,141625000.0,141625000.0,141625000.0,,identity_q1_or_ytd_diff,True,
601528.XSHG,cash_flow,2024-03-31,2024q1,,original_compensation_paid,finance_cashflow_statement_current_only.csv,original_compensation_paid,,,,,identity_q1_or_ytd_diff,False,missing_raw_value
601528.XSHG,cash_flow,2024-03-31,2024q1,,policy_dividend_cash_paid,finance_cashflow_statement_current_only.csv,policy_dividend_cash_paid,,,,,identity_q1_or_ytd_diff,False,missing_raw_value
601528.XSHG,cash_flow,2024-03-31,2024q1,,staff_behalf_paid,finance_cashflow_statement_current_only.csv,staff_behalf_paid,303994000.0,303994000.0,303994000.0,,identity_q1_or_ytd_diff,True,
601528.XSHG,cash_flow,2024-03-31,2024q1,,tax_payments,finance_cashflow_statement_current_only.csv,tax_payments,93127000.0,93127000.0,93127000.0,,identity_q1_or_ytd_diff,True,
601528.XSHG,cash_flow,2024-03-31,2024q1,,subtotal_operate_cash_inflow,finance_cashflow_statement_current_only.csv,subtotal_operate_cash_inflow,8100084000.0,8100084000.0,8100084000.0,,identity_q1_or_ytd_diff,True,
601528.XSHG,cash_flow,2024-03-31,2024q1,,subtotal_operate_cash_outflow,finance_cashflow_statement_current_only.csv,subtotal_operate_cash_outflow,12195251000.0,12195251000.0,12195251000.0,,identity_q1_or_ytd_diff,True,
601528.XSHG,cash_flow,2024-03-31,2024q1,,net_operate_cash_flow,finance_cashflow_statement_current_only.csv,net_operate_cash_flow,-4095167000.0,-4095167000.0,-4095167000.0,,identity_q1_or_ytd_diff,True,
601528.XSHG,cash_flow,2024-03-31,2024q1,,invest_withdrawal_cash,finance_cashflow_statement_current_only.csv,invest_withdrawal_cash,26762124000.0,26762124000.0,26762124000.0,,identity_q1_or_ytd_diff,True,
601528.XSHG,cash_flow,2024-03-31,2024q1,,invest_proceeds,finance_cashflow_statement_current_only.csv,invest_proceeds,311533000.0,311533000.0,311533000.0,,identity_q1_or_ytd_diff,True,
601528.XSHG,cash_flow,2024-03-31,2024q1,,fix_intan_other_asset_acqui_cash,finance_cashflow_statement_current_only.csv,fix_intan_other_asset_acqui_cash,84749000.0,84749000.0,84749000.0,,identity_q1_or_ytd_diff,True,
601528.XSHG,cash_flow,2024-03-31,2024q1,,invest_cash_paid,finance_cashflow_statement_current_only.csv,invest_cash_paid,30351623000.0,30351623000.0,30351623000.0,,identity_q1_or_ytd_diff,True,
601528.XSHG,cash_flow,2024-03-31,2024q1,,impawned_loan_net_increase,finance_cashflow_statement_current_only.csv,impawned_loan_net_increase,,,,,identity_q1_or_ytd_diff,False,missing_raw_value
601528.XSHG,cash_flow,2024-03-31,2024q1,,subtotal_invest_cash_inflow,finance_cashflow_statement_current_only.csv,subtotal_invest_cash_inflow,27073669000.0,27073669000.0,27073669000.0,,identity_q1_or_ytd_diff,True,
601528.XSHG,cash_flow,2024-03-31,2024q1,,subtotal_invest_cash_outflow,finance_cashflow_statement_current_only.csv,subtotal_invest_cash_outflow,30436372000.0,30436372000.0,30436372000.0,,identity_q1_or_ytd_diff,True,
601528.XSHG,cash_flow,2024-03-31,2024q1,,net_invest_cash_flow,finance_cashflow_statement_current_only.csv,net_invest_cash_flow,-3362703000.0,-3362703000.0,-3362703000.0,,identity_q1_or_ytd_diff,True,
601528.XSHG,cash_flow,2024-03-31,2024q1,,cash_from_invest,finance_cashflow_statement_current_only.csv,cash_from_invest,,,,,identity_q1_or_ytd_diff,False,missing_raw_value
601528.XSHG,cash_flow,2024-03-31,2024q1,,cash_from_bonds_issue,finance_cashflow_statement_current_only.csv,cash_from_bonds_issue,7224320000.0,7224320000.0,7224320000.0,,identity_q1_or_ytd_diff,True,
601528.XSHG,cash_flow,2024-03-31,2024q1,,cash_from_borrowing,finance_cashflow_statement_current_only.csv,cash_from_borrowing,,,,,identity_q1_or_ytd_diff,False,missing_raw_value
601528.XSHG,cash_flow,2024-03-31,2024q1,,subtotal_finance_cash_inflow,finance_cashflow_statement_current_only.csv,subtotal_finance_cash_inflow,7224320000.0,7224320000.0,7224320000.0,,identity_q1_or_ytd_diff,True,
601528.XSHG,cash_flow,2024-03-31,2024q1,,borrowing_repayment,finance_cashflow_statement_current_only.csv,borrowing_repayment,4110000000.0,4110000000.0,4110000000.0,,identity_q1_or_ytd_diff,True,
601528.XSHG,cash_flow,2024-03-31,2024q1,,dividend_interest_payment,finance_cashflow_statement_current_only.csv,dividend_interest_payment,19925000.0,19925000.0,19925000.0,,identity_q1_or_ytd_diff,True,
601528.XSHG,cash_flow,2024-03-31,2024q1,,subtotal_finance_cash_outflow,finance_cashflow_statement_current_only.csv,subtotal_finance_cash_outflow,4142463000.0,4142463000.0,4142463000.0,,identity_q1_or_ytd_diff,True,
601528.XSHG,cash_flow,2024-03-31,2024q1,,net_finance_cash_flow,finance_cashflow_statement_current_only.csv,net_finance_cash_flow,3081857000.0,3081857000.0,3081857000.0,,identity_q1_or_ytd_diff,True,
601528.XSHG,cash_flow,2024-03-31,2024q1,,exchange_rate_change_effect,finance_cashflow_statement_current_only.csv,exchange_rate_change_effect,-2240000.0,-2240000.0,-2240000.0,,identity_q1_or_ytd_diff,True,
601528.XSHG,cash_flow,2024-03-31,2024q1,,cash_equivalent_increase,finance_cashflow_statement_current_only.csv,cash_equivalent_increase,-4378253000.0,-4378253000.0,-4378253000.0,,identity_q1_or_ytd_diff,True,
601528.XSHG,cash_flow,2024-03-31,2024q1,,cash_equivalents_at_beginning,finance_cashflow_statement_current_only.csv,cash_equivalents_at_beginning,11883718000.0,11883718000.0,11883718000.0,,identity_q1_or_ytd_diff,True,
601528.XSHG,cash_flow,2024-03-31,2024q1,,cash_and_equivalents_at_end,finance_cashflow_statement_current_only.csv,cash_and_equivalents_at_end,7505465000.0,7505465000.0,7505465000.0,,identity_q1_or_ytd_diff,True,
601528.XSHG,cash_flow,2024-06-30,2024q2,,net_deposit_increase,finance_cashflow_statement_current_only.csv,net_deposit_increase,14117070000.0,7622554000.0,14117070000.0,6494516000.0,identity_q1_or_ytd_diff,True,
601528.XSHG,cash_flow,2024-06-30,2024q2,,net_borrowing_from_central_bank,finance_cashflow_statement_current_only.csv,net_borrowing_from_central_bank,-100000000.0,-300000000.0,-100000000.0,200000000.0,identity_q1_or_ytd_diff,True,
601528.XSHG,cash_flow,2024-06-30,2024q2,,net_borrowing_from_finance_co,finance_cashflow_statement_current_only.csv,net_borrowing_from_finance_co,,,,,identity_q1_or_ytd_diff,False,missing_raw_value
601528.XSHG,cash_flow,2024-06-30,2024q2,,interest_and_commission_cashin,finance_cashflow_statement_current_only.csv,interest_and_commission_cashin,3769475000.0,2020826000.0,3769475000.0,1748649000.0,identity_q1_or_ytd_diff,True,
601528.XSHG,cash_flow,2024-06-30,2024q2,,net_increase_in_placements,finance_cashflow_statement_current_only.csv,net_increase_in_placements,-15718000.0,300000000.0,-15718000.0,-315718000.0,identity_q1_or_ytd_diff,True,
601528.XSHG,cash_flow,2024-06-30,2024q2,,net_buyback,finance_cashflow_statement_current_only.csv,net_buyback,-3128193000.0,-2785557000.0,-3128193000.0,-342636000.0,identity_q1_or_ytd_diff,True,
601528.XSHG,cash_flow,2024-06-30,2024q2,,tax_levy_refund,finance_cashflow_statement_current_only.csv,tax_levy_refund,,,,,identity_q1_or_ytd_diff,False,missing_raw_value
601528.XSHG,cash_flow,2024-06-30,2024q2,,goods_and_services_cash_paid,finance_cashflow_statement_current_only.csv,goods_and_services_cash_paid,,,,,identity_q1_or_ytd_diff,False,missing_raw_value
601528.XSHG,cash_flow,2024-06-30,2024q2,,net_loan_and_advance_increase,finance_cashflow_statement_current_only.csv,net_loan_and_advance_increase,8522612000.0,-697007000.0,8522612000.0,9219619000.0,identity_q1_or_ytd_diff,True,
601528.XSHG,cash_flow,2024-06-30,2024q2,,net_deposit_in_cb_and_ib,finance_cashflow_statement_current_only.csv,net_deposit_in_cb_and_ib,465462000.0,323837000.0,465462000.0,141625000.0,identity_q1_or_ytd_diff,True,
601528.XSHG,cash_flow,2024-06-30,2024q2,,original_compensation_paid,finance_cashflow_statement_current_only.csv,original_compensation_paid,,,,,identity_q1_or_ytd_diff,False,missing_raw_value
601528.XSHG,cash_flow,2024-06-30,2024q2,,policy_dividend_cash_paid,finance_cashflow_statement_current_only.csv,policy_dividend_cash_paid,,,,,identity_q1_or_ytd_diff,False,missing_raw_value
601528.XSHG,cash_flow,2024-06-30,2024q2,,staff_behalf_paid,finance_cashflow_statement_current_only.csv,staff_behalf_paid,500880000.0,196886000.0,500880000.0,303994000.0,identity_q1_or_ytd_diff,True,
601528.XSHG,cash_flow,2024-06-30,2024q2,,tax_payments,finance_cashflow_statement_current_only.csv,tax_payments,209824000.0,116697000.0,209824000.0,93127000.0,identity_q1_or_ytd_diff,True,
601528.XSHG,cash_flow,2024-06-30,2024q2,,subtotal_operate_cash_inflow,finance_cashflow_statement_current_only.csv,subtotal_operate_cash_inflow,14856603000.0,6756519000.0,14856603000.0,8100084000.0,identity_q1_or_ytd_diff,True,
601528.XSHG,cash_flow,2024-06-30,2024q2,,subtotal_operate_cash_outflow,finance_cashflow_statement_current_only.csv,subtotal_operate_cash_outflow,13530956000.0,1335705000.0,13530956000.0,12195251000.0,identity_q1_or_ytd_diff,True,
601528.XSHG,cash_flow,2024-06-30,2024q2,,net_operate_cash_flow,finance_cashflow_statement_current_only.csv,net_operate_cash_flow,1325647000.0,5420814000.0,1325647000.0,-4095167000.0,identity_q1_or_ytd_diff,True,
601528.XSHG,cash_flow,2024-06-30,2024q2,,invest_withdrawal_cash,finance_cashflow_statement_current_only.csv,invest_withdrawal_cash,50471532000.0,23709408000.0,50471532000.0,26762124000.0,identity_q1_or_ytd_diff,True,
601528.XSHG,cash_flow,2024-06-30,2024q2,,invest_proceeds,finance_cashflow_statement_current_only.csv,invest_proceeds,437296000.0,125763000.0,437296000.0,311533000.0,identity_q1_or_ytd_diff,True,
601528.XSHG,cash_flow,2024-06-30,2024q2,,fix_intan_other_asset_acqui_cash,finance_cashflow_statement_current_only.csv,fix_intan_other_asset_acqui_cash,62437000.0,-22312000.0,62437000.0,84749000.0,identity_q1_or_ytd_diff,True,
601528.XSHG,cash_flow,2024-06-30,2024q2,,invest_cash_paid,finance_cashflow_statement_current_only.csv,invest_cash_paid,53783702000.0,23432079000.0,53783702000.0,30351623000.0,identity_q1_or_ytd_diff,True,
601528.XSHG,cash_flow,2024-06-30,2024q2,,impawned_loan_net_increase,finance_cashflow_statement_current_only.csv,impawned_loan_net_increase,,,,,identity_q1_or_ytd_diff,False,missing_raw_value
601528.XSHG,cash_flow,2024-06-30,2024q2,,subtotal_invest_cash_inflow,finance_cashflow_statement_current_only.csv,subtotal_invest_cash_inflow,50908840000.0,23835171000.0,50908840000.0,27073669000.0,identity_q1_or_ytd_diff,True,
601528.XSHG,cash_flow,2024-06-30,2024q2,,subtotal_invest_cash_outflow,finance_cashflow_statement_current_only.csv,subtotal_invest_cash_outflow,53846139000.0,23409767000.0,53846139000.0,30436372000.0,identity_q1_or_ytd_diff,True,
601528.XSHG,cash_flow,2024-06-30,2024q2,,net_invest_cash_flow,finance_cashflow_statement_current_only.csv,net_invest_cash_flow,-2937299000.0,425404000.0,-2937299000.0,-3362703000.0,identity_q1_or_ytd_diff,True,
601528.XSHG,cash_flow,2024-06-30,2024q2,,cash_from_invest,finance_cashflow_statement_current_only.csv,cash_from_invest,,,,,identity_q1_or_ytd_diff,False,missing_raw_value
601528.XSHG,cash_flow,2024-06-30,2024q2,,cash_from_bonds_issue,finance_cashflow_statement_current_only.csv,cash_from_bonds_issue,11887386000.0,4663066000.0,11887386000.0,7224320000.0,identity_q1_or_ytd_diff,True,
601528.XSHG,cash_flow,2024-06-30,2024q2,,cash_from_borrowing,finance_cashflow_statement_current_only.csv,cash_from_borrowing,,,,,identity_q1_or_ytd_diff,False,missing_raw_value
601528.XSHG,cash_flow,2024-06-30,2024q2,,subtotal_finance_cash_inflow,finance_cashflow_statement_current_only.csv,subtotal_finance_cash_inflow,11887386000.0,4663066000.0,11887386000.0,7224320000.0,identity_q1_or_ytd_diff,True,
601528.XSHG,cash_flow,2024-06-30,2024q2,,borrowing_repayment,finance_cashflow_statement_current_only.csv,borrowing_repayment,11122431000.0,7012431000.0,11122431000.0,4110000000.0,identity_q1_or_ytd_diff,True,
601528.XSHG,cash_flow,2024-06-30,2024q2,,dividend_interest_payment,finance_cashflow_statement_current_only.csv,dividend_interest_payment,414663000.0,394738000.0,414663000.0,19925000.0,identity_q1_or_ytd_diff,True,
601528.XSHG,cash_flow,2024-06-30,2024q2,,subtotal_finance_cash_outflow,finance_cashflow_statement_current_only.csv,subtotal_finance_cash_outflow,11560491000.0,7418028000.0,11560491000.0,4142463000.0,identity_q1_or_ytd_diff,True,
601528.XSHG,cash_flow,2024-06-30,2024q2,,net_finance_cash_flow,finance_cashflow_statement_current_only.csv,net_finance_cash_flow,326895000.0,-2754962000.0,326895000.0,3081857000.0,identity_q1_or_ytd_diff,True,
601528.XSHG,cash_flow,2024-06-30,2024q2,,exchange_rate_change_effect,finance_cashflow_statement_current_only.csv,exchange_rate_change_effect,-2841000.0,-601000.0,-2841000.0,-2240000.0,identity_q1_or_ytd_diff,True,
601528.XSHG,cash_flow,2024-06-30,2024q2,,cash_equivalent_increase,finance_cashflow_statement_current_only.csv,cash_equivalent_increase,-1287598000.0,3090655000.0,-1287598000.0,-4378253000.0,identity_q1_or_ytd_diff,True,
601528.XSHG,cash_flow,2024-06-30,2024q2,,cash_equivalents_at_beginning,finance_cashflow_statement_current_only.csv,cash_equivalents_at_beginning,11883718000.0,7505465000.0,11883718000.0,11883718000.0,identity_q1_or_ytd_diff,True,
601528.XSHG,cash_flow,2024-06-30,2024q2,,cash_and_equivalents_at_end,finance_cashflow_statement_current_only.csv,cash_and_equivalents_at_end,10596120000.0,10596120000.0,10596120000.0,7505465000.0,identity_q1_or_ytd_diff,True,
601528.XSHG,cash_flow,2024-09-30,2024q3,,net_deposit_increase,finance_cashflow_statement_current_only.csv,net_deposit_increase,9339519000.0,-4777551000.0,9339519000.0,14117070000.0,identity_q1_or_ytd_diff,True,
601528.XSHG,cash_flow,2024-09-30,2024q3,,net_borrowing_from_central_bank,finance_cashflow_statement_current_only.csv,net_borrowing_from_central_bank,-42514000.0,57486000.0,-42514000.0,-100000000.0,identity_q1_or_ytd_diff,True,
601528.XSHG,cash_flow,2024-09-30,2024q3,,net_borrowing_from_finance_co,finance_cashflow_statement_current_only.csv,net_borrowing_from_finance_co,,,,,identity_q1_or_ytd_diff,False,missing_raw_value
601528.XSHG,cash_flow,2024-09-30,2024q3,,interest_and_commission_cashin,finance_cashflow_statement_current_only.csv,interest_and_commission_cashin,5679297000.0,1909822000.0,5679297000.0,3769475000.0,identity_q1_or_ytd_diff,True,
601528.XSHG,cash_flow,2024-09-30,2024q3,,net_increase_in_placements,finance_cashflow_statement_current_only.csv,net_increase_in_placements,-115718000.0,-100000000.0,-115718000.0,-15718000.0,identity_q1_or_ytd_diff,True,
601528.XSHG,cash_flow,2024-09-30,2024q3,,net_buyback,finance_cashflow_statement_current_only.csv,net_buyback,-598990000.0,2529203000.0,-598990000.0,-3128193000.0,identity_q1_or_ytd_diff,True,
601528.XSHG,cash_flow,2024-09-30,2024q3,,tax_levy_refund,finance_cashflow_statement_current_only.csv,tax_levy_refund,,,,,identity_q1_or_ytd_diff,False,missing_raw_value
601528.XSHG,cash_flow,2024-09-30,2024q3,,goods_and_services_cash_paid,finance_cashflow_statement_current_only.csv,goods_and_services_cash_paid,,,,,identity_q1_or_ytd_diff,False,missing_raw_value
601528.XSHG,cash_flow,2024-09-30,2024q3,,net_loan_and_advance_increase,finance_cashflow_statement_current_only.csv,net_loan_and_advance_increase,12020177000.0,3497565000.0,12020177000.0,8522612000.0,identity_q1_or_ytd_diff,True,
601528.XSHG,cash_flow,2024-09-30,2024q3,,net_deposit_in_cb_and_ib,finance_cashflow_statement_current_only.csv,net_deposit_in_cb_and_ib,244170000.0,-221292000.0,244170000.0,465462000.0,identity_q1_or_ytd_diff,True,
601528.XSHG,cash_flow,2024-09-30,2024q3,,original_compensation_paid,finance_cashflow_statement_current_only.csv,original_compensation_paid,,,,,identity_q1_or_ytd_diff,False,missing_raw_value
601528.XSHG,cash_flow,2024-09-30,2024q3,,policy_dividend_cash_paid,finance_cashflow_statement_current_only.csv,policy_dividend_cash_paid,,,,,identity_q1_or_ytd_diff,False,missing_raw_value
601528.XSHG,cash_flow,2024-09-30,2024q3,,staff_behalf_paid,finance_cashflow_statement_current_only.csv,staff_behalf_paid,641605000.0,140725000.0,641605000.0,500880000.0,identity_q1_or_ytd_diff,True,
601528.XSHG,cash_flow,2024-09-30,2024q3,,tax_payments,finance_cashflow_statement_current_only.csv,tax_payments,252238000.0,42414000.0,252238000.0,209824000.0,identity_q1_or_ytd_diff,True,
601528.XSHG,cash_flow,2024-09-30,2024q3,,subtotal_operate_cash_inflow,finance_cashflow_statement_current_only.csv,subtotal_operate_cash_inflow,16083969000.0,1227366000.0,16083969000.0,14856603000.0,identity_q1_or_ytd_diff,True,
601528.XSHG,cash_flow,2024-09-30,2024q3,,subtotal_operate_cash_outflow,finance_cashflow_statement_current_only.csv,subtotal_operate_cash_outflow,19528162000.0,5997206000.0,19528162000.0,13530956000.0,identity_q1_or_ytd_diff,True,
601528.XSHG,cash_flow,2024-09-30,2024q3,,net_operate_cash_flow,finance_cashflow_statement_current_only.csv,net_operate_cash_flow,-3444193000.0,-4769840000.0,-3444193000.0,1325647000.0,identity_q1_or_ytd_diff,True,
601528.XSHG,cash_flow,2024-09-30,2024q3,,invest_withdrawal_cash,finance_cashflow_statement_current_only.csv,invest_withdrawal_cash,77154359000.0,26682827000.0,77154359000.0,50471532000.0,identity_q1_or_ytd_diff,True,
601528.XSHG,cash_flow,2024-09-30,2024q3,,invest_proceeds,finance_cashflow_statement_current_only.csv,invest_proceeds,787920000.0,350624000.0,787920000.0,437296000.0,identity_q1_or_ytd_diff,True,
601528.XSHG,cash_flow,2024-09-30,2024q3,,fix_intan_other_asset_acqui_cash,finance_cashflow_statement_current_only.csv,fix_intan_other_asset_acqui_cash,82191000.0,19754000.0,82191000.0,62437000.0,identity_q1_or_ytd_diff,True,
601528.XSHG,cash_flow,2024-09-30,2024q3,,invest_cash_paid,finance_cashflow_statement_current_only.csv,invest_cash_paid,79001143000.0,25217441000.0,79001143000.0,53783702000.0,identity_q1_or_ytd_diff,True,
601528.XSHG,cash_flow,2024-09-30,2024q3,,impawned_loan_net_increase,finance_cashflow_statement_current_only.csv,impawned_loan_net_increase,,,,,identity_q1_or_ytd_diff,False,missing_raw_value
601528.XSHG,cash_flow,2024-09-30,2024q3,,subtotal_invest_cash_inflow,finance_cashflow_statement_current_only.csv,subtotal_invest_cash_inflow,77942291000.0,27033451000.0,77942291000.0,50908840000.0,identity_q1_or_ytd_diff,True,
601528.XSHG,cash_flow,2024-09-30,2024q3,,subtotal_invest_cash_outflow,finance_cashflow_statement_current_only.csv,subtotal_invest_cash_outflow,79083334000.0,25237195000.0,79083334000.0,53846139000.0,identity_q1_or_ytd_diff,True,
601528.XSHG,cash_flow,2024-09-30,2024q3,,net_invest_cash_flow,finance_cashflow_statement_current_only.csv,net_invest_cash_flow,-1141043000.0,1796256000.0,-1141043000.0,-2937299000.0,identity_q1_or_ytd_diff,True,
601528.XSHG,cash_flow,2024-09-30,2024q3,,cash_from_invest,finance_cashflow_statement_current_only.csv,cash_from_invest,,,,,identity_q1_or_ytd_diff,False,missing_raw_value
601528.XSHG,cash_flow,2024-09-30,2024q3,,cash_from_bonds_issue,finance_cashflow_statement_current_only.csv,cash_from_bonds_issue,16606525000.0,4719139000.0,16606525000.0,11887386000.0,identity_q1_or_ytd_diff,True,
601528.XSHG,cash_flow,2024-09-30,2024q3,,cash_from_borrowing,finance_cashflow_statement_current_only.csv,cash_from_borrowing,,,,,identity_q1_or_ytd_diff,False,missing_raw_value
601528.XSHG,cash_flow,2024-09-30,2024q3,,subtotal_finance_cash_inflow,finance_cashflow_statement_current_only.csv,subtotal_finance_cash_inflow,16606525000.0,4719139000.0,16606525000.0,11887386000.0,identity_q1_or_ytd_diff,True,
601528.XSHG,cash_flow,2024-09-30,2024q3,,borrowing_repayment,finance_cashflow_statement_current_only.csv,borrowing_repayment,15007768000.0,3885337000.0,15007768000.0,11122431000.0,identity_q1_or_ytd_diff,True,
601528.XSHG,cash_flow,2024-09-30,2024q3,,dividend_interest_payment,finance_cashflow_statement_current_only.csv,dividend_interest_payment,513098000.0,98435000.0,513098000.0,414663000.0,identity_q1_or_ytd_diff,True,
601528.XSHG,cash_flow,2024-09-30,2024q3,,subtotal_finance_cash_outflow,finance_cashflow_statement_current_only.csv,subtotal_finance_cash_outflow,15551122000.0,3990631000.0,15551122000.0,11560491000.0,identity_q1_or_ytd_diff,True,
601528.XSHG,cash_flow,2024-09-30,2024q3,,net_finance_cash_flow,finance_cashflow_statement_current_only.csv,net_finance_cash_flow,1055403000.0,728508000.0,1055403000.0,326895000.0,identity_q1_or_ytd_diff,True,
601528.XSHG,cash_flow,2024-09-30,2024q3,,exchange_rate_change_effect,finance_cashflow_statement_current_only.csv,exchange_rate_change_effect,-2907000.0,-66000.0,-2907000.0,-2841000.0,identity_q1_or_ytd_diff,True,
601528.XSHG,cash_flow,2024-09-30,2024q3,,cash_equivalent_increase,finance_cashflow_statement_current_only.csv,cash_equivalent_increase,-3532740000.0,-2245142000.0,-3532740000.0,-1287598000.0,identity_q1_or_ytd_diff,True,
601528.XSHG,cash_flow,2024-09-30,2024q3,,cash_equivalents_at_beginning,finance_cashflow_statement_current_only.csv,cash_equivalents_at_beginning,11883718000.0,10596120000.0,11883718000.0,11883718000.0,identity_q1_or_ytd_diff,True,
601528.XSHG,cash_flow,2024-09-30,2024q3,,cash_and_equivalents_at_end,finance_cashflow_statement_current_only.csv,cash_and_equivalents_at_end,8350978000.0,8350978000.0,8350978000.0,10596120000.0,identity_q1_or_ytd_diff,True,
601528.XSHG,cash_flow,2024-12-31,2024q4,,net_deposit_increase,finance_cashflow_statement_current_only.csv,net_deposit_increase,17672640000.0,8333121000.0,17672640000.0,9339519000.0,identity_q1_or_ytd_diff,True,
601528.XSHG,cash_flow,2024-12-31,2024q4,,net_borrowing_from_central_bank,finance_cashflow_statement_current_only.csv,net_borrowing_from_central_bank,,,,-42514000.0,identity_q1_or_ytd_diff,False,missing_raw_value
601528.XSHG,cash_flow,2024-12-31,2024q4,,net_borrowing_from_finance_co,finance_cashflow_statement_current_only.csv,net_borrowing_from_finance_co,,,,,identity_q1_or_ytd_diff,False,missing_raw_value
601528.XSHG,cash_flow,2024-12-31,2024q4,,interest_and_commission_cashin,finance_cashflow_statement_current_only.csv,interest_and_commission_cashin,7541127000.0,1861830000.0,7541127000.0,5679297000.0,identity_q1_or_ytd_diff,True,
601528.XSHG,cash_flow,2024-12-31,2024q4,,net_increase_in_placements,finance_cashflow_statement_current_only.csv,net_increase_in_placements,,,,-115718000.0,identity_q1_or_ytd_diff,False,missing_raw_value
601528.XSHG,cash_flow,2024-12-31,2024q4,,net_buyback,finance_cashflow_statement_current_only.csv,net_buyback,832847000.0,1431837000.0,832847000.0,-598990000.0,identity_q1_or_ytd_diff,True,
601528.XSHG,cash_flow,2024-12-31,2024q4,,tax_levy_refund,finance_cashflow_statement_current_only.csv,tax_levy_refund,,,,,identity_q1_or_ytd_diff,False,missing_raw_value
601528.XSHG,cash_flow,2024-12-31,2024q4,,goods_and_services_cash_paid,finance_cashflow_statement_current_only.csv,goods_and_services_cash_paid,,,,,identity_q1_or_ytd_diff,False,missing_raw_value
601528.XSHG,cash_flow,2024-12-31,2024q4,,net_loan_and_advance_increase,finance_cashflow_statement_current_only.csv,net_loan_and_advance_increase,17984675000.0,5964498000.0,17984675000.0,12020177000.0,identity_q1_or_ytd_diff,True,
601528.XSHG,cash_flow,2024-12-31,2024q4,,net_deposit_in_cb_and_ib,finance_cashflow_statement_current_only.csv,net_deposit_in_cb_and_ib,556915000.0,312745000.0,556915000.0,244170000.0,identity_q1_or_ytd_diff,True,
601528.XSHG,cash_flow,2024-12-31,2024q4,,original_compensation_paid,finance_cashflow_statement_current_only.csv,original_compensation_paid,,,,,identity_q1_or_ytd_diff,False,missing_raw_value
601528.XSHG,cash_flow,2024-12-31,2024q4,,policy_dividend_cash_paid,finance_cashflow_statement_current_only.csv,policy_dividend_cash_paid,,,,,identity_q1_or_ytd_diff,False,missing_raw_value
601528.XSHG,cash_flow,2024-12-31,2024q4,,staff_behalf_paid,finance_cashflow_statement_current_only.csv,staff_behalf_paid,809469000.0,167864000.0,809469000.0,641605000.0,identity_q1_or_ytd_diff,True,
601528.XSHG,cash_flow,2024-12-31,2024q4,,tax_payments,finance_cashflow_statement_current_only.csv,tax_payments,223731000.0,-28507000.0,223731000.0,252238000.0,identity_q1_or_ytd_diff,True,
601528.XSHG,cash_flow,2024-12-31,2024q4,,subtotal_operate_cash_inflow,finance_cashflow_statement_current_only.csv,subtotal_operate_cash_inflow,26547994000.0,10464025000.0,26547994000.0,16083969000.0,identity_q1_or_ytd_diff,True,
601528.XSHG,cash_flow,2024-12-31,2024q4,,subtotal_operate_cash_outflow,finance_cashflow_statement_current_only.csv,subtotal_operate_cash_outflow,27158237000.0,7630075000.0,27158237000.0,19528162000.0,identity_q1_or_ytd_diff,True,
601528.XSHG,cash_flow,2024-12-31,2024q4,,net_operate_cash_flow,finance_cashflow_statement_current_only.csv,net_operate_cash_flow,-610243000.0,2833950000.0,-610243000.0,-3444193000.0,identity_q1_or_ytd_diff,True,
601528.XSHG,cash_flow,2024-12-31,2024q4,,invest_withdrawal_cash,finance_cashflow_statement_current_only.csv,invest_withdrawal_cash,90293928000.0,13139569000.0,90293928000.0,77154359000.0,identity_q1_or_ytd_diff,True,
601528.XSHG,cash_flow,2024-12-31,2024q4,,invest_proceeds,finance_cashflow_statement_current_only.csv,invest_proceeds,860816000.0,72896000.0,860816000.0,787920000.0,identity_q1_or_ytd_diff,True,
601528.XSHG,cash_flow,2024-12-31,2024q4,,fix_intan_other_asset_acqui_cash,finance_cashflow_statement_current_only.csv,fix_intan_other_asset_acqui_cash,96931000.0,14740000.0,96931000.0,82191000.0,identity_q1_or_ytd_diff,True,
601528.XSHG,cash_flow,2024-12-31,2024q4,,invest_cash_paid,finance_cashflow_statement_current_only.csv,invest_cash_paid,96840475000.0,17839332000.0,96840475000.0,79001143000.0,identity_q1_or_ytd_diff,True,
601528.XSHG,cash_flow,2024-12-31,2024q4,,impawned_loan_net_increase,finance_cashflow_statement_current_only.csv,impawned_loan_net_increase,,,,,identity_q1_or_ytd_diff,False,missing_raw_value
601528.XSHG,cash_flow,2024-12-31,2024q4,,subtotal_invest_cash_inflow,finance_cashflow_statement_current_only.csv,subtotal_invest_cash_inflow,91155958000.0,13213667000.0,91155958000.0,77942291000.0,identity_q1_or_ytd_diff,True,
601528.XSHG,cash_flow,2024-12-31,2024q4,,subtotal_invest_cash_outflow,finance_cashflow_statement_current_only.csv,subtotal_invest_cash_outflow,96937406000.0,17854072000.0,96937406000.0,79083334000.0,identity_q1_or_ytd_diff,True,
601528.XSHG,cash_flow,2024-12-31,2024q4,,net_invest_cash_flow,finance_cashflow_statement_current_only.csv,net_invest_cash_flow,-5781448000.0,-4640405000.0,-5781448000.0,-1141043000.0,identity_q1_or_ytd_diff,True,
601528.XSHG,cash_flow,2024-12-31,2024q4,,cash_from_invest,finance_cashflow_statement_current_only.csv,cash_from_invest,,,,,identity_q1_or_ytd_diff,False,missing_raw_value
601528.XSHG,cash_flow,2024-12-31,2024q4,,cash_from_bonds_issue,finance_cashflow_statement_current_only.csv,cash_from_bonds_issue,21216793000.0,4610268000.0,21216793000.0,16606525000.0,identity_q1_or_ytd_diff,True,
601528.XSHG,cash_flow,2024-12-31,2024q4,,cash_from_borrowing,finance_cashflow_statement_current_only.csv,cash_from_borrowing,,,,,identity_q1_or_ytd_diff,False,missing_raw_value
601528.XSHG,cash_flow,2024-12-31,2024q4,,subtotal_finance_cash_inflow,finance_cashflow_statement_current_only.csv,subtotal_finance_cash_inflow,21216793000.0,4610268000.0,21216793000.0,16606525000.0,identity_q1_or_ytd_diff,True,
601528.XSHG,cash_flow,2024-12-31,2024q4,,borrowing_repayment,finance_cashflow_statement_current_only.csv,borrowing_repayment,19476437000.0,4468669000.0,19476437000.0,15007768000.0,identity_q1_or_ytd_diff,True,
601528.XSHG,cash_flow,2024-12-31,2024q4,,dividend_interest_payment,finance_cashflow_statement_current_only.csv,dividend_interest_payment,534429000.0,21331000.0,534429000.0,513098000.0,identity_q1_or_ytd_diff,True,
601528.XSHG,cash_flow,2024-12-31,2024q4,,subtotal_finance_cash_outflow,finance_cashflow_statement_current_only.csv,subtotal_finance_cash_outflow,20047002000.0,4495880000.0,20047002000.0,15551122000.0,identity_q1_or_ytd_diff,True,
601528.XSHG,cash_flow,2024-12-31,2024q4,,net_finance_cash_flow,finance_cashflow_statement_current_only.csv,net_finance_cash_flow,1169791000.0,114388000.0,1169791000.0,1055403000.0,identity_q1_or_ytd_diff,True,
601528.XSHG,cash_flow,2024-12-31,2024q4,,exchange_rate_change_effect,finance_cashflow_statement_current_only.csv,exchange_rate_change_effect,-4301000.0,-1394000.0,-4301000.0,-2907000.0,identity_q1_or_ytd_diff,True,
601528.XSHG,cash_flow,2024-12-31,2024q4,,cash_equivalent_increase,finance_cashflow_statement_current_only.csv,cash_equivalent_increase,-5226201000.0,-1693461000.0,-5226201000.0,-3532740000.0,identity_q1_or_ytd_diff,True,
601528.XSHG,cash_flow,2024-12-31,2024q4,,cash_equivalents_at_beginning,finance_cashflow_statement_current_only.csv,cash_equivalents_at_beginning,11883718000.0,8350978000.0,11883718000.0,11883718000.0,identity_q1_or_ytd_diff,True,
601528.XSHG,cash_flow,2024-12-31,2024q4,,cash_and_equivalents_at_end,finance_cashflow_statement_current_only.csv,cash_and_equivalents_at_end,6657517000.0,6657517000.0,6657517000.0,8350978000.0,identity_q1_or_ytd_diff,True,
601528.XSHG,cash_flow,2025-03-31,2025q1,,net_deposit_increase,finance_cashflow_statement_current_only.csv,net_deposit_increase,9761130000.0,9761130000.0,9761130000.0,,identity_q1_or_ytd_diff,True,
601528.XSHG,cash_flow,2025-03-31,2025q1,,net_borrowing_from_central_bank,finance_cashflow_statement_current_only.csv,net_borrowing_from_central_bank,,,,,identity_q1_or_ytd_diff,False,missing_raw_value
601528.XSHG,cash_flow,2025-03-31,2025q1,,net_borrowing_from_finance_co,finance_cashflow_statement_current_only.csv,net_borrowing_from_finance_co,,,,,identity_q1_or_ytd_diff,False,missing_raw_value
601528.XSHG,cash_flow,2025-03-31,2025q1,,interest_and_commission_cashin,finance_cashflow_statement_current_only.csv,interest_and_commission_cashin,1812607000.0,1812607000.0,1812607000.0,,identity_q1_or_ytd_diff,True,
601528.XSHG,cash_flow,2025-03-31,2025q1,,net_increase_in_placements,finance_cashflow_statement_current_only.csv,net_increase_in_placements,501484000.0,501484000.0,501484000.0,,identity_q1_or_ytd_diff,True,
601528.XSHG,cash_flow,2025-03-31,2025q1,,net_buyback,finance_cashflow_statement_current_only.csv,net_buyback,2344887000.0,2344887000.0,2344887000.0,,identity_q1_or_ytd_diff,True,
601528.XSHG,cash_flow,2025-03-31,2025q1,,tax_levy_refund,finance_cashflow_statement_current_only.csv,tax_levy_refund,,,,,identity_q1_or_ytd_diff,False,missing_raw_value
601528.XSHG,cash_flow,2025-03-31,2025q1,,goods_and_services_cash_paid,finance_cashflow_statement_current_only.csv,goods_and_services_cash_paid,,,,,identity_q1_or_ytd_diff,False,missing_raw_value
601528.XSHG,cash_flow,2025-03-31,2025q1,,net_loan_and_advance_increase,finance_cashflow_statement_current_only.csv,net_loan_and_advance_increase,5962190000.0,5962190000.0,5962190000.0,,identity_q1_or_ytd_diff,True,
601528.XSHG,cash_flow,2025-03-31,2025q1,,net_deposit_in_cb_and_ib,finance_cashflow_statement_current_only.csv,net_deposit_in_cb_and_ib,551797000.0,551797000.0,551797000.0,,identity_q1_or_ytd_diff,True,
601528.XSHG,cash_flow,2025-03-31,2025q1,,original_compensation_paid,finance_cashflow_statement_current_only.csv,original_compensation_paid,,,,,identity_q1_or_ytd_diff,False,missing_raw_value
601528.XSHG,cash_flow,2025-03-31,2025q1,,policy_dividend_cash_paid,finance_cashflow_statement_current_only.csv,policy_dividend_cash_paid,,,,,identity_q1_or_ytd_diff,False,missing_raw_value
601528.XSHG,cash_flow,2025-03-31,2025q1,,staff_behalf_paid,finance_cashflow_statement_current_only.csv,staff_behalf_paid,304652000.0,304652000.0,304652000.0,,identity_q1_or_ytd_diff,True,
601528.XSHG,cash_flow,2025-03-31,2025q1,,tax_payments,finance_cashflow_statement_current_only.csv,tax_payments,107696000.0,107696000.0,107696000.0,,identity_q1_or_ytd_diff,True,
601528.XSHG,cash_flow,2025-03-31,2025q1,,subtotal_operate_cash_inflow,finance_cashflow_statement_current_only.csv,subtotal_operate_cash_inflow,14899302000.0,14899302000.0,14899302000.0,,identity_q1_or_ytd_diff,True,
601528.XSHG,cash_flow,2025-03-31,2025q1,,subtotal_operate_cash_outflow,finance_cashflow_statement_current_only.csv,subtotal_operate_cash_outflow,9793573000.0,9793573000.0,9793573000.0,,identity_q1_or_ytd_diff,True,
601528.XSHG,cash_flow,2025-03-31,2025q1,,net_operate_cash_flow,finance_cashflow_statement_current_only.csv,net_operate_cash_flow,5105729000.0,5105729000.0,5105729000.0,,identity_q1_or_ytd_diff,True,
601528.XSHG,cash_flow,2025-03-31,2025q1,,invest_withdrawal_cash,finance_cashflow_statement_current_only.csv,invest_withdrawal_cash,13221967000.0,13221967000.0,13221967000.0,,identity_q1_or_ytd_diff,True,
601528.XSHG,cash_flow,2025-03-31,2025q1,,invest_proceeds,finance_cashflow_statement_current_only.csv,invest_proceeds,390974000.0,390974000.0,390974000.0,,identity_q1_or_ytd_diff,True,
601528.XSHG,cash_flow,2025-03-31,2025q1,,fix_intan_other_asset_acqui_cash,finance_cashflow_statement_current_only.csv,fix_intan_other_asset_acqui_cash,28416000.0,28416000.0,28416000.0,,identity_q1_or_ytd_diff,True,
601528.XSHG,cash_flow,2025-03-31,2025q1,,invest_cash_paid,finance_cashflow_statement_current_only.csv,invest_cash_paid,16037725000.0,16037725000.0,16037725000.0,,identity_q1_or_ytd_diff,True,
601528.XSHG,cash_flow,2025-03-31,2025q1,,impawned_loan_net_increase,finance_cashflow_statement_current_only.csv,impawned_loan_net_increase,,,,,identity_q1_or_ytd_diff,False,missing_raw_value
601528.XSHG,cash_flow,2025-03-31,2025q1,,subtotal_invest_cash_inflow,finance_cashflow_statement_current_only.csv,subtotal_invest_cash_inflow,13613021000.0,13613021000.0,13613021000.0,,identity_q1_or_ytd_diff,True,
601528.XSHG,cash_flow,2025-03-31,2025q1,,subtotal_invest_cash_outflow,finance_cashflow_statement_current_only.csv,subtotal_invest_cash_outflow,16066141000.0,16066141000.0,16066141000.0,,identity_q1_or_ytd_diff,True,
601528.XSHG,cash_flow,2025-03-31,2025q1,,net_invest_cash_flow,finance_cashflow_statement_current_only.csv,net_invest_cash_flow,-2453120000.0,-2453120000.0,-2453120000.0,,identity_q1_or_ytd_diff,True,
601528.XSHG,cash_flow,2025-03-31,2025q1,,cash_from_invest,finance_cashflow_statement_current_only.csv,cash_from_invest,,,,,identity_q1_or_ytd_diff,False,missing_raw_value
601528.XSHG,cash_flow,2025-03-31,2025q1,,cash_from_bonds_issue,finance_cashflow_statement_current_only.csv,cash_from_bonds_issue,1283515000.0,1283515000.0,1283515000.0,,identity_q1_or_ytd_diff,True,
601528.XSHG,cash_flow,2025-03-31,2025q1,,cash_from_borrowing,finance_cashflow_statement_current_only.csv,cash_from_borrowing,,,,,identity_q1_or_ytd_diff,False,missing_raw_value
601528.XSHG,cash_flow,2025-03-31,2025q1,,subtotal_finance_cash_inflow,finance_cashflow_statement_current_only.csv,subtotal_finance_cash_inflow,1283515000.0,1283515000.0,1283515000.0,,identity_q1_or_ytd_diff,True,
601528.XSHG,cash_flow,2025-03-31,2025q1,,borrowing_repayment,finance_cashflow_statement_current_only.csv,borrowing_repayment,4300738000.0,4300738000.0,4300738000.0,,identity_q1_or_ytd_diff,True,
601528.XSHG,cash_flow,2025-03-31,2025q1,,dividend_interest_payment,finance_cashflow_statement_current_only.csv,dividend_interest_payment,19601000.0,19601000.0,19601000.0,,identity_q1_or_ytd_diff,True,
601528.XSHG,cash_flow,2025-03-31,2025q1,,subtotal_finance_cash_outflow,finance_cashflow_statement_current_only.csv,subtotal_finance_cash_outflow,4328229000.0,4328229000.0,4328229000.0,,identity_q1_or_ytd_diff,True,
601528.XSHG,cash_flow,2025-03-31,2025q1,,net_finance_cash_flow,finance_cashflow_statement_current_only.csv,net_finance_cash_flow,-3044714000.0,-3044714000.0,-3044714000.0,,identity_q1_or_ytd_diff,True,
601528.XSHG,cash_flow,2025-03-31,2025q1,,exchange_rate_change_effect,finance_cashflow_statement_current_only.csv,exchange_rate_change_effect,4405000.0,4405000.0,4405000.0,,identity_q1_or_ytd_diff,True,
601528.XSHG,cash_flow,2025-03-31,2025q1,,cash_equivalent_increase,finance_cashflow_statement_current_only.csv,cash_equivalent_increase,-387700000.0,-387700000.0,-387700000.0,,identity_q1_or_ytd_diff,True,
601528.XSHG,cash_flow,2025-03-31,2025q1,,cash_equivalents_at_beginning,finance_cashflow_statement_current_only.csv,cash_equivalents_at_beginning,6657517000.0,6657517000.0,6657517000.0,,identity_q1_or_ytd_diff,True,
601528.XSHG,cash_flow,2025-03-31,2025q1,,cash_and_equivalents_at_end,finance_cashflow_statement_current_only.csv,cash_and_equivalents_at_end,6269817000.0,6269817000.0,6269817000.0,,identity_q1_or_ytd_diff,True,
601528.XSHG,cash_flow,2025-06-30,2025q2,,net_deposit_increase,finance_cashflow_statement_current_only.csv,net_deposit_increase,7002957000.0,-2758173000.0,7002957000.0,9761130000.0,identity_q1_or_ytd_diff,True,
601528.XSHG,cash_flow,2025-06-30,2025q2,,net_borrowing_from_central_bank,finance_cashflow_statement_current_only.csv,net_borrowing_from_central_bank,1000000000.0,,1000000000.0,,identity_q1_or_ytd_diff,False,missing_prior_cumulative_report
601528.XSHG,cash_flow,2025-06-30,2025q2,,net_borrowing_from_finance_co,finance_cashflow_statement_current_only.csv,net_borrowing_from_finance_co,,,,,identity_q1_or_ytd_diff,False,missing_raw_value
601528.XSHG,cash_flow,2025-06-30,2025q2,,interest_and_commission_cashin,finance_cashflow_statement_current_only.csv,interest_and_commission_cashin,3758412000.0,1945805000.0,3758412000.0,1812607000.0,identity_q1_or_ytd_diff,True,
601528.XSHG,cash_flow,2025-06-30,2025q2,,net_increase_in_placements,finance_cashflow_statement_current_only.csv,net_increase_in_placements,,,,501484000.0,identity_q1_or_ytd_diff,False,missing_raw_value
601528.XSHG,cash_flow,2025-06-30,2025q2,,net_buyback,finance_cashflow_statement_current_only.csv,net_buyback,3712954000.0,1368067000.0,3712954000.0,2344887000.0,identity_q1_or_ytd_diff,True,
601528.XSHG,cash_flow,2025-06-30,2025q2,,tax_levy_refund,finance_cashflow_statement_current_only.csv,tax_levy_refund,,,,,identity_q1_or_ytd_diff,False,missing_raw_value
601528.XSHG,cash_flow,2025-06-30,2025q2,,goods_and_services_cash_paid,finance_cashflow_statement_current_only.csv,goods_and_services_cash_paid,,,,,identity_q1_or_ytd_diff,False,missing_raw_value
601528.XSHG,cash_flow,2025-06-30,2025q2,,net_loan_and_advance_increase,finance_cashflow_statement_current_only.csv,net_loan_and_advance_increase,3496157000.0,-2466033000.0,3496157000.0,5962190000.0,identity_q1_or_ytd_diff,True,
601528.XSHG,cash_flow,2025-06-30,2025q2,,net_deposit_in_cb_and_ib,finance_cashflow_statement_current_only.csv,net_deposit_in_cb_and_ib,370701000.0,-181096000.0,370701000.0,551797000.0,identity_q1_or_ytd_diff,True,
601528.XSHG,cash_flow,2025-06-30,2025q2,,original_compensation_paid,finance_cashflow_statement_current_only.csv,original_compensation_paid,,,,,identity_q1_or_ytd_diff,False,missing_raw_value
601528.XSHG,cash_flow,2025-06-30,2025q2,,policy_dividend_cash_paid,finance_cashflow_statement_current_only.csv,policy_dividend_cash_paid,,,,,identity_q1_or_ytd_diff,False,missing_raw_value
601528.XSHG,cash_flow,2025-06-30,2025q2,,staff_behalf_paid,finance_cashflow_statement_current_only.csv,staff_behalf_paid,470598000.0,165946000.0,470598000.0,304652000.0,identity_q1_or_ytd_diff,True,
601528.XSHG,cash_flow,2025-06-30,2025q2,,tax_payments,finance_cashflow_statement_current_only.csv,tax_payments,217028000.0,109332000.0,217028000.0,107696000.0,identity_q1_or_ytd_diff,True,
601528.XSHG,cash_flow,2025-06-30,2025q2,,subtotal_operate_cash_inflow,finance_cashflow_statement_current_only.csv,subtotal_operate_cash_inflow,15593344000.0,694042000.0,15593344000.0,14899302000.0,identity_q1_or_ytd_diff,True,
601528.XSHG,cash_flow,2025-06-30,2025q2,,subtotal_operate_cash_outflow,finance_cashflow_statement_current_only.csv,subtotal_operate_cash_outflow,10008434000.0,214861000.0,10008434000.0,9793573000.0,identity_q1_or_ytd_diff,True,
601528.XSHG,cash_flow,2025-06-30,2025q2,,net_operate_cash_flow,finance_cashflow_statement_current_only.csv,net_operate_cash_flow,5584910000.0,479181000.0,5584910000.0,5105729000.0,identity_q1_or_ytd_diff,True,
601528.XSHG,cash_flow,2025-06-30,2025q2,,invest_withdrawal_cash,finance_cashflow_statement_current_only.csv,invest_withdrawal_cash,22153405000.0,8931438000.0,22153405000.0,13221967000.0,identity_q1_or_ytd_diff,True,
601528.XSHG,cash_flow,2025-06-30,2025q2,,invest_proceeds,finance_cashflow_statement_current_only.csv,invest_proceeds,570631000.0,179657000.0,570631000.0,390974000.0,identity_q1_or_ytd_diff,True,
601528.XSHG,cash_flow,2025-06-30,2025q2,,fix_intan_other_asset_acqui_cash,finance_cashflow_statement_current_only.csv,fix_intan_other_asset_acqui_cash,21986000.0,-6430000.0,21986000.0,28416000.0,identity_q1_or_ytd_diff,True,
601528.XSHG,cash_flow,2025-06-30,2025q2,,invest_cash_paid,finance_cashflow_statement_current_only.csv,invest_cash_paid,23901352000.0,7863627000.0,23901352000.0,16037725000.0,identity_q1_or_ytd_diff,True,
601528.XSHG,cash_flow,2025-06-30,2025q2,,impawned_loan_net_increase,finance_cashflow_statement_current_only.csv,impawned_loan_net_increase,,,,,identity_q1_or_ytd_diff,False,missing_raw_value
601528.XSHG,cash_flow,2025-06-30,2025q2,,subtotal_invest_cash_inflow,finance_cashflow_statement_current_only.csv,subtotal_invest_cash_inflow,22724039000.0,9111018000.0,22724039000.0,13613021000.0,identity_q1_or_ytd_diff,True,
601528.XSHG,cash_flow,2025-06-30,2025q2,,subtotal_invest_cash_outflow,finance_cashflow_statement_current_only.csv,subtotal_invest_cash_outflow,23923338000.0,7857197000.0,23923338000.0,16066141000.0,identity_q1_or_ytd_diff,True,
601528.XSHG,cash_flow,2025-06-30,2025q2,,net_invest_cash_flow,finance_cashflow_statement_current_only.csv,net_invest_cash_flow,-1199299000.0,1253821000.0,-1199299000.0,-2453120000.0,identity_q1_or_ytd_diff,True,
601528.XSHG,cash_flow,2025-06-30,2025q2,,cash_from_invest,finance_cashflow_statement_current_only.csv,cash_from_invest,,,,,identity_q1_or_ytd_diff,False,missing_raw_value
601528.XSHG,cash_flow,2025-06-30,2025q2,,cash_from_bonds_issue,finance_cashflow_statement_current_only.csv,cash_from_bonds_issue,3464415000.0,2180900000.0,3464415000.0,1283515000.0,identity_q1_or_ytd_diff,True,
601528.XSHG,cash_flow,2025-06-30,2025q2,,cash_from_borrowing,finance_cashflow_statement_current_only.csv,cash_from_borrowing,,,,,identity_q1_or_ytd_diff,False,missing_raw_value
601528.XSHG,cash_flow,2025-06-30,2025q2,,subtotal_finance_cash_inflow,finance_cashflow_statement_current_only.csv,subtotal_finance_cash_inflow,3464415000.0,2180900000.0,3464415000.0,1283515000.0,identity_q1_or_ytd_diff,True,
601528.XSHG,cash_flow,2025-06-30,2025q2,,borrowing_repayment,finance_cashflow_statement_current_only.csv,borrowing_repayment,5634180000.0,1333442000.0,5634180000.0,4300738000.0,identity_q1_or_ytd_diff,True,
601528.XSHG,cash_flow,2025-06-30,2025q2,,dividend_interest_payment,finance_cashflow_statement_current_only.csv,dividend_interest_payment,423638000.0,404037000.0,423638000.0,19601000.0,identity_q1_or_ytd_diff,True,
601528.XSHG,cash_flow,2025-06-30,2025q2,,subtotal_finance_cash_outflow,finance_cashflow_statement_current_only.csv,subtotal_finance_cash_outflow,6075333000.0,1747104000.0,6075333000.0,4328229000.0,identity_q1_or_ytd_diff,True,
601528.XSHG,cash_flow,2025-06-30,2025q2,,net_finance_cash_flow,finance_cashflow_statement_current_only.csv,net_finance_cash_flow,-2610918000.0,433796000.0,-2610918000.0,-3044714000.0,identity_q1_or_ytd_diff,True,
601528.XSHG,cash_flow,2025-06-30,2025q2,,exchange_rate_change_effect,finance_cashflow_statement_current_only.csv,exchange_rate_change_effect,9371000.0,4966000.0,9371000.0,4405000.0,identity_q1_or_ytd_diff,True,
601528.XSHG,cash_flow,2025-06-30,2025q2,,cash_equivalent_increase,finance_cashflow_statement_current_only.csv,cash_equivalent_increase,1784064000.0,2171764000.0,1784064000.0,-387700000.0,identity_q1_or_ytd_diff,True,
601528.XSHG,cash_flow,2025-06-30,2025q2,,cash_equivalents_at_beginning,finance_cashflow_statement_current_only.csv,cash_equivalents_at_beginning,6657517000.0,6269817000.0,6657517000.0,6657517000.0,identity_q1_or_ytd_diff,True,
601528.XSHG,cash_flow,2025-06-30,2025q2,,cash_and_equivalents_at_end,finance_cashflow_statement_current_only.csv,cash_and_equivalents_at_end,8441581000.0,8441581000.0,8441581000.0,6269817000.0,identity_q1_or_ytd_diff,True,
601528.XSHG,cash_flow,2025-09-30,2025q3,,net_deposit_increase,finance_cashflow_statement_current_only.csv,net_deposit_increase,7504507000.0,501550000.0,7504507000.0,7002957000.0,identity_q1_or_ytd_diff,True,
601528.XSHG,cash_flow,2025-09-30,2025q3,,net_borrowing_from_central_bank,finance_cashflow_statement_current_only.csv,net_borrowing_from_central_bank,1000000000.0,0.0,1000000000.0,1000000000.0,identity_q1_or_ytd_diff,True,
601528.XSHG,cash_flow,2025-09-30,2025q3,,net_borrowing_from_finance_co,finance_cashflow_statement_current_only.csv,net_borrowing_from_finance_co,,,,,identity_q1_or_ytd_diff,False,missing_raw_value
601528.XSHG,cash_flow,2025-09-30,2025q3,,interest_and_commission_cashin,finance_cashflow_statement_current_only.csv,interest_and_commission_cashin,5643609000.0,1885197000.0,5643609000.0,3758412000.0,identity_q1_or_ytd_diff,True,
601528.XSHG,cash_flow,2025-09-30,2025q3,,net_increase_in_placements,finance_cashflow_statement_current_only.csv,net_increase_in_placements,200000000.0,,200000000.0,,identity_q1_or_ytd_diff,False,missing_prior_cumulative_report
601528.XSHG,cash_flow,2025-09-30,2025q3,,net_buyback,finance_cashflow_statement_current_only.csv,net_buyback,2193938000.0,-1519016000.0,2193938000.0,3712954000.0,identity_q1_or_ytd_diff,True,
601528.XSHG,cash_flow,2025-09-30,2025q3,,tax_levy_refund,finance_cashflow_statement_current_only.csv,tax_levy_refund,,,,,identity_q1_or_ytd_diff,False,missing_raw_value
601528.XSHG,cash_flow,2025-09-30,2025q3,,goods_and_services_cash_paid,finance_cashflow_statement_current_only.csv,goods_and_services_cash_paid,,,,,identity_q1_or_ytd_diff,False,missing_raw_value
601528.XSHG,cash_flow,2025-09-30,2025q3,,net_loan_and_advance_increase,finance_cashflow_statement_current_only.csv,net_loan_and_advance_increase,2920657000.0,-575500000.0,2920657000.0,3496157000.0,identity_q1_or_ytd_diff,True,
601528.XSHG,cash_flow,2025-09-30,2025q3,,net_deposit_in_cb_and_ib,finance_cashflow_statement_current_only.csv,net_deposit_in_cb_and_ib,352723000.0,-17978000.0,352723000.0,370701000.0,identity_q1_or_ytd_diff,True,
601528.XSHG,cash_flow,2025-09-30,2025q3,,original_compensation_paid,finance_cashflow_statement_current_only.csv,original_compensation_paid,,,,,identity_q1_or_ytd_diff,False,missing_raw_value
601528.XSHG,cash_flow,2025-09-30,2025q3,,policy_dividend_cash_paid,finance_cashflow_statement_current_only.csv,policy_dividend_cash_paid,,,,,identity_q1_or_ytd_diff,False,missing_raw_value
601528.XSHG,cash_flow,2025-09-30,2025q3,,staff_behalf_paid,finance_cashflow_statement_current_only.csv,staff_behalf_paid,650044000.0,179446000.0,650044000.0,470598000.0,identity_q1_or_ytd_diff,True,
601528.XSHG,cash_flow,2025-09-30,2025q3,,tax_payments,finance_cashflow_statement_current_only.csv,tax_payments,290936000.0,73908000.0,290936000.0,217028000.0,identity_q1_or_ytd_diff,True,
601528.XSHG,cash_flow,2025-09-30,2025q3,,subtotal_operate_cash_inflow,finance_cashflow_statement_current_only.csv,subtotal_operate_cash_inflow,16982938000.0,1389594000.0,16982938000.0,15593344000.0,identity_q1_or_ytd_diff,True,
601528.XSHG,cash_flow,2025-09-30,2025q3,,subtotal_operate_cash_outflow,finance_cashflow_statement_current_only.csv,subtotal_operate_cash_outflow,13880300000.0,3871866000.0,13880300000.0,10008434000.0,identity_q1_or_ytd_diff,True,
601528.XSHG,cash_flow,2025-09-30,2025q3,,net_operate_cash_flow,finance_cashflow_statement_current_only.csv,net_operate_cash_flow,3102638000.0,-2482272000.0,3102638000.0,5584910000.0,identity_q1_or_ytd_diff,True,
601528.XSHG,cash_flow,2025-09-30,2025q3,,invest_withdrawal_cash,finance_cashflow_statement_current_only.csv,invest_withdrawal_cash,42105614000.0,19952209000.0,42105614000.0,22153405000.0,identity_q1_or_ytd_diff,True,
601528.XSHG,cash_flow,2025-09-30,2025q3,,invest_proceeds,finance_cashflow_statement_current_only.csv,invest_proceeds,747728000.0,177097000.0,747728000.0,570631000.0,identity_q1_or_ytd_diff,True,
601528.XSHG,cash_flow,2025-09-30,2025q3,,fix_intan_other_asset_acqui_cash,finance_cashflow_statement_current_only.csv,fix_intan_other_asset_acqui_cash,28636000.0,6650000.0,28636000.0,21986000.0,identity_q1_or_ytd_diff,True,
601528.XSHG,cash_flow,2025-09-30,2025q3,,invest_cash_paid,finance_cashflow_statement_current_only.csv,invest_cash_paid,43512563000.0,19611211000.0,43512563000.0,23901352000.0,identity_q1_or_ytd_diff,True,
601528.XSHG,cash_flow,2025-09-30,2025q3,,impawned_loan_net_increase,finance_cashflow_statement_current_only.csv,impawned_loan_net_increase,,,,,identity_q1_or_ytd_diff,False,missing_raw_value
601528.XSHG,cash_flow,2025-09-30,2025q3,,subtotal_invest_cash_inflow,finance_cashflow_statement_current_only.csv,subtotal_invest_cash_inflow,42858801000.0,20134762000.0,42858801000.0,22724039000.0,identity_q1_or_ytd_diff,True,
601528.XSHG,cash_flow,2025-09-30,2025q3,,subtotal_invest_cash_outflow,finance_cashflow_statement_current_only.csv,subtotal_invest_cash_outflow,43541199000.0,19617861000.0,43541199000.0,23923338000.0,identity_q1_or_ytd_diff,True,
601528.XSHG,cash_flow,2025-09-30,2025q3,,net_invest_cash_flow,finance_cashflow_statement_current_only.csv,net_invest_cash_flow,-682398000.0,516901000.0,-682398000.0,-1199299000.0,identity_q1_or_ytd_diff,True,
601528.XSHG,cash_flow,2025-09-30,2025q3,,cash_from_invest,finance_cashflow_statement_current_only.csv,cash_from_invest,,,,,identity_q1_or_ytd_diff,False,missing_raw_value
601528.XSHG,cash_flow,2025-09-30,2025q3,,cash_from_bonds_issue,finance_cashflow_statement_current_only.csv,cash_from_bonds_issue,9077294000.0,5612879000.0,9077294000.0,3464415000.0,identity_q1_or_ytd_diff,True,
601528.XSHG,cash_flow,2025-09-30,2025q3,,cash_from_borrowing,finance_cashflow_statement_current_only.csv,cash_from_borrowing,,,,,identity_q1_or_ytd_diff,False,missing_raw_value
601528.XSHG,cash_flow,2025-09-30,2025q3,,subtotal_finance_cash_inflow,finance_cashflow_statement_current_only.csv,subtotal_finance_cash_inflow,9077294000.0,5612879000.0,9077294000.0,3464415000.0,identity_q1_or_ytd_diff,True,
601528.XSHG,cash_flow,2025-09-30,2025q3,,borrowing_repayment,finance_cashflow_statement_current_only.csv,borrowing_repayment,10775140000.0,5140960000.0,10775140000.0,5634180000.0,identity_q1_or_ytd_diff,True,
601528.XSHG,cash_flow,2025-09-30,2025q3,,dividend_interest_payment,finance_cashflow_statement_current_only.csv,dividend_interest_payment,514578000.0,90940000.0,514578000.0,423638000.0,identity_q1_or_ytd_diff,True,
601528.XSHG,cash_flow,2025-09-30,2025q3,,subtotal_finance_cash_outflow,finance_cashflow_statement_current_only.csv,subtotal_finance_cash_outflow,11314917000.0,5239584000.0,11314917000.0,6075333000.0,identity_q1_or_ytd_diff,True,
601528.XSHG,cash_flow,2025-09-30,2025q3,,net_finance_cash_flow,finance_cashflow_statement_current_only.csv,net_finance_cash_flow,-2237623000.0,373295000.0,-2237623000.0,-2610918000.0,identity_q1_or_ytd_diff,True,
601528.XSHG,cash_flow,2025-09-30,2025q3,,exchange_rate_change_effect,finance_cashflow_statement_current_only.csv,exchange_rate_change_effect,6702000.0,-2669000.0,6702000.0,9371000.0,identity_q1_or_ytd_diff,True,
601528.XSHG,cash_flow,2025-09-30,2025q3,,cash_equivalent_increase,finance_cashflow_statement_current_only.csv,cash_equivalent_increase,189319000.0,-1594745000.0,189319000.0,1784064000.0,identity_q1_or_ytd_diff,True,
601528.XSHG,cash_flow,2025-09-30,2025q3,,cash_equivalents_at_beginning,finance_cashflow_statement_current_only.csv,cash_equivalents_at_beginning,6657517000.0,8441581000.0,6657517000.0,6657517000.0,identity_q1_or_ytd_diff,True,
601528.XSHG,cash_flow,2025-09-30,2025q3,,cash_and_equivalents_at_end,finance_cashflow_statement_current_only.csv,cash_and_equivalents_at_end,6846836000.0,6846836000.0,6846836000.0,8441581000.0,identity_q1_or_ytd_diff,True,
601528.XSHG,cash_flow,2025-12-31,2025q4,,net_deposit_increase,finance_cashflow_statement_current_only.csv,net_deposit_increase,15391554000.0,7887047000.0,15391554000.0,7504507000.0,identity_q1_or_ytd_diff,True,
601528.XSHG,cash_flow,2025-12-31,2025q4,,net_borrowing_from_central_bank,finance_cashflow_statement_current_only.csv,net_borrowing_from_central_bank,1100000000.0,100000000.0,1100000000.0,1000000000.0,identity_q1_or_ytd_diff,True,
601528.XSHG,cash_flow,2025-12-31,2025q4,,net_borrowing_from_finance_co,finance_cashflow_statement_current_only.csv,net_borrowing_from_finance_co,,,,,identity_q1_or_ytd_diff,False,missing_raw_value
601528.XSHG,cash_flow,2025-12-31,2025q4,,interest_and_commission_cashin,finance_cashflow_statement_current_only.csv,interest_and_commission_cashin,7423409000.0,1779800000.0,7423409000.0,5643609000.0,identity_q1_or_ytd_diff,True,
601528.XSHG,cash_flow,2025-12-31,2025q4,,net_increase_in_placements,finance_cashflow_statement_current_only.csv,net_increase_in_placements,100000000.0,-100000000.0,100000000.0,200000000.0,identity_q1_or_ytd_diff,True,
601528.XSHG,cash_flow,2025-12-31,2025q4,,net_buyback,finance_cashflow_statement_current_only.csv,net_buyback,3739169000.0,1545231000.0,3739169000.0,2193938000.0,identity_q1_or_ytd_diff,True,
601528.XSHG,cash_flow,2025-12-31,2025q4,,tax_levy_refund,finance_cashflow_statement_current_only.csv,tax_levy_refund,,,,,identity_q1_or_ytd_diff,False,missing_raw_value
601528.XSHG,cash_flow,2025-12-31,2025q4,,goods_and_services_cash_paid,finance_cashflow_statement_current_only.csv,goods_and_services_cash_paid,,,,,identity_q1_or_ytd_diff,False,missing_raw_value
601528.XSHG,cash_flow,2025-12-31,2025q4,,net_loan_and_advance_increase,finance_cashflow_statement_current_only.csv,net_loan_and_advance_increase,10688363000.0,7767706000.0,10688363000.0,2920657000.0,identity_q1_or_ytd_diff,True,
601528.XSHG,cash_flow,2025-12-31,2025q4,,net_deposit_in_cb_and_ib,finance_cashflow_statement_current_only.csv,net_deposit_in_cb_and_ib,730667000.0,377944000.0,730667000.0,352723000.0,identity_q1_or_ytd_diff,True,
601528.XSHG,cash_flow,2025-12-31,2025q4,,original_compensation_paid,finance_cashflow_statement_current_only.csv,original_compensation_paid,,,,,identity_q1_or_ytd_diff,False,missing_raw_value
601528.XSHG,cash_flow,2025-12-31,2025q4,,policy_dividend_cash_paid,finance_cashflow_statement_current_only.csv,policy_dividend_cash_paid,,,,,identity_q1_or_ytd_diff,False,missing_raw_value
601528.XSHG,cash_flow,2025-12-31,2025q4,,staff_behalf_paid,finance_cashflow_statement_current_only.csv,staff_behalf_paid,804200000.0,154156000.0,804200000.0,650044000.0,identity_q1_or_ytd_diff,True,
601528.XSHG,cash_flow,2025-12-31,2025q4,,tax_payments,finance_cashflow_statement_current_only.csv,tax_payments,395671000.0,104735000.0,395671000.0,290936000.0,identity_q1_or_ytd_diff,True,
601528.XSHG,cash_flow,2025-12-31,2025q4,,subtotal_operate_cash_inflow,finance_cashflow_statement_current_only.csv,subtotal_operate_cash_inflow,28687959000.0,11705021000.0,28687959000.0,16982938000.0,identity_q1_or_ytd_diff,True,
601528.XSHG,cash_flow,2025-12-31,2025q4,,subtotal_operate_cash_outflow,finance_cashflow_statement_current_only.csv,subtotal_operate_cash_outflow,24141904000.0,10261604000.0,24141904000.0,13880300000.0,identity_q1_or_ytd_diff,True,
601528.XSHG,cash_flow,2025-12-31,2025q4,,net_operate_cash_flow,finance_cashflow_statement_current_only.csv,net_operate_cash_flow,4546055000.0,1443417000.0,4546055000.0,3102638000.0,identity_q1_or_ytd_diff,True,
601528.XSHG,cash_flow,2025-12-31,2025q4,,invest_withdrawal_cash,finance_cashflow_statement_current_only.csv,invest_withdrawal_cash,55313283000.0,13207669000.0,55313283000.0,42105614000.0,identity_q1_or_ytd_diff,True,
601528.XSHG,cash_flow,2025-12-31,2025q4,,invest_proceeds,finance_cashflow_statement_current_only.csv,invest_proceeds,833892000.0,86164000.0,833892000.0,747728000.0,identity_q1_or_ytd_diff,True,
601528.XSHG,cash_flow,2025-12-31,2025q4,,fix_intan_other_asset_acqui_cash,finance_cashflow_statement_current_only.csv,fix_intan_other_asset_acqui_cash,54074000.0,25438000.0,54074000.0,28636000.0,identity_q1_or_ytd_diff,True,
601528.XSHG,cash_flow,2025-12-31,2025q4,,invest_cash_paid,finance_cashflow_statement_current_only.csv,invest_cash_paid,58137935000.0,14625372000.0,58137935000.0,43512563000.0,identity_q1_or_ytd_diff,True,
601528.XSHG,cash_flow,2025-12-31,2025q4,,impawned_loan_net_increase,finance_cashflow_statement_current_only.csv,impawned_loan_net_increase,,,,,identity_q1_or_ytd_diff,False,missing_raw_value
601528.XSHG,cash_flow,2025-12-31,2025q4,,subtotal_invest_cash_inflow,finance_cashflow_statement_current_only.csv,subtotal_invest_cash_inflow,56156719000.0,13297918000.0,56156719000.0,42858801000.0,identity_q1_or_ytd_diff,True,
601528.XSHG,cash_flow,2025-12-31,2025q4,,subtotal_invest_cash_outflow,finance_cashflow_statement_current_only.csv,subtotal_invest_cash_outflow,58192009000.0,14650810000.0,58192009000.0,43541199000.0,identity_q1_or_ytd_diff,True,
601528.XSHG,cash_flow,2025-12-31,2025q4,,net_invest_cash_flow,finance_cashflow_statement_current_only.csv,net_invest_cash_flow,-2035290000.0,-1352892000.0,-2035290000.0,-682398000.0,identity_q1_or_ytd_diff,True,
601528.XSHG,cash_flow,2025-12-31,2025q4,,cash_from_invest,finance_cashflow_statement_current_only.csv,cash_from_invest,,,,,identity_q1_or_ytd_diff,False,missing_raw_value
601528.XSHG,cash_flow,2025-12-31,2025q4,,cash_from_bonds_issue,finance_cashflow_statement_current_only.csv,cash_from_bonds_issue,15042688000.0,5965394000.0,15042688000.0,9077294000.0,identity_q1_or_ytd_diff,True,
601528.XSHG,cash_flow,2025-12-31,2025q4,,cash_from_borrowing,finance_cashflow_statement_current_only.csv,cash_from_borrowing,,,,,identity_q1_or_ytd_diff,False,missing_raw_value
601528.XSHG,cash_flow,2025-12-31,2025q4,,subtotal_finance_cash_inflow,finance_cashflow_statement_current_only.csv,subtotal_finance_cash_inflow,15042688000.0,5965394000.0,15042688000.0,9077294000.0,identity_q1_or_ytd_diff,True,
601528.XSHG,cash_flow,2025-12-31,2025q4,,borrowing_repayment,finance_cashflow_statement_current_only.csv,borrowing_repayment,15936194000.0,5161054000.0,15936194000.0,10775140000.0,identity_q1_or_ytd_diff,True,
601528.XSHG,cash_flow,2025-12-31,2025q4,,dividend_interest_payment,finance_cashflow_statement_current_only.csv,dividend_interest_payment,513524000.0,-1054000.0,513524000.0,514578000.0,identity_q1_or_ytd_diff,True,
601528.XSHG,cash_flow,2025-12-31,2025q4,,subtotal_finance_cash_outflow,finance_cashflow_statement_current_only.csv,subtotal_finance_cash_outflow,16480378000.0,5165461000.0,16480378000.0,11314917000.0,identity_q1_or_ytd_diff,True,
601528.XSHG,cash_flow,2025-12-31,2025q4,,net_finance_cash_flow,finance_cashflow_statement_current_only.csv,net_finance_cash_flow,-1437690000.0,799933000.0,-1437690000.0,-2237623000.0,identity_q1_or_ytd_diff,True,
601528.XSHG,cash_flow,2025-12-31,2025q4,,exchange_rate_change_effect,finance_cashflow_statement_current_only.csv,exchange_rate_change_effect,-903000.0,-7605000.0,-903000.0,6702000.0,identity_q1_or_ytd_diff,True,
601528.XSHG,cash_flow,2025-12-31,2025q4,,cash_equivalent_increase,finance_cashflow_statement_current_only.csv,cash_equivalent_increase,1072172000.0,882853000.0,1072172000.0,189319000.0,identity_q1_or_ytd_diff,True,
601528.XSHG,cash_flow,2025-12-31,2025q4,,cash_equivalents_at_beginning,finance_cashflow_statement_current_only.csv,cash_equivalents_at_beginning,6657517000.0,6846836000.0,6657517000.0,6657517000.0,identity_q1_or_ytd_diff,True,
601528.XSHG,cash_flow,2025-12-31,2025q4,,cash_and_equivalents_at_end,finance_cashflow_statement_current_only.csv,cash_and_equivalents_at_end,7729689000.0,7729689000.0,7729689000.0,6846836000.0,identity_q1_or_ytd_diff,True,
601528.XSHG,cash_flow,2026-03-31,2026q1,,net_deposit_increase,finance_cashflow_statement_current_only.csv,net_deposit_increase,5169502000.0,5169502000.0,5169502000.0,,identity_q1_or_ytd_diff,True,
601528.XSHG,cash_flow,2026-03-31,2026q1,,net_borrowing_from_central_bank,finance_cashflow_statement_current_only.csv,net_borrowing_from_central_bank,5000000000.0,5000000000.0,5000000000.0,,identity_q1_or_ytd_diff,True,
601528.XSHG,cash_flow,2026-03-31,2026q1,,net_borrowing_from_finance_co,finance_cashflow_statement_current_only.csv,net_borrowing_from_finance_co,,,,,identity_q1_or_ytd_diff,False,missing_raw_value
601528.XSHG,cash_flow,2026-03-31,2026q1,,interest_and_commission_cashin,finance_cashflow_statement_current_only.csv,interest_and_commission_cashin,1726973000.0,1726973000.0,1726973000.0,,identity_q1_or_ytd_diff,True,
601528.XSHG,cash_flow,2026-03-31,2026q1,,net_increase_in_placements,finance_cashflow_statement_current_only.csv,net_increase_in_placements,,,,,identity_q1_or_ytd_diff,False,missing_raw_value
601528.XSHG,cash_flow,2026-03-31,2026q1,,net_buyback,finance_cashflow_statement_current_only.csv,net_buyback,1374508000.0,1374508000.0,1374508000.0,,identity_q1_or_ytd_diff,True,
601528.XSHG,cash_flow,2026-03-31,2026q1,,tax_levy_refund,finance_cashflow_statement_current_only.csv,tax_levy_refund,,,,,identity_q1_or_ytd_diff,False,missing_raw_value
601528.XSHG,cash_flow,2026-03-31,2026q1,,goods_and_services_cash_paid,finance_cashflow_statement_current_only.csv,goods_and_services_cash_paid,,,,,identity_q1_or_ytd_diff,False,missing_raw_value
601528.XSHG,cash_flow,2026-03-31,2026q1,,net_loan_and_advance_increase,finance_cashflow_statement_current_only.csv,net_loan_and_advance_increase,4694552000.0,4694552000.0,4694552000.0,,identity_q1_or_ytd_diff,True,
601528.XSHG,cash_flow,2026-03-31,2026q1,,net_deposit_in_cb_and_ib,finance_cashflow_statement_current_only.csv,net_deposit_in_cb_and_ib,1273585000.0,1273585000.0,1273585000.0,,identity_q1_or_ytd_diff,True,
601528.XSHG,cash_flow,2026-03-31,2026q1,,original_compensation_paid,finance_cashflow_statement_current_only.csv,original_compensation_paid,,,,,identity_q1_or_ytd_diff,False,missing_raw_value
601528.XSHG,cash_flow,2026-03-31,2026q1,,policy_dividend_cash_paid,finance_cashflow_statement_current_only.csv,policy_dividend_cash_paid,,,,,identity_q1_or_ytd_diff,False,missing_raw_value
601528.XSHG,cash_flow,2026-03-31,2026q1,,staff_behalf_paid,finance_cashflow_statement_current_only.csv,staff_behalf_paid,264737000.0,264737000.0,264737000.0,,identity_q1_or_ytd_diff,True,
601528.XSHG,cash_flow,2026-03-31,2026q1,,tax_payments,finance_cashflow_statement_current_only.csv,tax_payments,83877000.0,83877000.0,83877000.0,,identity_q1_or_ytd_diff,True,
601528.XSHG,cash_flow,2026-03-31,2026q1,,subtotal_operate_cash_inflow,finance_cashflow_statement_current_only.csv,subtotal_operate_cash_inflow,14298998000.0,14298998000.0,14298998000.0,,identity_q1_or_ytd_diff,True,
601528.XSHG,cash_flow,2026-03-31,2026q1,,subtotal_operate_cash_outflow,finance_cashflow_statement_current_only.csv,subtotal_operate_cash_outflow,8718119000.0,8718119000.0,8718119000.0,,identity_q1_or_ytd_diff,True,
601528.XSHG,cash_flow,2026-03-31,2026q1,,net_operate_cash_flow,finance_cashflow_statement_current_only.csv,net_operate_cash_flow,5580879000.0,5580879000.0,5580879000.0,,identity_q1_or_ytd_diff,True,
601528.XSHG,cash_flow,2026-03-31,2026q1,,invest_withdrawal_cash,finance_cashflow_statement_current_only.csv,invest_withdrawal_cash,8695390000.0,8695390000.0,8695390000.0,,identity_q1_or_ytd_diff,True,
601528.XSHG,cash_flow,2026-03-31,2026q1,,invest_proceeds,finance_cashflow_statement_current_only.csv,invest_proceeds,86971000.0,86971000.0,86971000.0,,identity_q1_or_ytd_diff,True,
601528.XSHG,cash_flow,2026-03-31,2026q1,,fix_intan_other_asset_acqui_cash,finance_cashflow_statement_current_only.csv,fix_intan_other_asset_acqui_cash,9762000.0,9762000.0,9762000.0,,identity_q1_or_ytd_diff,True,
601528.XSHG,cash_flow,2026-03-31,2026q1,,invest_cash_paid,finance_cashflow_statement_current_only.csv,invest_cash_paid,14764762000.0,14764762000.0,14764762000.0,,identity_q1_or_ytd_diff,True,
601528.XSHG,cash_flow,2026-03-31,2026q1,,impawned_loan_net_increase,finance_cashflow_statement_current_only.csv,impawned_loan_net_increase,,,,,identity_q1_or_ytd_diff,False,missing_raw_value
601528.XSHG,cash_flow,2026-03-31,2026q1,,subtotal_invest_cash_inflow,finance_cashflow_statement_current_only.csv,subtotal_invest_cash_inflow,8788399000.0,8788399000.0,8788399000.0,,identity_q1_or_ytd_diff,True,
601528.XSHG,cash_flow,2026-03-31,2026q1,,subtotal_invest_cash_outflow,finance_cashflow_statement_current_only.csv,subtotal_invest_cash_outflow,14774524000.0,14774524000.0,14774524000.0,,identity_q1_or_ytd_diff,True,
601528.XSHG,cash_flow,2026-03-31,2026q1,,net_invest_cash_flow,finance_cashflow_statement_current_only.csv,net_invest_cash_flow,-5986125000.0,-5986125000.0,-5986125000.0,,identity_q1_or_ytd_diff,True,
601528.XSHG,cash_flow,2026-03-31,2026q1,,cash_from_invest,finance_cashflow_statement_current_only.csv,cash_from_invest,,,,,identity_q1_or_ytd_diff,False,missing_raw_value
601528.XSHG,cash_flow,2026-03-31,2026q1,,cash_from_bonds_issue,finance_cashflow_statement_current_only.csv,cash_from_bonds_issue,5387541000.0,5387541000.0,5387541000.0,,identity_q1_or_ytd_diff,True,
601528.XSHG,cash_flow,2026-03-31,2026q1,,cash_from_borrowing,finance_cashflow_statement_current_only.csv,cash_from_borrowing,,,,,identity_q1_or_ytd_diff,False,missing_raw_value
601528.XSHG,cash_flow,2026-03-31,2026q1,,subtotal_finance_cash_inflow,finance_cashflow_statement_current_only.csv,subtotal_finance_cash_inflow,5387541000.0,5387541000.0,5387541000.0,,identity_q1_or_ytd_diff,True,
601528.XSHG,cash_flow,2026-03-31,2026q1,,borrowing_repayment,finance_cashflow_statement_current_only.csv,borrowing_repayment,4426494000.0,4426494000.0,4426494000.0,,identity_q1_or_ytd_diff,True,
601528.XSHG,cash_flow,2026-03-31,2026q1,,dividend_interest_payment,finance_cashflow_statement_current_only.csv,dividend_interest_payment,9574000.0,9574000.0,9574000.0,,identity_q1_or_ytd_diff,True,
601528.XSHG,cash_flow,2026-03-31,2026q1,,subtotal_finance_cash_outflow,finance_cashflow_statement_current_only.csv,subtotal_finance_cash_outflow,4448529000.0,4448529000.0,4448529000.0,,identity_q1_or_ytd_diff,True,
601528.XSHG,cash_flow,2026-03-31,2026q1,,net_finance_cash_flow,finance_cashflow_statement_current_only.csv,net_finance_cash_flow,939012000.0,939012000.0,939012000.0,,identity_q1_or_ytd_diff,True,
601528.XSHG,cash_flow,2026-03-31,2026q1,,exchange_rate_change_effect,finance_cashflow_statement_current_only.csv,exchange_rate_change_effect,-7043000.0,-7043000.0,-7043000.0,,identity_q1_or_ytd_diff,True,
601528.XSHG,cash_flow,2026-03-31,2026q1,,cash_equivalent_increase,finance_cashflow_statement_current_only.csv,cash_equivalent_increase,526723000.0,526723000.0,526723000.0,,identity_q1_or_ytd_diff,True,
601528.XSHG,cash_flow,2026-03-31,2026q1,,cash_equivalents_at_beginning,finance_cashflow_statement_current_only.csv,cash_equivalents_at_beginning,7729689000.0,7729689000.0,7729689000.0,,identity_q1_or_ytd_diff,True,
601528.XSHG,cash_flow,2026-03-31,2026q1,,cash_and_equivalents_at_end,finance_cashflow_statement_current_only.csv,cash_and_equivalents_at_end,8256412000.0,8256412000.0,8256412000.0,,identity_q1_or_ytd_diff,True,
601528.XSHG,cash_flow,2026-06-30,2026q2,,net_deposit_increase,,net_deposit_increase,,,,,identity_q1_or_ytd_diff,False,outside_current_available_window
601528.XSHG,cash_flow,2026-06-30,2026q2,,net_borrowing_from_central_bank,,net_borrowing_from_central_bank,,,,,identity_q1_or_ytd_diff,False,outside_current_available_window
601528.XSHG,cash_flow,2026-06-30,2026q2,,net_borrowing_from_finance_co,,net_borrowing_from_finance_co,,,,,identity_q1_or_ytd_diff,False,outside_current_available_window
601528.XSHG,cash_flow,2026-06-30,2026q2,,interest_and_commission_cashin,,interest_and_commission_cashin,,,,,identity_q1_or_ytd_diff,False,outside_current_available_window
601528.XSHG,cash_flow,2026-06-30,2026q2,,net_increase_in_placements,,net_increase_in_placements,,,,,identity_q1_or_ytd_diff,False,outside_current_available_window
601528.XSHG,cash_flow,2026-06-30,2026q2,,net_buyback,,net_buyback,,,,,identity_q1_or_ytd_diff,False,outside_current_available_window
601528.XSHG,cash_flow,2026-06-30,2026q2,,tax_levy_refund,,tax_levy_refund,,,,,identity_q1_or_ytd_diff,False,outside_current_available_window
601528.XSHG,cash_flow,2026-06-30,2026q2,,goods_and_services_cash_paid,,goods_and_services_cash_paid,,,,,identity_q1_or_ytd_diff,False,outside_current_available_window
601528.XSHG,cash_flow,2026-06-30,2026q2,,net_loan_and_advance_increase,,net_loan_and_advance_increase,,,,,identity_q1_or_ytd_diff,False,outside_current_available_window
601528.XSHG,cash_flow,2026-06-30,2026q2,,net_deposit_in_cb_and_ib,,net_deposit_in_cb_and_ib,,,,,identity_q1_or_ytd_diff,False,outside_current_available_window
601528.XSHG,cash_flow,2026-06-30,2026q2,,original_compensation_paid,,original_compensation_paid,,,,,identity_q1_or_ytd_diff,False,outside_current_available_window
601528.XSHG,cash_flow,2026-06-30,2026q2,,policy_dividend_cash_paid,,policy_dividend_cash_paid,,,,,identity_q1_or_ytd_diff,False,outside_current_available_window
601528.XSHG,cash_flow,2026-06-30,2026q2,,staff_behalf_paid,,staff_behalf_paid,,,,,identity_q1_or_ytd_diff,False,outside_current_available_window
601528.XSHG,cash_flow,2026-06-30,2026q2,,tax_payments,,tax_payments,,,,,identity_q1_or_ytd_diff,False,outside_current_available_window
601528.XSHG,cash_flow,2026-06-30,2026q2,,subtotal_operate_cash_inflow,,subtotal_operate_cash_inflow,,,,,identity_q1_or_ytd_diff,False,outside_current_available_window
601528.XSHG,cash_flow,2026-06-30,2026q2,,subtotal_operate_cash_outflow,,subtotal_operate_cash_outflow,,,,,identity_q1_or_ytd_diff,False,outside_current_available_window
601528.XSHG,cash_flow,2026-06-30,2026q2,,net_operate_cash_flow,,net_operate_cash_flow,,,,,identity_q1_or_ytd_diff,False,outside_current_available_window
601528.XSHG,cash_flow,2026-06-30,2026q2,,invest_withdrawal_cash,,invest_withdrawal_cash,,,,,identity_q1_or_ytd_diff,False,outside_current_available_window
601528.XSHG,cash_flow,2026-06-30,2026q2,,invest_proceeds,,invest_proceeds,,,,,identity_q1_or_ytd_diff,False,outside_current_available_window
601528.XSHG,cash_flow,2026-06-30,2026q2,,fix_intan_other_asset_acqui_cash,,fix_intan_other_asset_acqui_cash,,,,,identity_q1_or_ytd_diff,False,outside_current_available_window
601528.XSHG,cash_flow,2026-06-30,2026q2,,invest_cash_paid,,invest_cash_paid,,,,,identity_q1_or_ytd_diff,False,outside_current_available_window
601528.XSHG,cash_flow,2026-06-30,2026q2,,impawned_loan_net_increase,,impawned_loan_net_increase,,,,,identity_q1_or_ytd_diff,False,outside_current_available_window
601528.XSHG,cash_flow,2026-06-30,2026q2,,subtotal_invest_cash_inflow,,subtotal_invest_cash_inflow,,,,,identity_q1_or_ytd_diff,False,outside_current_available_window
601528.XSHG,cash_flow,2026-06-30,2026q2,,subtotal_invest_cash_outflow,,subtotal_invest_cash_outflow,,,,,identity_q1_or_ytd_diff,False,outside_current_available_window
601528.XSHG,cash_flow,2026-06-30,2026q2,,net_invest_cash_flow,,net_invest_cash_flow,,,,,identity_q1_or_ytd_diff,False,outside_current_available_window
601528.XSHG,cash_flow,2026-06-30,2026q2,,cash_from_invest,,cash_from_invest,,,,,identity_q1_or_ytd_diff,False,outside_current_available_window
601528.XSHG,cash_flow,2026-06-30,2026q2,,cash_from_bonds_issue,,cash_from_bonds_issue,,,,,identity_q1_or_ytd_diff,False,outside_current_available_window
601528.XSHG,cash_flow,2026-06-30,2026q2,,cash_from_borrowing,,cash_from_borrowing,,,,,identity_q1_or_ytd_diff,False,outside_current_available_window
601528.XSHG,cash_flow,2026-06-30,2026q2,,subtotal_finance_cash_inflow,,subtotal_finance_cash_inflow,,,,,identity_q1_or_ytd_diff,False,outside_current_available_window
601528.XSHG,cash_flow,2026-06-30,2026q2,,borrowing_repayment,,borrowing_repayment,,,,,identity_q1_or_ytd_diff,False,outside_current_available_window
601528.XSHG,cash_flow,2026-06-30,2026q2,,dividend_interest_payment,,dividend_interest_payment,,,,,identity_q1_or_ytd_diff,False,outside_current_available_window
601528.XSHG,cash_flow,2026-06-30,2026q2,,subtotal_finance_cash_outflow,,subtotal_finance_cash_outflow,,,,,identity_q1_or_ytd_diff,False,outside_current_available_window
601528.XSHG,cash_flow,2026-06-30,2026q2,,net_finance_cash_flow,,net_finance_cash_flow,,,,,identity_q1_or_ytd_diff,False,outside_current_available_window
601528.XSHG,cash_flow,2026-06-30,2026q2,,exchange_rate_change_effect,,exchange_rate_change_effect,,,,,identity_q1_or_ytd_diff,False,outside_current_available_window
601528.XSHG,cash_flow,2026-06-30,2026q2,,cash_equivalent_increase,,cash_equivalent_increase,,,,,identity_q1_or_ytd_diff,False,outside_current_available_window
601528.XSHG,cash_flow,2026-06-30,2026q2,,cash_equivalents_at_beginning,,cash_equivalents_at_beginning,,,,,identity_q1_or_ytd_diff,False,outside_current_available_window
601528.XSHG,cash_flow,2026-06-30,2026q2,,cash_and_equivalents_at_end,,cash_and_equivalents_at_end,,,,,identity_q1_or_ytd_diff,False,outside_current_available_window
601528.XSHG,cash_flow,2026-09-30,2026q3,,net_deposit_increase,,net_deposit_increase,,,,,identity_q1_or_ytd_diff,False,outside_current_available_window
601528.XSHG,cash_flow,2026-09-30,2026q3,,net_borrowing_from_central_bank,,net_borrowing_from_central_bank,,,,,identity_q1_or_ytd_diff,False,outside_current_available_window
601528.XSHG,cash_flow,2026-09-30,2026q3,,net_borrowing_from_finance_co,,net_borrowing_from_finance_co,,,,,identity_q1_or_ytd_diff,False,outside_current_available_window
601528.XSHG,cash_flow,2026-09-30,2026q3,,interest_and_commission_cashin,,interest_and_commission_cashin,,,,,identity_q1_or_ytd_diff,False,outside_current_available_window
601528.XSHG,cash_flow,2026-09-30,2026q3,,net_increase_in_placements,,net_increase_in_placements,,,,,identity_q1_or_ytd_diff,False,outside_current_available_window
601528.XSHG,cash_flow,2026-09-30,2026q3,,net_buyback,,net_buyback,,,,,identity_q1_or_ytd_diff,False,outside_current_available_window
601528.XSHG,cash_flow,2026-09-30,2026q3,,tax_levy_refund,,tax_levy_refund,,,,,identity_q1_or_ytd_diff,False,outside_current_available_window
601528.XSHG,cash_flow,2026-09-30,2026q3,,goods_and_services_cash_paid,,goods_and_services_cash_paid,,,,,identity_q1_or_ytd_diff,False,outside_current_available_window
601528.XSHG,cash_flow,2026-09-30,2026q3,,net_loan_and_advance_increase,,net_loan_and_advance_increase,,,,,identity_q1_or_ytd_diff,False,outside_current_available_window
601528.XSHG,cash_flow,2026-09-30,2026q3,,net_deposit_in_cb_and_ib,,net_deposit_in_cb_and_ib,,,,,identity_q1_or_ytd_diff,False,outside_current_available_window
601528.XSHG,cash_flow,2026-09-30,2026q3,,original_compensation_paid,,original_compensation_paid,,,,,identity_q1_or_ytd_diff,False,outside_current_available_window
601528.XSHG,cash_flow,2026-09-30,2026q3,,policy_dividend_cash_paid,,policy_dividend_cash_paid,,,,,identity_q1_or_ytd_diff,False,outside_current_available_window
601528.XSHG,cash_flow,2026-09-30,2026q3,,staff_behalf_paid,,staff_behalf_paid,,,,,identity_q1_or_ytd_diff,False,outside_current_available_window
601528.XSHG,cash_flow,2026-09-30,2026q3,,tax_payments,,tax_payments,,,,,identity_q1_or_ytd_diff,False,outside_current_available_window
601528.XSHG,cash_flow,2026-09-30,2026q3,,subtotal_operate_cash_inflow,,subtotal_operate_cash_inflow,,,,,identity_q1_or_ytd_diff,False,outside_current_available_window
601528.XSHG,cash_flow,2026-09-30,2026q3,,subtotal_operate_cash_outflow,,subtotal_operate_cash_outflow,,,,,identity_q1_or_ytd_diff,False,outside_current_available_window
601528.XSHG,cash_flow,2026-09-30,2026q3,,net_operate_cash_flow,,net_operate_cash_flow,,,,,identity_q1_or_ytd_diff,False,outside_current_available_window
601528.XSHG,cash_flow,2026-09-30,2026q3,,invest_withdrawal_cash,,invest_withdrawal_cash,,,,,identity_q1_or_ytd_diff,False,outside_current_available_window
601528.XSHG,cash_flow,2026-09-30,2026q3,,invest_proceeds,,invest_proceeds,,,,,identity_q1_or_ytd_diff,False,outside_current_available_window
601528.XSHG,cash_flow,2026-09-30,2026q3,,fix_intan_other_asset_acqui_cash,,fix_intan_other_asset_acqui_cash,,,,,identity_q1_or_ytd_diff,False,outside_current_available_window
601528.XSHG,cash_flow,2026-09-30,2026q3,,invest_cash_paid,,invest_cash_paid,,,,,identity_q1_or_ytd_diff,False,outside_current_available_window
601528.XSHG,cash_flow,2026-09-30,2026q3,,impawned_loan_net_increase,,impawned_loan_net_increase,,,,,identity_q1_or_ytd_diff,False,outside_current_available_window
601528.XSHG,cash_flow,2026-09-30,2026q3,,subtotal_invest_cash_inflow,,subtotal_invest_cash_inflow,,,,,identity_q1_or_ytd_diff,False,outside_current_available_window
601528.XSHG,cash_flow,2026-09-30,2026q3,,subtotal_invest_cash_outflow,,subtotal_invest_cash_outflow,,,,,identity_q1_or_ytd_diff,False,outside_current_available_window
601528.XSHG,cash_flow,2026-09-30,2026q3,,net_invest_cash_flow,,net_invest_cash_flow,,,,,identity_q1_or_ytd_diff,False,outside_current_available_window
601528.XSHG,cash_flow,2026-09-30,2026q3,,cash_from_invest,,cash_from_invest,,,,,identity_q1_or_ytd_diff,False,outside_current_available_window
601528.XSHG,cash_flow,2026-09-30,2026q3,,cash_from_bonds_issue,,cash_from_bonds_issue,,,,,identity_q1_or_ytd_diff,False,outside_current_available_window
601528.XSHG,cash_flow,2026-09-30,2026q3,,cash_from_borrowing,,cash_from_borrowing,,,,,identity_q1_or_ytd_diff,False,outside_current_available_window
601528.XSHG,cash_flow,2026-09-30,2026q3,,subtotal_finance_cash_inflow,,subtotal_finance_cash_inflow,,,,,identity_q1_or_ytd_diff,False,outside_current_available_window
601528.XSHG,cash_flow,2026-09-30,2026q3,,borrowing_repayment,,borrowing_repayment,,,,,identity_q1_or_ytd_diff,False,outside_current_available_window
601528.XSHG,cash_flow,2026-09-30,2026q3,,dividend_interest_payment,,dividend_interest_payment,,,,,identity_q1_or_ytd_diff,False,outside_current_available_window
601528.XSHG,cash_flow,2026-09-30,2026q3,,subtotal_finance_cash_outflow,,subtotal_finance_cash_outflow,,,,,identity_q1_or_ytd_diff,False,outside_current_available_window
601528.XSHG,cash_flow,2026-09-30,2026q3,,net_finance_cash_flow,,net_finance_cash_flow,,,,,identity_q1_or_ytd_diff,False,outside_current_available_window
601528.XSHG,cash_flow,2026-09-30,2026q3,,exchange_rate_change_effect,,exchange_rate_change_effect,,,,,identity_q1_or_ytd_diff,False,outside_current_available_window
601528.XSHG,cash_flow,2026-09-30,2026q3,,cash_equivalent_increase,,cash_equivalent_increase,,,,,identity_q1_or_ytd_diff,False,outside_current_available_window
601528.XSHG,cash_flow,2026-09-30,2026q3,,cash_equivalents_at_beginning,,cash_equivalents_at_beginning,,,,,identity_q1_or_ytd_diff,False,outside_current_available_window
601528.XSHG,cash_flow,2026-09-30,2026q3,,cash_and_equivalents_at_end,,cash_and_equivalents_at_end,,,,,identity_q1_or_ytd_diff,False,outside_current_available_window
601528.XSHG,cash_flow,2026-12-31,2026q4,,net_deposit_increase,,net_deposit_increase,,,,,identity_q1_or_ytd_diff,False,outside_current_available_window
601528.XSHG,cash_flow,2026-12-31,2026q4,,net_borrowing_from_central_bank,,net_borrowing_from_central_bank,,,,,identity_q1_or_ytd_diff,False,outside_current_available_window
601528.XSHG,cash_flow,2026-12-31,2026q4,,net_borrowing_from_finance_co,,net_borrowing_from_finance_co,,,,,identity_q1_or_ytd_diff,False,outside_current_available_window
601528.XSHG,cash_flow,2026-12-31,2026q4,,interest_and_commission_cashin,,interest_and_commission_cashin,,,,,identity_q1_or_ytd_diff,False,outside_current_available_window
601528.XSHG,cash_flow,2026-12-31,2026q4,,net_increase_in_placements,,net_increase_in_placements,,,,,identity_q1_or_ytd_diff,False,outside_current_available_window
601528.XSHG,cash_flow,2026-12-31,2026q4,,net_buyback,,net_buyback,,,,,identity_q1_or_ytd_diff,False,outside_current_available_window
601528.XSHG,cash_flow,2026-12-31,2026q4,,tax_levy_refund,,tax_levy_refund,,,,,identity_q1_or_ytd_diff,False,outside_current_available_window
601528.XSHG,cash_flow,2026-12-31,2026q4,,goods_and_services_cash_paid,,goods_and_services_cash_paid,,,,,identity_q1_or_ytd_diff,False,outside_current_available_window
601528.XSHG,cash_flow,2026-12-31,2026q4,,net_loan_and_advance_increase,,net_loan_and_advance_increase,,,,,identity_q1_or_ytd_diff,False,outside_current_available_window
601528.XSHG,cash_flow,2026-12-31,2026q4,,net_deposit_in_cb_and_ib,,net_deposit_in_cb_and_ib,,,,,identity_q1_or_ytd_diff,False,outside_current_available_window
601528.XSHG,cash_flow,2026-12-31,2026q4,,original_compensation_paid,,original_compensation_paid,,,,,identity_q1_or_ytd_diff,False,outside_current_available_window
601528.XSHG,cash_flow,2026-12-31,2026q4,,policy_dividend_cash_paid,,policy_dividend_cash_paid,,,,,identity_q1_or_ytd_diff,False,outside_current_available_window
601528.XSHG,cash_flow,2026-12-31,2026q4,,staff_behalf_paid,,staff_behalf_paid,,,,,identity_q1_or_ytd_diff,False,outside_current_available_window
601528.XSHG,cash_flow,2026-12-31,2026q4,,tax_payments,,tax_payments,,,,,identity_q1_or_ytd_diff,False,outside_current_available_window
601528.XSHG,cash_flow,2026-12-31,2026q4,,subtotal_operate_cash_inflow,,subtotal_operate_cash_inflow,,,,,identity_q1_or_ytd_diff,False,outside_current_available_window
601528.XSHG,cash_flow,2026-12-31,2026q4,,subtotal_operate_cash_outflow,,subtotal_operate_cash_outflow,,,,,identity_q1_or_ytd_diff,False,outside_current_available_window
601528.XSHG,cash_flow,2026-12-31,2026q4,,net_operate_cash_flow,,net_operate_cash_flow,,,,,identity_q1_or_ytd_diff,False,outside_current_available_window
601528.XSHG,cash_flow,2026-12-31,2026q4,,invest_withdrawal_cash,,invest_withdrawal_cash,,,,,identity_q1_or_ytd_diff,False,outside_current_available_window
601528.XSHG,cash_flow,2026-12-31,2026q4,,invest_proceeds,,invest_proceeds,,,,,identity_q1_or_ytd_diff,False,outside_current_available_window
601528.XSHG,cash_flow,2026-12-31,2026q4,,fix_intan_other_asset_acqui_cash,,fix_intan_other_asset_acqui_cash,,,,,identity_q1_or_ytd_diff,False,outside_current_available_window
601528.XSHG,cash_flow,2026-12-31,2026q4,,invest_cash_paid,,invest_cash_paid,,,,,identity_q1_or_ytd_diff,False,outside_current_available_window
601528.XSHG,cash_flow,2026-12-31,2026q4,,impawned_loan_net_increase,,impawned_loan_net_increase,,,,,identity_q1_or_ytd_diff,False,outside_current_available_window
601528.XSHG,cash_flow,2026-12-31,2026q4,,subtotal_invest_cash_inflow,,subtotal_invest_cash_inflow,,,,,identity_q1_or_ytd_diff,False,outside_current_available_window
601528.XSHG,cash_flow,2026-12-31,2026q4,,subtotal_invest_cash_outflow,,subtotal_invest_cash_outflow,,,,,identity_q1_or_ytd_diff,False,outside_current_available_window
601528.XSHG,cash_flow,2026-12-31,2026q4,,net_invest_cash_flow,,net_invest_cash_flow,,,,,identity_q1_or_ytd_diff,False,outside_current_available_window
601528.XSHG,cash_flow,2026-12-31,2026q4,,cash_from_invest,,cash_from_invest,,,,,identity_q1_or_ytd_diff,False,outside_current_available_window
601528.XSHG,cash_flow,2026-12-31,2026q4,,cash_from_bonds_issue,,cash_from_bonds_issue,,,,,identity_q1_or_ytd_diff,False,outside_current_available_window
601528.XSHG,cash_flow,2026-12-31,2026q4,,cash_from_borrowing,,cash_from_borrowing,,,,,identity_q1_or_ytd_diff,False,outside_current_available_window
601528.XSHG,cash_flow,2026-12-31,2026q4,,subtotal_finance_cash_inflow,,subtotal_finance_cash_inflow,,,,,identity_q1_or_ytd_diff,False,outside_current_available_window
601528.XSHG,cash_flow,2026-12-31,2026q4,,borrowing_repayment,,borrowing_repayment,,,,,identity_q1_or_ytd_diff,False,outside_current_available_window
601528.XSHG,cash_flow,2026-12-31,2026q4,,dividend_interest_payment,,dividend_interest_payment,,,,,identity_q1_or_ytd_diff,False,outside_current_available_window
601528.XSHG,cash_flow,2026-12-31,2026q4,,subtotal_finance_cash_outflow,,subtotal_finance_cash_outflow,,,,,identity_q1_or_ytd_diff,False,outside_current_available_window
601528.XSHG,cash_flow,2026-12-31,2026q4,,net_finance_cash_flow,,net_finance_cash_flow,,,,,identity_q1_or_ytd_diff,False,outside_current_available_window
601528.XSHG,cash_flow,2026-12-31,2026q4,,exchange_rate_change_effect,,exchange_rate_change_effect,,,,,identity_q1_or_ytd_diff,False,outside_current_available_window
601528.XSHG,cash_flow,2026-12-31,2026q4,,cash_equivalent_increase,,cash_equivalent_increase,,,,,identity_q1_or_ytd_diff,False,outside_current_available_window
601528.XSHG,cash_flow,2026-12-31,2026q4,,cash_equivalents_at_beginning,,cash_equivalents_at_beginning,,,,,identity_q1_or_ytd_diff,False,outside_current_available_window
601528.XSHG,cash_flow,2026-12-31,2026q4,,cash_and_equivalents_at_end,,cash_and_equivalents_at_end,,,,,identity_q1_or_ytd_diff,False,outside_current_available_window
